source_id,mto_make_code,mto_model_code,source_vehicle_classes,first_report_year,last_report_year,observed_report_editions,report_years,model_year_from,model_year_to,observed_model_years,source_rows_across_editions,fit_active_stock_across_editions,latest_report_year,latest_fit_active_stock,highest_confidence_candidate,vpic_second_pass_candidate,vpic_second_pass_reason,other_potential_candidates,canonical_make,candidate_pass_agreement,agreed_model_candidate,manual_promotion_eligible,manual_evidence_disposition,notes,source -> data_source
ontario_ministry_transport_vehicle_population,FORD,COF,COMMERCIAL | PASSENGER,2014,2025,11,2014 | 2016 | 2017 | 2018 | 2019 | 2020 | 2021 | 2022 | 2023 | 2024 | 2025,1932,2026,71,1172,3279072,2025,318398,F-Series,F-150,Generic Ontario code spans multiple vPIC models; this is the closest family match.,F-150 | F-250/F-350 Super Duty | F-650/F-750,Ford,disagreement,,false,superseded_high_stock_reaudit,Latest-active reviewed MTO key; pass agreement is recomputed using case-insensitive model-family equivalence.,Reviewed two-pass MTO make/model inference using NCIC model-code abbreviations and NHTSA vPIC make/model examples (2026-08-12).
ontario_ministry_transport_vehicle_population,HOND,UDY,PASSENGER,2014,2025,11,2014 | 2016 | 2017 | 2018 | 2019 | 2020 | 2021 | 2022 | 2023 | 2024 | 2025,1999,2026,28,252,1670537,2025,253672,Odyssey,Odyssey,,,Honda,agreement,Odyssey,false,superseded_high_stock_reaudit,Latest-active reviewed MTO key; pass agreement is recomputed using case-insensitive model-family equivalence.,Reviewed two-pass MTO make/model inference using NCIC model-code abbreviations and NHTSA vPIC make/model examples (2026-08-12).
ontario_ministry_transport_vehicle_population,FORD,SPE,COMMERCIAL | PASSENGER,2014,2025,11,2014 | 2016 | 2017 | 2018 | 2019 | 2020 | 2021 | 2022 | 2023 | 2024 | 2025,1913,2026,42,632,2086295,2025,196383,Model unresolved (generic 'Special' code),Model unresolved,"vPIC lists many models, while Ontario uses a generic special-vehicle code.",F-Series | Econoline/E-Series | passenger model,Ford,agreement,Model unresolved,false,superseded_high_stock_reaudit,Latest-active reviewed MTO key; pass agreement is recomputed using case-insensitive model-family equivalence.,Reviewed two-pass MTO make/model inference using NCIC model-code abbreviations and NHTSA vPIC make/model examples (2026-08-12).
ontario_ministry_transport_vehicle_population,GMC,SIE,COMMERCIAL,2014,2025,11,2014 | 2016 | 2017 | 2018 | 2019 | 2020 | 2021 | 2022 | 2023 | 2024 | 2025,1952,2026,61,606,1962550,2025,191832,Sierra,Sierra,,,GMC,agreement,Sierra,false,superseded_high_stock_reaudit,Latest-active reviewed MTO key; pass agreement is recomputed using case-insensitive model-family equivalence.,Reviewed two-pass MTO make/model inference using NCIC model-code abbreviations and NHTSA vPIC make/model examples (2026-08-12).
ontario_ministry_transport_vehicle_population,RAM,RTR,COMMERCIAL,2014,2025,11,2014 | 2016 | 2017 | 2018 | 2019 | 2020 | 2021 | 2022 | 2023 | 2024 | 2025,2013,2026,14,98,1608809,2025,187980,1500,1500,,2500 | 3500,Ram,agreement,1500,false,superseded_high_stock_reaudit,Latest-active reviewed MTO key; pass agreement is recomputed using case-insensitive model-family equivalence.,Reviewed two-pass MTO make/model inference using NCIC model-code abbreviations and NHTSA vPIC make/model examples (2026-08-12).
ontario_ministry_transport_vehicle_population,CHEV,SIL,COMMERCIAL,2014,2025,11,2014 | 2016 | 2017 | 2018 | 2019 | 2020 | 2021 | 2022 | 2023 | 2024 | 2025,1924,2026,59,557,1856288,2025,181155,Silverado,Silverado,,,Chevrolet,agreement,Silverado,false,superseded_high_stock_reaudit,Latest-active reviewed MTO key; pass agreement is recomputed using case-insensitive model-family equivalence.,Reviewed two-pass MTO make/model inference using NCIC model-code abbreviations and NHTSA vPIC make/model examples (2026-08-12).
ontario_ministry_transport_vehicle_population,DODG,CAR,COMMERCIAL | PASSENGER,2014,2025,11,2014 | 2016 | 2017 | 2018 | 2019 | 2020 | 2021 | 2022 | 2023 | 2024 | 2025,1951,2020,61,1158,2529124,2025,180129,Caravan,Caravan,,Grand Caravan,Dodge,agreement,Caravan,false,superseded_high_stock_reaudit,Latest-active reviewed MTO key; pass agreement is recomputed using case-insensitive model-family equivalence.,Reviewed two-pass MTO make/model inference using NCIC model-code abbreviations and NHTSA vPIC make/model examples (2026-08-12).
ontario_ministry_transport_vehicle_population,TOYT,RV4,PASSENGER,2014,2025,11,2014 | 2016 | 2017 | 2018 | 2019 | 2020 | 2021 | 2022 | 2023 | 2024 | 2025,1996,2023,20,194,1345983,2025,156195,RAV4,RAV4,,,Toyota,agreement,RAV4,false,superseded_high_stock_reaudit,Latest-active reviewed MTO key; pass agreement is recomputed using case-insensitive model-family equivalence.,Reviewed two-pass MTO make/model inference using NCIC model-code abbreviations and NHTSA vPIC make/model examples (2026-08-12).
ontario_ministry_transport_vehicle_population,HYUN,TUC,PASSENGER,2014,2025,11,2014 | 2016 | 2017 | 2018 | 2019 | 2020 | 2021 | 2022 | 2023 | 2024 | 2025,2005,2026,22,186,894796,2025,121180,Tucson,Tucson,,,Hyundai,agreement,Tucson,false,superseded_high_stock_reaudit,Latest-active reviewed MTO key; pass agreement is recomputed using case-insensitive model-family equivalence.,Reviewed two-pass MTO make/model inference using NCIC model-code abbreviations and NHTSA vPIC make/model examples (2026-08-12).
ontario_ministry_transport_vehicle_population,NISS,ROG,PASSENGER,2014,2025,11,2014 | 2016 | 2017 | 2018 | 2019 | 2020 | 2021 | 2022 | 2023 | 2024 | 2025,2008,2026,17,147,1147867,2025,120467,Rogue,Rogue,,,Nissan,agreement,Rogue,false,superseded_high_stock_reaudit,Latest-active reviewed MTO key; pass agreement is recomputed using case-insensitive model-family equivalence.,Reviewed two-pass MTO make/model inference using NCIC model-code abbreviations and NHTSA vPIC make/model examples (2026-08-12).
ontario_ministry_transport_vehicle_population,MAZD,CX5,PASSENGER,2014,2025,11,2014 | 2016 | 2017 | 2018 | 2019 | 2020 | 2021 | 2022 | 2023 | 2024 | 2025,2003,2025,14,98,681509,2025,109111,CX-5,CX-5,,,Mazda,agreement,CX-5,false,superseded_high_stock_reaudit,Latest-active reviewed MTO key; pass agreement is recomputed using case-insensitive model-family equivalence.,Reviewed two-pass MTO make/model inference using NCIC model-code abbreviations and NHTSA vPIC make/model examples (2026-08-12).
ontario_ministry_transport_vehicle_population,HOND,CRV,PASSENGER,2014,2025,11,2014 | 2016 | 2017 | 2018 | 2019 | 2020 | 2021 | 2022 | 2023 | 2024 | 2025,1995,2025,31,287,1345588,2025,107928,CR-V,CR-V,,,Honda,agreement,CR-V,false,superseded_high_stock_reaudit,Latest-active reviewed MTO key; pass agreement is recomputed using case-insensitive model-family equivalence.,Reviewed two-pass MTO make/model inference using NCIC model-code abbreviations and NHTSA vPIC make/model examples (2026-08-12).
ontario_ministry_transport_vehicle_population,HOND,UCL,PASSENGER,2014,2025,11,2014 | 2016 | 2017 | 2018 | 2019 | 2020 | 2021 | 2022 | 2023 | 2024 | 2025,1988,2021,34,358,1202674,2025,107777,Civic,Civic,,,Honda,agreement,Civic,false,superseded_high_stock_reaudit,Latest-active reviewed MTO key; pass agreement is recomputed using case-insensitive model-family equivalence.,Reviewed two-pass MTO make/model inference using NCIC model-code abbreviations and NHTSA vPIC make/model examples (2026-08-12).
ontario_ministry_transport_vehicle_population,TOYT,RAV,PASSENGER,2022,2025,4,2022 | 2023 | 2024 | 2025,1994,2025,19,69,248975,2025,106013,RAV4,RAV4,,,Toyota,agreement,RAV4,false,superseded_high_stock_reaudit,Latest-active reviewed MTO key; pass agreement is recomputed using case-insensitive model-family equivalence.,Reviewed two-pass MTO make/model inference using NCIC model-code abbreviations and NHTSA vPIC make/model examples (2026-08-12).
ontario_ministry_transport_vehicle_population,TOYT,MTL,PASSENGER,2014,2025,11,2014 | 2016 | 2017 | 2018 | 2019 | 2020 | 2021 | 2022 | 2023 | 2024 | 2025,2014,2022,9,73,857792,2025,89177,Corolla,Corolla,,,Toyota,agreement,Corolla,false,superseded_high_stock_reaudit,Latest-active reviewed MTO key; pass agreement is recomputed using case-insensitive model-family equivalence.,Reviewed two-pass MTO make/model inference using NCIC model-code abbreviations and NHTSA vPIC make/model examples (2026-08-12).
ontario_ministry_transport_vehicle_population,FORD,EDG,COMMERCIAL | PASSENGER,2014,2025,11,2014 | 2016 | 2017 | 2018 | 2019 | 2020 | 2021 | 2022 | 2023 | 2024 | 2025,2007,2024,18,316,779495,2025,77473,Edge,Edge,,,Ford,agreement,Edge,false,superseded_high_stock_reaudit,Latest-active reviewed MTO key; pass agreement is recomputed using case-insensitive model-family equivalence.,Reviewed two-pass MTO make/model inference using NCIC model-code abbreviations and NHTSA vPIC make/model examples (2026-08-12).
ontario_ministry_transport_vehicle_population,MAZD,3TR,PASSENGER,2014,2025,11,2014 | 2016 | 2017 | 2018 | 2019 | 2020 | 2021 | 2022 | 2023 | 2024 | 2025,2014,2025,12,84,536796,2025,75573,Mazda3,Mazda3,,,Mazda,agreement,Mazda3,false,superseded_high_stock_reaudit,Latest-active reviewed MTO key; pass agreement is recomputed using case-insensitive model-family equivalence.,Reviewed two-pass MTO make/model inference using NCIC model-code abbreviations and NHTSA vPIC make/model examples (2026-08-12).
ontario_ministry_transport_vehicle_population,SUBA,FOR,PASSENGER,2014,2025,11,2014 | 2016 | 2017 | 2018 | 2019 | 2020 | 2021 | 2022 | 2023 | 2024 | 2025,1997,2026,30,273,593157,2025,74825,Forester,Forester,,,Subaru,agreement,Forester,false,superseded_high_stock_reaudit,Latest-active reviewed MTO key; pass agreement is recomputed using case-insensitive model-family equivalence.,Reviewed two-pass MTO make/model inference using NCIC model-code abbreviations and NHTSA vPIC make/model examples (2026-08-12).
ontario_ministry_transport_vehicle_population,TOYT,HIG,PASSENGER,2014,2025,11,2014 | 2016 | 2017 | 2018 | 2019 | 2020 | 2021 | 2022 | 2023 | 2024 | 2025,2001,2026,26,229,584532,2025,73955,Highlander,Highlander,,,Toyota,agreement,Highlander,false,superseded_high_stock_reaudit,Latest-active reviewed MTO key; pass agreement is recomputed using case-insensitive model-family equivalence.,Reviewed two-pass MTO make/model inference using NCIC model-code abbreviations and NHTSA vPIC make/model examples (2026-08-12).
ontario_ministry_transport_vehicle_population,HOND,UCS,PASSENGER,2014,2025,11,2014 | 2016 | 2017 | 2018 | 2019 | 2020 | 2021 | 2022 | 2023 | 2024 | 2025,1989,2026,25,216,240195,2025,70958,CR-V,CR-V,,Civic | Accord | Passport,Honda,agreement,CR-V,false,superseded_high_stock_reaudit,Latest-active reviewed MTO key; pass agreement is recomputed using case-insensitive model-family equivalence.,Reviewed two-pass MTO make/model inference using NCIC model-code abbreviations and NHTSA vPIC make/model examples (2026-08-12).
ontario_ministry_transport_vehicle_population,CHEV,EQU,COMMERCIAL | PASSENGER,2014,2025,11,2014 | 2016 | 2017 | 2018 | 2019 | 2020 | 2021 | 2022 | 2023 | 2024 | 2025,2005,2026,19,352,902760,2025,70820,Equinox,Equinox,,,Chevrolet,agreement,Equinox,false,superseded_high_stock_reaudit,Latest-active reviewed MTO key; pass agreement is recomputed using case-insensitive model-family equivalence.,Reviewed two-pass MTO make/model inference using NCIC model-code abbreviations and NHTSA vPIC make/model examples (2026-08-12).
ontario_ministry_transport_vehicle_population,FORD,SRW,COMMERCIAL,2014,2025,11,2014 | 2016 | 2017 | 2018 | 2019 | 2020 | 2021 | 2022 | 2023 | 2024 | 2025,1996,2026,29,262,633830,2025,69786,F-Series (single-rear-wheel),Transit,Generic Ontario code spans multiple vPIC models; this is the closest family match.,E-Series cutaway | Transit chassis cab,Ford,disagreement,,false,superseded_high_stock_reaudit,Latest-active reviewed MTO key; pass agreement is recomputed using case-insensitive model-family equivalence.,Reviewed two-pass MTO make/model inference using NCIC model-code abbreviations and NHTSA vPIC make/model examples (2026-08-12).
ontario_ministry_transport_vehicle_population,TOYT,SIE,PASSENGER,2014,2025,11,2014 | 2016 | 2017 | 2018 | 2019 | 2020 | 2021 | 2022 | 2023 | 2024 | 2025,1998,2026,29,263,710516,2025,69413,Sienna,Sienna,,,Toyota,agreement,Sienna,false,superseded_high_stock_reaudit,Latest-active reviewed MTO key; pass agreement is recomputed using case-insensitive model-family equivalence.,Reviewed two-pass MTO make/model inference using NCIC model-code abbreviations and NHTSA vPIC make/model examples (2026-08-12).
ontario_ministry_transport_vehicle_population,HYUN,SAN,PASSENGER,2014,2025,11,2014 | 2016 | 2017 | 2018 | 2019 | 2020 | 2021 | 2022 | 2023 | 2024 | 2025,2000,2025,25,236,674853,2025,69168,Santa Fe,Santa Fe,,,Hyundai,agreement,Santa Fe,false,superseded_high_stock_reaudit,Latest-active reviewed MTO key; pass agreement is recomputed using case-insensitive model-family equivalence.,Reviewed two-pass MTO make/model inference using NCIC model-code abbreviations and NHTSA vPIC make/model examples (2026-08-12).
ontario_ministry_transport_vehicle_population,TOYT,COR,PASSENGER,2014,2025,11,2014 | 2016 | 2017 | 2018 | 2019 | 2020 | 2021 | 2022 | 2023 | 2024 | 2025,1942,2026,52,502,169404,2025,62146,Corolla,Corolla,,,Toyota,agreement,Corolla,false,superseded_high_stock_reaudit,Latest-active reviewed MTO key; pass agreement is recomputed using case-insensitive model-family equivalence.,Reviewed two-pass MTO make/model inference using NCIC model-code abbreviations and NHTSA vPIC make/model examples (2026-08-12).
ontario_ministry_transport_vehicle_population,JEEP,GCK,COMMERCIAL | PASSENGER,2014,2025,11,2014 | 2016 | 2017 | 2018 | 2019 | 2020 | 2021 | 2022 | 2023 | 2024 | 2025,1993,2025,33,633,569713,2025,61702,Grand Cherokee,Grand Cherokee,,,Jeep,agreement,Grand Cherokee,false,superseded_high_stock_reaudit,Latest-active reviewed MTO key; pass agreement is recomputed using case-insensitive model-family equivalence.,Reviewed two-pass MTO make/model inference using NCIC model-code abbreviations and NHTSA vPIC make/model examples (2026-08-12).
ontario_ministry_transport_vehicle_population,VOLK,TIG,PASSENGER,2014,2025,11,2014 | 2016 | 2017 | 2018 | 2019 | 2020 | 2021 | 2022 | 2023 | 2024 | 2025,2009,2026,18,139,392693,2025,60400,Tiguan,Tiguan,,,Volkswagen,agreement,Tiguan,false,superseded_high_stock_reaudit,Latest-active reviewed MTO key; pass agreement is recomputed using case-insensitive model-family equivalence.,Reviewed two-pass MTO make/model inference using NCIC model-code abbreviations and NHTSA vPIC make/model examples (2026-08-12).
ontario_ministry_transport_vehicle_population,SUBA,CRO,PASSENGER,2016,2025,10,2016 | 2017 | 2018 | 2019 | 2020 | 2021 | 2022 | 2023 | 2024 | 2025,2016,2026,11,64,268972,2025,59668,Crosstrek,Crosstrek,,,Subaru,agreement,Crosstrek,false,superseded_high_stock_reaudit,Latest-active reviewed MTO key; pass agreement is recomputed using case-insensitive model-family equivalence.,Reviewed two-pass MTO make/model inference using NCIC model-code abbreviations and NHTSA vPIC make/model examples (2026-08-12).
ontario_ministry_transport_vehicle_population,JEEP,CHK,COMMERCIAL | PASSENGER,2014,2025,11,2014 | 2016 | 2017 | 2018 | 2019 | 2020 | 2021 | 2022 | 2023 | 2024 | 2025,1974,2025,38,586,516346,2025,58032,Cherokee,Cherokee,,Grand Cherokee | Cherokee/Wagoneer,Jeep,agreement,Cherokee,false,superseded_high_stock_reaudit,Latest-active reviewed MTO key; pass agreement is recomputed using case-insensitive model-family equivalence.,Reviewed two-pass MTO make/model inference using NCIC model-code abbreviations and NHTSA vPIC make/model examples (2026-08-12).
ontario_ministry_transport_vehicle_population,HOND,PIL,PASSENGER,2014,2025,11,2014 | 2016 | 2017 | 2018 | 2019 | 2020 | 2021 | 2022 | 2023 | 2024 | 2025,2003,2026,24,207,469081,2025,57678,Pilot,Pilot,,,Honda,agreement,Pilot,false,superseded_high_stock_reaudit,Latest-active reviewed MTO key; pass agreement is recomputed using case-insensitive model-family equivalence.,Reviewed two-pass MTO make/model inference using NCIC model-code abbreviations and NHTSA vPIC make/model examples (2026-08-12).
ontario_ministry_transport_vehicle_population,DODG,RPC,COMMERCIAL,2014,2025,11,2014 | 2016 | 2017 | 2018 | 2019 | 2020 | 2021 | 2022 | 2023 | 2024 | 2025,1994,2012,19,209,923874,2025,55987,Ram Pickup,Ram,"vPIC supports the model, but the Ontario abbreviation is not uniquely identifying.",Ram 1500 | Ram 2500 | Ram 3500,Dodge,agreement,Ram,false,superseded_high_stock_reaudit,Latest-active reviewed MTO key; pass agreement is recomputed using case-insensitive model-family equivalence.,Reviewed two-pass MTO make/model inference using NCIC model-code abbreviations and NHTSA vPIC make/model examples (2026-08-12).
ontario_ministry_transport_vehicle_population,HYUN,EXL,PASSENGER,2020,2025,6,2020 | 2021 | 2022 | 2023 | 2024 | 2025,1986,2026,15,75,172224,2025,55625,Excel,Excel,,,Hyundai,agreement,Excel,false,superseded_high_stock_reaudit,Latest-active reviewed MTO key; pass agreement is recomputed using case-insensitive model-family equivalence.,Reviewed two-pass MTO make/model inference using NCIC model-code abbreviations and NHTSA vPIC make/model examples (2026-08-12).
ontario_ministry_transport_vehicle_population,FORD,RNG,COMMERCIAL | PASSENGER,2014,2025,11,2014 | 2016 | 2017 | 2018 | 2019 | 2020 | 2021 | 2022 | 2023 | 2024 | 2025,1957,2025,53,612,495747,2025,53537,Ranger,Ranger,,,Ford,agreement,Ranger,false,superseded_high_stock_reaudit,Latest-active reviewed MTO key; pass agreement is recomputed using case-insensitive model-family equivalence.,Reviewed two-pass MTO make/model inference using NCIC model-code abbreviations and NHTSA vPIC make/model examples (2026-08-12).
ontario_ministry_transport_vehicle_population,GMC,TER,COMMERCIAL | PASSENGER,2014,2025,11,2014 | 2016 | 2017 | 2018 | 2019 | 2020 | 2021 | 2022 | 2023 | 2024 | 2025,1979,2026,18,265,444114,2025,53330,Terrain,Terrain,,,GMC,agreement,Terrain,false,superseded_high_stock_reaudit,Latest-active reviewed MTO key; pass agreement is recomputed using case-insensitive model-family equivalence.,Reviewed two-pass MTO make/model inference using NCIC model-code abbreviations and NHTSA vPIC make/model examples (2026-08-12).
ontario_ministry_transport_vehicle_population,HOND,UAX,PASSENGER,2014,2025,11,2014 | 2016 | 2017 | 2018 | 2019 | 2020 | 2021 | 2022 | 2023 | 2024 | 2025,1990,2021,31,324,469200,2025,51758,Civic,Civic,,,Honda,agreement,Civic,false,superseded_high_stock_reaudit,Latest-active reviewed MTO key; pass agreement is recomputed using case-insensitive model-family equivalence.,Reviewed two-pass MTO make/model inference using NCIC model-code abbreviations and NHTSA vPIC make/model examples (2026-08-12).
ontario_ministry_transport_vehicle_population,HYUN,ESM,PASSENGER,2016,2025,10,2016 | 2017 | 2018 | 2019 | 2020 | 2021 | 2022 | 2023 | 2024 | 2025,2017,2020,4,34,446477,2025,51517,Elantra,Elantra,,,Hyundai,agreement,Elantra,false,superseded_high_stock_reaudit,Latest-active reviewed MTO key; pass agreement is recomputed using case-insensitive model-family equivalence.,Reviewed two-pass MTO make/model inference using NCIC model-code abbreviations and NHTSA vPIC make/model examples (2026-08-12).
ontario_ministry_transport_vehicle_population,CHEV,CZT,PASSENGER,2014,2025,11,2014 | 2016 | 2017 | 2018 | 2019 | 2020 | 2021 | 2022 | 2023 | 2024 | 2025,2011,2019,9,92,618306,2025,50917,Cruze,Cruze,,,Chevrolet,agreement,Cruze,false,superseded_high_stock_reaudit,Latest-active reviewed MTO key; pass agreement is recomputed using case-insensitive model-family equivalence.,Reviewed two-pass MTO make/model inference using NCIC model-code abbreviations and NHTSA vPIC make/model examples (2026-08-12).
ontario_ministry_transport_vehicle_population,KIA,SPO,PASSENGER,2014,2025,11,2014 | 2016 | 2017 | 2018 | 2019 | 2020 | 2021 | 2022 | 2023 | 2024 | 2025,1995,2026,30,274,326395,2025,49619,Sportage,Sportage,,,Kia,agreement,Sportage,false,superseded_high_stock_reaudit,Latest-active reviewed MTO key; pass agreement is recomputed using case-insensitive model-family equivalence.,Reviewed two-pass MTO make/model inference using NCIC model-code abbreviations and NHTSA vPIC make/model examples (2026-08-12).
ontario_ministry_transport_vehicle_population,MAZD,M3I,PASSENGER,2014,2025,11,2014 | 2016 | 2017 | 2018 | 2019 | 2020 | 2021 | 2022 | 2023 | 2024 | 2025,2004,2013,10,110,758413,2025,47774,Mazda3,Mazda3,,,Mazda,agreement,Mazda3,false,superseded_high_stock_reaudit,Latest-active reviewed MTO key; pass agreement is recomputed using case-insensitive model-family equivalence.,Reviewed two-pass MTO make/model inference using NCIC model-code abbreviations and NHTSA vPIC make/model examples (2026-08-12).
ontario_ministry_transport_vehicle_population,TOYT,TAC,COMMERCIAL,2014,2025,11,2014 | 2016 | 2017 | 2018 | 2019 | 2020 | 2021 | 2022 | 2023 | 2024 | 2025,1995,2026,32,294,375445,2025,46640,Tacoma,Tacoma,,,Toyota,agreement,Tacoma,false,superseded_high_stock_reaudit,Latest-active reviewed MTO key; pass agreement is recomputed using case-insensitive model-family equivalence.,Reviewed two-pass MTO make/model inference using NCIC model-code abbreviations and NHTSA vPIC make/model examples (2026-08-12).
ontario_ministry_transport_vehicle_population,HYUN,SFT,PASSENGER,2014,2025,11,2014 | 2016 | 2017 | 2018 | 2019 | 2020 | 2021 | 2022 | 2023 | 2024 | 2025,2013,2018,6,62,523401,2025,45907,Santa Fe,Santa Fe,,,Hyundai,agreement,Santa Fe,false,superseded_high_stock_reaudit,Latest-active reviewed MTO key; pass agreement is recomputed using case-insensitive model-family equivalence.,Reviewed two-pass MTO make/model inference using NCIC model-code abbreviations and NHTSA vPIC make/model examples (2026-08-12).
ontario_ministry_transport_vehicle_population,FORD,EPR,COMMERCIAL | PASSENGER,2014,2025,11,2014 | 2016 | 2017 | 2018 | 2019 | 2020 | 2021 | 2022 | 2023 | 2024 | 2025,1991,2025,35,677,537792,2025,45772,Explorer,Explorer,,Expedition,Ford,agreement,Explorer,false,superseded_high_stock_reaudit,Latest-active reviewed MTO key; pass agreement is recomputed using case-insensitive model-family equivalence.,Reviewed two-pass MTO make/model inference using NCIC model-code abbreviations and NHTSA vPIC make/model examples (2026-08-12).
ontario_ministry_transport_vehicle_population,ACUR,RDX,PASSENGER,2014,2025,11,2014 | 2016 | 2017 | 2018 | 2019 | 2020 | 2021 | 2022 | 2023 | 2024 | 2025,2007,2026,20,164,354308,2025,45033,RDX,RDX,,,Acura,agreement,RDX,false,superseded_high_stock_reaudit,Latest-active reviewed MTO key; pass agreement is recomputed using case-insensitive model-family equivalence.,Reviewed two-pass MTO make/model inference using NCIC model-code abbreviations and NHTSA vPIC make/model examples (2026-08-12).
ontario_ministry_transport_vehicle_population,NISS,SML,PASSENGER,2014,2025,11,2014 | 2016 | 2017 | 2018 | 2019 | 2020 | 2021 | 2022 | 2023 | 2024 | 2025,2013,2025,13,94,328240,2025,44221,Sentra,Sentra,,Versa | Murano | Altima,Nissan,agreement,Sentra,false,superseded_high_stock_reaudit,Latest-active reviewed MTO key; pass agreement is recomputed using case-insensitive model-family equivalence.,Reviewed two-pass MTO make/model inference using NCIC model-code abbreviations and NHTSA vPIC make/model examples (2026-08-12).
ontario_ministry_transport_vehicle_population,HOND,CCL,PASSENGER,2014,2025,11,2014 | 2016 | 2017 | 2018 | 2019 | 2020 | 2021 | 2022 | 2023 | 2024 | 2025,1976,2015,9,99,485551,2025,43665,Accord,Accord,,Clarity | Civic | Crosstour,Honda,agreement,Accord,false,superseded_high_stock_reaudit,Latest-active reviewed MTO key; pass agreement is recomputed using case-insensitive model-family equivalence.,Reviewed two-pass MTO make/model inference using NCIC model-code abbreviations and NHTSA vPIC make/model examples (2026-08-12).
ontario_ministry_transport_vehicle_population,RAM,DUR,COMMERCIAL,2018,2025,8,2018 | 2019 | 2020 | 2021 | 2022 | 2023 | 2024 | 2025,2019,2024,6,33,263694,2025,43465,1500,1500,,2500 | 3500,Ram,agreement,1500,false,superseded_high_stock_reaudit,Latest-active reviewed MTO key; pass agreement is recomputed using case-insensitive model-family equivalence.,Reviewed two-pass MTO make/model inference using NCIC model-code abbreviations and NHTSA vPIC make/model examples (2026-08-12).
ontario_ministry_transport_vehicle_population,TESL,YGE,PASSENGER,2020,2025,6,2020 | 2021 | 2022 | 2023 | 2024 | 2025,2020,2026,7,26,143382,2025,43068,Model Y,Model Y,,,Tesla,agreement,Model Y,false,superseded_high_stock_reaudit,Latest-active reviewed MTO key; pass agreement is recomputed using case-insensitive model-family equivalence.,Reviewed two-pass MTO make/model inference using NCIC model-code abbreviations and NHTSA vPIC make/model examples (2026-08-12).
ontario_ministry_transport_vehicle_population,JEEP,WUL,COMMERCIAL | PASSENGER,2014,2025,11,2014 | 2016 | 2017 | 2018 | 2019 | 2020 | 2021 | 2022 | 2023 | 2024 | 2025,2008,2023,16,292,427734,2025,42628,Wrangler,Wrangler,,,Jeep,agreement,Wrangler,false,superseded_high_stock_reaudit,Latest-active reviewed MTO key; pass agreement is recomputed using case-insensitive model-family equivalence.,Reviewed two-pass MTO make/model inference using NCIC model-code abbreviations and NHTSA vPIC make/model examples (2026-08-12).
ontario_ministry_transport_vehicle_population,HOND,HRV,PASSENGER,2016,2025,10,2016 | 2017 | 2018 | 2019 | 2020 | 2021 | 2022 | 2023 | 2024 | 2025,1999,2026,14,95,235242,2025,41658,HR-V,HR-V,,,Honda,agreement,HR-V,false,superseded_high_stock_reaudit,Latest-active reviewed MTO key; pass agreement is recomputed using case-insensitive model-family equivalence.,Reviewed two-pass MTO make/model inference using NCIC model-code abbreviations and NHTSA vPIC make/model examples (2026-08-12).
ontario_ministry_transport_vehicle_population,TOYT,TUN,COMMERCIAL,2014,2025,11,2014 | 2016 | 2017 | 2018 | 2019 | 2020 | 2021 | 2022 | 2023 | 2024 | 2025,2000,2026,27,241,325906,2025,39787,Tundra,Tundra,,,Toyota,agreement,Tundra,false,superseded_high_stock_reaudit,Latest-active reviewed MTO key; pass agreement is recomputed using case-insensitive model-family equivalence.,Reviewed two-pass MTO make/model inference using NCIC model-code abbreviations and NHTSA vPIC make/model examples (2026-08-12).
ontario_ministry_transport_vehicle_population,NISS,CXT,PASSENGER,2014,2025,11,2014 | 2016 | 2017 | 2018 | 2019 | 2020 | 2021 | 2022 | 2023 | 2024 | 2025,2006,2026,6,24,113871,2025,38939,Xterra,Xterra,,,Nissan,agreement,Xterra,false,superseded_high_stock_reaudit,Latest-active reviewed MTO key; pass agreement is recomputed using case-insensitive model-family equivalence.,Reviewed two-pass MTO make/model inference using NCIC model-code abbreviations and NHTSA vPIC make/model examples (2026-08-12).
ontario_ministry_transport_vehicle_population,HOND,ULX,PASSENGER,2014,2025,11,2014 | 2016 | 2017 | 2018 | 2019 | 2020 | 2021 | 2022 | 2023 | 2024 | 2025,1986,2025,40,393,352537,2025,38706,Accord,Accord,,,Honda,agreement,Accord,false,superseded_high_stock_reaudit,Latest-active reviewed MTO key; pass agreement is recomputed using case-insensitive model-family equivalence.,Reviewed two-pass MTO make/model inference using NCIC model-code abbreviations and NHTSA vPIC make/model examples (2026-08-12).
ontario_ministry_transport_vehicle_population,VOLK,ATL,PASSENGER,2017,2025,9,2017 | 2018 | 2019 | 2020 | 2021 | 2022 | 2023 | 2024 | 2025,2018,2026,9,44,162987,2025,38607,Atlas,Atlas,,,Volkswagen,agreement,Atlas,false,superseded_high_stock_reaudit,Latest-active reviewed MTO key; pass agreement is recomputed using case-insensitive model-family equivalence.,Reviewed two-pass MTO make/model inference using NCIC model-code abbreviations and NHTSA vPIC make/model examples (2026-08-12).
ontario_ministry_transport_vehicle_population,KIA,SOR,PASSENGER,2014,2025,11,2014 | 2016 | 2017 | 2018 | 2019 | 2020 | 2021 | 2022 | 2023 | 2024 | 2025,1916,2024,22,194,429783,2025,38537,Sorento,Sorento,,,Kia,agreement,Sorento,false,superseded_high_stock_reaudit,Latest-active reviewed MTO key; pass agreement is recomputed using case-insensitive model-family equivalence.,Reviewed two-pass MTO make/model inference using NCIC model-code abbreviations and NHTSA vPIC make/model examples (2026-08-12).
ontario_ministry_transport_vehicle_population,KIA,SOU,PASSENGER,2014,2025,11,2014 | 2016 | 2017 | 2018 | 2019 | 2020 | 2021 | 2022 | 2023 | 2024 | 2025,2009,2025,17,141,362088,2025,37926,Soul,Soul,,,Kia,agreement,Soul,false,superseded_high_stock_reaudit,Latest-active reviewed MTO key; pass agreement is recomputed using case-insensitive model-family equivalence.,Reviewed two-pass MTO make/model inference using NCIC model-code abbreviations and NHTSA vPIC make/model examples (2026-08-12).
ontario_ministry_transport_vehicle_population,NISS,MUR,PASSENGER,2014,2025,11,2014 | 2016 | 2017 | 2018 | 2019 | 2020 | 2021 | 2022 | 2023 | 2024 | 2025,2003,2025,22,193,381830,2025,37545,Murano,Murano,,,Nissan,agreement,Murano,false,superseded_high_stock_reaudit,Latest-active reviewed MTO key; pass agreement is recomputed using case-insensitive model-family equivalence.,Reviewed two-pass MTO make/model inference using NCIC model-code abbreviations and NHTSA vPIC make/model examples (2026-08-12).
ontario_ministry_transport_vehicle_population,ACUR,MDX,PASSENGER,2014,2025,11,2014 | 2016 | 2017 | 2018 | 2019 | 2020 | 2021 | 2022 | 2023 | 2024 | 2025,2001,2026,25,224,381340,2025,37350,MDX,MDX,,,Acura,agreement,MDX,false,superseded_high_stock_reaudit,Latest-active reviewed MTO key; pass agreement is recomputed using case-insensitive model-family equivalence.,Reviewed two-pass MTO make/model inference using NCIC model-code abbreviations and NHTSA vPIC make/model examples (2026-08-12).
ontario_ministry_transport_vehicle_population,NISS,KIC,PASSENGER,2019,2025,7,2019 | 2020 | 2021 | 2022 | 2023 | 2024 | 2025,2019,2026,8,33,139468,2025,36825,Kicks,Kicks,,,Nissan,agreement,Kicks,false,superseded_high_stock_reaudit,Latest-active reviewed MTO key; pass agreement is recomputed using case-insensitive model-family equivalence.,Reviewed two-pass MTO make/model inference using NCIC model-code abbreviations and NHTSA vPIC make/model examples (2026-08-12).
ontario_ministry_transport_vehicle_population,LEXS,RX5,PASSENGER,2014,2025,11,2014 | 2016 | 2017 | 2018 | 2019 | 2020 | 2021 | 2022 | 2023 | 2024 | 2025,2007,2022,15,146,415640,2025,35352,RX 500H,RX,Code-to-name match is weak; selected from vPIC models with overlapping-year coverage.,RX,Lexus,agreement,RX,false,superseded_high_stock_reaudit,Latest-active reviewed MTO key; pass agreement is recomputed using case-insensitive model-family equivalence.,Reviewed two-pass MTO make/model inference using NCIC model-code abbreviations and NHTSA vPIC make/model examples (2026-08-12).
ontario_ministry_transport_vehicle_population,TOYT,RG4,PASSENGER,2014,2025,11,2014 | 2016 | 2017 | 2018 | 2019 | 2020 | 2021 | 2022 | 2023 | 2024 | 2025,1969,2019,9,94,468323,2025,34159,RAV4,RAV4,,,Toyota,agreement,RAV4,false,superseded_high_stock_reaudit,Latest-active reviewed MTO key; pass agreement is recomputed using case-insensitive model-family equivalence.,Reviewed two-pass MTO make/model inference using NCIC model-code abbreviations and NHTSA vPIC make/model examples (2026-08-12).
ontario_ministry_transport_vehicle_population,FORD,FSE,PASSENGER,2014,2025,11,2014 | 2016 | 2017 | 2018 | 2019 | 2020 | 2021 | 2022 | 2023 | 2024 | 2025,2000,2018,14,149,488339,2025,34100,Focus,Focus,,Freestyle,Ford,agreement,Focus,false,superseded_high_stock_reaudit,Latest-active reviewed MTO key; pass agreement is recomputed using case-insensitive model-family equivalence.,Reviewed two-pass MTO make/model inference using NCIC model-code abbreviations and NHTSA vPIC make/model examples (2026-08-12).
ontario_ministry_transport_vehicle_population,TESL,3,PASSENGER,2018,2025,8,2018 | 2019 | 2020 | 2021 | 2022 | 2023 | 2024 | 2025,2017,2025,9,47,152890,2025,33332,3,Model 3,,,Tesla,disagreement,,false,superseded_high_stock_reaudit,Latest-active reviewed MTO key; pass agreement is recomputed using case-insensitive model-family equivalence.,Reviewed two-pass MTO make/model inference using NCIC model-code abbreviations and NHTSA vPIC make/model examples (2026-08-12).
ontario_ministry_transport_vehicle_population,TOYT,UCS,PASSENGER,2014,2025,11,2014 | 2016 | 2017 | 2018 | 2019 | 2020 | 2021 | 2022 | 2023 | 2024 | 2025,2001,2008,8,88,638528,2025,33211,Corolla,Corolla,,,Toyota,agreement,Corolla,false,superseded_high_stock_reaudit,Latest-active reviewed MTO key; pass agreement is recomputed using case-insensitive model-family equivalence.,Reviewed two-pass MTO make/model inference using NCIC model-code abbreviations and NHTSA vPIC make/model examples (2026-08-12).
ontario_ministry_transport_vehicle_population,DODG,JOU,PASSENGER,2014,2025,11,2014 | 2016 | 2017 | 2018 | 2019 | 2020 | 2021 | 2022 | 2023 | 2024 | 2025,1976,2022,15,144,473638,2025,32863,Journey,Journey,,,Dodge,agreement,Journey,false,superseded_high_stock_reaudit,Latest-active reviewed MTO key; pass agreement is recomputed using case-insensitive model-family equivalence.,Reviewed two-pass MTO make/model inference using NCIC model-code abbreviations and NHTSA vPIC make/model examples (2026-08-12).
ontario_ministry_transport_vehicle_population,FRHT,FM2,COMMERCIAL,2014,2025,11,2014 | 2016 | 2017 | 2018 | 2019 | 2020 | 2021 | 2022 | 2023 | 2024 | 2025,2003,2026,24,208,220861,2025,32348,M2,M2,,,Freightliner,agreement,M2,false,superseded_high_stock_reaudit,Latest-active reviewed MTO key; pass agreement is recomputed using case-insensitive model-family equivalence.,Reviewed two-pass MTO make/model inference using NCIC model-code abbreviations and NHTSA vPIC make/model examples (2026-08-12).
ontario_ministry_transport_vehicle_population,NISS,PFI,PASSENGER,2014,2025,11,2014 | 2016 | 2017 | 2018 | 2019 | 2020 | 2021 | 2022 | 2023 | 2024 | 2025,1987,2025,38,376,302772,2025,31160,Pathfinder,Pathfinder,,,Nissan,agreement,Pathfinder,false,superseded_high_stock_reaudit,Latest-active reviewed MTO key; pass agreement is recomputed using case-insensitive model-family equivalence.,Reviewed two-pass MTO make/model inference using NCIC model-code abbreviations and NHTSA vPIC make/model examples (2026-08-12).
ontario_ministry_transport_vehicle_population,FORD,CRG,COMMERCIAL | PASSENGER,2014,2025,11,2014 | 2016 | 2017 | 2018 | 2019 | 2020 | 2021 | 2022 | 2023 | 2024 | 2025,1979,2025,7,50,84316,2025,30162,Freestyle,Freestyle,,Ranger | CRESTLINE,Ford,agreement,Freestyle,false,superseded_high_stock_reaudit,Latest-active reviewed MTO key; pass agreement is recomputed using case-insensitive model-family equivalence.,Reviewed two-pass MTO make/model inference using NCIC model-code abbreviations and NHTSA vPIC make/model examples (2026-08-12).
ontario_ministry_transport_vehicle_population,JEEP,CMP,PASSENGER,2014,2025,11,2014 | 2016 | 2017 | 2018 | 2019 | 2020 | 2021 | 2022 | 2023 | 2024 | 2025,1968,2025,20,173,241595,2025,29212,Compass,Compass,,,Jeep,agreement,Compass,false,superseded_high_stock_reaudit,Latest-active reviewed MTO key; pass agreement is recomputed using case-insensitive model-family equivalence.,Reviewed two-pass MTO make/model inference using NCIC model-code abbreviations and NHTSA vPIC make/model examples (2026-08-12).
ontario_ministry_transport_vehicle_population,TOYT,CBL,PASSENGER,2014,2025,11,2014 | 2016 | 2017 | 2018 | 2019 | 2020 | 2021 | 2022 | 2023 | 2024 | 2025,2009,2010,2,22,397020,2025,29039,Corolla,Corolla,,,Toyota,agreement,Corolla,false,superseded_high_stock_reaudit,Latest-active reviewed MTO key; pass agreement is recomputed using case-insensitive model-family equivalence.,Reviewed two-pass MTO make/model inference using NCIC model-code abbreviations and NHTSA vPIC make/model examples (2026-08-12).
ontario_ministry_transport_vehicle_population,FORD,TST,COMMERCIAL | PASSENGER,2016,2025,10,2016 | 2017 | 2018 | 2019 | 2020 | 2021 | 2022 | 2023 | 2024 | 2025,2015,2026,12,142,216201,2025,28944,T,Model unresolved,The Ontario abbreviation does not match a vPIC model closely enough.,,Ford,disagreement,,false,superseded_high_stock_reaudit,Latest-active reviewed MTO key; pass agreement is recomputed using case-insensitive model-family equivalence.,Reviewed two-pass MTO make/model inference using NCIC model-code abbreviations and NHTSA vPIC make/model examples (2026-08-12).
ontario_ministry_transport_vehicle_population,TOYT,CBA,PASSENGER,2014,2025,11,2014 | 2016 | 2017 | 2018 | 2019 | 2020 | 2021 | 2022 | 2023 | 2024 | 2025,2005,2014,10,86,365968,2025,28575,Corolla,Corolla,,Camry,Toyota,agreement,Corolla,false,superseded_high_stock_reaudit,Latest-active reviewed MTO key; pass agreement is recomputed using case-insensitive model-family equivalence.,Reviewed two-pass MTO make/model inference using NCIC model-code abbreviations and NHTSA vPIC make/model examples (2026-08-12).
ontario_ministry_transport_vehicle_population,KIA,FNG,PASSENGER,2017,2025,9,2017 | 2018 | 2019 | 2020 | 2021 | 2022 | 2023 | 2024 | 2025,2017,2025,9,53,123829,2025,27870,Forte,Forte,,Niro | Stinger | Sorento,Kia,agreement,Forte,false,superseded_high_stock_reaudit,Latest-active reviewed MTO key; pass agreement is recomputed using case-insensitive model-family equivalence.,Reviewed two-pass MTO make/model inference using NCIC model-code abbreviations and NHTSA vPIC make/model examples (2026-08-12).
ontario_ministry_transport_vehicle_population,HYUN,EGM,PASSENGER,2014,2025,11,2014 | 2016 | 2017 | 2018 | 2019 | 2020 | 2021 | 2022 | 2023 | 2024 | 2025,2011,2013,3,33,376128,2025,27280,Elantra,Elantra,,,Hyundai,agreement,Elantra,false,superseded_high_stock_reaudit,Latest-active reviewed MTO key; pass agreement is recomputed using case-insensitive model-family equivalence.,Reviewed two-pass MTO make/model inference using NCIC model-code abbreviations and NHTSA vPIC make/model examples (2026-08-12).
ontario_ministry_transport_vehicle_population,TOYT,VEN,PASSENGER,2014,2025,11,2014 | 2016 | 2017 | 2018 | 2019 | 2020 | 2021 | 2022 | 2023 | 2024 | 2025,2009,2024,11,93,310264,2025,26984,Venza,Venza,,,Toyota,agreement,Venza,false,superseded_high_stock_reaudit,Latest-active reviewed MTO key; pass agreement is recomputed using case-insensitive model-family equivalence.,Reviewed two-pass MTO make/model inference using NCIC model-code abbreviations and NHTSA vPIC make/model examples (2026-08-12).
ontario_ministry_transport_vehicle_population,CHEV,CAL,COMMERCIAL,2014,2025,11,2014 | 2016 | 2017 | 2018 | 2019 | 2020 | 2021 | 2022 | 2023 | 2024 | 2025,1970,2025,21,182,227274,2025,26848,Cavalier,Cavalier,,,Chevrolet,agreement,Cavalier,false,superseded_high_stock_reaudit,Latest-active reviewed MTO key; pass agreement is recomputed using case-insensitive model-family equivalence.,Reviewed two-pass MTO make/model inference using NCIC model-code abbreviations and NHTSA vPIC make/model examples (2026-08-12).
ontario_ministry_transport_vehicle_population,TOYT,CBS,PASSENGER,2014,2025,11,2014 | 2016 | 2017 | 2018 | 2019 | 2020 | 2021 | 2022 | 2023 | 2024 | 2025,2011,2013,3,33,325794,2025,26823,Corolla,Corolla,,,Toyota,agreement,Corolla,false,superseded_high_stock_reaudit,Latest-active reviewed MTO key; pass agreement is recomputed using case-insensitive model-family equivalence.,Reviewed two-pass MTO make/model inference using NCIC model-code abbreviations and NHTSA vPIC make/model examples (2026-08-12).
ontario_ministry_transport_vehicle_population,HYUN,ESS,PASSENGER,2014,2025,11,2014 | 2016 | 2017 | 2018 | 2019 | 2020 | 2021 | 2022 | 2023 | 2024 | 2025,2014,2016,3,32,306484,2025,26129,Elantra,Elantra,,Genesis,Hyundai,agreement,Elantra,false,superseded_high_stock_reaudit,Latest-active reviewed MTO key; pass agreement is recomputed using case-insensitive model-family equivalence.,Reviewed two-pass MTO make/model inference using NCIC model-code abbreviations and NHTSA vPIC make/model examples (2026-08-12).
ontario_ministry_transport_vehicle_population,MITS,OUT,PASSENGER,2014,2025,11,2014 | 2016 | 2017 | 2018 | 2019 | 2020 | 2021 | 2022 | 2023 | 2024 | 2025,2003,2026,24,206,197097,2025,25835,Outlander,Outlander,,,Mitsubishi,agreement,Outlander,false,superseded_high_stock_reaudit,Latest-active reviewed MTO key; pass agreement is recomputed using case-insensitive model-family equivalence.,Reviewed two-pass MTO make/model inference using NCIC model-code abbreviations and NHTSA vPIC make/model examples (2026-08-12).
ontario_ministry_transport_vehicle_population,DODG,CJO,PASSENGER,2014,2025,11,2014 | 2016 | 2017 | 2018 | 2019 | 2020 | 2021 | 2022 | 2023 | 2024 | 2025,2009,2019,11,113,325347,2025,25549,Journey,Journey,,Durango | Charger | Nitro,Dodge,agreement,Journey,false,superseded_high_stock_reaudit,Latest-active reviewed MTO key; pass agreement is recomputed using case-insensitive model-family equivalence.,Reviewed two-pass MTO make/model inference using NCIC model-code abbreviations and NHTSA vPIC make/model examples (2026-08-12).
ontario_ministry_transport_vehicle_population,CHRY,TWC,PASSENGER,2014,2025,11,2014 | 2016 | 2017 | 2018 | 2019 | 2020 | 2021 | 2022 | 2023 | 2024 | 2025,1948,2024,37,367,277468,2025,25511,Town and Country,Town and Country,,,Chrysler,agreement,Town and Country,false,superseded_high_stock_reaudit,Latest-active reviewed MTO key; pass agreement is recomputed using case-insensitive model-family equivalence.,Reviewed two-pass MTO make/model inference using NCIC model-code abbreviations and NHTSA vPIC make/model examples (2026-08-12).
ontario_ministry_transport_vehicle_population,FORD,MUS,PASSENGER,2014,2025,11,2014 | 2016 | 2017 | 2018 | 2019 | 2020 | 2021 | 2022 | 2023 | 2024 | 2025,1903,2026,75,756,273138,2025,24631,Mustang,Mustang,,Mustang Mach-E,Ford,agreement,Mustang,false,superseded_high_stock_reaudit,Latest-active reviewed MTO key; pass agreement is recomputed using case-insensitive model-family equivalence.,Reviewed two-pass MTO make/model inference using NCIC model-code abbreviations and NHTSA vPIC make/model examples (2026-08-12).
ontario_ministry_transport_vehicle_population,CHEV,EXP,COMMERCIAL | PASSENGER,2014,2025,11,2014 | 2016 | 2017 | 2018 | 2019 | 2020 | 2021 | 2022 | 2023 | 2024 | 2025,1925,2025,50,785,307607,2025,24115,EXPRESS,Express,,,Chevrolet,agreement,Express,false,superseded_high_stock_reaudit,Latest-active reviewed MTO key; pass agreement is recomputed using case-insensitive model-family equivalence.,Reviewed two-pass MTO make/model inference using NCIC model-code abbreviations and NHTSA vPIC make/model examples (2026-08-12).
ontario_ministry_transport_vehicle_population,FORD,F/E,PASSENGER,2014,2025,11,2014 | 2016 | 2017 | 2018 | 2019 | 2020 | 2021 | 2022 | 2023 | 2024 | 2025,2006,2020,15,154,343892,2025,23985,Fusion,Fusion,,,Ford,agreement,Fusion,false,superseded_high_stock_reaudit,Latest-active reviewed MTO key; pass agreement is recomputed using case-insensitive model-family equivalence.,Reviewed two-pass MTO make/model inference using NCIC model-code abbreviations and NHTSA vPIC make/model examples (2026-08-12).
ontario_ministry_transport_vehicle_population,GMC,SAV,COMMERCIAL | PASSENGER,2014,2025,11,2014 | 2016 | 2017 | 2018 | 2019 | 2020 | 2021 | 2022 | 2023 | 2024 | 2025,1974,2025,33,592,279378,2025,23775,Savana,Savana,,,GMC,agreement,Savana,false,superseded_high_stock_reaudit,Latest-active reviewed MTO key; pass agreement is recomputed using case-insensitive model-family equivalence.,Reviewed two-pass MTO make/model inference using NCIC model-code abbreviations and NHTSA vPIC make/model examples (2026-08-12).
ontario_ministry_transport_vehicle_population,FORD,DRW,COMMERCIAL | PASSENGER,2014,2025,11,2014 | 2016 | 2017 | 2018 | 2019 | 2020 | 2021 | 2022 | 2023 | 2024 | 2025,1999,2026,28,497,270028,2025,23577,F-Series Super Duty (dual-rear-wheel),Transit,Generic Ontario code spans multiple vPIC models; this is the closest family match.,E-Series cutaway | Transit chassis cab,Ford,disagreement,,false,superseded_high_stock_reaudit,Latest-active reviewed MTO key; pass agreement is recomputed using case-insensitive model-family equivalence.,Reviewed two-pass MTO make/model inference using NCIC model-code abbreviations and NHTSA vPIC make/model examples (2026-08-12).
ontario_ministry_transport_vehicle_population,HYUN,CPL,PASSENGER,2020,2025,6,2020 | 2021 | 2022 | 2023 | 2024 | 2025,1984,2026,11,51,76891,2025,23472,Palisade,Palisade,,Scoupe | Excel,Hyundai,agreement,Palisade,false,superseded_high_stock_reaudit,Latest-active reviewed MTO key; pass agreement is recomputed using case-insensitive model-family equivalence.,Reviewed two-pass MTO make/model inference using NCIC model-code abbreviations and NHTSA vPIC make/model examples (2026-08-12).
ontario_ministry_transport_vehicle_population,SUBA,BAJ,PASSENGER,2014,2025,8,2014 | 2019 | 2020 | 2021 | 2022 | 2023 | 2024 | 2025,2003,2025,10,59,86827,2025,22944,Baja,Baja,,,Subaru,agreement,Baja,false,superseded_high_stock_reaudit,Latest-active reviewed MTO key; pass agreement is recomputed using case-insensitive model-family equivalence.,Reviewed two-pass MTO make/model inference using NCIC model-code abbreviations and NHTSA vPIC make/model examples (2026-08-12).
ontario_ministry_transport_vehicle_population,MERZ,C4A,PASSENGER,2014,2025,11,2014 | 2016 | 2017 | 2018 | 2019 | 2020 | 2021 | 2022 | 2023 | 2024 | 2025,2008,2020,13,132,268578,2025,22687,C-Class,C-Class,,CLS-Class | S-Class | G-Class,Mercedes-Benz,agreement,C-Class,false,superseded_high_stock_reaudit,Latest-active reviewed MTO key; pass agreement is recomputed using case-insensitive model-family equivalence.,Reviewed two-pass MTO make/model inference using NCIC model-code abbreviations and NHTSA vPIC make/model examples (2026-08-12).
ontario_ministry_transport_vehicle_population,NISS,QAS,PASSENGER,2020,2025,6,2020 | 2021 | 2022 | 2023 | 2024 | 2025,2011,2023,6,28,78200,2025,22605,Quest,Quest,,,Nissan,agreement,Quest,false,superseded_high_stock_reaudit,Latest-active reviewed MTO key; pass agreement is recomputed using case-insensitive model-family equivalence.,Reviewed two-pass MTO make/model inference using NCIC model-code abbreviations and NHTSA vPIC make/model examples (2026-08-12).
ontario_ministry_transport_vehicle_population,PORS,POR,PASSENGER,2014,2025,11,2014 | 2016 | 2017 | 2018 | 2019 | 2020 | 2021 | 2022 | 2023 | 2024 | 2025,1956,2026,35,287,159197,2025,22015,Model unresolved (generic Porsche code),Boxster,vPIC also supports 911; the code does not clearly distinguish them.,911 | Cayenne | Boxster | Macan,Porsche,disagreement,,false,superseded_high_stock_reaudit,Latest-active reviewed MTO key; pass agreement is recomputed using case-insensitive model-family equivalence.,Reviewed two-pass MTO make/model inference using NCIC model-code abbreviations and NHTSA vPIC make/model examples (2026-08-12).
ontario_ministry_transport_vehicle_population,MITS,RVR,PASSENGER,2014,2025,11,2014 | 2016 | 2017 | 2018 | 2019 | 2020 | 2021 | 2022 | 2023 | 2024 | 2025,1992,2026,17,130,167844,2025,21835,RVR,RVR,,,Mitsubishi,agreement,RVR,false,superseded_high_stock_reaudit,Latest-active reviewed MTO key; pass agreement is recomputed using case-insensitive model-family equivalence.,Reviewed two-pass MTO make/model inference using NCIC model-code abbreviations and NHTSA vPIC make/model examples (2026-08-12).
ontario_ministry_transport_vehicle_population,CHEV,TRV,PASSENGER,2014,2025,11,2014 | 2016 | 2017 | 2018 | 2019 | 2020 | 2021 | 2022 | 2023 | 2024 | 2025,2009,2025,17,140,191882,2025,21516,Traverse,Traverse,,,Chevrolet,agreement,Traverse,false,superseded_high_stock_reaudit,Latest-active reviewed MTO key; pass agreement is recomputed using case-insensitive model-family equivalence.,Reviewed two-pass MTO make/model inference using NCIC model-code abbreviations and NHTSA vPIC make/model examples (2026-08-12).
ontario_ministry_transport_vehicle_population,HOND,AXL,PASSENGER,2014,2025,11,2014 | 2016 | 2017 | 2018 | 2019 | 2020 | 2021 | 2022 | 2023 | 2024 | 2025,2008,2017,10,108,262666,2025,21240,Accord,Accord,,Pilot | Ridgeline | Element,Honda,agreement,Accord,false,superseded_high_stock_reaudit,Latest-active reviewed MTO key; pass agreement is recomputed using case-insensitive model-family equivalence.,Reviewed two-pass MTO make/model inference using NCIC model-code abbreviations and NHTSA vPIC make/model examples (2026-08-12).
ontario_ministry_transport_vehicle_population,DODG,DUR,COMMERCIAL | PASSENGER,2014,2025,11,2014 | 2016 | 2017 | 2018 | 2019 | 2020 | 2021 | 2022 | 2023 | 2024 | 2025,1998,2026,28,499,167490,2025,21077,Durango,Durango,,,Dodge,agreement,Durango,false,superseded_high_stock_reaudit,Latest-active reviewed MTO key; pass agreement is recomputed using case-insensitive model-family equivalence.,Reviewed two-pass MTO make/model inference using NCIC model-code abbreviations and NHTSA vPIC make/model examples (2026-08-12).
ontario_ministry_transport_vehicle_population,TOYT,CTX,PASSENGER,2014,2025,11,2014 | 2016 | 2017 | 2018 | 2019 | 2020 | 2021 | 2022 | 2023 | 2024 | 2025,2009,2014,6,66,269063,2025,21071,Matrix,Corolla Matrix,"vPIC supports the model, but the Ontario abbreviation is not uniquely identifying.",,Toyota,agreement,Corolla Matrix,false,superseded_high_stock_reaudit,Latest-active reviewed MTO key; pass agreement is recomputed using case-insensitive model-family equivalence.,Reviewed two-pass MTO make/model inference using NCIC model-code abbreviations and NHTSA vPIC make/model examples (2026-08-12).
ontario_ministry_transport_vehicle_population,CHEV,CPT,PASSENGER,2014,2025,11,2014 | 2016 | 2017 | 2018 | 2019 | 2020 | 2021 | 2022 | 2023 | 2024 | 2025,1974,2026,13,86,55289,2025,21025,Captiva,Captiva Sport,"vPIC supports the model, but the Ontario abbreviation is not uniquely identifying.",,Chevrolet,agreement,Captiva Sport,false,superseded_high_stock_reaudit,Latest-active reviewed MTO key; pass agreement is recomputed using case-insensitive model-family equivalence.,Reviewed two-pass MTO make/model inference using NCIC model-code abbreviations and NHTSA vPIC make/model examples (2026-08-12).
ontario_ministry_transport_vehicle_population,HOND,UEX,PASSENGER,2014,2025,11,2014 | 2016 | 2017 | 2018 | 2019 | 2020 | 2021 | 2022 | 2023 | 2024 | 2025,1991,2017,27,295,359913,2025,20888,Accord,Accord,,,Honda,agreement,Accord,false,superseded_high_stock_reaudit,Latest-active reviewed MTO key; pass agreement is recomputed using case-insensitive model-family equivalence.,Reviewed two-pass MTO make/model inference using NCIC model-code abbreviations and NHTSA vPIC make/model examples (2026-08-12).
ontario_ministry_transport_vehicle_population,FORD,MGT,PASSENGER,2014,2025,11,2014 | 2016 | 2017 | 2018 | 2019 | 2020 | 2021 | 2022 | 2023 | 2024 | 2025,1965,2025,46,447,199624,2025,20845,GT,GT,,,Ford,agreement,GT,false,superseded_high_stock_reaudit,Latest-active reviewed MTO key; pass agreement is recomputed using case-insensitive model-family equivalence.,Reviewed two-pass MTO make/model inference using NCIC model-code abbreviations and NHTSA vPIC make/model examples (2026-08-12).
ontario_ministry_transport_vehicle_population,LEXS,RX,PASSENGER,2020,2025,6,2020 | 2021 | 2022 | 2023 | 2024 | 2025,2016,2026,9,37,71043,2025,20619,RX,RX,,,Lexus,agreement,RX,false,superseded_high_stock_reaudit,Latest-active reviewed MTO key; pass agreement is recomputed using case-insensitive model-family equivalence.,Reviewed two-pass MTO make/model inference using NCIC model-code abbreviations and NHTSA vPIC make/model examples (2026-08-12).
ontario_ministry_transport_vehicle_population,JEEP,WRA,PASSENGER,2014,2025,11,2014 | 2016 | 2017 | 2018 | 2019 | 2020 | 2021 | 2022 | 2023 | 2024 | 2025,1979,2026,29,262,171168,2025,20115,Wrangler,Wrangler,,,Jeep,agreement,Wrangler,false,superseded_high_stock_reaudit,Latest-active reviewed MTO key; pass agreement is recomputed using case-insensitive model-family equivalence.,Reviewed two-pass MTO make/model inference using NCIC model-code abbreviations and NHTSA vPIC make/model examples (2026-08-12).
ontario_ministry_transport_vehicle_population,SUBA,OBK,PASSENGER,2014,2025,11,2014 | 2016 | 2017 | 2018 | 2019 | 2020 | 2021 | 2022 | 2023 | 2024 | 2025,2008,2019,12,125,175109,2025,19743,Outback,Outback,,Legacy/Outback,Subaru,agreement,Outback,false,superseded_high_stock_reaudit,Latest-active reviewed MTO key; pass agreement is recomputed using case-insensitive model-family equivalence.,Reviewed two-pass MTO make/model inference using NCIC model-code abbreviations and NHTSA vPIC make/model examples (2026-08-12).
ontario_ministry_transport_vehicle_population,TOYT,CEP,PASSENGER,2014,2025,11,2014 | 2016 | 2017 | 2018 | 2019 | 2020 | 2021 | 2022 | 2023 | 2024 | 2025,2014,2022,9,73,125003,2025,19723,Camry,Camry,,Corolla | C-HR | Prius,Toyota,agreement,Camry,false,superseded_high_stock_reaudit,Latest-active reviewed MTO key; pass agreement is recomputed using case-insensitive model-family equivalence.,Reviewed two-pass MTO make/model inference using NCIC model-code abbreviations and NHTSA vPIC make/model examples (2026-08-12).
ontario_ministry_transport_vehicle_population,BUIC,ENR,PASSENGER,2014,2025,11,2014 | 2016 | 2017 | 2018 | 2019 | 2020 | 2021 | 2022 | 2023 | 2024 | 2025,2013,2022,10,88,169942,2025,19633,Encore,Encore,,,Buick,agreement,Encore,false,superseded_high_stock_reaudit,Latest-active reviewed MTO key; pass agreement is recomputed using case-insensitive model-family equivalence.,Reviewed two-pass MTO make/model inference using NCIC model-code abbreviations and NHTSA vPIC make/model examples (2026-08-12).
ontario_ministry_transport_vehicle_population,GMC,ACA,PASSENGER,2014,2025,11,2014 | 2016 | 2017 | 2018 | 2019 | 2020 | 2021 | 2022 | 2023 | 2024 | 2025,1963,2026,24,207,207384,2025,19476,Acadia,Acadia,,,GMC,agreement,Acadia,false,superseded_high_stock_reaudit,Latest-active reviewed MTO key; pass agreement is recomputed using case-insensitive model-family equivalence.,Reviewed two-pass MTO make/model inference using NCIC model-code abbreviations and NHTSA vPIC make/model examples (2026-08-12).
ontario_ministry_transport_vehicle_population,VOLV,VVN,COMMERCIAL,2014,2025,11,2014 | 2016 | 2017 | 2018 | 2019 | 2020 | 2021 | 2022 | 2023 | 2024 | 2025,1998,2025,28,262,196095,2025,19326,V90,V90,,V70 | V60 | V50,Volvo,agreement,V90,false,superseded_high_stock_reaudit,Latest-active reviewed MTO key; pass agreement is recomputed using case-insensitive model-family equivalence.,Reviewed two-pass MTO make/model inference using NCIC model-code abbreviations and NHTSA vPIC make/model examples (2026-08-12).
ontario_ministry_transport_vehicle_population,TOYT,TIM,PASSENGER,2016,2025,10,2016 | 2017 | 2018 | 2019 | 2020 | 2021 | 2022 | 2023 | 2024 | 2025,2017,2022,6,41,126722,2025,19227,Tacoma,Tacoma,,Tundra | Prius Prime | Prius,Toyota,agreement,Tacoma,false,superseded_high_stock_reaudit,Latest-active reviewed MTO key; pass agreement is recomputed using case-insensitive model-family equivalence.,Reviewed two-pass MTO make/model inference using NCIC model-code abbreviations and NHTSA vPIC make/model examples (2026-08-12).
ontario_ministry_transport_vehicle_population,LEXS,NX,PASSENGER,2022,2025,4,2022 | 2023 | 2024 | 2025,2020,2026,7,19,46034,2025,19201,NX,NX,,,Lexus,agreement,NX,false,superseded_high_stock_reaudit,Latest-active reviewed MTO key; pass agreement is recomputed using case-insensitive model-family equivalence.,Reviewed two-pass MTO make/model inference using NCIC model-code abbreviations and NHTSA vPIC make/model examples (2026-08-12).
ontario_ministry_transport_vehicle_population,VOLK,TAO,PASSENGER,2023,2025,3,2023 | 2024 | 2025,2022,2026,5,11,35802,2025,19112,Taos,Taos,,,Volkswagen,agreement,Taos,false,superseded_high_stock_reaudit,Latest-active reviewed MTO key; pass agreement is recomputed using case-insensitive model-family equivalence.,Reviewed two-pass MTO make/model inference using NCIC model-code abbreviations and NHTSA vPIC make/model examples (2026-08-12).
ontario_ministry_transport_vehicle_population,TOYT,PRI,PASSENGER,2014,2025,11,2014 | 2016 | 2017 | 2018 | 2019 | 2020 | 2021 | 2022 | 2023 | 2024 | 2025,1998,2026,29,261,148865,2025,18918,Prius,Prius,,Prius c | Prius v,Toyota,agreement,Prius,false,superseded_high_stock_reaudit,Latest-active reviewed MTO key; pass agreement is recomputed using case-insensitive model-family equivalence.,Reviewed two-pass MTO make/model inference using NCIC model-code abbreviations and NHTSA vPIC make/model examples (2026-08-12).
ontario_ministry_transport_vehicle_population,KW,CON,COMMERCIAL,2014,2025,11,2014 | 2016 | 2017 | 2018 | 2019 | 2020 | 2021 | 2022 | 2023 | 2024 | 2025,1966,2026,58,582,182573,2025,18882,Conventional-cab truck (model unresolved),W900,Generic Ontario code spans multiple vPIC models; this is the closest family match.,T680 | T800 | W900,Kenworth,disagreement,,false,superseded_high_stock_reaudit,Latest-active reviewed MTO key; pass agreement is recomputed using case-insensitive model-family equivalence.,Reviewed two-pass MTO make/model inference using NCIC model-code abbreviations and NHTSA vPIC make/model examples (2026-08-12).
ontario_ministry_transport_vehicle_population,HOND,CTU,PASSENGER,2016,2025,10,2016 | 2017 | 2018 | 2019 | 2020 | 2021 | 2022 | 2023 | 2024 | 2025,2016,2021,6,50,156231,2025,18754,CR-V,CR-V,,Clarity | Civic | CR-Z,Honda,agreement,CR-V,false,superseded_high_stock_reaudit,Latest-active reviewed MTO key; pass agreement is recomputed using case-insensitive model-family equivalence.,Reviewed two-pass MTO make/model inference using NCIC model-code abbreviations and NHTSA vPIC make/model examples (2026-08-12).
ontario_ministry_transport_vehicle_population,MERZ,FBG,PASSENGER,2019,2025,7,2019 | 2020 | 2021 | 2022 | 2023 | 2024 | 2025,2020,2025,6,27,79141,2025,18626,AMG GT,AMG GT,,G-Class | EQB | GLS-Class,Mercedes-Benz,agreement,AMG GT,false,superseded_high_stock_reaudit,Latest-active reviewed MTO key; pass agreement is recomputed using case-insensitive model-family equivalence.,Reviewed two-pass MTO make/model inference using NCIC model-code abbreviations and NHTSA vPIC make/model examples (2026-08-12).
ontario_ministry_transport_vehicle_population,VOLK,GLF,PASSENGER,2014,2025,11,2014 | 2016 | 2017 | 2018 | 2019 | 2020 | 2021 | 2022 | 2023 | 2024 | 2025,1978,2026,44,409,159097,2025,18379,Golf,Golf,,GTI | Golf R,Volkswagen,agreement,Golf,false,superseded_high_stock_reaudit,Latest-active reviewed MTO key; pass agreement is recomputed using case-insensitive model-family equivalence.,Reviewed two-pass MTO make/model inference using NCIC model-code abbreviations and NHTSA vPIC make/model examples (2026-08-12).
ontario_ministry_transport_vehicle_population,GMC,CAN,COMMERCIAL,2014,2025,11,2014 | 2016 | 2017 | 2018 | 2019 | 2020 | 2021 | 2022 | 2023 | 2024 | 2025,1966,2026,25,226,163754,2025,18155,Canyon,Canyon,,,GMC,agreement,Canyon,false,superseded_high_stock_reaudit,Latest-active reviewed MTO key; pass agreement is recomputed using case-insensitive model-family equivalence.,Reviewed two-pass MTO make/model inference using NCIC model-code abbreviations and NHTSA vPIC make/model examples (2026-08-12).
ontario_ministry_transport_vehicle_population,AUDI,AQ3,PASSENGER,2014,2025,11,2014 | 2016 | 2017 | 2018 | 2019 | 2020 | 2021 | 2022 | 2023 | 2024 | 2025,2015,2025,11,74,97244,2025,18147,Q3,Q3,,A3,Audi,agreement,Q3,false,superseded_high_stock_reaudit,Latest-active reviewed MTO key; pass agreement is recomputed using case-insensitive model-family equivalence.,Reviewed two-pass MTO make/model inference using NCIC model-code abbreviations and NHTSA vPIC make/model examples (2026-08-12).
ontario_ministry_transport_vehicle_population,TOYT,CAM,PASSENGER,2022,2025,4,2022 | 2023 | 2024 | 2025,1978,2026,32,122,46512,2025,17990,Camry,Camry,,,Toyota,agreement,Camry,false,superseded_high_stock_reaudit,Latest-active reviewed MTO key; pass agreement is recomputed using case-insensitive model-family equivalence.,Reviewed two-pass MTO make/model inference using NCIC model-code abbreviations and NHTSA vPIC make/model examples (2026-08-12).
ontario_ministry_transport_vehicle_population,TOYT,RUN,COMMERCIAL | PASSENGER,2014,2025,11,2014 | 2016 | 2017 | 2018 | 2019 | 2020 | 2021 | 2022 | 2023 | 2024 | 2025,1984,2023,40,441,190395,2025,17960,4Runner,4Runner,,RAV4,Toyota,agreement,4Runner,false,superseded_high_stock_reaudit,Latest-active reviewed MTO key; pass agreement is recomputed using case-insensitive model-family equivalence.,Reviewed two-pass MTO make/model inference using NCIC model-code abbreviations and NHTSA vPIC make/model examples (2026-08-12).
ontario_ministry_transport_vehicle_population,AUDI,Q5,PASSENGER,2017,2025,9,2017 | 2018 | 2019 | 2020 | 2021 | 2022 | 2023 | 2024 | 2025,2010,2025,13,89,111763,2025,17708,Q5,Q5,,,Audi,agreement,Q5,false,superseded_high_stock_reaudit,Latest-active reviewed MTO key; pass agreement is recomputed using case-insensitive model-family equivalence.,Reviewed two-pass MTO make/model inference using NCIC model-code abbreviations and NHTSA vPIC make/model examples (2026-08-12).
ontario_ministry_transport_vehicle_population,HOND,RID,COMMERCIAL | PASSENGER,2014,2025,11,2014 | 2016 | 2017 | 2018 | 2019 | 2020 | 2021 | 2022 | 2023 | 2024 | 2025,2006,2026,19,304,154371,2025,17273,Ridgeline,Ridgeline,,,Honda,agreement,Ridgeline,false,superseded_high_stock_reaudit,Latest-active reviewed MTO key; pass agreement is recomputed using case-insensitive model-family equivalence.,Reviewed two-pass MTO make/model inference using NCIC model-code abbreviations and NHTSA vPIC make/model examples (2026-08-12).
ontario_ministry_transport_vehicle_population,GMC,YUK,COMMERCIAL | PASSENGER,2014,2025,11,2014 | 2016 | 2017 | 2018 | 2019 | 2020 | 2021 | 2022 | 2023 | 2024 | 2025,1992,2026,35,658,166467,2025,16720,Yukon,Yukon,,,GMC,agreement,Yukon,false,superseded_high_stock_reaudit,Latest-active reviewed MTO key; pass agreement is recomputed using case-insensitive model-family equivalence.,Reviewed two-pass MTO make/model inference using NCIC model-code abbreviations and NHTSA vPIC make/model examples (2026-08-12).
ontario_ministry_transport_vehicle_population,CHEV,9MG,PASSENGER,2020,2025,6,2020 | 2021 | 2022 | 2023 | 2024 | 2025,2021,2026,6,21,49090,2025,16568,Malibu,Malibu,,Camaro | Traverse | Trailblazer,Chevrolet,agreement,Malibu,false,superseded_high_stock_reaudit,Latest-active reviewed MTO key; pass agreement is recomputed using case-insensitive model-family equivalence.,Reviewed two-pass MTO make/model inference using NCIC model-code abbreviations and NHTSA vPIC make/model examples (2026-08-12).
ontario_ministry_transport_vehicle_population,FORD,CTV,COMMERCIAL | PASSENGER,2014,2025,11,2014 | 2016 | 2017 | 2018 | 2019 | 2020 | 2021 | 2022 | 2023 | 2024 | 2025,1967,2026,59,1148,189777,2025,15988,Econoline/E-Series cutaway,E-350,Generic Ontario code spans multiple vPIC models; this is the closest family match.,E-350 | E-450,Ford,disagreement,,false,superseded_high_stock_reaudit,Latest-active reviewed MTO key; pass agreement is recomputed using case-insensitive model-family equivalence.,Reviewed two-pass MTO make/model inference using NCIC model-code abbreviations and NHTSA vPIC make/model examples (2026-08-12).
ontario_ministry_transport_vehicle_population,VOLV,XC9,PASSENGER,2014,2025,11,2014 | 2016 | 2017 | 2018 | 2019 | 2020 | 2021 | 2022 | 2023 | 2024 | 2025,2003,2026,23,196,126007,2025,15723,XC90,XC90,,,Volvo,agreement,XC90,false,superseded_high_stock_reaudit,Latest-active reviewed MTO key; pass agreement is recomputed using case-insensitive model-family equivalence.,Reviewed two-pass MTO make/model inference using NCIC model-code abbreviations and NHTSA vPIC make/model examples (2026-08-12).
ontario_ministry_transport_vehicle_population,VOLK,JBS,PASSENGER,2014,2025,11,2014 | 2016 | 2017 | 2018 | 2019 | 2020 | 2021 | 2022 | 2023 | 2024 | 2025,2011,2015,5,55,183022,2025,15645,Jetta,Jetta,,Eos | Passat | Beetle,Volkswagen,agreement,Jetta,false,superseded_high_stock_reaudit,Latest-active reviewed MTO key; pass agreement is recomputed using case-insensitive model-family equivalence.,Reviewed two-pass MTO make/model inference using NCIC model-code abbreviations and NHTSA vPIC make/model examples (2026-08-12).
ontario_ministry_transport_vehicle_population,MERZ,GLC,PASSENGER,2016,2025,10,2016 | 2017 | 2018 | 2019 | 2020 | 2021 | 2022 | 2023 | 2024 | 2025,2016,2026,11,65,121916,2025,15512,GLC-Class,GLC-Class,,,Mercedes-Benz,agreement,GLC-Class,false,superseded_high_stock_reaudit,Latest-active reviewed MTO key; pass agreement is recomputed using case-insensitive model-family equivalence.,Reviewed two-pass MTO make/model inference using NCIC model-code abbreviations and NHTSA vPIC make/model examples (2026-08-12).
ontario_ministry_transport_vehicle_population,LEXS,E35,PASSENGER,2014,2025,11,2014 | 2016 | 2017 | 2018 | 2019 | 2020 | 2021 | 2022 | 2023 | 2024 | 2025,2007,2022,16,154,176233,2025,15411,ES,ES,,ES350,Lexus,agreement,ES,false,superseded_high_stock_reaudit,Latest-active reviewed MTO key; pass agreement is recomputed using case-insensitive model-family equivalence.,Reviewed two-pass MTO make/model inference using NCIC model-code abbreviations and NHTSA vPIC make/model examples (2026-08-12).
ontario_ministry_transport_vehicle_population,HOND,CXG,PASSENGER,2014,2025,11,2014 | 2016 | 2017 | 2018 | 2019 | 2020 | 2021 | 2022 | 2023 | 2024 | 2025,2007,2011,5,55,208734,2025,15133,CR-V,CR-V,,Civic | CR-Z | Accord,Honda,agreement,CR-V,false,superseded_high_stock_reaudit,Latest-active reviewed MTO key; pass agreement is recomputed using case-insensitive model-family equivalence.,Reviewed two-pass MTO make/model inference using NCIC model-code abbreviations and NHTSA vPIC make/model examples (2026-08-12).
ontario_ministry_transport_vehicle_population,CADI,XT5,PASSENGER,2016,2025,10,2016 | 2017 | 2018 | 2019 | 2020 | 2021 | 2022 | 2023 | 2024 | 2025,2017,2026,10,55,99676,2025,14974,XT5,XT5,,,Cadillac,agreement,XT5,false,superseded_high_stock_reaudit,Latest-active reviewed MTO key; pass agreement is recomputed using case-insensitive model-family equivalence.,Reviewed two-pass MTO make/model inference using NCIC model-code abbreviations and NHTSA vPIC make/model examples (2026-08-12).
ontario_ministry_transport_vehicle_population,CHEV,CVT,PASSENGER,2014,2025,11,2014 | 2016 | 2017 | 2018 | 2019 | 2020 | 2021 | 2022 | 2023 | 2024 | 2025,1932,2022,66,710,168244,2025,14869,Corvette,Corvette,,Chevette,Chevrolet,agreement,Corvette,false,superseded_high_stock_reaudit,Latest-active reviewed MTO key; pass agreement is recomputed using case-insensitive model-family equivalence.,Reviewed two-pass MTO make/model inference using NCIC model-code abbreviations and NHTSA vPIC make/model examples (2026-08-12).
ontario_ministry_transport_vehicle_population,VOLK,JTC,PASSENGER,2018,2025,8,2018 | 2019 | 2020 | 2021 | 2022 | 2023 | 2024 | 2025,2019,2024,6,30,94841,2025,14831,Jetta,Jetta,,,Volkswagen,agreement,Jetta,false,superseded_high_stock_reaudit,Latest-active reviewed MTO key; pass agreement is recomputed using case-insensitive model-family equivalence.,Reviewed two-pass MTO make/model inference using NCIC model-code abbreviations and NHTSA vPIC make/model examples (2026-08-12).
ontario_ministry_transport_vehicle_population,RAM,150,COMMERCIAL,2018,2025,3,2018 | 2024 | 2025,2014,2026,10,22,20517,2025,14779,1500,1500,,,Ram,agreement,1500,false,superseded_high_stock_reaudit,Latest-active reviewed MTO key; pass agreement is recomputed using case-insensitive model-family equivalence.,Reviewed two-pass MTO make/model inference using NCIC model-code abbreviations and NHTSA vPIC make/model examples (2026-08-12).
ontario_ministry_transport_vehicle_population,AUDI,AQ8,PASSENGER,2019,2025,7,2019 | 2020 | 2021 | 2022 | 2023 | 2024 | 2025,1997,2025,8,41,53527,2025,14709,Q8,Q8,,A8,Audi,agreement,Q8,false,superseded_high_stock_reaudit,Latest-active reviewed MTO key; pass agreement is recomputed using case-insensitive model-family equivalence.,Reviewed two-pass MTO make/model inference using NCIC model-code abbreviations and NHTSA vPIC make/model examples (2026-08-12).
ontario_ministry_transport_vehicle_population,BUIC,ENC,PASSENGER,2014,2025,11,2014 | 2016 | 2017 | 2018 | 2019 | 2020 | 2021 | 2022 | 2023 | 2024 | 2025,2008,2026,19,153,162510,2025,14622,Enclave,Enclave,,,Buick,agreement,Enclave,false,superseded_high_stock_reaudit,Latest-active reviewed MTO key; pass agreement is recomputed using case-insensitive model-family equivalence.,Reviewed two-pass MTO make/model inference using NCIC model-code abbreviations and NHTSA vPIC make/model examples (2026-08-12).
ontario_ministry_transport_vehicle_population,NISS,FRT,COMMERCIAL,2014,2025,11,2014 | 2016 | 2017 | 2018 | 2019 | 2020 | 2021 | 2022 | 2023 | 2024 | 2025,1998,2025,26,249,131039,2025,14608,Frontier,Frontier,,,Nissan,agreement,Frontier,false,superseded_high_stock_reaudit,Latest-active reviewed MTO key; pass agreement is recomputed using case-insensitive model-family equivalence.,Reviewed two-pass MTO make/model inference using NCIC model-code abbreviations and NHTSA vPIC make/model examples (2026-08-12).
ontario_ministry_transport_vehicle_population,HYUN,SGL,PASSENGER,2014,2025,11,2014 | 2016 | 2017 | 2018 | 2019 | 2020 | 2021 | 2022 | 2023 | 2024 | 2025,1989,2014,16,176,231272,2025,14602,Sonata,Sonata,,,Hyundai,agreement,Sonata,false,superseded_high_stock_reaudit,Latest-active reviewed MTO key; pass agreement is recomputed using case-insensitive model-family equivalence.,Reviewed two-pass MTO make/model inference using NCIC model-code abbreviations and NHTSA vPIC make/model examples (2026-08-12).
ontario_ministry_transport_vehicle_population,BMW,BX5,PASSENGER,2014,2025,11,2014 | 2016 | 2017 | 2018 | 2019 | 2020 | 2021 | 2022 | 2023 | 2024 | 2025,2000,2018,19,205,211614,2025,14541,X5,X5,,,BMW,agreement,X5,false,superseded_high_stock_reaudit,Latest-active reviewed MTO key; pass agreement is recomputed using case-insensitive model-family equivalence.,Reviewed two-pass MTO make/model inference using NCIC model-code abbreviations and NHTSA vPIC make/model examples (2026-08-12).
ontario_ministry_transport_vehicle_population,TOYT,C4E,PASSENGER,2014,2025,11,2014 | 2016 | 2017 | 2018 | 2019 | 2020 | 2021 | 2022 | 2023 | 2024 | 2025,2015,2017,3,31,148713,2025,14514,CRESSIDA,Cressida,"Closest vPIC name match, but no sampled year-specific result corroborates it.",4Runner,Toyota,agreement,Cressida,false,superseded_high_stock_reaudit,Latest-active reviewed MTO key; pass agreement is recomputed using case-insensitive model-family equivalence.,Reviewed two-pass MTO make/model inference using NCIC model-code abbreviations and NHTSA vPIC make/model examples (2026-08-12).
ontario_ministry_transport_vehicle_population,TOYT,AXP,PASSENGER,2016,2025,10,2016 | 2017 | 2018 | 2019 | 2020 | 2021 | 2022 | 2023 | 2024 | 2025,2016,2022,7,51,115667,2025,14380,Avalon,Avalon,,RAV4 | Prius | Camry,Toyota,agreement,Avalon,false,superseded_high_stock_reaudit,Latest-active reviewed MTO key; pass agreement is recomputed using case-insensitive model-family equivalence.,Reviewed two-pass MTO make/model inference using NCIC model-code abbreviations and NHTSA vPIC make/model examples (2026-08-12).
ontario_ministry_transport_vehicle_population,MAZD,CX9,PASSENGER,2014,2025,11,2014 | 2016 | 2017 | 2018 | 2019 | 2020 | 2021 | 2022 | 2023 | 2024 | 2025,2007,2023,17,157,119846,2025,14314,CX-9,CX-9,,,Mazda,agreement,CX-9,false,superseded_high_stock_reaudit,Latest-active reviewed MTO key; pass agreement is recomputed using case-insensitive model-family equivalence.,Reviewed two-pass MTO make/model inference using NCIC model-code abbreviations and NHTSA vPIC make/model examples (2026-08-12).
ontario_ministry_transport_vehicle_population,CHEV,TRA,PASSENGER,2024,2025,2,2024 | 2025,1970,2026,21,41,18723,2025,14308,Trax,Trax,,Traverse,Chevrolet,agreement,Trax,false,superseded_high_stock_reaudit,Latest-active reviewed MTO key; pass agreement is recomputed using case-insensitive model-family equivalence.,Reviewed two-pass MTO make/model inference using NCIC model-code abbreviations and NHTSA vPIC make/model examples (2026-08-12).
ontario_ministry_transport_vehicle_population,HYUN,K2G,PASSENGER,2018,2025,8,2018 | 2019 | 2020 | 2021 | 2022 | 2023 | 2024 | 2025,2018,2023,6,38,78431,2025,14277,Kona,Kona,,Santa Fe | Elantra,Hyundai,agreement,Kona,false,superseded_high_stock_reaudit,Latest-active reviewed MTO key; pass agreement is recomputed using case-insensitive model-family equivalence.,Reviewed two-pass MTO make/model inference using NCIC model-code abbreviations and NHTSA vPIC make/model examples (2026-08-12).
ontario_ministry_transport_vehicle_population,BMW,BX3,PASSENGER,2014,2025,11,2014 | 2016 | 2017 | 2018 | 2019 | 2020 | 2021 | 2022 | 2023 | 2024 | 2025,2004,2017,14,152,186496,2025,14252,X3,X3,,,BMW,agreement,X3,false,superseded_high_stock_reaudit,Latest-active reviewed MTO key; pass agreement is recomputed using case-insensitive model-family equivalence.,Reviewed two-pass MTO make/model inference using NCIC model-code abbreviations and NHTSA vPIC make/model examples (2026-08-12).
ontario_ministry_transport_vehicle_population,FORD,ECO,COMMERCIAL | PASSENGER,2014,2025,11,2014 | 2016 | 2017 | 2018 | 2019 | 2020 | 2021 | 2022 | 2023 | 2024 | 2025,1961,2024,53,1027,92736,2025,14178,E250 Econoline,E-250,"vPIC supports the model, but the Ontario abbreviation is not uniquely identifying.",E150 Econoline | ECONOLINE 100 | ECONOLINE E350,Ford,agreement,E-250,false,superseded_high_stock_reaudit,Latest-active reviewed MTO key; pass agreement is recomputed using case-insensitive model-family equivalence.,Reviewed two-pass MTO make/model inference using NCIC model-code abbreviations and NHTSA vPIC make/model examples (2026-08-12).
ontario_ministry_transport_vehicle_population,BUIC,FXG,PASSENGER,2016,2025,10,2016 | 2017 | 2018 | 2019 | 2020 | 2021 | 2022 | 2023 | 2024 | 2025,2016,2025,10,63,58628,2025,14068,Regal,Regal,,Envision | Encore | Enclave,Buick,agreement,Regal,false,superseded_high_stock_reaudit,Latest-active reviewed MTO key; pass agreement is recomputed using case-insensitive model-family equivalence.,Reviewed two-pass MTO make/model inference using NCIC model-code abbreviations and NHTSA vPIC make/model examples (2026-08-12).
ontario_ministry_transport_vehicle_population,VOLV,XC6,PASSENGER,2014,2025,11,2014 | 2016 | 2017 | 2018 | 2019 | 2020 | 2021 | 2022 | 2023 | 2024 | 2025,2000,2026,19,149,90360,2025,13866,XC60,XC60,,,Volvo,agreement,XC60,false,superseded_high_stock_reaudit,Latest-active reviewed MTO key; pass agreement is recomputed using case-insensitive model-family equivalence.,Reviewed two-pass MTO make/model inference using NCIC model-code abbreviations and NHTSA vPIC make/model examples (2026-08-12).
ontario_ministry_transport_vehicle_population,TOYT,CTR,PASSENGER,2014,2025,11,2014 | 2016 | 2017 | 2018 | 2019 | 2020 | 2021 | 2022 | 2023 | 2024 | 2025,2003,2008,6,66,241956,2025,13802,Corolla,Corolla,,Camry,Toyota,agreement,Corolla,false,superseded_high_stock_reaudit,Latest-active reviewed MTO key; pass agreement is recomputed using case-insensitive model-family equivalence.,Reviewed two-pass MTO make/model inference using NCIC model-code abbreviations and NHTSA vPIC make/model examples (2026-08-12).
ontario_ministry_transport_vehicle_population,NISS,ATS,PASSENGER,2014,2025,11,2014 | 2016 | 2017 | 2018 | 2019 | 2020 | 2021 | 2022 | 2023 | 2024 | 2025,2007,2012,6,66,243110,2025,13751,Altima,Altima,,ALTRA-EV | Maxima,Nissan,agreement,Altima,false,superseded_high_stock_reaudit,Latest-active reviewed MTO key; pass agreement is recomputed using case-insensitive model-family equivalence.,Reviewed two-pass MTO make/model inference using NCIC model-code abbreviations and NHTSA vPIC make/model examples (2026-08-12).
ontario_ministry_transport_vehicle_population,CHEV,KTA,COMMERCIAL | PASSENGER,2014,2025,11,2014 | 2016 | 2017 | 2018 | 2019 | 2020 | 2021 | 2022 | 2023 | 2024 | 2025,1995,2025,31,589,118215,2025,13717,Tahoe,Tahoe,,,Chevrolet,agreement,Tahoe,false,superseded_high_stock_reaudit,Latest-active reviewed MTO key; pass agreement is recomputed using case-insensitive model-family equivalence.,Reviewed two-pass MTO make/model inference using NCIC model-code abbreviations and NHTSA vPIC make/model examples (2026-08-12).
ontario_ministry_transport_vehicle_population,VOLK,JWE,PASSENGER,2014,2025,11,2014 | 2016 | 2017 | 2018 | 2019 | 2020 | 2021 | 2022 | 2023 | 2024 | 2025,1996,2025,17,140,74007,2025,13342,Jetta,Jetta,,,Volkswagen,agreement,Jetta,false,superseded_high_stock_reaudit,Latest-active reviewed MTO key; pass agreement is recomputed using case-insensitive model-family equivalence.,Reviewed two-pass MTO make/model inference using NCIC model-code abbreviations and NHTSA vPIC make/model examples (2026-08-12).
ontario_ministry_transport_vehicle_population,FORD,TRN,COMMERCIAL | PASSENGER,2014,2025,11,2014 | 2016 | 2017 | 2018 | 2019 | 2020 | 2021 | 2022 | 2023 | 2024 | 2025,1968,2026,24,330,131758,2025,13286,Transit Connect,Transit Connect,,Transit T150,Ford,agreement,Transit Connect,false,superseded_high_stock_reaudit,Latest-active reviewed MTO key; pass agreement is recomputed using case-insensitive model-family equivalence.,Reviewed two-pass MTO make/model inference using NCIC model-code abbreviations and NHTSA vPIC make/model examples (2026-08-12).
ontario_ministry_transport_vehicle_population,PTRB,CON,COMMERCIAL,2014,2025,11,2014 | 2016 | 2017 | 2018 | 2019 | 2020 | 2021 | 2022 | 2023 | 2024 | 2025,1966,2026,49,483,130884,2025,13282,Conventional-cab truck (model unresolved),579,Generic Ontario code spans multiple vPIC models; this is the closest family match.,Peterbilt 379/389 | 579 | 567,Peterbilt,disagreement,,false,superseded_high_stock_reaudit,Latest-active reviewed MTO key; pass agreement is recomputed using case-insensitive model-family equivalence.,Reviewed two-pass MTO make/model inference using NCIC model-code abbreviations and NHTSA vPIC make/model examples (2026-08-12).
ontario_ministry_transport_vehicle_population,MNNI,COO,PASSENGER,2014,2025,11,2014 | 2016 | 2017 | 2018 | 2019 | 2020 | 2021 | 2022 | 2023 | 2024 | 2025,2004,2024,21,194,143380,2025,13275,Cooper,Cooper,,,MINI,agreement,Cooper,false,superseded_high_stock_reaudit,Latest-active reviewed MTO key; pass agreement is recomputed using case-insensitive model-family equivalence.,Reviewed two-pass MTO make/model inference using NCIC model-code abbreviations and NHTSA vPIC make/model examples (2026-08-12).
ontario_ministry_transport_vehicle_population,BMW,28X,PASSENGER,2014,2025,11,2014 | 2016 | 2017 | 2018 | 2019 | 2020 | 2021 | 2022 | 2023 | 2024 | 2025,2007,2016,10,109,176397,2025,13221,2.8,228,"vPIC supports the model, but the Ontario abbreviation is not uniquely identifying.",,BMW,disagreement,,false,superseded_high_stock_reaudit,Latest-active reviewed MTO key; pass agreement is recomputed using case-insensitive model-family equivalence.,Reviewed two-pass MTO make/model inference using NCIC model-code abbreviations and NHTSA vPIC make/model examples (2026-08-12).
ontario_ministry_transport_vehicle_population,CHEV,ML2,PASSENGER,2014,2025,11,2014 | 2016 | 2017 | 2018 | 2019 | 2020 | 2021 | 2022 | 2023 | 2024 | 2025,2008,2025,16,131,141762,2025,13170,Malibu,Malibu,,,Chevrolet,agreement,Malibu,false,superseded_high_stock_reaudit,Latest-active reviewed MTO key; pass agreement is recomputed using case-insensitive model-family equivalence.,Reviewed two-pass MTO make/model inference using NCIC model-code abbreviations and NHTSA vPIC make/model examples (2026-08-12).
ontario_ministry_transport_vehicle_population,RAM,RPR,COMMERCIAL | PASSENGER,2014,2025,11,2014 | 2016 | 2017 | 2018 | 2019 | 2020 | 2021 | 2022 | 2023 | 2024 | 2025,2014,2025,12,155,80409,2025,12954,Promaster City,Promaster City,,,Ram,agreement,Promaster City,false,superseded_high_stock_reaudit,Latest-active reviewed MTO key; pass agreement is recomputed using case-insensitive model-family equivalence.,Reviewed two-pass MTO make/model inference using NCIC model-code abbreviations and NHTSA vPIC make/model examples (2026-08-12).
ontario_ministry_transport_vehicle_population,HOND,FKG,PASSENGER,2016,2025,10,2016 | 2017 | 2018 | 2019 | 2020 | 2021 | 2022 | 2023 | 2024 | 2025,2017,2021,5,40,100498,2025,12833,Fit,Fit,,Ridgeline,Honda,agreement,Fit,false,superseded_high_stock_reaudit,Latest-active reviewed MTO key; pass agreement is recomputed using case-insensitive model-family equivalence.,Reviewed two-pass MTO make/model inference using NCIC model-code abbreviations and NHTSA vPIC make/model examples (2026-08-12).
ontario_ministry_transport_vehicle_population,HOND,UCD,PASSENGER,2014,2025,11,2014 | 2016 | 2017 | 2018 | 2019 | 2020 | 2021 | 2022 | 2023 | 2024 | 2025,1988,2014,27,297,263264,2025,12822,Accord,Accord,,,Honda,agreement,Accord,false,superseded_high_stock_reaudit,Latest-active reviewed MTO key; pass agreement is recomputed using case-insensitive model-family equivalence.,Reviewed two-pass MTO make/model inference using NCIC model-code abbreviations and NHTSA vPIC make/model examples (2026-08-12).
ontario_ministry_transport_vehicle_population,HOND,CIV,PASSENGER,2014,2025,11,2014 | 2016 | 2017 | 2018 | 2019 | 2020 | 2021 | 2022 | 2023 | 2024 | 2025,1919,2025,58,524,246699,2025,12644,Civic,Civic,,,Honda,agreement,Civic,false,superseded_high_stock_reaudit,Latest-active reviewed MTO key; pass agreement is recomputed using case-insensitive model-family equivalence.,Reviewed two-pass MTO make/model inference using NCIC model-code abbreviations and NHTSA vPIC make/model examples (2026-08-12).
ontario_ministry_transport_vehicle_population,HYUN,R5G,PASSENGER,2019,2025,7,2019 | 2020 | 2021 | 2022 | 2023 | 2024 | 2025,2020,2026,7,28,40633,2025,12599,Ioniq 5,Ioniq 5,,Elantra | Santa Cruz | Ioniq,Hyundai,agreement,Ioniq 5,false,superseded_high_stock_reaudit,Latest-active reviewed MTO key; pass agreement is recomputed using case-insensitive model-family equivalence.,Reviewed two-pass MTO make/model inference using NCIC model-code abbreviations and NHTSA vPIC make/model examples (2026-08-12).
ontario_ministry_transport_vehicle_population,AUDI,AQ5,PASSENGER,2014,2025,11,2014 | 2016 | 2017 | 2018 | 2019 | 2020 | 2021 | 2022 | 2023 | 2024 | 2025,2009,2025,16,122,146282,2025,12592,Q5,Q5,,,Audi,agreement,Q5,false,superseded_high_stock_reaudit,Latest-active reviewed MTO key; pass agreement is recomputed using case-insensitive model-family equivalence.,Reviewed two-pass MTO make/model inference using NCIC model-code abbreviations and NHTSA vPIC make/model examples (2026-08-12).
ontario_ministry_transport_vehicle_population,KIA,SED,PASSENGER,2014,2025,11,2014 | 2016 | 2017 | 2018 | 2019 | 2020 | 2021 | 2022 | 2023 | 2024 | 2025,2002,2021,19,193,144977,2025,12365,Sedona,Sedona,,,Kia,agreement,Sedona,false,superseded_high_stock_reaudit,Latest-active reviewed MTO key; pass agreement is recomputed using case-insensitive model-family equivalence.,Reviewed two-pass MTO make/model inference using NCIC model-code abbreviations and NHTSA vPIC make/model examples (2026-08-12).
ontario_ministry_transport_vehicle_population,JEEP,PRT,PASSENGER,2014,2025,11,2014 | 2016 | 2017 | 2018 | 2019 | 2020 | 2021 | 2022 | 2023 | 2024 | 2025,2007,2017,11,119,192550,2025,12330,Patriot,Patriot,,,Jeep,agreement,Patriot,false,superseded_high_stock_reaudit,Latest-active reviewed MTO key; pass agreement is recomputed using case-insensitive model-family equivalence.,Reviewed two-pass MTO make/model inference using NCIC model-code abbreviations and NHTSA vPIC make/model examples (2026-08-12).
ontario_ministry_transport_vehicle_population,VOLK,JES,PASSENGER,2014,2025,11,2014 | 2016 | 2017 | 2018 | 2019 | 2020 | 2021 | 2022 | 2023 | 2024 | 2025,2008,2018,10,102,136670,2025,12275,Jetta,Jetta,,,Volkswagen,agreement,Jetta,false,superseded_high_stock_reaudit,Latest-active reviewed MTO key; pass agreement is recomputed using case-insensitive model-family equivalence.,Reviewed two-pass MTO make/model inference using NCIC model-code abbreviations and NHTSA vPIC make/model examples (2026-08-12).
ontario_ministry_transport_vehicle_population,HYUN,ASE,PASSENGER,2014,2025,11,2014 | 2016 | 2017 | 2018 | 2019 | 2020 | 2021 | 2022 | 2023 | 2024 | 2025,2007,2017,7,75,153255,2025,12271,Santa Fe,Santa Fe,,Azera | Accent,Hyundai,agreement,Santa Fe,false,superseded_high_stock_reaudit,Latest-active reviewed MTO key; pass agreement is recomputed using case-insensitive model-family equivalence.,Reviewed two-pass MTO make/model inference using NCIC model-code abbreviations and NHTSA vPIC make/model examples (2026-08-12).
ontario_ministry_transport_vehicle_population,TOYT,YAR,PASSENGER,2014,2025,11,2014 | 2016 | 2017 | 2018 | 2019 | 2020 | 2021 | 2022 | 2023 | 2024 | 2025,2005,2020,13,137,184710,2025,12238,Yaris,Yaris,,,Toyota,agreement,Yaris,false,superseded_high_stock_reaudit,Latest-active reviewed MTO key; pass agreement is recomputed using case-insensitive model-family equivalence.,Reviewed two-pass MTO make/model inference using NCIC model-code abbreviations and NHTSA vPIC make/model examples (2026-08-12).
ontario_ministry_transport_vehicle_population,FORD,CLU,PASSENGER,2014,2025,7,2014 | 2016 | 2021 | 2022 | 2023 | 2024 | 2025,1927,2025,53,352,34486,2025,12045,CLUB WAGON E350,E-350,vPIC also supports Focus; the code does not clearly distinguish them.,CLUB WAGON E250 | CLUB WAGON E150 | Focus,Ford,agreement,E-350,false,superseded_high_stock_reaudit,Latest-active reviewed MTO key; pass agreement is recomputed using case-insensitive model-family equivalence.,Reviewed two-pass MTO make/model inference using NCIC model-code abbreviations and NHTSA vPIC make/model examples (2026-08-12).
ontario_ministry_transport_vehicle_population,LEXS,NXT,PASSENGER,2016,2025,10,2016 | 2017 | 2018 | 2019 | 2020 | 2021 | 2022 | 2023 | 2024 | 2025,2015,2019,5,47,114911,2025,12022,NX,NX,,,Lexus,agreement,NX,false,superseded_high_stock_reaudit,Latest-active reviewed MTO key; pass agreement is recomputed using case-insensitive model-family equivalence.,Reviewed two-pass MTO make/model inference using NCIC model-code abbreviations and NHTSA vPIC make/model examples (2026-08-12).
ontario_ministry_transport_vehicle_population,MAZD,C30,COMMERCIAL | PASSENGER,2014,2025,6,2014 | 2016 | 2017 | 2023 | 2024 | 2025,1998,2025,8,29,21186,2025,12005,CX-30,CX-30,,,Mazda,agreement,CX-30,false,superseded_high_stock_reaudit,Latest-active reviewed MTO key; pass agreement is recomputed using case-insensitive model-family equivalence.,Reviewed two-pass MTO make/model inference using NCIC model-code abbreviations and NHTSA vPIC make/model examples (2026-08-12).
ontario_ministry_transport_vehicle_population,BMW,53G,PASSENGER,2021,2025,5,2021 | 2022 | 2023 | 2024 | 2025,2010,2026,9,33,33178,2025,11913,5 Series,Model unresolved,Ontario identifies only a vehicle family; vPIC does not support one unique model.,3 Series,BMW,disagreement,,false,superseded_high_stock_reaudit,Latest-active reviewed MTO key; pass agreement is recomputed using case-insensitive model-family equivalence.,Reviewed two-pass MTO make/model inference using NCIC model-code abbreviations and NHTSA vPIC make/model examples (2026-08-12).
ontario_ministry_transport_vehicle_population,HYUN,SSE,PASSENGER,2014,2025,11,2014 | 2016 | 2017 | 2018 | 2019 | 2020 | 2021 | 2022 | 2023 | 2024 | 2025,2015,2022,8,65,112891,2025,11901,Santa Fe,Santa Fe,,Sonata,Hyundai,agreement,Santa Fe,false,superseded_high_stock_reaudit,Latest-active reviewed MTO key; pass agreement is recomputed using case-insensitive model-family equivalence.,Reviewed two-pass MTO make/model inference using NCIC model-code abbreviations and NHTSA vPIC make/model examples (2026-08-12).
ontario_ministry_transport_vehicle_population,HYUN,ETG,PASSENGER,2016,2025,10,2016 | 2017 | 2018 | 2019 | 2020 | 2021 | 2022 | 2023 | 2024 | 2025,2015,2020,6,53,106473,2025,11794,Elantra,Elantra,,,Hyundai,agreement,Elantra,false,superseded_high_stock_reaudit,Latest-active reviewed MTO key; pass agreement is recomputed using case-insensitive model-family equivalence.,Reviewed two-pass MTO make/model inference using NCIC model-code abbreviations and NHTSA vPIC make/model examples (2026-08-12).
ontario_ministry_transport_vehicle_population,CHEV,RAX,PASSENGER,2014,2025,11,2014 | 2016 | 2017 | 2018 | 2019 | 2020 | 2021 | 2022 | 2023 | 2024 | 2025,2015,2022,8,66,105438,2025,11770,Trax,Trax,,,Chevrolet,agreement,Trax,false,superseded_high_stock_reaudit,Latest-active reviewed MTO key; pass agreement is recomputed using case-insensitive model-family equivalence.,Reviewed two-pass MTO make/model inference using NCIC model-code abbreviations and NHTSA vPIC make/model examples (2026-08-12).
ontario_ministry_transport_vehicle_population,NISS,VSL,PASSENGER,2014,2025,11,2014 | 2016 | 2017 | 2018 | 2019 | 2020 | 2021 | 2022 | 2023 | 2024 | 2025,2008,2012,5,55,188153,2025,11556,Versa,Versa,,,Nissan,agreement,Versa,false,superseded_high_stock_reaudit,Latest-active reviewed MTO key; pass agreement is recomputed using case-insensitive model-family equivalence.,Reviewed two-pass MTO make/model inference using NCIC model-code abbreviations and NHTSA vPIC make/model examples (2026-08-12).
ontario_ministry_transport_vehicle_population,VOLK,JSA,PASSENGER,2014,2025,11,2014 | 2016 | 2017 | 2018 | 2019 | 2020 | 2021 | 2022 | 2023 | 2024 | 2025,2009,2017,9,97,137572,2025,11469,Jetta,Jetta,,Passat,Volkswagen,agreement,Jetta,false,superseded_high_stock_reaudit,Latest-active reviewed MTO key; pass agreement is recomputed using case-insensitive model-family equivalence.,Reviewed two-pass MTO make/model inference using NCIC model-code abbreviations and NHTSA vPIC make/model examples (2026-08-12).
ontario_ministry_transport_vehicle_population,HOND,ULS,PASSENGER,2014,2025,11,2014 | 2016 | 2017 | 2018 | 2019 | 2020 | 2021 | 2022 | 2023 | 2024 | 2025,2009,2011,3,33,147190,2025,11465,Pilot,Pilot,,Element | Ridgeline | S2000,Honda,agreement,Pilot,false,superseded_high_stock_reaudit,Latest-active reviewed MTO key; pass agreement is recomputed using case-insensitive model-family equivalence.,Reviewed two-pass MTO make/model inference using NCIC model-code abbreviations and NHTSA vPIC make/model examples (2026-08-12).
ontario_ministry_transport_vehicle_population,ACUR,TXT,PASSENGER,2014,2025,11,2014 | 2016 | 2017 | 2018 | 2019 | 2020 | 2021 | 2022 | 2023 | 2024 | 2025,2015,2025,11,74,87279,2025,11432,TLX,TLX,,,Acura,agreement,TLX,false,superseded_high_stock_reaudit,Latest-active reviewed MTO key; pass agreement is recomputed using case-insensitive model-family equivalence.,Reviewed two-pass MTO make/model inference using NCIC model-code abbreviations and NHTSA vPIC make/model examples (2026-08-12).
ontario_ministry_transport_vehicle_population,FORD,VAN,COMMERCIAL | PASSENGER,2014,2025,11,2014 | 2016 | 2017 | 2018 | 2019 | 2020 | 2021 | 2022 | 2023 | 2024 | 2025,1900,2025,74,1405,214645,2025,11276,Ranger,Ranger,,Aerostar Van,Ford,agreement,Ranger,false,superseded_high_stock_reaudit,Latest-active reviewed MTO key; pass agreement is recomputed using case-insensitive model-family equivalence.,Reviewed two-pass MTO make/model inference using NCIC model-code abbreviations and NHTSA vPIC make/model examples (2026-08-12).
ontario_ministry_transport_vehicle_population,CADI,ESC,COMMERCIAL | PASSENGER,2014,2025,11,2014 | 2016 | 2017 | 2018 | 2019 | 2020 | 2021 | 2022 | 2023 | 2024 | 2025,1999,2026,27,481,109222,2025,10987,Escalade,Escalade,,,Cadillac,agreement,Escalade,false,superseded_high_stock_reaudit,Latest-active reviewed MTO key; pass agreement is recomputed using case-insensitive model-family equivalence.,Reviewed two-pass MTO make/model inference using NCIC model-code abbreviations and NHTSA vPIC make/model examples (2026-08-12).
ontario_ministry_transport_vehicle_population,HYUN,K6G,PASSENGER,2018,2025,8,2018 | 2019 | 2020 | 2021 | 2022 | 2023 | 2024 | 2025,2018,2025,8,43,45917,2025,10944,Kona,Kona,,Ioniq 6 | Ioniq | Ioniq 5,Hyundai,agreement,Kona,false,superseded_high_stock_reaudit,Latest-active reviewed MTO key; pass agreement is recomputed using case-insensitive model-family equivalence.,Reviewed two-pass MTO make/model inference using NCIC model-code abbreviations and NHTSA vPIC make/model examples (2026-08-12).
ontario_ministry_transport_vehicle_population,KIA,EUG,PASSENGER,2020,2025,6,2020 | 2021 | 2022 | 2023 | 2024 | 2025,2021,2026,6,21,34634,2025,10917,EV6,EV6,,EV9 | Telluride | Seltos,Kia,agreement,EV6,false,superseded_high_stock_reaudit,Latest-active reviewed MTO key; pass agreement is recomputed using case-insensitive model-family equivalence.,Reviewed two-pass MTO make/model inference using NCIC model-code abbreviations and NHTSA vPIC make/model examples (2026-08-12).
ontario_ministry_transport_vehicle_population,PONT,VIB,PASSENGER,2014,2025,11,2014 | 2016 | 2017 | 2018 | 2019 | 2020 | 2021 | 2022 | 2023 | 2024 | 2025,2003,2010,8,88,189474,2025,10826,Vibe,Vibe,,,Pontiac,agreement,Vibe,false,superseded_high_stock_reaudit,Latest-active reviewed MTO key; pass agreement is recomputed using case-insensitive model-family equivalence.,Reviewed two-pass MTO make/model inference using NCIC model-code abbreviations and NHTSA vPIC make/model examples (2026-08-12).
ontario_ministry_transport_vehicle_population,HYUN,AGG,PASSENGER,2014,2025,11,2014 | 2016 | 2017 | 2018 | 2019 | 2020 | 2021 | 2022 | 2023 | 2024 | 2025,2012,2014,3,33,146145,2025,10801,Azera,Azera,,Accent | Genesis | Sonata,Hyundai,agreement,Azera,false,superseded_high_stock_reaudit,Latest-active reviewed MTO key; pass agreement is recomputed using case-insensitive model-family equivalence.,Reviewed two-pass MTO make/model inference using NCIC model-code abbreviations and NHTSA vPIC make/model examples (2026-08-12).
ontario_ministry_transport_vehicle_population,FORD,TWL,COMMERCIAL,2022,2025,4,2022 | 2023 | 2024 | 2025,2022,2025,4,12,18373,2025,10764,T,GT,vPIC also supports Explorer; the code does not clearly distinguish them.,GT | Explorer | Transit T150,Ford,disagreement,,false,superseded_high_stock_reaudit,Latest-active reviewed MTO key; pass agreement is recomputed using case-insensitive model-family equivalence.,Reviewed two-pass MTO make/model inference using NCIC model-code abbreviations and NHTSA vPIC make/model examples (2026-08-12).
ontario_ministry_transport_vehicle_population,NISS,VNR,PASSENGER,2016,2025,10,2016 | 2017 | 2018 | 2019 | 2020 | 2021 | 2022 | 2023 | 2024 | 2025,2015,2019,5,41,82993,2025,10715,Versa,Versa,,,Nissan,agreement,Versa,false,superseded_high_stock_reaudit,Latest-active reviewed MTO key; pass agreement is recomputed using case-insensitive model-family equivalence.,Reviewed two-pass MTO make/model inference using NCIC model-code abbreviations and NHTSA vPIC make/model examples (2026-08-12).
ontario_ministry_transport_vehicle_population,BMW,CRG,PASSENGER,2018,2025,8,2018 | 2019 | 2020 | 2021 | 2022 | 2023 | 2024 | 2025,2019,2023,5,30,62961,2025,10595,8 Series (tentative),Model unresolved,Ontario identifies only a vehicle family; vPIC does not support one unique model.,7 Series | 5 Series | 4 Series,BMW,disagreement,,false,superseded_high_stock_reaudit,Latest-active reviewed MTO key; pass agreement is recomputed using case-insensitive model-family equivalence.,Reviewed two-pass MTO make/model inference using NCIC model-code abbreviations and NHTSA vPIC make/model examples (2026-08-12).
ontario_ministry_transport_vehicle_population,CHRY,PIF,PASSENGER,2014,2025,11,2014 | 2016 | 2017 | 2018 | 2019 | 2020 | 2021 | 2022 | 2023 | 2024 | 2025,2004,2024,13,103,96601,2025,10443,Pacifica,Pacifica,,,Chrysler,agreement,Pacifica,false,superseded_high_stock_reaudit,Latest-active reviewed MTO key; pass agreement is recomputed using case-insensitive model-family equivalence.,Reviewed two-pass MTO make/model inference using NCIC model-code abbreviations and NHTSA vPIC make/model examples (2026-08-12).
ontario_ministry_transport_vehicle_population,CHEV,SSM,PASSENGER,2014,2025,11,2014 | 2016 | 2017 | 2018 | 2019 | 2020 | 2021 | 2022 | 2023 | 2024 | 2025,1966,2024,17,150,72371,2025,10389,SS,SS,,,Chevrolet,agreement,SS,false,superseded_high_stock_reaudit,Latest-active reviewed MTO key; pass agreement is recomputed using case-insensitive model-family equivalence.,Reviewed two-pass MTO make/model inference using NCIC model-code abbreviations and NHTSA vPIC make/model examples (2026-08-12).
ontario_ministry_transport_vehicle_population,LINC,MKX,PASSENGER,2014,2025,11,2014 | 2016 | 2017 | 2018 | 2019 | 2020 | 2021 | 2022 | 2023 | 2024 | 2025,2007,2019,13,129,139843,2025,10329,MKX,MKX,,,Lincoln,agreement,MKX,false,superseded_high_stock_reaudit,Latest-active reviewed MTO key; pass agreement is recomputed using case-insensitive model-family equivalence.,Reviewed two-pass MTO make/model inference using NCIC model-code abbreviations and NHTSA vPIC make/model examples (2026-08-12).
ontario_ministry_transport_vehicle_population,MERZ,CSP,COMMERCIAL | PASSENGER,2014,2025,11,2014 | 2016 | 2017 | 2018 | 2019 | 2020 | 2021 | 2022 | 2023 | 2024 | 2025,2010,2019,10,202,113125,2025,10289,C-Class,C-Class,,CLS-Class | S-Class | G-Class,Mercedes-Benz,agreement,C-Class,false,superseded_high_stock_reaudit,Latest-active reviewed MTO key; pass agreement is recomputed using case-insensitive model-family equivalence.,Reviewed two-pass MTO make/model inference using NCIC model-code abbreviations and NHTSA vPIC make/model examples (2026-08-12).
ontario_ministry_transport_vehicle_population,NISS,A2S,PASSENGER,2014,2025,11,2014 | 2016 | 2017 | 2018 | 2019 | 2020 | 2021 | 2022 | 2023 | 2024 | 2025,2013,2015,3,33,126426,2025,10082,Armada,Armada,,Altima | Versa | Quest,Nissan,agreement,Armada,false,superseded_high_stock_reaudit,Latest-active reviewed MTO key; pass agreement is recomputed using case-insensitive model-family equivalence.,Reviewed two-pass MTO make/model inference using NCIC model-code abbreviations and NHTSA vPIC make/model examples (2026-08-12).
ontario_ministry_transport_vehicle_population,HOND,AST,PASSENGER,2014,2025,11,2014 | 2016 | 2017 | 2018 | 2019 | 2020 | 2021 | 2022 | 2023 | 2024 | 2025,2013,2017,5,53,105998,2025,9937,PASSPORT,Passport,"Closest vPIC name match, but no sampled year-specific result corroborates it.",Accord | Fit | Insight,Honda,agreement,Passport,false,superseded_high_stock_reaudit,Latest-active reviewed MTO key; pass agreement is recomputed using case-insensitive model-family equivalence.,Reviewed two-pass MTO make/model inference using NCIC model-code abbreviations and NHTSA vPIC make/model examples (2026-08-12).
ontario_ministry_transport_vehicle_population,NISS,MIC,PASSENGER,2014,2025,11,2014 | 2016 | 2017 | 2018 | 2019 | 2020 | 2021 | 2022 | 2023 | 2024 | 2025,1983,2019,14,146,97823,2025,9918,MICRA,Micra,,,Nissan,agreement,Micra,false,superseded_high_stock_reaudit,Latest-active reviewed MTO key; pass agreement is recomputed using case-insensitive model-family equivalence.,Reviewed two-pass MTO make/model inference using NCIC model-code abbreviations and NHTSA vPIC make/model examples (2026-08-12).
ontario_ministry_transport_vehicle_population,MAZD,X3T,PASSENGER,2016,2025,10,2016 | 2017 | 2018 | 2019 | 2020 | 2021 | 2022 | 2023 | 2024 | 2025,2016,2022,7,54,72400,2025,9801,CX-3,CX-3,,Mazda3 | CX-30 | MX-30,Mazda,agreement,CX-3,false,superseded_high_stock_reaudit,Latest-active reviewed MTO key; pass agreement is recomputed using case-insensitive model-family equivalence.,Reviewed two-pass MTO make/model inference using NCIC model-code abbreviations and NHTSA vPIC make/model examples (2026-08-12).
ontario_ministry_transport_vehicle_population,WSTR,CNV,COMMERCIAL,2014,2025,11,2014 | 2016 | 2017 | 2018 | 2019 | 2020 | 2021 | 2022 | 2023 | 2024 | 2025,1980,2026,47,461,83964,2025,9760,Conventional-cab truck (model unresolved),4900,Generic Ontario code spans multiple vPIC models; this is the closest family match.,4700 | 4900 | 5700XE,Western Star,disagreement,,false,superseded_high_stock_reaudit,Latest-active reviewed MTO key; pass agreement is recomputed using case-insensitive model-family equivalence.,Reviewed two-pass MTO make/model inference using NCIC model-code abbreviations and NHTSA vPIC make/model examples (2026-08-12).
ontario_ministry_transport_vehicle_population,MAZD,M3S,PASSENGER,2014,2025,11,2014 | 2016 | 2017 | 2018 | 2019 | 2020 | 2021 | 2022 | 2023 | 2024 | 2025,2004,2019,16,166,173212,2025,9749,Mazda3,Mazda3,,,Mazda,agreement,Mazda3,false,superseded_high_stock_reaudit,Latest-active reviewed MTO key; pass agreement is recomputed using case-insensitive model-family equivalence.,Reviewed two-pass MTO make/model inference using NCIC model-code abbreviations and NHTSA vPIC make/model examples (2026-08-12).
ontario_ministry_transport_vehicle_population,KIA,EPG,PASSENGER,2020,2025,6,2020 | 2021 | 2022 | 2023 | 2024 | 2025,2021,2026,6,21,30116,2025,9674,EV6,EV6,,EV9 | Seltos | Sportage,Kia,agreement,EV6,false,superseded_high_stock_reaudit,Latest-active reviewed MTO key; pass agreement is recomputed using case-insensitive model-family equivalence.,Reviewed two-pass MTO make/model inference using NCIC model-code abbreviations and NHTSA vPIC make/model examples (2026-08-12).
ontario_ministry_transport_vehicle_population,MAZD,DMG,PASSENGER,2020,2025,6,2020 | 2021 | 2022 | 2023 | 2024 | 2025,2020,2023,4,20,43654,2025,9623,MX-5,MX-5,,MX-30 | CX-5 | CX-30,Mazda,agreement,MX-5,false,superseded_high_stock_reaudit,Latest-active reviewed MTO key; pass agreement is recomputed using case-insensitive model-family equivalence.,Reviewed two-pass MTO make/model inference using NCIC model-code abbreviations and NHTSA vPIC make/model examples (2026-08-12).
ontario_ministry_transport_vehicle_population,CADI,XT4,PASSENGER,2019,2025,7,2019 | 2020 | 2021 | 2022 | 2023 | 2024 | 2025,2019,2025,7,33,38912,2025,9473,XT4,XT4,,,Cadillac,agreement,XT4,false,superseded_high_stock_reaudit,Latest-active reviewed MTO key; pass agreement is recomputed using case-insensitive model-family equivalence.,Reviewed two-pass MTO make/model inference using NCIC model-code abbreviations and NHTSA vPIC make/model examples (2026-08-12).
ontario_ministry_transport_vehicle_population,SUBA,GTG,PASSENGER,2017,2025,9,2017 | 2018 | 2019 | 2020 | 2021 | 2022 | 2023 | 2024 | 2025,2017,2023,7,48,64399,2025,9406,Crosstrek,Crosstrek,,Legacy | Outback | Legacy/Outback,Subaru,agreement,Crosstrek,false,superseded_high_stock_reaudit,Latest-active reviewed MTO key; pass agreement is recomputed using case-insensitive model-family equivalence.,Reviewed two-pass MTO make/model inference using NCIC model-code abbreviations and NHTSA vPIC make/model examples (2026-08-12).
ontario_ministry_transport_vehicle_population,VOLK,8BG,PASSENGER,2021,2025,5,2021 | 2022 | 2023 | 2024 | 2025,2022,2025,4,13,23344,2025,9375,GLI,GLI,"Closest vPIC name match, but no sampled year-specific result corroborates it.",Tiguan | ID. Buzz,Volkswagen,agreement,GLI,false,superseded_high_stock_reaudit,Latest-active reviewed MTO key; pass agreement is recomputed using case-insensitive model-family equivalence.,Reviewed two-pass MTO make/model inference using NCIC model-code abbreviations and NHTSA vPIC make/model examples (2026-08-12).
ontario_ministry_transport_vehicle_population,VOLK,JTD,PASSENGER,2014,2025,11,2014 | 2016 | 2017 | 2018 | 2019 | 2020 | 2021 | 2022 | 2023 | 2024 | 2025,1997,2019,13,134,125610,2025,9235,Jetta,Jetta,,,Volkswagen,agreement,Jetta,false,superseded_high_stock_reaudit,Latest-active reviewed MTO key; pass agreement is recomputed using case-insensitive model-family equivalence.,Reviewed two-pass MTO make/model inference using NCIC model-code abbreviations and NHTSA vPIC make/model examples (2026-08-12).
ontario_ministry_transport_vehicle_population,MAZD,3SP,PASSENGER,2014,2025,11,2014 | 2016 | 2017 | 2018 | 2019 | 2020 | 2021 | 2022 | 2023 | 2024 | 2025,2014,2016,3,32,92483,2025,9234,Mazda3,Mazda3,,,Mazda,agreement,Mazda3,false,superseded_high_stock_reaudit,Latest-active reviewed MTO key; pass agreement is recomputed using case-insensitive model-family equivalence.,Reviewed two-pass MTO make/model inference using NCIC model-code abbreviations and NHTSA vPIC make/model examples (2026-08-12).
ontario_ministry_transport_vehicle_population,AUDI,AQ7,PASSENGER,2014,2025,11,2014 | 2016 | 2017 | 2018 | 2019 | 2020 | 2021 | 2022 | 2023 | 2024 | 2025,2007,2025,18,151,84427,2025,9151,Q7,Q7,,,Audi,agreement,Q7,false,superseded_high_stock_reaudit,Latest-active reviewed MTO key; pass agreement is recomputed using case-insensitive model-family equivalence.,Reviewed two-pass MTO make/model inference using NCIC model-code abbreviations and NHTSA vPIC make/model examples (2026-08-12).
ontario_ministry_transport_vehicle_population,HOND,ODY,PASSENGER,2014,2025,11,2014 | 2016 | 2017 | 2018 | 2019 | 2020 | 2021 | 2022 | 2023 | 2024 | 2025,1977,2026,27,240,100528,2025,9102,Odyssey,Odyssey,,,Honda,agreement,Odyssey,false,superseded_high_stock_reaudit,Latest-active reviewed MTO key; pass agreement is recomputed using case-insensitive model-family equivalence.,Reviewed two-pass MTO make/model inference using NCIC model-code abbreviations and NHTSA vPIC make/model examples (2026-08-12).
ontario_ministry_transport_vehicle_population,FORD,FEE,PASSENGER,2014,2025,11,2014 | 2016 | 2017 | 2018 | 2019 | 2020 | 2021 | 2022 | 2023 | 2024 | 2025,2011,2019,9,90,122007,2025,9043,Fiesta,Fiesta,,,Ford,agreement,Fiesta,false,superseded_high_stock_reaudit,Latest-active reviewed MTO key; pass agreement is recomputed using case-insensitive model-family equivalence.,Reviewed two-pass MTO make/model inference using NCIC model-code abbreviations and NHTSA vPIC make/model examples (2026-08-12).
ontario_ministry_transport_vehicle_population,CHEV,M/L,PASSENGER,2014,2025,11,2014 | 2016 | 2017 | 2018 | 2019 | 2020 | 2021 | 2022 | 2023 | 2024 | 2025,1997,2025,29,272,161385,2025,9003,Malibu,Malibu,,,Chevrolet,agreement,Malibu,false,superseded_high_stock_reaudit,Latest-active reviewed MTO key; pass agreement is recomputed using case-insensitive model-family equivalence.,Reviewed two-pass MTO make/model inference using NCIC model-code abbreviations and NHTSA vPIC make/model examples (2026-08-12).
ontario_ministry_transport_vehicle_population,KIA,RIO,PASSENGER,2014,2025,11,2014 | 2016 | 2017 | 2018 | 2019 | 2020 | 2021 | 2022 | 2023 | 2024 | 2025,2001,2023,13,116,62780,2025,8958,Rio,Rio,,,Kia,agreement,Rio,false,superseded_high_stock_reaudit,Latest-active reviewed MTO key; pass agreement is recomputed using case-insensitive model-family equivalence.,Reviewed two-pass MTO make/model inference using NCIC model-code abbreviations and NHTSA vPIC make/model examples (2026-08-12).
ontario_ministry_transport_vehicle_population,NISS,ROS,PASSENGER,2017,2025,9,2017 | 2018 | 2019 | 2020 | 2021 | 2022 | 2023 | 2024 | 2025,2017,2019,3,24,109971,2025,8809,Rogue Sport,Rogue Sport,,Versa | Rogue | Murano,Nissan,agreement,Rogue Sport,false,superseded_high_stock_reaudit,Latest-active reviewed MTO key; pass agreement is recomputed using case-insensitive model-family equivalence.,Reviewed two-pass MTO make/model inference using NCIC model-code abbreviations and NHTSA vPIC make/model examples (2026-08-12).
ontario_ministry_transport_vehicle_population,CHEV,IMT,PASSENGER,2014,2025,11,2014 | 2016 | 2017 | 2018 | 2019 | 2020 | 2021 | 2022 | 2023 | 2024 | 2025,2006,2020,14,143,137893,2025,8769,Impala,Impala,,,Chevrolet,agreement,Impala,false,superseded_high_stock_reaudit,Latest-active reviewed MTO key; pass agreement is recomputed using case-insensitive model-family equivalence.,Reviewed two-pass MTO make/model inference using NCIC model-code abbreviations and NHTSA vPIC make/model examples (2026-08-12).
ontario_ministry_transport_vehicle_population,CHEV,BEG,PASSENGER,2016,2025,10,2016 | 2017 | 2018 | 2019 | 2020 | 2021 | 2022 | 2023 | 2024 | 2025,1977,2019,5,47,82809,2025,8618,Blazer,Blazer,,Beretta,Chevrolet,agreement,Blazer,false,superseded_high_stock_reaudit,Latest-active reviewed MTO key; pass agreement is recomputed using case-insensitive model-family equivalence.,Reviewed two-pass MTO make/model inference using NCIC model-code abbreviations and NHTSA vPIC make/model examples (2026-08-12).
ontario_ministry_transport_vehicle_population,CHEV,S1L,PASSENGER,2014,2025,11,2014 | 2016 | 2017 | 2018 | 2019 | 2020 | 2021 | 2022 | 2023 | 2024 | 2025,2013,2022,10,88,63708,2025,8593,S14,Model unresolved,The Ontario abbreviation does not match a vPIC model closely enough.,S10,Chevrolet,disagreement,,false,superseded_high_stock_reaudit,Latest-active reviewed MTO key; pass agreement is recomputed using case-insensitive model-family equivalence.,Reviewed two-pass MTO make/model inference using NCIC model-code abbreviations and NHTSA vPIC make/model examples (2026-08-12).
ontario_ministry_transport_vehicle_population,TOYT,UXS,PASSENGER,2014,2025,11,2014 | 2016 | 2017 | 2018 | 2019 | 2020 | 2021 | 2022 | 2023 | 2024 | 2025,2002,2006,5,52,143292,2025,8555,Tundra,Tundra,,Sienna | Sequoia | Matrix,Toyota,agreement,Tundra,false,superseded_high_stock_reaudit,Latest-active reviewed MTO key; pass agreement is recomputed using case-insensitive model-family equivalence.,Reviewed two-pass MTO make/model inference using NCIC model-code abbreviations and NHTSA vPIC make/model examples (2026-08-12).
ontario_ministry_transport_vehicle_population,HYUN,EGT,PASSENGER,2014,2025,11,2014 | 2016 | 2017 | 2018 | 2019 | 2020 | 2021 | 2022 | 2023 | 2024 | 2025,2001,2014,5,55,111409,2025,8513,Elantra,Elantra,,,Hyundai,agreement,Elantra,false,superseded_high_stock_reaudit,Latest-active reviewed MTO key; pass agreement is recomputed using case-insensitive model-family equivalence.,Reviewed two-pass MTO make/model inference using NCIC model-code abbreviations and NHTSA vPIC make/model examples (2026-08-12).
ontario_ministry_transport_vehicle_population,HINO,HIN,COMMERCIAL,2014,2025,11,2014 | 2016 | 2017 | 2018 | 2019 | 2020 | 2021 | 2022 | 2023 | 2024 | 2025,2005,2026,22,186,80686,2025,8463,Hino truck (model unresolved),Model unresolved,Ontario identifies only a vehicle family; vPIC does not support one unique model.,195 | 258/268 | 338,Hino,disagreement,,false,superseded_high_stock_reaudit,Latest-active reviewed MTO key; pass agreement is recomputed using case-insensitive model-family equivalence.,Reviewed two-pass MTO make/model inference using NCIC model-code abbreviations and NHTSA vPIC make/model examples (2026-08-12).
ontario_ministry_transport_vehicle_population,KIA,RIL,PASSENGER,2014,2025,11,2014 | 2016 | 2017 | 2018 | 2019 | 2020 | 2021 | 2022 | 2023 | 2024 | 2025,2012,2017,6,64,108831,2025,8441,Rio,Rio,,,Kia,agreement,Rio,false,superseded_high_stock_reaudit,Latest-active reviewed MTO key; pass agreement is recomputed using case-insensitive model-family equivalence.,Reviewed two-pass MTO make/model inference using NCIC model-code abbreviations and NHTSA vPIC make/model examples (2026-08-12).
ontario_ministry_transport_vehicle_population,CHEV,GM4,COMMERCIAL,2014,2025,11,2014 | 2016 | 2017 | 2018 | 2019 | 2020 | 2021 | 2022 | 2023 | 2024 | 2025,1979,2002,17,187,155955,2025,8395,GMT,GMT-400,"vPIC supports the model, but the Ontario abbreviation is not uniquely identifying.",,Chevrolet,agreement,GMT-400,false,superseded_high_stock_reaudit,Latest-active reviewed MTO key; pass agreement is recomputed using case-insensitive model-family equivalence.,Reviewed two-pass MTO make/model inference using NCIC model-code abbreviations and NHTSA vPIC make/model examples (2026-08-12).
ontario_ministry_transport_vehicle_population,INFI,XTR,PASSENGER,2016,2025,10,2016 | 2017 | 2018 | 2019 | 2020 | 2021 | 2022 | 2023 | 2024 | 2025,2017,2024,7,46,57950,2025,8373,QX80,QX80,,QX60 | QX50 | QX55,Infiniti,agreement,QX80,false,superseded_high_stock_reaudit,Latest-active reviewed MTO key; pass agreement is recomputed using case-insensitive model-family equivalence.,Reviewed two-pass MTO make/model inference using NCIC model-code abbreviations and NHTSA vPIC make/model examples (2026-08-12).
ontario_ministry_transport_vehicle_population,FORD,EPT,COMMERCIAL | PASSENGER,2014,2025,11,2014 | 2016 | 2017 | 2018 | 2019 | 2020 | 2021 | 2022 | 2023 | 2024 | 2025,1997,2025,29,540,84590,2025,8283,Expedition,Expedition,,,Ford,agreement,Expedition,false,superseded_high_stock_reaudit,Latest-active reviewed MTO key; pass agreement is recomputed using case-insensitive model-family equivalence.,Reviewed two-pass MTO make/model inference using NCIC model-code abbreviations and NHTSA vPIC make/model examples (2026-08-12).
ontario_ministry_transport_vehicle_population,MERZ,4MG,PASSENGER,2020,2025,6,2020 | 2021 | 2022 | 2023 | 2024 | 2025,2020,2026,7,26,28289,2025,8267,AMG GT,AMG GT,,C450 AMG | G-Class | GLA 45 AMG,Mercedes-Benz,agreement,AMG GT,false,superseded_high_stock_reaudit,Latest-active reviewed MTO key; pass agreement is recomputed using case-insensitive model-family equivalence.,Reviewed two-pass MTO make/model inference using NCIC model-code abbreviations and NHTSA vPIC make/model examples (2026-08-12).
ontario_ministry_transport_vehicle_population,MITS,ECL,PASSENGER,2018,2025,8,2018 | 2019 | 2020 | 2021 | 2022 | 2023 | 2024 | 2025,1990,2025,17,116,36049,2025,8265,Eclipse,Eclipse,,,Mitsubishi,agreement,Eclipse,false,superseded_high_stock_reaudit,Latest-active reviewed MTO key; pass agreement is recomputed using case-insensitive model-family equivalence.,Reviewed two-pass MTO make/model inference using NCIC model-code abbreviations and NHTSA vPIC make/model examples (2026-08-12).
ontario_ministry_transport_vehicle_population,LEXS,NX3,PASSENGER,2016,2025,10,2016 | 2017 | 2018 | 2019 | 2020 | 2021 | 2022 | 2023 | 2024 | 2025,2015,2021,7,60,47901,2025,8109,NX,NX,,NX350/NX350H | NX300 NX300H,Lexus,agreement,NX,false,superseded_high_stock_reaudit,Latest-active reviewed MTO key; pass agreement is recomputed using case-insensitive model-family equivalence.,Reviewed two-pass MTO make/model inference using NCIC model-code abbreviations and NHTSA vPIC make/model examples (2026-08-12).
ontario_ministry_transport_vehicle_population,AUDI,SQ5,PASSENGER,2016,2025,10,2016 | 2017 | 2018 | 2019 | 2020 | 2021 | 2022 | 2023 | 2024 | 2025,2013,2025,13,93,35797,2025,8082,SQ5,SQ5,,,Audi,agreement,SQ5,false,superseded_high_stock_reaudit,Latest-active reviewed MTO key; pass agreement is recomputed using case-insensitive model-family equivalence.,Reviewed two-pass MTO make/model inference using NCIC model-code abbreviations and NHTSA vPIC make/model examples (2026-08-12).
ontario_ministry_transport_vehicle_population,MAZD,C50,PASSENGER,2023,2025,3,2023 | 2024 | 2025,2023,2025,3,8,14524,2025,8053,CX-50,CX-50,,,Mazda,agreement,CX-50,false,superseded_high_stock_reaudit,Latest-active reviewed MTO key; pass agreement is recomputed using case-insensitive model-family equivalence.,Reviewed two-pass MTO make/model inference using NCIC model-code abbreviations and NHTSA vPIC make/model examples (2026-08-12).
ontario_ministry_transport_vehicle_population,CHEV,KBG,PASSENGER,2019,2025,7,2019 | 2020 | 2021 | 2022 | 2023 | 2024 | 2025,2019,2025,7,34,31142,2025,8025,Blazer,Blazer,,Suburban | Spark | Bolt EV,Chevrolet,agreement,Blazer,false,superseded_high_stock_reaudit,Latest-active reviewed MTO key; pass agreement is recomputed using case-insensitive model-family equivalence.,Reviewed two-pass MTO make/model inference using NCIC model-code abbreviations and NHTSA vPIC make/model examples (2026-08-12).
ontario_ministry_transport_vehicle_population,FORD,ECM,PASSENGER,2018,2025,8,2018 | 2019 | 2020 | 2021 | 2022 | 2023 | 2024 | 2025,1973,2022,6,40,52484,2025,8003,Escape,Escape,,Escort | EcoSport | E250 Econoline,Ford,agreement,Escape,false,superseded_high_stock_reaudit,Latest-active reviewed MTO key; pass agreement is recomputed using case-insensitive model-family equivalence.,Reviewed two-pass MTO make/model inference using NCIC model-code abbreviations and NHTSA vPIC make/model examples (2026-08-12).
ontario_ministry_transport_vehicle_population,LINC,MKC,PASSENGER,2014,2025,11,2014 | 2016 | 2017 | 2018 | 2019 | 2020 | 2021 | 2022 | 2023 | 2024 | 2025,2015,2022,8,66,69635,2025,8000,MKC,MKC,,,Lincoln,agreement,MKC,false,superseded_high_stock_reaudit,Latest-active reviewed MTO key; pass agreement is recomputed using case-insensitive model-family equivalence.,Reviewed two-pass MTO make/model inference using NCIC model-code abbreviations and NHTSA vPIC make/model examples (2026-08-12).
ontario_ministry_transport_vehicle_population,DODG,DAK,COMMERCIAL,2014,2025,11,2014 | 2016 | 2017 | 2018 | 2019 | 2020 | 2021 | 2022 | 2023 | 2024 | 2025,1987,2011,25,275,193819,2025,7986,Dakota Pickup,Dakota,"vPIC supports the model, but the Ontario abbreviation is not uniquely identifying.",Dakota Cab Chassis,Dodge,agreement,Dakota,false,superseded_high_stock_reaudit,Latest-active reviewed MTO key; pass agreement is recomputed using case-insensitive model-family equivalence.,Reviewed two-pass MTO make/model inference using NCIC model-code abbreviations and NHTSA vPIC make/model examples (2026-08-12).
ontario_ministry_transport_vehicle_population,KIA,TEL,PASSENGER,2019,2025,7,2019 | 2020 | 2021 | 2022 | 2023 | 2024 | 2025,2020,2025,6,27,32537,2025,7980,Telluride,Telluride,,,Kia,agreement,Telluride,false,superseded_high_stock_reaudit,Latest-active reviewed MTO key; pass agreement is recomputed using case-insensitive model-family equivalence.,Reviewed two-pass MTO make/model inference using NCIC model-code abbreviations and NHTSA vPIC make/model examples (2026-08-12).
ontario_ministry_transport_vehicle_population,INTL,40S,COMMERCIAL,2014,2025,11,2014 | 2016 | 2017 | 2018 | 2019 | 2020 | 2021 | 2022 | 2023 | 2024 | 2025,1990,2020,31,324,136616,2025,7953,4000 Series,400,Generic Ontario code spans multiple vPIC models; this is the closest family match.,,International,agreement,400,false,superseded_high_stock_reaudit,Latest-active reviewed MTO key; pass agreement is recomputed using case-insensitive model-family equivalence.,Reviewed two-pass MTO make/model inference using NCIC model-code abbreviations and NHTSA vPIC make/model examples (2026-08-12).
ontario_ministry_transport_vehicle_population,MERZ,M35,PASSENGER,2014,2025,11,2014 | 2016 | 2017 | 2018 | 2019 | 2020 | 2021 | 2022 | 2023 | 2024 | 2025,2003,2015,13,143,127257,2025,7940,ML350,350,"Closest vPIC name match, but no sampled year-specific result corroborates it.",,Mercedes-Benz,disagreement,,false,superseded_high_stock_reaudit,Latest-active reviewed MTO key; pass agreement is recomputed using case-insensitive model-family equivalence.,Reviewed two-pass MTO make/model inference using NCIC model-code abbreviations and NHTSA vPIC make/model examples (2026-08-12).
ontario_ministry_transport_vehicle_population,SUBA,ASC,PASSENGER,2019,2025,7,2019 | 2020 | 2021 | 2022 | 2023 | 2024 | 2025,2019,2025,7,33,30612,2025,7900,Ascent,Ascent,,,Subaru,agreement,Ascent,false,superseded_high_stock_reaudit,Latest-active reviewed MTO key; pass agreement is recomputed using case-insensitive model-family equivalence.,Reviewed two-pass MTO make/model inference using NCIC model-code abbreviations and NHTSA vPIC make/model examples (2026-08-12).
ontario_ministry_transport_vehicle_population,KIA,FEX,PASSENGER,2014,2025,11,2014 | 2016 | 2017 | 2018 | 2019 | 2020 | 2021 | 2022 | 2023 | 2024 | 2025,2010,2018,9,94,108234,2025,7894,Forte,Forte,,,Kia,agreement,Forte,false,superseded_high_stock_reaudit,Latest-active reviewed MTO key; pass agreement is recomputed using case-insensitive model-family equivalence.,Reviewed two-pass MTO make/model inference using NCIC model-code abbreviations and NHTSA vPIC make/model examples (2026-08-12).
ontario_ministry_transport_vehicle_population,MERZ,0GG,PASSENGER,2020,2025,6,2020 | 2021 | 2022 | 2023 | 2024 | 2025,2020,2022,3,17,37497,2025,7888,AMG GT,AMG GT,,G-Class | GLS-Class | GLE-Class,Mercedes-Benz,agreement,AMG GT,false,superseded_high_stock_reaudit,Latest-active reviewed MTO key; pass agreement is recomputed using case-insensitive model-family equivalence.,Reviewed two-pass MTO make/model inference using NCIC model-code abbreviations and NHTSA vPIC make/model examples (2026-08-12).
ontario_ministry_transport_vehicle_population,MAZD,C90,PASSENGER,2023,2025,3,2023 | 2024 | 2025,2024,2025,2,5,13802,2025,7878,CX-90,CX-90,,,Mazda,agreement,CX-90,false,superseded_high_stock_reaudit,Latest-active reviewed MTO key; pass agreement is recomputed using case-insensitive model-family equivalence.,Reviewed two-pass MTO make/model inference using NCIC model-code abbreviations and NHTSA vPIC make/model examples (2026-08-12).
ontario_ministry_transport_vehicle_population,VOLK,L52,PASSENGER,2014,2025,11,2014 | 2016 | 2017 | 2018 | 2019 | 2020 | 2021 | 2022 | 2023 | 2024 | 2025,2006,2025,8,53,34135,2025,7843,GLI,GLI,,Atlas | R32 | Beetle,Volkswagen,agreement,GLI,false,superseded_high_stock_reaudit,Latest-active reviewed MTO key; pass agreement is recomputed using case-insensitive model-family equivalence.,Reviewed two-pass MTO make/model inference using NCIC model-code abbreviations and NHTSA vPIC make/model examples (2026-08-12).
ontario_ministry_transport_vehicle_population,CHEV,SNT,PASSENGER,2014,2025,11,2014 | 2016 | 2017 | 2018 | 2019 | 2020 | 2021 | 2022 | 2023 | 2024 | 2025,2012,2020,9,78,92270,2025,7834,Sonic,Sonic,,,Chevrolet,agreement,Sonic,false,superseded_high_stock_reaudit,Latest-active reviewed MTO key; pass agreement is recomputed using case-insensitive model-family equivalence.,Reviewed two-pass MTO make/model inference using NCIC model-code abbreviations and NHTSA vPIC make/model examples (2026-08-12).
ontario_ministry_transport_vehicle_population,CADI,SRX,PASSENGER,2014,2025,11,2014 | 2016 | 2017 | 2018 | 2019 | 2020 | 2021 | 2022 | 2023 | 2024 | 2025,2004,2016,13,142,117493,2025,7783,SRX,SRX,,,Cadillac,agreement,SRX,false,superseded_high_stock_reaudit,Latest-active reviewed MTO key; pass agreement is recomputed using case-insensitive model-family equivalence.,Reviewed two-pass MTO make/model inference using NCIC model-code abbreviations and NHTSA vPIC make/model examples (2026-08-12).
ontario_ministry_transport_vehicle_population,MAZD,MA5,PASSENGER,2014,2025,11,2014 | 2016 | 2017 | 2018 | 2019 | 2020 | 2021 | 2022 | 2023 | 2024 | 2025,2006,2013,7,77,156639,2025,7735,Mazda5,Mazda5,,MX-5,Mazda,agreement,Mazda5,false,superseded_high_stock_reaudit,Latest-active reviewed MTO key; pass agreement is recomputed using case-insensitive model-family equivalence.,Reviewed two-pass MTO make/model inference using NCIC model-code abbreviations and NHTSA vPIC make/model examples (2026-08-12).
ontario_ministry_transport_vehicle_population,HOND,ATR,PASSENGER,2014,2025,11,2014 | 2016 | 2017 | 2018 | 2019 | 2020 | 2021 | 2022 | 2023 | 2024 | 2025,2013,2017,5,53,86614,2025,7699,Accord,Accord,,Fit | CR-V | Pilot,Honda,agreement,Accord,false,superseded_high_stock_reaudit,Latest-active reviewed MTO key; pass agreement is recomputed using case-insensitive model-family equivalence.,Reviewed two-pass MTO make/model inference using NCIC model-code abbreviations and NHTSA vPIC make/model examples (2026-08-12).
ontario_ministry_transport_vehicle_population,FORD,TKE,PASSENGER,2021,2025,5,2021 | 2022 | 2023 | 2024 | 2025,2021,2025,5,15,19475,2025,7689,T,Model unresolved,The Ontario abbreviation does not match a vPIC model closely enough.,,Ford,disagreement,,false,superseded_high_stock_reaudit,Latest-active reviewed MTO key; pass agreement is recomputed using case-insensitive model-family equivalence.,Reviewed two-pass MTO make/model inference using NCIC model-code abbreviations and NHTSA vPIC make/model examples (2026-08-12).
ontario_ministry_transport_vehicle_population,FORD,F/L,PASSENGER,2014,2025,11,2014 | 2016 | 2017 | 2018 | 2019 | 2020 | 2021 | 2022 | 2023 | 2024 | 2025,1956,2012,12,129,143518,2025,7685,Flex,Flex,,,Ford,agreement,Flex,false,superseded_high_stock_reaudit,Latest-active reviewed MTO key; pass agreement is recomputed using case-insensitive model-family equivalence.,Reviewed two-pass MTO make/model inference using NCIC model-code abbreviations and NHTSA vPIC make/model examples (2026-08-12).
ontario_ministry_transport_vehicle_population,MERZ,GLA,PASSENGER,2014,2025,11,2014 | 2016 | 2017 | 2018 | 2019 | 2020 | 2021 | 2022 | 2023 | 2024 | 2025,2015,2026,12,74,68803,2025,7623,GLA-Class,GLA-Class,,,Mercedes-Benz,agreement,GLA-Class,false,superseded_high_stock_reaudit,Latest-active reviewed MTO key; pass agreement is recomputed using case-insensitive model-family equivalence.,Reviewed two-pass MTO make/model inference using NCIC model-code abbreviations and NHTSA vPIC make/model examples (2026-08-12).
ontario_ministry_transport_vehicle_population,CHRY,2LX,PASSENGER,2014,2025,11,2014 | 2016 | 2017 | 2018 | 2019 | 2020 | 2021 | 2022 | 2023 | 2024 | 2025,2011,2017,7,74,96008,2025,7465,200,200,,,Chrysler,agreement,200,false,superseded_high_stock_reaudit,Latest-active reviewed MTO key; pass agreement is recomputed using case-insensitive model-family equivalence.,Reviewed two-pass MTO make/model inference using NCIC model-code abbreviations and NHTSA vPIC make/model examples (2026-08-12).
ontario_ministry_transport_vehicle_population,BUIC,VER,PASSENGER,2014,2025,11,2014 | 2016 | 2017 | 2018 | 2019 | 2020 | 2021 | 2022 | 2023 | 2024 | 2025,2012,2017,6,64,84900,2025,7384,Verano,Verano,,,Buick,agreement,Verano,false,superseded_high_stock_reaudit,Latest-active reviewed MTO key; pass agreement is recomputed using case-insensitive model-family equivalence.,Reviewed two-pass MTO make/model inference using NCIC model-code abbreviations and NHTSA vPIC make/model examples (2026-08-12).
ontario_ministry_transport_vehicle_population,TOYT,CYR,PASSENGER,2014,2025,11,2014 | 2016 | 2017 | 2018 | 2019 | 2020 | 2021 | 2022 | 2023 | 2024 | 2025,2006,2020,10,91,108596,2025,7307,Corolla,Corolla,,C-HR,Toyota,agreement,Corolla,false,superseded_high_stock_reaudit,Latest-active reviewed MTO key; pass agreement is recomputed using case-insensitive model-family equivalence.,Reviewed two-pass MTO make/model inference using NCIC model-code abbreviations and NHTSA vPIC make/model examples (2026-08-12).
ontario_ministry_transport_vehicle_population,MERZ,GK3,PASSENGER,2014,2025,11,2014 | 2016 | 2017 | 2018 | 2019 | 2020 | 2021 | 2022 | 2023 | 2024 | 2025,2010,2015,6,66,98954,2025,7257,GLK 350,350,"Closest vPIC name match, but no sampled year-specific result corroborates it.",,Mercedes-Benz,disagreement,,false,superseded_high_stock_reaudit,Latest-active reviewed MTO key; pass agreement is recomputed using case-insensitive model-family equivalence.,Reviewed two-pass MTO make/model inference using NCIC model-code abbreviations and NHTSA vPIC make/model examples (2026-08-12).
ontario_ministry_transport_vehicle_population,HYUN,R3G,PASSENGER,2019,2025,7,2019 | 2020 | 2021 | 2022 | 2023 | 2024 | 2025,2020,2025,6,27,29167,2025,7232,Elantra (tentative),Elantra,,Santa Cruz | Venue | Santa Fe,Hyundai,agreement,Elantra,false,superseded_high_stock_reaudit,Latest-active reviewed MTO key; pass agreement is recomputed using case-insensitive model-family equivalence.,Reviewed two-pass MTO make/model inference using NCIC model-code abbreviations and NHTSA vPIC make/model examples (2026-08-12).
ontario_ministry_transport_vehicle_population,NISS,APG,PASSENGER,2024,2025,2,2024 | 2025,2025,2025,1,2,8532,2025,7224,ARIYA,Ariya MPV,"vPIC supports the model, but the Ontario abbreviation is not uniquely identifying.",Armada | Altima | Rogue,Nissan,agreement,Ariya MPV,false,superseded_high_stock_reaudit,Latest-active reviewed MTO key; pass agreement is recomputed using case-insensitive model-family equivalence.,Reviewed two-pass MTO make/model inference using NCIC model-code abbreviations and NHTSA vPIC make/model examples (2026-08-12).
ontario_ministry_transport_vehicle_population,KIA,FLX,PASSENGER,2014,2025,11,2014 | 2016 | 2017 | 2018 | 2019 | 2020 | 2021 | 2022 | 2023 | 2024 | 2025,2010,2018,9,94,91998,2025,7216,Forte,Forte,,Soul,Kia,agreement,Forte,false,superseded_high_stock_reaudit,Latest-active reviewed MTO key; pass agreement is recomputed using case-insensitive model-family equivalence.,Reviewed two-pass MTO make/model inference using NCIC model-code abbreviations and NHTSA vPIC make/model examples (2026-08-12).
ontario_ministry_transport_vehicle_population,HYUN,K1G,PASSENGER,2018,2025,8,2018 | 2019 | 2020 | 2021 | 2022 | 2023 | 2024 | 2025,2018,2023,6,38,41033,2025,7187,Kona,Kona,,Santa Fe | Elantra,Hyundai,agreement,Kona,false,superseded_high_stock_reaudit,Latest-active reviewed MTO key; pass agreement is recomputed using case-insensitive model-family equivalence.,Reviewed two-pass MTO make/model inference using NCIC model-code abbreviations and NHTSA vPIC make/model examples (2026-08-12).
ontario_ministry_transport_vehicle_population,CHEV,BLT,PASSENGER,2014,2025,11,2014 | 2016 | 2017 | 2018 | 2019 | 2020 | 2021 | 2022 | 2023 | 2024 | 2025,2005,2010,6,66,183258,2025,7178,LT,Bolt,vPIC also supports Cobalt; the code does not clearly distinguish them.,,Chevrolet,disagreement,,false,superseded_high_stock_reaudit,Latest-active reviewed MTO key; pass agreement is recomputed using case-insensitive model-family equivalence.,Reviewed two-pass MTO make/model inference using NCIC model-code abbreviations and NHTSA vPIC make/model examples (2026-08-12).
ontario_ministry_transport_vehicle_population,NISS,SBL,PASSENGER,2014,2025,11,2014 | 2016 | 2017 | 2018 | 2019 | 2020 | 2021 | 2022 | 2023 | 2024 | 2025,2010,2012,3,33,104066,2025,7114,Sentra,Sentra,,Cube | Versa | Altima,Nissan,agreement,Sentra,false,superseded_high_stock_reaudit,Latest-active reviewed MTO key; pass agreement is recomputed using case-insensitive model-family equivalence.,Reviewed two-pass MTO make/model inference using NCIC model-code abbreviations and NHTSA vPIC make/model examples (2026-08-12).
ontario_ministry_transport_vehicle_population,BUIC,MMG,PASSENGER,2020,2025,6,2020 | 2021 | 2022 | 2023 | 2024 | 2025,2020,2023,4,21,32898,2025,7101,Regal,Regal,,Envision | Encore | Enclave,Buick,agreement,Regal,false,superseded_high_stock_reaudit,Latest-active reviewed MTO key; pass agreement is recomputed using case-insensitive model-family equivalence.,Reviewed two-pass MTO make/model inference using NCIC model-code abbreviations and NHTSA vPIC make/model examples (2026-08-12).
ontario_ministry_transport_vehicle_population,LNDR,RSP,PASSENGER,2014,2025,11,2014 | 2016 | 2017 | 2018 | 2019 | 2020 | 2021 | 2022 | 2023 | 2024 | 2025,2006,2022,17,164,87202,2025,7057,Discovery Sport,Discovery Sport,,Range Rover | LR3 | LR2,Land Rover,agreement,Discovery Sport,false,superseded_high_stock_reaudit,Latest-active reviewed MTO key; pass agreement is recomputed using case-insensitive model-family equivalence.,Reviewed two-pass MTO make/model inference using NCIC model-code abbreviations and NHTSA vPIC make/model examples (2026-08-12).
ontario_ministry_transport_vehicle_population,CHEV,ORL,PASSENGER,2014,2025,11,2014 | 2016 | 2017 | 2018 | 2019 | 2020 | 2021 | 2022 | 2023 | 2024 | 2025,2012,2024,4,36,54010,2025,7012,ORLAND0,Orlando,"vPIC supports the model, but the Ontario abbreviation is not uniquely identifying.",,Chevrolet,disagreement,,false,superseded_high_stock_reaudit,Latest-active reviewed MTO key; pass agreement is recomputed using case-insensitive model-family equivalence.,Reviewed two-pass MTO make/model inference using NCIC model-code abbreviations and NHTSA vPIC make/model examples (2026-08-12).
ontario_ministry_transport_vehicle_population,CHEV,IPL,PASSENGER,2014,2025,11,2014 | 2016 | 2017 | 2018 | 2019 | 2020 | 2021 | 2022 | 2023 | 2024 | 2025,1963,2020,29,300,166516,2025,6983,Impala,Impala,,,Chevrolet,agreement,Impala,false,superseded_high_stock_reaudit,Latest-active reviewed MTO key; pass agreement is recomputed using case-insensitive model-family equivalence.,Reviewed two-pass MTO make/model inference using NCIC model-code abbreviations and NHTSA vPIC make/model examples (2026-08-12).
ontario_ministry_transport_vehicle_population,BMW,X1P,PASSENGER,2016,2025,10,2016 | 2017 | 2018 | 2019 | 2020 | 2021 | 2022 | 2023 | 2024 | 2025,2016,2019,4,37,64542,2025,6968,X1,X1,,,BMW,agreement,X1,false,superseded_high_stock_reaudit,Latest-active reviewed MTO key; pass agreement is recomputed using case-insensitive model-family equivalence.,Reviewed two-pass MTO make/model inference using NCIC model-code abbreviations and NHTSA vPIC make/model examples (2026-08-12).
ontario_ministry_transport_vehicle_population,MNNI,COS,PASSENGER,2014,2025,11,2014 | 2016 | 2017 | 2018 | 2019 | 2020 | 2021 | 2022 | 2023 | 2024 | 2025,2004,2022,19,187,69037,2025,6931,John Cooper Works,Cooper,"vPIC supports the model, but the Ontario abbreviation is not uniquely identifying.",Cooper | Countryman,MINI,agreement,Cooper,false,superseded_high_stock_reaudit,Latest-active reviewed MTO key; pass agreement is recomputed using case-insensitive model-family equivalence.,Reviewed two-pass MTO make/model inference using NCIC model-code abbreviations and NHTSA vPIC make/model examples (2026-08-12).
ontario_ministry_transport_vehicle_population,KIA,CRO,PASSENGER,2014,2025,11,2014 | 2016 | 2017 | 2018 | 2019 | 2020 | 2021 | 2022 | 2023 | 2024 | 2025,2011,2017,6,64,92547,2025,6914,Niro,Niro,,Rio,Kia,agreement,Niro,false,superseded_high_stock_reaudit,Latest-active reviewed MTO key; pass agreement is recomputed using case-insensitive model-family equivalence.,Reviewed two-pass MTO make/model inference using NCIC model-code abbreviations and NHTSA vPIC make/model examples (2026-08-12).
ontario_ministry_transport_vehicle_population,BMW,TSG,PASSENGER,2018,2025,8,2018 | 2019 | 2020 | 2021 | 2022 | 2023 | 2024 | 2025,2018,2023,6,38,41795,2025,6842,7 Series,Model unresolved,Ontario identifies only a vehicle family; vPIC does not support one unique model.,5 Series | 4 Series | 3 Series,BMW,disagreement,,false,superseded_high_stock_reaudit,Latest-active reviewed MTO key; pass agreement is recomputed using case-insensitive model-family equivalence.,Reviewed two-pass MTO make/model inference using NCIC model-code abbreviations and NHTSA vPIC make/model examples (2026-08-12).
ontario_ministry_transport_vehicle_population,TOYT,CIE,PASSENGER,2014,2025,11,2014 | 2016 | 2017 | 2018 | 2019 | 2020 | 2021 | 2022 | 2023 | 2024 | 2025,1972,2013,8,88,131588,2025,6742,Cressida,Cressida,,,Toyota,agreement,Cressida,false,superseded_high_stock_reaudit,Latest-active reviewed MTO key; pass agreement is recomputed using case-insensitive model-family equivalence.,Reviewed two-pass MTO make/model inference using NCIC model-code abbreviations and NHTSA vPIC make/model examples (2026-08-12).
ontario_ministry_transport_vehicle_population,MERZ,40G,COMMERCIAL,2020,2025,6,2020 | 2021 | 2022 | 2023 | 2024 | 2025,2019,2025,7,30,21676,2025,6741,240,240,"Closest vPIC name match, but no sampled year-specific result corroborates it.",S400 | E400 | C400,Mercedes-Benz,agreement,240,false,superseded_high_stock_reaudit,Latest-active reviewed MTO key; pass agreement is recomputed using case-insensitive model-family equivalence.,Reviewed two-pass MTO make/model inference using NCIC model-code abbreviations and NHTSA vPIC make/model examples (2026-08-12).
ontario_ministry_transport_vehicle_population,MERZ,KMG,PASSENGER,2023,2025,3,2023 | 2024 | 2025,2023,2026,4,9,12599,2025,6719,AMG GT,AMG GT,,G-Class | GLS-Class | GLE-Class,Mercedes-Benz,agreement,AMG GT,false,superseded_high_stock_reaudit,Latest-active reviewed MTO key; pass agreement is recomputed using case-insensitive model-family equivalence.,Reviewed two-pass MTO make/model inference using NCIC model-code abbreviations and NHTSA vPIC make/model examples (2026-08-12).
ontario_ministry_transport_vehicle_population,HYUN,SLI,PASSENGER,2014,2025,11,2014 | 2016 | 2017 | 2018 | 2019 | 2020 | 2021 | 2022 | 2023 | 2024 | 2025,2007,2014,8,88,92861,2025,6718,Sonata,Sonata,,Santa Fe | Elantra | Veloster,Hyundai,agreement,Sonata,false,superseded_high_stock_reaudit,Latest-active reviewed MTO key; pass agreement is recomputed using case-insensitive model-family equivalence.,Reviewed two-pass MTO make/model inference using NCIC model-code abbreviations and NHTSA vPIC make/model examples (2026-08-12).
ontario_ministry_transport_vehicle_population,CHEV,CAM,PASSENGER,2014,2025,11,2014 | 2016 | 2017 | 2018 | 2019 | 2020 | 2021 | 2022 | 2023 | 2024 | 2025,1919,2024,57,587,77159,2025,6714,Camaro,Camaro,,,Chevrolet,agreement,Camaro,false,superseded_high_stock_reaudit,Latest-active reviewed MTO key; pass agreement is recomputed using case-insensitive model-family equivalence.,Reviewed two-pass MTO make/model inference using NCIC model-code abbreviations and NHTSA vPIC make/model examples (2026-08-12).
ontario_ministry_transport_vehicle_population,FRHT,CSC,COMMERCIAL,2014,2025,11,2014 | 2016 | 2017 | 2018 | 2019 | 2020 | 2021 | 2022 | 2023 | 2024 | 2025,2008,2023,15,140,101060,2025,6709,Cascadia,Cascadia,,CASCADIA | eCascadia,Freightliner,agreement,Cascadia,false,superseded_high_stock_reaudit,Latest-active reviewed MTO key; pass agreement is recomputed using case-insensitive model-family equivalence.,Reviewed two-pass MTO make/model inference using NCIC model-code abbreviations and NHTSA vPIC make/model examples (2026-08-12).
ontario_ministry_transport_vehicle_population,CHEV,UKG,COMMERCIAL,2022,2025,4,2022 | 2023 | 2024 | 2025,2022,2026,5,14,13916,2025,6698,Suburban,Suburban,,Spark | Equinox | Malibu,Chevrolet,agreement,Suburban,false,superseded_high_stock_reaudit,Latest-active reviewed MTO key; pass agreement is recomputed using case-insensitive model-family equivalence.,Reviewed two-pass MTO make/model inference using NCIC model-code abbreviations and NHTSA vPIC make/model examples (2026-08-12).
ontario_ministry_transport_vehicle_population,BMW,73G,PASSENGER,2022,2025,4,2022 | 2023 | 2024 | 2025,2022,2026,5,14,13520,2025,6669,7 Series,Model unresolved,Ontario identifies only a vehicle family; vPIC does not support one unique model.,3 Series | 735 | 733,BMW,disagreement,,false,superseded_high_stock_reaudit,Latest-active reviewed MTO key; pass agreement is recomputed using case-insensitive model-family equivalence.,Reviewed two-pass MTO make/model inference using NCIC model-code abbreviations and NHTSA vPIC make/model examples (2026-08-12).
ontario_ministry_transport_vehicle_population,MACK,600,COMMERCIAL,2014,2025,11,2014 | 2016 | 2017 | 2018 | 2019 | 2020 | 2021 | 2022 | 2023 | 2024 | 2025,1966,2026,61,615,78217,2025,6594,600 Series,Model unresolved,Ontario identifies only a vehicle family; vPIC does not support one unique model.,,Mack,disagreement,,false,superseded_high_stock_reaudit,Latest-active reviewed MTO key; pass agreement is recomputed using case-insensitive model-family equivalence.,Reviewed two-pass MTO make/model inference using NCIC model-code abbreviations and NHTSA vPIC make/model examples (2026-08-12).
ontario_ministry_transport_vehicle_population,BUIC,7LG,PASSENGER,2023,2025,3,2023 | 2024 | 2025,2024,2026,3,6,10296,2025,6590,Enclave (tentative),Enclave,,Envista | REGAL | ALLURE,Buick,agreement,Enclave,false,superseded_high_stock_reaudit,Latest-active reviewed MTO key; pass agreement is recomputed using case-insensitive model-family equivalence.,Reviewed two-pass MTO make/model inference using NCIC model-code abbreviations and NHTSA vPIC make/model examples (2026-08-12).
ontario_ministry_transport_vehicle_population,FORD,FAT,COMMERCIAL | PASSENGER,2014,2025,11,2014 | 2016 | 2017 | 2018 | 2019 | 2020 | 2021 | 2022 | 2023 | 2024 | 2025,1940,2025,17,123,37890,2025,6558,FAIRMONT,Fairmont,,T,Ford,agreement,Fairmont,false,superseded_high_stock_reaudit,Latest-active reviewed MTO key; pass agreement is recomputed using case-insensitive model-family equivalence.,Reviewed two-pass MTO make/model inference using NCIC model-code abbreviations and NHTSA vPIC make/model examples (2026-08-12).
ontario_ministry_transport_vehicle_population,VOLV,XC4,PASSENGER,2020,2025,6,2020 | 2021 | 2022 | 2023 | 2024 | 2025,2019,2026,8,29,21698,2025,6548,XC40,XC40,,,Volvo,agreement,XC40,false,superseded_high_stock_reaudit,Latest-active reviewed MTO key; pass agreement is recomputed using case-insensitive model-family equivalence.,Reviewed two-pass MTO make/model inference using NCIC model-code abbreviations and NHTSA vPIC make/model examples (2026-08-12).
ontario_ministry_transport_vehicle_population,HYUN,SPL,PASSENGER,2014,2025,11,2014 | 2016 | 2017 | 2018 | 2019 | 2020 | 2021 | 2022 | 2023 | 2024 | 2025,2015,2019,5,48,68042,2025,6507,Sonata,Sonata,,Santa Fe | SCOUPE | Elantra,Hyundai,agreement,Sonata,false,superseded_high_stock_reaudit,Latest-active reviewed MTO key; pass agreement is recomputed using case-insensitive model-family equivalence.,Reviewed two-pass MTO make/model inference using NCIC model-code abbreviations and NHTSA vPIC make/model examples (2026-08-12).
ontario_ministry_transport_vehicle_population,SUBA,IPR,PASSENGER,2014,2025,11,2014 | 2016 | 2017 | 2018 | 2019 | 2020 | 2021 | 2022 | 2023 | 2024 | 2025,1998,2016,7,72,72527,2025,6423,Impreza/Outback Sport,Impreza,,,Subaru,agreement,Impreza,false,superseded_high_stock_reaudit,Latest-active reviewed MTO key; pass agreement is recomputed using case-insensitive model-family equivalence.,Reviewed two-pass MTO make/model inference using NCIC model-code abbreviations and NHTSA vPIC make/model examples (2026-08-12).
ontario_ministry_transport_vehicle_population,FRHT,CON,COMMERCIAL,2014,2025,11,2014 | 2016 | 2017 | 2018 | 2019 | 2020 | 2021 | 2022 | 2023 | 2024 | 2025,1969,2023,49,510,98243,2025,6412,Condor,Condor,,Conventional,Freightliner,agreement,Condor,false,superseded_high_stock_reaudit,Latest-active reviewed MTO key; pass agreement is recomputed using case-insensitive model-family equivalence.,Reviewed two-pass MTO make/model inference using NCIC model-code abbreviations and NHTSA vPIC make/model examples (2026-08-12).
ontario_ministry_transport_vehicle_population,SUBA,XVC,PASSENGER,2014,2025,11,2014 | 2016 | 2017 | 2018 | 2019 | 2020 | 2021 | 2022 | 2023 | 2024 | 2025,2013,2015,3,33,70224,2025,6379,XT COUPE,Model unresolved,The Ontario abbreviation does not match a vPIC model closely enough.,,Subaru,disagreement,,false,superseded_high_stock_reaudit,Latest-active reviewed MTO key; pass agreement is recomputed using case-insensitive model-family equivalence.,Reviewed two-pass MTO make/model inference using NCIC model-code abbreviations and NHTSA vPIC make/model examples (2026-08-12).
ontario_ministry_transport_vehicle_population,CHRY,PAC,PASSENGER,2024,2025,2,2024 | 2025,1973,2026,8,14,8461,2025,6373,Pacifica,Pacifica,,,Chrysler,agreement,Pacifica,false,superseded_high_stock_reaudit,Latest-active reviewed MTO key; pass agreement is recomputed using case-insensitive model-family equivalence.,Reviewed two-pass MTO make/model inference using NCIC model-code abbreviations and NHTSA vPIC make/model examples (2026-08-12).
ontario_ministry_transport_vehicle_population,LEXS,A25,PASSENGER,2014,2025,11,2014 | 2016 | 2017 | 2018 | 2019 | 2020 | 2021 | 2022 | 2023 | 2024 | 2025,2007,2015,9,99,77242,2025,6264,NX25,NX,Code-to-name match is weak; selected from vPIC models with overlapping-year coverage.,NX | UX250H | HS250H,Lexus,agreement,NX,false,superseded_high_stock_reaudit,Latest-active reviewed MTO key; pass agreement is recomputed using case-insensitive model-family equivalence.,Reviewed two-pass MTO make/model inference using NCIC model-code abbreviations and NHTSA vPIC make/model examples (2026-08-12).
ontario_ministry_transport_vehicle_population,BUIC,AMG,PASSENGER,2023,2025,3,2023 | 2024 | 2025,2024,2026,3,6,10988,2025,6252,Envista (tentative),Envista,,Enclave | APOLLO | ALLURE,Buick,agreement,Envista,false,superseded_high_stock_reaudit,Latest-active reviewed MTO key; pass agreement is recomputed using case-insensitive model-family equivalence.,Reviewed two-pass MTO make/model inference using NCIC model-code abbreviations and NHTSA vPIC make/model examples (2026-08-12).
ontario_ministry_transport_vehicle_population,BMW,2VG,PASSENGER,2020,2025,6,2020 | 2021 | 2022 | 2023 | 2024 | 2025,2020,2026,6,22,16682,2025,6221,X2,X2,,2 Series,BMW,agreement,X2,false,superseded_high_stock_reaudit,Latest-active reviewed MTO key; pass agreement is recomputed using case-insensitive model-family equivalence.,Reviewed two-pass MTO make/model inference using NCIC model-code abbreviations and NHTSA vPIC make/model examples (2026-08-12).
ontario_ministry_transport_vehicle_population,NISS,JUK,PASSENGER,2014,2025,11,2014 | 2016 | 2017 | 2018 | 2019 | 2020 | 2021 | 2022 | 2023 | 2024 | 2025,2010,2025,9,78,75455,2025,6219,Juke,Juke,,,Nissan,agreement,Juke,false,superseded_high_stock_reaudit,Latest-active reviewed MTO key; pass agreement is recomputed using case-insensitive model-family equivalence.,Reviewed two-pass MTO make/model inference using NCIC model-code abbreviations and NHTSA vPIC make/model examples (2026-08-12).
ontario_ministry_transport_vehicle_population,TOYT,CUB,PASSENGER,2014,2025,11,2014 | 2016 | 2017 | 2018 | 2019 | 2020 | 2021 | 2022 | 2023 | 2024 | 2025,2007,2007,1,11,100088,2025,6210,Camry,Camry,,Corolla | FJ Cruiser | Land Cruiser,Toyota,agreement,Camry,false,superseded_high_stock_reaudit,Latest-active reviewed MTO key; pass agreement is recomputed using case-insensitive model-family equivalence.,Reviewed two-pass MTO make/model inference using NCIC model-code abbreviations and NHTSA vPIC make/model examples (2026-08-12).
ontario_ministry_transport_vehicle_population,NISS,A2B,PASSENGER,2016,2025,10,2016 | 2017 | 2018 | 2019 | 2020 | 2021 | 2022 | 2023 | 2024 | 2025,2016,2020,4,31,63588,2025,6195,Altima,Altima,,Armada | Maxima | Pathfinder,Nissan,agreement,Altima,false,superseded_high_stock_reaudit,Latest-active reviewed MTO key; pass agreement is recomputed using case-insensitive model-family equivalence.,Reviewed two-pass MTO make/model inference using NCIC model-code abbreviations and NHTSA vPIC make/model examples (2026-08-12).
ontario_ministry_transport_vehicle_population,VOLK,GEL,PASSENGER,2016,2025,10,2016 | 2017 | 2018 | 2019 | 2020 | 2021 | 2022 | 2023 | 2024 | 2025,2016,2019,4,36,59189,2025,6170,GOLF,Golf,,GOLF R | E-GOLF | GOLF ALLTRACK,Volkswagen,agreement,Golf,false,superseded_high_stock_reaudit,Latest-active reviewed MTO key; pass agreement is recomputed using case-insensitive model-family equivalence.,Reviewed two-pass MTO make/model inference using NCIC model-code abbreviations and NHTSA vPIC make/model examples (2026-08-12).
ontario_ministry_transport_vehicle_population,HOND,FLX,PASSENGER,2014,2025,11,2014 | 2016 | 2017 | 2018 | 2019 | 2020 | 2021 | 2022 | 2023 | 2024 | 2025,2009,2014,5,55,74947,2025,6168,FCX FUEL CELL VEHICLE,Pilot,vPIC also supports Fit; the code does not clearly distinguish them.,Fit | Pilot | Ridgeline,Honda,disagreement,,false,superseded_high_stock_reaudit,Latest-active reviewed MTO key; pass agreement is recomputed using case-insensitive model-family equivalence.,Reviewed two-pass MTO make/model inference using NCIC model-code abbreviations and NHTSA vPIC make/model examples (2026-08-12).
ontario_ministry_transport_vehicle_population,INFI,AJG,PASSENGER,2018,2025,8,2018 | 2019 | 2020 | 2021 | 2022 | 2023 | 2024 | 2025,2019,2025,7,34,31826,2025,6158,QX80 (tentative),QX80,,QX50 | QX60 | Q50,Infiniti,agreement,QX80,false,superseded_high_stock_reaudit,Latest-active reviewed MTO key; pass agreement is recomputed using case-insensitive model-family equivalence.,Reviewed two-pass MTO make/model inference using NCIC model-code abbreviations and NHTSA vPIC make/model examples (2026-08-12).
ontario_ministry_transport_vehicle_population,JEEP,LIB,COMMERCIAL | PASSENGER,2014,2025,11,2014 | 2016 | 2017 | 2018 | 2019 | 2020 | 2021 | 2022 | 2023 | 2024 | 2025,2002,2012,11,143,166317,2025,6138,Liberty,Liberty,,,Jeep,agreement,Liberty,false,superseded_high_stock_reaudit,Latest-active reviewed MTO key; pass agreement is recomputed using case-insensitive model-family equivalence.,Reviewed two-pass MTO make/model inference using NCIC model-code abbreviations and NHTSA vPIC make/model examples (2026-08-12).
ontario_ministry_transport_vehicle_population,KIA,OLX,PASSENGER,2014,2025,11,2014 | 2016 | 2017 | 2018 | 2019 | 2020 | 2021 | 2022 | 2023 | 2024 | 2025,2010,2019,10,103,72446,2025,6033,Soul,Soul,,,Kia,agreement,Soul,false,superseded_high_stock_reaudit,Latest-active reviewed MTO key; pass agreement is recomputed using case-insensitive model-family equivalence.,Reviewed two-pass MTO make/model inference using NCIC model-code abbreviations and NHTSA vPIC make/model examples (2026-08-12).
ontario_ministry_transport_vehicle_population,JEEP,W/T,COMMERCIAL | PASSENGER,2014,2025,11,2014 | 2016 | 2017 | 2018 | 2019 | 2020 | 2021 | 2022 | 2023 | 2024 | 2025,1997,2006,10,140,84879,2025,5978,Wrangler,Wrangler,,Wrangler/TJ,Jeep,agreement,Wrangler,false,superseded_high_stock_reaudit,Latest-active reviewed MTO key; pass agreement is recomputed using case-insensitive model-family equivalence.,Reviewed two-pass MTO make/model inference using NCIC model-code abbreviations and NHTSA vPIC make/model examples (2026-08-12).
ontario_ministry_transport_vehicle_population,LINC,NAV,PASSENGER,2014,2025,11,2014 | 2016 | 2017 | 2018 | 2019 | 2020 | 2021 | 2022 | 2023 | 2024 | 2025,1998,2026,29,260,32745,2025,5968,Navigator,Navigator,,,Lincoln,agreement,Navigator,false,superseded_high_stock_reaudit,Latest-active reviewed MTO key; pass agreement is recomputed using case-insensitive model-family equivalence.,Reviewed two-pass MTO make/model inference using NCIC model-code abbreviations and NHTSA vPIC make/model examples (2026-08-12).
ontario_ministry_transport_vehicle_population,FORD,FLE,PASSENGER,2014,2025,11,2014 | 2016 | 2017 | 2018 | 2019 | 2020 | 2021 | 2022 | 2023 | 2024 | 2025,1956,2019,14,146,91424,2025,5940,Flex,Flex,,,Ford,agreement,Flex,false,superseded_high_stock_reaudit,Latest-active reviewed MTO key; pass agreement is recomputed using case-insensitive model-family equivalence.,Reviewed two-pass MTO make/model inference using NCIC model-code abbreviations and NHTSA vPIC make/model examples (2026-08-12).
ontario_ministry_transport_vehicle_population,MITS,COT,PASSENGER,2014,2025,11,2014 | 2016 | 2017 | 2018 | 2019 | 2020 | 2021 | 2022 | 2023 | 2024 | 2025,2011,2020,9,88,56775,2025,5917,Outlander,Outlander,,CORDIA,Mitsubishi,agreement,Outlander,false,superseded_high_stock_reaudit,Latest-active reviewed MTO key; pass agreement is recomputed using case-insensitive model-family equivalence.,Reviewed two-pass MTO make/model inference using NCIC model-code abbreviations and NHTSA vPIC make/model examples (2026-08-12).
ontario_ministry_transport_vehicle_population,NISS,TTN,COMMERCIAL,2014,2025,11,2014 | 2016 | 2017 | 2018 | 2019 | 2020 | 2021 | 2022 | 2023 | 2024 | 2025,2004,2024,20,184,72563,2025,5914,Titan,Titan,,,Nissan,agreement,Titan,false,superseded_high_stock_reaudit,Latest-active reviewed MTO key; pass agreement is recomputed using case-insensitive model-family equivalence.,Reviewed two-pass MTO make/model inference using NCIC model-code abbreviations and NHTSA vPIC make/model examples (2026-08-12).
ontario_ministry_transport_vehicle_population,KIA,FLG,PASSENGER,2016,2025,10,2016 | 2017 | 2018 | 2019 | 2020 | 2021 | 2022 | 2023 | 2024 | 2025,2017,2018,2,19,52136,2025,5695,Forte,Forte,,Soul | Stinger,Kia,agreement,Forte,false,superseded_high_stock_reaudit,Latest-active reviewed MTO key; pass agreement is recomputed using case-insensitive model-family equivalence.,Reviewed two-pass MTO make/model inference using NCIC model-code abbreviations and NHTSA vPIC make/model examples (2026-08-12).
ontario_ministry_transport_vehicle_population,TESL,3EE,PASSENGER,2023,2025,3,2023 | 2024 | 2025,2023,2024,2,5,14484,2025,5686,3,Model 3,,,Tesla,disagreement,,false,superseded_high_stock_reaudit,Latest-active reviewed MTO key; pass agreement is recomputed using case-insensitive model-family equivalence.,Reviewed two-pass MTO make/model inference using NCIC model-code abbreviations and NHTSA vPIC make/model examples (2026-08-12).
ontario_ministry_transport_vehicle_population,TOYT,CHR,PASSENGER,2017,2025,9,2017 | 2018 | 2019 | 2020 | 2021 | 2022 | 2023 | 2024 | 2025,2018,2022,4,24,43446,2025,5675,C-HR,C-HR,,,Toyota,agreement,C-HR,false,superseded_high_stock_reaudit,Latest-active reviewed MTO key; pass agreement is recomputed using case-insensitive model-family equivalence.,Reviewed two-pass MTO make/model inference using NCIC model-code abbreviations and NHTSA vPIC make/model examples (2026-08-12).
ontario_ministry_transport_vehicle_population,CHEV,CLT,PASSENGER,2014,2025,11,2014 | 2016 | 2017 | 2018 | 2019 | 2020 | 2021 | 2022 | 2023 | 2024 | 2025,1976,2024,19,172,57478,2025,5674,Cobalt,Cobalt,,,Chevrolet,agreement,Cobalt,false,superseded_high_stock_reaudit,Latest-active reviewed MTO key; pass agreement is recomputed using case-insensitive model-family equivalence.,Reviewed two-pass MTO make/model inference using NCIC model-code abbreviations and NHTSA vPIC make/model examples (2026-08-12).
ontario_ministry_transport_vehicle_population,MITS,T5L,PASSENGER,2023,2025,3,2023 | 2024 | 2025,2023,2025,3,8,12048,2025,5668,Outlander,Outlander,,Mirage | Eclipse Cross,Mitsubishi,agreement,Outlander,false,superseded_high_stock_reaudit,Latest-active reviewed MTO key; pass agreement is recomputed using case-insensitive model-family equivalence.,Reviewed two-pass MTO make/model inference using NCIC model-code abbreviations and NHTSA vPIC make/model examples (2026-08-12).
ontario_ministry_transport_vehicle_population,ACUR,TSX,PASSENGER,2014,2025,11,2014 | 2016 | 2017 | 2018 | 2019 | 2020 | 2021 | 2022 | 2023 | 2024 | 2025,2004,2014,11,120,87885,2025,5639,TSX,TSX,,,Acura,agreement,TSX,false,superseded_high_stock_reaudit,Latest-active reviewed MTO key; pass agreement is recomputed using case-insensitive model-family equivalence.,Reviewed two-pass MTO make/model inference using NCIC model-code abbreviations and NHTSA vPIC make/model examples (2026-08-12).
ontario_ministry_transport_vehicle_population,BMW,TRG,PASSENGER,2017,2025,9,2017 | 2018 | 2019 | 2020 | 2021 | 2022 | 2023 | 2024 | 2025,2018,2019,2,17,44975,2025,5626,7 Series,Model unresolved,Ontario identifies only a vehicle family; vPIC does not support one unique model.,6 Series | 5 Series | 4 Series,BMW,disagreement,,false,superseded_high_stock_reaudit,Latest-active reviewed MTO key; pass agreement is recomputed using case-insensitive model-family equivalence.,Reviewed two-pass MTO make/model inference using NCIC model-code abbreviations and NHTSA vPIC make/model examples (2026-08-12).
ontario_ministry_transport_vehicle_population,HOND,CCR,PASSENGER,2014,2025,11,2014 | 2016 | 2017 | 2018 | 2019 | 2020 | 2021 | 2022 | 2023 | 2024 | 2025,1998,2015,9,99,104107,2025,5619,Accord,Accord,,CR-V,Honda,agreement,Accord,false,superseded_high_stock_reaudit,Latest-active reviewed MTO key; pass agreement is recomputed using case-insensitive model-family equivalence.,Reviewed two-pass MTO make/model inference using NCIC model-code abbreviations and NHTSA vPIC make/model examples (2026-08-12).
ontario_ministry_transport_vehicle_population,SUBA,WSL,PASSENGER,2016,2025,10,2016 | 2017 | 2018 | 2019 | 2020 | 2021 | 2022 | 2023 | 2024 | 2025,2015,2025,11,69,22697,2025,5602,Solterra,Solterra,,WRX,Subaru,agreement,Solterra,false,superseded_high_stock_reaudit,Latest-active reviewed MTO key; pass agreement is recomputed using case-insensitive model-family equivalence.,Reviewed two-pass MTO make/model inference using NCIC model-code abbreviations and NHTSA vPIC make/model examples (2026-08-12).
ontario_ministry_transport_vehicle_population,HOND,FXL,PASSENGER,2014,2025,11,2014 | 2016 | 2017 | 2018 | 2019 | 2020 | 2021 | 2022 | 2023 | 2024 | 2025,2015,2020,6,54,51244,2025,5585,Fit,Fit,,FCX FUEL CELL VEHICLE | Pilot | Clarity,Honda,agreement,Fit,false,superseded_high_stock_reaudit,Latest-active reviewed MTO key; pass agreement is recomputed using case-insensitive model-family equivalence.,Reviewed two-pass MTO make/model inference using NCIC model-code abbreviations and NHTSA vPIC make/model examples (2026-08-12).
ontario_ministry_transport_vehicle_population,MERZ,2C4,PASSENGER,2014,2025,11,2014 | 2016 | 2017 | 2018 | 2019 | 2020 | 2021 | 2022 | 2023 | 2024 | 2025,2014,2019,6,57,58921,2025,5582,245,S-Class,Code-to-name match is weak; selected from vPIC models with overlapping-year coverage.,240 | C240 | S-Class,Mercedes-Benz,disagreement,,false,superseded_high_stock_reaudit,Latest-active reviewed MTO key; pass agreement is recomputed using case-insensitive model-family equivalence.,Reviewed two-pass MTO make/model inference using NCIC model-code abbreviations and NHTSA vPIC make/model examples (2026-08-12).
ontario_ministry_transport_vehicle_population,MAZD,MGR,PASSENGER,2014,2025,11,2014 | 2016 | 2017 | 2018 | 2019 | 2020 | 2021 | 2022 | 2023 | 2024 | 2025,2014,2021,8,70,47412,2025,5581,MX-5,MX-5,,CX-5 | Mazda6 | Mazda3,Mazda,agreement,MX-5,false,superseded_high_stock_reaudit,Latest-active reviewed MTO key; pass agreement is recomputed using case-insensitive model-family equivalence.,Reviewed two-pass MTO make/model inference using NCIC model-code abbreviations and NHTSA vPIC make/model examples (2026-08-12).
ontario_ministry_transport_vehicle_population,CHEV,AVL,COMMERCIAL | PASSENGER,2014,2025,11,2014 | 2016 | 2017 | 2018 | 2019 | 2020 | 2021 | 2022 | 2023 | 2024 | 2025,2002,2013,12,264,111169,2025,5572,Avalanche,Avalanche,,,Chevrolet,agreement,Avalanche,false,superseded_high_stock_reaudit,Latest-active reviewed MTO key; pass agreement is recomputed using case-insensitive model-family equivalence.,Reviewed two-pass MTO make/model inference using NCIC model-code abbreviations and NHTSA vPIC make/model examples (2026-08-12).
ontario_ministry_transport_vehicle_population,FORD,FTU,PASSENGER,2014,2025,11,2014 | 2016 | 2017 | 2018 | 2019 | 2020 | 2021 | 2022 | 2023 | 2024 | 2025,1965,2018,12,127,74585,2025,5562,Fusion,Fusion,,Taurus | FT900 | FUTURA,Ford,agreement,Fusion,false,superseded_high_stock_reaudit,Latest-active reviewed MTO key; pass agreement is recomputed using case-insensitive model-family equivalence.,Reviewed two-pass MTO make/model inference using NCIC model-code abbreviations and NHTSA vPIC make/model examples (2026-08-12).
ontario_ministry_transport_vehicle_population,HYUN,CFE,PASSENGER,2014,2025,11,2014 | 2016 | 2017 | 2018 | 2019 | 2020 | 2021 | 2022 | 2023 | 2024 | 2025,2002,2009,8,88,147028,2025,5551,Santa Fe,Santa Fe,,,Hyundai,agreement,Santa Fe,false,superseded_high_stock_reaudit,Latest-active reviewed MTO key; pass agreement is recomputed using case-insensitive model-family equivalence.,Reviewed two-pass MTO make/model inference using NCIC model-code abbreviations and NHTSA vPIC make/model examples (2026-08-12).
ontario_ministry_transport_vehicle_population,MITS,LST,PASSENGER,2014,2025,11,2014 | 2016 | 2017 | 2018 | 2019 | 2020 | 2021 | 2022 | 2023 | 2024 | 2025,2009,2014,6,66,80699,2025,5508,Lancer,Lancer,,Galant | Eclipse | Outlander,Mitsubishi,agreement,Lancer,false,superseded_high_stock_reaudit,Latest-active reviewed MTO key; pass agreement is recomputed using case-insensitive model-family equivalence.,Reviewed two-pass MTO make/model inference using NCIC model-code abbreviations and NHTSA vPIC make/model examples (2026-08-12).
ontario_ministry_transport_vehicle_population,HOND,CVL,PASSENGER,2014,2025,11,2014 | 2016 | 2017 | 2018 | 2019 | 2020 | 2021 | 2022 | 2023 | 2024 | 2025,1982,2015,9,99,68883,2025,5453,CR-V,CR-V,,Civic,Honda,agreement,CR-V,false,superseded_high_stock_reaudit,Latest-active reviewed MTO key; pass agreement is recomputed using case-insensitive model-family equivalence.,Reviewed two-pass MTO make/model inference using NCIC model-code abbreviations and NHTSA vPIC make/model examples (2026-08-12).
ontario_ministry_transport_vehicle_population,JAGU,FPC,PASSENGER,2016,2025,10,2016 | 2017 | 2018 | 2019 | 2020 | 2021 | 2022 | 2023 | 2024 | 2025,2017,2026,10,53,37819,2025,5451,F-Pace,F-PACE,,,Jaguar,agreement,F-PACE,false,superseded_high_stock_reaudit,Latest-active reviewed MTO key; pass agreement is recomputed using case-insensitive model-family equivalence.,Reviewed two-pass MTO make/model inference using NCIC model-code abbreviations and NHTSA vPIC make/model examples (2026-08-12).
ontario_ministry_transport_vehicle_population,KIA,ERG,PASSENGER,2020,2025,6,2020 | 2021 | 2022 | 2023 | 2024 | 2025,2021,2026,6,21,17284,2025,5399,EV6,EV6,,EV9 | Niro | Stinger,Kia,agreement,EV6,false,superseded_high_stock_reaudit,Latest-active reviewed MTO key; pass agreement is recomputed using case-insensitive model-family equivalence.,Reviewed two-pass MTO make/model inference using NCIC model-code abbreviations and NHTSA vPIC make/model examples (2026-08-12).
ontario_ministry_transport_vehicle_population,CHEV,CZS,PASSENGER,2014,2025,11,2014 | 2016 | 2017 | 2018 | 2019 | 2020 | 2021 | 2022 | 2023 | 2024 | 2025,2011,2015,5,55,74339,2025,5373,Cruze,Cruze,,CORSA | CORSICA | C5,Chevrolet,agreement,Cruze,false,superseded_high_stock_reaudit,Latest-active reviewed MTO key; pass agreement is recomputed using case-insensitive model-family equivalence.,Reviewed two-pass MTO make/model inference using NCIC model-code abbreviations and NHTSA vPIC make/model examples (2026-08-12).
ontario_ministry_transport_vehicle_population,TESL,MSS,PASSENGER,2014,2025,11,2014 | 2016 | 2017 | 2018 | 2019 | 2020 | 2021 | 2022 | 2023 | 2024 | 2025,2012,2026,15,102,40974,2025,5358,Model S,Model S,,Model X | Model 3,Tesla,agreement,Model S,false,superseded_high_stock_reaudit,Latest-active reviewed MTO key; pass agreement is recomputed using case-insensitive model-family equivalence.,Reviewed two-pass MTO make/model inference using NCIC model-code abbreviations and NHTSA vPIC make/model examples (2026-08-12).
ontario_ministry_transport_vehicle_population,HYUN,ALS,PASSENGER,2014,2025,11,2014 | 2016 | 2017 | 2018 | 2019 | 2020 | 2021 | 2022 | 2023 | 2024 | 2025,2006,2015,7,77,96915,2025,5339,PALISADE,Palisade,"Closest vPIC name match, but no sampled year-specific result corroborates it.",Azera | Accent | Sonata,Hyundai,agreement,Palisade,false,superseded_high_stock_reaudit,Latest-active reviewed MTO key; pass agreement is recomputed using case-insensitive model-family equivalence.,Reviewed two-pass MTO make/model inference using NCIC model-code abbreviations and NHTSA vPIC make/model examples (2026-08-12).
ontario_ministry_transport_vehicle_population,CHEV,MLT,PASSENGER,2014,2025,11,2014 | 2016 | 2017 | 2018 | 2019 | 2020 | 2021 | 2022 | 2023 | 2024 | 2025,2004,2023,13,113,78730,2025,5335,Volt,Volt,,LT | Bolt EV | Bolt EUV,Chevrolet,agreement,Volt,false,superseded_high_stock_reaudit,Latest-active reviewed MTO key; pass agreement is recomputed using case-insensitive model-family equivalence.,Reviewed two-pass MTO make/model inference using NCIC model-code abbreviations and NHTSA vPIC make/model examples (2026-08-12).
ontario_ministry_transport_vehicle_population,GENS,MAG,PASSENGER,2021,2025,5,2021 | 2022 | 2023 | 2024 | 2025,2022,2026,5,15,12452,2025,5318,G90,G90,,G80 | G70 | GV80,Genesis,agreement,G90,false,superseded_high_stock_reaudit,Latest-active reviewed MTO key; pass agreement is recomputed using case-insensitive model-family equivalence.,Reviewed two-pass MTO make/model inference using NCIC model-code abbreviations and NHTSA vPIC make/model examples (2026-08-12).
ontario_ministry_transport_vehicle_population,VOLK,PTE,PASSENGER,2014,2025,11,2014 | 2016 | 2017 | 2018 | 2019 | 2020 | 2021 | 2022 | 2023 | 2024 | 2025,2012,2017,6,64,58868,2025,5249,POINTER,Passat,vPIC also supports Touareg; the code does not clearly distinguish them.,Passat | Touareg,Volkswagen,disagreement,,false,superseded_high_stock_reaudit,Latest-active reviewed MTO key; pass agreement is recomputed using case-insensitive model-family equivalence.,Reviewed two-pass MTO make/model inference using NCIC model-code abbreviations and NHTSA vPIC make/model examples (2026-08-12).
ontario_ministry_transport_vehicle_population,HYUN,ESE,PASSENGER,2016,2025,10,2016 | 2017 | 2018 | 2019 | 2020 | 2021 | 2022 | 2023 | 2024 | 2025,2017,2020,4,34,45138,2025,5243,Veloster,Veloster,,,Hyundai,agreement,Veloster,false,superseded_high_stock_reaudit,Latest-active reviewed MTO key; pass agreement is recomputed using case-insensitive model-family equivalence.,Reviewed two-pass MTO make/model inference using NCIC model-code abbreviations and NHTSA vPIC make/model examples (2026-08-12).
ontario_ministry_transport_vehicle_population,INFI,QX6,PASSENGER,2014,2025,11,2014 | 2016 | 2017 | 2018 | 2019 | 2020 | 2021 | 2022 | 2023 | 2024 | 2025,2014,2026,7,50,50817,2025,5205,QX60,QX60,,,Infiniti,agreement,QX60,false,superseded_high_stock_reaudit,Latest-active reviewed MTO key; pass agreement is recomputed using case-insensitive model-family equivalence.,Reviewed two-pass MTO make/model inference using NCIC model-code abbreviations and NHTSA vPIC make/model examples (2026-08-12).
ontario_ministry_transport_vehicle_population,KIA,ETG,PASSENGER,2020,2025,6,2020 | 2021 | 2022 | 2023 | 2024 | 2025,2021,2026,6,21,17788,2025,5183,Stinger,Stinger,,,Kia,agreement,Stinger,false,superseded_high_stock_reaudit,Latest-active reviewed MTO key; pass agreement is recomputed using case-insensitive model-family equivalence.,Reviewed two-pass MTO make/model inference using NCIC model-code abbreviations and NHTSA vPIC make/model examples (2026-08-12).
ontario_ministry_transport_vehicle_population,CHRY,2LM,PASSENGER,2014,2025,11,2014 | 2016 | 2017 | 2018 | 2019 | 2020 | 2021 | 2022 | 2023 | 2024 | 2025,2011,2017,7,75,66262,2025,5169,200,200,,,Chrysler,agreement,200,false,superseded_high_stock_reaudit,Latest-active reviewed MTO key; pass agreement is recomputed using case-insensitive model-family equivalence.,Reviewed two-pass MTO make/model inference using NCIC model-code abbreviations and NHTSA vPIC make/model examples (2026-08-12).
ontario_ministry_transport_vehicle_population,TOYT,XLL,PASSENGER,2014,2025,11,2014 | 2016 | 2017 | 2018 | 2019 | 2020 | 2021 | 2022 | 2023 | 2024 | 2025,1997,2006,10,110,124796,2025,5124,Land Cruiser,Land Cruiser,,Matrix | Highlander | Corolla,Toyota,agreement,Land Cruiser,false,superseded_high_stock_reaudit,Latest-active reviewed MTO key; pass agreement is recomputed using case-insensitive model-family equivalence.,Reviewed two-pass MTO make/model inference using NCIC model-code abbreviations and NHTSA vPIC make/model examples (2026-08-12).
ontario_ministry_transport_vehicle_population,LINC,NAU,PASSENGER,2019,2025,7,2019 | 2020 | 2021 | 2022 | 2023 | 2024 | 2025,2019,2026,7,29,27102,2025,5086,Nautilus,Nautilus,,,Lincoln,agreement,Nautilus,false,superseded_high_stock_reaudit,Latest-active reviewed MTO key; pass agreement is recomputed using case-insensitive model-family equivalence.,Reviewed two-pass MTO make/model inference using NCIC model-code abbreviations and NHTSA vPIC make/model examples (2026-08-12).
ontario_ministry_transport_vehicle_population,PORS,MAC,PASSENGER,2014,2025,11,2014 | 2016 | 2017 | 2018 | 2019 | 2020 | 2021 | 2022 | 2023 | 2024 | 2025,2015,2026,12,73,38548,2025,5039,Macan,Macan,,,Porsche,agreement,Macan,false,superseded_high_stock_reaudit,Latest-active reviewed MTO key; pass agreement is recomputed using case-insensitive model-family equivalence.,Reviewed two-pass MTO make/model inference using NCIC model-code abbreviations and NHTSA vPIC make/model examples (2026-08-12).
ontario_ministry_transport_vehicle_population,MAZD,M6I,PASSENGER,2014,2025,11,2014 | 2016 | 2017 | 2018 | 2019 | 2020 | 2021 | 2022 | 2023 | 2024 | 2025,2003,2013,11,111,100445,2025,5019,Mazda6,Mazda6,,,Mazda,agreement,Mazda6,false,superseded_high_stock_reaudit,Latest-active reviewed MTO key; pass agreement is recomputed using case-insensitive model-family equivalence.,Reviewed two-pass MTO make/model inference using NCIC model-code abbreviations and NHTSA vPIC make/model examples (2026-08-12).
ontario_ministry_transport_vehicle_population,TOYT,HV4,PASSENGER,2016,2025,10,2016 | 2017 | 2018 | 2019 | 2020 | 2021 | 2022 | 2023 | 2024 | 2025,2016,2018,3,29,46210,2025,5005,RAV4,RAV4,,4Runner,Toyota,agreement,RAV4,false,superseded_high_stock_reaudit,Latest-active reviewed MTO key; pass agreement is recomputed using case-insensitive model-family equivalence.,Reviewed two-pass MTO make/model inference using NCIC model-code abbreviations and NHTSA vPIC make/model examples (2026-08-12).
ontario_ministry_transport_vehicle_population,CHEV,K15,COMMERCIAL | PASSENGER,2014,2025,11,2014 | 2016 | 2017 | 2018 | 2019 | 2020 | 2021 | 2022 | 2023 | 2024 | 2025,1964,2024,50,881,70566,2025,4978,K1500 Pickup,S-10 Pickup,"vPIC supports the model, but the Ontario abbreviation is not uniquely identifying.",,Chevrolet,disagreement,,false,superseded_high_stock_reaudit,Latest-active reviewed MTO key; pass agreement is recomputed using case-insensitive model-family equivalence.,Reviewed two-pass MTO make/model inference using NCIC model-code abbreviations and NHTSA vPIC make/model examples (2026-08-12).
ontario_ministry_transport_vehicle_population,MERZ,ZFG,PASSENGER,2016,2025,10,2016 | 2017 | 2018 | 2019 | 2020 | 2021 | 2022 | 2023 | 2024 | 2025,2017,2023,7,48,38402,2025,4978,AMG GT,AMG GT,,G-Class | GLS-Class | GLE-Class,Mercedes-Benz,agreement,AMG GT,false,superseded_high_stock_reaudit,Latest-active reviewed MTO key; pass agreement is recomputed using case-insensitive model-family equivalence.,Reviewed two-pass MTO make/model inference using NCIC model-code abbreviations and NHTSA vPIC make/model examples (2026-08-12).
ontario_ministry_transport_vehicle_population,HYUN,JCG,COMMERCIAL | PASSENGER,2023,2025,3,2023 | 2024 | 2025,2022,2025,4,21,7235,2025,4973,Tucson,Tucson,,Santa Cruz | Accent,Hyundai,agreement,Tucson,false,superseded_high_stock_reaudit,Latest-active reviewed MTO key; pass agreement is recomputed using case-insensitive model-family equivalence.,Reviewed two-pass MTO make/model inference using NCIC model-code abbreviations and NHTSA vPIC make/model examples (2026-08-12).
ontario_ministry_transport_vehicle_population,LEXS,UX,PASSENGER,2022,2025,4,2022 | 2023 | 2024 | 2025,2020,2025,6,19,11487,2025,4931,UX,UX,,,Lexus,agreement,UX,false,superseded_high_stock_reaudit,Latest-active reviewed MTO key; pass agreement is recomputed using case-insensitive model-family equivalence.,Reviewed two-pass MTO make/model inference using NCIC model-code abbreviations and NHTSA vPIC make/model examples (2026-08-12).
ontario_ministry_transport_vehicle_population,VOLK,GTD,PASSENGER,2014,2025,11,2014 | 2016 | 2017 | 2018 | 2019 | 2020 | 2021 | 2022 | 2023 | 2024 | 2025,1991,2025,11,88,39413,2025,4910,GLI,GLI,,GTI,Volkswagen,agreement,GLI,false,superseded_high_stock_reaudit,Latest-active reviewed MTO key; pass agreement is recomputed using case-insensitive model-family equivalence.,Reviewed two-pass MTO make/model inference using NCIC model-code abbreviations and NHTSA vPIC make/model examples (2026-08-12).
ontario_ministry_transport_vehicle_population,ACUR,ATL,PASSENGER,2014,2025,11,2014 | 2016 | 2017 | 2018 | 2019 | 2020 | 2021 | 2022 | 2023 | 2024 | 2025,2004,2014,10,110,79521,2025,4878,TL,TL,,,Acura,agreement,TL,false,superseded_high_stock_reaudit,Latest-active reviewed MTO key; pass agreement is recomputed using case-insensitive model-family equivalence.,Reviewed two-pass MTO make/model inference using NCIC model-code abbreviations and NHTSA vPIC make/model examples (2026-08-12).
ontario_ministry_transport_vehicle_population,HOND,FIL,PASSENGER,2014,2025,11,2014 | 2016 | 2017 | 2018 | 2019 | 2020 | 2021 | 2022 | 2023 | 2024 | 2025,2015,2020,6,54,45744,2025,4866,Fit,Fit,,,Honda,agreement,Fit,false,superseded_high_stock_reaudit,Latest-active reviewed MTO key; pass agreement is recomputed using case-insensitive model-family equivalence.,Reviewed two-pass MTO make/model inference using NCIC model-code abbreviations and NHTSA vPIC make/model examples (2026-08-12).
ontario_ministry_transport_vehicle_population,TOYT,GZG,PASSENGER,2020,2025,6,2020 | 2021 | 2022 | 2023 | 2024 | 2025,2020,2022,3,17,28420,2025,4865,GR Supra,Supra,"vPIC supports the model, but the Ontario abbreviation is not uniquely identifying.",GR 86 | Highlander | Venza,Toyota,agreement,Supra,false,superseded_high_stock_reaudit,Latest-active reviewed MTO key; pass agreement is recomputed using case-insensitive model-family equivalence.,Reviewed two-pass MTO make/model inference using NCIC model-code abbreviations and NHTSA vPIC make/model examples (2026-08-12).
ontario_ministry_transport_vehicle_population,NISS,A3L,PASSENGER,2019,2025,7,2019 | 2020 | 2021 | 2022 | 2023 | 2024 | 2025,2016,2025,9,48,22728,2025,4787,Altima,Altima,,,Nissan,agreement,Altima,false,superseded_high_stock_reaudit,Latest-active reviewed MTO key; pass agreement is recomputed using case-insensitive model-family equivalence.,Reviewed two-pass MTO make/model inference using NCIC model-code abbreviations and NHTSA vPIC make/model examples (2026-08-12).
ontario_ministry_transport_vehicle_population,VOLK,JSL,PASSENGER,2014,2025,11,2014 | 2016 | 2017 | 2018 | 2019 | 2020 | 2021 | 2022 | 2023 | 2024 | 2025,2011,2025,7,58,45768,2025,4784,Jetta,Jetta,,Eos | GLI | Atlas,Volkswagen,agreement,Jetta,false,superseded_high_stock_reaudit,Latest-active reviewed MTO key; pass agreement is recomputed using case-insensitive model-family equivalence.,Reviewed two-pass MTO make/model inference using NCIC model-code abbreviations and NHTSA vPIC make/model examples (2026-08-12).
ontario_ministry_transport_vehicle_population,CHEV,TRX,PASSENGER,2014,2025,11,2014 | 2016 | 2017 | 2018 | 2019 | 2020 | 2021 | 2022 | 2023 | 2024 | 2025,2013,2020,4,34,57812,2025,4783,Trax,Trax,,,Chevrolet,agreement,Trax,false,superseded_high_stock_reaudit,Latest-active reviewed MTO key; pass agreement is recomputed using case-insensitive model-family equivalence.,Reviewed two-pass MTO make/model inference using NCIC model-code abbreviations and NHTSA vPIC make/model examples (2026-08-12).
ontario_ministry_transport_vehicle_population,DODG,CHS,PASSENGER,2014,2025,11,2014 | 2016 | 2017 | 2018 | 2019 | 2020 | 2021 | 2022 | 2023 | 2024 | 2025,1972,2023,18,165,59277,2025,4747,D250 Cab Chassis,Charger,Generic Ontario code spans multiple vPIC models; this is the closest family match.,Charger | Dakota Cab Chassis | CSX,Dodge,disagreement,,false,superseded_high_stock_reaudit,Latest-active reviewed MTO key; pass agreement is recomputed using case-insensitive model-family equivalence.,Reviewed two-pass MTO make/model inference using NCIC model-code abbreviations and NHTSA vPIC make/model examples (2026-08-12).
ontario_ministry_transport_vehicle_population,KIA,RHG,PASSENGER,2021,2025,5,2021 | 2022 | 2023 | 2024 | 2025,2021,2025,5,18,12671,2025,4680,Rio,Rio,,Niro | Sorento | Forte,Kia,agreement,Rio,false,superseded_high_stock_reaudit,Latest-active reviewed MTO key; pass agreement is recomputed using case-insensitive model-family equivalence.,Reviewed two-pass MTO make/model inference using NCIC model-code abbreviations and NHTSA vPIC make/model examples (2026-08-12).
ontario_ministry_transport_vehicle_population,VOLK,GTI,PASSENGER,2014,2025,11,2014 | 2016 | 2017 | 2018 | 2019 | 2020 | 2021 | 2022 | 2023 | 2024 | 2025,1979,2026,36,327,52567,2025,4595,GTI,GTI,,,Volkswagen,agreement,GTI,false,superseded_high_stock_reaudit,Latest-active reviewed MTO key; pass agreement is recomputed using case-insensitive model-family equivalence.,Reviewed two-pass MTO make/model inference using NCIC model-code abbreviations and NHTSA vPIC make/model examples (2026-08-12).
ontario_ministry_transport_vehicle_population,TOYT,YSE,PASSENGER,2016,2025,10,2016 | 2017 | 2018 | 2019 | 2020 | 2021 | 2022 | 2023 | 2024 | 2025,2016,2019,4,37,38531,2025,4586,Yaris,Yaris,,Sienna | Sequoia | 4Runner,Toyota,agreement,Yaris,false,superseded_high_stock_reaudit,Latest-active reviewed MTO key; pass agreement is recomputed using case-insensitive model-family equivalence.,Reviewed two-pass MTO make/model inference using NCIC model-code abbreviations and NHTSA vPIC make/model examples (2026-08-12).
ontario_ministry_transport_vehicle_population,KIA,NIR,PASSENGER,2017,2025,7,2017 | 2018 | 2021 | 2022 | 2023 | 2024 | 2025,2017,2026,10,35,11173,2025,4583,Niro,Niro,,,Kia,agreement,Niro,false,superseded_high_stock_reaudit,Latest-active reviewed MTO key; pass agreement is recomputed using case-insensitive model-family equivalence.,Reviewed two-pass MTO make/model inference using NCIC model-code abbreviations and NHTSA vPIC make/model examples (2026-08-12).
ontario_ministry_transport_vehicle_population,TESL,XCE,PASSENGER,2017,2025,9,2017 | 2018 | 2019 | 2020 | 2021 | 2022 | 2023 | 2024 | 2025,2016,2026,11,59,26300,2025,4550,X,Model X,,Model X | Model S | Model 3,Tesla,disagreement,,false,superseded_high_stock_reaudit,Latest-active reviewed MTO key; pass agreement is recomputed using case-insensitive model-family equivalence.,Reviewed two-pass MTO make/model inference using NCIC model-code abbreviations and NHTSA vPIC make/model examples (2026-08-12).
ontario_ministry_transport_vehicle_population,HYUN,HAG,PASSENGER,2023,2025,3,2023 | 2024 | 2025,2024,2025,2,5,7807,2025,4544,Palisade,Palisade,,Kona | Sonata | Santa Fe,Hyundai,agreement,Palisade,false,superseded_high_stock_reaudit,Latest-active reviewed MTO key; pass agreement is recomputed using case-insensitive model-family equivalence.,Reviewed two-pass MTO make/model inference using NCIC model-code abbreviations and NHTSA vPIC make/model examples (2026-08-12).
ontario_ministry_transport_vehicle_population,MAZD,MCX,PASSENGER,2014,2025,11,2014 | 2016 | 2017 | 2018 | 2019 | 2020 | 2021 | 2022 | 2023 | 2024 | 2025,2007,2012,6,66,77645,2025,4498,MX-5,MX-5,,CX-9 | CX-7,Mazda,agreement,MX-5,false,superseded_high_stock_reaudit,Latest-active reviewed MTO key; pass agreement is recomputed using case-insensitive model-family equivalence.,Reviewed two-pass MTO make/model inference using NCIC model-code abbreviations and NHTSA vPIC make/model examples (2026-08-12).
ontario_ministry_transport_vehicle_population,MAZD,MIA,PASSENGER,2014,2025,11,2014 | 2016 | 2017 | 2018 | 2019 | 2020 | 2021 | 2022 | 2023 | 2024 | 2025,1990,2012,16,176,47043,2025,4497,MIATA MX5,MX-5,"vPIC supports the model, but the Ontario abbreviation is not uniquely identifying.",,Mazda,disagreement,,false,superseded_high_stock_reaudit,Latest-active reviewed MTO key; pass agreement is recomputed using case-insensitive model-family equivalence.,Reviewed two-pass MTO make/model inference using NCIC model-code abbreviations and NHTSA vPIC make/model examples (2026-08-12).
ontario_ministry_transport_vehicle_population,HYUN,HBG,PASSENGER,2023,2025,3,2023 | 2024 | 2025,2024,2025,2,5,7847,2025,4475,Venue (tentative),Venue,,Tucson | Sonata | Santa Fe,Hyundai,agreement,Venue,false,superseded_high_stock_reaudit,Latest-active reviewed MTO key; pass agreement is recomputed using case-insensitive model-family equivalence.,Reviewed two-pass MTO make/model inference using NCIC model-code abbreviations and NHTSA vPIC make/model examples (2026-08-12).
ontario_ministry_transport_vehicle_population,HYUN,HCG,PASSENGER,2023,2025,3,2023 | 2024 | 2025,2024,2025,2,5,7017,2025,4448,Tucson,Tucson,,Santa Cruz,Hyundai,agreement,Tucson,false,superseded_high_stock_reaudit,Latest-active reviewed MTO key; pass agreement is recomputed using case-insensitive model-family equivalence.,Reviewed two-pass MTO make/model inference using NCIC model-code abbreviations and NHTSA vPIC make/model examples (2026-08-12).
ontario_ministry_transport_vehicle_population,SUBA,O2P,PASSENGER,2014,2025,11,2014 | 2016 | 2017 | 2018 | 2019 | 2020 | 2021 | 2022 | 2023 | 2024 | 2025,2010,2014,5,55,57022,2025,4401,Forester,Forester,,Legacy/Outback | Impreza/Outback Sport | Crosstrek,Subaru,agreement,Forester,false,superseded_high_stock_reaudit,Latest-active reviewed MTO key; pass agreement is recomputed using case-insensitive model-family equivalence.,Reviewed two-pass MTO make/model inference using NCIC model-code abbreviations and NHTSA vPIC make/model examples (2026-08-12).
ontario_ministry_transport_vehicle_population,MERZ,GK2,PASSENGER,2014,2025,11,2014 | 2016 | 2017 | 2018 | 2019 | 2020 | 2021 | 2022 | 2023 | 2024 | 2025,2013,2015,3,33,54369,2025,4388,GLK250,Model unresolved,The Ontario abbreviation does not match a vPIC model closely enough.,,Mercedes-Benz,disagreement,,false,superseded_high_stock_reaudit,Latest-active reviewed MTO key; pass agreement is recomputed using case-insensitive model-family equivalence.,Reviewed two-pass MTO make/model inference using NCIC model-code abbreviations and NHTSA vPIC make/model examples (2026-08-12).
ontario_ministry_transport_vehicle_population,CHEV,CZL,PASSENGER,2014,2025,11,2014 | 2016 | 2017 | 2018 | 2019 | 2020 | 2021 | 2022 | 2023 | 2024 | 2025,2011,2019,9,92,60932,2025,4373,Cruze,Cruze,,Colorado,Chevrolet,agreement,Cruze,false,superseded_high_stock_reaudit,Latest-active reviewed MTO key; pass agreement is recomputed using case-insensitive model-family equivalence.,Reviewed two-pass MTO make/model inference using NCIC model-code abbreviations and NHTSA vPIC make/model examples (2026-08-12).
ontario_ministry_transport_vehicle_population,MERZ,MS6,PASSENGER,2016,2025,10,2016 | 2017 | 2018 | 2019 | 2020 | 2021 | 2022 | 2023 | 2024 | 2025,2016,2025,8,51,38924,2025,4346,AMG SL65,Metris,vPIC also supports AMG GT; the code does not clearly distinguish them.,AMG GLS63 | Metris Cargo | S600,Mercedes-Benz,disagreement,,false,superseded_high_stock_reaudit,Latest-active reviewed MTO key; pass agreement is recomputed using case-insensitive model-family equivalence.,Reviewed two-pass MTO make/model inference using NCIC model-code abbreviations and NHTSA vPIC make/model examples (2026-08-12).
ontario_ministry_transport_vehicle_population,CHRY,GRA,PASSENGER,2024,2025,2,2024 | 2025,1973,2025,5,10,6375,2025,4339,GRAND VOYAGER,Grand Voyager,,,Chrysler,agreement,Grand Voyager,false,superseded_high_stock_reaudit,Latest-active reviewed MTO key; pass agreement is recomputed using case-insensitive model-family equivalence.,Reviewed two-pass MTO make/model inference using NCIC model-code abbreviations and NHTSA vPIC make/model examples (2026-08-12).
ontario_ministry_transport_vehicle_population,BMW,4XG,PASSENGER,2016,2025,10,2016 | 2017 | 2018 | 2019 | 2020 | 2021 | 2022 | 2023 | 2024 | 2025,2015,2025,9,57,37052,2025,4335,X4,X4,,Z4 | 4 Series | i4,BMW,agreement,X4,false,superseded_high_stock_reaudit,Latest-active reviewed MTO key; pass agreement is recomputed using case-insensitive model-family equivalence.,Reviewed two-pass MTO make/model inference using NCIC model-code abbreviations and NHTSA vPIC make/model examples (2026-08-12).
ontario_ministry_transport_vehicle_population,BMW,X12,PASSENGER,2014,2025,11,2014 | 2016 | 2017 | 2018 | 2019 | 2020 | 2021 | 2022 | 2023 | 2024 | 2025,2012,2015,4,44,57277,2025,4297,X1,X1,,,BMW,agreement,X1,false,superseded_high_stock_reaudit,Latest-active reviewed MTO key; pass agreement is recomputed using case-insensitive model-family equivalence.,Reviewed two-pass MTO make/model inference using NCIC model-code abbreviations and NHTSA vPIC make/model examples (2026-08-12).
ontario_ministry_transport_vehicle_population,KIA,NBG,PASSENGER,2021,2025,5,2021 | 2022 | 2023 | 2024 | 2025,2022,2026,5,15,12625,2025,4292,Niro,Niro,,Stinger,Kia,agreement,Niro,false,superseded_high_stock_reaudit,Latest-active reviewed MTO key; pass agreement is recomputed using case-insensitive model-family equivalence.,Reviewed two-pass MTO make/model inference using NCIC model-code abbreviations and NHTSA vPIC make/model examples (2026-08-12).
ontario_ministry_transport_vehicle_population,NISS,VMT,PASSENGER,2014,2025,11,2014 | 2016 | 2017 | 2018 | 2019 | 2020 | 2021 | 2022 | 2023 | 2024 | 2025,2013,2025,13,82,18261,2025,4282,Versa,Versa,,GT-R | Murano | Altima,Nissan,agreement,Versa,false,superseded_high_stock_reaudit,Latest-active reviewed MTO key; pass agreement is recomputed using case-insensitive model-family equivalence.,Reviewed two-pass MTO make/model inference using NCIC model-code abbreviations and NHTSA vPIC make/model examples (2026-08-12).
ontario_ministry_transport_vehicle_population,CHRY,S30,PASSENGER,2014,2025,11,2014 | 2016 | 2017 | 2018 | 2019 | 2020 | 2021 | 2022 | 2023 | 2024 | 2025,1965,2023,14,122,44017,2025,4275,300,300,,,Chrysler,agreement,300,false,superseded_high_stock_reaudit,Latest-active reviewed MTO key; pass agreement is recomputed using case-insensitive model-family equivalence.,Reviewed two-pass MTO make/model inference using NCIC model-code abbreviations and NHTSA vPIC make/model examples (2026-08-12).
ontario_ministry_transport_vehicle_population,INTL,70S,COMMERCIAL,2014,2025,11,2014 | 2016 | 2017 | 2018 | 2019 | 2020 | 2021 | 2022 | 2023 | 2024 | 2025,1990,2019,21,224,61574,2025,4269,7000 Series,700,Generic Ontario code spans multiple vPIC models; this is the closest family match.,,International,agreement,700,false,superseded_high_stock_reaudit,Latest-active reviewed MTO key; pass agreement is recomputed using case-insensitive model-family equivalence.,Reviewed two-pass MTO make/model inference using NCIC model-code abbreviations and NHTSA vPIC make/model examples (2026-08-12).
ontario_ministry_transport_vehicle_population,AUDI,4QP,PASSENGER,2014,2025,11,2014 | 2016 | 2017 | 2018 | 2019 | 2020 | 2021 | 2022 | 2023 | 2024 | 2025,2009,2020,11,110,45499,2025,4259,S4,S4,,A4,Audi,agreement,S4,false,superseded_high_stock_reaudit,Latest-active reviewed MTO key; pass agreement is recomputed using case-insensitive model-family equivalence.,Reviewed two-pass MTO make/model inference using NCIC model-code abbreviations and NHTSA vPIC make/model examples (2026-08-12).
ontario_ministry_transport_vehicle_population,RAM,RCH,COMMERCIAL,2014,2025,11,2014 | 2016 | 2017 | 2018 | 2019 | 2020 | 2021 | 2022 | 2023 | 2024 | 2025,2013,2025,13,93,29159,2025,4257,RAM MPV CARGO VAN,Cargo Van,"vPIC supports the model, but the Ontario abbreviation is not uniquely identifying.",Promaster City,Ram,agreement,Cargo Van,false,superseded_high_stock_reaudit,Latest-active reviewed MTO key; pass agreement is recomputed using case-insensitive model-family equivalence.,Reviewed two-pass MTO make/model inference using NCIC model-code abbreviations and NHTSA vPIC make/model examples (2026-08-12).
ontario_ministry_transport_vehicle_population,MAZD,X3G,PASSENGER,2016,2025,10,2016 | 2017 | 2018 | 2019 | 2020 | 2021 | 2022 | 2023 | 2024 | 2025,2016,2022,7,54,32711,2025,4224,CX-3,CX-3,,Mazda3 | CX-30 | MX-30,Mazda,agreement,CX-3,false,superseded_high_stock_reaudit,Latest-active reviewed MTO key; pass agreement is recomputed using case-insensitive model-family equivalence.,Reviewed two-pass MTO make/model inference using NCIC model-code abbreviations and NHTSA vPIC make/model examples (2026-08-12).
ontario_ministry_transport_vehicle_population,HYUN,HEL,PASSENGER,2014,2025,11,2014 | 2016 | 2017 | 2018 | 2019 | 2020 | 2021 | 2022 | 2023 | 2024 | 2025,2009,2012,3,33,71269,2025,4217,Veloster,Veloster,,Elantra,Hyundai,agreement,Veloster,false,superseded_high_stock_reaudit,Latest-active reviewed MTO key; pass agreement is recomputed using case-insensitive model-family equivalence.,Reviewed two-pass MTO make/model inference using NCIC model-code abbreviations and NHTSA vPIC make/model examples (2026-08-12).
ontario_ministry_transport_vehicle_population,KIA,RGG,PASSENGER,2021,2025,5,2021 | 2022 | 2023 | 2024 | 2025,2021,2025,5,18,15317,2025,4168,Rio,Rio,,Niro | Sorento | Forte,Kia,agreement,Rio,false,superseded_high_stock_reaudit,Latest-active reviewed MTO key; pass agreement is recomputed using case-insensitive model-family equivalence.,Reviewed two-pass MTO make/model inference using NCIC model-code abbreviations and NHTSA vPIC make/model examples (2026-08-12).
ontario_ministry_transport_vehicle_population,VOLK,CIG,PASSENGER,2016,2025,10,2016 | 2017 | 2018 | 2019 | 2020 | 2021 | 2022 | 2023 | 2024 | 2025,2016,2022,4,28,42165,2025,4167,CC,CC,,Tiguan,Volkswagen,agreement,CC,false,superseded_high_stock_reaudit,Latest-active reviewed MTO key; pass agreement is recomputed using case-insensitive model-family equivalence.,Reviewed two-pass MTO make/model inference using NCIC model-code abbreviations and NHTSA vPIC make/model examples (2026-08-12).
ontario_ministry_transport_vehicle_population,BMW,20X,PASSENGER,2014,2025,11,2014 | 2016 | 2017 | 2018 | 2019 | 2020 | 2021 | 2022 | 2023 | 2024 | 2025,2013,2018,6,56,49135,2025,4161,2 Series,R 1200 R,Generic Ontario code spans multiple vPIC models; this is the closest family match.,200 | 2000,BMW,disagreement,,false,superseded_high_stock_reaudit,Latest-active reviewed MTO key; pass agreement is recomputed using case-insensitive model-family equivalence.,Reviewed two-pass MTO make/model inference using NCIC model-code abbreviations and NHTSA vPIC make/model examples (2026-08-12).
ontario_ministry_transport_vehicle_population,LINC,5JG,PASSENGER,2019,2025,7,2019 | 2020 | 2021 | 2022 | 2023 | 2024 | 2025,2020,2025,6,26,16811,2025,4159,Nautilus (tentative),Nautilus,,Navigator | MKZ | Corsair,Lincoln,agreement,Nautilus,false,superseded_high_stock_reaudit,Latest-active reviewed MTO key; pass agreement is recomputed using case-insensitive model-family equivalence.,Reviewed two-pass MTO make/model inference using NCIC model-code abbreviations and NHTSA vPIC make/model examples (2026-08-12).
ontario_ministry_transport_vehicle_population,CHEV,ML1,PASSENGER,2014,2025,11,2014 | 2016 | 2017 | 2018 | 2019 | 2020 | 2021 | 2022 | 2023 | 2024 | 2025,1971,2015,9,99,61354,2025,4149,Malibu,Malibu,,,Chevrolet,agreement,Malibu,false,superseded_high_stock_reaudit,Latest-active reviewed MTO key; pass agreement is recomputed using case-insensitive model-family equivalence.,Reviewed two-pass MTO make/model inference using NCIC model-code abbreviations and NHTSA vPIC make/model examples (2026-08-12).
ontario_ministry_transport_vehicle_population,AUDI,CQ7,PASSENGER,2016,2025,10,2016 | 2017 | 2018 | 2019 | 2020 | 2021 | 2022 | 2023 | 2024 | 2025,2010,2023,9,66,32638,2025,4138,Q7,Q7,,,Audi,agreement,Q7,false,superseded_high_stock_reaudit,Latest-active reviewed MTO key; pass agreement is recomputed using case-insensitive model-family equivalence.,Reviewed two-pass MTO make/model inference using NCIC model-code abbreviations and NHTSA vPIC make/model examples (2026-08-12).
ontario_ministry_transport_vehicle_population,MERZ,5JG,PASSENGER,2019,2025,7,2019 | 2020 | 2021 | 2022 | 2023 | 2024 | 2025,2020,2026,7,27,14160,2025,4127,AMG GT,AMG GT,,G-Class | GLS-Class | GLE-Class,Mercedes-Benz,agreement,AMG GT,false,superseded_high_stock_reaudit,Latest-active reviewed MTO key; pass agreement is recomputed using case-insensitive model-family equivalence.,Reviewed two-pass MTO make/model inference using NCIC model-code abbreviations and NHTSA vPIC make/model examples (2026-08-12).
ontario_ministry_transport_vehicle_population,VOLK,TO2,PASSENGER,2014,2025,11,2014 | 2016 | 2017 | 2018 | 2019 | 2020 | 2021 | 2022 | 2023 | 2024 | 2025,2008,2017,5,54,40462,2025,4109,Touareg,Touareg,,TAOS | Eos,Volkswagen,agreement,Touareg,false,superseded_high_stock_reaudit,Latest-active reviewed MTO key; pass agreement is recomputed using case-insensitive model-family equivalence.,Reviewed two-pass MTO make/model inference using NCIC model-code abbreviations and NHTSA vPIC make/model examples (2026-08-12).
ontario_ministry_transport_vehicle_population,TOYT,PRC,PASSENGER,2014,2025,11,2014 | 2016 | 2017 | 2018 | 2019 | 2020 | 2021 | 2022 | 2023 | 2024 | 2025,2012,2019,8,79,40802,2025,4074,Prius c,Prius C,,,Toyota,agreement,Prius C,false,superseded_high_stock_reaudit,Latest-active reviewed MTO key; pass agreement is recomputed using case-insensitive model-family equivalence.,Reviewed two-pass MTO make/model inference using NCIC model-code abbreviations and NHTSA vPIC make/model examples (2026-08-12).
ontario_ministry_transport_vehicle_population,ACUR,IPT,PASSENGER,2016,2025,10,2016 | 2017 | 2018 | 2019 | 2020 | 2021 | 2022 | 2023 | 2024 | 2025,2016,2022,7,53,34136,2025,4046,INTEGRA,Integra,"Closest vPIC name match, but no sampled year-specific result corroborates it.",ILX,Acura,agreement,Integra,false,superseded_high_stock_reaudit,Latest-active reviewed MTO key; pass agreement is recomputed using case-insensitive model-family equivalence.,Reviewed two-pass MTO make/model inference using NCIC model-code abbreviations and NHTSA vPIC make/model examples (2026-08-12).
ontario_ministry_transport_vehicle_population,TOYT,CEN,PASSENGER,2016,2025,10,2016 | 2017 | 2018 | 2019 | 2020 | 2021 | 2022 | 2023 | 2024 | 2025,1974,2016,5,30,41599,2025,4044,Cressida,Cressida,,Celica | Sienna,Toyota,agreement,Cressida,false,superseded_high_stock_reaudit,Latest-active reviewed MTO key; pass agreement is recomputed using case-insensitive model-family equivalence.,Reviewed two-pass MTO make/model inference using NCIC model-code abbreviations and NHTSA vPIC make/model examples (2026-08-12).
ontario_ministry_transport_vehicle_population,MITS,MES,PASSENGER,2014,2025,11,2014 | 2016 | 2017 | 2018 | 2019 | 2020 | 2021 | 2022 | 2023 | 2024 | 2025,1993,2024,14,116,22957,2025,4042,Montero Sport,Montero Sport,,Mirage | Montero | Eclipse,Mitsubishi,agreement,Montero Sport,false,superseded_high_stock_reaudit,Latest-active reviewed MTO key; pass agreement is recomputed using case-insensitive model-family equivalence.,Reviewed two-pass MTO make/model inference using NCIC model-code abbreviations and NHTSA vPIC make/model examples (2026-08-12).
ontario_ministry_transport_vehicle_population,HYUN,K3G,PASSENGER,2018,2025,8,2018 | 2019 | 2020 | 2021 | 2022 | 2023 | 2024 | 2025,2018,2023,6,38,20864,2025,4039,Kona,Kona,,Santa Fe | Elantra,Hyundai,agreement,Kona,false,superseded_high_stock_reaudit,Latest-active reviewed MTO key; pass agreement is recomputed using case-insensitive model-family equivalence.,Reviewed two-pass MTO make/model inference using NCIC model-code abbreviations and NHTSA vPIC make/model examples (2026-08-12).
ontario_ministry_transport_vehicle_population,KIA,OEX,PASSENGER,2014,2025,11,2014 | 2016 | 2017 | 2018 | 2019 | 2020 | 2021 | 2022 | 2023 | 2024 | 2025,2012,2020,9,87,47480,2025,4015,Optima,Optima,,Rio | Soul | Sorento,Kia,agreement,Optima,false,superseded_high_stock_reaudit,Latest-active reviewed MTO key; pass agreement is recomputed using case-insensitive model-family equivalence.,Reviewed two-pass MTO make/model inference using NCIC model-code abbreviations and NHTSA vPIC make/model examples (2026-08-12).
ontario_ministry_transport_vehicle_population,HYUN,K5G,PASSENGER,2018,2025,8,2018 | 2019 | 2020 | 2021 | 2022 | 2023 | 2024 | 2025,2018,2023,6,38,23150,2025,3986,Kona,Kona,,Ioniq 5 | Ioniq | Ioniq 6,Hyundai,agreement,Kona,false,superseded_high_stock_reaudit,Latest-active reviewed MTO key; pass agreement is recomputed using case-insensitive model-family equivalence.,Reviewed two-pass MTO make/model inference using NCIC model-code abbreviations and NHTSA vPIC make/model examples (2026-08-12).
ontario_ministry_transport_vehicle_population,CHEV,ETV,COMMERCIAL | PASSENGER,2014,2025,11,2014 | 2016 | 2017 | 2018 | 2019 | 2020 | 2021 | 2022 | 2023 | 2024 | 2025,1999,2025,27,480,50921,2025,3982,Captiva,Captiva Sport,"vPIC supports the model, but the Ontario abbreviation is not uniquely identifying.",Corvette,Chevrolet,agreement,Captiva Sport,false,superseded_high_stock_reaudit,Latest-active reviewed MTO key; pass agreement is recomputed using case-insensitive model-family equivalence.,Reviewed two-pass MTO make/model inference using NCIC model-code abbreviations and NHTSA vPIC make/model examples (2026-08-12).
ontario_ministry_transport_vehicle_population,CHEV,CXT,PASSENGER,2016,2025,10,2016 | 2017 | 2018 | 2019 | 2020 | 2021 | 2022 | 2023 | 2024 | 2025,2016,2016,1,10,45821,2025,3974,Corvette,Corvette,,,Chevrolet,agreement,Corvette,false,superseded_high_stock_reaudit,Latest-active reviewed MTO key; pass agreement is recomputed using case-insensitive model-family equivalence.,Reviewed two-pass MTO make/model inference using NCIC model-code abbreviations and NHTSA vPIC make/model examples (2026-08-12).
ontario_ministry_transport_vehicle_population,FRHT,SD,COMMERCIAL,2014,2025,11,2014 | 2016 | 2017 | 2018 | 2019 | 2020 | 2021 | 2022 | 2023 | 2024 | 2025,2001,2026,16,120,26608,2025,3961,SD122,SD122,,,Freightliner,agreement,SD122,false,superseded_high_stock_reaudit,Latest-active reviewed MTO key; pass agreement is recomputed using case-insensitive model-family equivalence.,Reviewed two-pass MTO make/model inference using NCIC model-code abbreviations and NHTSA vPIC make/model examples (2026-08-12).
ontario_ministry_transport_vehicle_population,HOND,CLL,PASSENGER,2014,2025,11,2014 | 2016 | 2017 | 2018 | 2019 | 2020 | 2021 | 2022 | 2023 | 2024 | 2025,1998,2020,11,110,79354,2025,3951,Clarity,Clarity,,,Honda,agreement,Clarity,false,superseded_high_stock_reaudit,Latest-active reviewed MTO key; pass agreement is recomputed using case-insensitive model-family equivalence.,Reviewed two-pass MTO make/model inference using NCIC model-code abbreviations and NHTSA vPIC make/model examples (2026-08-12).
ontario_ministry_transport_vehicle_population,TOYT,XLE,PASSENGER,2020,2025,6,2020 | 2021 | 2022 | 2023 | 2024 | 2025,1992,2022,7,37,22759,2025,3941,Highlander,Highlander,,Land Cruiser | 4Runner | Tercel,Toyota,agreement,Highlander,false,superseded_high_stock_reaudit,Latest-active reviewed MTO key; pass agreement is recomputed using case-insensitive model-family equivalence.,Reviewed two-pass MTO make/model inference using NCIC model-code abbreviations and NHTSA vPIC make/model examples (2026-08-12).
ontario_ministry_transport_vehicle_population,DODG,CXT,PASSENGER,2014,2025,11,2014 | 2016 | 2017 | 2018 | 2019 | 2020 | 2021 | 2022 | 2023 | 2024 | 2025,2007,2010,4,44,139888,2025,3913,Charger (tentative),Charger,,Caliber | Nitro | Challenger,Dodge,agreement,Charger,false,superseded_high_stock_reaudit,Latest-active reviewed MTO key; pass agreement is recomputed using case-insensitive model-family equivalence.,Reviewed two-pass MTO make/model inference using NCIC model-code abbreviations and NHTSA vPIC make/model examples (2026-08-12).
ontario_ministry_transport_vehicle_population,DODG,DAX,PASSENGER,2014,2025,11,2014 | 2016 | 2017 | 2018 | 2019 | 2020 | 2021 | 2022 | 2023 | 2024 | 2025,2013,2016,4,43,51908,2025,3889,Dart,Dart,,Durango | Grand Caravan | Charger,Dodge,agreement,Dart,false,superseded_high_stock_reaudit,Latest-active reviewed MTO key; pass agreement is recomputed using case-insensitive model-family equivalence.,Reviewed two-pass MTO make/model inference using NCIC model-code abbreviations and NHTSA vPIC make/model examples (2026-08-12).
ontario_ministry_transport_vehicle_population,MERZ,ESM,PASSENGER,2014,2025,11,2014 | 2016 | 2017 | 2018 | 2019 | 2020 | 2021 | 2022 | 2023 | 2024 | 2025,2006,2016,11,115,50793,2025,3883,E-Class,E-Class,,S-Class | G-Class | C-Class,Mercedes-Benz,agreement,E-Class,false,superseded_high_stock_reaudit,Latest-active reviewed MTO key; pass agreement is recomputed using case-insensitive model-family equivalence.,Reviewed two-pass MTO make/model inference using NCIC model-code abbreviations and NHTSA vPIC make/model examples (2026-08-12).
ontario_ministry_transport_vehicle_population,HOND,CVT,PASSENGER,2014,2025,11,2014 | 2016 | 2017 | 2018 | 2019 | 2020 | 2021 | 2022 | 2023 | 2024 | 2025,2013,2014,2,22,44925,2025,3881,CR-V,CR-V,,Civic | CR-Z,Honda,agreement,CR-V,false,superseded_high_stock_reaudit,Latest-active reviewed MTO key; pass agreement is recomputed using case-insensitive model-family equivalence.,Reviewed two-pass MTO make/model inference using NCIC model-code abbreviations and NHTSA vPIC make/model examples (2026-08-12).
ontario_ministry_transport_vehicle_population,PONT,TOR,PASSENGER,2014,2025,11,2014 | 2016 | 2017 | 2018 | 2019 | 2020 | 2021 | 2022 | 2023 | 2024 | 2025,1946,2009,11,109,118125,2025,3873,Torrent,Torrent,,,Pontiac,agreement,Torrent,false,superseded_high_stock_reaudit,Latest-active reviewed MTO key; pass agreement is recomputed using case-insensitive model-family equivalence.,Reviewed two-pass MTO make/model inference using NCIC model-code abbreviations and NHTSA vPIC make/model examples (2026-08-12).
ontario_ministry_transport_vehicle_population,INFI,GAW,PASSENGER,2014,2025,11,2014 | 2016 | 2017 | 2018 | 2019 | 2020 | 2021 | 2022 | 2023 | 2024 | 2025,2009,2013,5,55,55482,2025,3864,G37,G37,,G25 | M35 | M37,Infiniti,agreement,G37,false,superseded_high_stock_reaudit,Latest-active reviewed MTO key; pass agreement is recomputed using case-insensitive model-family equivalence.,Reviewed two-pass MTO make/model inference using NCIC model-code abbreviations and NHTSA vPIC make/model examples (2026-08-12).
ontario_ministry_transport_vehicle_population,NISS,NV2,COMMERCIAL,2014,2025,11,2014 | 2016 | 2017 | 2018 | 2019 | 2020 | 2021 | 2022 | 2023 | 2024 | 2025,2013,2021,9,82,36598,2025,3855,NV200,NV200,,NV2500,Nissan,agreement,NV200,false,superseded_high_stock_reaudit,Latest-active reviewed MTO key; pass agreement is recomputed using case-insensitive model-family equivalence.,Reviewed two-pass MTO make/model inference using NCIC model-code abbreviations and NHTSA vPIC make/model examples (2026-08-12).
ontario_ministry_transport_vehicle_population,TESL,Y,PASSENGER,2021,2025,5,2021 | 2022 | 2023 | 2024 | 2025,1926,2026,7,20,9363,2025,3851,Y,Model Y,,,Tesla,disagreement,,false,superseded_high_stock_reaudit,Latest-active reviewed MTO key; pass agreement is recomputed using case-insensitive model-family equivalence.,Reviewed two-pass MTO make/model inference using NCIC model-code abbreviations and NHTSA vPIC make/model examples (2026-08-12).
ontario_ministry_transport_vehicle_population,ISU,NRR,COMMERCIAL,2014,2025,11,2014 | 2016 | 2017 | 2018 | 2019 | 2020 | 2021 | 2022 | 2023 | 2024 | 2025,1991,2026,23,197,24952,2025,3837,NRR,NRR,,,Isuzu,agreement,NRR,false,superseded_high_stock_reaudit,Latest-active reviewed MTO key; pass agreement is recomputed using case-insensitive model-family equivalence.,Reviewed two-pass MTO make/model inference using NCIC model-code abbreviations and NHTSA vPIC make/model examples (2026-08-12).
ontario_ministry_transport_vehicle_population,BMW,5RG,PASSENGER,2019,2025,7,2019 | 2020 | 2021 | 2022 | 2023 | 2024 | 2025,2019,2026,8,30,18982,2025,3815,5 Series,X5,Generic Ontario code spans multiple vPIC models; this is the closest family match.,X5 | i5,BMW,disagreement,,false,superseded_high_stock_reaudit,Latest-active reviewed MTO key; pass agreement is recomputed using case-insensitive model-family equivalence.,Reviewed two-pass MTO make/model inference using NCIC model-code abbreviations and NHTSA vPIC make/model examples (2026-08-12).
ontario_ministry_transport_vehicle_population,VOLK,MXG,PASSENGER,2022,2025,4,2022 | 2023 | 2024 | 2025,2023,2025,3,8,8048,2025,3797,GLI,GLI,"Closest vPIC name match, but no sampled year-specific result corroborates it.",Tiguan | Golf/GTI,Volkswagen,agreement,GLI,false,superseded_high_stock_reaudit,Latest-active reviewed MTO key; pass agreement is recomputed using case-insensitive model-family equivalence.,Reviewed two-pass MTO make/model inference using NCIC model-code abbreviations and NHTSA vPIC make/model examples (2026-08-12).
ontario_ministry_transport_vehicle_population,FORD,TWG,COMMERCIAL,2021,2025,5,2021 | 2022 | 2023 | 2024 | 2025,2022,2023,2,9,14010,2025,3782,T,GT,vPIC also supports Edge; the code does not clearly distinguish them.,GT | Edge | Transit Connect,Ford,disagreement,,false,superseded_high_stock_reaudit,Latest-active reviewed MTO key; pass agreement is recomputed using case-insensitive model-family equivalence.,Reviewed two-pass MTO make/model inference using NCIC model-code abbreviations and NHTSA vPIC make/model examples (2026-08-12).
ontario_ministry_transport_vehicle_population,BMW,3SV,PASSENGER,2016,2025,10,2016 | 2017 | 2018 | 2019 | 2020 | 2021 | 2022 | 2023 | 2024 | 2025,2007,2026,16,125,33026,2025,3781,3 Series,X3,Generic Ontario code spans multiple vPIC models; this is the closest family match.,X3,BMW,disagreement,,false,superseded_high_stock_reaudit,Latest-active reviewed MTO key; pass agreement is recomputed using case-insensitive model-family equivalence.,Reviewed two-pass MTO make/model inference using NCIC model-code abbreviations and NHTSA vPIC make/model examples (2026-08-12).
ontario_ministry_transport_vehicle_population,SUBA,GKG,PASSENGER,2017,2025,9,2017 | 2018 | 2019 | 2020 | 2021 | 2022 | 2023 | 2024 | 2025,2017,2023,7,45,24890,2025,3746,Crosstrek,Crosstrek,,Legacy | Outback | Legacy/Outback,Subaru,agreement,Crosstrek,false,superseded_high_stock_reaudit,Latest-active reviewed MTO key; pass agreement is recomputed using case-insensitive model-family equivalence.,Reviewed two-pass MTO make/model inference using NCIC model-code abbreviations and NHTSA vPIC make/model examples (2026-08-12).
ontario_ministry_transport_vehicle_population,VOLK,CTG,PASSENGER,2014,2025,11,2014 | 2016 | 2017 | 2018 | 2019 | 2020 | 2021 | 2022 | 2023 | 2024 | 2025,2007,2010,4,44,66544,2025,3742,Touareg,Touareg,,Tiguan | CC,Volkswagen,agreement,Touareg,false,superseded_high_stock_reaudit,Latest-active reviewed MTO key; pass agreement is recomputed using case-insensitive model-family equivalence.,Reviewed two-pass MTO make/model inference using NCIC model-code abbreviations and NHTSA vPIC make/model examples (2026-08-12).
ontario_ministry_transport_vehicle_population,INTL,PRO,COMMERCIAL,2014,2025,11,2014 | 2016 | 2017 | 2018 | 2019 | 2020 | 2021 | 2022 | 2023 | 2024 | 2025,2008,2025,18,149,60445,2025,3730,Prostar,Prostar,,,International,agreement,Prostar,false,superseded_high_stock_reaudit,Latest-active reviewed MTO key; pass agreement is recomputed using case-insensitive model-family equivalence.,Reviewed two-pass MTO make/model inference using NCIC model-code abbreviations and NHTSA vPIC make/model examples (2026-08-12).
ontario_ministry_transport_vehicle_population,MERZ,C6G,PASSENGER,2014,2025,11,2014 | 2016 | 2017 | 2018 | 2019 | 2020 | 2021 | 2022 | 2023 | 2024 | 2025,2008,2020,13,130,29903,2025,3726,C63 AMG,Model unresolved,The Ontario abbreviation does not match a vPIC model closely enough.,CL63 AMG | CLS63 AMG | CLK63 AMG,Mercedes-Benz,disagreement,,false,superseded_high_stock_reaudit,Latest-active reviewed MTO key; pass agreement is recomputed using case-insensitive model-family equivalence.,Reviewed two-pass MTO make/model inference using NCIC model-code abbreviations and NHTSA vPIC make/model examples (2026-08-12).
ontario_ministry_transport_vehicle_population,HYUN,BGS,PASSENGER,2014,2025,11,2014 | 2016 | 2017 | 2018 | 2019 | 2020 | 2021 | 2022 | 2023 | 2024 | 2025,2010,2010,1,11,58766,2025,3718,Genesis,Genesis,,Sonata | Santa Fe | Tucson,Hyundai,agreement,Genesis,false,superseded_high_stock_reaudit,Latest-active reviewed MTO key; pass agreement is recomputed using case-insensitive model-family equivalence.,Reviewed two-pass MTO make/model inference using NCIC model-code abbreviations and NHTSA vPIC make/model examples (2026-08-12).
ontario_ministry_transport_vehicle_population,LEXS,IS3,PASSENGER,2014,2025,11,2014 | 2016 | 2017 | 2018 | 2019 | 2020 | 2021 | 2022 | 2023 | 2024 | 2025,2001,2021,10,100,39785,2025,3702,IS,IS,,,Lexus,agreement,IS,false,superseded_high_stock_reaudit,Latest-active reviewed MTO key; pass agreement is recomputed using case-insensitive model-family equivalence.,Reviewed two-pass MTO make/model inference using NCIC model-code abbreviations and NHTSA vPIC make/model examples (2026-08-12).
ontario_ministry_transport_vehicle_population,HYUN,VEL,PASSENGER,2014,2025,11,2014 | 2016 | 2017 | 2018 | 2019 | 2020 | 2021 | 2022 | 2023 | 2024 | 2025,2011,2019,9,90,48975,2025,3685,Veloster,Veloster,,,Hyundai,agreement,Veloster,false,superseded_high_stock_reaudit,Latest-active reviewed MTO key; pass agreement is recomputed using case-insensitive model-family equivalence.,Reviewed two-pass MTO make/model inference using NCIC model-code abbreviations and NHTSA vPIC make/model examples (2026-08-12).
ontario_ministry_transport_vehicle_population,AUDI,A5,PASSENGER,2017,2025,9,2017 | 2018 | 2019 | 2020 | 2021 | 2022 | 2023 | 2024 | 2025,2008,2025,15,104,24030,2025,3680,A5,A5,,,Audi,agreement,A5,false,superseded_high_stock_reaudit,Latest-active reviewed MTO key; pass agreement is recomputed using case-insensitive model-family equivalence.,Reviewed two-pass MTO make/model inference using NCIC model-code abbreviations and NHTSA vPIC make/model examples (2026-08-12).
ontario_ministry_transport_vehicle_population,LNDR,DVS,PASSENGER,2016,2025,10,2016 | 2017 | 2018 | 2019 | 2020 | 2021 | 2022 | 2023 | 2024 | 2025,2015,2025,11,73,30339,2025,3678,Discovery Sport,Discovery Sport,,Discovery,Land Rover,agreement,Discovery Sport,false,superseded_high_stock_reaudit,Latest-active reviewed MTO key; pass agreement is recomputed using case-insensitive model-family equivalence.,Reviewed two-pass MTO make/model inference using NCIC model-code abbreviations and NHTSA vPIC make/model examples (2026-08-12).
ontario_ministry_transport_vehicle_population,VOLV,XC7,PASSENGER,2014,2025,11,2014 | 2016 | 2017 | 2018 | 2019 | 2020 | 2021 | 2022 | 2023 | 2024 | 2025,2004,2018,14,150,43765,2025,3677,XC70,XC70,,,Volvo,agreement,XC70,false,superseded_high_stock_reaudit,Latest-active reviewed MTO key; pass agreement is recomputed using case-insensitive model-family equivalence.,Reviewed two-pass MTO make/model inference using NCIC model-code abbreviations and NHTSA vPIC make/model examples (2026-08-12).
ontario_ministry_transport_vehicle_population,GMC,SEO,COMMERCIAL,2019,2025,7,2019 | 2020 | 2021 | 2022 | 2023 | 2024 | 2025,1983,2024,10,60,26646,2025,3672,Sonoma,Sonoma,,,GMC,agreement,Sonoma,false,superseded_high_stock_reaudit,Latest-active reviewed MTO key; pass agreement is recomputed using case-insensitive model-family equivalence.,Reviewed two-pass MTO make/model inference using NCIC model-code abbreviations and NHTSA vPIC make/model examples (2026-08-12).
ontario_ministry_transport_vehicle_population,HYUN,VTO,PASSENGER,2014,2025,11,2014 | 2016 | 2017 | 2018 | 2019 | 2020 | 2021 | 2022 | 2023 | 2024 | 2025,2013,2022,9,78,36436,2025,3665,ATOS,Veloster,vPIC also supports Tucson; the code does not clearly distinguish them.,Veloster | Tucson,Hyundai,disagreement,,false,superseded_high_stock_reaudit,Latest-active reviewed MTO key; pass agreement is recomputed using case-insensitive model-family equivalence.,Reviewed two-pass MTO make/model inference using NCIC model-code abbreviations and NHTSA vPIC make/model examples (2026-08-12).
ontario_ministry_transport_vehicle_population,KIA,RKG,PASSENGER,2021,2025,5,2021 | 2022 | 2023 | 2024 | 2025,2021,2025,5,18,10177,2025,3647,K5,K5,,Rio | K4 | Niro,Kia,agreement,K5,false,superseded_high_stock_reaudit,Latest-active reviewed MTO key; pass agreement is recomputed using case-insensitive model-family equivalence.,Reviewed two-pass MTO make/model inference using NCIC model-code abbreviations and NHTSA vPIC make/model examples (2026-08-12).
ontario_ministry_transport_vehicle_population,NISS,SL2,PASSENGER,2014,2025,11,2014 | 2016 | 2017 | 2018 | 2019 | 2020 | 2021 | 2022 | 2023 | 2024 | 2025,2007,2009,3,33,71462,2025,3644,Sentra,Sentra,,Versa | Quest | Altima,Nissan,agreement,Sentra,false,superseded_high_stock_reaudit,Latest-active reviewed MTO key; pass agreement is recomputed using case-insensitive model-family equivalence.,Reviewed two-pass MTO make/model inference using NCIC model-code abbreviations and NHTSA vPIC make/model examples (2026-08-12).
ontario_ministry_transport_vehicle_population,LINC,COR,PASSENGER,2023,2025,3,2023 | 2024 | 2025,1956,2026,8,21,6807,2025,3637,Corsair,Corsair,,,Lincoln,agreement,Corsair,false,superseded_high_stock_reaudit,Latest-active reviewed MTO key; pass agreement is recomputed using case-insensitive model-family equivalence.,Reviewed two-pass MTO make/model inference using NCIC model-code abbreviations and NHTSA vPIC make/model examples (2026-08-12).
ontario_ministry_transport_vehicle_population,AUDI,Q3,PASSENGER,2025,2025,1,2025,2017,2025,5,5,3633,2025,3633,Q3,Q3,,,Audi,agreement,Q3,false,superseded_high_stock_reaudit,Latest-active reviewed MTO key; pass agreement is recomputed using case-insensitive model-family equivalence.,Reviewed two-pass MTO make/model inference using NCIC model-code abbreviations and NHTSA vPIC make/model examples (2026-08-12).
ontario_ministry_transport_vehicle_population,VOLK,RAB,PASSENGER,2014,2025,11,2014 | 2016 | 2017 | 2018 | 2019 | 2020 | 2021 | 2022 | 2023 | 2024 | 2025,1929,2009,28,308,65398,2025,3611,Rabbit,Rabbit,,,Volkswagen,agreement,Rabbit,false,superseded_high_stock_reaudit,Latest-active reviewed MTO key; pass agreement is recomputed using case-insensitive model-family equivalence.,Reviewed two-pass MTO make/model inference using NCIC model-code abbreviations and NHTSA vPIC make/model examples (2026-08-12).
ontario_ministry_transport_vehicle_population,TOYT,PRV,PASSENGER,2014,2025,11,2014 | 2016 | 2017 | 2018 | 2019 | 2020 | 2021 | 2022 | 2023 | 2024 | 2025,2012,2018,7,72,42974,2025,3606,PREVIA,Previa,"Closest vPIC name match, but no sampled year-specific result corroborates it.",,Toyota,agreement,Previa,false,superseded_high_stock_reaudit,Latest-active reviewed MTO key; pass agreement is recomputed using case-insensitive model-family equivalence.,Reviewed two-pass MTO make/model inference using NCIC model-code abbreviations and NHTSA vPIC make/model examples (2026-08-12).
ontario_ministry_transport_vehicle_population,VOLK,GTA,PASSENGER,2016,2025,10,2016 | 2017 | 2018 | 2019 | 2020 | 2021 | 2022 | 2023 | 2024 | 2025,2016,2021,6,49,29124,2025,3593,GTI,GTI,"Closest vPIC name match, but no sampled year-specific result corroborates it.",,Volkswagen,agreement,GTI,false,superseded_high_stock_reaudit,Latest-active reviewed MTO key; pass agreement is recomputed using case-insensitive model-family equivalence.,Reviewed two-pass MTO make/model inference using NCIC model-code abbreviations and NHTSA vPIC make/model examples (2026-08-12).
ontario_ministry_transport_vehicle_population,TESL,MOY,PASSENGER,2025,2025,1,2025,2026,2026,1,1,3586,2025,3586,Model Y,Model Y,,,Tesla,agreement,Model Y,false,superseded_high_stock_reaudit,Latest-active reviewed MTO key; pass agreement is recomputed using case-insensitive model-family equivalence.,Reviewed two-pass MTO make/model inference using NCIC model-code abbreviations and NHTSA vPIC make/model examples (2026-08-12).
ontario_ministry_transport_vehicle_population,INTL,LT6,COMMERCIAL,2020,2025,6,2020 | 2021 | 2022 | 2023 | 2024 | 2025,2019,2026,8,32,11926,2025,3579,LT62T,LT62T,,LT62F | LT62A | LT625,International,agreement,LT62T,false,superseded_high_stock_reaudit,Latest-active reviewed MTO key; pass agreement is recomputed using case-insensitive model-family equivalence.,Reviewed two-pass MTO make/model inference using NCIC model-code abbreviations and NHTSA vPIC make/model examples (2026-08-12).
ontario_ministry_transport_vehicle_population,AUDI,CQ5,PASSENGER,2014,2025,11,2014 | 2016 | 2017 | 2018 | 2019 | 2020 | 2021 | 2022 | 2023 | 2024 | 2025,2013,2025,8,62,37473,2025,3576,Q5,Q5,,,Audi,agreement,Q5,false,superseded_high_stock_reaudit,Latest-active reviewed MTO key; pass agreement is recomputed using case-insensitive model-family equivalence.,Reviewed two-pass MTO make/model inference using NCIC model-code abbreviations and NHTSA vPIC make/model examples (2026-08-12).
ontario_ministry_transport_vehicle_population,FORD,CSC,COMMERCIAL,2014,2025,11,2014 | 2016 | 2017 | 2018 | 2019 | 2020 | 2021 | 2022 | 2023 | 2024 | 2025,1984,2025,41,407,35370,2025,3547,Escort,Escort,,Crown Victoria | LTD Crown Victoria | EcoSport,Ford,agreement,Escort,false,superseded_high_stock_reaudit,Latest-active reviewed MTO key; pass agreement is recomputed using case-insensitive model-family equivalence.,Reviewed two-pass MTO make/model inference using NCIC model-code abbreviations and NHTSA vPIC make/model examples (2026-08-12).
ontario_ministry_transport_vehicle_population,AUDI,4PP,PASSENGER,2014,2025,11,2014 | 2016 | 2017 | 2018 | 2019 | 2020 | 2021 | 2022 | 2023 | 2024 | 2025,2009,2020,11,109,40245,2025,3538,S4,S4,,A4,Audi,agreement,S4,false,superseded_high_stock_reaudit,Latest-active reviewed MTO key; pass agreement is recomputed using case-insensitive model-family equivalence.,Reviewed two-pass MTO make/model inference using NCIC model-code abbreviations and NHTSA vPIC make/model examples (2026-08-12).
ontario_ministry_transport_vehicle_population,DODG,CXA,PASSENGER,2014,2025,11,2014 | 2016 | 2017 | 2018 | 2019 | 2020 | 2021 | 2022 | 2023 | 2024 | 2025,2008,2025,17,133,27921,2025,3536,Charger,Charger,,Challenger | Caliber | Durango,Dodge,agreement,Charger,false,superseded_high_stock_reaudit,Latest-active reviewed MTO key; pass agreement is recomputed using case-insensitive model-family equivalence.,Reviewed two-pass MTO make/model inference using NCIC model-code abbreviations and NHTSA vPIC make/model examples (2026-08-12).
ontario_ministry_transport_vehicle_population,GMC,STV,COMMERCIAL,2014,2025,11,2014 | 2016 | 2017 | 2018 | 2019 | 2020 | 2021 | 2022 | 2023 | 2024 | 2025,1967,2025,34,327,49545,2025,3530,Savana Cargo,Savana,"vPIC supports the model, but the Ontario abbreviation is not uniquely identifying.",,GMC,agreement,Savana,false,superseded_high_stock_reaudit,Latest-active reviewed MTO key; pass agreement is recomputed using case-insensitive model-family equivalence.,Reviewed two-pass MTO make/model inference using NCIC model-code abbreviations and NHTSA vPIC make/model examples (2026-08-12).
ontario_ministry_transport_vehicle_population,TOYT,CSM,PASSENGER,2014,2025,11,2014 | 2016 | 2017 | 2018 | 2019 | 2020 | 2021 | 2022 | 2023 | 2024 | 2025,2009,2010,2,22,47987,2025,3505,Camry,Camry,,,Toyota,agreement,Camry,false,superseded_high_stock_reaudit,Latest-active reviewed MTO key; pass agreement is recomputed using case-insensitive model-family equivalence.,Reviewed two-pass MTO make/model inference using NCIC model-code abbreviations and NHTSA vPIC make/model examples (2026-08-12).
ontario_ministry_transport_vehicle_population,INFI,Q7H,PASSENGER,2016,2025,10,2016 | 2017 | 2018 | 2019 | 2020 | 2021 | 2022 | 2023 | 2024 | 2025,2016,2024,9,61,29342,2025,3502,Q70,Q70,,,Infiniti,agreement,Q70,false,superseded_high_stock_reaudit,Latest-active reviewed MTO key; pass agreement is recomputed using case-insensitive model-family equivalence.,Reviewed two-pass MTO make/model inference using NCIC model-code abbreviations and NHTSA vPIC make/model examples (2026-08-12).
ontario_ministry_transport_vehicle_population,VOLK,BEL,PASSENGER,2018,2025,8,2018 | 2019 | 2020 | 2021 | 2022 | 2023 | 2024 | 2025,1963,2021,8,60,21930,2025,3495,Beetle,Beetle,,,Volkswagen,agreement,Beetle,false,superseded_high_stock_reaudit,Latest-active reviewed MTO key; pass agreement is recomputed using case-insensitive model-family equivalence.,Reviewed two-pass MTO make/model inference using NCIC model-code abbreviations and NHTSA vPIC make/model examples (2026-08-12).
ontario_ministry_transport_vehicle_population,MITS,LES,PASSENGER,2014,2025,11,2014 | 2016 | 2017 | 2018 | 2019 | 2020 | 2021 | 2022 | 2023 | 2024 | 2025,2002,2017,10,108,47998,2025,3478,Lancer,Lancer,,Eclipse,Mitsubishi,agreement,Lancer,false,superseded_high_stock_reaudit,Latest-active reviewed MTO key; pass agreement is recomputed using case-insensitive model-family equivalence.,Reviewed two-pass MTO make/model inference using NCIC model-code abbreviations and NHTSA vPIC make/model examples (2026-08-12).
ontario_ministry_transport_vehicle_population,VOLK,DTC,PASSENGER,2014,2025,11,2014 | 2016 | 2017 | 2018 | 2019 | 2020 | 2021 | 2022 | 2023 | 2024 | 2025,2006,2015,8,80,56857,2025,3478,CC,CC,,Jetta | Touareg | Tiguan,Volkswagen,agreement,CC,false,superseded_high_stock_reaudit,Latest-active reviewed MTO key; pass agreement is recomputed using case-insensitive model-family equivalence.,Reviewed two-pass MTO make/model inference using NCIC model-code abbreviations and NHTSA vPIC make/model examples (2026-08-12).
ontario_ministry_transport_vehicle_population,GMC,M95,COMMERCIAL,2019,2025,7,2019 | 2020 | 2021 | 2022 | 2023 | 2024 | 2025,1967,2022,13,88,22575,2025,3471,Jimmy,Jimmy,,Terrain | Sierra | Acadia,GMC,agreement,Jimmy,false,superseded_high_stock_reaudit,Latest-active reviewed MTO key; pass agreement is recomputed using case-insensitive model-family equivalence.,Reviewed two-pass MTO make/model inference using NCIC model-code abbreviations and NHTSA vPIC make/model examples (2026-08-12).
ontario_ministry_transport_vehicle_population,LNDR,RVE,PASSENGER,2017,2025,9,2017 | 2018 | 2019 | 2020 | 2021 | 2022 | 2023 | 2024 | 2025,2018,2026,9,43,20972,2025,3463,Range Rover,Range Rover,,,Land Rover,agreement,Range Rover,false,superseded_high_stock_reaudit,Latest-active reviewed MTO key; pass agreement is recomputed using case-insensitive model-family equivalence.,Reviewed two-pass MTO make/model inference using NCIC model-code abbreviations and NHTSA vPIC make/model examples (2026-08-12).
ontario_ministry_transport_vehicle_population,TOYT,RAP,PASSENGER,2023,2025,3,2023 | 2024 | 2025,2021,2025,5,14,6652,2025,3443,RAV4,RAV4,,,Toyota,agreement,RAV4,false,superseded_high_stock_reaudit,Latest-active reviewed MTO key; pass agreement is recomputed using case-insensitive model-family equivalence.,Reviewed two-pass MTO make/model inference using NCIC model-code abbreviations and NHTSA vPIC make/model examples (2026-08-12).
ontario_ministry_transport_vehicle_population,BMW,5XG,PASSENGER,2019,2025,7,2019 | 2020 | 2021 | 2022 | 2023 | 2024 | 2025,2010,2026,13,73,20105,2025,3441,X5,X5,,5 Series | i5,BMW,agreement,X5,false,superseded_high_stock_reaudit,Latest-active reviewed MTO key; pass agreement is recomputed using case-insensitive model-family equivalence.,Reviewed two-pass MTO make/model inference using NCIC model-code abbreviations and NHTSA vPIC make/model examples (2026-08-12).
ontario_ministry_transport_vehicle_population,MERZ,B2M,PASSENGER,2016,2025,10,2016 | 2017 | 2018 | 2019 | 2020 | 2021 | 2022 | 2023 | 2024 | 2025,2015,2019,5,47,32233,2025,3440,B200,Model unresolved,The Ontario abbreviation does not match a vPIC model closely enough.,B250E,Mercedes-Benz,disagreement,,false,superseded_high_stock_reaudit,Latest-active reviewed MTO key; pass agreement is recomputed using case-insensitive model-family equivalence.,Reviewed two-pass MTO make/model inference using NCIC model-code abbreviations and NHTSA vPIC make/model examples (2026-08-12).
ontario_ministry_transport_vehicle_population,LEXS,IS,PASSENGER,2022,2025,4,2022 | 2023 | 2024 | 2025,2006,2025,7,21,8944,2025,3430,IS,IS,,,Lexus,agreement,IS,false,superseded_high_stock_reaudit,Latest-active reviewed MTO key; pass agreement is recomputed using case-insensitive model-family equivalence.,Reviewed two-pass MTO make/model inference using NCIC model-code abbreviations and NHTSA vPIC make/model examples (2026-08-12).
ontario_ministry_transport_vehicle_population,PONT,G5T,PASSENGER,2014,2025,11,2014 | 2016 | 2017 | 2018 | 2019 | 2020 | 2021 | 2022 | 2023 | 2024 | 2025,2007,2010,4,44,98673,2025,3404,G5,G5,,,Pontiac,agreement,G5,false,superseded_high_stock_reaudit,Latest-active reviewed MTO key; pass agreement is recomputed using case-insensitive model-family equivalence.,Reviewed two-pass MTO make/model inference using NCIC model-code abbreviations and NHTSA vPIC make/model examples (2026-08-12).
ontario_ministry_transport_vehicle_population,LNDR,EQU,PASSENGER,2014,2025,11,2014 | 2016 | 2017 | 2018 | 2019 | 2020 | 2021 | 2022 | 2023 | 2024 | 2025,2012,2019,8,81,41600,2025,3390,EVOQUE,Range Rover Evoque,"vPIC supports the model, but the Ontario abbreviation is not uniquely identifying.",,Land Rover,agreement,Range Rover Evoque,false,superseded_high_stock_reaudit,Latest-active reviewed MTO key; pass agreement is recomputed using case-insensitive model-family equivalence.,Reviewed two-pass MTO make/model inference using NCIC model-code abbreviations and NHTSA vPIC make/model examples (2026-08-12).
ontario_ministry_transport_vehicle_population,BMW,33G,PASSENGER,2022,2025,4,2022 | 2023 | 2024 | 2025,2022,2026,5,14,8615,2025,3385,3 Series,335,Generic Ontario code spans multiple vPIC models; this is the closest family match.,335 | 332 | 330,BMW,disagreement,,false,superseded_high_stock_reaudit,Latest-active reviewed MTO key; pass agreement is recomputed using case-insensitive model-family equivalence.,Reviewed two-pass MTO make/model inference using NCIC model-code abbreviations and NHTSA vPIC make/model examples (2026-08-12).
ontario_ministry_transport_vehicle_population,BMW,28I,PASSENGER,2014,2025,11,2014 | 2016 | 2017 | 2018 | 2019 | 2020 | 2021 | 2022 | 2023 | 2024 | 2025,1996,2015,13,143,49621,2025,3362,2.8,328i,Code-to-name match is weak; selected from vPIC models with overlapping-year coverage.,328I,BMW,disagreement,,false,superseded_high_stock_reaudit,Latest-active reviewed MTO key; pass agreement is recomputed using case-insensitive model-family equivalence.,Reviewed two-pass MTO make/model inference using NCIC model-code abbreviations and NHTSA vPIC make/model examples (2026-08-12).
ontario_ministry_transport_vehicle_population,BUIC,ACX,PASSENGER,2014,2025,11,2014 | 2016 | 2017 | 2018 | 2019 | 2020 | 2021 | 2022 | 2023 | 2024 | 2025,1974,2009,9,99,78056,2025,3361,Century,Century,,Lacrosse/Allure | Lucerne | Enclave,Buick,agreement,Century,false,superseded_high_stock_reaudit,Latest-active reviewed MTO key; pass agreement is recomputed using case-insensitive model-family equivalence.,Reviewed two-pass MTO make/model inference using NCIC model-code abbreviations and NHTSA vPIC make/model examples (2026-08-12).
ontario_ministry_transport_vehicle_population,NISS,M3S,PASSENGER,2016,2025,10,2016 | 2017 | 2018 | 2019 | 2020 | 2021 | 2022 | 2023 | 2024 | 2025,2016,2023,8,53,25394,2025,3335,Maxima,Maxima,,370Z | Versa | Sentra,Nissan,agreement,Maxima,false,superseded_high_stock_reaudit,Latest-active reviewed MTO key; pass agreement is recomputed using case-insensitive model-family equivalence.,Reviewed two-pass MTO make/model inference using NCIC model-code abbreviations and NHTSA vPIC make/model examples (2026-08-12).
ontario_ministry_transport_vehicle_population,SUBA,2IP,PASSENGER,2014,2025,11,2014 | 2016 | 2017 | 2018 | 2019 | 2020 | 2021 | 2022 | 2023 | 2024 | 2025,2010,2019,10,102,35651,2025,3311,Impreza,Impreza,,Impreza/Outback Sport,Subaru,agreement,Impreza,false,superseded_high_stock_reaudit,Latest-active reviewed MTO key; pass agreement is recomputed using case-insensitive model-family equivalence.,Reviewed two-pass MTO make/model inference using NCIC model-code abbreviations and NHTSA vPIC make/model examples (2026-08-12).
ontario_ministry_transport_vehicle_population,DODG,CTX,PASSENGER,2016,2025,10,2016 | 2017 | 2018 | 2019 | 2020 | 2021 | 2022 | 2023 | 2024 | 2025,2015,2023,9,67,23304,2025,3301,Charger,Charger,,Challenger | Dart | Durango,Dodge,agreement,Charger,false,superseded_high_stock_reaudit,Latest-active reviewed MTO key; pass agreement is recomputed using case-insensitive model-family equivalence.,Reviewed two-pass MTO make/model inference using NCIC model-code abbreviations and NHTSA vPIC make/model examples (2026-08-12).
ontario_ministry_transport_vehicle_population,HYUN,KON,PASSENGER,2025,2025,1,2025,2018,2026,7,7,3299,2025,3299,Kona,Kona,,,Hyundai,agreement,Kona,false,superseded_high_stock_reaudit,Latest-active reviewed MTO key; pass agreement is recomputed using case-insensitive model-family equivalence.,Reviewed two-pass MTO make/model inference using NCIC model-code abbreviations and NHTSA vPIC make/model examples (2026-08-12).
ontario_ministry_transport_vehicle_population,TOYT,AAL,PASSENGER,2020,2025,6,2020 | 2021 | 2022 | 2023 | 2024 | 2025,2021,2023,2,10,16684,2025,3289,Avalon,Avalon,,,Toyota,agreement,Avalon,false,superseded_high_stock_reaudit,Latest-active reviewed MTO key; pass agreement is recomputed using case-insensitive model-family equivalence.,Reviewed two-pass MTO make/model inference using NCIC model-code abbreviations and NHTSA vPIC make/model examples (2026-08-12).
ontario_ministry_transport_vehicle_population,DODG,CVR,COMMERCIAL | PASSENGER,2014,2025,11,2014 | 2016 | 2017 | 2018 | 2019 | 2020 | 2021 | 2022 | 2023 | 2024 | 2025,1974,2010,9,84,145566,2025,3281,Caravan/Grand Caravan,Caravan/Grand Caravan,vPIC also supports Caravan; the code does not clearly distinguish them.,Caravan/Ram Van | Viper | Caravan C/V/Grand Caravan,Dodge,agreement,Caravan/Grand Caravan,false,superseded_high_stock_reaudit,Latest-active reviewed MTO key; pass agreement is recomputed using case-insensitive model-family equivalence.,Reviewed two-pass MTO make/model inference using NCIC model-code abbreviations and NHTSA vPIC make/model examples (2026-08-12).
ontario_ministry_transport_vehicle_population,GENS,G70,PASSENGER,2018,2025,8,2018 | 2019 | 2020 | 2021 | 2022 | 2023 | 2024 | 2025,2019,2026,8,36,14572,2025,3260,G70,G70,,,Genesis,agreement,G70,false,superseded_high_stock_reaudit,Latest-active reviewed MTO key; pass agreement is recomputed using case-insensitive model-family equivalence.,Reviewed two-pass MTO make/model inference using NCIC model-code abbreviations and NHTSA vPIC make/model examples (2026-08-12).
ontario_ministry_transport_vehicle_population,HYUN,GN3,PASSENGER,2014,2025,11,2014 | 2016 | 2017 | 2018 | 2019 | 2020 | 2021 | 2022 | 2023 | 2024 | 2025,2009,2016,8,87,41332,2025,3249,Genesis,Genesis,,,Hyundai,agreement,Genesis,false,superseded_high_stock_reaudit,Latest-active reviewed MTO key; pass agreement is recomputed using case-insensitive model-family equivalence.,Reviewed two-pass MTO make/model inference using NCIC model-code abbreviations and NHTSA vPIC make/model examples (2026-08-12).
ontario_ministry_transport_vehicle_population,FORD,FMS,PASSENGER,2014,2025,11,2014 | 2016 | 2017 | 2018 | 2019 | 2020 | 2021 | 2022 | 2023 | 2024 | 2025,2007,2008,2,22,95950,2025,3239,Fusion,Fusion,,Freestar,Ford,agreement,Fusion,false,superseded_high_stock_reaudit,Latest-active reviewed MTO key; pass agreement is recomputed using case-insensitive model-family equivalence.,Reviewed two-pass MTO make/model inference using NCIC model-code abbreviations and NHTSA vPIC make/model examples (2026-08-12).
ontario_ministry_transport_vehicle_population,HYUN,HEG,PASSENGER,2023,2025,3,2023 | 2024 | 2025,2024,2026,3,6,5442,2025,3235,Nexo,Nexo,,Venue | Santa Fe | Elantra,Hyundai,agreement,Nexo,false,superseded_high_stock_reaudit,Latest-active reviewed MTO key; pass agreement is recomputed using case-insensitive model-family equivalence.,Reviewed two-pass MTO make/model inference using NCIC model-code abbreviations and NHTSA vPIC make/model examples (2026-08-12).
ontario_ministry_transport_vehicle_population,MAZD,3GT,PASSENGER,2014,2025,11,2014 | 2016 | 2017 | 2018 | 2019 | 2020 | 2021 | 2022 | 2023 | 2024 | 2025,2014,2016,3,30,35584,2025,3228,Mazda3,Mazda3,,,Mazda,agreement,Mazda3,false,superseded_high_stock_reaudit,Latest-active reviewed MTO key; pass agreement is recomputed using case-insensitive model-family equivalence.,Reviewed two-pass MTO make/model inference using NCIC model-code abbreviations and NHTSA vPIC make/model examples (2026-08-12).
ontario_ministry_transport_vehicle_population,TOYT,CHB,PASSENGER,2014,2025,11,2014 | 2016 | 2017 | 2018 | 2019 | 2020 | 2021 | 2022 | 2023 | 2024 | 2025,2008,2011,4,44,45867,2025,3199,Camry,Camry,,Corolla | Tacoma | FJ Cruiser,Toyota,agreement,Camry,false,superseded_high_stock_reaudit,Latest-active reviewed MTO key; pass agreement is recomputed using case-insensitive model-family equivalence.,Reviewed two-pass MTO make/model inference using NCIC model-code abbreviations and NHTSA vPIC make/model examples (2026-08-12).
ontario_ministry_transport_vehicle_population,MAZD,MA2,PASSENGER,2014,2025,11,2014 | 2016 | 2017 | 2018 | 2019 | 2020 | 2021 | 2022 | 2023 | 2024 | 2025,1916,2016,5,44,42256,2025,3190,Mazda2,Mazda2,,,Mazda,agreement,Mazda2,false,superseded_high_stock_reaudit,Latest-active reviewed MTO key; pass agreement is recomputed using case-insensitive model-family equivalence.,Reviewed two-pass MTO make/model inference using NCIC model-code abbreviations and NHTSA vPIC make/model examples (2026-08-12).
ontario_ministry_transport_vehicle_population,JEEP,RGD,PASSENGER,2016,2025,10,2016 | 2017 | 2018 | 2019 | 2020 | 2021 | 2022 | 2023 | 2024 | 2025,2015,2018,4,38,31577,2025,3188,Renegade,Renegade,,,Jeep,agreement,Renegade,false,superseded_high_stock_reaudit,Latest-active reviewed MTO key; pass agreement is recomputed using case-insensitive model-family equivalence.,Reviewed two-pass MTO make/model inference using NCIC model-code abbreviations and NHTSA vPIC make/model examples (2026-08-12).
ontario_ministry_transport_vehicle_population,CHEV,CV1,PASSENGER,2017,2025,9,2017 | 2018 | 2019 | 2020 | 2021 | 2022 | 2023 | 2024 | 2025,1975,2025,12,75,12424,2025,3187,Corvette,Corvette,,Chevette | Cavalier,Chevrolet,agreement,Corvette,false,superseded_high_stock_reaudit,Latest-active reviewed MTO key; pass agreement is recomputed using case-insensitive model-family equivalence.,Reviewed two-pass MTO make/model inference using NCIC model-code abbreviations and NHTSA vPIC make/model examples (2026-08-12).
ontario_ministry_transport_vehicle_population,NISS,VNS,PASSENGER,2014,2025,11,2014 | 2016 | 2017 | 2018 | 2019 | 2020 | 2021 | 2022 | 2023 | 2024 | 2025,2014,2015,2,18,64763,2025,3178,Versa,Versa,,,Nissan,agreement,Versa,false,superseded_high_stock_reaudit,Latest-active reviewed MTO key; pass agreement is recomputed using case-insensitive model-family equivalence.,Reviewed two-pass MTO make/model inference using NCIC model-code abbreviations and NHTSA vPIC make/model examples (2026-08-12).
ontario_ministry_transport_vehicle_population,SUBA,I25,PASSENGER,2014,2025,11,2014 | 2016 | 2017 | 2018 | 2019 | 2020 | 2021 | 2022 | 2023 | 2024 | 2025,2006,2011,6,66,55956,2025,3172,Impreza/Outback Sport,Impreza,,Tribeca | Baja,Subaru,agreement,Impreza,false,superseded_high_stock_reaudit,Latest-active reviewed MTO key; pass agreement is recomputed using case-insensitive model-family equivalence.,Reviewed two-pass MTO make/model inference using NCIC model-code abbreviations and NHTSA vPIC make/model examples (2026-08-12).
ontario_ministry_transport_vehicle_population,MAZD,TRI,PASSENGER,2014,2025,11,2014 | 2016 | 2017 | 2018 | 2019 | 2020 | 2021 | 2022 | 2023 | 2024 | 2025,2001,2011,10,110,93982,2025,3167,Tribute,Tribute,,,Mazda,agreement,Tribute,false,superseded_high_stock_reaudit,Latest-active reviewed MTO key; pass agreement is recomputed using case-insensitive model-family equivalence.,Reviewed two-pass MTO make/model inference using NCIC model-code abbreviations and NHTSA vPIC make/model examples (2026-08-12).
ontario_ministry_transport_vehicle_population,VOLK,GFS,PASSENGER,2016,2025,10,2016 | 2017 | 2018 | 2019 | 2020 | 2021 | 2022 | 2023 | 2024 | 2025,2016,2019,4,36,25570,2025,3158,Tiguan,Tiguan,,Passat | Eos | Golf/GTI,Volkswagen,agreement,Tiguan,false,superseded_high_stock_reaudit,Latest-active reviewed MTO key; pass agreement is recomputed using case-insensitive model-family equivalence.,Reviewed two-pass MTO make/model inference using NCIC model-code abbreviations and NHTSA vPIC make/model examples (2026-08-12).
ontario_ministry_transport_vehicle_population,NISS,XTR,PASSENGER,2014,2025,11,2014 | 2016 | 2017 | 2018 | 2019 | 2020 | 2021 | 2022 | 2023 | 2024 | 2025,1999,2017,19,198,67897,2025,3149,Xterra,Xterra,,X-TRAIL,Nissan,agreement,Xterra,false,superseded_high_stock_reaudit,Latest-active reviewed MTO key; pass agreement is recomputed using case-insensitive model-family equivalence.,Reviewed two-pass MTO make/model inference using NCIC model-code abbreviations and NHTSA vPIC make/model examples (2026-08-12).
ontario_ministry_transport_vehicle_population,NISS,MSV,PASSENGER,2014,2025,11,2014 | 2016 | 2017 | 2018 | 2019 | 2020 | 2021 | 2022 | 2023 | 2024 | 2025,2009,2014,6,66,46199,2025,3145,Murano,Murano,,Maxima | Versa | Quest,Nissan,agreement,Murano,false,superseded_high_stock_reaudit,Latest-active reviewed MTO key; pass agreement is recomputed using case-insensitive model-family equivalence.,Reviewed two-pass MTO make/model inference using NCIC model-code abbreviations and NHTSA vPIC make/model examples (2026-08-12).
ontario_ministry_transport_vehicle_population,DODG,CRT,PASSENGER,2014,2025,11,2014 | 2016 | 2017 | 2018 | 2019 | 2020 | 2021 | 2022 | 2023 | 2024 | 2025,1967,2023,22,207,28119,2025,3106,Colt,Colt,,Charger | Challenger | Caliber,Dodge,agreement,Colt,false,superseded_high_stock_reaudit,Latest-active reviewed MTO key; pass agreement is recomputed using case-insensitive model-family equivalence.,Reviewed two-pass MTO make/model inference using NCIC model-code abbreviations and NHTSA vPIC make/model examples (2026-08-12).
ontario_ministry_transport_vehicle_population,PONT,CMO,PASSENGER,2014,2025,11,2014 | 2016 | 2017 | 2018 | 2019 | 2020 | 2021 | 2022 | 2023 | 2024 | 2025,2007,2009,3,33,106747,2025,3105,Torrent,Torrent,,Solstice | Vibe | Grand Prix,Pontiac,agreement,Torrent,false,superseded_high_stock_reaudit,Latest-active reviewed MTO key; pass agreement is recomputed using case-insensitive model-family equivalence.,Reviewed two-pass MTO make/model inference using NCIC model-code abbreviations and NHTSA vPIC make/model examples (2026-08-12).
ontario_ministry_transport_vehicle_population,FIAT,5LG,PASSENGER,2014,2025,11,2014 | 2016 | 2017 | 2018 | 2019 | 2020 | 2021 | 2022 | 2023 | 2024 | 2025,2012,2019,8,78,35034,2025,3102,500 L,500L,,500 | 500e | 500 X,FIAT,agreement,500L,false,superseded_high_stock_reaudit,Latest-active reviewed MTO key; pass agreement is recomputed using case-insensitive model-family equivalence.,Reviewed two-pass MTO make/model inference using NCIC model-code abbreviations and NHTSA vPIC make/model examples (2026-08-12).
ontario_ministry_transport_vehicle_population,INTL,EUD,COMMERCIAL,2019,2025,7,2019 | 2020 | 2021 | 2022 | 2023 | 2024 | 2025,2019,2026,8,35,14016,2025,3092,"Xinri E-Veh Hongkong Co., Limited dba Jiangsu Xinn International Trading (tentative)",Model unresolved,The Ontario abbreviation does not match a vPIC model closely enough.,Premium | E-Active Canada | E-Active,International,disagreement,,false,superseded_high_stock_reaudit,Latest-active reviewed MTO key; pass agreement is recomputed using case-insensitive model-family equivalence.,Reviewed two-pass MTO make/model inference using NCIC model-code abbreviations and NHTSA vPIC make/model examples (2026-08-12).
ontario_ministry_transport_vehicle_population,JEEP,JJD,PASSENGER,2021,2025,5,2021 | 2022 | 2023 | 2024 | 2025,2020,2023,4,18,14318,2025,3084,Gladiator,Gladiator,,Gladiator Pickup | J-20 | J-10,Jeep,agreement,Gladiator,false,superseded_high_stock_reaudit,Latest-active reviewed MTO key; pass agreement is recomputed using case-insensitive model-family equivalence.,Reviewed two-pass MTO make/model inference using NCIC model-code abbreviations and NHTSA vPIC make/model examples (2026-08-12).
ontario_ministry_transport_vehicle_population,FORD,FAE,PASSENGER,2014,2025,11,2014 | 2016 | 2017 | 2018 | 2019 | 2020 | 2021 | 2022 | 2023 | 2024 | 2025,1978,2020,11,107,34852,2025,3062,Fiesta,Fiesta,,Festiva | Freestar | FAIRLANE,Ford,agreement,Fiesta,false,superseded_high_stock_reaudit,Latest-active reviewed MTO key; pass agreement is recomputed using case-insensitive model-family equivalence.,Reviewed two-pass MTO make/model inference using NCIC model-code abbreviations and NHTSA vPIC make/model examples (2026-08-12).
ontario_ministry_transport_vehicle_population,VOLK,TOU,PASSENGER,2014,2025,11,2014 | 2016 | 2017 | 2018 | 2019 | 2020 | 2021 | 2022 | 2023 | 2024 | 2025,1971,2022,15,153,40410,2025,3046,Touareg,Touareg,,,Volkswagen,agreement,Touareg,false,superseded_high_stock_reaudit,Latest-active reviewed MTO key; pass agreement is recomputed using case-insensitive model-family equivalence.,Reviewed two-pass MTO make/model inference using NCIC model-code abbreviations and NHTSA vPIC make/model examples (2026-08-12).
ontario_ministry_transport_vehicle_population,MAZD,M3H,PASSENGER,2014,2025,11,2014 | 2016 | 2017 | 2018 | 2019 | 2020 | 2021 | 2022 | 2023 | 2024 | 2025,2004,2009,6,66,99546,2025,3033,Mazda3,Mazda3,,,Mazda,agreement,Mazda3,false,superseded_high_stock_reaudit,Latest-active reviewed MTO key; pass agreement is recomputed using case-insensitive model-family equivalence.,Reviewed two-pass MTO make/model inference using NCIC model-code abbreviations and NHTSA vPIC make/model examples (2026-08-12).
ontario_ministry_transport_vehicle_population,LEXS,RX0,PASSENGER,2014,2025,11,2014 | 2016 | 2017 | 2018 | 2019 | 2020 | 2021 | 2022 | 2023 | 2024 | 2025,2010,2023,11,105,30636,2025,3023,RX,RX,,,Lexus,agreement,RX,false,superseded_high_stock_reaudit,Latest-active reviewed MTO key; pass agreement is recomputed using case-insensitive model-family equivalence.,Reviewed two-pass MTO make/model inference using NCIC model-code abbreviations and NHTSA vPIC make/model examples (2026-08-12).
ontario_ministry_transport_vehicle_population,MERZ,GLE,PASSENGER,2016,2025,10,2016 | 2017 | 2018 | 2019 | 2020 | 2021 | 2022 | 2023 | 2024 | 2025,2016,2026,11,55,29090,2025,3020,GLE-Class,GLE-Class,,,Mercedes-Benz,agreement,GLE-Class,false,superseded_high_stock_reaudit,Latest-active reviewed MTO key; pass agreement is recomputed using case-insensitive model-family equivalence.,Reviewed two-pass MTO make/model inference using NCIC model-code abbreviations and NHTSA vPIC make/model examples (2026-08-12).
ontario_ministry_transport_vehicle_population,CADI,XT6,PASSENGER,2019,2025,7,2019 | 2020 | 2021 | 2022 | 2023 | 2024 | 2025,2020,2025,6,27,13644,2025,3014,XT6,XT6,,,Cadillac,agreement,XT6,false,superseded_high_stock_reaudit,Latest-active reviewed MTO key; pass agreement is recomputed using case-insensitive model-family equivalence.,Reviewed two-pass MTO make/model inference using NCIC model-code abbreviations and NHTSA vPIC make/model examples (2026-08-12).
ontario_ministry_transport_vehicle_population,HINO,CIN,COMMERCIAL,2014,2025,11,2014 | 2016 | 2017 | 2018 | 2019 | 2020 | 2021 | 2022 | 2023 | 2024 | 2025,2009,2020,10,99,30781,2025,3002,Hino conventional truck (model unresolved),Conventional Type Truck,,195 | 258/268 | 338,Hino,disagreement,,false,superseded_high_stock_reaudit,Latest-active reviewed MTO key; pass agreement is recomputed using case-insensitive model-family equivalence.,Reviewed two-pass MTO make/model inference using NCIC model-code abbreviations and NHTSA vPIC make/model examples (2026-08-12).
ontario_ministry_transport_vehicle_population,FRHT,CHA,COMMERCIAL | PASSENGER,2014,2025,11,2014 | 2016 | 2017 | 2018 | 2019 | 2020 | 2021 | 2022 | 2023 | 2024 | 2025,1995,2026,32,577,32115,2025,2990,Cascadia,Cascadia,,CASCADIA | eCascadia | RA Cascadia,Freightliner,agreement,Cascadia,false,superseded_high_stock_reaudit,Latest-active reviewed MTO key; pass agreement is recomputed using case-insensitive model-family equivalence.,Reviewed two-pass MTO make/model inference using NCIC model-code abbreviations and NHTSA vPIC make/model examples (2026-08-12).
ontario_ministry_transport_vehicle_population,FIAT,5SP,PASSENGER,2014,2025,11,2014 | 2016 | 2017 | 2018 | 2019 | 2020 | 2021 | 2022 | 2023 | 2024 | 2025,2012,2016,5,54,38038,2025,2980,500,500,,500e | 500 L | 500 X,FIAT,agreement,500,false,superseded_high_stock_reaudit,Latest-active reviewed MTO key; pass agreement is recomputed using case-insensitive model-family equivalence.,Reviewed two-pass MTO make/model inference using NCIC model-code abbreviations and NHTSA vPIC make/model examples (2026-08-12).
ontario_ministry_transport_vehicle_population,CHEV,4YG,COMMERCIAL,2022,2025,4,2022 | 2023 | 2024 | 2025,2022,2025,4,13,6288,2025,2973,400 (tentative),4500,"vPIC supports the model, but the Ontario abbreviation is not uniquely identifying.",400 BRIGHTDROP | S14 | C/K 4500,Chevrolet,disagreement,,false,superseded_high_stock_reaudit,Latest-active reviewed MTO key; pass agreement is recomputed using case-insensitive model-family equivalence.,Reviewed two-pass MTO make/model inference using NCIC model-code abbreviations and NHTSA vPIC make/model examples (2026-08-12).
ontario_ministry_transport_vehicle_population,VOLK,PTL,PASSENGER,2014,2025,11,2014 | 2016 | 2017 | 2018 | 2019 | 2020 | 2021 | 2022 | 2023 | 2024 | 2025,2012,2015,4,44,36288,2025,2960,POLO,Atlas,"Closest vPIC name match, but no sampled year-specific result corroborates it.",ATLAS,Volkswagen,disagreement,,false,superseded_high_stock_reaudit,Latest-active reviewed MTO key; pass agreement is recomputed using case-insensitive model-family equivalence.,Reviewed two-pass MTO make/model inference using NCIC model-code abbreviations and NHTSA vPIC make/model examples (2026-08-12).
ontario_ministry_transport_vehicle_population,TOYT,LXS,PASSENGER,2014,2025,11,2014 | 2016 | 2017 | 2018 | 2019 | 2020 | 2021 | 2022 | 2023 | 2024 | 2025,1996,2018,7,72,42886,2025,2949,Land Cruiser,Land Cruiser,,Sienna | Sequoia | Celica,Toyota,agreement,Land Cruiser,false,superseded_high_stock_reaudit,Latest-active reviewed MTO key; pass agreement is recomputed using case-insensitive model-family equivalence.,Reviewed two-pass MTO make/model inference using NCIC model-code abbreviations and NHTSA vPIC make/model examples (2026-08-12).
ontario_ministry_transport_vehicle_population,VOLV,ARO,COMMERCIAL,2018,2025,8,2018 | 2019 | 2020 | 2021 | 2022 | 2023 | 2024 | 2025,1996,2026,12,68,12966,2025,2946,V60,V60,,V90 | S90 | XC90,Volvo,agreement,V60,false,superseded_high_stock_reaudit,Latest-active reviewed MTO key; pass agreement is recomputed using case-insensitive model-family equivalence.,Reviewed two-pass MTO make/model inference using NCIC model-code abbreviations and NHTSA vPIC make/model examples (2026-08-12).
ontario_ministry_transport_vehicle_population,HOND,FIT,PASSENGER,2014,2025,11,2014 | 2016 | 2017 | 2018 | 2019 | 2020 | 2021 | 2022 | 2023 | 2024 | 2025,2004,2019,12,96,50918,2025,2934,Fit,Fit,,,Honda,agreement,Fit,false,superseded_high_stock_reaudit,Latest-active reviewed MTO key; pass agreement is recomputed using case-insensitive model-family equivalence.,Reviewed two-pass MTO make/model inference using NCIC model-code abbreviations and NHTSA vPIC make/model examples (2026-08-12).
ontario_ministry_transport_vehicle_population,INFI,XQ5,PASSENGER,2014,2025,11,2014 | 2016 | 2017 | 2018 | 2019 | 2020 | 2021 | 2022 | 2023 | 2024 | 2025,2014,2017,4,42,32053,2025,2928,Q50,Q50,,QX50,Infiniti,agreement,Q50,false,superseded_high_stock_reaudit,Latest-active reviewed MTO key; pass agreement is recomputed using case-insensitive model-family equivalence.,Reviewed two-pass MTO make/model inference using NCIC model-code abbreviations and NHTSA vPIC make/model examples (2026-08-12).
ontario_ministry_transport_vehicle_population,LEXS,C2H,PASSENGER,2014,2025,11,2014 | 2016 | 2017 | 2018 | 2019 | 2020 | 2021 | 2022 | 2023 | 2024 | 2025,2011,2021,8,81,32145,2025,2913,CT200H,CT,vPIC also supports RC; the code does not clearly distinguish them.,CT | RC,Lexus,agreement,CT,false,superseded_high_stock_reaudit,Latest-active reviewed MTO key; pass agreement is recomputed using case-insensitive model-family equivalence.,Reviewed two-pass MTO make/model inference using NCIC model-code abbreviations and NHTSA vPIC make/model examples (2026-08-12).
ontario_ministry_transport_vehicle_population,CHRY,3LM,PASSENGER,2014,2025,11,2014 | 2016 | 2017 | 2018 | 2019 | 2020 | 2021 | 2022 | 2023 | 2024 | 2025,2008,2023,14,119,42601,2025,2909,300,300,,,Chrysler,agreement,300,false,superseded_high_stock_reaudit,Latest-active reviewed MTO key; pass agreement is recomputed using case-insensitive model-family equivalence.,Reviewed two-pass MTO make/model inference using NCIC model-code abbreviations and NHTSA vPIC make/model examples (2026-08-12).
ontario_ministry_transport_vehicle_population,HYUN,C2G,PASSENGER,2018,2025,8,2018 | 2019 | 2020 | 2021 | 2022 | 2023 | 2024 | 2025,2018,2022,4,24,21197,2025,2894,Accent,Accent,,Santa Cruz | Tucson,Hyundai,agreement,Accent,false,superseded_high_stock_reaudit,Latest-active reviewed MTO key; pass agreement is recomputed using case-insensitive model-family equivalence.,Reviewed two-pass MTO make/model inference using NCIC model-code abbreviations and NHTSA vPIC make/model examples (2026-08-12).
ontario_ministry_transport_vehicle_population,SUBA,SWL,PASSENGER,2014,2025,11,2014 | 2016 | 2017 | 2018 | 2019 | 2020 | 2021 | 2022 | 2023 | 2024 | 2025,1983,2021,8,71,26236,2025,2888,SOLTERRA,Solterra,"Closest vPIC name match, but no sampled year-specific result corroborates it.",,Subaru,agreement,Solterra,false,superseded_high_stock_reaudit,Latest-active reviewed MTO key; pass agreement is recomputed using case-insensitive model-family equivalence.,Reviewed two-pass MTO make/model inference using NCIC model-code abbreviations and NHTSA vPIC make/model examples (2026-08-12).
ontario_ministry_transport_vehicle_population,TOYT,CHL,PASSENGER,2014,2025,11,2014 | 2016 | 2017 | 2018 | 2019 | 2020 | 2021 | 2022 | 2023 | 2024 | 2025,2012,2014,3,33,37247,2025,2877,Highlander,Highlander,,,Toyota,agreement,Highlander,false,superseded_high_stock_reaudit,Latest-active reviewed MTO key; pass agreement is recomputed using case-insensitive model-family equivalence.,Reviewed two-pass MTO make/model inference using NCIC model-code abbreviations and NHTSA vPIC make/model examples (2026-08-12).
ontario_ministry_transport_vehicle_population,MACK,800,COMMERCIAL,2014,2025,11,2014 | 2016 | 2017 | 2018 | 2019 | 2020 | 2021 | 2022 | 2023 | 2024 | 2025,1967,2019,33,347,32375,2025,2871,800 Series,Model unresolved,Ontario identifies only a vehicle family; vPIC does not support one unique model.,,Mack,disagreement,,false,superseded_high_stock_reaudit,Latest-active reviewed MTO key; pass agreement is recomputed using case-insensitive model-family equivalence.,Reviewed two-pass MTO make/model inference using NCIC model-code abbreviations and NHTSA vPIC make/model examples (2026-08-12).
ontario_ministry_transport_vehicle_population,CHEV,ITZ,PASSENGER,2014,2025,11,2014 | 2016 | 2017 | 2018 | 2019 | 2020 | 2021 | 2022 | 2023 | 2024 | 2025,2006,2017,12,130,49577,2025,2870,MATIZ,Matiz,,TrailBlazer | Impala | Tahoe,Chevrolet,agreement,Matiz,false,superseded_high_stock_reaudit,Latest-active reviewed MTO key; pass agreement is recomputed using case-insensitive model-family equivalence.,Reviewed two-pass MTO make/model inference using NCIC model-code abbreviations and NHTSA vPIC make/model examples (2026-08-12).
ontario_ministry_transport_vehicle_population,TOYT,4RU,PASSENGER,2023,2025,3,2023 | 2024 | 2025,1985,2024,15,43,7840,2025,2870,4Runner,4Runner,,,Toyota,agreement,4Runner,false,superseded_high_stock_reaudit,Latest-active reviewed MTO key; pass agreement is recomputed using case-insensitive model-family equivalence.,Reviewed two-pass MTO make/model inference using NCIC model-code abbreviations and NHTSA vPIC make/model examples (2026-08-12).
ontario_ministry_transport_vehicle_population,BMW,M3S,PASSENGER,2014,2025,11,2014 | 2016 | 2017 | 2018 | 2019 | 2020 | 2021 | 2022 | 2023 | 2024 | 2025,1988,2026,31,288,28143,2025,2865,M,M3,Code-to-name match is weak; selected from vPIC models with overlapping-year coverage.,M3,BMW,disagreement,,false,superseded_high_stock_reaudit,Latest-active reviewed MTO key; pass agreement is recomputed using case-insensitive model-family equivalence.,Reviewed two-pass MTO make/model inference using NCIC model-code abbreviations and NHTSA vPIC make/model examples (2026-08-12).
ontario_ministry_transport_vehicle_population,BUIC,AXL,PASSENGER,2014,2025,11,2014 | 2016 | 2017 | 2018 | 2019 | 2020 | 2021 | 2022 | 2023 | 2024 | 2025,2005,2009,5,55,60775,2025,2863,ALLURE,Allure,,Lacrosse/Allure | Lucerne | LeSabre,Buick,agreement,Allure,false,superseded_high_stock_reaudit,Latest-active reviewed MTO key; pass agreement is recomputed using case-insensitive model-family equivalence.,Reviewed two-pass MTO make/model inference using NCIC model-code abbreviations and NHTSA vPIC make/model examples (2026-08-12).
ontario_ministry_transport_vehicle_population,BMW,C3I,PASSENGER,2014,2025,11,2014 | 2016 | 2017 | 2018 | 2019 | 2020 | 2021 | 2022 | 2023 | 2024 | 2025,2006,2011,4,44,45818,2025,2861,X3,X3,,3 Series,BMW,agreement,X3,false,superseded_high_stock_reaudit,Latest-active reviewed MTO key; pass agreement is recomputed using case-insensitive model-family equivalence.,Reviewed two-pass MTO make/model inference using NCIC model-code abbreviations and NHTSA vPIC make/model examples (2026-08-12).
ontario_ministry_transport_vehicle_population,DODG,AXT,PASSENGER,2014,2025,11,2014 | 2016 | 2017 | 2018 | 2019 | 2020 | 2021 | 2022 | 2023 | 2024 | 2025,2008,2014,6,66,60206,2025,2859,Dart,Dart,,Avenger | Charger | Durango,Dodge,agreement,Dart,false,superseded_high_stock_reaudit,Latest-active reviewed MTO key; pass agreement is recomputed using case-insensitive model-family equivalence.,Reviewed two-pass MTO make/model inference using NCIC model-code abbreviations and NHTSA vPIC make/model examples (2026-08-12).
ontario_ministry_transport_vehicle_population,MAZD,X3S,PASSENGER,2016,2025,10,2016 | 2017 | 2018 | 2019 | 2020 | 2021 | 2022 | 2023 | 2024 | 2025,2016,2022,7,54,23294,2025,2846,CX-3,CX-3,,Mazda3 | CX-30 | MX-30,Mazda,agreement,CX-3,false,superseded_high_stock_reaudit,Latest-active reviewed MTO key; pass agreement is recomputed using case-insensitive model-family equivalence.,Reviewed two-pass MTO make/model inference using NCIC model-code abbreviations and NHTSA vPIC make/model examples (2026-08-12).
ontario_ministry_transport_vehicle_population,AUDI,AA6,PASSENGER,2021,2025,5,2021 | 2022 | 2023 | 2024 | 2025,1995,2025,11,49,8928,2025,2817,A6,A6,,,Audi,agreement,A6,false,superseded_high_stock_reaudit,Latest-active reviewed MTO key; pass agreement is recomputed using case-insensitive model-family equivalence.,Reviewed two-pass MTO make/model inference using NCIC model-code abbreviations and NHTSA vPIC make/model examples (2026-08-12).
ontario_ministry_transport_vehicle_population,CHEV,M/Z,PASSENGER,2014,2025,11,2014 | 2016 | 2017 | 2018 | 2019 | 2020 | 2021 | 2022 | 2023 | 2024 | 2025,2006,2023,17,158,31907,2025,2816,MATIZ,Matiz,,Malibu,Chevrolet,agreement,Matiz,false,superseded_high_stock_reaudit,Latest-active reviewed MTO key; pass agreement is recomputed using case-insensitive model-family equivalence.,Reviewed two-pass MTO make/model inference using NCIC model-code abbreviations and NHTSA vPIC make/model examples (2026-08-12).
ontario_ministry_transport_vehicle_population,SUBA,IST,PASSENGER,2023,2025,3,2023 | 2024 | 2025,2013,2025,5,12,4827,2025,2811,Impreza/Outback Sport,Impreza,,Outback | Crosstrek | Ascent,Subaru,agreement,Impreza,false,superseded_high_stock_reaudit,Latest-active reviewed MTO key; pass agreement is recomputed using case-insensitive model-family equivalence.,Reviewed two-pass MTO make/model inference using NCIC model-code abbreviations and NHTSA vPIC make/model examples (2026-08-12).
ontario_ministry_transport_vehicle_population,BMW,35X,PASSENGER,2014,2025,11,2014 | 2016 | 2017 | 2018 | 2019 | 2020 | 2021 | 2022 | 2023 | 2024 | 2025,2007,2015,9,99,38411,2025,2809,3 Series,X5,Generic Ontario code spans multiple vPIC models; this is the closest family match.,5 Series | X5 | X3,BMW,disagreement,,false,superseded_high_stock_reaudit,Latest-active reviewed MTO key; pass agreement is recomputed using case-insensitive model-family equivalence.,Reviewed two-pass MTO make/model inference using NCIC model-code abbreviations and NHTSA vPIC make/model examples (2026-08-12).
ontario_ministry_transport_vehicle_population,JEEP,JJG,COMMERCIAL | PASSENGER,2019,2025,7,2019 | 2020 | 2021 | 2022 | 2023 | 2024 | 2025,2020,2024,5,45,14331,2025,2804,Wrangler,Wrangler,,Grand Cherokee | Renegade | Gladiator,Jeep,agreement,Wrangler,false,superseded_high_stock_reaudit,Latest-active reviewed MTO key; pass agreement is recomputed using case-insensitive model-family equivalence.,Reviewed two-pass MTO make/model inference using NCIC model-code abbreviations and NHTSA vPIC make/model examples (2026-08-12).
ontario_ministry_transport_vehicle_population,FORD,TEL,PASSENGER,2014,2025,11,2014 | 2016 | 2017 | 2018 | 2019 | 2020 | 2021 | 2022 | 2023 | 2024 | 2025,2000,2019,20,212,58287,2025,2802,T,Model unresolved,The Ontario abbreviation does not match a vPIC model closely enough.,,Ford,disagreement,,false,superseded_high_stock_reaudit,Latest-active reviewed MTO key; pass agreement is recomputed using case-insensitive model-family equivalence.,Reviewed two-pass MTO make/model inference using NCIC model-code abbreviations and NHTSA vPIC make/model examples (2026-08-12).
ontario_ministry_transport_vehicle_population,STRG,STE,COMMERCIAL,2014,2025,11,2014 | 2016 | 2017 | 2018 | 2019 | 2020 | 2021 | 2022 | 2023 | 2024 | 2025,1999,2010,12,132,52179,2025,2791,Sterling truck (model unresolved),Acterra,,Acterra | A-Line | L-Line,Sterling,disagreement,,false,superseded_high_stock_reaudit,Latest-active reviewed MTO key; pass agreement is recomputed using case-insensitive model-family equivalence.,Reviewed two-pass MTO make/model inference using NCIC model-code abbreviations and NHTSA vPIC make/model examples (2026-08-12).
ontario_ministry_transport_vehicle_population,SUBA,TRB,PASSENGER,2014,2025,11,2014 | 2016 | 2017 | 2018 | 2019 | 2020 | 2021 | 2022 | 2023 | 2024 | 2025,2006,2019,9,96,28629,2025,2790,Tribeca,B9 Tribeca,"vPIC supports the model, but the Ontario abbreviation is not uniquely identifying.",,Subaru,agreement,B9 Tribeca,false,superseded_high_stock_reaudit,Latest-active reviewed MTO key; pass agreement is recomputed using case-insensitive model-family equivalence.,Reviewed two-pass MTO make/model inference using NCIC model-code abbreviations and NHTSA vPIC make/model examples (2026-08-12).
ontario_ministry_transport_vehicle_population,MAZD,C70,PASSENGER,2024,2025,2,2024 | 2025,2025,2025,1,2,3770,2025,2788,CX-70,CX-70,,,Mazda,agreement,CX-70,false,superseded_high_stock_reaudit,Latest-active reviewed MTO key; pass agreement is recomputed using case-insensitive model-family equivalence.,Reviewed two-pass MTO make/model inference using NCIC model-code abbreviations and NHTSA vPIC make/model examples (2026-08-12).
ontario_ministry_transport_vehicle_population,CHEV,TRL,COMMERCIAL | PASSENGER,2014,2025,11,2014 | 2016 | 2017 | 2018 | 2019 | 2020 | 2021 | 2022 | 2023 | 2024 | 2025,2002,2024,9,115,73010,2025,2787,Trax,Trax,,Traverse | TrailBlazer | Trailblazer,Chevrolet,agreement,Trax,false,superseded_high_stock_reaudit,Latest-active reviewed MTO key; pass agreement is recomputed using case-insensitive model-family equivalence.,Reviewed two-pass MTO make/model inference using NCIC model-code abbreviations and NHTSA vPIC make/model examples (2026-08-12).
ontario_ministry_transport_vehicle_population,INFI,Q5S,PASSENGER,2014,2025,11,2014 | 2016 | 2017 | 2018 | 2019 | 2020 | 2021 | 2022 | 2023 | 2024 | 2025,2014,2015,2,22,33995,2025,2779,Q50,Q50,,QX50,Infiniti,agreement,Q50,false,superseded_high_stock_reaudit,Latest-active reviewed MTO key; pass agreement is recomputed using case-insensitive model-family equivalence.,Reviewed two-pass MTO make/model inference using NCIC model-code abbreviations and NHTSA vPIC make/model examples (2026-08-12).
ontario_ministry_transport_vehicle_population,MERZ,AFG,PASSENGER,2022,2025,4,2022 | 2023 | 2024 | 2025,2022,2025,4,11,6561,2025,2773,AMG GT,AMG GT,,,Mercedes-Benz,agreement,AMG GT,false,superseded_high_stock_reaudit,Latest-active reviewed MTO key; pass agreement is recomputed using case-insensitive model-family equivalence.,Reviewed two-pass MTO make/model inference using NCIC model-code abbreviations and NHTSA vPIC make/model examples (2026-08-12).
ontario_ministry_transport_vehicle_population,CADI,LYR,PASSENGER,2023,2025,3,2023 | 2024 | 2025,2023,2026,4,9,5138,2025,2771,LYRIQ,Lyriq,,,Cadillac,agreement,Lyriq,false,superseded_high_stock_reaudit,Latest-active reviewed MTO key; pass agreement is recomputed using case-insensitive model-family equivalence.,Reviewed two-pass MTO make/model inference using NCIC model-code abbreviations and NHTSA vPIC make/model examples (2026-08-12).
ontario_ministry_transport_vehicle_population,HYUN,GN2,PASSENGER,2014,2025,11,2014 | 2016 | 2017 | 2018 | 2019 | 2020 | 2021 | 2022 | 2023 | 2024 | 2025,2010,2014,5,55,40425,2025,2767,Genesis,Genesis,,,Hyundai,agreement,Genesis,false,superseded_high_stock_reaudit,Latest-active reviewed MTO key; pass agreement is recomputed using case-insensitive model-family equivalence.,Reviewed two-pass MTO make/model inference using NCIC model-code abbreviations and NHTSA vPIC make/model examples (2026-08-12).
ontario_ministry_transport_vehicle_population,HYUN,P5G,PASSENGER,2024,2025,2,2024 | 2025,2024,2025,2,4,4443,2025,2762,Ioniq 5,Ioniq 5,,Palisade | Ioniq 6,Hyundai,agreement,Ioniq 5,false,superseded_high_stock_reaudit,Latest-active reviewed MTO key; pass agreement is recomputed using case-insensitive model-family equivalence.,Reviewed two-pass MTO make/model inference using NCIC model-code abbreviations and NHTSA vPIC make/model examples (2026-08-12).
ontario_ministry_transport_vehicle_population,LEXS,R33,PASSENGER,2014,2025,11,2014 | 2016 | 2017 | 2018 | 2019 | 2020 | 2021 | 2022 | 2023 | 2024 | 2025,2004,2020,4,40,47851,2025,2752,RX,RX,,RX330,Lexus,agreement,RX,false,superseded_high_stock_reaudit,Latest-active reviewed MTO key; pass agreement is recomputed using case-insensitive model-family equivalence.,Reviewed two-pass MTO make/model inference using NCIC model-code abbreviations and NHTSA vPIC make/model examples (2026-08-12).
ontario_ministry_transport_vehicle_population,HYUN,EGS,PASSENGER,2014,2025,11,2014 | 2016 | 2017 | 2018 | 2019 | 2020 | 2021 | 2022 | 2023 | 2024 | 2025,1992,2012,14,154,47523,2025,2749,Equus,Equus,,Elantra | Sonata | XG,Hyundai,agreement,Equus,false,superseded_high_stock_reaudit,Latest-active reviewed MTO key; pass agreement is recomputed using case-insensitive model-family equivalence.,Reviewed two-pass MTO make/model inference using NCIC model-code abbreviations and NHTSA vPIC make/model examples (2026-08-12).
ontario_ministry_transport_vehicle_population,LNDR,RRV,PASSENGER,2014,2025,11,2014 | 2016 | 2017 | 2018 | 2019 | 2020 | 2021 | 2022 | 2023 | 2024 | 2025,1987,2026,32,319,33603,2025,2748,Range Rover,Range Rover,,,Land Rover,agreement,Range Rover,false,superseded_high_stock_reaudit,Latest-active reviewed MTO key; pass agreement is recomputed using case-insensitive model-family equivalence.,Reviewed two-pass MTO make/model inference using NCIC model-code abbreviations and NHTSA vPIC make/model examples (2026-08-12).
ontario_ministry_transport_vehicle_population,KIA,FOR,PASSENGER,2018,2025,8,2018 | 2019 | 2020 | 2021 | 2022 | 2023 | 2024 | 2025,2010,2024,10,58,13253,2025,2740,Forte,Forte,,,Kia,agreement,Forte,false,superseded_high_stock_reaudit,Latest-active reviewed MTO key; pass agreement is recomputed using case-insensitive model-family equivalence.,Reviewed two-pass MTO make/model inference using NCIC model-code abbreviations and NHTSA vPIC make/model examples (2026-08-12).
ontario_ministry_transport_vehicle_population,MACK,GRD,COMMERCIAL,2019,2025,7,2019 | 2020 | 2021 | 2022 | 2023 | 2024 | 2025,2019,2026,8,35,12049,2025,2737,RD,RD,"Closest vPIC name match, but no sampled year-specific result corroborates it.",,Mack,agreement,RD,false,superseded_high_stock_reaudit,Latest-active reviewed MTO key; pass agreement is recomputed using case-insensitive model-family equivalence.,Reviewed two-pass MTO make/model inference using NCIC model-code abbreviations and NHTSA vPIC make/model examples (2026-08-12).
ontario_ministry_transport_vehicle_population,CHRY,3TR,PASSENGER,2014,2025,11,2014 | 2016 | 2017 | 2018 | 2019 | 2020 | 2021 | 2022 | 2023 | 2024 | 2025,2005,2012,7,77,74438,2025,2723,300 SRT8,300,"vPIC supports the model, but the Ontario abbreviation is not uniquely identifying.",300,Chrysler,agreement,300,false,superseded_high_stock_reaudit,Latest-active reviewed MTO key; pass agreement is recomputed using case-insensitive model-family equivalence.,Reviewed two-pass MTO make/model inference using NCIC model-code abbreviations and NHTSA vPIC make/model examples (2026-08-12).
ontario_ministry_transport_vehicle_population,AUDI,A42,PASSENGER,2014,2025,11,2014 | 2016 | 2017 | 2018 | 2019 | 2020 | 2021 | 2022 | 2023 | 2024 | 2025,2000,2025,16,131,45814,2025,2717,A4,A4,,,Audi,agreement,A4,false,superseded_high_stock_reaudit,Latest-active reviewed MTO key; pass agreement is recomputed using case-insensitive model-family equivalence.,Reviewed two-pass MTO make/model inference using NCIC model-code abbreviations and NHTSA vPIC make/model examples (2026-08-12).
ontario_ministry_transport_vehicle_population,MERZ,B20,PASSENGER,2014,2025,11,2014 | 2016 | 2017 | 2018 | 2019 | 2020 | 2021 | 2022 | 2023 | 2024 | 2025,2006,2011,6,66,48970,2025,2715,B200,Model unresolved,The Ontario abbreviation does not match a vPIC model closely enough.,,Mercedes-Benz,disagreement,,false,superseded_high_stock_reaudit,Latest-active reviewed MTO key; pass agreement is recomputed using case-insensitive model-family equivalence.,Reviewed two-pass MTO make/model inference using NCIC model-code abbreviations and NHTSA vPIC make/model examples (2026-08-12).
ontario_ministry_transport_vehicle_population,TOYT,CH4,PASSENGER,2014,2025,11,2014 | 2016 | 2017 | 2018 | 2019 | 2020 | 2021 | 2022 | 2023 | 2024 | 2025,2015,2017,3,31,28619,2025,2714,4Runner,4Runner,,Camry | Highlander | Land Cruiser,Toyota,agreement,4Runner,false,superseded_high_stock_reaudit,Latest-active reviewed MTO key; pass agreement is recomputed using case-insensitive model-family equivalence.,Reviewed two-pass MTO make/model inference using NCIC model-code abbreviations and NHTSA vPIC make/model examples (2026-08-12).
ontario_ministry_transport_vehicle_population,MERZ,B25,PASSENGER,2014,2025,11,2014 | 2016 | 2017 | 2018 | 2019 | 2020 | 2021 | 2022 | 2023 | 2024 | 2025,1967,2019,8,79,32054,2025,2712,B250E,Model unresolved,The Ontario abbreviation does not match a vPIC model closely enough.,,Mercedes-Benz,disagreement,,false,superseded_high_stock_reaudit,Latest-active reviewed MTO key; pass agreement is recomputed using case-insensitive model-family equivalence.,Reviewed two-pass MTO make/model inference using NCIC model-code abbreviations and NHTSA vPIC make/model examples (2026-08-12).
ontario_ministry_transport_vehicle_population,HYUN,CTU,PASSENGER,2014,2025,11,2014 | 2016 | 2017 | 2018 | 2019 | 2020 | 2021 | 2022 | 2023 | 2024 | 2025,2007,2014,3,33,50013,2025,2710,Tucson,Tucson,,Accent | Veracruz | Tiburon,Hyundai,agreement,Tucson,false,superseded_high_stock_reaudit,Latest-active reviewed MTO key; pass agreement is recomputed using case-insensitive model-family equivalence.,Reviewed two-pass MTO make/model inference using NCIC model-code abbreviations and NHTSA vPIC make/model examples (2026-08-12).
ontario_ministry_transport_vehicle_population,SUBA,IMP,PASSENGER,2014,2025,11,2014 | 2016 | 2017 | 2018 | 2019 | 2020 | 2021 | 2022 | 2023 | 2024 | 2025,1993,2026,27,227,30389,2025,2710,Impreza,Impreza,,Impreza/Outback Sport,Subaru,agreement,Impreza,false,superseded_high_stock_reaudit,Latest-active reviewed MTO key; pass agreement is recomputed using case-insensitive model-family equivalence.,Reviewed two-pass MTO make/model inference using NCIC model-code abbreviations and NHTSA vPIC make/model examples (2026-08-12).
ontario_ministry_transport_vehicle_population,MAZD,M5T,PASSENGER,2014,2025,11,2014 | 2016 | 2017 | 2018 | 2019 | 2020 | 2021 | 2022 | 2023 | 2024 | 2025,2014,2017,4,41,28206,2025,2705,MX-5,MX-5,,,Mazda,agreement,MX-5,false,superseded_high_stock_reaudit,Latest-active reviewed MTO key; pass agreement is recomputed using case-insensitive model-family equivalence.,Reviewed two-pass MTO make/model inference using NCIC model-code abbreviations and NHTSA vPIC make/model examples (2026-08-12).
ontario_ministry_transport_vehicle_population,FORD,MLX,PASSENGER,2014,2025,11,2014 | 2016 | 2017 | 2018 | 2019 | 2020 | 2021 | 2022 | 2023 | 2024 | 2025,1965,1993,13,143,25626,2025,2698,FLEX,Flex,,,Ford,agreement,Flex,false,superseded_high_stock_reaudit,Latest-active reviewed MTO key; pass agreement is recomputed using case-insensitive model-family equivalence.,Reviewed two-pass MTO make/model inference using NCIC model-code abbreviations and NHTSA vPIC make/model examples (2026-08-12).
ontario_ministry_transport_vehicle_population,HUMM,HUM,PASSENGER,2014,2025,11,2014 | 2016 | 2017 | 2018 | 2019 | 2020 | 2021 | 2022 | 2023 | 2024 | 2025,1985,2010,12,127,38609,2025,2698,HUMMER,Model unresolved,The Ontario abbreviation does not match a vPIC model closely enough.,,Hummer,disagreement,,false,superseded_high_stock_reaudit,Latest-active reviewed MTO key; pass agreement is recomputed using case-insensitive model-family equivalence.,Reviewed two-pass MTO make/model inference using NCIC model-code abbreviations and NHTSA vPIC make/model examples (2026-08-12).
ontario_ministry_transport_vehicle_population,HYUN,JBG,PASSENGER,2024,2025,2,2024 | 2025,2022,2025,4,7,3322,2025,2677,Venue (tentative),Venue,,Tucson | Sonata | Santa Fe,Hyundai,agreement,Venue,false,superseded_high_stock_reaudit,Latest-active reviewed MTO key; pass agreement is recomputed using case-insensitive model-family equivalence.,Reviewed two-pass MTO make/model inference using NCIC model-code abbreviations and NHTSA vPIC make/model examples (2026-08-12).
ontario_ministry_transport_vehicle_population,HOND,UDV,PASSENGER,2014,2025,11,2014 | 2016 | 2017 | 2018 | 2019 | 2020 | 2021 | 2022 | 2023 | 2024 | 2025,2004,2006,3,33,66178,2025,2655,CR-V,CR-V,,Civic | Odyssey | Accord,Honda,agreement,CR-V,false,superseded_high_stock_reaudit,Latest-active reviewed MTO key; pass agreement is recomputed using case-insensitive model-family equivalence.,Reviewed two-pass MTO make/model inference using NCIC model-code abbreviations and NHTSA vPIC make/model examples (2026-08-12).
ontario_ministry_transport_vehicle_population,KIA,OSX,PASSENGER,2014,2025,11,2014 | 2016 | 2017 | 2018 | 2019 | 2020 | 2021 | 2022 | 2023 | 2024 | 2025,2011,2024,13,109,23825,2025,2655,Soul,Soul,,Rio | Optima | Seltos,Kia,agreement,Soul,false,superseded_high_stock_reaudit,Latest-active reviewed MTO key; pass agreement is recomputed using case-insensitive model-family equivalence.,Reviewed two-pass MTO make/model inference using NCIC model-code abbreviations and NHTSA vPIC make/model examples (2026-08-12).
ontario_ministry_transport_vehicle_population,KIA,FSX,PASSENGER,2014,2025,11,2014 | 2016 | 2017 | 2018 | 2019 | 2020 | 2021 | 2022 | 2023 | 2024 | 2025,2010,2016,7,76,39067,2025,2652,Forte,Forte,,Soul | Sedona | Sportage,Kia,agreement,Forte,false,superseded_high_stock_reaudit,Latest-active reviewed MTO key; pass agreement is recomputed using case-insensitive model-family equivalence.,Reviewed two-pass MTO make/model inference using NCIC model-code abbreviations and NHTSA vPIC make/model examples (2026-08-12).
ontario_ministry_transport_vehicle_population,FORD,FCL,PASSENGER,2014,2025,11,2014 | 2016 | 2017 | 2018 | 2019 | 2020 | 2021 | 2022 | 2023 | 2024 | 2025,2009,2012,4,44,46895,2025,2649,Flex,Flex,,Focus | FALCON,Ford,agreement,Flex,false,superseded_high_stock_reaudit,Latest-active reviewed MTO key; pass agreement is recomputed using case-insensitive model-family equivalence.,Reviewed two-pass MTO make/model inference using NCIC model-code abbreviations and NHTSA vPIC make/model examples (2026-08-12).
ontario_ministry_transport_vehicle_population,BUIC,UXL,PASSENGER,2014,2025,11,2014 | 2016 | 2017 | 2018 | 2019 | 2020 | 2021 | 2022 | 2023 | 2024 | 2025,2006,2011,6,66,44189,2025,2642,Lucerne,Lucerne,,Lacrosse/Allure | LaCrosse | Enclave,Buick,agreement,Lucerne,false,superseded_high_stock_reaudit,Latest-active reviewed MTO key; pass agreement is recomputed using case-insensitive model-family equivalence.,Reviewed two-pass MTO make/model inference using NCIC model-code abbreviations and NHTSA vPIC make/model examples (2026-08-12).
ontario_ministry_transport_vehicle_population,PORS,BOX,PASSENGER,2014,2025,11,2014 | 2016 | 2017 | 2018 | 2019 | 2020 | 2021 | 2022 | 2023 | 2024 | 2025,1997,2025,29,269,26084,2025,2639,Boxster,Boxster,,,Porsche,agreement,Boxster,false,superseded_high_stock_reaudit,Latest-active reviewed MTO key; pass agreement is recomputed using case-insensitive model-family equivalence.,Reviewed two-pass MTO make/model inference using NCIC model-code abbreviations and NHTSA vPIC make/model examples (2026-08-12).
ontario_ministry_transport_vehicle_population,TOYT,SEQ,PASSENGER,2014,2025,11,2014 | 2016 | 2017 | 2018 | 2019 | 2020 | 2021 | 2022 | 2023 | 2024 | 2025,2001,2026,26,224,29996,2025,2632,Sequoia,Sequoia,,,Toyota,agreement,Sequoia,false,superseded_high_stock_reaudit,Latest-active reviewed MTO key; pass agreement is recomputed using case-insensitive model-family equivalence.,Reviewed two-pass MTO make/model inference using NCIC model-code abbreviations and NHTSA vPIC make/model examples (2026-08-12).
ontario_ministry_transport_vehicle_population,FORD,6WE,COMMERCIAL,2022,2025,4,2022 | 2023 | 2024 | 2025,2022,2025,4,11,6589,2025,2627,Escape,Escape,,Edge | Mustang Mach-E | Mustang,Ford,agreement,Escape,false,superseded_high_stock_reaudit,Latest-active reviewed MTO key; pass agreement is recomputed using case-insensitive model-family equivalence.,Reviewed two-pass MTO make/model inference using NCIC model-code abbreviations and NHTSA vPIC make/model examples (2026-08-12).
ontario_ministry_transport_vehicle_population,AUDI,S5,PASSENGER,2018,2025,8,2018 | 2019 | 2020 | 2021 | 2022 | 2023 | 2024 | 2025,2008,2025,14,90,10462,2025,2626,S5,S5,,,Audi,agreement,S5,false,superseded_high_stock_reaudit,Latest-active reviewed MTO key; pass agreement is recomputed using case-insensitive model-family equivalence.,Reviewed two-pass MTO make/model inference using NCIC model-code abbreviations and NHTSA vPIC make/model examples (2026-08-12).
ontario_ministry_transport_vehicle_population,PONT,FBD,PASSENGER,2014,2025,11,2014 | 2016 | 2017 | 2018 | 2019 | 2020 | 2021 | 2022 | 2023 | 2024 | 2025,1952,2002,40,440,31339,2025,2624,Firebird/Trans Am/Formula,Firebird,,Sunbird | Firefly | Grand Am,Pontiac,agreement,Firebird,false,superseded_high_stock_reaudit,Latest-active reviewed MTO key; pass agreement is recomputed using case-insensitive model-family equivalence.,Reviewed two-pass MTO make/model inference using NCIC model-code abbreviations and NHTSA vPIC make/model examples (2026-08-12).
ontario_ministry_transport_vehicle_population,CHEV,7DE,PASSENGER,2024,2025,2,2024 | 2025,2024,2025,2,4,3952,2025,2621,Blazer,Blazer,,DEL RAY | Equinox | Corvette,Chevrolet,agreement,Blazer,false,superseded_high_stock_reaudit,Latest-active reviewed MTO key; pass agreement is recomputed using case-insensitive model-family equivalence.,Reviewed two-pass MTO make/model inference using NCIC model-code abbreviations and NHTSA vPIC make/model examples (2026-08-12).
ontario_ministry_transport_vehicle_population,VOLK,PTS,PASSENGER,2014,2025,11,2014 | 2016 | 2017 | 2018 | 2019 | 2020 | 2021 | 2022 | 2023 | 2024 | 2025,2012,2015,4,44,31233,2025,2596,Passat,Passat,,,Volkswagen,agreement,Passat,false,superseded_high_stock_reaudit,Latest-active reviewed MTO key; pass agreement is recomputed using case-insensitive model-family equivalence.,Reviewed two-pass MTO make/model inference using NCIC model-code abbreviations and NHTSA vPIC make/model examples (2026-08-12).
ontario_ministry_transport_vehicle_population,AUDI,A3P,PASSENGER,2014,2025,11,2014 | 2016 | 2017 | 2018 | 2019 | 2020 | 2021 | 2022 | 2023 | 2024 | 2025,2006,2025,18,150,24325,2025,2579,A3,A3,,,Audi,agreement,A3,false,superseded_high_stock_reaudit,Latest-active reviewed MTO key; pass agreement is recomputed using case-insensitive model-family equivalence.,Reviewed two-pass MTO make/model inference using NCIC model-code abbreviations and NHTSA vPIC make/model examples (2026-08-12).
ontario_ministry_transport_vehicle_population,HOND,CIL,PASSENGER,2014,2025,11,2014 | 2016 | 2017 | 2018 | 2019 | 2020 | 2021 | 2022 | 2023 | 2024 | 2025,2009,2011,3,32,28491,2025,2563,Civic,Civic,,,Honda,agreement,Civic,false,superseded_high_stock_reaudit,Latest-active reviewed MTO key; pass agreement is recomputed using case-insensitive model-family equivalence.,Reviewed two-pass MTO make/model inference using NCIC model-code abbreviations and NHTSA vPIC make/model examples (2026-08-12).
ontario_ministry_transport_vehicle_population,VOLK,CTS,PASSENGER,2014,2025,11,2014 | 2016 | 2017 | 2018 | 2019 | 2020 | 2021 | 2022 | 2023 | 2024 | 2025,1971,2025,12,91,45679,2025,2560,CC,CC,,Atlas | Taos | Cabriolet,Volkswagen,agreement,CC,false,superseded_high_stock_reaudit,Latest-active reviewed MTO key; pass agreement is recomputed using case-insensitive model-family equivalence.,Reviewed two-pass MTO make/model inference using NCIC model-code abbreviations and NHTSA vPIC make/model examples (2026-08-12).
ontario_ministry_transport_vehicle_population,HOND,ELE,PASSENGER,2014,2025,11,2014 | 2016 | 2017 | 2018 | 2019 | 2020 | 2021 | 2022 | 2023 | 2024 | 2025,2003,2011,9,99,44959,2025,2544,Element,Element,,,Honda,agreement,Element,false,superseded_high_stock_reaudit,Latest-active reviewed MTO key; pass agreement is recomputed using case-insensitive model-family equivalence.,Reviewed two-pass MTO make/model inference using NCIC model-code abbreviations and NHTSA vPIC make/model examples (2026-08-12).
ontario_ministry_transport_vehicle_population,KIA,RES,PASSENGER,2014,2025,11,2014 | 2016 | 2017 | 2018 | 2019 | 2020 | 2021 | 2022 | 2023 | 2024 | 2025,2013,2017,4,42,29948,2025,2542,Forte,Forte,,Rio | Sorento | Sportage,Kia,agreement,Forte,false,superseded_high_stock_reaudit,Latest-active reviewed MTO key; pass agreement is recomputed using case-insensitive model-family equivalence.,Reviewed two-pass MTO make/model inference using NCIC model-code abbreviations and NHTSA vPIC make/model examples (2026-08-12).
ontario_ministry_transport_vehicle_population,CHEV,BGG,PASSENGER,2016,2025,10,2016 | 2017 | 2018 | 2019 | 2020 | 2021 | 2022 | 2023 | 2024 | 2025,2016,2019,4,37,23735,2025,2541,Bolt EV,Bolt EV,,Blazer | Suburban | Volt,Chevrolet,agreement,Bolt EV,false,superseded_high_stock_reaudit,Latest-active reviewed MTO key; pass agreement is recomputed using case-insensitive model-family equivalence.,Reviewed two-pass MTO make/model inference using NCIC model-code abbreviations and NHTSA vPIC make/model examples (2026-08-12).
ontario_ministry_transport_vehicle_population,BMW,BX6,PASSENGER,2014,2025,11,2014 | 2016 | 2017 | 2018 | 2019 | 2020 | 2021 | 2022 | 2023 | 2024 | 2025,2008,2019,12,125,36215,2025,2534,X6,X6,,,BMW,agreement,X6,false,superseded_high_stock_reaudit,Latest-active reviewed MTO key; pass agreement is recomputed using case-insensitive model-family equivalence.,Reviewed two-pass MTO make/model inference using NCIC model-code abbreviations and NHTSA vPIC make/model examples (2026-08-12).
ontario_ministry_transport_vehicle_population,CHRY,2TR,PASSENGER,2014,2025,11,2014 | 2016 | 2017 | 2018 | 2019 | 2020 | 2021 | 2022 | 2023 | 2024 | 2025,2011,2014,4,44,36097,2025,2532,200,200,,Town and Country,Chrysler,agreement,200,false,superseded_high_stock_reaudit,Latest-active reviewed MTO key; pass agreement is recomputed using case-insensitive model-family equivalence.,Reviewed two-pass MTO make/model inference using NCIC model-code abbreviations and NHTSA vPIC make/model examples (2026-08-12).
ontario_ministry_transport_vehicle_population,TOYT,SXC,PASSENGER,2014,2025,11,2014 | 2016 | 2017 | 2018 | 2019 | 2020 | 2021 | 2022 | 2023 | 2024 | 2025,2005,2016,12,131,29578,2025,2512,Sienna,Sienna,,Sequoia | Camry | Tacoma,Toyota,agreement,Sienna,false,superseded_high_stock_reaudit,Latest-active reviewed MTO key; pass agreement is recomputed using case-insensitive model-family equivalence.,Reviewed two-pass MTO make/model inference using NCIC model-code abbreviations and NHTSA vPIC make/model examples (2026-08-12).
ontario_ministry_transport_vehicle_population,MERZ,MET,COMMERCIAL | PASSENGER,2016,2025,10,2016 | 2017 | 2018 | 2019 | 2020 | 2021 | 2022 | 2023 | 2024 | 2025,2016,2023,8,106,22203,2025,2505,Metris Cargo,Metris,"vPIC supports the model, but the Ontario abbreviation is not uniquely identifying.",,Mercedes-Benz,agreement,Metris,false,superseded_high_stock_reaudit,Latest-active reviewed MTO key; pass agreement is recomputed using case-insensitive model-family equivalence.,Reviewed two-pass MTO make/model inference using NCIC model-code abbreviations and NHTSA vPIC make/model examples (2026-08-12).
ontario_ministry_transport_vehicle_population,NISS,NNV,COMMERCIAL | PASSENGER,2014,2025,11,2014 | 2016 | 2017 | 2018 | 2019 | 2020 | 2021 | 2022 | 2023 | 2024 | 2025,2012,2021,10,164,27769,2025,2498,Versa,Versa,,NV200 | Titan | Sentra,Nissan,agreement,Versa,false,superseded_high_stock_reaudit,Latest-active reviewed MTO key; pass agreement is recomputed using case-insensitive model-family equivalence.,Reviewed two-pass MTO make/model inference using NCIC model-code abbreviations and NHTSA vPIC make/model examples (2026-08-12).
ontario_ministry_transport_vehicle_population,LEXS,ES,PASSENGER,2021,2025,5,2021 | 2022 | 2023 | 2024 | 2025,2016,2025,9,35,7178,2025,2494,ES,ES,,,Lexus,agreement,ES,false,superseded_high_stock_reaudit,Latest-active reviewed MTO key; pass agreement is recomputed using case-insensitive model-family equivalence.,Reviewed two-pass MTO make/model inference using NCIC model-code abbreviations and NHTSA vPIC make/model examples (2026-08-12).
ontario_ministry_transport_vehicle_population,TOYT,FJC,PASSENGER,2014,2025,11,2014 | 2016 | 2017 | 2018 | 2019 | 2020 | 2021 | 2022 | 2023 | 2024 | 2025,1978,2017,10,92,32277,2025,2494,FJ Cruiser,FJ Cruiser,,,Toyota,agreement,FJ Cruiser,false,superseded_high_stock_reaudit,Latest-active reviewed MTO key; pass agreement is recomputed using case-insensitive model-family equivalence.,Reviewed two-pass MTO make/model inference using NCIC model-code abbreviations and NHTSA vPIC make/model examples (2026-08-12).
ontario_ministry_transport_vehicle_population,SUBA,GUG,PASSENGER,2023,2025,3,2023 | 2024 | 2025,2024,2025,2,5,4772,2025,2491,Legacy,Legacy,,Outback | GL | GLF,Subaru,agreement,Legacy,false,superseded_high_stock_reaudit,Latest-active reviewed MTO key; pass agreement is recomputed using case-insensitive model-family equivalence.,Reviewed two-pass MTO make/model inference using NCIC model-code abbreviations and NHTSA vPIC make/model examples (2026-08-12).
ontario_ministry_transport_vehicle_population,BMW,XI5,PASSENGER,2014,2025,11,2014 | 2016 | 2017 | 2018 | 2019 | 2020 | 2021 | 2022 | 2023 | 2024 | 2025,2008,2016,9,98,36336,2025,2489,X5,X5,,,BMW,agreement,X5,false,superseded_high_stock_reaudit,Latest-active reviewed MTO key; pass agreement is recomputed using case-insensitive model-family equivalence.,Reviewed two-pass MTO make/model inference using NCIC model-code abbreviations and NHTSA vPIC make/model examples (2026-08-12).
ontario_ministry_transport_vehicle_population,KIA,NIH,PASSENGER,2019,2025,7,2019 | 2020 | 2021 | 2022 | 2023 | 2024 | 2025,2017,2022,6,37,16403,2025,2476,Niro,Niro,,,Kia,agreement,Niro,false,superseded_high_stock_reaudit,Latest-active reviewed MTO key; pass agreement is recomputed using case-insensitive model-family equivalence.,Reviewed two-pass MTO make/model inference using NCIC model-code abbreviations and NHTSA vPIC make/model examples (2026-08-12).
ontario_ministry_transport_vehicle_population,KIA,RBL,PASSENGER,2014,2025,11,2014 | 2016 | 2017 | 2018 | 2019 | 2020 | 2021 | 2022 | 2023 | 2024 | 2025,2007,2011,5,55,47237,2025,2437,Rio,Rio,,Rondo | Sorento | Soul,Kia,agreement,Rio,false,superseded_high_stock_reaudit,Latest-active reviewed MTO key; pass agreement is recomputed using case-insensitive model-family equivalence.,Reviewed two-pass MTO make/model inference using NCIC model-code abbreviations and NHTSA vPIC make/model examples (2026-08-12).
ontario_ministry_transport_vehicle_population,KIA,NCG,PASSENGER,2021,2025,5,2021 | 2022 | 2023 | 2024 | 2025,2022,2026,5,15,6439,2025,2405,Niro,Niro,,Stinger | Carnival,Kia,agreement,Niro,false,superseded_high_stock_reaudit,Latest-active reviewed MTO key; pass agreement is recomputed using case-insensitive model-family equivalence.,Reviewed two-pass MTO make/model inference using NCIC model-code abbreviations and NHTSA vPIC make/model examples (2026-08-12).
ontario_ministry_transport_vehicle_population,ACUR,AWT,PASSENGER,2014,2025,11,2014 | 2016 | 2017 | 2018 | 2019 | 2020 | 2021 | 2022 | 2023 | 2024 | 2025,2009,2014,6,66,31017,2025,2399,TL,TL,,,Acura,agreement,TL,false,superseded_high_stock_reaudit,Latest-active reviewed MTO key; pass agreement is recomputed using case-insensitive model-family equivalence.,Reviewed two-pass MTO make/model inference using NCIC model-code abbreviations and NHTSA vPIC make/model examples (2026-08-12).
ontario_ministry_transport_vehicle_population,HYUN,JEG,COMMERCIAL | PASSENGER,2022,2025,4,2022 | 2023 | 2024 | 2025,2022,2025,4,26,7241,2025,2399,Nexo,Nexo,,Venue | Santa Fe | Elantra,Hyundai,agreement,Nexo,false,superseded_high_stock_reaudit,Latest-active reviewed MTO key; pass agreement is recomputed using case-insensitive model-family equivalence.,Reviewed two-pass MTO make/model inference using NCIC model-code abbreviations and NHTSA vPIC make/model examples (2026-08-12).
ontario_ministry_transport_vehicle_population,CHEV,HHR,COMMERCIAL | PASSENGER,2014,2025,11,2014 | 2016 | 2017 | 2018 | 2019 | 2020 | 2021 | 2022 | 2023 | 2024 | 2025,2006,2011,6,96,57970,2025,2397,HHR,HHR,,,Chevrolet,agreement,HHR,false,superseded_high_stock_reaudit,Latest-active reviewed MTO key; pass agreement is recomputed using case-insensitive model-family equivalence.,Reviewed two-pass MTO make/model inference using NCIC model-code abbreviations and NHTSA vPIC make/model examples (2026-08-12).
ontario_ministry_transport_vehicle_population,FORD,STF,PASSENGER,2014,2025,11,2014 | 2016 | 2017 | 2018 | 2019 | 2020 | 2021 | 2022 | 2023 | 2024 | 2025,2007,2018,7,72,24954,2025,2396,STANDARD,Explorer,Code-to-name match is weak; selected from vPIC models with overlapping-year coverage.,T | STARLINER | Explorer,Ford,disagreement,,false,superseded_high_stock_reaudit,Latest-active reviewed MTO key; pass agreement is recomputed using case-insensitive model-family equivalence.,Reviewed two-pass MTO make/model inference using NCIC model-code abbreviations and NHTSA vPIC make/model examples (2026-08-12).
ontario_ministry_transport_vehicle_population,CHEV,C10,COMMERCIAL | PASSENGER,2014,2025,11,2014 | 2016 | 2017 | 2018 | 2019 | 2020 | 2021 | 2022 | 2023 | 2024 | 2025,1904,1997,51,954,25847,2025,2390,C10,Model unresolved,The Ontario abbreviation does not match a vPIC model closely enough.,,Chevrolet,disagreement,,false,superseded_high_stock_reaudit,Latest-active reviewed MTO key; pass agreement is recomputed using case-insensitive model-family equivalence.,Reviewed two-pass MTO make/model inference using NCIC model-code abbreviations and NHTSA vPIC make/model examples (2026-08-12).
ontario_ministry_transport_vehicle_population,INFI,QX8,PASSENGER,2014,2025,11,2014 | 2016 | 2017 | 2018 | 2019 | 2020 | 2021 | 2022 | 2023 | 2024 | 2025,2014,2026,13,86,16985,2025,2383,QX80,QX80,,,Infiniti,agreement,QX80,false,superseded_high_stock_reaudit,Latest-active reviewed MTO key; pass agreement is recomputed using case-insensitive model-family equivalence.,Reviewed two-pass MTO make/model inference using NCIC model-code abbreviations and NHTSA vPIC make/model examples (2026-08-12).
ontario_ministry_transport_vehicle_population,MERZ,MG3,PASSENGER,2014,2025,11,2014 | 2016 | 2017 | 2018 | 2019 | 2020 | 2021 | 2022 | 2023 | 2024 | 2025,2010,2016,7,76,36192,2025,2360,AMG A35,Model unresolved,The Ontario abbreviation does not match a vPIC model closely enough.,ML430 | ML350 | ML320,Mercedes-Benz,disagreement,,false,superseded_high_stock_reaudit,Latest-active reviewed MTO key; pass agreement is recomputed using case-insensitive model-family equivalence.,Reviewed two-pass MTO make/model inference using NCIC model-code abbreviations and NHTSA vPIC make/model examples (2026-08-12).
ontario_ministry_transport_vehicle_population,GMC,ENV,COMMERCIAL | PASSENGER,2014,2025,11,2014 | 2016 | 2017 | 2018 | 2019 | 2020 | 2021 | 2022 | 2023 | 2024 | 2025,1970,2009,10,117,76274,2025,2357,Envoy,Envoy,,,GMC,agreement,Envoy,false,superseded_high_stock_reaudit,Latest-active reviewed MTO key; pass agreement is recomputed using case-insensitive model-family equivalence.,Reviewed two-pass MTO make/model inference using NCIC model-code abbreviations and NHTSA vPIC make/model examples (2026-08-12).
ontario_ministry_transport_vehicle_population,JEEP,HJG,COMMERCIAL | PASSENGER,2019,2025,7,2019 | 2020 | 2021 | 2022 | 2023 | 2024 | 2025,2020,2024,5,47,11605,2025,2348,Wrangler,Wrangler,,Grand Cherokee | Renegade | Cherokee,Jeep,agreement,Wrangler,false,superseded_high_stock_reaudit,Latest-active reviewed MTO key; pass agreement is recomputed using case-insensitive model-family equivalence.,Reviewed two-pass MTO make/model inference using NCIC model-code abbreviations and NHTSA vPIC make/model examples (2026-08-12).
ontario_ministry_transport_vehicle_population,BMW,35I,PASSENGER,2014,2025,11,2014 | 2016 | 2017 | 2018 | 2019 | 2020 | 2021 | 2022 | 2023 | 2024 | 2025,2007,2015,9,99,32615,2025,2343,3 Series,Model unresolved,Ontario identifies only a vehicle family; vPIC does not support one unique model.,5 Series,BMW,disagreement,,false,superseded_high_stock_reaudit,Latest-active reviewed MTO key; pass agreement is recomputed using case-insensitive model-family equivalence.,Reviewed two-pass MTO make/model inference using NCIC model-code abbreviations and NHTSA vPIC make/model examples (2026-08-12).
ontario_ministry_transport_vehicle_population,CHEV,VKG,COMMERCIAL,2018,2025,8,2018 | 2019 | 2020 | 2021 | 2022 | 2023 | 2024 | 2025,2018,2019,2,16,17520,2025,2342,VEGA,Model unresolved,The Ontario abbreviation does not match a vPIC model closely enough.,,Chevrolet,disagreement,,false,superseded_high_stock_reaudit,Latest-active reviewed MTO key; pass agreement is recomputed using case-insensitive model-family equivalence.,Reviewed two-pass MTO make/model inference using NCIC model-code abbreviations and NHTSA vPIC make/model examples (2026-08-12).
ontario_ministry_transport_vehicle_population,LNDR,EXG,PASSENGER,2021,2025,5,2021 | 2022 | 2023 | 2024 | 2025,2020,2026,7,25,6488,2025,2327,Evoque,Range Rover Evoque,vPIC also supports Discovery; the code does not clearly distinguish them.,Defender | Discovery | Range Rover,Land Rover,agreement,Range Rover Evoque,false,superseded_high_stock_reaudit,Latest-active reviewed MTO key; pass agreement is recomputed using case-insensitive model-family equivalence.,Reviewed two-pass MTO make/model inference using NCIC model-code abbreviations and NHTSA vPIC make/model examples (2026-08-12).
ontario_ministry_transport_vehicle_population,HOND,FLS,PASSENGER,2014,2025,11,2014 | 2016 | 2017 | 2018 | 2019 | 2020 | 2021 | 2022 | 2023 | 2024 | 2025,2009,2014,5,55,28336,2025,2326,Fit,Fit,,Pilot | Ridgeline | Insight,Honda,agreement,Fit,false,superseded_high_stock_reaudit,Latest-active reviewed MTO key; pass agreement is recomputed using case-insensitive model-family equivalence.,Reviewed two-pass MTO make/model inference using NCIC model-code abbreviations and NHTSA vPIC make/model examples (2026-08-12).
ontario_ministry_transport_vehicle_population,PORS,24G,PASSENGER,2016,2025,10,2016 | 2017 | 2018 | 2019 | 2020 | 2021 | 2022 | 2023 | 2024 | 2025,2011,2026,13,83,13476,2025,2326,Panamera (tentative),Panamera,,Cayenne | Macan | Cayman,Porsche,agreement,Panamera,false,superseded_high_stock_reaudit,Latest-active reviewed MTO key; pass agreement is recomputed using case-insensitive model-family equivalence.,Reviewed two-pass MTO make/model inference using NCIC model-code abbreviations and NHTSA vPIC make/model examples (2026-08-12).
ontario_ministry_transport_vehicle_population,CHEV,UPL,COMMERCIAL | PASSENGER,2014,2025,11,2014 | 2016 | 2017 | 2018 | 2019 | 2020 | 2021 | 2022 | 2023 | 2024 | 2025,2005,2008,4,68,132937,2025,2315,Uplander,Uplander,,,Chevrolet,agreement,Uplander,false,superseded_high_stock_reaudit,Latest-active reviewed MTO key; pass agreement is recomputed using case-insensitive model-family equivalence.,Reviewed two-pass MTO make/model inference using NCIC model-code abbreviations and NHTSA vPIC make/model examples (2026-08-12).
ontario_ministry_transport_vehicle_population,MAZD,MX5,PASSENGER,2014,2025,11,2014 | 2016 | 2017 | 2018 | 2019 | 2020 | 2021 | 2022 | 2023 | 2024 | 2025,1989,2025,12,74,15927,2025,2309,MX-5,MX-5,,,Mazda,agreement,MX-5,false,superseded_high_stock_reaudit,Latest-active reviewed MTO key; pass agreement is recomputed using case-insensitive model-family equivalence.,Reviewed two-pass MTO make/model inference using NCIC model-code abbreviations and NHTSA vPIC make/model examples (2026-08-12).
ontario_ministry_transport_vehicle_population,SMRT,SMP,PASSENGER,2014,2025,11,2014 | 2016 | 2017 | 2018 | 2019 | 2020 | 2021 | 2022 | 2023 | 2024 | 2025,2008,2015,8,88,31784,2025,2289,fortwo (tentative),Fortwo,,PURE | PASSION,smart,agreement,Fortwo,false,superseded_high_stock_reaudit,Latest-active reviewed MTO key; pass agreement is recomputed using case-insensitive model-family equivalence.,Reviewed two-pass MTO make/model inference using NCIC model-code abbreviations and NHTSA vPIC make/model examples (2026-08-12).
ontario_ministry_transport_vehicle_population,BMW,JGG,PASSENGER,2019,2025,7,2019 | 2020 | 2021 | 2022 | 2023 | 2024 | 2025,2020,2022,3,18,12625,2025,2285,Z4 (tentative),Z4,,X7 | X6 | X5,BMW,agreement,Z4,false,superseded_high_stock_reaudit,Latest-active reviewed MTO key; pass agreement is recomputed using case-insensitive model-family equivalence.,Reviewed two-pass MTO make/model inference using NCIC model-code abbreviations and NHTSA vPIC make/model examples (2026-08-12).
ontario_ministry_transport_vehicle_population,HYUN,P3L,PASSENGER,2024,2025,2,2024 | 2025,2024,2025,2,4,3122,2025,2285,Palisade,Palisade,,,Hyundai,agreement,Palisade,false,superseded_high_stock_reaudit,Latest-active reviewed MTO key; pass agreement is recomputed using case-insensitive model-family equivalence.,Reviewed two-pass MTO make/model inference using NCIC model-code abbreviations and NHTSA vPIC make/model examples (2026-08-12).
ontario_ministry_transport_vehicle_population,INFI,EXA,PASSENGER,2014,2025,11,2014 | 2016 | 2017 | 2018 | 2019 | 2020 | 2021 | 2022 | 2023 | 2024 | 2025,2008,2012,5,55,31435,2025,2276,EX35,EX35,,,Infiniti,agreement,EX35,false,superseded_high_stock_reaudit,Latest-active reviewed MTO key; pass agreement is recomputed using case-insensitive model-family equivalence.,Reviewed two-pass MTO make/model inference using NCIC model-code abbreviations and NHTSA vPIC make/model examples (2026-08-12).
ontario_ministry_transport_vehicle_population,TOYT,CXL,PASSENGER,2014,2025,11,2014 | 2016 | 2017 | 2018 | 2019 | 2020 | 2021 | 2022 | 2023 | 2024 | 2025,1998,2001,3,33,65383,2025,2266,Celica,Celica,,Corolla | Camry | Tacoma,Toyota,agreement,Celica,false,superseded_high_stock_reaudit,Latest-active reviewed MTO key; pass agreement is recomputed using case-insensitive model-family equivalence.,Reviewed two-pass MTO make/model inference using NCIC model-code abbreviations and NHTSA vPIC make/model examples (2026-08-12).
ontario_ministry_transport_vehicle_population,HOND,COD,PASSENGER,2014,2025,11,2014 | 2016 | 2017 | 2018 | 2019 | 2020 | 2021 | 2022 | 2023 | 2024 | 2025,2008,2016,6,62,28954,2025,2252,Accord,Accord,,Odyssey,Honda,agreement,Accord,false,superseded_high_stock_reaudit,Latest-active reviewed MTO key; pass agreement is recomputed using case-insensitive model-family equivalence.,Reviewed two-pass MTO make/model inference using NCIC model-code abbreviations and NHTSA vPIC make/model examples (2026-08-12).
ontario_ministry_transport_vehicle_population,DODG,RMV,COMMERCIAL | PASSENGER,2014,2025,11,2014 | 2016 | 2017 | 2018 | 2019 | 2020 | 2021 | 2022 | 2023 | 2024 | 2025,1981,2012,24,528,35312,2025,2248,Ram Van 2500,Ram Van,"vPIC supports the model, but the Ontario abbreviation is not uniquely identifying.",Ram Van 1500,Dodge,agreement,Ram Van,false,superseded_high_stock_reaudit,Latest-active reviewed MTO key; pass agreement is recomputed using case-insensitive model-family equivalence.,Reviewed two-pass MTO make/model inference using NCIC model-code abbreviations and NHTSA vPIC make/model examples (2026-08-12).
ontario_ministry_transport_vehicle_population,SUBA,SWR,PASSENGER,2016,2025,10,2016 | 2017 | 2018 | 2019 | 2020 | 2021 | 2022 | 2023 | 2024 | 2025,2015,2021,7,59,16299,2025,2247,WRX,WRX,,,Subaru,agreement,WRX,false,superseded_high_stock_reaudit,Latest-active reviewed MTO key; pass agreement is recomputed using case-insensitive model-family equivalence.,Reviewed two-pass MTO make/model inference using NCIC model-code abbreviations and NHTSA vPIC make/model examples (2026-08-12).
ontario_ministry_transport_vehicle_population,MERZ,3GG,PASSENGER,2020,2025,6,2020 | 2021 | 2022 | 2023 | 2024 | 2025,2020,2022,3,17,10549,2025,2246,AMG GT,AMG GT,,G-Class | GLS-Class | GLE-Class,Mercedes-Benz,agreement,AMG GT,false,superseded_high_stock_reaudit,Latest-active reviewed MTO key; pass agreement is recomputed using case-insensitive model-family equivalence.,Reviewed two-pass MTO make/model inference using NCIC model-code abbreviations and NHTSA vPIC make/model examples (2026-08-12).
ontario_ministry_transport_vehicle_population,LEXS,I25,PASSENGER,2014,2025,11,2014 | 2016 | 2017 | 2018 | 2019 | 2020 | 2021 | 2022 | 2023 | 2024 | 2025,2006,2015,10,110,30343,2025,2241,IS,IS,,,Lexus,agreement,IS,false,superseded_high_stock_reaudit,Latest-active reviewed MTO key; pass agreement is recomputed using case-insensitive model-family equivalence.,Reviewed two-pass MTO make/model inference using NCIC model-code abbreviations and NHTSA vPIC make/model examples (2026-08-12).
ontario_ministry_transport_vehicle_population,DODG,CHR,PASSENGER,2014,2025,11,2014 | 2016 | 2017 | 2018 | 2019 | 2020 | 2021 | 2022 | 2023 | 2024 | 2025,1965,2023,38,386,22229,2025,2232,Charger,Charger,,,Dodge,agreement,Charger,false,superseded_high_stock_reaudit,Latest-active reviewed MTO key; pass agreement is recomputed using case-insensitive model-family equivalence.,Reviewed two-pass MTO make/model inference using NCIC model-code abbreviations and NHTSA vPIC make/model examples (2026-08-12).
ontario_ministry_transport_vehicle_population,CHEV,Z28,PASSENGER,2014,2025,11,2014 | 2016 | 2017 | 2018 | 2019 | 2020 | 2021 | 2022 | 2023 | 2024 | 2025,1956,2015,32,340,22298,2025,2222,Blazer,Blazer,,Cruze | TrailBlazer | Pickup 2500,Chevrolet,agreement,Blazer,false,superseded_high_stock_reaudit,Latest-active reviewed MTO key; pass agreement is recomputed using case-insensitive model-family equivalence.,Reviewed two-pass MTO make/model inference using NCIC model-code abbreviations and NHTSA vPIC make/model examples (2026-08-12).
ontario_ministry_transport_vehicle_population,TOYT,CEX,PASSENGER,2014,2025,11,2014 | 2016 | 2017 | 2018 | 2019 | 2020 | 2021 | 2022 | 2023 | 2024 | 2025,2007,2007,1,11,33171,2025,2221,Camry,Camry,,Corolla | FJ Cruiser | Land Cruiser,Toyota,agreement,Camry,false,superseded_high_stock_reaudit,Latest-active reviewed MTO key; pass agreement is recomputed using case-insensitive model-family equivalence.,Reviewed two-pass MTO make/model inference using NCIC model-code abbreviations and NHTSA vPIC make/model examples (2026-08-12).
ontario_ministry_transport_vehicle_population,TOYT,PRH,PASSENGER,2019,2025,7,2019 | 2020 | 2021 | 2022 | 2023 | 2024 | 2025,2017,2020,4,27,15399,2025,2217,Prius,Prius,,Prius c | Prius Prime | Prius v,Toyota,agreement,Prius,false,superseded_high_stock_reaudit,Latest-active reviewed MTO key; pass agreement is recomputed using case-insensitive model-family equivalence.,Reviewed two-pass MTO make/model inference using NCIC model-code abbreviations and NHTSA vPIC make/model examples (2026-08-12).
ontario_ministry_transport_vehicle_population,VOLK,C2T,PASSENGER,2014,2025,11,2014 | 2016 | 2017 | 2018 | 2019 | 2020 | 2021 | 2022 | 2023 | 2024 | 2025,2008,2024,10,76,20639,2025,2211,CC,CC,,Jetta | R32 | Tiguan,Volkswagen,agreement,CC,false,superseded_high_stock_reaudit,Latest-active reviewed MTO key; pass agreement is recomputed using case-insensitive model-family equivalence.,Reviewed two-pass MTO make/model inference using NCIC model-code abbreviations and NHTSA vPIC make/model examples (2026-08-12).
ontario_ministry_transport_vehicle_population,AUDI,4AG,PASSENGER,2021,2025,5,2021 | 2022 | 2023 | 2024 | 2025,2021,2025,5,19,6812,2025,2203,S4,S4,,A4,Audi,agreement,S4,false,superseded_high_stock_reaudit,Latest-active reviewed MTO key; pass agreement is recomputed using case-insensitive model-family equivalence.,Reviewed two-pass MTO make/model inference using NCIC model-code abbreviations and NHTSA vPIC make/model examples (2026-08-12).
ontario_ministry_transport_vehicle_population,BMW,5XI,PASSENGER,2014,2025,11,2014 | 2016 | 2017 | 2018 | 2019 | 2020 | 2021 | 2022 | 2023 | 2024 | 2025,2008,2016,8,87,31044,2025,2197,5 Series,X5,Generic Ontario code spans multiple vPIC models; this is the closest family match.,X5,BMW,disagreement,,false,superseded_high_stock_reaudit,Latest-active reviewed MTO key; pass agreement is recomputed using case-insensitive model-family equivalence.,Reviewed two-pass MTO make/model inference using NCIC model-code abbreviations and NHTSA vPIC make/model examples (2026-08-12).
ontario_ministry_transport_vehicle_population,TOYT,ECH,PASSENGER,2014,2025,11,2014 | 2016 | 2017 | 2018 | 2019 | 2020 | 2021 | 2022 | 2023 | 2024 | 2025,2000,2021,7,70,75183,2025,2186,Echo,Echo,,,Toyota,agreement,Echo,false,superseded_high_stock_reaudit,Latest-active reviewed MTO key; pass agreement is recomputed using case-insensitive model-family equivalence.,Reviewed two-pass MTO make/model inference using NCIC model-code abbreviations and NHTSA vPIC make/model examples (2026-08-12).
ontario_ministry_transport_vehicle_population,LEXS,GSA,PASSENGER,2014,2025,11,2014 | 2016 | 2017 | 2018 | 2019 | 2020 | 2021 | 2022 | 2023 | 2024 | 2025,2007,2019,12,125,24278,2025,2170,GS,GS,,,Lexus,agreement,GS,false,superseded_high_stock_reaudit,Latest-active reviewed MTO key; pass agreement is recomputed using case-insensitive model-family equivalence.,Reviewed two-pass MTO make/model inference using NCIC model-code abbreviations and NHTSA vPIC make/model examples (2026-08-12).
ontario_ministry_transport_vehicle_population,CADI,C/T,PASSENGER,2014,2025,11,2014 | 2016 | 2017 | 2018 | 2019 | 2020 | 2021 | 2022 | 2023 | 2024 | 2025,2003,2026,21,184,44420,2025,2161,CTS,CTS,,CT5 | CT4 | CT6,Cadillac,agreement,CTS,false,superseded_high_stock_reaudit,Latest-active reviewed MTO key; pass agreement is recomputed using case-insensitive model-family equivalence.,Reviewed two-pass MTO make/model inference using NCIC model-code abbreviations and NHTSA vPIC make/model examples (2026-08-12).
ontario_ministry_transport_vehicle_population,CHRY,PTC,PASSENGER,2014,2025,11,2014 | 2016 | 2017 | 2018 | 2019 | 2020 | 2021 | 2022 | 2023 | 2024 | 2025,2001,2010,10,110,76071,2025,2156,PT Cruiser,PT Cruiser,,,Chrysler,agreement,PT Cruiser,false,superseded_high_stock_reaudit,Latest-active reviewed MTO key; pass agreement is recomputed using case-insensitive model-family equivalence.,Reviewed two-pass MTO make/model inference using NCIC model-code abbreviations and NHTSA vPIC make/model examples (2026-08-12).
ontario_ministry_transport_vehicle_population,SUBA,O2L,PASSENGER,2014,2025,11,2014 | 2016 | 2017 | 2018 | 2019 | 2020 | 2021 | 2022 | 2023 | 2024 | 2025,2008,2014,7,77,28625,2025,2156,Forester,Forester,,Legacy/Outback | SOLTERRA | Crosstrek,Subaru,agreement,Forester,false,superseded_high_stock_reaudit,Latest-active reviewed MTO key; pass agreement is recomputed using case-insensitive model-family equivalence.,Reviewed two-pass MTO make/model inference using NCIC model-code abbreviations and NHTSA vPIC make/model examples (2026-08-12).
ontario_ministry_transport_vehicle_population,FORD,THU,PASSENGER,2014,2025,11,2014 | 2016 | 2017 | 2018 | 2019 | 2020 | 2021 | 2022 | 2023 | 2024 | 2025,1923,2005,47,511,24472,2025,2144,Thunderbird,Thunderbird,,,Ford,agreement,Thunderbird,false,superseded_high_stock_reaudit,Latest-active reviewed MTO key; pass agreement is recomputed using case-insensitive model-family equivalence.,Reviewed two-pass MTO make/model inference using NCIC model-code abbreviations and NHTSA vPIC make/model examples (2026-08-12).
ontario_ministry_transport_vehicle_population,BMW,7XI,PASSENGER,2020,2025,6,2020 | 2021 | 2022 | 2023 | 2024 | 2025,2017,2026,10,45,9182,2025,2141,740I,740i,,7 Series | 740 | X7,BMW,agreement,740i,false,superseded_high_stock_reaudit,Latest-active reviewed MTO key; pass agreement is recomputed using case-insensitive model-family equivalence.,Reviewed two-pass MTO make/model inference using NCIC model-code abbreviations and NHTSA vPIC make/model examples (2026-08-12).
ontario_ministry_transport_vehicle_population,TOYT,CEE,PASSENGER,2014,2025,11,2014 | 2016 | 2017 | 2018 | 2019 | 2020 | 2021 | 2022 | 2023 | 2024 | 2025,1999,2007,9,99,33756,2025,2139,CRESSIDA,Cressida,"Closest vPIC name match, but no sampled year-specific result corroborates it.",Celica | Camry | Corolla,Toyota,agreement,Cressida,false,superseded_high_stock_reaudit,Latest-active reviewed MTO key; pass agreement is recomputed using case-insensitive model-family equivalence.,Reviewed two-pass MTO make/model inference using NCIC model-code abbreviations and NHTSA vPIC make/model examples (2026-08-12).
ontario_ministry_transport_vehicle_population,PONT,MON,PASSENGER,2014,2025,11,2014 | 2016 | 2017 | 2018 | 2019 | 2020 | 2021 | 2022 | 2023 | 2024 | 2025,1970,2007,13,143,161759,2025,2134,Montana,Montana,,Monterey,Pontiac,agreement,Montana,false,superseded_high_stock_reaudit,Latest-active reviewed MTO key; pass agreement is recomputed using case-insensitive model-family equivalence.,Reviewed two-pass MTO make/model inference using NCIC model-code abbreviations and NHTSA vPIC make/model examples (2026-08-12).
ontario_ministry_transport_vehicle_population,CHRY,STO,PASSENGER,2014,2025,11,2014 | 2016 | 2017 | 2018 | 2019 | 2020 | 2021 | 2022 | 2023 | 2024 | 2025,2005,2010,6,66,57258,2025,2130,300 SRT8,300,vPIC also supports Town and Country; the code does not clearly distinguish them.,STRATUS | Town and Country,Chrysler,agreement,300,false,superseded_high_stock_reaudit,Latest-active reviewed MTO key; pass agreement is recomputed using case-insensitive model-family equivalence.,Reviewed two-pass MTO make/model inference using NCIC model-code abbreviations and NHTSA vPIC make/model examples (2026-08-12).
ontario_ministry_transport_vehicle_population,FORD,MHV,COMMERCIAL | PASSENGER,2014,2025,11,2014 | 2016 | 2017 | 2018 | 2019 | 2020 | 2021 | 2022 | 2023 | 2024 | 2025,1974,2025,21,248,9325,2025,2130,Maverick,Maverick,,,Ford,agreement,Maverick,false,superseded_high_stock_reaudit,Latest-active reviewed MTO key; pass agreement is recomputed using case-insensitive model-family equivalence.,Reviewed two-pass MTO make/model inference using NCIC model-code abbreviations and NHTSA vPIC make/model examples (2026-08-12).
ontario_ministry_transport_vehicle_population,TOYT,UVL,PASSENGER,2014,2025,11,2014 | 2016 | 2017 | 2018 | 2019 | 2020 | 2021 | 2022 | 2023 | 2024 | 2025,1998,2000,3,33,83156,2025,2128,Avalon,Avalon,,RAV4 | Land Cruiser | Supra,Toyota,agreement,Avalon,false,superseded_high_stock_reaudit,Latest-active reviewed MTO key; pass agreement is recomputed using case-insensitive model-family equivalence.,Reviewed two-pass MTO make/model inference using NCIC model-code abbreviations and NHTSA vPIC make/model examples (2026-08-12).
ontario_ministry_transport_vehicle_population,AUDI,Q7,PASSENGER,2022,2025,4,2022 | 2023 | 2024 | 2025,2007,2026,14,50,4240,2025,2121,Q7,Q7,,,Audi,agreement,Q7,false,superseded_high_stock_reaudit,Latest-active reviewed MTO key; pass agreement is recomputed using case-insensitive model-family equivalence.,Reviewed two-pass MTO make/model inference using NCIC model-code abbreviations and NHTSA vPIC make/model examples (2026-08-12).
ontario_ministry_transport_vehicle_population,HOND,USE,PASSENGER,2014,2025,11,2014 | 2016 | 2017 | 2018 | 2019 | 2020 | 2021 | 2022 | 2023 | 2024 | 2025,1983,2006,7,77,55377,2025,2115,Prelude,Prelude,,EV Plus | S2000 | Insight,Honda,agreement,Prelude,false,superseded_high_stock_reaudit,Latest-active reviewed MTO key; pass agreement is recomputed using case-insensitive model-family equivalence.,Reviewed two-pass MTO make/model inference using NCIC model-code abbreviations and NHTSA vPIC make/model examples (2026-08-12).
ontario_ministry_transport_vehicle_population,SUBA,25B,PASSENGER,2014,2025,11,2014 | 2016 | 2017 | 2018 | 2019 | 2020 | 2021 | 2022 | 2023 | 2024 | 2025,2005,2019,15,157,31217,2025,2103,BRZ,BRZ,,Baja | Tribeca,Subaru,agreement,BRZ,false,superseded_high_stock_reaudit,Latest-active reviewed MTO key; pass agreement is recomputed using case-insensitive model-family equivalence.,Reviewed two-pass MTO make/model inference using NCIC model-code abbreviations and NHTSA vPIC make/model examples (2026-08-12).
ontario_ministry_transport_vehicle_population,SUBA,25L,PASSENGER,2014,2025,11,2014 | 2016 | 2017 | 2018 | 2019 | 2020 | 2021 | 2022 | 2023 | 2024 | 2025,2005,2019,15,157,23426,2025,2101,Legacy,Legacy,,Legacy/Outback | GL | DL,Subaru,agreement,Legacy,false,superseded_high_stock_reaudit,Latest-active reviewed MTO key; pass agreement is recomputed using case-insensitive model-family equivalence.,Reviewed two-pass MTO make/model inference using NCIC model-code abbreviations and NHTSA vPIC make/model examples (2026-08-12).
ontario_ministry_transport_vehicle_population,TOYT,FRS,PASSENGER,2014,2025,11,2014 | 2016 | 2017 | 2018 | 2019 | 2020 | 2021 | 2022 | 2023 | 2024 | 2025,2013,2016,4,43,24837,2025,2093,FJ Cruiser,FJ Cruiser,,GR SUPRA | SUPRA | Yaris,Toyota,agreement,FJ Cruiser,false,superseded_high_stock_reaudit,Latest-active reviewed MTO key; pass agreement is recomputed using case-insensitive model-family equivalence.,Reviewed two-pass MTO make/model inference using NCIC model-code abbreviations and NHTSA vPIC make/model examples (2026-08-12).
ontario_ministry_transport_vehicle_population,AUDI,4PR,PASSENGER,2014,2025,11,2014 | 2016 | 2017 | 2018 | 2019 | 2020 | 2021 | 2022 | 2023 | 2024 | 2025,2009,2020,11,110,22738,2025,2091,S4,S4,,A4,Audi,agreement,S4,false,superseded_high_stock_reaudit,Latest-active reviewed MTO key; pass agreement is recomputed using case-insensitive model-family equivalence.,Reviewed two-pass MTO make/model inference using NCIC model-code abbreviations and NHTSA vPIC make/model examples (2026-08-12).
ontario_ministry_transport_vehicle_population,MERZ,C45,PASSENGER,2016,2025,10,2016 | 2017 | 2018 | 2019 | 2020 | 2021 | 2022 | 2023 | 2024 | 2025,2016,2020,5,44,22175,2025,2087,C450 AMG,Model unresolved,The Ontario abbreviation does not match a vPIC model closely enough.,AMG CLA45,Mercedes-Benz,disagreement,,false,superseded_high_stock_reaudit,Latest-active reviewed MTO key; pass agreement is recomputed using case-insensitive model-family equivalence.,Reviewed two-pass MTO make/model inference using NCIC model-code abbreviations and NHTSA vPIC make/model examples (2026-08-12).
ontario_ministry_transport_vehicle_population,DODG,CPO,PASSENGER,2014,2025,11,2014 | 2016 | 2017 | 2018 | 2019 | 2020 | 2021 | 2022 | 2023 | 2024 | 2025,2011,2023,12,103,19178,2025,2077,Durango,Durango,,Journey | Charger | Challenger,Dodge,agreement,Durango,false,superseded_high_stock_reaudit,Latest-active reviewed MTO key; pass agreement is recomputed using case-insensitive model-family equivalence.,Reviewed two-pass MTO make/model inference using NCIC model-code abbreviations and NHTSA vPIC make/model examples (2026-08-12).
ontario_ministry_transport_vehicle_population,TOYT,SXB,PASSENGER,2014,2025,11,2014 | 2016 | 2017 | 2018 | 2019 | 2020 | 2021 | 2022 | 2023 | 2024 | 2025,2004,2015,11,121,25724,2025,2072,Sienna,Sienna,,Sequoia | Matrix | Prius,Toyota,agreement,Sienna,false,superseded_high_stock_reaudit,Latest-active reviewed MTO key; pass agreement is recomputed using case-insensitive model-family equivalence.,Reviewed two-pass MTO make/model inference using NCIC model-code abbreviations and NHTSA vPIC make/model examples (2026-08-12).
ontario_ministry_transport_vehicle_population,LEXS,TX,PASSENGER,2023,2025,3,2023 | 2024 | 2025,2024,2026,3,5,3662,2025,2066,TX,TX,,,Lexus,agreement,TX,false,superseded_high_stock_reaudit,Latest-active reviewed MTO key; pass agreement is recomputed using case-insensitive model-family equivalence.,Reviewed two-pass MTO make/model inference using NCIC model-code abbreviations and NHTSA vPIC make/model examples (2026-08-12).
ontario_ministry_transport_vehicle_population,MERZ,C5M,PASSENGER,2014,2025,11,2014 | 2016 | 2017 | 2018 | 2019 | 2020 | 2021 | 2022 | 2023 | 2024 | 2025,2011,2012,2,22,27670,2025,2060,C55 AMG,Model unresolved,The Ontario abbreviation does not match a vPIC model closely enough.,CL55 AMG | CLS55 AMG,Mercedes-Benz,disagreement,,false,superseded_high_stock_reaudit,Latest-active reviewed MTO key; pass agreement is recomputed using case-insensitive model-family equivalence.,Reviewed two-pass MTO make/model inference using NCIC model-code abbreviations and NHTSA vPIC make/model examples (2026-08-12).
ontario_ministry_transport_vehicle_population,GMC,V2G,COMMERCIAL,2018,2025,8,2018 | 2019 | 2020 | 2021 | 2022 | 2023 | 2024 | 2025,2018,2019,2,16,14366,2025,2053,V2500,Model unresolved,The Ontario abbreviation does not match a vPIC model closely enough.,,GMC,disagreement,,false,superseded_high_stock_reaudit,Latest-active reviewed MTO key; pass agreement is recomputed using case-insensitive model-family equivalence.,Reviewed two-pass MTO make/model inference using NCIC model-code abbreviations and NHTSA vPIC make/model examples (2026-08-12).
ontario_ministry_transport_vehicle_population,MNNI,CTA,PASSENGER,2014,2025,11,2014 | 2016 | 2017 | 2018 | 2019 | 2020 | 2021 | 2022 | 2023 | 2024 | 2025,2011,2016,6,65,24121,2025,2053,Countryman,Countryman,,,MINI,agreement,Countryman,false,superseded_high_stock_reaudit,Latest-active reviewed MTO key; pass agreement is recomputed using case-insensitive model-family equivalence.,Reviewed two-pass MTO make/model inference using NCIC model-code abbreviations and NHTSA vPIC make/model examples (2026-08-12).
ontario_ministry_transport_vehicle_population,MERZ,S5A,PASSENGER,2014,2025,11,2014 | 2016 | 2017 | 2018 | 2019 | 2020 | 2021 | 2022 | 2023 | 2024 | 2025,2007,2020,14,143,24994,2025,2035,S65 AMG,Model unresolved,The Ontario abbreviation does not match a vPIC model closely enough.,S55 AMG | SL55 AMG | SLS AMG,Mercedes-Benz,disagreement,,false,superseded_high_stock_reaudit,Latest-active reviewed MTO key; pass agreement is recomputed using case-insensitive model-family equivalence.,Reviewed two-pass MTO make/model inference using NCIC model-code abbreviations and NHTSA vPIC make/model examples (2026-08-12).
ontario_ministry_transport_vehicle_population,ACUR,IWP,PASSENGER,2019,2025,7,2019 | 2020 | 2021 | 2022 | 2023 | 2024 | 2025,2016,2026,11,54,6162,2025,2032,ILX,ILX,,Integra | TLX | RLX,Acura,agreement,ILX,false,superseded_high_stock_reaudit,Latest-active reviewed MTO key; pass agreement is recomputed using case-insensitive model-family equivalence.,Reviewed two-pass MTO make/model inference using NCIC model-code abbreviations and NHTSA vPIC make/model examples (2026-08-12).
ontario_ministry_transport_vehicle_population,LINC,MKZ,PASSENGER,2014,2025,11,2014 | 2016 | 2017 | 2018 | 2019 | 2020 | 2021 | 2022 | 2023 | 2024 | 2025,2007,2019,11,110,29741,2025,2027,MKZ,MKZ,,,Lincoln,agreement,MKZ,false,superseded_high_stock_reaudit,Latest-active reviewed MTO key; pass agreement is recomputed using case-insensitive model-family equivalence.,Reviewed two-pass MTO make/model inference using NCIC model-code abbreviations and NHTSA vPIC make/model examples (2026-08-12).
ontario_ministry_transport_vehicle_population,INFI,IFX,PASSENGER,2014,2025,11,2014 | 2016 | 2017 | 2018 | 2019 | 2020 | 2021 | 2022 | 2023 | 2024 | 2025,2003,2013,11,121,36002,2025,2024,FX35,FX35,,FX45 | FX50 | FX37,Infiniti,agreement,FX35,false,superseded_high_stock_reaudit,Latest-active reviewed MTO key; pass agreement is recomputed using case-insensitive model-family equivalence.,Reviewed two-pass MTO make/model inference using NCIC model-code abbreviations and NHTSA vPIC make/model examples (2026-08-12).
ontario_ministry_transport_vehicle_population,VOLK,C36,PASSENGER,2017,2025,9,2017 | 2018 | 2019 | 2020 | 2021 | 2022 | 2023 | 2024 | 2025,2008,2024,9,63,13703,2025,2021,CC,CC,,R32,Volkswagen,agreement,CC,false,superseded_high_stock_reaudit,Latest-active reviewed MTO key; pass agreement is recomputed using case-insensitive model-family equivalence.,Reviewed two-pass MTO make/model inference using NCIC model-code abbreviations and NHTSA vPIC make/model examples (2026-08-12).
ontario_ministry_transport_vehicle_population,NISS,LFS,PASSENGER,2018,2025,8,2018 | 2019 | 2020 | 2021 | 2022 | 2023 | 2024 | 2025,2016,2024,8,47,15704,2025,1997,Leaf,Leaf,,LEAF,Nissan,agreement,Leaf,false,superseded_high_stock_reaudit,Latest-active reviewed MTO key; pass agreement is recomputed using case-insensitive model-family equivalence.,Reviewed two-pass MTO make/model inference using NCIC model-code abbreviations and NHTSA vPIC make/model examples (2026-08-12).
ontario_ministry_transport_vehicle_population,BMW,12I,PASSENGER,2014,2025,11,2014 | 2016 | 2017 | 2018 | 2019 | 2020 | 2021 | 2022 | 2023 | 2024 | 2025,2008,2013,6,66,23757,2025,1992,1 Series,Model unresolved,Ontario identifies only a vehicle family; vPIC does not support one unique model.,,BMW,disagreement,,false,superseded_high_stock_reaudit,Latest-active reviewed MTO key; pass agreement is recomputed using case-insensitive model-family equivalence.,Reviewed two-pass MTO make/model inference using NCIC model-code abbreviations and NHTSA vPIC make/model examples (2026-08-12).
ontario_ministry_transport_vehicle_population,BMW,MI5,PASSENGER,2016,2025,10,2016 | 2017 | 2018 | 2019 | 2020 | 2021 | 2022 | 2023 | 2024 | 2025,2015,2026,9,47,9956,2025,1988,M,i5,Code-to-name match is weak; selected from vPIC models with overlapping-year coverage.,i5,BMW,disagreement,,false,superseded_high_stock_reaudit,Latest-active reviewed MTO key; pass agreement is recomputed using case-insensitive model-family equivalence.,Reviewed two-pass MTO make/model inference using NCIC model-code abbreviations and NHTSA vPIC make/model examples (2026-08-12).
ontario_ministry_transport_vehicle_population,PORS,942,PASSENGER,2014,2025,11,2014 | 2016 | 2017 | 2018 | 2019 | 2020 | 2021 | 2022 | 2023 | 2024 | 2025,1965,2026,24,205,16466,2025,1988,928,928,,944 | 924 | 911,Porsche,agreement,928,false,superseded_high_stock_reaudit,Latest-active reviewed MTO key; pass agreement is recomputed using case-insensitive model-family equivalence.,Reviewed two-pass MTO make/model inference using NCIC model-code abbreviations and NHTSA vPIC make/model examples (2026-08-12).
ontario_ministry_transport_vehicle_population,CHRY,30C,PASSENGER,2014,2025,11,2014 | 2016 | 2017 | 2018 | 2019 | 2020 | 2021 | 2022 | 2023 | 2024 | 2025,1967,2017,14,151,34542,2025,1968,300,300,,,Chrysler,agreement,300,false,superseded_high_stock_reaudit,Latest-active reviewed MTO key; pass agreement is recomputed using case-insensitive model-family equivalence.,Reviewed two-pass MTO make/model inference using NCIC model-code abbreviations and NHTSA vPIC make/model examples (2026-08-12).
ontario_ministry_transport_vehicle_population,STRN,VUE,PASSENGER,2014,2025,11,2014 | 2016 | 2017 | 2018 | 2019 | 2020 | 2021 | 2022 | 2023 | 2024 | 2025,2002,2010,9,99,72467,2025,1967,Vue,Vue,,,Saturn,agreement,Vue,false,superseded_high_stock_reaudit,Latest-active reviewed MTO key; pass agreement is recomputed using case-insensitive model-family equivalence.,Reviewed two-pass MTO make/model inference using NCIC model-code abbreviations and NHTSA vPIC make/model examples (2026-08-12).
ontario_ministry_transport_vehicle_population,CHRY,20C,PASSENGER,2014,2025,11,2014 | 2016 | 2017 | 2018 | 2019 | 2020 | 2021 | 2022 | 2023 | 2024 | 2025,2015,2017,3,31,24123,2025,1961,200,200,,,Chrysler,agreement,200,false,superseded_high_stock_reaudit,Latest-active reviewed MTO key; pass agreement is recomputed using case-insensitive model-family equivalence.,Reviewed two-pass MTO make/model inference using NCIC model-code abbreviations and NHTSA vPIC make/model examples (2026-08-12).
ontario_ministry_transport_vehicle_population,HOND,CS3,PASSENGER,2014,2025,11,2014 | 2016 | 2017 | 2018 | 2019 | 2020 | 2021 | 2022 | 2023 | 2024 | 2025,2015,2015,1,11,20744,2025,1961,CR-Z,CR-Z,,CR-V | Civic | Crosstour,Honda,agreement,CR-Z,false,superseded_high_stock_reaudit,Latest-active reviewed MTO key; pass agreement is recomputed using case-insensitive model-family equivalence.,Reviewed two-pass MTO make/model inference using NCIC model-code abbreviations and NHTSA vPIC make/model examples (2026-08-12).
ontario_ministry_transport_vehicle_population,INFI,G35,PASSENGER,2014,2025,11,2014 | 2016 | 2017 | 2018 | 2019 | 2020 | 2021 | 2022 | 2023 | 2024 | 2025,2003,2008,6,66,43410,2025,1959,G35,G35,,,Infiniti,agreement,G35,false,superseded_high_stock_reaudit,Latest-active reviewed MTO key; pass agreement is recomputed using case-insensitive model-family equivalence.,Reviewed two-pass MTO make/model inference using NCIC model-code abbreviations and NHTSA vPIC make/model examples (2026-08-12).
ontario_ministry_transport_vehicle_population,MITS,MDE,PASSENGER,2014,2025,11,2014 | 2016 | 2017 | 2018 | 2019 | 2020 | 2021 | 2022 | 2023 | 2024 | 2025,1997,2020,11,109,18757,2025,1954,Mirage,Mirage,,Montero | Montero Sport | Diamante,Mitsubishi,agreement,Mirage,false,superseded_high_stock_reaudit,Latest-active reviewed MTO key; pass agreement is recomputed using case-insensitive model-family equivalence.,Reviewed two-pass MTO make/model inference using NCIC model-code abbreviations and NHTSA vPIC make/model examples (2026-08-12).
ontario_ministry_transport_vehicle_population,DODG,CHA,PASSENGER,2014,2025,11,2014 | 2016 | 2017 | 2018 | 2019 | 2020 | 2021 | 2022 | 2023 | 2024 | 2025,1919,2026,37,365,34970,2025,1926,Charger,Charger,,Challenger,Dodge,agreement,Charger,false,superseded_high_stock_reaudit,Latest-active reviewed MTO key; pass agreement is recomputed using case-insensitive model-family equivalence.,Reviewed two-pass MTO make/model inference using NCIC model-code abbreviations and NHTSA vPIC make/model examples (2026-08-12).
ontario_ministry_transport_vehicle_population,CHEV,S,COMMERCIAL,2014,2025,11,2014 | 2016 | 2017 | 2018 | 2019 | 2020 | 2021 | 2022 | 2023 | 2024 | 2025,1946,2004,31,341,40802,2025,1924,Suburban,Suburban,,Sprint | Sport Van | Silverado,Chevrolet,agreement,Suburban,false,superseded_high_stock_reaudit,Latest-active reviewed MTO key; pass agreement is recomputed using case-insensitive model-family equivalence.,Reviewed two-pass MTO make/model inference using NCIC model-code abbreviations and NHTSA vPIC make/model examples (2026-08-12).
ontario_ministry_transport_vehicle_population,VOLK,BTL,PASSENGER,2014,2025,11,2014 | 2016 | 2017 | 2018 | 2019 | 2020 | 2021 | 2022 | 2023 | 2024 | 2025,1952,2025,44,451,20515,2025,1924,Beetle,Beetle,,Atlas,Volkswagen,agreement,Beetle,false,superseded_high_stock_reaudit,Latest-active reviewed MTO key; pass agreement is recomputed using case-insensitive model-family equivalence.,Reviewed two-pass MTO make/model inference using NCIC model-code abbreviations and NHTSA vPIC make/model examples (2026-08-12).
ontario_ministry_transport_vehicle_population,CHEV,IMP,PASSENGER,2014,2025,11,2014 | 2016 | 2017 | 2018 | 2019 | 2020 | 2021 | 2022 | 2023 | 2024 | 2025,1919,2015,50,540,71548,2025,1915,Impala,Impala,,,Chevrolet,agreement,Impala,false,superseded_high_stock_reaudit,Latest-active reviewed MTO key; pass agreement is recomputed using case-insensitive model-family equivalence.,Reviewed two-pass MTO make/model inference using NCIC model-code abbreviations and NHTSA vPIC make/model examples (2026-08-12).
ontario_ministry_transport_vehicle_population,LEXS,RXH,PASSENGER,2014,2025,11,2014 | 2016 | 2017 | 2018 | 2019 | 2020 | 2021 | 2022 | 2023 | 2024 | 2025,2007,2021,6,41,19804,2025,1910,RX,RX,,,Lexus,agreement,RX,false,superseded_high_stock_reaudit,Latest-active reviewed MTO key; pass agreement is recomputed using case-insensitive model-family equivalence.,Reviewed two-pass MTO make/model inference using NCIC model-code abbreviations and NHTSA vPIC make/model examples (2026-08-12).
ontario_ministry_transport_vehicle_population,CADI,CT5,PASSENGER,2020,2025,6,2020 | 2021 | 2022 | 2023 | 2024 | 2025,2020,2026,7,27,7635,2025,1907,CT5,CT5,,,Cadillac,agreement,CT5,false,superseded_high_stock_reaudit,Latest-active reviewed MTO key; pass agreement is recomputed using case-insensitive model-family equivalence.,Reviewed two-pass MTO make/model inference using NCIC model-code abbreviations and NHTSA vPIC make/model examples (2026-08-12).
ontario_ministry_transport_vehicle_population,CHEV,NYG,COMMERCIAL,2019,2025,7,2019 | 2020 | 2021 | 2022 | 2023 | 2024 | 2025,2019,2026,8,35,6723,2025,1906,Sonic,Sonic,,Equinox | Suburban | Traverse,Chevrolet,agreement,Sonic,false,superseded_high_stock_reaudit,Latest-active reviewed MTO key; pass agreement is recomputed using case-insensitive model-family equivalence.,Reviewed two-pass MTO make/model inference using NCIC model-code abbreviations and NHTSA vPIC make/model examples (2026-08-12).
ontario_ministry_transport_vehicle_population,MAZD,MIS,PASSENGER,2014,2025,11,2014 | 2016 | 2017 | 2018 | 2019 | 2020 | 2021 | 2022 | 2023 | 2024 | 2025,1976,2005,7,77,20183,2025,1899,MISER,Model unresolved,The Ontario abbreviation does not match a vPIC model closely enough.,,Mazda,disagreement,,false,superseded_high_stock_reaudit,Latest-active reviewed MTO key; pass agreement is recomputed using case-insensitive model-family equivalence.,Reviewed two-pass MTO make/model inference using NCIC model-code abbreviations and NHTSA vPIC make/model examples (2026-08-12).
ontario_ministry_transport_vehicle_population,LEXS,E3H,PASSENGER,2014,2025,11,2014 | 2016 | 2017 | 2018 | 2019 | 2020 | 2021 | 2022 | 2023 | 2024 | 2025,2013,2020,8,75,19645,2025,1898,ES,ES,,,Lexus,agreement,ES,false,superseded_high_stock_reaudit,Latest-active reviewed MTO key; pass agreement is recomputed using case-insensitive model-family equivalence.,Reviewed two-pass MTO make/model inference using NCIC model-code abbreviations and NHTSA vPIC make/model examples (2026-08-12).
ontario_ministry_transport_vehicle_population,GENS,HCG,PASSENGER,2021,2025,5,2021 | 2022 | 2023 | 2024 | 2025,2021,2026,6,20,5685,2025,1867,G90,G90,,G80 | G70 | GV80,Genesis,agreement,G90,false,superseded_high_stock_reaudit,Latest-active reviewed MTO key; pass agreement is recomputed using case-insensitive model-family equivalence.,Reviewed two-pass MTO make/model inference using NCIC model-code abbreviations and NHTSA vPIC make/model examples (2026-08-12).
ontario_ministry_transport_vehicle_population,CHEV,CV2,PASSENGER,2016,2025,10,2016 | 2017 | 2018 | 2019 | 2020 | 2021 | 2022 | 2023 | 2024 | 2025,1968,2025,13,96,8966,2025,1865,Corvette,Corvette,,Chevette | Cavalier,Chevrolet,agreement,Corvette,false,superseded_high_stock_reaudit,Latest-active reviewed MTO key; pass agreement is recomputed using case-insensitive model-family equivalence.,Reviewed two-pass MTO make/model inference using NCIC model-code abbreviations and NHTSA vPIC make/model examples (2026-08-12).
ontario_ministry_transport_vehicle_population,CHEV,VTL,PASSENGER,2016,2025,10,2016 | 2017 | 2018 | 2019 | 2020 | 2021 | 2022 | 2023 | 2024 | 2025,2016,2019,4,37,17321,2025,1863,Volt,Volt,,Corvette,Chevrolet,agreement,Volt,false,superseded_high_stock_reaudit,Latest-active reviewed MTO key; pass agreement is recomputed using case-insensitive model-family equivalence.,Reviewed two-pass MTO make/model inference using NCIC model-code abbreviations and NHTSA vPIC make/model examples (2026-08-12).
ontario_ministry_transport_vehicle_population,DODG,NIT,PASSENGER,2014,2025,11,2014 | 2016 | 2017 | 2018 | 2019 | 2020 | 2021 | 2022 | 2023 | 2024 | 2025,2007,2011,5,55,42652,2025,1860,Nitro,Nitro,,,Dodge,agreement,Nitro,false,superseded_high_stock_reaudit,Latest-active reviewed MTO key; pass agreement is recomputed using case-insensitive model-family equivalence.,Reviewed two-pass MTO make/model inference using NCIC model-code abbreviations and NHTSA vPIC make/model examples (2026-08-12).
ontario_ministry_transport_vehicle_population,AUDI,CQ3,PASSENGER,2016,2025,10,2016 | 2017 | 2018 | 2019 | 2020 | 2021 | 2022 | 2023 | 2024 | 2025,2016,2018,3,29,17986,2025,1855,Q3,Q3,,,Audi,agreement,Q3,false,superseded_high_stock_reaudit,Latest-active reviewed MTO key; pass agreement is recomputed using case-insensitive model-family equivalence.,Reviewed two-pass MTO make/model inference using NCIC model-code abbreviations and NHTSA vPIC make/model examples (2026-08-12).
ontario_ministry_transport_vehicle_population,BUIC,RXL,PASSENGER,2014,2025,11,2014 | 2016 | 2017 | 2018 | 2019 | 2020 | 2021 | 2022 | 2023 | 2024 | 2025,2011,2020,4,35,22522,2025,1846,Regal,Regal,,,Buick,agreement,Regal,false,superseded_high_stock_reaudit,Latest-active reviewed MTO key; pass agreement is recomputed using case-insensitive model-family equivalence.,Reviewed two-pass MTO make/model inference using NCIC model-code abbreviations and NHTSA vPIC make/model examples (2026-08-12).
ontario_ministry_transport_vehicle_population,BUIC,VEC,PASSENGER,2014,2025,11,2014 | 2016 | 2017 | 2018 | 2019 | 2020 | 2021 | 2022 | 2023 | 2024 | 2025,2012,2015,4,44,22946,2025,1843,Verano,Verano,,,Buick,agreement,Verano,false,superseded_high_stock_reaudit,Latest-active reviewed MTO key; pass agreement is recomputed using case-insensitive model-family equivalence.,Reviewed two-pass MTO make/model inference using NCIC model-code abbreviations and NHTSA vPIC make/model examples (2026-08-12).
ontario_ministry_transport_vehicle_population,SUZI,GVT,PASSENGER,2014,2025,11,2014 | 2016 | 2017 | 2018 | 2019 | 2020 | 2021 | 2022 | 2023 | 2024 | 2025,1999,2013,15,165,39658,2025,1839,Grand Vitara,Grand Vitara,,,Suzuki,agreement,Grand Vitara,false,superseded_high_stock_reaudit,Latest-active reviewed MTO key; pass agreement is recomputed using case-insensitive model-family equivalence.,Reviewed two-pass MTO make/model inference using NCIC model-code abbreviations and NHTSA vPIC make/model examples (2026-08-12).
ontario_ministry_transport_vehicle_population,TOYT,COC,PASSENGER,2025,2025,1,2025,1973,2026,3,3,1838,2025,1838,Corolla Cross,Corolla Cross,,Crown | Corolla,Toyota,agreement,Corolla Cross,false,superseded_high_stock_reaudit,Latest-active reviewed MTO key; pass agreement is recomputed using case-insensitive model-family equivalence.,Reviewed two-pass MTO make/model inference using NCIC model-code abbreviations and NHTSA vPIC make/model examples (2026-08-12).
ontario_ministry_transport_vehicle_population,NISS,A5S,PASSENGER,2014,2025,11,2014 | 2016 | 2017 | 2018 | 2019 | 2020 | 2021 | 2022 | 2023 | 2024 | 2025,2008,2013,6,66,28520,2025,1827,Armada,Armada,,Altima | Versa | 350z,Nissan,agreement,Armada,false,superseded_high_stock_reaudit,Latest-active reviewed MTO key; pass agreement is recomputed using case-insensitive model-family equivalence.,Reviewed two-pass MTO make/model inference using NCIC model-code abbreviations and NHTSA vPIC make/model examples (2026-08-12).
ontario_ministry_transport_vehicle_population,MERZ,0JG,PASSENGER,2020,2025,6,2020 | 2021 | 2022 | 2023 | 2024 | 2025,2020,2023,4,21,7886,2025,1815,AMG GT,AMG GT,,G-Class | GLS-Class | GLE-Class,Mercedes-Benz,agreement,AMG GT,false,superseded_high_stock_reaudit,Latest-active reviewed MTO key; pass agreement is recomputed using case-insensitive model-family equivalence.,Reviewed two-pass MTO make/model inference using NCIC model-code abbreviations and NHTSA vPIC make/model examples (2026-08-12).
ontario_ministry_transport_vehicle_population,VOLV,S60,PASSENGER,2014,2025,11,2014 | 2016 | 2017 | 2018 | 2019 | 2020 | 2021 | 2022 | 2023 | 2024 | 2025,2001,2025,19,163,17182,2025,1805,S60,S60,,,Volvo,agreement,S60,false,superseded_high_stock_reaudit,Latest-active reviewed MTO key; pass agreement is recomputed using case-insensitive model-family equivalence.,Reviewed two-pass MTO make/model inference using NCIC model-code abbreviations and NHTSA vPIC make/model examples (2026-08-12).
ontario_ministry_transport_vehicle_population,SUBA,O6L,PASSENGER,2014,2025,11,2014 | 2016 | 2017 | 2018 | 2019 | 2020 | 2021 | 2022 | 2023 | 2024 | 2025,2010,2014,5,55,22365,2025,1802,Forester,Forester,,Legacy/Outback | SOLTERRA | Crosstrek,Subaru,agreement,Forester,false,superseded_high_stock_reaudit,Latest-active reviewed MTO key; pass agreement is recomputed using case-insensitive model-family equivalence.,Reviewed two-pass MTO make/model inference using NCIC model-code abbreviations and NHTSA vPIC make/model examples (2026-08-12).
ontario_ministry_transport_vehicle_population,BMW,89G,PASSENGER,2023,2025,3,2023 | 2024 | 2025,2023,2026,4,9,3765,2025,1798,8 Series,Model unresolved,Ontario identifies only a vehicle family; vPIC does not support one unique model.,M,BMW,disagreement,,false,superseded_high_stock_reaudit,Latest-active reviewed MTO key; pass agreement is recomputed using case-insensitive model-family equivalence.,Reviewed two-pass MTO make/model inference using NCIC model-code abbreviations and NHTSA vPIC make/model examples (2026-08-12).
ontario_ministry_transport_vehicle_population,HYUN,AGS,PASSENGER,2014,2025,11,2014 | 2016 | 2017 | 2018 | 2019 | 2020 | 2021 | 2022 | 2023 | 2024 | 2025,2000,2015,8,88,24203,2025,1797,Azera,Azera,,Accent | Sonata | Genesis,Hyundai,agreement,Azera,false,superseded_high_stock_reaudit,Latest-active reviewed MTO key; pass agreement is recomputed using case-insensitive model-family equivalence.,Reviewed two-pass MTO make/model inference using NCIC model-code abbreviations and NHTSA vPIC make/model examples (2026-08-12).
ontario_ministry_transport_vehicle_population,KIA,E5G,PASSENGER,2018,2025,8,2018 | 2019 | 2020 | 2021 | 2022 | 2023 | 2024 | 2025,2018,2023,6,38,12068,2025,1797,K5,K5,,,Kia,agreement,K5,false,superseded_high_stock_reaudit,Latest-active reviewed MTO key; pass agreement is recomputed using case-insensitive model-family equivalence.,Reviewed two-pass MTO make/model inference using NCIC model-code abbreviations and NHTSA vPIC make/model examples (2026-08-12).
ontario_ministry_transport_vehicle_population,TOYT,CSE,PASSENGER,2014,2025,11,2014 | 2016 | 2017 | 2018 | 2019 | 2020 | 2021 | 2022 | 2023 | 2024 | 2025,1992,2022,7,62,11678,2025,1797,Celica,Celica,,Cressida,Toyota,agreement,Celica,false,superseded_high_stock_reaudit,Latest-active reviewed MTO key; pass agreement is recomputed using case-insensitive model-family equivalence.,Reviewed two-pass MTO make/model inference using NCIC model-code abbreviations and NHTSA vPIC make/model examples (2026-08-12).
ontario_ministry_transport_vehicle_population,CHEV,SNS,PASSENGER,2014,2025,11,2014 | 2016 | 2017 | 2018 | 2019 | 2020 | 2021 | 2022 | 2023 | 2024 | 2025,2012,2020,6,59,23153,2025,1794,SS,SS,,Sonic,Chevrolet,agreement,SS,false,superseded_high_stock_reaudit,Latest-active reviewed MTO key; pass agreement is recomputed using case-insensitive model-family equivalence.,Reviewed two-pass MTO make/model inference using NCIC model-code abbreviations and NHTSA vPIC make/model examples (2026-08-12).
ontario_ministry_transport_vehicle_population,HYUN,ION,PASSENGER,2017,2025,9,2017 | 2018 | 2019 | 2020 | 2021 | 2022 | 2023 | 2024 | 2025,2017,2026,10,49,12284,2025,1788,Ioniq,Ioniq,,Ioniq 5 | Ioniq 9,Hyundai,agreement,Ioniq,false,superseded_high_stock_reaudit,Latest-active reviewed MTO key; pass agreement is recomputed using case-insensitive model-family equivalence.,Reviewed two-pass MTO make/model inference using NCIC model-code abbreviations and NHTSA vPIC make/model examples (2026-08-12).
ontario_ministry_transport_vehicle_population,ACUR,CDX,PASSENGER,2016,2025,10,2016 | 2017 | 2018 | 2019 | 2020 | 2021 | 2022 | 2023 | 2024 | 2025,2016,2018,3,28,17618,2025,1787,RDX,RDX,,MDX | RLX,Acura,agreement,RDX,false,superseded_high_stock_reaudit,Latest-active reviewed MTO key; pass agreement is recomputed using case-insensitive model-family equivalence.,Reviewed two-pass MTO make/model inference using NCIC model-code abbreviations and NHTSA vPIC make/model examples (2026-08-12).
ontario_ministry_transport_vehicle_population,PONT,GRA,PASSENGER,2014,2025,11,2014 | 2016 | 2017 | 2018 | 2019 | 2020 | 2021 | 2022 | 2023 | 2024 | 2025,1960,2012,40,440,58491,2025,1776,Grand Am,Grand AM,,Grand Prix,Pontiac,agreement,Grand AM,false,superseded_high_stock_reaudit,Latest-active reviewed MTO key; pass agreement is recomputed using case-insensitive model-family equivalence.,Reviewed two-pass MTO make/model inference using NCIC model-code abbreviations and NHTSA vPIC make/model examples (2026-08-12).
ontario_ministry_transport_vehicle_population,SUBA,BRP,PASSENGER,2017,2025,9,2017 | 2018 | 2019 | 2020 | 2021 | 2022 | 2023 | 2024 | 2025,2013,2025,12,79,6424,2025,1767,BRZ,BRZ,,,Subaru,agreement,BRZ,false,superseded_high_stock_reaudit,Latest-active reviewed MTO key; pass agreement is recomputed using case-insensitive model-family equivalence.,Reviewed two-pass MTO make/model inference using NCIC model-code abbreviations and NHTSA vPIC make/model examples (2026-08-12).
ontario_ministry_transport_vehicle_population,VOLK,JSP,PASSENGER,2016,2025,10,2016 | 2017 | 2018 | 2019 | 2020 | 2021 | 2022 | 2023 | 2024 | 2025,2016,2017,2,20,16958,2025,1767,TRANSPORTER VAN,Passat,vPIC also supports Eos; the code does not clearly distinguish them.,Jetta | Eos | Passat,Volkswagen,disagreement,,false,superseded_high_stock_reaudit,Latest-active reviewed MTO key; pass agreement is recomputed using case-insensitive model-family equivalence.,Reviewed two-pass MTO make/model inference using NCIC model-code abbreviations and NHTSA vPIC make/model examples (2026-08-12).
ontario_ministry_transport_vehicle_population,BMW,325,PASSENGER,2014,2025,11,2014 | 2016 | 2017 | 2018 | 2019 | 2020 | 2021 | 2022 | 2023 | 2024 | 2025,1977,2011,21,228,39121,2025,1750,325,325i,"vPIC supports the model, but the Ontario abbreviation is not uniquely identifying.",,BMW,agreement,325i,false,superseded_high_stock_reaudit,Latest-active reviewed MTO key; pass agreement is recomputed using case-insensitive model-family equivalence.,Reviewed two-pass MTO make/model inference using NCIC model-code abbreviations and NHTSA vPIC make/model examples (2026-08-12).
ontario_ministry_transport_vehicle_population,HYUN,ELA,PASSENGER,2014,2025,11,2014 | 2016 | 2017 | 2018 | 2019 | 2020 | 2021 | 2022 | 2023 | 2024 | 2025,1992,2026,27,225,30080,2025,1739,Elantra,Elantra,,,Hyundai,agreement,Elantra,false,superseded_high_stock_reaudit,Latest-active reviewed MTO key; pass agreement is recomputed using case-insensitive model-family equivalence.,Reviewed two-pass MTO make/model inference using NCIC model-code abbreviations and NHTSA vPIC make/model examples (2026-08-12).
ontario_ministry_transport_vehicle_population,HOND,FIS,PASSENGER,2014,2025,11,2014 | 2016 | 2017 | 2018 | 2019 | 2020 | 2021 | 2022 | 2023 | 2024 | 2025,2007,2013,7,77,26653,2025,1737,Fit,Fit,,,Honda,agreement,Fit,false,superseded_high_stock_reaudit,Latest-active reviewed MTO key; pass agreement is recomputed using case-insensitive model-family equivalence.,Reviewed two-pass MTO make/model inference using NCIC model-code abbreviations and NHTSA vPIC make/model examples (2026-08-12).
ontario_ministry_transport_vehicle_population,MAZD,6TR,PASSENGER,2014,2025,11,2014 | 2016 | 2017 | 2018 | 2019 | 2020 | 2021 | 2022 | 2023 | 2024 | 2025,2014,2016,3,32,18762,2025,1737,Mazda6,Mazda6,,,Mazda,agreement,Mazda6,false,superseded_high_stock_reaudit,Latest-active reviewed MTO key; pass agreement is recomputed using case-insensitive model-family equivalence.,Reviewed two-pass MTO make/model inference using NCIC model-code abbreviations and NHTSA vPIC make/model examples (2026-08-12).
ontario_ministry_transport_vehicle_population,RAM,RVA,COMMERCIAL,2014,2025,11,2014 | 2016 | 2017 | 2018 | 2019 | 2020 | 2021 | 2022 | 2023 | 2024 | 2025,2013,2015,3,33,25628,2025,1736,RAM MPV CARGO VAN,Cargo Van,"vPIC supports the model, but the Ontario abbreviation is not uniquely identifying.",Promaster City | C/V,Ram,agreement,Cargo Van,false,superseded_high_stock_reaudit,Latest-active reviewed MTO key; pass agreement is recomputed using case-insensitive model-family equivalence.,Reviewed two-pass MTO make/model inference using NCIC model-code abbreviations and NHTSA vPIC make/model examples (2026-08-12).
ontario_ministry_transport_vehicle_population,ACUR,32T,PASSENGER,2014,2025,11,2014 | 2016 | 2017 | 2018 | 2019 | 2020 | 2021 | 2022 | 2023 | 2024 | 2025,1996,2006,9,99,52086,2025,1733,TL,TL,,3.2TL,Acura,agreement,TL,false,superseded_high_stock_reaudit,Latest-active reviewed MTO key; pass agreement is recomputed using case-insensitive model-family equivalence.,Reviewed two-pass MTO make/model inference using NCIC model-code abbreviations and NHTSA vPIC make/model examples (2026-08-12).
ontario_ministry_transport_vehicle_population,HYUN,TLS,PASSENGER,2014,2025,11,2014 | 2016 | 2017 | 2018 | 2019 | 2020 | 2021 | 2022 | 2023 | 2024 | 2025,2011,2011,1,11,24716,2025,1733,Tucson,Tucson,,Sonata | Santa Fe | Elantra,Hyundai,agreement,Tucson,false,superseded_high_stock_reaudit,Latest-active reviewed MTO key; pass agreement is recomputed using case-insensitive model-family equivalence.,Reviewed two-pass MTO make/model inference using NCIC model-code abbreviations and NHTSA vPIC make/model examples (2026-08-12).
ontario_ministry_transport_vehicle_population,CHEV,MAL,PASSENGER,2014,2025,11,2014 | 2016 | 2017 | 2018 | 2019 | 2020 | 2021 | 2022 | 2023 | 2024 | 2025,1919,2025,43,420,63528,2025,1732,Malibu,Malibu,,,Chevrolet,agreement,Malibu,false,superseded_high_stock_reaudit,Latest-active reviewed MTO key; pass agreement is recomputed using case-insensitive model-family equivalence.,Reviewed two-pass MTO make/model inference using NCIC model-code abbreviations and NHTSA vPIC make/model examples (2026-08-12).
ontario_ministry_transport_vehicle_population,BMW,YJG,PASSENGER,2018,2025,8,2018 | 2019 | 2020 | 2021 | 2022 | 2023 | 2024 | 2025,2018,2022,5,33,12351,2025,1727,X6 (tentative),X6,,X5 | X4 | X3,BMW,agreement,X6,false,superseded_high_stock_reaudit,Latest-active reviewed MTO key; pass agreement is recomputed using case-insensitive model-family equivalence.,Reviewed two-pass MTO make/model inference using NCIC model-code abbreviations and NHTSA vPIC make/model examples (2026-08-12).
ontario_ministry_transport_vehicle_population,MERC,MGL,PASSENGER,2014,2025,11,2014 | 2016 | 2017 | 2018 | 2019 | 2020 | 2021 | 2022 | 2023 | 2024 | 2025,1972,2011,25,275,34770,2025,1727,Montego,Montego,,Monterey | Milan,Mercury,agreement,Montego,false,superseded_high_stock_reaudit,Latest-active reviewed MTO key; pass agreement is recomputed using case-insensitive model-family equivalence.,Reviewed two-pass MTO make/model inference using NCIC model-code abbreviations and NHTSA vPIC make/model examples (2026-08-12).
ontario_ministry_transport_vehicle_population,MERZ,3FG,PASSENGER,2019,2025,7,2019 | 2020 | 2021 | 2022 | 2023 | 2024 | 2025,2019,2020,2,14,12208,2025,1724,AMG GT,AMG GT,,G-Class | GLS-Class | GLE-Class,Mercedes-Benz,agreement,AMG GT,false,superseded_high_stock_reaudit,Latest-active reviewed MTO key; pass agreement is recomputed using case-insensitive model-family equivalence.,Reviewed two-pass MTO make/model inference using NCIC model-code abbreviations and NHTSA vPIC make/model examples (2026-08-12).
ontario_ministry_transport_vehicle_population,MERZ,CWC,PASSENGER,2014,2025,11,2014 | 2016 | 2017 | 2018 | 2019 | 2020 | 2021 | 2022 | 2023 | 2024 | 2025,2012,2014,3,33,21591,2025,1719,C-Class,C-Class,,CL-Class | CLS-Class | CLA-Class,Mercedes-Benz,agreement,C-Class,false,superseded_high_stock_reaudit,Latest-active reviewed MTO key; pass agreement is recomputed using case-insensitive model-family equivalence.,Reviewed two-pass MTO make/model inference using NCIC model-code abbreviations and NHTSA vPIC make/model examples (2026-08-12).
ontario_ministry_transport_vehicle_population,TOYT,CEC,PASSENGER,2014,2025,11,2014 | 2016 | 2017 | 2018 | 2019 | 2020 | 2021 | 2022 | 2023 | 2024 | 2025,1972,2005,10,110,38710,2025,1717,Celica,Celica,,Echo | Cressida | Corolla,Toyota,agreement,Celica,false,superseded_high_stock_reaudit,Latest-active reviewed MTO key; pass agreement is recomputed using case-insensitive model-family equivalence.,Reviewed two-pass MTO make/model inference using NCIC model-code abbreviations and NHTSA vPIC make/model examples (2026-08-12).
ontario_ministry_transport_vehicle_population,FIAT,50L,PASSENGER,2014,2025,11,2014 | 2016 | 2017 | 2018 | 2019 | 2020 | 2021 | 2022 | 2023 | 2024 | 2025,1965,2018,11,115,19715,2025,1700,500 L,500L,,,FIAT,agreement,500L,false,superseded_high_stock_reaudit,Latest-active reviewed MTO key; pass agreement is recomputed using case-insensitive model-family equivalence.,Reviewed two-pass MTO make/model inference using NCIC model-code abbreviations and NHTSA vPIC make/model examples (2026-08-12).
ontario_ministry_transport_vehicle_population,INFI,AWD,PASSENGER,2014,2025,11,2014 | 2016 | 2017 | 2018 | 2019 | 2020 | 2021 | 2022 | 2023 | 2024 | 2025,2004,2008,5,55,40488,2025,1700,QX56 (tentative),QX56,,G35 | FX45 | FX35,Infiniti,agreement,QX56,false,superseded_high_stock_reaudit,Latest-active reviewed MTO key; pass agreement is recomputed using case-insensitive model-family equivalence.,Reviewed two-pass MTO make/model inference using NCIC model-code abbreviations and NHTSA vPIC make/model examples (2026-08-12).
ontario_ministry_transport_vehicle_population,VOLK,JSI,PASSENGER,2014,2025,11,2014 | 2016 | 2017 | 2018 | 2019 | 2020 | 2021 | 2022 | 2023 | 2024 | 2025,1999,2005,7,77,41693,2025,1700,Jetta,Jetta,,Passat | Golf/GTI,Volkswagen,agreement,Jetta,false,superseded_high_stock_reaudit,Latest-active reviewed MTO key; pass agreement is recomputed using case-insensitive model-family equivalence.,Reviewed two-pass MTO make/model inference using NCIC model-code abbreviations and NHTSA vPIC make/model examples (2026-08-12).
ontario_ministry_transport_vehicle_population,AUDI,C4G,PASSENGER,2016,2025,10,2016 | 2017 | 2018 | 2019 | 2020 | 2021 | 2022 | 2023 | 2024 | 2025,2017,2019,3,26,16224,2025,1695,A4,A4,,S4,Audi,agreement,A4,false,superseded_high_stock_reaudit,Latest-active reviewed MTO key; pass agreement is recomputed using case-insensitive model-family equivalence.,Reviewed two-pass MTO make/model inference using NCIC model-code abbreviations and NHTSA vPIC make/model examples (2026-08-12).
ontario_ministry_transport_vehicle_population,LEXS,A35,PASSENGER,2014,2025,11,2014 | 2016 | 2017 | 2018 | 2019 | 2020 | 2021 | 2022 | 2023 | 2024 | 2025,2011,2017,7,75,19295,2025,1695,RX,RX,,ES | GS | NX,Lexus,agreement,RX,false,superseded_high_stock_reaudit,Latest-active reviewed MTO key; pass agreement is recomputed using case-insensitive model-family equivalence.,Reviewed two-pass MTO make/model inference using NCIC model-code abbreviations and NHTSA vPIC make/model examples (2026-08-12).
ontario_ministry_transport_vehicle_population,AUDI,A6,PASSENGER,2019,2025,7,2019 | 2020 | 2021 | 2022 | 2023 | 2024 | 2025,1995,2026,23,134,7147,2025,1693,A6,A6,,,Audi,agreement,A6,false,superseded_high_stock_reaudit,Latest-active reviewed MTO key; pass agreement is recomputed using case-insensitive model-family equivalence.,Reviewed two-pass MTO make/model inference using NCIC model-code abbreviations and NHTSA vPIC make/model examples (2026-08-12).
ontario_ministry_transport_vehicle_population,MNNI,23G,PASSENGER,2024,2025,2,2024 | 2025,2022,2026,5,9,2313,2025,1688,Clubman (tentative),Clubman,,John Cooper Works | Countryman | Cooper,MINI,agreement,Clubman,false,superseded_high_stock_reaudit,Latest-active reviewed MTO key; pass agreement is recomputed using case-insensitive model-family equivalence.,Reviewed two-pass MTO make/model inference using NCIC model-code abbreviations and NHTSA vPIC make/model examples (2026-08-12).
ontario_ministry_transport_vehicle_population,STRN,SI2,PASSENGER,2014,2025,11,2014 | 2016 | 2017 | 2018 | 2019 | 2020 | 2021 | 2022 | 2023 | 2024 | 2025,2003,2007,5,55,56491,2025,1686,SKY,Sky,,L100/200 | Ion | Aura,Saturn,agreement,Sky,false,superseded_high_stock_reaudit,Latest-active reviewed MTO key; pass agreement is recomputed using case-insensitive model-family equivalence.,Reviewed two-pass MTO make/model inference using NCIC model-code abbreviations and NHTSA vPIC make/model examples (2026-08-12).
ontario_ministry_transport_vehicle_population,CHRY,SLT,PASSENGER,2014,2025,11,2014 | 2016 | 2017 | 2018 | 2019 | 2020 | 2021 | 2022 | 2023 | 2024 | 2025,1995,2010,11,121,29384,2025,1665,300 SRT8,300,"vPIC supports the model, but the Ontario abbreviation is not uniquely identifying.",SRT 8,Chrysler,agreement,300,false,superseded_high_stock_reaudit,Latest-active reviewed MTO key; pass agreement is recomputed using case-insensitive model-family equivalence.,Reviewed two-pass MTO make/model inference using NCIC model-code abbreviations and NHTSA vPIC make/model examples (2026-08-12).
ontario_ministry_transport_vehicle_population,LEXS,E33,PASSENGER,2014,2025,11,2014 | 2016 | 2017 | 2018 | 2019 | 2020 | 2021 | 2022 | 2023 | 2024 | 2025,2004,2006,3,33,26123,2025,1662,ES330,ES,Code-to-name match is weak; selected from vPIC models with overlapping-year coverage.,ES,Lexus,agreement,ES,false,superseded_high_stock_reaudit,Latest-active reviewed MTO key; pass agreement is recomputed using case-insensitive model-family equivalence.,Reviewed two-pass MTO make/model inference using NCIC model-code abbreviations and NHTSA vPIC make/model examples (2026-08-12).
ontario_ministry_transport_vehicle_population,ACUR,I2P,PASSENGER,2014,2025,11,2014 | 2016 | 2017 | 2018 | 2019 | 2020 | 2021 | 2022 | 2023 | 2024 | 2025,2013,2015,3,33,18225,2025,1661,ILX,ILX,,RLX | TLX,Acura,agreement,ILX,false,superseded_high_stock_reaudit,Latest-active reviewed MTO key; pass agreement is recomputed using case-insensitive model-family equivalence.,Reviewed two-pass MTO make/model inference using NCIC model-code abbreviations and NHTSA vPIC make/model examples (2026-08-12).
ontario_ministry_transport_vehicle_population,VOLK,JSG,PASSENGER,2016,2025,10,2016 | 2017 | 2018 | 2019 | 2020 | 2021 | 2022 | 2023 | 2024 | 2025,2016,2024,7,50,12314,2025,1658,Jetta,Jetta,,Tiguan | GLI | Passat,Volkswagen,agreement,Jetta,false,superseded_high_stock_reaudit,Latest-active reviewed MTO key; pass agreement is recomputed using case-insensitive model-family equivalence.,Reviewed two-pass MTO make/model inference using NCIC model-code abbreviations and NHTSA vPIC make/model examples (2026-08-12).
ontario_ministry_transport_vehicle_population,HYUN,ASG,PASSENGER,2014,2025,11,2014 | 2016 | 2017 | 2018 | 2019 | 2020 | 2021 | 2022 | 2023 | 2024 | 2025,2013,2015,3,33,20505,2025,1656,Azera,Azera,,Accent | Sonata | Santa Fe,Hyundai,agreement,Azera,false,superseded_high_stock_reaudit,Latest-active reviewed MTO key; pass agreement is recomputed using case-insensitive model-family equivalence.,Reviewed two-pass MTO make/model inference using NCIC model-code abbreviations and NHTSA vPIC make/model examples (2026-08-12).
ontario_ministry_transport_vehicle_population,KIA,NEG,PASSENGER,2021,2025,5,2021 | 2022 | 2023 | 2024 | 2025,2022,2026,5,15,4051,2025,1645,Niro,Niro,,EV6 | Stinger | Seltos,Kia,agreement,Niro,false,superseded_high_stock_reaudit,Latest-active reviewed MTO key; pass agreement is recomputed using case-insensitive model-family equivalence.,Reviewed two-pass MTO make/model inference using NCIC model-code abbreviations and NHTSA vPIC make/model examples (2026-08-12).
ontario_ministry_transport_vehicle_population,KIA,RHL,PASSENGER,2022,2025,4,2022 | 2023 | 2024 | 2025,2022,2026,5,13,2980,2025,1645,Carnival,Carnival,,Rio | Niro | Seltos,Kia,agreement,Carnival,false,superseded_high_stock_reaudit,Latest-active reviewed MTO key; pass agreement is recomputed using case-insensitive model-family equivalence.,Reviewed two-pass MTO make/model inference using NCIC model-code abbreviations and NHTSA vPIC make/model examples (2026-08-12).
ontario_ministry_transport_vehicle_population,VOLK,GSL,PASSENGER,2016,2025,10,2016 | 2017 | 2018 | 2019 | 2020 | 2021 | 2022 | 2023 | 2024 | 2025,2016,2018,3,29,15326,2025,1644,GOLF,Golf,,GOLF R | E-GOLF | GOLF ALLTRACK,Volkswagen,agreement,Golf,false,superseded_high_stock_reaudit,Latest-active reviewed MTO key; pass agreement is recomputed using case-insensitive model-family equivalence.,Reviewed two-pass MTO make/model inference using NCIC model-code abbreviations and NHTSA vPIC make/model examples (2026-08-12).
ontario_ministry_transport_vehicle_population,CADI,CLA,PASSENGER,2014,2025,11,2014 | 2016 | 2017 | 2018 | 2019 | 2020 | 2021 | 2022 | 2023 | 2024 | 2025,1965,2026,20,162,15238,2025,1639,Escalade,Escalade,,Catera | CALAIS | CELESTIQ,Cadillac,agreement,Escalade,false,superseded_high_stock_reaudit,Latest-active reviewed MTO key; pass agreement is recomputed using case-insensitive model-family equivalence.,Reviewed two-pass MTO make/model inference using NCIC model-code abbreviations and NHTSA vPIC make/model examples (2026-08-12).
ontario_ministry_transport_vehicle_population,TOYT,XSL,PASSENGER,2014,2025,11,2014 | 2016 | 2017 | 2018 | 2019 | 2020 | 2021 | 2022 | 2023 | 2024 | 2025,2008,2008,1,11,24562,2025,1639,Sienna,Sienna,,Matrix | SOLARA | Sequoia,Toyota,agreement,Sienna,false,superseded_high_stock_reaudit,Latest-active reviewed MTO key; pass agreement is recomputed using case-insensitive model-family equivalence.,Reviewed two-pass MTO make/model inference using NCIC model-code abbreviations and NHTSA vPIC make/model examples (2026-08-12).
ontario_ministry_transport_vehicle_population,HYUN,P4G,PASSENGER,2024,2025,2,2024 | 2025,2024,2025,2,4,2672,2025,1638,Palisade,Palisade,,,Hyundai,agreement,Palisade,false,superseded_high_stock_reaudit,Latest-active reviewed MTO key; pass agreement is recomputed using case-insensitive model-family equivalence.,Reviewed two-pass MTO make/model inference using NCIC model-code abbreviations and NHTSA vPIC make/model examples (2026-08-12).
ontario_ministry_transport_vehicle_population,MAZD,MXT,PASSENGER,2016,2025,10,2016 | 2017 | 2018 | 2019 | 2020 | 2021 | 2022 | 2023 | 2024 | 2025,2013,2023,11,84,12039,2025,1638,MX-5,MX-5,,MX-30,Mazda,agreement,MX-5,false,superseded_high_stock_reaudit,Latest-active reviewed MTO key; pass agreement is recomputed using case-insensitive model-family equivalence.,Reviewed two-pass MTO make/model inference using NCIC model-code abbreviations and NHTSA vPIC make/model examples (2026-08-12).
ontario_ministry_transport_vehicle_population,SUBA,ILT,PASSENGER,2014,2025,11,2014 | 2016 | 2017 | 2018 | 2019 | 2020 | 2021 | 2022 | 2023 | 2024 | 2025,2012,2016,5,54,18547,2025,1634,Impreza/Outback Sport,Impreza,,Legacy/Outback | Tribeca | Crosstrek,Subaru,agreement,Impreza,false,superseded_high_stock_reaudit,Latest-active reviewed MTO key; pass agreement is recomputed using case-insensitive model-family equivalence.,Reviewed two-pass MTO make/model inference using NCIC model-code abbreviations and NHTSA vPIC make/model examples (2026-08-12).
ontario_ministry_transport_vehicle_population,INTL,HV6,COMMERCIAL,2020,2025,6,2020 | 2021 | 2022 | 2023 | 2024 | 2025,2019,2026,8,33,5492,2025,1629,HV615,HV615,,HV613 | HV60G | HV609,International,agreement,HV615,false,superseded_high_stock_reaudit,Latest-active reviewed MTO key; pass agreement is recomputed using case-insensitive model-family equivalence.,Reviewed two-pass MTO make/model inference using NCIC model-code abbreviations and NHTSA vPIC make/model examples (2026-08-12).
ontario_ministry_transport_vehicle_population,SUBA,L6L,PASSENGER,2014,2025,11,2014 | 2016 | 2017 | 2018 | 2019 | 2020 | 2021 | 2022 | 2023 | 2024 | 2025,2010,2019,10,102,16806,2025,1628,Legacy,Legacy,,Legacy/Outback | XT6 | Outback,Subaru,agreement,Legacy,false,superseded_high_stock_reaudit,Latest-active reviewed MTO key; pass agreement is recomputed using case-insensitive model-family equivalence.,Reviewed two-pass MTO make/model inference using NCIC model-code abbreviations and NHTSA vPIC make/model examples (2026-08-12).
ontario_ministry_transport_vehicle_population,NISS,VSA,PASSENGER,2014,2025,11,2014 | 2016 | 2017 | 2018 | 2019 | 2020 | 2021 | 2022 | 2023 | 2024 | 2025,2007,2007,1,11,36853,2025,1627,Versa,Versa,,,Nissan,agreement,Versa,false,superseded_high_stock_reaudit,Latest-active reviewed MTO key; pass agreement is recomputed using case-insensitive model-family equivalence.,Reviewed two-pass MTO make/model inference using NCIC model-code abbreviations and NHTSA vPIC make/model examples (2026-08-12).
ontario_ministry_transport_vehicle_population,HYUN,VRZ,PASSENGER,2014,2025,11,2014 | 2016 | 2017 | 2018 | 2019 | 2020 | 2021 | 2022 | 2023 | 2024 | 2025,2007,2012,6,66,28163,2025,1625,Veracruz,Veracruz,,,Hyundai,agreement,Veracruz,false,superseded_high_stock_reaudit,Latest-active reviewed MTO key; pass agreement is recomputed using case-insensitive model-family equivalence.,Reviewed two-pass MTO make/model inference using NCIC model-code abbreviations and NHTSA vPIC make/model examples (2026-08-12).
ontario_ministry_transport_vehicle_population,LNDR,KPG,PASSENGER,2023,2025,3,2023 | 2024 | 2025,2022,2025,4,11,3749,2025,1620,Range Rover (tentative),Range Rover,,Discovery | Defender,Land Rover,agreement,Range Rover,false,superseded_high_stock_reaudit,Latest-active reviewed MTO key; pass agreement is recomputed using case-insensitive model-family equivalence.,Reviewed two-pass MTO make/model inference using NCIC model-code abbreviations and NHTSA vPIC make/model examples (2026-08-12).
ontario_ministry_transport_vehicle_population,CHEV,CZZ,PASSENGER,2014,2025,11,2014 | 2016 | 2017 | 2018 | 2019 | 2020 | 2021 | 2022 | 2023 | 2024 | 2025,2011,2015,5,55,22107,2025,1603,Cruze,Cruze,,,Chevrolet,agreement,Cruze,false,superseded_high_stock_reaudit,Latest-active reviewed MTO key; pass agreement is recomputed using case-insensitive model-family equivalence.,Reviewed two-pass MTO make/model inference using NCIC model-code abbreviations and NHTSA vPIC make/model examples (2026-08-12).
ontario_ministry_transport_vehicle_population,BMW,43G,PASSENGER,2023,2025,3,2023 | 2024 | 2025,2015,2026,6,15,3381,2025,1600,4 Series,Model unresolved,Ontario identifies only a vehicle family; vPIC does not support one unique model.,3 Series,BMW,disagreement,,false,superseded_high_stock_reaudit,Latest-active reviewed MTO key; pass agreement is recomputed using case-insensitive model-family equivalence.,Reviewed two-pass MTO make/model inference using NCIC model-code abbreviations and NHTSA vPIC make/model examples (2026-08-12).
ontario_ministry_transport_vehicle_population,HOND,ASE,PASSENGER,2014,2025,11,2014 | 2016 | 2017 | 2018 | 2019 | 2020 | 2021 | 2022 | 2023 | 2024 | 2025,1981,2012,8,82,19216,2025,1598,Passport,Passport,,Accord,Honda,agreement,Passport,false,superseded_high_stock_reaudit,Latest-active reviewed MTO key; pass agreement is recomputed using case-insensitive model-family equivalence.,Reviewed two-pass MTO make/model inference using NCIC model-code abbreviations and NHTSA vPIC make/model examples (2026-08-12).
ontario_ministry_transport_vehicle_population,NISS,ASL,PASSENGER,2014,2025,11,2014 | 2016 | 2017 | 2018 | 2019 | 2020 | 2021 | 2022 | 2023 | 2024 | 2025,2005,2006,2,22,69226,2025,1593,Altima,Altima,,Maxima,Nissan,agreement,Altima,false,superseded_high_stock_reaudit,Latest-active reviewed MTO key; pass agreement is recomputed using case-insensitive model-family equivalence.,Reviewed two-pass MTO make/model inference using NCIC model-code abbreviations and NHTSA vPIC make/model examples (2026-08-12).
ontario_ministry_transport_vehicle_population,CHEV,4YD,COMMERCIAL,2022,2025,4,2022 | 2023 | 2024 | 2025,2022,2024,3,11,6020,2025,1591,Colorado (tentative),Colorado,,400 | 400 BRIGHTDROP | S14,Chevrolet,agreement,Colorado,false,superseded_high_stock_reaudit,Latest-active reviewed MTO key; pass agreement is recomputed using case-insensitive model-family equivalence.,Reviewed two-pass MTO make/model inference using NCIC model-code abbreviations and NHTSA vPIC make/model examples (2026-08-12).
ontario_ministry_transport_vehicle_population,NISS,QX8,PASSENGER,2017,2025,9,2017 | 2018 | 2019 | 2020 | 2021 | 2022 | 2023 | 2024 | 2025,2016,2026,11,60,9344,2025,1584,Quest,Quest,,Maxima | Altima | Sentra,Nissan,agreement,Quest,false,superseded_high_stock_reaudit,Latest-active reviewed MTO key; pass agreement is recomputed using case-insensitive model-family equivalence.,Reviewed two-pass MTO make/model inference using NCIC model-code abbreviations and NHTSA vPIC make/model examples (2026-08-12).
ontario_ministry_transport_vehicle_population,CHRY,20S,PASSENGER,2014,2025,11,2014 | 2016 | 2017 | 2018 | 2019 | 2020 | 2021 | 2022 | 2023 | 2024 | 2025,2011,2017,7,75,20495,2025,1582,200,200,,,Chrysler,agreement,200,false,superseded_high_stock_reaudit,Latest-active reviewed MTO key; pass agreement is recomputed using case-insensitive model-family equivalence.,Reviewed two-pass MTO make/model inference using NCIC model-code abbreviations and NHTSA vPIC make/model examples (2026-08-12).
ontario_ministry_transport_vehicle_population,RAM,RPC,COMMERCIAL,2016,2025,10,2016 | 2017 | 2018 | 2019 | 2020 | 2021 | 2022 | 2023 | 2024 | 2025,2015,2018,4,39,18706,2025,1581,RAM MPV CARGO VAN,Cargo Van,"vPIC supports the model, but the Ontario abbreviation is not uniquely identifying.",Promaster City,Ram,agreement,Cargo Van,false,superseded_high_stock_reaudit,Latest-active reviewed MTO key; pass agreement is recomputed using case-insensitive model-family equivalence.,Reviewed two-pass MTO make/model inference using NCIC model-code abbreviations and NHTSA vPIC make/model examples (2026-08-12).
ontario_ministry_transport_vehicle_population,PONT,SOL,PASSENGER,2014,2025,11,2014 | 2016 | 2017 | 2018 | 2019 | 2020 | 2021 | 2022 | 2023 | 2024 | 2025,2006,2009,4,44,16709,2025,1576,Solstice,Solstice,,,Pontiac,agreement,Solstice,false,superseded_high_stock_reaudit,Latest-active reviewed MTO key; pass agreement is recomputed using case-insensitive model-family equivalence.,Reviewed two-pass MTO make/model inference using NCIC model-code abbreviations and NHTSA vPIC make/model examples (2026-08-12).
ontario_ministry_transport_vehicle_population,CHEV,CEO,PASSENGER,2014,2025,11,2014 | 2016 | 2017 | 2018 | 2019 | 2020 | 2021 | 2022 | 2023 | 2024 | 2025,2011,2015,5,55,24420,2025,1563,Camaro,Camaro,,CAMEO | Aveo,Chevrolet,agreement,Camaro,false,superseded_high_stock_reaudit,Latest-active reviewed MTO key; pass agreement is recomputed using case-insensitive model-family equivalence.,Reviewed two-pass MTO make/model inference using NCIC model-code abbreviations and NHTSA vPIC make/model examples (2026-08-12).
ontario_ministry_transport_vehicle_population,MERZ,E40,PASSENGER,2016,2025,10,2016 | 2017 | 2018 | 2019 | 2020 | 2021 | 2022 | 2023 | 2024 | 2025,2015,2020,6,54,14333,2025,1563,E400,400,"Closest vPIC name match, but no sampled year-specific result corroborates it.",,Mercedes-Benz,disagreement,,false,superseded_high_stock_reaudit,Latest-active reviewed MTO key; pass agreement is recomputed using case-insensitive model-family equivalence.,Reviewed two-pass MTO make/model inference using NCIC model-code abbreviations and NHTSA vPIC make/model examples (2026-08-12).
ontario_ministry_transport_vehicle_population,FORD,FSA,PASSENGER,2014,2025,11,2014 | 2016 | 2017 | 2018 | 2019 | 2020 | 2021 | 2022 | 2023 | 2024 | 2025,2007,2012,6,66,31659,2025,1562,Freestar,Freestar,,,Ford,agreement,Freestar,false,superseded_high_stock_reaudit,Latest-active reviewed MTO key; pass agreement is recomputed using case-insensitive model-family equivalence.,Reviewed two-pass MTO make/model inference using NCIC model-code abbreviations and NHTSA vPIC make/model examples (2026-08-12).
ontario_ministry_transport_vehicle_population,CHEV,VTP,PASSENGER,2016,2025,10,2016 | 2017 | 2018 | 2019 | 2020 | 2021 | 2022 | 2023 | 2024 | 2025,2017,2019,3,27,15241,2025,1560,Volt,Volt,,Corvette,Chevrolet,agreement,Volt,false,superseded_high_stock_reaudit,Latest-active reviewed MTO key; pass agreement is recomputed using case-insensitive model-family equivalence.,Reviewed two-pass MTO make/model inference using NCIC model-code abbreviations and NHTSA vPIC make/model examples (2026-08-12).
ontario_ministry_transport_vehicle_population,PORS,9TS,PASSENGER,2016,2025,10,2016 | 2017 | 2018 | 2019 | 2020 | 2021 | 2022 | 2023 | 2024 | 2025,1997,2026,16,118,7768,2025,1557,911,911,,Turbo 4 911 Turbo Cab S | 918 Spyder | Turbo 4 911 S,Porsche,agreement,911,false,superseded_high_stock_reaudit,Latest-active reviewed MTO key; pass agreement is recomputed using case-insensitive model-family equivalence.,Reviewed two-pass MTO make/model inference using NCIC model-code abbreviations and NHTSA vPIC make/model examples (2026-08-12).
ontario_ministry_transport_vehicle_population,TOYT,SXE,PASSENGER,2014,2025,11,2014 | 2016 | 2017 | 2018 | 2019 | 2020 | 2021 | 2022 | 2023 | 2024 | 2025,2012,2014,3,33,18678,2025,1556,Sienna,Sienna,,Sequoia | 4Runner | Matrix,Toyota,agreement,Sienna,false,superseded_high_stock_reaudit,Latest-active reviewed MTO key; pass agreement is recomputed using case-insensitive model-family equivalence.,Reviewed two-pass MTO make/model inference using NCIC model-code abbreviations and NHTSA vPIC make/model examples (2026-08-12).
ontario_ministry_transport_vehicle_population,VOLK,LXG,PASSENGER,2021,2025,5,2021 | 2022 | 2023 | 2024 | 2025,2022,2022,1,5,6472,2025,1556,GLI,GLI,"Closest vPIC name match, but no sampled year-specific result corroborates it.",Atlas | Tiguan | Golf/GTI,Volkswagen,agreement,GLI,false,superseded_high_stock_reaudit,Latest-active reviewed MTO key; pass agreement is recomputed using case-insensitive model-family equivalence.,Reviewed two-pass MTO make/model inference using NCIC model-code abbreviations and NHTSA vPIC make/model examples (2026-08-12).
ontario_ministry_transport_vehicle_population,TOYT,CMS,PASSENGER,2014,2025,11,2014 | 2016 | 2017 | 2018 | 2019 | 2020 | 2021 | 2022 | 2023 | 2024 | 2025,2009,2013,5,55,20997,2025,1553,Camry,Camry,,,Toyota,agreement,Camry,false,superseded_high_stock_reaudit,Latest-active reviewed MTO key; pass agreement is recomputed using case-insensitive model-family equivalence.,Reviewed two-pass MTO make/model inference using NCIC model-code abbreviations and NHTSA vPIC make/model examples (2026-08-12).
ontario_ministry_transport_vehicle_population,HOND,S20,PASSENGER,2014,2025,11,2014 | 2016 | 2017 | 2018 | 2019 | 2020 | 2021 | 2022 | 2023 | 2024 | 2025,1980,2009,12,131,15399,2025,1542,S2000,S2000,,,Honda,agreement,S2000,false,superseded_high_stock_reaudit,Latest-active reviewed MTO key; pass agreement is recomputed using case-insensitive model-family equivalence.,Reviewed two-pass MTO make/model inference using NCIC model-code abbreviations and NHTSA vPIC make/model examples (2026-08-12).
ontario_ministry_transport_vehicle_population,LINC,NAL,PASSENGER,2014,2025,11,2014 | 2016 | 2017 | 2018 | 2019 | 2020 | 2021 | 2022 | 2023 | 2024 | 2025,2007,2025,19,160,11116,2025,1540,Nautilus,Nautilus,,Navigator,Lincoln,agreement,Nautilus,false,superseded_high_stock_reaudit,Latest-active reviewed MTO key; pass agreement is recomputed using case-insensitive model-family equivalence.,Reviewed two-pass MTO make/model inference using NCIC model-code abbreviations and NHTSA vPIC make/model examples (2026-08-12).
ontario_ministry_transport_vehicle_population,AUDI,42Q,PASSENGER,2014,2025,10,2014 | 2016 | 2017 | 2018 | 2019 | 2021 | 2022 | 2023 | 2024 | 2025,1998,2025,9,59,7939,2025,1534,S4,S4,,A4 | RS 4 | Q7,Audi,agreement,S4,false,superseded_high_stock_reaudit,Latest-active reviewed MTO key; pass agreement is recomputed using case-insensitive model-family equivalence.,Reviewed two-pass MTO make/model inference using NCIC model-code abbreviations and NHTSA vPIC make/model examples (2026-08-12).
ontario_ministry_transport_vehicle_population,LINC,MKA,PASSENGER,2014,2025,11,2014 | 2016 | 2017 | 2018 | 2019 | 2020 | 2021 | 2022 | 2023 | 2024 | 2025,2007,2016,10,109,23982,2025,1533,MKZ,MKZ,,MKX | MKS | MKT,Lincoln,agreement,MKZ,false,superseded_high_stock_reaudit,Latest-active reviewed MTO key; pass agreement is recomputed using case-insensitive model-family equivalence.,Reviewed two-pass MTO make/model inference using NCIC model-code abbreviations and NHTSA vPIC make/model examples (2026-08-12).
ontario_ministry_transport_vehicle_population,JEEP,DUR,PASSENGER,2022,2025,4,2022 | 2023 | 2024 | 2025,2022,2024,3,8,6207,2025,1530,Gladiator,Gladiator,,,Jeep,agreement,Gladiator,false,superseded_high_stock_reaudit,Latest-active reviewed MTO key; pass agreement is recomputed using case-insensitive model-family equivalence.,Reviewed two-pass MTO make/model inference using NCIC model-code abbreviations and NHTSA vPIC make/model examples (2026-08-12).
ontario_ministry_transport_vehicle_population,ACUR,CTP,PASSENGER,2014,2025,11,2014 | 2016 | 2017 | 2018 | 2019 | 2020 | 2021 | 2022 | 2023 | 2024 | 2025,2008,2011,4,44,19118,2025,1520,TL,TL,,TSX,Acura,agreement,TL,false,superseded_high_stock_reaudit,Latest-active reviewed MTO key; pass agreement is recomputed using case-insensitive model-family equivalence.,Reviewed two-pass MTO make/model inference using NCIC model-code abbreviations and NHTSA vPIC make/model examples (2026-08-12).
ontario_ministry_transport_vehicle_population,FORD,F25,COMMERCIAL,2014,2025,10,2014 | 2016 | 2017 | 2018 | 2019 | 2020 | 2022 | 2023 | 2024 | 2025,1900,2026,63,584,3900,2025,1520,F250,F-250,,,Ford,agreement,F-250,false,superseded_high_stock_reaudit,Latest-active reviewed MTO key; pass agreement is recomputed using case-insensitive model-family equivalence.,Reviewed two-pass MTO make/model inference using NCIC model-code abbreviations and NHTSA vPIC make/model examples (2026-08-12).
ontario_ministry_transport_vehicle_population,TOYT,VAG,PASSENGER,2025,2025,1,2025,2025,2025,1,1,1515,2025,1515,RAV4,RAV4,,GR 86 | Camry | Tacoma,Toyota,agreement,RAV4,false,superseded_high_stock_reaudit,Latest-active reviewed MTO key; pass agreement is recomputed using case-insensitive model-family equivalence.,Reviewed two-pass MTO make/model inference using NCIC model-code abbreviations and NHTSA vPIC make/model examples (2026-08-12).
ontario_ministry_transport_vehicle_population,MAZD,CX3,PASSENGER,2020,2025,6,2020 | 2021 | 2022 | 2023 | 2024 | 2025,2020,2026,7,26,6734,2025,1512,CX-3,CX-3,,,Mazda,agreement,CX-3,false,superseded_high_stock_reaudit,Latest-active reviewed MTO key; pass agreement is recomputed using case-insensitive model-family equivalence.,Reviewed two-pass MTO make/model inference using NCIC model-code abbreviations and NHTSA vPIC make/model examples (2026-08-12).
ontario_ministry_transport_vehicle_population,VOLV,06G,PASSENGER,2022,2025,4,2022 | 2023 | 2024 | 2025,2022,2023,2,8,6030,2025,1502,V90 (tentative),V90,,V60 | S90 | S60,Volvo,agreement,V90,false,superseded_high_stock_reaudit,Latest-active reviewed MTO key; pass agreement is recomputed using case-insensitive model-family equivalence.,Reviewed two-pass MTO make/model inference using NCIC model-code abbreviations and NHTSA vPIC make/model examples (2026-08-12).
ontario_ministry_transport_vehicle_population,AUDI,S5L,PASSENGER,2014,2025,11,2014 | 2016 | 2017 | 2018 | 2019 | 2020 | 2021 | 2022 | 2023 | 2024 | 2025,2010,2024,11,103,15246,2025,1500,S5,S5,,,Audi,agreement,S5,false,superseded_high_stock_reaudit,Latest-active reviewed MTO key; pass agreement is recomputed using case-insensitive model-family equivalence.,Reviewed two-pass MTO make/model inference using NCIC model-code abbreviations and NHTSA vPIC make/model examples (2026-08-12).
ontario_ministry_transport_vehicle_population,NISS,3ZR,PASSENGER,2014,2025,11,2014 | 2016 | 2017 | 2018 | 2019 | 2020 | 2021 | 2022 | 2023 | 2024 | 2025,2004,2025,9,73,12313,2025,1494,370Z,370Z,,350z | 370z,Nissan,agreement,370Z,false,superseded_high_stock_reaudit,Latest-active reviewed MTO key; pass agreement is recomputed using case-insensitive model-family equivalence.,Reviewed two-pass MTO make/model inference using NCIC model-code abbreviations and NHTSA vPIC make/model examples (2026-08-12).
ontario_ministry_transport_vehicle_population,INFI,STA,PASSENGER,2017,2025,9,2017 | 2018 | 2019 | 2020 | 2021 | 2022 | 2023 | 2024 | 2025,2016,2024,9,59,12312,2025,1493,QX80 (tentative),QX80,,Q50 | QX60 | QX50,Infiniti,agreement,QX80,false,superseded_high_stock_reaudit,Latest-active reviewed MTO key; pass agreement is recomputed using case-insensitive model-family equivalence.,Reviewed two-pass MTO make/model inference using NCIC model-code abbreviations and NHTSA vPIC make/model examples (2026-08-12).
ontario_ministry_transport_vehicle_population,AUDI,S4,PASSENGER,2014,2025,11,2014 | 2016 | 2017 | 2018 | 2019 | 2020 | 2021 | 2022 | 2023 | 2024 | 2025,1993,2025,21,161,14844,2025,1490,S4,S4,,,Audi,agreement,S4,false,superseded_high_stock_reaudit,Latest-active reviewed MTO key; pass agreement is recomputed using case-insensitive model-family equivalence.,Reviewed two-pass MTO make/model inference using NCIC model-code abbreviations and NHTSA vPIC make/model examples (2026-08-12).
ontario_ministry_transport_vehicle_population,MAZD,B40,COMMERCIAL,2014,2025,11,2014 | 2016 | 2017 | 2018 | 2019 | 2020 | 2021 | 2022 | 2023 | 2024 | 2025,1994,2010,17,187,27163,2025,1486,B4000,Model unresolved,The Ontario abbreviation does not match a vPIC model closely enough.,,Mazda,disagreement,,false,superseded_high_stock_reaudit,Latest-active reviewed MTO key; pass agreement is recomputed using case-insensitive model-family equivalence.,Reviewed two-pass MTO make/model inference using NCIC model-code abbreviations and NHTSA vPIC make/model examples (2026-08-12).
ontario_ministry_transport_vehicle_population,MNNI,53G,PASSENGER,2022,2025,4,2022 | 2023 | 2024 | 2025,2022,2026,5,14,3842,2025,1481,Clubman (tentative),Clubman,,John Cooper Works | Countryman | Cooper,MINI,agreement,Clubman,false,superseded_high_stock_reaudit,Latest-active reviewed MTO key; pass agreement is recomputed using case-insensitive model-family equivalence.,Reviewed two-pass MTO make/model inference using NCIC model-code abbreviations and NHTSA vPIC make/model examples (2026-08-12).
ontario_ministry_transport_vehicle_population,OLDS,CUT,PASSENGER,2014,2025,11,2014 | 2016 | 2017 | 2018 | 2019 | 2020 | 2021 | 2022 | 2023 | 2024 | 2025,1919,1998,36,396,19066,2025,1478,Cutlass,Cutlass,,Cutlass Ciera | Cutlass Supreme,Oldsmobile,agreement,Cutlass,false,superseded_high_stock_reaudit,Latest-active reviewed MTO key; pass agreement is recomputed using case-insensitive model-family equivalence.,Reviewed two-pass MTO make/model inference using NCIC model-code abbreviations and NHTSA vPIC make/model examples (2026-08-12).
ontario_ministry_transport_vehicle_population,ACUR,CCS,PASSENGER,2014,2025,11,2014 | 2016 | 2017 | 2018 | 2019 | 2020 | 2021 | 2022 | 2023 | 2024 | 2025,2007,2011,4,44,20095,2025,1473,CSX,TSX,Code-to-name match is weak; selected from vPIC models with overlapping-year coverage.,TSX,Acura,disagreement,,false,superseded_high_stock_reaudit,Latest-active reviewed MTO key; pass agreement is recomputed using case-insensitive model-family equivalence.,Reviewed two-pass MTO make/model inference using NCIC model-code abbreviations and NHTSA vPIC make/model examples (2026-08-12).
ontario_ministry_transport_vehicle_population,MERZ,GL4,PASSENGER,2014,2025,11,2014 | 2016 | 2017 | 2018 | 2019 | 2020 | 2021 | 2022 | 2023 | 2024 | 2025,2007,2025,14,138,19170,2025,1472,GL450,Model unresolved,The Ontario abbreviation does not match a vPIC model closely enough.,,Mercedes-Benz,disagreement,,false,superseded_high_stock_reaudit,Latest-active reviewed MTO key; pass agreement is recomputed using case-insensitive model-family equivalence.,Reviewed two-pass MTO make/model inference using NCIC model-code abbreviations and NHTSA vPIC make/model examples (2026-08-12).
ontario_ministry_transport_vehicle_population,DODG,AVN,PASSENGER,2014,2025,11,2014 | 2016 | 2017 | 2018 | 2019 | 2020 | 2021 | 2022 | 2023 | 2024 | 2025,2008,2014,5,55,26561,2025,1469,Avenger,Avenger,,,Dodge,agreement,Avenger,false,superseded_high_stock_reaudit,Latest-active reviewed MTO key; pass agreement is recomputed using case-insensitive model-family equivalence.,Reviewed two-pass MTO make/model inference using NCIC model-code abbreviations and NHTSA vPIC make/model examples (2026-08-12).
ontario_ministry_transport_vehicle_population,GMC,SAF,COMMERCIAL | PASSENGER,2014,2025,11,2014 | 2016 | 2017 | 2018 | 2019 | 2020 | 2021 | 2022 | 2023 | 2024 | 2025,1977,2005,25,528,51428,2025,1460,Safari,Safari,,Safari Cargo,GMC,agreement,Safari,false,superseded_high_stock_reaudit,Latest-active reviewed MTO key; pass agreement is recomputed using case-insensitive model-family equivalence.,Reviewed two-pass MTO make/model inference using NCIC model-code abbreviations and NHTSA vPIC make/model examples (2026-08-12).
ontario_ministry_transport_vehicle_population,SUBA,L6P,PASSENGER,2018,2025,8,2018 | 2019 | 2020 | 2021 | 2022 | 2023 | 2024 | 2025,2010,2024,11,71,7788,2025,1460,Legacy,Legacy,,Impreza | Legacy/Outback | Impreza/Outback Sport,Subaru,agreement,Legacy,false,superseded_high_stock_reaudit,Latest-active reviewed MTO key; pass agreement is recomputed using case-insensitive model-family equivalence.,Reviewed two-pass MTO make/model inference using NCIC model-code abbreviations and NHTSA vPIC make/model examples (2026-08-12).
ontario_ministry_transport_vehicle_population,PONT,GGT,PASSENGER,2014,2025,11,2014 | 2016 | 2017 | 2018 | 2019 | 2020 | 2021 | 2022 | 2023 | 2024 | 2025,2005,2009,5,55,34188,2025,1449,GTO,GTO,,G6 | G5 | G8,Pontiac,agreement,GTO,false,superseded_high_stock_reaudit,Latest-active reviewed MTO key; pass agreement is recomputed using case-insensitive model-family equivalence.,Reviewed two-pass MTO make/model inference using NCIC model-code abbreviations and NHTSA vPIC make/model examples (2026-08-12).
ontario_ministry_transport_vehicle_population,FORD,FOS,PASSENGER,2014,2025,11,2014 | 2016 | 2017 | 2018 | 2019 | 2020 | 2021 | 2022 | 2023 | 2024 | 2025,2009,2011,3,33,32830,2025,1444,Focus,Focus,,,Ford,agreement,Focus,false,superseded_high_stock_reaudit,Latest-active reviewed MTO key; pass agreement is recomputed using case-insensitive model-family equivalence.,Reviewed two-pass MTO make/model inference using NCIC model-code abbreviations and NHTSA vPIC make/model examples (2026-08-12).
ontario_ministry_transport_vehicle_population,KIA,ROL,PASSENGER,2014,2025,11,2014 | 2016 | 2017 | 2018 | 2019 | 2020 | 2021 | 2022 | 2023 | 2024 | 2025,2007,2009,3,33,37517,2025,1442,Rondo,Rondo,,Rio,Kia,agreement,Rondo,false,superseded_high_stock_reaudit,Latest-active reviewed MTO key; pass agreement is recomputed using case-insensitive model-family equivalence.,Reviewed two-pass MTO make/model inference using NCIC model-code abbreviations and NHTSA vPIC make/model examples (2026-08-12).
ontario_ministry_transport_vehicle_population,BMW,BX4,PASSENGER,2014,2025,11,2014 | 2016 | 2017 | 2018 | 2019 | 2020 | 2021 | 2022 | 2023 | 2024 | 2025,2015,2018,4,40,16616,2025,1429,X4,X4,,,BMW,agreement,X4,false,superseded_high_stock_reaudit,Latest-active reviewed MTO key; pass agreement is recomputed using case-insensitive model-family equivalence.,Reviewed two-pass MTO make/model inference using NCIC model-code abbreviations and NHTSA vPIC make/model examples (2026-08-12).
ontario_ministry_transport_vehicle_population,VOLK,TRG,PASSENGER,2019,2025,7,2019 | 2020 | 2021 | 2022 | 2023 | 2024 | 2025,2007,2024,6,35,8261,2025,1413,Touareg,Touareg,,,Volkswagen,agreement,Touareg,false,superseded_high_stock_reaudit,Latest-active reviewed MTO key; pass agreement is recomputed using case-insensitive model-family equivalence.,Reviewed two-pass MTO make/model inference using NCIC model-code abbreviations and NHTSA vPIC make/model examples (2026-08-12).
ontario_ministry_transport_vehicle_population,VOLK,CTJ,PASSENGER,2014,2025,11,2014 | 2016 | 2017 | 2018 | 2019 | 2020 | 2021 | 2022 | 2023 | 2024 | 2025,2007,2009,3,33,32734,2025,1401,CC,CC,"Closest vPIC name match, but no sampled year-specific result corroborates it.",Jetta | Touareg | Tiguan,Volkswagen,agreement,CC,false,superseded_high_stock_reaudit,Latest-active reviewed MTO key; pass agreement is recomputed using case-insensitive model-family equivalence.,Reviewed two-pass MTO make/model inference using NCIC model-code abbreviations and NHTSA vPIC make/model examples (2026-08-12).
ontario_ministry_transport_vehicle_population,CHEV,AST,COMMERCIAL | PASSENGER,2014,2025,11,2014 | 2016 | 2017 | 2018 | 2019 | 2020 | 2021 | 2022 | 2023 | 2024 | 2025,1972,2005,29,561,47475,2025,1400,Astro Cargo,Astro Van,Code-to-name match is weak; selected from vPIC models with overlapping-year coverage.,,Chevrolet,disagreement,,false,superseded_high_stock_reaudit,Latest-active reviewed MTO key; pass agreement is recomputed using case-insensitive model-family equivalence.,Reviewed two-pass MTO make/model inference using NCIC model-code abbreviations and NHTSA vPIC make/model examples (2026-08-12).
ontario_ministry_transport_vehicle_population,SUBA,BLB,PASSENGER,2016,2025,10,2016 | 2017 | 2018 | 2019 | 2020 | 2021 | 2022 | 2023 | 2024 | 2025,2015,2020,6,54,12752,2025,1399,BRZ,BRZ,,Legacy | Outback | Legacy/Outback,Subaru,agreement,BRZ,false,superseded_high_stock_reaudit,Latest-active reviewed MTO key; pass agreement is recomputed using case-insensitive model-family equivalence.,Reviewed two-pass MTO make/model inference using NCIC model-code abbreviations and NHTSA vPIC make/model examples (2026-08-12).
ontario_ministry_transport_vehicle_population,VOLK,AXG,PASSENGER,2021,2025,5,2021 | 2022 | 2023 | 2024 | 2025,2022,2023,2,9,5652,2025,1397,Atlas,Atlas,,Arteon | GLI | Taos,Volkswagen,agreement,Atlas,false,superseded_high_stock_reaudit,Latest-active reviewed MTO key; pass agreement is recomputed using case-insensitive model-family equivalence.,Reviewed two-pass MTO make/model inference using NCIC model-code abbreviations and NHTSA vPIC make/model examples (2026-08-12).
ontario_ministry_transport_vehicle_population,HYUN,ACC,PASSENGER,2014,2025,11,2014 | 2016 | 2017 | 2018 | 2019 | 2020 | 2021 | 2022 | 2023 | 2024 | 2025,1995,2020,20,201,28172,2025,1395,Accent,Accent,,,Hyundai,agreement,Accent,false,superseded_high_stock_reaudit,Latest-active reviewed MTO key; pass agreement is recomputed using case-insensitive model-family equivalence.,Reviewed two-pass MTO make/model inference using NCIC model-code abbreviations and NHTSA vPIC make/model examples (2026-08-12).
ontario_ministry_transport_vehicle_population,LNDR,EJG,PASSENGER,2022,2025,4,2022 | 2023 | 2024 | 2025,2020,2026,7,22,3386,2025,1391,Evoque,Range Rover Evoque,vPIC also supports Discovery; the code does not clearly distinguish them.,Defender | Discovery | Range Rover,Land Rover,agreement,Range Rover Evoque,false,superseded_high_stock_reaudit,Latest-active reviewed MTO key; pass agreement is recomputed using case-insensitive model-family equivalence.,Reviewed two-pass MTO make/model inference using NCIC model-code abbreviations and NHTSA vPIC make/model examples (2026-08-12).
ontario_ministry_transport_vehicle_population,CHEV,COR,PASSENGER,2014,2025,11,2014 | 2016 | 2017 | 2018 | 2019 | 2020 | 2021 | 2022 | 2023 | 2024 | 2025,1952,2026,56,533,15628,2025,1383,Corsica,Corsica,,CORSA | Corvette,Chevrolet,agreement,Corsica,false,superseded_high_stock_reaudit,Latest-active reviewed MTO key; pass agreement is recomputed using case-insensitive model-family equivalence.,Reviewed two-pass MTO make/model inference using NCIC model-code abbreviations and NHTSA vPIC make/model examples (2026-08-12).
ontario_ministry_transport_vehicle_population,CHEV,MOC,PASSENGER,2014,2025,11,2014 | 2016 | 2017 | 2018 | 2019 | 2020 | 2021 | 2022 | 2023 | 2024 | 2025,1910,1996,28,308,14680,2025,1379,Monte Carlo,Monte Carlo,,Lumina/Monte Carlo,Chevrolet,agreement,Monte Carlo,false,superseded_high_stock_reaudit,Latest-active reviewed MTO key; pass agreement is recomputed using case-insensitive model-family equivalence.,Reviewed two-pass MTO make/model inference using NCIC model-code abbreviations and NHTSA vPIC make/model examples (2026-08-12).
ontario_ministry_transport_vehicle_population,MACK,700,COMMERCIAL,2014,2025,11,2014 | 2016 | 2017 | 2018 | 2019 | 2020 | 2021 | 2022 | 2023 | 2024 | 2025,1970,2018,48,524,23212,2025,1370,700 Series,Model unresolved,Ontario identifies only a vehicle family; vPIC does not support one unique model.,,Mack,disagreement,,false,superseded_high_stock_reaudit,Latest-active reviewed MTO key; pass agreement is recomputed using case-insensitive model-family equivalence.,Reviewed two-pass MTO make/model inference using NCIC model-code abbreviations and NHTSA vPIC make/model examples (2026-08-12).
ontario_ministry_transport_vehicle_population,BMW,2XS,PASSENGER,2016,2025,10,2016 | 2017 | 2018 | 2019 | 2020 | 2021 | 2022 | 2023 | 2024 | 2025,2007,2016,10,100,15787,2025,1369,2 Series,Model unresolved,Ontario identifies only a vehicle family; vPIC does not support one unique model.,,BMW,disagreement,,false,superseded_high_stock_reaudit,Latest-active reviewed MTO key; pass agreement is recomputed using case-insensitive model-family equivalence.,Reviewed two-pass MTO make/model inference using NCIC model-code abbreviations and NHTSA vPIC make/model examples (2026-08-12).
ontario_ministry_transport_vehicle_population,AUDI,A3,PASSENGER,2022,2025,4,2022 | 2023 | 2024 | 2025,1997,2026,22,80,2545,2025,1368,A3,A3,,,Audi,agreement,A3,false,superseded_high_stock_reaudit,Latest-active reviewed MTO key; pass agreement is recomputed using case-insensitive model-family equivalence.,Reviewed two-pass MTO make/model inference using NCIC model-code abbreviations and NHTSA vPIC make/model examples (2026-08-12).
ontario_ministry_transport_vehicle_population,MNNI,CBS,PASSENGER,2014,2025,11,2014 | 2016 | 2017 | 2018 | 2019 | 2020 | 2021 | 2022 | 2023 | 2024 | 2025,2008,2021,13,127,13219,2025,1363,Clubman,Clubman,,,MINI,agreement,Clubman,false,superseded_high_stock_reaudit,Latest-active reviewed MTO key; pass agreement is recomputed using case-insensitive model-family equivalence.,Reviewed two-pass MTO make/model inference using NCIC model-code abbreviations and NHTSA vPIC make/model examples (2026-08-12).
ontario_ministry_transport_vehicle_population,LEXS,GX,PASSENGER,2022,2025,4,2022 | 2023 | 2024 | 2025,2020,2026,7,20,3999,2025,1362,GX,GX,,,Lexus,agreement,GX,false,superseded_high_stock_reaudit,Latest-active reviewed MTO key; pass agreement is recomputed using case-insensitive model-family equivalence.,Reviewed two-pass MTO make/model inference using NCIC model-code abbreviations and NHTSA vPIC make/model examples (2026-08-12).
ontario_ministry_transport_vehicle_population,INTL,CTS,COMMERCIAL,2019,2025,7,2019 | 2020 | 2021 | 2022 | 2023 | 2024 | 2025,1972,2026,12,63,7506,2025,1355,SCOUT,Model unresolved,The Ontario abbreviation does not match a vPIC model closely enough.,,International,disagreement,,false,superseded_high_stock_reaudit,Latest-active reviewed MTO key; pass agreement is recomputed using case-insensitive model-family equivalence.,Reviewed two-pass MTO make/model inference using NCIC model-code abbreviations and NHTSA vPIC make/model examples (2026-08-12).
ontario_ministry_transport_vehicle_population,FORD,F/S,PASSENGER,2014,2025,11,2014 | 2016 | 2017 | 2018 | 2019 | 2020 | 2021 | 2022 | 2023 | 2024 | 2025,2006,2019,13,131,17938,2025,1353,Fusion,Fusion,,Fiesta,Ford,agreement,Fusion,false,superseded_high_stock_reaudit,Latest-active reviewed MTO key; pass agreement is recomputed using case-insensitive model-family equivalence.,Reviewed two-pass MTO make/model inference using NCIC model-code abbreviations and NHTSA vPIC make/model examples (2026-08-12).
ontario_ministry_transport_vehicle_population,HYUN,JDG,COMMERCIAL | PASSENGER,2022,2025,4,2022 | 2023 | 2024 | 2025,2022,2025,4,26,3889,2025,1352,Palisade (tentative),Palisade,,Venue | Tucson | Sonata,Hyundai,agreement,Palisade,false,superseded_high_stock_reaudit,Latest-active reviewed MTO key; pass agreement is recomputed using case-insensitive model-family equivalence.,Reviewed two-pass MTO make/model inference using NCIC model-code abbreviations and NHTSA vPIC make/model examples (2026-08-12).
ontario_ministry_transport_vehicle_population,KIA,RIE,PASSENGER,2014,2025,11,2014 | 2016 | 2017 | 2018 | 2019 | 2020 | 2021 | 2022 | 2023 | 2024 | 2025,2012,2015,3,33,17409,2025,1350,Rio,Rio,,,Kia,agreement,Rio,false,superseded_high_stock_reaudit,Latest-active reviewed MTO key; pass agreement is recomputed using case-insensitive model-family equivalence.,Reviewed two-pass MTO make/model inference using NCIC model-code abbreviations and NHTSA vPIC make/model examples (2026-08-12).
ontario_ministry_transport_vehicle_population,MERZ,YCG,PASSENGER,2020,2025,6,2020 | 2021 | 2022 | 2023 | 2024 | 2025,2020,2024,5,21,6584,2025,1343,AMG GT,AMG GT,,S-Class | G-Class | E-Class,Mercedes-Benz,agreement,AMG GT,false,superseded_high_stock_reaudit,Latest-active reviewed MTO key; pass agreement is recomputed using case-insensitive model-family equivalence.,Reviewed two-pass MTO make/model inference using NCIC model-code abbreviations and NHTSA vPIC make/model examples (2026-08-12).
ontario_ministry_transport_vehicle_population,ACUR,IES,PASSENGER,2016,2025,10,2016 | 2017 | 2018 | 2019 | 2020 | 2021 | 2022 | 2023 | 2024 | 2025,2016,2022,7,54,10285,2025,1342,ILX,ILX,,NSX | TLX | RDX,Acura,agreement,ILX,false,superseded_high_stock_reaudit,Latest-active reviewed MTO key; pass agreement is recomputed using case-insensitive model-family equivalence.,Reviewed two-pass MTO make/model inference using NCIC model-code abbreviations and NHTSA vPIC make/model examples (2026-08-12).
ontario_ministry_transport_vehicle_population,AUDI,S5T,PASSENGER,2016,2025,10,2016 | 2017 | 2018 | 2019 | 2020 | 2021 | 2022 | 2023 | 2024 | 2025,2015,2025,11,72,11999,2025,1340,S5,S5,,,Audi,agreement,S5,false,superseded_high_stock_reaudit,Latest-active reviewed MTO key; pass agreement is recomputed using case-insensitive model-family equivalence.,Reviewed two-pass MTO make/model inference using NCIC model-code abbreviations and NHTSA vPIC make/model examples (2026-08-12).
ontario_ministry_transport_vehicle_population,VOLK,GGL,PASSENGER,2014,2025,11,2014 | 2016 | 2017 | 2018 | 2019 | 2020 | 2021 | 2022 | 2023 | 2024 | 2025,1987,2022,20,201,11314,2025,1340,GLI,GLI,,GOLF | GOLF R | E-GOLF,Volkswagen,agreement,GLI,false,superseded_high_stock_reaudit,Latest-active reviewed MTO key; pass agreement is recomputed using case-insensitive model-family equivalence.,Reviewed two-pass MTO make/model inference using NCIC model-code abbreviations and NHTSA vPIC make/model examples (2026-08-12).
ontario_ministry_transport_vehicle_population,VOLK,JGS,PASSENGER,2014,2025,11,2014 | 2016 | 2017 | 2018 | 2019 | 2020 | 2021 | 2022 | 2023 | 2024 | 2025,1996,2019,12,127,38624,2025,1336,Jetta,Jetta,,Passat | Eos | Tiguan,Volkswagen,agreement,Jetta,false,superseded_high_stock_reaudit,Latest-active reviewed MTO key; pass agreement is recomputed using case-insensitive model-family equivalence.,Reviewed two-pass MTO make/model inference using NCIC model-code abbreviations and NHTSA vPIC make/model examples (2026-08-12).
ontario_ministry_transport_vehicle_population,VOLK,CPC,PASSENGER,2023,2025,3,2023 | 2024 | 2025,1993,2025,5,13,2461,2025,1335,CC,CC,,,Volkswagen,agreement,CC,false,superseded_high_stock_reaudit,Latest-active reviewed MTO key; pass agreement is recomputed using case-insensitive model-family equivalence.,Reviewed two-pass MTO make/model inference using NCIC model-code abbreviations and NHTSA vPIC make/model examples (2026-08-12).
ontario_ministry_transport_vehicle_population,ALFA,PAG,PASSENGER,2020,2025,6,2020 | 2021 | 2022 | 2023 | 2024 | 2025,2019,2025,7,31,5220,2025,1331,ZAGATO,Model unresolved,The Ontario abbreviation does not match a vPIC model closely enough.,,Alfa Romeo,disagreement,,false,superseded_high_stock_reaudit,Latest-active reviewed MTO key; pass agreement is recomputed using case-insensitive model-family equivalence.,Reviewed two-pass MTO make/model inference using NCIC model-code abbreviations and NHTSA vPIC make/model examples (2026-08-12).
ontario_ministry_transport_vehicle_population,MERZ,C23,PASSENGER,2014,2025,11,2014 | 2016 | 2017 | 2018 | 2019 | 2020 | 2021 | 2022 | 2023 | 2024 | 2025,1997,2009,7,77,23768,2025,1324,C230,Model unresolved,The Ontario abbreviation does not match a vPIC model closely enough.,,Mercedes-Benz,disagreement,,false,superseded_high_stock_reaudit,Latest-active reviewed MTO key; pass agreement is recomputed using case-insensitive model-family equivalence.,Reviewed two-pass MTO make/model inference using NCIC model-code abbreviations and NHTSA vPIC make/model examples (2026-08-12).
ontario_ministry_transport_vehicle_population,HYUN,P3G,PASSENGER,2024,2025,2,2024 | 2025,2024,2025,2,4,2119,2025,1314,Palisade,Palisade,,,Hyundai,agreement,Palisade,false,superseded_high_stock_reaudit,Latest-active reviewed MTO key; pass agreement is recomputed using case-insensitive model-family equivalence.,Reviewed two-pass MTO make/model inference using NCIC model-code abbreviations and NHTSA vPIC make/model examples (2026-08-12).
ontario_ministry_transport_vehicle_population,FORD,TLA,PASSENGER,2014,2025,11,2014 | 2016 | 2017 | 2018 | 2019 | 2020 | 2021 | 2022 | 2023 | 2024 | 2025,2008,2019,12,123,16337,2025,1308,Taurus,Taurus,,T,Ford,agreement,Taurus,false,superseded_high_stock_reaudit,Latest-active reviewed MTO key; pass agreement is recomputed using case-insensitive model-family equivalence.,Reviewed two-pass MTO make/model inference using NCIC model-code abbreviations and NHTSA vPIC make/model examples (2026-08-12).
ontario_ministry_transport_vehicle_population,SUBA,IWS,PASSENGER,2014,2025,11,2014 | 2016 | 2017 | 2018 | 2019 | 2020 | 2021 | 2022 | 2023 | 2024 | 2025,2004,2014,11,121,15991,2025,1308,Impreza/Outback Sport,Impreza,,Forester,Subaru,agreement,Impreza,false,superseded_high_stock_reaudit,Latest-active reviewed MTO key; pass agreement is recomputed using case-insensitive model-family equivalence.,Reviewed two-pass MTO make/model inference using NCIC model-code abbreviations and NHTSA vPIC make/model examples (2026-08-12).
ontario_ministry_transport_vehicle_population,GENS,MCG,PASSENGER,2021,2025,5,2021 | 2022 | 2023 | 2024 | 2025,2022,2026,5,15,3629,2025,1303,G90,G90,,G80 | G70 | GV80,Genesis,agreement,G90,false,superseded_high_stock_reaudit,Latest-active reviewed MTO key; pass agreement is recomputed using case-insensitive model-family equivalence.,Reviewed two-pass MTO make/model inference using NCIC model-code abbreviations and NHTSA vPIC make/model examples (2026-08-12).
ontario_ministry_transport_vehicle_population,FORD,FTH,PASSENGER,2017,2025,9,2017 | 2018 | 2019 | 2020 | 2021 | 2022 | 2023 | 2024 | 2025,1969,2020,9,78,12066,2025,1302,FT900,FT900,,T | Thunderbird | F800,Ford,agreement,FT900,false,superseded_high_stock_reaudit,Latest-active reviewed MTO key; pass agreement is recomputed using case-insensitive model-family equivalence.,Reviewed two-pass MTO make/model inference using NCIC model-code abbreviations and NHTSA vPIC make/model examples (2026-08-12).
ontario_ministry_transport_vehicle_population,MERZ,ML3,PASSENGER,2014,2025,11,2014 | 2016 | 2017 | 2018 | 2019 | 2020 | 2021 | 2022 | 2023 | 2024 | 2025,1998,2009,9,99,28931,2025,1297,ML350,350,"Closest vPIC name match, but no sampled year-specific result corroborates it.",ML320,Mercedes-Benz,disagreement,,false,superseded_high_stock_reaudit,Latest-active reviewed MTO key; pass agreement is recomputed using case-insensitive model-family equivalence.,Reviewed two-pass MTO make/model inference using NCIC model-code abbreviations and NHTSA vPIC make/model examples (2026-08-12).
ontario_ministry_transport_vehicle_population,TOYT,CHG,PASSENGER,2014,2025,11,2014 | 2016 | 2017 | 2018 | 2019 | 2020 | 2021 | 2022 | 2023 | 2024 | 2025,2008,2016,5,54,17235,2025,1297,Highlander,Highlander,,CROWN SIGNIA | CROWN | Camry,Toyota,agreement,Highlander,false,superseded_high_stock_reaudit,Latest-active reviewed MTO key; pass agreement is recomputed using case-insensitive model-family equivalence.,Reviewed two-pass MTO make/model inference using NCIC model-code abbreviations and NHTSA vPIC make/model examples (2026-08-12).
ontario_ministry_transport_vehicle_population,BMW,30C,PASSENGER,2014,2025,11,2014 | 2016 | 2017 | 2018 | 2019 | 2020 | 2021 | 2022 | 2023 | 2024 | 2025,1971,2006,11,121,16859,2025,1295,3 Series,K 1300 GT,Generic Ontario code spans multiple vPIC models; this is the closest family match.,300,BMW,disagreement,,false,superseded_high_stock_reaudit,Latest-active reviewed MTO key; pass agreement is recomputed using case-insensitive model-family equivalence.,Reviewed two-pass MTO make/model inference using NCIC model-code abbreviations and NHTSA vPIC make/model examples (2026-08-12).
ontario_ministry_transport_vehicle_population,INFI,J35,PASSENGER,2014,2025,11,2014 | 2016 | 2017 | 2018 | 2019 | 2020 | 2021 | 2022 | 2023 | 2024 | 2025,2013,2013,1,11,18865,2025,1295,JX35,JX35,,M35,Infiniti,agreement,JX35,false,superseded_high_stock_reaudit,Latest-active reviewed MTO key; pass agreement is recomputed using case-insensitive model-family equivalence.,Reviewed two-pass MTO make/model inference using NCIC model-code abbreviations and NHTSA vPIC make/model examples (2026-08-12).
ontario_ministry_transport_vehicle_population,MAZD,M6S,PASSENGER,2014,2025,11,2014 | 2016 | 2017 | 2018 | 2019 | 2020 | 2021 | 2022 | 2023 | 2024 | 2025,2003,2012,10,110,41258,2025,1293,Mazda6,Mazda6,,,Mazda,agreement,Mazda6,false,superseded_high_stock_reaudit,Latest-active reviewed MTO key; pass agreement is recomputed using case-insensitive model-family equivalence.,Reviewed two-pass MTO make/model inference using NCIC model-code abbreviations and NHTSA vPIC make/model examples (2026-08-12).
ontario_ministry_transport_vehicle_population,PORS,BOS,PASSENGER,2014,2025,11,2014 | 2016 | 2017 | 2018 | 2019 | 2020 | 2021 | 2022 | 2023 | 2024 | 2025,2000,2015,15,165,13730,2025,1292,Boxster,Boxster,,,Porsche,agreement,Boxster,false,superseded_high_stock_reaudit,Latest-active reviewed MTO key; pass agreement is recomputed using case-insensitive model-family equivalence.,Reviewed two-pass MTO make/model inference using NCIC model-code abbreviations and NHTSA vPIC make/model examples (2026-08-12).
ontario_ministry_transport_vehicle_population,VOLK,NGS,PASSENGER,2014,2025,11,2014 | 2016 | 2017 | 2018 | 2019 | 2020 | 2021 | 2022 | 2023 | 2024 | 2025,1999,2005,7,77,25623,2025,1290,Passat,Passat,,Touareg | Beetle | Golf/GTI,Volkswagen,agreement,Passat,false,superseded_high_stock_reaudit,Latest-active reviewed MTO key; pass agreement is recomputed using case-insensitive model-family equivalence.,Reviewed two-pass MTO make/model inference using NCIC model-code abbreviations and NHTSA vPIC make/model examples (2026-08-12).
ontario_ministry_transport_vehicle_population,ACUR,2TL,PASSENGER,2014,2025,11,2014 | 2016 | 2017 | 2018 | 2019 | 2020 | 2021 | 2022 | 2023 | 2024 | 2025,2015,2018,4,40,13537,2025,1289,TLX,TLX,,,Acura,agreement,TLX,false,superseded_high_stock_reaudit,Latest-active reviewed MTO key; pass agreement is recomputed using case-insensitive model-family equivalence.,Reviewed two-pass MTO make/model inference using NCIC model-code abbreviations and NHTSA vPIC make/model examples (2026-08-12).
ontario_ministry_transport_vehicle_population,LNDR,DIS,PASSENGER,2014,2025,11,2014 | 2016 | 2017 | 2018 | 2019 | 2020 | 2021 | 2022 | 2023 | 2024 | 2025,1994,2025,20,172,12107,2025,1287,Discovery,Discovery,,,Land Rover,agreement,Discovery,false,superseded_high_stock_reaudit,Latest-active reviewed MTO key; pass agreement is recomputed using case-insensitive model-family equivalence.,Reviewed two-pass MTO make/model inference using NCIC model-code abbreviations and NHTSA vPIC make/model examples (2026-08-12).
ontario_ministry_transport_vehicle_population,LEXS,GX6,PASSENGER,2014,2025,11,2014 | 2016 | 2017 | 2018 | 2019 | 2020 | 2021 | 2022 | 2023 | 2024 | 2025,2010,2020,11,110,15328,2025,1284,GX,GX,,,Lexus,agreement,GX,false,superseded_high_stock_reaudit,Latest-active reviewed MTO key; pass agreement is recomputed using case-insensitive model-family equivalence.,Reviewed two-pass MTO make/model inference using NCIC model-code abbreviations and NHTSA vPIC make/model examples (2026-08-12).
ontario_ministry_transport_vehicle_population,VOLK,B1T,PASSENGER,2016,2025,10,2016 | 2017 | 2018 | 2019 | 2020 | 2021 | 2022 | 2023 | 2024 | 2025,2015,2017,3,29,12187,2025,1277,Beetle,Beetle,,Jetta | Tiguan | Touareg,Volkswagen,agreement,Beetle,false,superseded_high_stock_reaudit,Latest-active reviewed MTO key; pass agreement is recomputed using case-insensitive model-family equivalence.,Reviewed two-pass MTO make/model inference using NCIC model-code abbreviations and NHTSA vPIC make/model examples (2026-08-12).
ontario_ministry_transport_vehicle_population,AUDI,A32,PASSENGER,2014,2025,11,2014 | 2016 | 2017 | 2018 | 2019 | 2020 | 2021 | 2022 | 2023 | 2024 | 2025,2006,2020,13,116,19997,2025,1275,A3,A3,,,Audi,agreement,A3,false,superseded_high_stock_reaudit,Latest-active reviewed MTO key; pass agreement is recomputed using case-insensitive model-family equivalence.,Reviewed two-pass MTO make/model inference using NCIC model-code abbreviations and NHTSA vPIC make/model examples (2026-08-12).
ontario_ministry_transport_vehicle_population,KIA,EV6,PASSENGER,2022,2025,4,2022 | 2023 | 2024 | 2025,2022,2025,4,12,3580,2025,1275,EV6,EV6,,,Kia,agreement,EV6,false,superseded_high_stock_reaudit,Latest-active reviewed MTO key; pass agreement is recomputed using case-insensitive model-family equivalence.,Reviewed two-pass MTO make/model inference using NCIC model-code abbreviations and NHTSA vPIC make/model examples (2026-08-12).
ontario_ministry_transport_vehicle_population,CHEV,BLS,PASSENGER,2014,2025,11,2014 | 2016 | 2017 | 2018 | 2019 | 2020 | 2021 | 2022 | 2023 | 2024 | 2025,2005,2010,6,66,49501,2025,1273,Blazer,Blazer,,TrailBlazer,Chevrolet,agreement,Blazer,false,superseded_high_stock_reaudit,Latest-active reviewed MTO key; pass agreement is recomputed using case-insensitive model-family equivalence.,Reviewed two-pass MTO make/model inference using NCIC model-code abbreviations and NHTSA vPIC make/model examples (2026-08-12).
ontario_ministry_transport_vehicle_population,FORD,FKS,PASSENGER,2014,2025,11,2014 | 2016 | 2017 | 2018 | 2019 | 2020 | 2021 | 2022 | 2023 | 2024 | 2025,2009,2018,10,103,18482,2025,1272,Fusion,Fusion,,Fiesta,Ford,agreement,Fusion,false,superseded_high_stock_reaudit,Latest-active reviewed MTO key; pass agreement is recomputed using case-insensitive model-family equivalence.,Reviewed two-pass MTO make/model inference using NCIC model-code abbreviations and NHTSA vPIC make/model examples (2026-08-12).
ontario_ministry_transport_vehicle_population,CHEV,CAV,PASSENGER,2014,2025,11,2014 | 2016 | 2017 | 2018 | 2019 | 2020 | 2021 | 2022 | 2023 | 2024 | 2025,1967,2005,28,308,80315,2025,1268,Cavalier,Cavalier,,,Chevrolet,agreement,Cavalier,false,superseded_high_stock_reaudit,Latest-active reviewed MTO key; pass agreement is recomputed using case-insensitive model-family equivalence.,Reviewed two-pass MTO make/model inference using NCIC model-code abbreviations and NHTSA vPIC make/model examples (2026-08-12).
ontario_ministry_transport_vehicle_population,HYUN,2SP,PASSENGER,2016,2025,10,2016 | 2017 | 2018 | 2019 | 2020 | 2021 | 2022 | 2023 | 2024 | 2025,2015,2019,5,47,13140,2025,1267,Santa Fe,Santa Fe,,Sonata | SCOUPE | Equus,Hyundai,agreement,Santa Fe,false,superseded_high_stock_reaudit,Latest-active reviewed MTO key; pass agreement is recomputed using case-insensitive model-family equivalence.,Reviewed two-pass MTO make/model inference using NCIC model-code abbreviations and NHTSA vPIC make/model examples (2026-08-12).
ontario_ministry_transport_vehicle_population,HYUN,SHY,PASSENGER,2014,2025,11,2014 | 2016 | 2017 | 2018 | 2019 | 2020 | 2021 | 2022 | 2023 | 2024 | 2025,2011,2017,6,56,17803,2025,1267,Sonata,Sonata,,Santa Fe | Tucson,Hyundai,agreement,Sonata,false,superseded_high_stock_reaudit,Latest-active reviewed MTO key; pass agreement is recomputed using case-insensitive model-family equivalence.,Reviewed two-pass MTO make/model inference using NCIC model-code abbreviations and NHTSA vPIC make/model examples (2026-08-12).
ontario_ministry_transport_vehicle_population,BUIC,LAC,PASSENGER,2014,2025,11,2014 | 2016 | 2017 | 2018 | 2019 | 2020 | 2021 | 2022 | 2023 | 2024 | 2025,1976,2018,8,69,15914,2025,1264,LaCrosse,LaCrosse,,Lacrosse/Allure,Buick,agreement,LaCrosse,false,superseded_high_stock_reaudit,Latest-active reviewed MTO key; pass agreement is recomputed using case-insensitive model-family equivalence.,Reviewed two-pass MTO make/model inference using NCIC model-code abbreviations and NHTSA vPIC make/model examples (2026-08-12).
ontario_ministry_transport_vehicle_population,BMW,34X,PASSENGER,2016,2025,10,2016 | 2017 | 2018 | 2019 | 2020 | 2021 | 2022 | 2023 | 2024 | 2025,2016,2018,3,29,11880,2025,1263,3 Series,340i,Generic Ontario code spans multiple vPIC models; this is the closest family match.,4 Series | 340,BMW,disagreement,,false,superseded_high_stock_reaudit,Latest-active reviewed MTO key; pass agreement is recomputed using case-insensitive model-family equivalence.,Reviewed two-pass MTO make/model inference using NCIC model-code abbreviations and NHTSA vPIC make/model examples (2026-08-12).
ontario_ministry_transport_vehicle_population,DODG,NJG,PASSENGER,2023,2025,3,2023 | 2024 | 2025,2023,2025,3,7,3076,2025,1263,Durango (tentative),Durango,,Hornet | Charger | Challenger,Dodge,agreement,Durango,false,superseded_high_stock_reaudit,Latest-active reviewed MTO key; pass agreement is recomputed using case-insensitive model-family equivalence.,Reviewed two-pass MTO make/model inference using NCIC model-code abbreviations and NHTSA vPIC make/model examples (2026-08-12).
ontario_ministry_transport_vehicle_population,PORS,PAS,PASSENGER,2014,2025,11,2014 | 2016 | 2017 | 2018 | 2019 | 2020 | 2021 | 2022 | 2023 | 2024 | 2025,2010,2026,17,128,8853,2025,1262,Panamera,Panamera,,Cayenne | Macan | Cayman,Porsche,agreement,Panamera,false,superseded_high_stock_reaudit,Latest-active reviewed MTO key; pass agreement is recomputed using case-insensitive model-family equivalence.,Reviewed two-pass MTO make/model inference using NCIC model-code abbreviations and NHTSA vPIC make/model examples (2026-08-12).
ontario_ministry_transport_vehicle_population,FORD,TIA,PASSENGER,2014,2025,11,2014 | 2016 | 2017 | 2018 | 2019 | 2020 | 2021 | 2022 | 2023 | 2024 | 2025,2013,2019,7,68,19827,2025,1258,Taurus,Taurus,,T,Ford,agreement,Taurus,false,superseded_high_stock_reaudit,Latest-active reviewed MTO key; pass agreement is recomputed using case-insensitive model-family equivalence.,Reviewed two-pass MTO make/model inference using NCIC model-code abbreviations and NHTSA vPIC make/model examples (2026-08-12).
ontario_ministry_transport_vehicle_population,HYUN,ASP,PASSENGER,2016,2025,10,2016 | 2017 | 2018 | 2019 | 2020 | 2021 | 2022 | 2023 | 2024 | 2025,2016,2019,4,36,11158,2025,1258,Accent,Accent,,Azera | Sonata | Santa Fe,Hyundai,agreement,Accent,false,superseded_high_stock_reaudit,Latest-active reviewed MTO key; pass agreement is recomputed using case-insensitive model-family equivalence.,Reviewed two-pass MTO make/model inference using NCIC model-code abbreviations and NHTSA vPIC make/model examples (2026-08-12).
ontario_ministry_transport_vehicle_population,PONT,6BS,PASSENGER,2014,2025,11,2014 | 2016 | 2017 | 2018 | 2019 | 2020 | 2021 | 2022 | 2023 | 2024 | 2025,2007,2008,2,22,42451,2025,1256,G6,G6,,Vibe,Pontiac,agreement,G6,false,superseded_high_stock_reaudit,Latest-active reviewed MTO key; pass agreement is recomputed using case-insensitive model-family equivalence.,Reviewed two-pass MTO make/model inference using NCIC model-code abbreviations and NHTSA vPIC make/model examples (2026-08-12).
ontario_ministry_transport_vehicle_population,BUIC,ENV,PASSENGER,2022,2025,4,2022 | 2023 | 2024 | 2025,2016,2026,11,36,2679,2025,1255,Envision,Envision,,Envista,Buick,agreement,Envision,false,superseded_high_stock_reaudit,Latest-active reviewed MTO key; pass agreement is recomputed using case-insensitive model-family equivalence.,Reviewed two-pass MTO make/model inference using NCIC model-code abbreviations and NHTSA vPIC make/model examples (2026-08-12).
ontario_ministry_transport_vehicle_population,PONT,FAM,PASSENGER,2014,2025,11,2014 | 2016 | 2017 | 2018 | 2019 | 2020 | 2021 | 2022 | 2023 | 2024 | 2025,1970,2002,23,253,12439,2025,1255,Firebird/Trans Am/Formula,Firebird,,Grand Am | Firefly | Safari,Pontiac,agreement,Firebird,false,superseded_high_stock_reaudit,Latest-active reviewed MTO key; pass agreement is recomputed using case-insensitive model-family equivalence.,Reviewed two-pass MTO make/model inference using NCIC model-code abbreviations and NHTSA vPIC make/model examples (2026-08-12).
ontario_ministry_transport_vehicle_population,LEXS,LSL,PASSENGER,2020,2025,6,2020 | 2021 | 2022 | 2023 | 2024 | 2025,2007,2021,8,48,6872,2025,1254,LS,LS,,,Lexus,agreement,LS,false,superseded_high_stock_reaudit,Latest-active reviewed MTO key; pass agreement is recomputed using case-insensitive model-family equivalence.,Reviewed two-pass MTO make/model inference using NCIC model-code abbreviations and NHTSA vPIC make/model examples (2026-08-12).
ontario_ministry_transport_vehicle_population,LNDR,ZJG,PASSENGER,2019,2025,7,2019 | 2020 | 2021 | 2022 | 2023 | 2024 | 2025,2020,2026,7,27,5971,2025,1254,Range Rover (tentative),Range Rover,,Discovery | Defender | Evoque,Land Rover,agreement,Range Rover,false,superseded_high_stock_reaudit,Latest-active reviewed MTO key; pass agreement is recomputed using case-insensitive model-family equivalence.,Reviewed two-pass MTO make/model inference using NCIC model-code abbreviations and NHTSA vPIC make/model examples (2026-08-12).
ontario_ministry_transport_vehicle_population,MAZD,M3G,PASSENGER,2014,2025,11,2014 | 2016 | 2017 | 2018 | 2019 | 2020 | 2021 | 2022 | 2023 | 2024 | 2025,1992,2023,13,106,11939,2025,1246,MX-3,MX-3,,Mazda3 | MX-30,Mazda,agreement,MX-3,false,superseded_high_stock_reaudit,Latest-active reviewed MTO key; pass agreement is recomputed using case-insensitive model-family equivalence.,Reviewed two-pass MTO make/model inference using NCIC model-code abbreviations and NHTSA vPIC make/model examples (2026-08-12).
ontario_ministry_transport_vehicle_population,MNNI,83G,PASSENGER,2021,2025,5,2021 | 2022 | 2023 | 2024 | 2025,2021,2024,4,17,4531,2025,1245,Clubman (tentative),Clubman,,John Cooper Works | Countryman | Cooper,MINI,agreement,Clubman,false,superseded_high_stock_reaudit,Latest-active reviewed MTO key; pass agreement is recomputed using case-insensitive model-family equivalence.,Reviewed two-pass MTO make/model inference using NCIC model-code abbreviations and NHTSA vPIC make/model examples (2026-08-12).
ontario_ministry_transport_vehicle_population,TOYT,K6G,PASSENGER,2019,2025,7,2019 | 2020 | 2021 | 2022 | 2023 | 2024 | 2025,2020,2022,3,14,7683,2025,1245,86,86,,GR 86 | GR Supra | Highlander,Toyota,agreement,86,false,superseded_high_stock_reaudit,Latest-active reviewed MTO key; pass agreement is recomputed using case-insensitive model-family equivalence.,Reviewed two-pass MTO make/model inference using NCIC model-code abbreviations and NHTSA vPIC make/model examples (2026-08-12).
ontario_ministry_transport_vehicle_population,ACUR,SAG,PASSENGER,2025,2025,1,2025,2025,2025,1,1,1241,2025,1241,ADX,ADX,,TLX | RDX | MDX,Acura,agreement,ADX,false,superseded_high_stock_reaudit,Latest-active reviewed MTO key; pass agreement is recomputed using case-insensitive model-family equivalence.,Reviewed two-pass MTO make/model inference using NCIC model-code abbreviations and NHTSA vPIC make/model examples (2026-08-12).
ontario_ministry_transport_vehicle_population,ACUR,CEP,PASSENGER,2014,2025,11,2014 | 2016 | 2017 | 2018 | 2019 | 2020 | 2021 | 2022 | 2023 | 2024 | 2025,2001,2005,5,55,36750,2025,1239,CL,CL,,NSX | RSX,Acura,agreement,CL,false,superseded_high_stock_reaudit,Latest-active reviewed MTO key; pass agreement is recomputed using case-insensitive model-family equivalence.,Reviewed two-pass MTO make/model inference using NCIC model-code abbreviations and NHTSA vPIC make/model examples (2026-08-12).
ontario_ministry_transport_vehicle_population,CHEV,BZR,COMMERCIAL | PASSENGER,2014,2025,11,2014 | 2016 | 2017 | 2018 | 2019 | 2020 | 2021 | 2022 | 2023 | 2024 | 2025,1970,2025,21,247,42944,2025,1239,Blazer,Blazer,,Beretta,Chevrolet,agreement,Blazer,false,superseded_high_stock_reaudit,Latest-active reviewed MTO key; pass agreement is recomputed using case-insensitive model-family equivalence.,Reviewed two-pass MTO make/model inference using NCIC model-code abbreviations and NHTSA vPIC make/model examples (2026-08-12).
ontario_ministry_transport_vehicle_population,TOYT,CES,PASSENGER,2014,2025,10,2014 | 2016 | 2018 | 2019 | 2020 | 2021 | 2022 | 2023 | 2024 | 2025,1978,2022,5,34,7939,2025,1239,Cressida,Cressida,,,Toyota,agreement,Cressida,false,superseded_high_stock_reaudit,Latest-active reviewed MTO key; pass agreement is recomputed using case-insensitive model-family equivalence.,Reviewed two-pass MTO make/model inference using NCIC model-code abbreviations and NHTSA vPIC make/model examples (2026-08-12).
ontario_ministry_transport_vehicle_population,VOLK,JSS,PASSENGER,2014,2025,11,2014 | 2016 | 2017 | 2018 | 2019 | 2020 | 2021 | 2022 | 2023 | 2024 | 2025,2011,2014,4,44,15092,2025,1238,Jetta,Jetta,,Passat | Eos | CC,Volkswagen,agreement,Jetta,false,superseded_high_stock_reaudit,Latest-active reviewed MTO key; pass agreement is recomputed using case-insensitive model-family equivalence.,Reviewed two-pass MTO make/model inference using NCIC model-code abbreviations and NHTSA vPIC make/model examples (2026-08-12).
ontario_ministry_transport_vehicle_population,TOYT,CHY,PASSENGER,2014,2025,11,2014 | 2016 | 2017 | 2018 | 2019 | 2020 | 2021 | 2022 | 2023 | 2024 | 2025,2007,2007,1,11,19865,2025,1228,Camry,Camry,,Corolla | Yaris | Tacoma,Toyota,agreement,Camry,false,superseded_high_stock_reaudit,Latest-active reviewed MTO key; pass agreement is recomputed using case-insensitive model-family equivalence.,Reviewed two-pass MTO make/model inference using NCIC model-code abbreviations and NHTSA vPIC make/model examples (2026-08-12).
ontario_ministry_transport_vehicle_population,HYUN,R2G,PASSENGER,2020,2025,6,2020 | 2021 | 2022 | 2023 | 2024 | 2025,2020,2025,6,26,4829,2025,1223,Elantra (tentative),Elantra,,Santa Cruz | Venue | Santa Fe,Hyundai,agreement,Elantra,false,superseded_high_stock_reaudit,Latest-active reviewed MTO key; pass agreement is recomputed using case-insensitive model-family equivalence.,Reviewed two-pass MTO make/model inference using NCIC model-code abbreviations and NHTSA vPIC make/model examples (2026-08-12).
ontario_ministry_transport_vehicle_population,VOLV,VHD,COMMERCIAL,2014,2025,11,2014 | 2016 | 2017 | 2018 | 2019 | 2020 | 2021 | 2022 | 2023 | 2024 | 2025,2001,2026,26,230,12304,2025,1219,V60,V60,,V90 | V70 | V40,Volvo,agreement,V60,false,superseded_high_stock_reaudit,Latest-active reviewed MTO key; pass agreement is recomputed using case-insensitive model-family equivalence.,Reviewed two-pass MTO make/model inference using NCIC model-code abbreviations and NHTSA vPIC make/model examples (2026-08-12).
ontario_ministry_transport_vehicle_population,FRHT,MCV,COMMERCIAL,2014,2025,11,2014 | 2016 | 2017 | 2018 | 2019 | 2020 | 2021 | 2022 | 2023 | 2024 | 2025,1986,2005,18,198,25257,2025,1216,Med. Conv. (tentative),Med. Conv.,,,Freightliner,agreement,Med. Conv.,false,superseded_high_stock_reaudit,Latest-active reviewed MTO key; pass agreement is recomputed using case-insensitive model-family equivalence.,Reviewed two-pass MTO make/model inference using NCIC model-code abbreviations and NHTSA vPIC make/model examples (2026-08-12).
ontario_ministry_transport_vehicle_population,GMC,C15,COMMERCIAL | PASSENGER,2014,2025,11,2014 | 2016 | 2017 | 2018 | 2019 | 2020 | 2021 | 2022 | 2023 | 2024 | 2025,1942,1999,41,790,13992,2025,1213,S15,S15 Pickup,vPIC also supports S15 Utility; the code does not clearly distinguish them.,V1500 | R1500 | K1500,GMC,agreement,S15 Pickup,false,superseded_high_stock_reaudit,Latest-active reviewed MTO key; pass agreement is recomputed using case-insensitive model-family equivalence.,Reviewed two-pass MTO make/model inference using NCIC model-code abbreviations and NHTSA vPIC make/model examples (2026-08-12).
ontario_ministry_transport_vehicle_population,TOYT,UVS,PASSENGER,2014,2025,11,2014 | 2016 | 2017 | 2018 | 2019 | 2020 | 2021 | 2022 | 2023 | 2024 | 2025,1996,2006,11,121,22354,2025,1210,RAV4,RAV4,,Avalon | Sienna | Tundra,Toyota,agreement,RAV4,false,superseded_high_stock_reaudit,Latest-active reviewed MTO key; pass agreement is recomputed using case-insensitive model-family equivalence.,Reviewed two-pass MTO make/model inference using NCIC model-code abbreviations and NHTSA vPIC make/model examples (2026-08-12).
ontario_ministry_transport_vehicle_population,INTL,TER,COMMERCIAL,2014,2025,11,2014 | 2016 | 2017 | 2018 | 2019 | 2020 | 2021 | 2022 | 2023 | 2024 | 2025,1976,2025,18,147,9288,2025,1208,TRAVELALL (tentative),Model unresolved,The Ontario abbreviation does not match a vPIC model closely enough.,"TSE International, Inc. | T.J. Clark International, LLC | ROADSTER 300SL",International,disagreement,,false,superseded_high_stock_reaudit,Latest-active reviewed MTO key; pass agreement is recomputed using case-insensitive model-family equivalence.,Reviewed two-pass MTO make/model inference using NCIC model-code abbreviations and NHTSA vPIC make/model examples (2026-08-12).
ontario_ministry_transport_vehicle_population,VOLK,JET,PASSENGER,2014,2025,11,2014 | 2016 | 2017 | 2018 | 2019 | 2020 | 2021 | 2022 | 2023 | 2024 | 2025,1970,2026,38,375,9949,2025,1208,Jetta,Jetta,,,Volkswagen,agreement,Jetta,false,superseded_high_stock_reaudit,Latest-active reviewed MTO key; pass agreement is recomputed using case-insensitive model-family equivalence.,Reviewed two-pass MTO make/model inference using NCIC model-code abbreviations and NHTSA vPIC make/model examples (2026-08-12).
ontario_ministry_transport_vehicle_population,CHRY,C30,PASSENGER,2014,2025,11,2014 | 2016 | 2017 | 2018 | 2019 | 2020 | 2021 | 2022 | 2023 | 2024 | 2025,1964,2014,13,143,16383,2025,1194,300,300,,TC,Chrysler,agreement,300,false,superseded_high_stock_reaudit,Latest-active reviewed MTO key; pass agreement is recomputed using case-insensitive model-family equivalence.,Reviewed two-pass MTO make/model inference using NCIC model-code abbreviations and NHTSA vPIC make/model examples (2026-08-12).
ontario_ministry_transport_vehicle_population,BMW,5CI,PASSENGER,2014,2025,11,2014 | 2016 | 2017 | 2018 | 2019 | 2020 | 2021 | 2022 | 2023 | 2024 | 2025,2001,2025,13,100,14876,2025,1193,5 Series,X5,Generic Ontario code spans multiple vPIC models; this is the closest family match.,X5 | 850CI,BMW,disagreement,,false,superseded_high_stock_reaudit,Latest-active reviewed MTO key; pass agreement is recomputed using case-insensitive model-family equivalence.,Reviewed two-pass MTO make/model inference using NCIC model-code abbreviations and NHTSA vPIC make/model examples (2026-08-12).
ontario_ministry_transport_vehicle_population,SUBA,SWP,PASSENGER,2016,2025,10,2016 | 2017 | 2018 | 2019 | 2020 | 2021 | 2022 | 2023 | 2024 | 2025,2015,2021,7,46,9071,2025,1192,WRX,WRX,,Outback | Ascent | Impreza,Subaru,agreement,WRX,false,superseded_high_stock_reaudit,Latest-active reviewed MTO key; pass agreement is recomputed using case-insensitive model-family equivalence.,Reviewed two-pass MTO make/model inference using NCIC model-code abbreviations and NHTSA vPIC make/model examples (2026-08-12).
ontario_ministry_transport_vehicle_population,ACUR,RSX,PASSENGER,2014,2025,11,2014 | 2016 | 2017 | 2018 | 2019 | 2020 | 2021 | 2022 | 2023 | 2024 | 2025,2002,2006,5,55,26389,2025,1191,RSX,RSX,,,Acura,agreement,RSX,false,superseded_high_stock_reaudit,Latest-active reviewed MTO key; pass agreement is recomputed using case-insensitive model-family equivalence.,Reviewed two-pass MTO make/model inference using NCIC model-code abbreviations and NHTSA vPIC make/model examples (2026-08-12).
ontario_ministry_transport_vehicle_population,BUIC,RZV,PASSENGER,2014,2025,11,2014 | 2016 | 2017 | 2018 | 2019 | 2020 | 2021 | 2022 | 2023 | 2024 | 2025,2002,2007,6,66,64669,2025,1188,Rendezvous,Rendezvous,,,Buick,agreement,Rendezvous,false,superseded_high_stock_reaudit,Latest-active reviewed MTO key; pass agreement is recomputed using case-insensitive model-family equivalence.,Reviewed two-pass MTO make/model inference using NCIC model-code abbreviations and NHTSA vPIC make/model examples (2026-08-12).
ontario_ministry_transport_vehicle_population,BUIC,CCU,PASSENGER,2014,2025,11,2014 | 2016 | 2017 | 2018 | 2019 | 2020 | 2021 | 2022 | 2023 | 2024 | 2025,1976,2005,25,275,62359,2025,1184,Century,Century,,Coachbuilder | Century Estate | Lacrosse/Allure,Buick,agreement,Century,false,superseded_high_stock_reaudit,Latest-active reviewed MTO key; pass agreement is recomputed using case-insensitive model-family equivalence.,Reviewed two-pass MTO make/model inference using NCIC model-code abbreviations and NHTSA vPIC make/model examples (2026-08-12).
ontario_ministry_transport_vehicle_population,BMW,3DX,PASSENGER,2014,2025,11,2014 | 2016 | 2017 | 2018 | 2019 | 2020 | 2021 | 2022 | 2023 | 2024 | 2025,2014,2018,5,51,12987,2025,1182,i3,i3,,X3 | 3 Series,BMW,agreement,i3,false,superseded_high_stock_reaudit,Latest-active reviewed MTO key; pass agreement is recomputed using case-insensitive model-family equivalence.,Reviewed two-pass MTO make/model inference using NCIC model-code abbreviations and NHTSA vPIC make/model examples (2026-08-12).
ontario_ministry_transport_vehicle_population,CADI,K3E,PASSENGER,2025,2025,1,2025,2025,2025,1,1,1181,2025,1181,Escalade,Escalade,,CELESTIQ | LYRIQ,Cadillac,agreement,Escalade,false,superseded_high_stock_reaudit,Latest-active reviewed MTO key; pass agreement is recomputed using case-insensitive model-family equivalence.,Reviewed two-pass MTO make/model inference using NCIC model-code abbreviations and NHTSA vPIC make/model examples (2026-08-12).
ontario_ministry_transport_vehicle_population,VOLK,PAS,PASSENGER,2014,2025,11,2014 | 2016 | 2017 | 2018 | 2019 | 2020 | 2021 | 2022 | 2023 | 2024 | 2025,1973,2021,35,351,10623,2025,1178,Passat,Passat,,,Volkswagen,agreement,Passat,false,superseded_high_stock_reaudit,Latest-active reviewed MTO key; pass agreement is recomputed using case-insensitive model-family equivalence.,Reviewed two-pass MTO make/model inference using NCIC model-code abbreviations and NHTSA vPIC make/model examples (2026-08-12).
ontario_ministry_transport_vehicle_population,AUDI,A4L,PASSENGER,2014,2025,11,2014 | 2016 | 2017 | 2018 | 2019 | 2020 | 2021 | 2022 | 2023 | 2024 | 2025,2013,2025,13,93,10835,2025,1174,A4,A4,,,Audi,agreement,A4,false,superseded_high_stock_reaudit,Latest-active reviewed MTO key; pass agreement is recomputed using case-insensitive model-family equivalence.,Reviewed two-pass MTO make/model inference using NCIC model-code abbreviations and NHTSA vPIC make/model examples (2026-08-12).
ontario_ministry_transport_vehicle_population,BUIC,REG,PASSENGER,2014,2025,11,2014 | 2016 | 2017 | 2018 | 2019 | 2020 | 2021 | 2022 | 2023 | 2024 | 2025,1965,2019,36,387,12656,2025,1173,Regal,Regal,,,Buick,agreement,Regal,false,superseded_high_stock_reaudit,Latest-active reviewed MTO key; pass agreement is recomputed using case-insensitive model-family equivalence.,Reviewed two-pass MTO make/model inference using NCIC model-code abbreviations and NHTSA vPIC make/model examples (2026-08-12).
ontario_ministry_transport_vehicle_population,MERZ,SL0,PASSENGER,2014,2025,11,2014 | 2016 | 2017 | 2018 | 2019 | 2020 | 2021 | 2022 | 2023 | 2024 | 2025,2005,2020,16,163,12619,2025,1173,SLR,SLR McLaren,"vPIC supports the model, but the Ontario abbreviation is not uniquely identifying.",SL600 | SL550 | SL500,Mercedes-Benz,agreement,SLR McLaren,false,superseded_high_stock_reaudit,Latest-active reviewed MTO key; pass agreement is recomputed using case-insensitive model-family equivalence.,Reviewed two-pass MTO make/model inference using NCIC model-code abbreviations and NHTSA vPIC make/model examples (2026-08-12).
ontario_ministry_transport_vehicle_population,CHEV,UPC,COMMERCIAL | PASSENGER,2014,2025,11,2014 | 2016 | 2017 | 2018 | 2019 | 2020 | 2021 | 2022 | 2023 | 2024 | 2025,1985,2009,5,31,35372,2025,1167,Uplander,Uplander,,Sport Van,Chevrolet,agreement,Uplander,false,superseded_high_stock_reaudit,Latest-active reviewed MTO key; pass agreement is recomputed using case-insensitive model-family equivalence.,Reviewed two-pass MTO make/model inference using NCIC model-code abbreviations and NHTSA vPIC make/model examples (2026-08-12).
ontario_ministry_transport_vehicle_population,FIAT,5PP,PASSENGER,2014,2025,11,2014 | 2016 | 2017 | 2018 | 2019 | 2020 | 2021 | 2022 | 2023 | 2024 | 2025,2012,2017,6,64,13174,2025,1165,500,500,,500e | 500 L | 500 X,FIAT,agreement,500,false,superseded_high_stock_reaudit,Latest-active reviewed MTO key; pass agreement is recomputed using case-insensitive model-family equivalence.,Reviewed two-pass MTO make/model inference using NCIC model-code abbreviations and NHTSA vPIC make/model examples (2026-08-12).
ontario_ministry_transport_vehicle_population,FORD,FPH,PASSENGER,2016,2025,10,2016 | 2017 | 2018 | 2019 | 2020 | 2021 | 2022 | 2023 | 2024 | 2025,2013,2020,8,74,10475,2025,1160,F150,F-150,,Fusion | Flex | Focus,Ford,agreement,F-150,false,superseded_high_stock_reaudit,Latest-active reviewed MTO key; pass agreement is recomputed using case-insensitive model-family equivalence.,Reviewed two-pass MTO make/model inference using NCIC model-code abbreviations and NHTSA vPIC make/model examples (2026-08-12).
ontario_ministry_transport_vehicle_population,LEXS,JZG,PASSENGER,2019,2025,7,2019 | 2020 | 2021 | 2022 | 2023 | 2024 | 2025,2020,2022,2,12,8553,2025,1158,GX,GX,,GS,Lexus,agreement,GX,false,superseded_high_stock_reaudit,Latest-active reviewed MTO key; pass agreement is recomputed using case-insensitive model-family equivalence.,Reviewed two-pass MTO make/model inference using NCIC model-code abbreviations and NHTSA vPIC make/model examples (2026-08-12).
ontario_ministry_transport_vehicle_population,CHEV,ELL,PASSENGER,2014,2025,11,2014 | 2016 | 2017 | 2018 | 2019 | 2020 | 2021 | 2022 | 2023 | 2024 | 2025,1914,1984,27,297,14288,2025,1156,CHEVELLE,Chevette,Code-to-name match is weak; selected from vPIC models with overlapping-year coverage.,,Chevrolet,disagreement,,false,superseded_high_stock_reaudit,Latest-active reviewed MTO key; pass agreement is recomputed using case-insensitive model-family equivalence.,Reviewed two-pass MTO make/model inference using NCIC model-code abbreviations and NHTSA vPIC make/model examples (2026-08-12).
ontario_ministry_transport_vehicle_population,MNNI,33G,PASSENGER,2021,2025,5,2021 | 2022 | 2023 | 2024 | 2025,2021,2026,6,20,3328,2025,1155,Clubman (tentative),Clubman,,John Cooper Works | Countryman | Cooper,MINI,agreement,Clubman,false,superseded_high_stock_reaudit,Latest-active reviewed MTO key; pass agreement is recomputed using case-insensitive model-family equivalence.,Reviewed two-pass MTO make/model inference using NCIC model-code abbreviations and NHTSA vPIC make/model examples (2026-08-12).
ontario_ministry_transport_vehicle_population,MAZD,VAG,PASSENGER,2022,2025,4,2022 | 2023 | 2024 | 2025,2023,2023,1,4,4298,2025,1154,MX-5 (tentative),MX-5,,NAVAJO | MX-30 | CX-9,Mazda,agreement,MX-5,false,superseded_high_stock_reaudit,Latest-active reviewed MTO key; pass agreement is recomputed using case-insensitive model-family equivalence.,Reviewed two-pass MTO make/model inference using NCIC model-code abbreviations and NHTSA vPIC make/model examples (2026-08-12).
ontario_ministry_transport_vehicle_population,HOND,FDA,PASSENGER,2014,2025,11,2014 | 2016 | 2017 | 2018 | 2019 | 2020 | 2021 | 2022 | 2023 | 2024 | 2025,2009,2014,5,55,14565,2025,1153,Fit,Fit,,Accord | Odyssey | Crosstour,Honda,agreement,Fit,false,superseded_high_stock_reaudit,Latest-active reviewed MTO key; pass agreement is recomputed using case-insensitive model-family equivalence.,Reviewed two-pass MTO make/model inference using NCIC model-code abbreviations and NHTSA vPIC make/model examples (2026-08-12).
ontario_ministry_transport_vehicle_population,VOLV,V60,PASSENGER,2020,2025,6,2020 | 2021 | 2022 | 2023 | 2024 | 2025,2015,2026,12,57,4526,2025,1153,V60,V60,,,Volvo,agreement,V60,false,superseded_high_stock_reaudit,Latest-active reviewed MTO key; pass agreement is recomputed using case-insensitive model-family equivalence.,Reviewed two-pass MTO make/model inference using NCIC model-code abbreviations and NHTSA vPIC make/model examples (2026-08-12).
ontario_ministry_transport_vehicle_population,NISS,3ZC,PASSENGER,2014,2025,11,2014 | 2016 | 2017 | 2018 | 2019 | 2020 | 2021 | 2022 | 2023 | 2024 | 2025,2003,2008,6,66,13272,2025,1152,350z,350Z,,,Nissan,agreement,350Z,false,superseded_high_stock_reaudit,Latest-active reviewed MTO key; pass agreement is recomputed using case-insensitive model-family equivalence.,Reviewed two-pass MTO make/model inference using NCIC model-code abbreviations and NHTSA vPIC make/model examples (2026-08-12).
ontario_ministry_transport_vehicle_population,FORD,GPG,PASSENGER,2024,2025,2,2024 | 2025,2017,2025,8,15,1862,2025,1149,GT,GT,,GPW; COMPANION VEH TO WILLY'S MB | Escape | Edge,Ford,agreement,GT,false,superseded_high_stock_reaudit,Latest-active reviewed MTO key; pass agreement is recomputed using case-insensitive model-family equivalence.,Reviewed two-pass MTO make/model inference using NCIC model-code abbreviations and NHTSA vPIC make/model examples (2026-08-12).
ontario_ministry_transport_vehicle_population,CHEV,SKS,PASSENGER,2014,2025,11,2014 | 2016 | 2017 | 2018 | 2019 | 2020 | 2021 | 2022 | 2023 | 2024 | 2025,2013,2022,10,87,10802,2025,1144,SS,SS,,Spark,Chevrolet,agreement,SS,false,superseded_high_stock_reaudit,Latest-active reviewed MTO key; pass agreement is recomputed using case-insensitive model-family equivalence.,Reviewed two-pass MTO make/model inference using NCIC model-code abbreviations and NHTSA vPIC make/model examples (2026-08-12).
ontario_ministry_transport_vehicle_population,NISS,QST,PASSENGER,2014,2025,11,2014 | 2016 | 2017 | 2018 | 2019 | 2020 | 2021 | 2022 | 2023 | 2024 | 2025,1993,2017,23,243,34320,2025,1144,Quest,Quest,,,Nissan,agreement,Quest,false,superseded_high_stock_reaudit,Latest-active reviewed MTO key; pass agreement is recomputed using case-insensitive model-family equivalence.,Reviewed two-pass MTO make/model inference using NCIC model-code abbreviations and NHTSA vPIC make/model examples (2026-08-12).
ontario_ministry_transport_vehicle_population,MASE,61G,PASSENGER,2017,2025,9,2017 | 2018 | 2019 | 2020 | 2021 | 2022 | 2023 | 2024 | 2025,2017,2024,8,51,7909,2025,1143,Ghibli,Ghibli,,Grecale | GranTurismo | Grancabrio,Maserati,agreement,Ghibli,false,superseded_high_stock_reaudit,Latest-active reviewed MTO key; pass agreement is recomputed using case-insensitive model-family equivalence.,Reviewed two-pass MTO make/model inference using NCIC model-code abbreviations and NHTSA vPIC make/model examples (2026-08-12).
ontario_ministry_transport_vehicle_population,MERZ,ESD,PASSENGER,2014,2025,11,2014 | 2016 | 2017 | 2018 | 2019 | 2020 | 2021 | 2022 | 2023 | 2024 | 2025,2006,2016,11,110,13771,2025,1140,E-Class,E-Class,,S-Class | G-Class | C-Class,Mercedes-Benz,agreement,E-Class,false,superseded_high_stock_reaudit,Latest-active reviewed MTO key; pass agreement is recomputed using case-insensitive model-family equivalence.,Reviewed two-pass MTO make/model inference using NCIC model-code abbreviations and NHTSA vPIC make/model examples (2026-08-12).
ontario_ministry_transport_vehicle_population,TOYT,LAC,PASSENGER,2024,2025,2,2024 | 2025,1965,2026,5,9,1693,2025,1138,Tacoma,Tacoma,,Land Cruiser,Toyota,agreement,Tacoma,false,superseded_high_stock_reaudit,Latest-active reviewed MTO key; pass agreement is recomputed using case-insensitive model-family equivalence.,Reviewed two-pass MTO make/model inference using NCIC model-code abbreviations and NHTSA vPIC make/model examples (2026-08-12).
ontario_ministry_transport_vehicle_population,BMW,42X,PASSENGER,2014,2025,11,2014 | 2016 | 2017 | 2018 | 2019 | 2020 | 2021 | 2022 | 2023 | 2024 | 2025,2014,2016,3,32,13280,2025,1136,4 Series,428i,Generic Ontario code spans multiple vPIC models; this is the closest family match.,2 Series | 428,BMW,disagreement,,false,superseded_high_stock_reaudit,Latest-active reviewed MTO key; pass agreement is recomputed using case-insensitive model-family equivalence.,Reviewed two-pass MTO make/model inference using NCIC model-code abbreviations and NHTSA vPIC make/model examples (2026-08-12).
ontario_ministry_transport_vehicle_population,BMW,4SG,PASSENGER,2018,2025,8,2018 | 2019 | 2020 | 2021 | 2022 | 2023 | 2024 | 2025,2016,2026,9,46,5458,2025,1132,4 Series,Model unresolved,Ontario identifies only a vehicle family; vPIC does not support one unique model.,,BMW,disagreement,,false,superseded_high_stock_reaudit,Latest-active reviewed MTO key; pass agreement is recomputed using case-insensitive model-family equivalence.,Reviewed two-pass MTO make/model inference using NCIC model-code abbreviations and NHTSA vPIC make/model examples (2026-08-12).
ontario_ministry_transport_vehicle_population,VOLK,FXG,PASSENGER,2023,2025,3,2023 | 2024 | 2025,2023,2024,2,6,3014,2025,1131,FOX,FOX,"Closest vPIC name match, but no sampled year-specific result corroborates it.",GLI | Tiguan | Golf/GTI,Volkswagen,agreement,FOX,false,superseded_high_stock_reaudit,Latest-active reviewed MTO key; pass agreement is recomputed using case-insensitive model-family equivalence.,Reviewed two-pass MTO make/model inference using NCIC model-code abbreviations and NHTSA vPIC make/model examples (2026-08-12).
ontario_ministry_transport_vehicle_population,BMW,M4S,PASSENGER,2016,2025,10,2016 | 2017 | 2018 | 2019 | 2020 | 2021 | 2022 | 2023 | 2024 | 2025,2015,2026,11,65,7170,2025,1129,M,M4,Code-to-name match is weak; selected from vPIC models with overlapping-year coverage.,M4,BMW,disagreement,,false,superseded_high_stock_reaudit,Latest-active reviewed MTO key; pass agreement is recomputed using case-insensitive model-family equivalence.,Reviewed two-pass MTO make/model inference using NCIC model-code abbreviations and NHTSA vPIC make/model examples (2026-08-12).
ontario_ministry_transport_vehicle_population,LEXS,ES3,PASSENGER,2014,2025,11,2014 | 2016 | 2017 | 2018 | 2019 | 2020 | 2021 | 2022 | 2023 | 2024 | 2025,1992,2003,12,132,27524,2025,1127,ES,ES,,,Lexus,agreement,ES,false,superseded_high_stock_reaudit,Latest-active reviewed MTO key; pass agreement is recomputed using case-insensitive model-family equivalence.,Reviewed two-pass MTO make/model inference using NCIC model-code abbreviations and NHTSA vPIC make/model examples (2026-08-12).
ontario_ministry_transport_vehicle_population,TOYT,SCM,PASSENGER,2016,2025,10,2016 | 2017 | 2018 | 2019 | 2020 | 2021 | 2022 | 2023 | 2024 | 2025,2016,2016,1,10,11781,2025,1127,Camry,Camry,,,Toyota,agreement,Camry,false,superseded_high_stock_reaudit,Latest-active reviewed MTO key; pass agreement is recomputed using case-insensitive model-family equivalence.,Reviewed two-pass MTO make/model inference using NCIC model-code abbreviations and NHTSA vPIC make/model examples (2026-08-12).
ontario_ministry_transport_vehicle_population,LEXS,S43,PASSENGER,2014,2025,11,2014 | 2016 | 2017 | 2018 | 2019 | 2020 | 2021 | 2022 | 2023 | 2024 | 2025,2002,2010,9,99,12409,2025,1124,SC,SC,,SC430 | LS430 | GS430,Lexus,agreement,SC,false,superseded_high_stock_reaudit,Latest-active reviewed MTO key; pass agreement is recomputed using case-insensitive model-family equivalence.,Reviewed two-pass MTO make/model inference using NCIC model-code abbreviations and NHTSA vPIC make/model examples (2026-08-12).
ontario_ministry_transport_vehicle_population,BUIC,UCX,PASSENGER,2014,2025,11,2014 | 2016 | 2017 | 2018 | 2019 | 2020 | 2021 | 2022 | 2023 | 2024 | 2025,2006,2011,6,66,19703,2025,1122,Lucerne,Lucerne,,,Buick,agreement,Lucerne,false,superseded_high_stock_reaudit,Latest-active reviewed MTO key; pass agreement is recomputed using case-insensitive model-family equivalence.,Reviewed two-pass MTO make/model inference using NCIC model-code abbreviations and NHTSA vPIC make/model examples (2026-08-12).
ontario_ministry_transport_vehicle_population,FORD,TSA,PASSENGER,2014,2025,11,2014 | 2016 | 2017 | 2018 | 2019 | 2020 | 2021 | 2022 | 2023 | 2024 | 2025,2008,2019,12,124,17154,2025,1122,Taurus,Taurus,,T,Ford,agreement,Taurus,false,superseded_high_stock_reaudit,Latest-active reviewed MTO key; pass agreement is recomputed using case-insensitive model-family equivalence.,Reviewed two-pass MTO make/model inference using NCIC model-code abbreviations and NHTSA vPIC make/model examples (2026-08-12).
ontario_ministry_transport_vehicle_population,FORD,SGT,PASSENGER,2014,2025,11,2014 | 2016 | 2017 | 2018 | 2019 | 2020 | 2021 | 2022 | 2023 | 2024 | 2025,1967,2014,11,121,12068,2025,1120,GT,GT,,,Ford,agreement,GT,false,superseded_high_stock_reaudit,Latest-active reviewed MTO key; pass agreement is recomputed using case-insensitive model-family equivalence.,Reviewed two-pass MTO make/model inference using NCIC model-code abbreviations and NHTSA vPIC make/model examples (2026-08-12).
ontario_ministry_transport_vehicle_population,CHEV,AVT,PASSENGER,2014,2025,11,2014 | 2016 | 2017 | 2018 | 2019 | 2020 | 2021 | 2022 | 2023 | 2024 | 2025,2008,2011,4,44,24354,2025,1116,Aveo,Aveo,,Avalanche | Corvette,Chevrolet,agreement,Aveo,false,superseded_high_stock_reaudit,Latest-active reviewed MTO key; pass agreement is recomputed using case-insensitive model-family equivalence.,Reviewed two-pass MTO make/model inference using NCIC model-code abbreviations and NHTSA vPIC make/model examples (2026-08-12).
ontario_ministry_transport_vehicle_population,VOLK,BSE,PASSENGER,2017,2025,9,2017 | 2018 | 2019 | 2020 | 2021 | 2022 | 2023 | 2024 | 2025,2016,2019,4,30,10752,2025,1107,Beetle,Beetle,,Jetta | Passat | Eos,Volkswagen,agreement,Beetle,false,superseded_high_stock_reaudit,Latest-active reviewed MTO key; pass agreement is recomputed using case-insensitive model-family equivalence.,Reviewed two-pass MTO make/model inference using NCIC model-code abbreviations and NHTSA vPIC make/model examples (2026-08-12).
ontario_ministry_transport_vehicle_population,CHRY,SLX,PASSENGER,2014,2025,11,2014 | 2016 | 2017 | 2018 | 2019 | 2020 | 2021 | 2022 | 2023 | 2024 | 2025,1995,2010,15,165,42459,2025,1102,Sebring,Sebring,,SALON | 300 SRT8 | LHS,Chrysler,agreement,Sebring,false,superseded_high_stock_reaudit,Latest-active reviewed MTO key; pass agreement is recomputed using case-insensitive model-family equivalence.,Reviewed two-pass MTO make/model inference using NCIC model-code abbreviations and NHTSA vPIC make/model examples (2026-08-12).
ontario_ministry_transport_vehicle_population,ACUR,I2T,PASSENGER,2014,2025,11,2014 | 2016 | 2017 | 2018 | 2019 | 2020 | 2021 | 2022 | 2023 | 2024 | 2025,2013,2015,3,33,12517,2025,1101,INTEGRA,Integra,"Closest vPIC name match, but no sampled year-specific result corroborates it.",ILX,Acura,agreement,Integra,false,superseded_high_stock_reaudit,Latest-active reviewed MTO key; pass agreement is recomputed using case-insensitive model-family equivalence.,Reviewed two-pass MTO make/model inference using NCIC model-code abbreviations and NHTSA vPIC make/model examples (2026-08-12).
ontario_ministry_transport_vehicle_population,AUDI,C4H,PASSENGER,2016,2025,10,2016 | 2017 | 2018 | 2019 | 2020 | 2021 | 2022 | 2023 | 2024 | 2025,2017,2019,3,27,10635,2025,1096,A4,A4,,S4,Audi,agreement,A4,false,superseded_high_stock_reaudit,Latest-active reviewed MTO key; pass agreement is recomputed using case-insensitive model-family equivalence.,Reviewed two-pass MTO make/model inference using NCIC model-code abbreviations and NHTSA vPIC make/model examples (2026-08-12).
ontario_ministry_transport_vehicle_population,BMW,63G,PASSENGER,2024,2025,2,2024 | 2025,2024,2026,3,5,1612,2025,1096,3 Series,Model unresolved,Ontario identifies only a vehicle family; vPIC does not support one unique model.,635 | 633 | 630,BMW,disagreement,,false,superseded_high_stock_reaudit,Latest-active reviewed MTO key; pass agreement is recomputed using case-insensitive model-family equivalence.,Reviewed two-pass MTO make/model inference using NCIC model-code abbreviations and NHTSA vPIC make/model examples (2026-08-12).
ontario_ministry_transport_vehicle_population,CHEV,Z06,PASSENGER,2014,2025,11,2014 | 2016 | 2017 | 2018 | 2019 | 2020 | 2021 | 2022 | 2023 | 2024 | 2025,2004,2019,12,120,10383,2025,1095,Aveo,Aveo,,Camaro | Sonic | 400,Chevrolet,agreement,Aveo,false,superseded_high_stock_reaudit,Latest-active reviewed MTO key; pass agreement is recomputed using case-insensitive model-family equivalence.,Reviewed two-pass MTO make/model inference using NCIC model-code abbreviations and NHTSA vPIC make/model examples (2026-08-12).
ontario_ministry_transport_vehicle_population,FORD,A,PASSENGER,2014,2025,11,2014 | 2016 | 2017 | 2018 | 2019 | 2020 | 2021 | 2022 | 2023 | 2024 | 2025,1924,2026,24,243,12682,2025,1094,A,Model unresolved,The Ontario abbreviation does not match a vPIC model closely enough.,,Ford,disagreement,,false,superseded_high_stock_reaudit,Latest-active reviewed MTO key; pass agreement is recomputed using case-insensitive model-family equivalence.,Reviewed two-pass MTO make/model inference using NCIC model-code abbreviations and NHTSA vPIC make/model examples (2026-08-12).
ontario_ministry_transport_vehicle_population,BMW,83G,PASSENGER,2022,2025,4,2022 | 2023 | 2024 | 2025,2022,2026,5,14,3330,2025,1091,X3,X3,,8 Series | 3 Series | M,BMW,agreement,X3,false,superseded_high_stock_reaudit,Latest-active reviewed MTO key; pass agreement is recomputed using case-insensitive model-family equivalence.,Reviewed two-pass MTO make/model inference using NCIC model-code abbreviations and NHTSA vPIC make/model examples (2026-08-12).
ontario_ministry_transport_vehicle_population,FORD,FRE,COMMERCIAL | PASSENGER,2014,2025,11,2014 | 2016 | 2017 | 2018 | 2019 | 2020 | 2021 | 2022 | 2023 | 2024 | 2025,1942,2007,8,92,63650,2025,1081,Freestar,Freestar,,Freestyle,Ford,agreement,Freestar,false,superseded_high_stock_reaudit,Latest-active reviewed MTO key; pass agreement is recomputed using case-insensitive model-family equivalence.,Reviewed two-pass MTO make/model inference using NCIC model-code abbreviations and NHTSA vPIC make/model examples (2026-08-12).
ontario_ministry_transport_vehicle_population,JEEP,WAG,PASSENGER,2024,2025,2,2024 | 2025,1964,2025,28,56,1863,2025,1077,Wagoneer,Wagoneer,,,Jeep,agreement,Wagoneer,false,superseded_high_stock_reaudit,Latest-active reviewed MTO key; pass agreement is recomputed using case-insensitive model-family equivalence.,Reviewed two-pass MTO make/model inference using NCIC model-code abbreviations and NHTSA vPIC make/model examples (2026-08-12).
ontario_ministry_transport_vehicle_population,PORS,9NS,PASSENGER,2014,2025,11,2014 | 2016 | 2017 | 2018 | 2019 | 2020 | 2021 | 2022 | 2023 | 2024 | 2025,2005,2014,8,88,11925,2025,1075,911,911,,Cayenne | Turbo 4 911 S | Cayman,Porsche,agreement,911,false,superseded_high_stock_reaudit,Latest-active reviewed MTO key; pass agreement is recomputed using case-insensitive model-family equivalence.,Reviewed two-pass MTO make/model inference using NCIC model-code abbreviations and NHTSA vPIC make/model examples (2026-08-12).
ontario_ministry_transport_vehicle_population,TOYT,LBG,COMMERCIAL,2024,2025,2,2024 | 2025,2024,2024,1,2,2217,2025,1072,bZ4X,bZ4X,,Land Cruiser | GR 86 | GR Supra,Toyota,agreement,bZ4X,false,superseded_high_stock_reaudit,Latest-active reviewed MTO key; pass agreement is recomputed using case-insensitive model-family equivalence.,Reviewed two-pass MTO make/model inference using NCIC model-code abbreviations and NHTSA vPIC make/model examples (2026-08-12).
ontario_ministry_transport_vehicle_population,VOLV,ST5,PASSENGER,2014,2025,11,2014 | 2016 | 2017 | 2018 | 2019 | 2020 | 2021 | 2022 | 2023 | 2024 | 2025,2001,2017,13,133,14732,2025,1069,S60 (tentative),S60,,V50 | S80 | S40,Volvo,agreement,S60,false,superseded_high_stock_reaudit,Latest-active reviewed MTO key; pass agreement is recomputed using case-insensitive model-family equivalence.,Reviewed two-pass MTO make/model inference using NCIC model-code abbreviations and NHTSA vPIC make/model examples (2026-08-12).
ontario_ministry_transport_vehicle_population,LEXS,LS5,PASSENGER,2018,2025,8,2018 | 2019 | 2020 | 2021 | 2022 | 2023 | 2024 | 2025,2018,2021,4,28,9765,2025,1068,LS500H,LS,Code-to-name match is weak; selected from vPIC models with overlapping-year coverage.,LS,Lexus,agreement,LS,false,superseded_high_stock_reaudit,Latest-active reviewed MTO key; pass agreement is recomputed using case-insensitive model-family equivalence.,Reviewed two-pass MTO make/model inference using NCIC model-code abbreviations and NHTSA vPIC make/model examples (2026-08-12).
ontario_ministry_transport_vehicle_population,TOYT,C2E,PASSENGER,2016,2025,10,2016 | 2017 | 2018 | 2019 | 2020 | 2021 | 2022 | 2023 | 2024 | 2025,2015,2017,3,30,10950,2025,1066,CRESSIDA,Cressida,"Closest vPIC name match, but no sampled year-specific result corroborates it.",,Toyota,agreement,Cressida,false,superseded_high_stock_reaudit,Latest-active reviewed MTO key; pass agreement is recomputed using case-insensitive model-family equivalence.,Reviewed two-pass MTO make/model inference using NCIC model-code abbreviations and NHTSA vPIC make/model examples (2026-08-12).
ontario_ministry_transport_vehicle_population,PONT,FTA,PASSENGER,2014,2025,11,2014 | 2016 | 2017 | 2018 | 2019 | 2020 | 2021 | 2022 | 2023 | 2024 | 2025,1974,2002,12,132,10982,2025,1065,Firebird/Trans Am/Formula,Firebird,,Firefly | Montana | Grand Am,Pontiac,agreement,Firebird,false,superseded_high_stock_reaudit,Latest-active reviewed MTO key; pass agreement is recomputed using case-insensitive model-family equivalence.,Reviewed two-pass MTO make/model inference using NCIC model-code abbreviations and NHTSA vPIC make/model examples (2026-08-12).
ontario_ministry_transport_vehicle_population,CADI,CTA,PASSENGER,2014,2025,11,2014 | 2016 | 2017 | 2018 | 2019 | 2020 | 2021 | 2022 | 2023 | 2024 | 2025,2008,2026,19,150,14398,2025,1058,CTS,CTS,,CT5 | CT4 | CT6,Cadillac,agreement,CTS,false,superseded_high_stock_reaudit,Latest-active reviewed MTO key; pass agreement is recomputed using case-insensitive model-family equivalence.,Reviewed two-pass MTO make/model inference using NCIC model-code abbreviations and NHTSA vPIC make/model examples (2026-08-12).
ontario_ministry_transport_vehicle_population,GMC,SON,COMMERCIAL,2014,2025,11,2014 | 2016 | 2017 | 2018 | 2019 | 2020 | 2021 | 2022 | 2023 | 2024 | 2025,1991,2004,14,154,28311,2025,1058,Sonoma,Sonoma,,,GMC,agreement,Sonoma,false,superseded_high_stock_reaudit,Latest-active reviewed MTO key; pass agreement is recomputed using case-insensitive model-family equivalence.,Reviewed two-pass MTO make/model inference using NCIC model-code abbreviations and NHTSA vPIC make/model examples (2026-08-12).
ontario_ministry_transport_vehicle_population,MERZ,SLX,PASSENGER,2014,2025,11,2014 | 2016 | 2017 | 2018 | 2019 | 2020 | 2021 | 2022 | 2023 | 2024 | 2025,2007,2020,13,131,11048,2025,1054,SLR,SLR McLaren,"vPIC supports the model, but the Ontario abbreviation is not uniquely identifying.",SLS AMG,Mercedes-Benz,agreement,SLR McLaren,false,superseded_high_stock_reaudit,Latest-active reviewed MTO key; pass agreement is recomputed using case-insensitive model-family equivalence.,Reviewed two-pass MTO make/model inference using NCIC model-code abbreviations and NHTSA vPIC make/model examples (2026-08-12).
ontario_ministry_transport_vehicle_population,AUDI,NAQ,PASSENGER,2014,2025,11,2014 | 2016 | 2017 | 2018 | 2019 | 2020 | 2021 | 2022 | 2023 | 2024 | 2025,2005,2008,4,44,22702,2025,1053,A8,A8,,A6 | A4 | A3,Audi,agreement,A8,false,superseded_high_stock_reaudit,Latest-active reviewed MTO key; pass agreement is recomputed using case-insensitive model-family equivalence.,Reviewed two-pass MTO make/model inference using NCIC model-code abbreviations and NHTSA vPIC make/model examples (2026-08-12).
ontario_ministry_transport_vehicle_population,BMW,43X,PASSENGER,2014,2025,11,2014 | 2016 | 2017 | 2018 | 2019 | 2020 | 2021 | 2022 | 2023 | 2024 | 2025,2014,2016,3,32,12509,2025,1050,4 Series,435i,Generic Ontario code spans multiple vPIC models; this is the closest family match.,3 Series | 435 | 430,BMW,disagreement,,false,superseded_high_stock_reaudit,Latest-active reviewed MTO key; pass agreement is recomputed using case-insensitive model-family equivalence.,Reviewed two-pass MTO make/model inference using NCIC model-code abbreviations and NHTSA vPIC make/model examples (2026-08-12).
ontario_ministry_transport_vehicle_population,MERZ,V0G,COMMERCIAL,2020,2025,6,2020 | 2021 | 2022 | 2023 | 2024 | 2025,2020,2023,4,18,4581,2025,1049,AMG GT,AMG GT,,G-Class | GLS-Class | GLE-Class,Mercedes-Benz,agreement,AMG GT,false,superseded_high_stock_reaudit,Latest-active reviewed MTO key; pass agreement is recomputed using case-insensitive model-family equivalence.,Reviewed two-pass MTO make/model inference using NCIC model-code abbreviations and NHTSA vPIC make/model examples (2026-08-12).
ontario_ministry_transport_vehicle_population,VOLK,GFR,PASSENGER,2014,2025,11,2014 | 2016 | 2017 | 2018 | 2019 | 2020 | 2021 | 2022 | 2023 | 2024 | 2025,2012,2025,7,45,10000,2025,1049,GOLF R,Golf R,,GLI | Tiguan | Golf/GTI,Volkswagen,agreement,Golf R,false,superseded_high_stock_reaudit,Latest-active reviewed MTO key; pass agreement is recomputed using case-insensitive model-family equivalence.,Reviewed two-pass MTO make/model inference using NCIC model-code abbreviations and NHTSA vPIC make/model examples (2026-08-12).
ontario_ministry_transport_vehicle_population,HYUN,SAF,PASSENGER,2025,2025,1,2025,2000,2026,2,2,1046,2025,1046,Santa Fe,Santa Fe,,,Hyundai,agreement,Santa Fe,false,superseded_high_stock_reaudit,Latest-active reviewed MTO key; pass agreement is recomputed using case-insensitive model-family equivalence.,Reviewed two-pass MTO make/model inference using NCIC model-code abbreviations and NHTSA vPIC make/model examples (2026-08-12).
ontario_ministry_transport_vehicle_population,FORD,FSH,PASSENGER,2014,2025,11,2014 | 2016 | 2017 | 2018 | 2019 | 2020 | 2021 | 2022 | 2023 | 2024 | 2025,2013,2020,8,77,12970,2025,1044,Fusion,Fusion,,Fiesta | FREESTAR,Ford,agreement,Fusion,false,superseded_high_stock_reaudit,Latest-active reviewed MTO key; pass agreement is recomputed using case-insensitive model-family equivalence.,Reviewed two-pass MTO make/model inference using NCIC model-code abbreviations and NHTSA vPIC make/model examples (2026-08-12).
ontario_ministry_transport_vehicle_population,DODG,CAT,PASSENGER,2016,2025,10,2016 | 2017 | 2018 | 2019 | 2020 | 2021 | 2022 | 2023 | 2024 | 2025,1967,2023,11,86,7077,2025,1043,Colt,Colt,,Charger | Challenger | Caliber,Dodge,agreement,Colt,false,superseded_high_stock_reaudit,Latest-active reviewed MTO key; pass agreement is recomputed using case-insensitive model-family equivalence.,Reviewed two-pass MTO make/model inference using NCIC model-code abbreviations and NHTSA vPIC make/model examples (2026-08-12).
ontario_ministry_transport_vehicle_population,LNDR,LR2,PASSENGER,2014,2025,11,2014 | 2016 | 2017 | 2018 | 2019 | 2020 | 2021 | 2022 | 2023 | 2024 | 2025,2008,2015,8,88,16004,2025,1042,LR2,LR2,,,Land Rover,agreement,LR2,false,superseded_high_stock_reaudit,Latest-active reviewed MTO key; pass agreement is recomputed using case-insensitive model-family equivalence.,Reviewed two-pass MTO make/model inference using NCIC model-code abbreviations and NHTSA vPIC make/model examples (2026-08-12).
ontario_ministry_transport_vehicle_population,KIA,FKG,PASSENGER,2017,2025,9,2017 | 2018 | 2019 | 2020 | 2021 | 2022 | 2023 | 2024 | 2025,2017,2018,2,18,9425,2025,1039,Forte,Forte,,K900 | Stinger,Kia,agreement,Forte,false,superseded_high_stock_reaudit,Latest-active reviewed MTO key; pass agreement is recomputed using case-insensitive model-family equivalence.,Reviewed two-pass MTO make/model inference using NCIC model-code abbreviations and NHTSA vPIC make/model examples (2026-08-12).
ontario_ministry_transport_vehicle_population,NISS,370,PASSENGER,2014,2025,11,2014 | 2016 | 2017 | 2018 | 2019 | 2020 | 2021 | 2022 | 2023 | 2024 | 2025,2009,2018,8,78,11783,2025,1039,370Z,370Z,,370z,Nissan,agreement,370Z,false,superseded_high_stock_reaudit,Latest-active reviewed MTO key; pass agreement is recomputed using case-insensitive model-family equivalence.,Reviewed two-pass MTO make/model inference using NCIC model-code abbreviations and NHTSA vPIC make/model examples (2026-08-12).
ontario_ministry_transport_vehicle_population,NISS,SSR,PASSENGER,2014,2025,11,2014 | 2016 | 2017 | 2018 | 2019 | 2020 | 2021 | 2022 | 2023 | 2024 | 2025,2002,2025,16,149,11084,2025,1039,Sentra,Sentra,,,Nissan,agreement,Sentra,false,superseded_high_stock_reaudit,Latest-active reviewed MTO key; pass agreement is recomputed using case-insensitive model-family equivalence.,Reviewed two-pass MTO make/model inference using NCIC model-code abbreviations and NHTSA vPIC make/model examples (2026-08-12).
ontario_ministry_transport_vehicle_population,CADI,ATA,PASSENGER,2016,2025,10,2016 | 2017 | 2018 | 2019 | 2020 | 2021 | 2022 | 2023 | 2024 | 2025,2014,2018,5,44,10178,2025,1038,ATS,ATS,,ATS-V,Cadillac,agreement,ATS,false,superseded_high_stock_reaudit,Latest-active reviewed MTO key; pass agreement is recomputed using case-insensitive model-family equivalence.,Reviewed two-pass MTO make/model inference using NCIC model-code abbreviations and NHTSA vPIC make/model examples (2026-08-12).
ontario_ministry_transport_vehicle_population,CHEV,BEL,PASSENGER,2014,2025,11,2014 | 2016 | 2017 | 2018 | 2019 | 2020 | 2021 | 2022 | 2023 | 2024 | 2025,1919,1982,37,400,12330,2025,1037,BEL AIR,Blazer,vPIC also supports El Camino; the code does not clearly distinguish them.,,Chevrolet,disagreement,,false,superseded_high_stock_reaudit,Latest-active reviewed MTO key; pass agreement is recomputed using case-insensitive model-family equivalence.,Reviewed two-pass MTO make/model inference using NCIC model-code abbreviations and NHTSA vPIC make/model examples (2026-08-12).
ontario_ministry_transport_vehicle_population,VOLK,CJT,PASSENGER,2014,2025,11,2014 | 2016 | 2017 | 2018 | 2019 | 2020 | 2021 | 2022 | 2023 | 2024 | 2025,1987,2025,8,70,12808,2025,1035,Jetta,Jetta,,,Volkswagen,agreement,Jetta,false,superseded_high_stock_reaudit,Latest-active reviewed MTO key; pass agreement is recomputed using case-insensitive model-family equivalence.,Reviewed two-pass MTO make/model inference using NCIC model-code abbreviations and NHTSA vPIC make/model examples (2026-08-12).
ontario_ministry_transport_vehicle_population,HOND,CHY,PASSENGER,2014,2025,11,2014 | 2016 | 2017 | 2018 | 2019 | 2020 | 2021 | 2022 | 2023 | 2024 | 2025,2003,2015,13,141,20006,2025,1033,Clarity,Clarity,"Closest vPIC name match, but no sampled year-specific result corroborates it.",,Honda,agreement,Clarity,false,superseded_high_stock_reaudit,Latest-active reviewed MTO key; pass agreement is recomputed using case-insensitive model-family equivalence.,Reviewed two-pass MTO make/model inference using NCIC model-code abbreviations and NHTSA vPIC make/model examples (2026-08-12).
ontario_ministry_transport_vehicle_population,MERZ,E32,PASSENGER,2014,2025,11,2014 | 2016 | 2017 | 2018 | 2019 | 2020 | 2021 | 2022 | 2023 | 2024 | 2025,1994,2005,12,132,21599,2025,1033,E320,Model unresolved,The Ontario abbreviation does not match a vPIC model closely enough.,,Mercedes-Benz,disagreement,,false,superseded_high_stock_reaudit,Latest-active reviewed MTO key; pass agreement is recomputed using case-insensitive model-family equivalence.,Reviewed two-pass MTO make/model inference using NCIC model-code abbreviations and NHTSA vPIC make/model examples (2026-08-12).
ontario_ministry_transport_vehicle_population,HYUN,ALE,PASSENGER,2014,2025,11,2014 | 2016 | 2017 | 2018 | 2019 | 2020 | 2021 | 2022 | 2023 | 2024 | 2025,2012,2013,2,22,14443,2025,1032,Azera,Azera,,PALISADE | Accent | Santa Fe,Hyundai,agreement,Azera,false,superseded_high_stock_reaudit,Latest-active reviewed MTO key; pass agreement is recomputed using case-insensitive model-family equivalence.,Reviewed two-pass MTO make/model inference using NCIC model-code abbreviations and NHTSA vPIC make/model examples (2026-08-12).
ontario_ministry_transport_vehicle_population,BUIC,VCN,PASSENGER,2014,2025,11,2014 | 2016 | 2017 | 2018 | 2019 | 2020 | 2021 | 2022 | 2023 | 2024 | 2025,2012,2016,5,54,12320,2025,1028,Verano,Verano,,Envision | Enclave | LaCrosse,Buick,agreement,Verano,false,superseded_high_stock_reaudit,Latest-active reviewed MTO key; pass agreement is recomputed using case-insensitive model-family equivalence.,Reviewed two-pass MTO make/model inference using NCIC model-code abbreviations and NHTSA vPIC make/model examples (2026-08-12).
ontario_ministry_transport_vehicle_population,RAM,HRG,COMMERCIAL,2019,2025,7,2019 | 2020 | 2021 | 2022 | 2023 | 2024 | 2025,2019,2022,4,24,5691,2025,1026,Promaster City,Promaster City,,1500,Ram,agreement,Promaster City,false,superseded_high_stock_reaudit,Latest-active reviewed MTO key; pass agreement is recomputed using case-insensitive model-family equivalence.,Reviewed two-pass MTO make/model inference using NCIC model-code abbreviations and NHTSA vPIC make/model examples (2026-08-12).
ontario_ministry_transport_vehicle_population,VOLK,PSR,PASSENGER,2016,2025,10,2016 | 2017 | 2018 | 2019 | 2020 | 2021 | 2022 | 2023 | 2024 | 2025,2016,2017,2,20,10019,2025,1026,Passat,Passat,,,Volkswagen,agreement,Passat,false,superseded_high_stock_reaudit,Latest-active reviewed MTO key; pass agreement is recomputed using case-insensitive model-family equivalence.,Reviewed two-pass MTO make/model inference using NCIC model-code abbreviations and NHTSA vPIC make/model examples (2026-08-12).
ontario_ministry_transport_vehicle_population,CHEV,NOV,PASSENGER,2014,2025,11,2014 | 2016 | 2017 | 2018 | 2019 | 2020 | 2021 | 2022 | 2023 | 2024 | 2025,1919,1988,31,341,12356,2025,1025,Nova,Nova,,,Chevrolet,agreement,Nova,false,superseded_high_stock_reaudit,Latest-active reviewed MTO key; pass agreement is recomputed using case-insensitive model-family equivalence.,Reviewed two-pass MTO make/model inference using NCIC model-code abbreviations and NHTSA vPIC make/model examples (2026-08-12).
ontario_ministry_transport_vehicle_population,FORD,FSI,PASSENGER,2014,2025,11,2014 | 2016 | 2017 | 2018 | 2019 | 2020 | 2021 | 2022 | 2023 | 2024 | 2025,2011,2012,2,22,16074,2025,1025,Fusion,Fusion,,,Ford,agreement,Fusion,false,superseded_high_stock_reaudit,Latest-active reviewed MTO key; pass agreement is recomputed using case-insensitive model-family equivalence.,Reviewed two-pass MTO make/model inference using NCIC model-code abbreviations and NHTSA vPIC make/model examples (2026-08-12).
ontario_ministry_transport_vehicle_population,TOYT,CRO,PASSENGER,2023,2025,3,2023 | 2024 | 2025,1962,2026,27,75,2450,2025,1024,Crown,Crown,,,Toyota,agreement,Crown,false,superseded_high_stock_reaudit,Latest-active reviewed MTO key; pass agreement is recomputed using case-insensitive model-family equivalence.,Reviewed two-pass MTO make/model inference using NCIC model-code abbreviations and NHTSA vPIC make/model examples (2026-08-12).
ontario_ministry_transport_vehicle_population,ALFA,FAG,PASSENGER,2017,2025,9,2017 | 2018 | 2019 | 2020 | 2021 | 2022 | 2023 | 2024 | 2025,2017,2025,9,50,6389,2025,1022,ZAGATO,Model unresolved,The Ontario abbreviation does not match a vPIC model closely enough.,ALFA GT6 | ALFETTA GT,Alfa Romeo,disagreement,,false,superseded_high_stock_reaudit,Latest-active reviewed MTO key; pass agreement is recomputed using case-insensitive model-family equivalence.,Reviewed two-pass MTO make/model inference using NCIC model-code abbreviations and NHTSA vPIC make/model examples (2026-08-12).
ontario_ministry_transport_vehicle_population,AUDI,S8Q,PASSENGER,2017,2025,9,2017 | 2018 | 2019 | 2020 | 2021 | 2022 | 2023 | 2024 | 2025,2001,2025,18,135,5179,2025,1017,S8,S8,,,Audi,agreement,S8,false,superseded_high_stock_reaudit,Latest-active reviewed MTO key; pass agreement is recomputed using case-insensitive model-family equivalence.,Reviewed two-pass MTO make/model inference using NCIC model-code abbreviations and NHTSA vPIC make/model examples (2026-08-12).
ontario_ministry_transport_vehicle_population,HYUN,JFG,PASSENGER,2024,2025,2,2024 | 2025,2022,2025,4,8,1480,2025,1017,Santa Fe,Santa Fe,,Venue | Tucson | Sonata,Hyundai,agreement,Santa Fe,false,superseded_high_stock_reaudit,Latest-active reviewed MTO key; pass agreement is recomputed using case-insensitive model-family equivalence.,Reviewed two-pass MTO make/model inference using NCIC model-code abbreviations and NHTSA vPIC make/model examples (2026-08-12).
ontario_ministry_transport_vehicle_population,FORD,F10,COMMERCIAL | PASSENGER,2014,2025,11,2014 | 2016 | 2017 | 2018 | 2019 | 2020 | 2021 | 2022 | 2023 | 2024 | 2025,1903,2013,64,1095,11632,2025,1016,F100,F-100,,,Ford,agreement,F-100,false,superseded_high_stock_reaudit,Latest-active reviewed MTO key; pass agreement is recomputed using case-insensitive model-family equivalence.,Reviewed two-pass MTO make/model inference using NCIC model-code abbreviations and NHTSA vPIC make/model examples (2026-08-12).
ontario_ministry_transport_vehicle_population,BMW,13R,PASSENGER,2016,2025,10,2016 | 2017 | 2018 | 2019 | 2020 | 2021 | 2022 | 2023 | 2024 | 2025,2014,2025,9,61,5241,2025,1014,3 Series,Model unresolved,Ontario identifies only a vehicle family; vPIC does not support one unique model.,,BMW,disagreement,,false,superseded_high_stock_reaudit,Latest-active reviewed MTO key; pass agreement is recomputed using case-insensitive model-family equivalence.,Reviewed two-pass MTO make/model inference using NCIC model-code abbreviations and NHTSA vPIC make/model examples (2026-08-12).
ontario_ministry_transport_vehicle_population,TOYT,L9L,PASSENGER,2019,2025,7,2019 | 2020 | 2021 | 2022 | 2023 | 2024 | 2025,2019,2022,4,21,6308,2025,1010,Land Cruiser,Land Cruiser,,Highlander | Corolla | Tundra,Toyota,agreement,Land Cruiser,false,superseded_high_stock_reaudit,Latest-active reviewed MTO key; pass agreement is recomputed using case-insensitive model-family equivalence.,Reviewed two-pass MTO make/model inference using NCIC model-code abbreviations and NHTSA vPIC make/model examples (2026-08-12).
ontario_ministry_transport_vehicle_population,ACUR,CTX,PASSENGER,2014,2025,11,2014 | 2016 | 2017 | 2018 | 2019 | 2020 | 2021 | 2022 | 2023 | 2024 | 2025,2010,2013,4,43,10907,2025,1007,TSX,TSX,,,Acura,agreement,TSX,false,superseded_high_stock_reaudit,Latest-active reviewed MTO key; pass agreement is recomputed using case-insensitive model-family equivalence.,Reviewed two-pass MTO make/model inference using NCIC model-code abbreviations and NHTSA vPIC make/model examples (2026-08-12).
ontario_ministry_transport_vehicle_population,LEXS,U9L,PASSENGER,2019,2025,7,2019 | 2020 | 2021 | 2022 | 2023 | 2024 | 2025,2019,2019,1,7,7081,2025,1001,UX,UX,,LX | LS | LC,Lexus,agreement,UX,false,superseded_high_stock_reaudit,Latest-active reviewed MTO key; pass agreement is recomputed using case-insensitive model-family equivalence.,Reviewed two-pass MTO make/model inference using NCIC model-code abbreviations and NHTSA vPIC make/model examples (2026-08-12).
ontario_ministry_transport_vehicle_population,MERZ,E24,PASSENGER,2014,2025,11,2014 | 2016 | 2017 | 2018 | 2019 | 2020 | 2021 | 2022 | 2023 | 2024 | 2025,1999,2016,4,33,13046,2025,999,240,240,"Closest vPIC name match, but no sampled year-specific result corroborates it.",C240 | E450 | E420,Mercedes-Benz,agreement,240,false,superseded_high_stock_reaudit,Latest-active reviewed MTO key; pass agreement is recomputed using case-insensitive model-family equivalence.,Reviewed two-pass MTO make/model inference using NCIC model-code abbreviations and NHTSA vPIC make/model examples (2026-08-12).
ontario_ministry_transport_vehicle_population,FRHT,116,COMMERCIAL,2021,2025,5,2021 | 2022 | 2023 | 2024 | 2025,2018,2026,9,35,3126,2025,992,116SD,114SD,"vPIC supports the model, but the Ontario abbreviation is not uniquely identifying.",114SD | 122SD,Freightliner,disagreement,,false,superseded_high_stock_reaudit,Latest-active reviewed MTO key; pass agreement is recomputed using case-insensitive model-family equivalence.,Reviewed two-pass MTO make/model inference using NCIC model-code abbreviations and NHTSA vPIC make/model examples (2026-08-12).
ontario_ministry_transport_vehicle_population,CADI,ALA,PASSENGER,2016,2025,10,2016 | 2017 | 2018 | 2019 | 2020 | 2021 | 2022 | 2023 | 2024 | 2025,1992,2017,4,40,11558,2025,990,Allante,Allante,,,Cadillac,agreement,Allante,false,superseded_high_stock_reaudit,Latest-active reviewed MTO key; pass agreement is recomputed using case-insensitive model-family equivalence.,Reviewed two-pass MTO make/model inference using NCIC model-code abbreviations and NHTSA vPIC make/model examples (2026-08-12).
ontario_ministry_transport_vehicle_population,SUBA,IPP,PASSENGER,2016,2025,10,2016 | 2017 | 2018 | 2019 | 2020 | 2021 | 2022 | 2023 | 2024 | 2025,2015,2016,2,20,9820,2025,990,Impreza/Outback Sport,Impreza,,,Subaru,agreement,Impreza,false,superseded_high_stock_reaudit,Latest-active reviewed MTO key; pass agreement is recomputed using case-insensitive model-family equivalence.,Reviewed two-pass MTO make/model inference using NCIC model-code abbreviations and NHTSA vPIC make/model examples (2026-08-12).
ontario_ministry_transport_vehicle_population,LNDR,1LG,PASSENGER,2023,2025,3,2023 | 2024 | 2025,2023,2025,3,8,2155,2025,989,Defender (tentative),Defender,,VELAR | Range Rover | FREELANDER,Land Rover,agreement,Defender,false,superseded_high_stock_reaudit,Latest-active reviewed MTO key; pass agreement is recomputed using case-insensitive model-family equivalence.,Reviewed two-pass MTO make/model inference using NCIC model-code abbreviations and NHTSA vPIC make/model examples (2026-08-12).
ontario_ministry_transport_vehicle_population,NISS,CUB,PASSENGER,2014,2025,11,2014 | 2016 | 2017 | 2018 | 2019 | 2020 | 2021 | 2022 | 2023 | 2024 | 2025,2009,2014,6,65,16239,2025,989,Cube,Cube,,,Nissan,agreement,Cube,false,superseded_high_stock_reaudit,Latest-active reviewed MTO key; pass agreement is recomputed using case-insensitive model-family equivalence.,Reviewed two-pass MTO make/model inference using NCIC model-code abbreviations and NHTSA vPIC make/model examples (2026-08-12).
ontario_ministry_transport_vehicle_population,VOLK,CJS,PASSENGER,2014,2025,11,2014 | 2016 | 2017 | 2018 | 2019 | 2020 | 2021 | 2022 | 2023 | 2024 | 2025,1993,2005,6,66,33998,2025,989,Jetta,Jetta,,Passat | Cabrio | Corrado,Volkswagen,agreement,Jetta,false,superseded_high_stock_reaudit,Latest-active reviewed MTO key; pass agreement is recomputed using case-insensitive model-family equivalence.,Reviewed two-pass MTO make/model inference using NCIC model-code abbreviations and NHTSA vPIC make/model examples (2026-08-12).
ontario_ministry_transport_vehicle_population,KIA,SEV,PASSENGER,2017,2025,9,2017 | 2018 | 2019 | 2020 | 2021 | 2022 | 2023 | 2024 | 2025,2015,2023,9,66,7102,2025,986,Sedona,Sedona,,Seltos,Kia,agreement,Sedona,false,superseded_high_stock_reaudit,Latest-active reviewed MTO key; pass agreement is recomputed using case-insensitive model-family equivalence.,Reviewed two-pass MTO make/model inference using NCIC model-code abbreviations and NHTSA vPIC make/model examples (2026-08-12).
ontario_ministry_transport_vehicle_population,VOLK,CFT,PASSENGER,2016,2025,10,2016 | 2017 | 2018 | 2019 | 2020 | 2021 | 2022 | 2023 | 2024 | 2025,2016,2016,1,10,10518,2025,986,CC,CC,,Jetta | Tiguan | Touareg,Volkswagen,agreement,CC,false,superseded_high_stock_reaudit,Latest-active reviewed MTO key; pass agreement is recomputed using case-insensitive model-family equivalence.,Reviewed two-pass MTO make/model inference using NCIC model-code abbreviations and NHTSA vPIC make/model examples (2026-08-12).
ontario_ministry_transport_vehicle_population,HYUN,TOS,PASSENGER,2014,2025,11,2014 | 2016 | 2017 | 2018 | 2019 | 2020 | 2021 | 2022 | 2023 | 2024 | 2025,2011,2011,1,11,13974,2025,978,ATOS,Model unresolved,The Ontario abbreviation does not match a vPIC model closely enough.,,Hyundai,disagreement,,false,superseded_high_stock_reaudit,Latest-active reviewed MTO key; pass agreement is recomputed using case-insensitive model-family equivalence.,Reviewed two-pass MTO make/model inference using NCIC model-code abbreviations and NHTSA vPIC make/model examples (2026-08-12).
ontario_ministry_transport_vehicle_population,VOLK,01G,PASSENGER,2017,2025,9,2017 | 2018 | 2019 | 2020 | 2021 | 2022 | 2023 | 2024 | 2025,2017,2017,1,9,8771,2025,978,Touareg,Touareg,,Tiguan | Golf/GTI | Beetle,Volkswagen,agreement,Touareg,false,superseded_high_stock_reaudit,Latest-active reviewed MTO key; pass agreement is recomputed using case-insensitive model-family equivalence.,Reviewed two-pass MTO make/model inference using NCIC model-code abbreviations and NHTSA vPIC make/model examples (2026-08-12).
ontario_ministry_transport_vehicle_population,SUBA,IWX,PASSENGER,2014,2025,11,2014 | 2016 | 2017 | 2018 | 2019 | 2020 | 2021 | 2022 | 2023 | 2024 | 2025,2002,2011,7,77,15204,2025,974,Impreza/Outback Sport,Impreza,,RX,Subaru,agreement,Impreza,false,superseded_high_stock_reaudit,Latest-active reviewed MTO key; pass agreement is recomputed using case-insensitive model-family equivalence.,Reviewed two-pass MTO make/model inference using NCIC model-code abbreviations and NHTSA vPIC make/model examples (2026-08-12).
ontario_ministry_transport_vehicle_population,CHEV,VLT,PASSENGER,2014,2025,11,2014 | 2016 | 2017 | 2018 | 2019 | 2020 | 2021 | 2022 | 2023 | 2024 | 2025,2011,2015,5,55,11991,2025,972,Volt,Volt,,,Chevrolet,agreement,Volt,false,superseded_high_stock_reaudit,Latest-active reviewed MTO key; pass agreement is recomputed using case-insensitive model-family equivalence.,Reviewed two-pass MTO make/model inference using NCIC model-code abbreviations and NHTSA vPIC make/model examples (2026-08-12).
ontario_ministry_transport_vehicle_population,TOYT,MRI,PASSENGER,2019,2025,7,2019 | 2020 | 2021 | 2022 | 2023 | 2024 | 2025,2016,2022,7,34,6477,2025,970,Mirai,Mirai,,Prius | MATRIX | MARK II,Toyota,agreement,Mirai,false,superseded_high_stock_reaudit,Latest-active reviewed MTO key; pass agreement is recomputed using case-insensitive model-family equivalence.,Reviewed two-pass MTO make/model inference using NCIC model-code abbreviations and NHTSA vPIC make/model examples (2026-08-12).
ontario_ministry_transport_vehicle_population,MAZD,RX8,PASSENGER,2014,2025,11,2014 | 2016 | 2017 | 2018 | 2019 | 2020 | 2021 | 2022 | 2023 | 2024 | 2025,2004,2011,8,88,14158,2025,967,RX-8,RX-8,,,Mazda,agreement,RX-8,false,superseded_high_stock_reaudit,Latest-active reviewed MTO key; pass agreement is recomputed using case-insensitive model-family equivalence.,Reviewed two-pass MTO make/model inference using NCIC model-code abbreviations and NHTSA vPIC make/model examples (2026-08-12).
ontario_ministry_transport_vehicle_population,BUIC,RPR,PASSENGER,2014,2025,11,2014 | 2016 | 2017 | 2018 | 2019 | 2020 | 2021 | 2022 | 2023 | 2024 | 2025,2012,2017,6,64,11079,2025,965,RANIER,Rainier,"Closest vPIC name match, but no sampled year-specific result corroborates it.",,Buick,disagreement,,false,superseded_high_stock_reaudit,Latest-active reviewed MTO key; pass agreement is recomputed using case-insensitive model-family equivalence.,Reviewed two-pass MTO make/model inference using NCIC model-code abbreviations and NHTSA vPIC make/model examples (2026-08-12).
ontario_ministry_transport_vehicle_population,MERZ,SL5,PASSENGER,2014,2025,11,2014 | 2016 | 2017 | 2018 | 2019 | 2020 | 2021 | 2022 | 2023 | 2024 | 2025,1984,2010,20,216,11114,2025,965,SL550,500,vPIC also supports S-Class; the code does not clearly distinguish them.,SL500,Mercedes-Benz,disagreement,,false,superseded_high_stock_reaudit,Latest-active reviewed MTO key; pass agreement is recomputed using case-insensitive model-family equivalence.,Reviewed two-pass MTO make/model inference using NCIC model-code abbreviations and NHTSA vPIC make/model examples (2026-08-12).
ontario_ministry_transport_vehicle_population,CADI,TDS,PASSENGER,2014,2025,11,2014 | 2016 | 2017 | 2018 | 2019 | 2020 | 2021 | 2022 | 2023 | 2024 | 2025,2006,2011,6,66,17993,2025,964,STS,STS,,DTS | CTS | STS-V,Cadillac,agreement,STS,false,superseded_high_stock_reaudit,Latest-active reviewed MTO key; pass agreement is recomputed using case-insensitive model-family equivalence.,Reviewed two-pass MTO make/model inference using NCIC model-code abbreviations and NHTSA vPIC make/model examples (2026-08-12).
ontario_ministry_transport_vehicle_population,MAZD,M5G,PASSENGER,2014,2025,11,2014 | 2016 | 2017 | 2018 | 2019 | 2020 | 2021 | 2022 | 2023 | 2024 | 2025,2014,2017,4,41,9829,2025,963,MX-5,MX-5,,,Mazda,agreement,MX-5,false,superseded_high_stock_reaudit,Latest-active reviewed MTO key; pass agreement is recomputed using case-insensitive model-family equivalence.,Reviewed two-pass MTO make/model inference using NCIC model-code abbreviations and NHTSA vPIC make/model examples (2026-08-12).
ontario_ministry_transport_vehicle_population,SUBA,C25,PASSENGER,2014,2025,11,2014 | 2016 | 2017 | 2018 | 2019 | 2020 | 2021 | 2022 | 2023 | 2024 | 2025,2008,2009,2,22,17017,2025,959,Tribeca (tentative),B9 Tribeca,"vPIC supports the model, but the Ontario abbreviation is not uniquely identifying.",ASCENT | Legacy/Outback | Impreza/Outback Sport,Subaru,agreement,B9 Tribeca,false,superseded_high_stock_reaudit,Latest-active reviewed MTO key; pass agreement is recomputed using case-insensitive model-family equivalence.,Reviewed two-pass MTO make/model inference using NCIC model-code abbreviations and NHTSA vPIC make/model examples (2026-08-12).
ontario_ministry_transport_vehicle_population,VOLK,CCS,PASSENGER,2014,2025,11,2014 | 2016 | 2017 | 2018 | 2019 | 2020 | 2021 | 2022 | 2023 | 2024 | 2025,2009,2015,6,66,15051,2025,956,CC,CC,,,Volkswagen,agreement,CC,false,superseded_high_stock_reaudit,Latest-active reviewed MTO key; pass agreement is recomputed using case-insensitive model-family equivalence.,Reviewed two-pass MTO make/model inference using NCIC model-code abbreviations and NHTSA vPIC make/model examples (2026-08-12).
ontario_ministry_transport_vehicle_population,MERZ,2CL,PASSENGER,2014,2025,11,2014 | 2016 | 2017 | 2018 | 2019 | 2020 | 2021 | 2022 | 2023 | 2024 | 2025,2014,2019,6,58,12429,2025,955,S-Class,S-Class,,G-Class | E-Class | C-Class,Mercedes-Benz,agreement,S-Class,false,superseded_high_stock_reaudit,Latest-active reviewed MTO key; pass agreement is recomputed using case-insensitive model-family equivalence.,Reviewed two-pass MTO make/model inference using NCIC model-code abbreviations and NHTSA vPIC make/model examples (2026-08-12).
ontario_ministry_transport_vehicle_population,AUDI,S3P,PASSENGER,2016,2025,10,2016 | 2017 | 2018 | 2019 | 2020 | 2021 | 2022 | 2023 | 2024 | 2025,2015,2020,6,53,9173,2025,954,S3,S3,,,Audi,agreement,S3,false,superseded_high_stock_reaudit,Latest-active reviewed MTO key; pass agreement is recomputed using case-insensitive model-family equivalence.,Reviewed two-pass MTO make/model inference using NCIC model-code abbreviations and NHTSA vPIC make/model examples (2026-08-12).
ontario_ministry_transport_vehicle_population,HYUN,CER,PASSENGER,2014,2025,11,2014 | 2016 | 2017 | 2018 | 2019 | 2020 | 2021 | 2022 | 2023 | 2024 | 2025,2007,2007,1,11,23455,2025,951,Azera,Azera,,Accent | Elantra | Veracruz,Hyundai,agreement,Azera,false,superseded_high_stock_reaudit,Latest-active reviewed MTO key; pass agreement is recomputed using case-insensitive model-family equivalence.,Reviewed two-pass MTO make/model inference using NCIC model-code abbreviations and NHTSA vPIC make/model examples (2026-08-12).
ontario_ministry_transport_vehicle_population,BMW,Z30,PASSENGER,2014,2025,11,2014 | 2016 | 2017 | 2018 | 2019 | 2020 | 2021 | 2022 | 2023 | 2024 | 2025,2003,2008,6,66,9874,2025,950,3 Series,530i,Generic Ontario code spans multiple vPIC models; this is the closest family match.,630 | 530 | 430,BMW,disagreement,,false,superseded_high_stock_reaudit,Latest-active reviewed MTO key; pass agreement is recomputed using case-insensitive model-family equivalence.,Reviewed two-pass MTO make/model inference using NCIC model-code abbreviations and NHTSA vPIC make/model examples (2026-08-12).
ontario_ministry_transport_vehicle_population,MG,MGB,PASSENGER,2014,2025,11,2014 | 2016 | 2017 | 2018 | 2019 | 2020 | 2021 | 2022 | 2023 | 2024 | 2025,1952,1981,23,253,11909,2025,948,MGB,Model unresolved,The Ontario abbreviation does not match a vPIC model closely enough.,,MG,disagreement,,false,superseded_high_stock_reaudit,Latest-active reviewed MTO key; pass agreement is recomputed using case-insensitive model-family equivalence.,Reviewed two-pass MTO make/model inference using NCIC model-code abbreviations and NHTSA vPIC make/model examples (2026-08-12).
ontario_ministry_transport_vehicle_population,MITS,LGT,PASSENGER,2014,2025,11,2014 | 2016 | 2017 | 2018 | 2019 | 2020 | 2021 | 2022 | 2023 | 2024 | 2025,2008,2011,4,44,17330,2025,946,SPYDER 3000 GT,Galant,vPIC also supports 3000GT; the code does not clearly distinguish them.,Galant | Lancer | Eclipse,Mitsubishi,disagreement,,false,superseded_high_stock_reaudit,Latest-active reviewed MTO key; pass agreement is recomputed using case-insensitive model-family equivalence.,Reviewed two-pass MTO make/model inference using NCIC model-code abbreviations and NHTSA vPIC make/model examples (2026-08-12).
ontario_ministry_transport_vehicle_population,NISS,BSS,PASSENGER,2016,2025,10,2016 | 2017 | 2018 | 2019 | 2020 | 2021 | 2022 | 2023 | 2024 | 2025,2016,2020,5,44,9332,2025,942,Versa,Versa,,Sentra | Quest | Kicks,Nissan,agreement,Versa,false,superseded_high_stock_reaudit,Latest-active reviewed MTO key; pass agreement is recomputed using case-insensitive model-family equivalence.,Reviewed two-pass MTO make/model inference using NCIC model-code abbreviations and NHTSA vPIC make/model examples (2026-08-12).
ontario_ministry_transport_vehicle_population,LINC,MSA,PASSENGER,2014,2025,11,2014 | 2016 | 2017 | 2018 | 2019 | 2020 | 2021 | 2022 | 2023 | 2024 | 2025,2009,2016,8,87,14283,2025,941,MKS,MKS,,MKZ | MKX,Lincoln,agreement,MKS,false,superseded_high_stock_reaudit,Latest-active reviewed MTO key; pass agreement is recomputed using case-insensitive model-family equivalence.,Reviewed two-pass MTO make/model inference using NCIC model-code abbreviations and NHTSA vPIC make/model examples (2026-08-12).
ontario_ministry_transport_vehicle_population,DODG,CS8,PASSENGER,2014,2025,11,2014 | 2016 | 2017 | 2018 | 2019 | 2020 | 2021 | 2022 | 2023 | 2024 | 2025,2008,2014,7,77,10458,2025,938,Charger,Charger,,Challenger | Caliber | Caravan/Grand Caravan,Dodge,agreement,Charger,false,superseded_high_stock_reaudit,Latest-active reviewed MTO key; pass agreement is recomputed using case-insensitive model-family equivalence.,Reviewed two-pass MTO make/model inference using NCIC model-code abbreviations and NHTSA vPIC make/model examples (2026-08-12).
ontario_ministry_transport_vehicle_population,BMW,JAG,PASSENGER,2017,2025,9,2017 | 2018 | 2019 | 2020 | 2021 | 2022 | 2023 | 2024 | 2025,2017,2019,3,26,8862,2025,937,i3 (tentative),i3,,X6 | X5 | X4,BMW,agreement,i3,false,superseded_high_stock_reaudit,Latest-active reviewed MTO key; pass agreement is recomputed using case-insensitive model-family equivalence.,Reviewed two-pass MTO make/model inference using NCIC model-code abbreviations and NHTSA vPIC make/model examples (2026-08-12).
ontario_ministry_transport_vehicle_population,ISU,NPR,COMMERCIAL,2014,2025,11,2014 | 2016 | 2017 | 2018 | 2019 | 2020 | 2021 | 2022 | 2023 | 2024 | 2025,1986,2026,40,384,7571,2025,933,NRR,NRR,,NRQ | Trooper | Rodeo,Isuzu,agreement,NRR,false,superseded_high_stock_reaudit,Latest-active reviewed MTO key; pass agreement is recomputed using case-insensitive model-family equivalence.,Reviewed two-pass MTO make/model inference using NCIC model-code abbreviations and NHTSA vPIC make/model examples (2026-08-12).
ontario_ministry_transport_vehicle_population,JEEP,CPT,PASSENGER,2014,2025,11,2014 | 2016 | 2017 | 2018 | 2019 | 2020 | 2021 | 2022 | 2023 | 2024 | 2025,2011,2011,1,11,15783,2025,933,Compass,Compass,,Patriot | JEEPSTER,Jeep,agreement,Compass,false,superseded_high_stock_reaudit,Latest-active reviewed MTO key; pass agreement is recomputed using case-insensitive model-family equivalence.,Reviewed two-pass MTO make/model inference using NCIC model-code abbreviations and NHTSA vPIC make/model examples (2026-08-12).
ontario_ministry_transport_vehicle_population,BMW,6XG,PASSENGER,2018,2025,6,2018 | 2019 | 2022 | 2023 | 2024 | 2025,2014,2026,11,50,2482,2025,932,X6,X6,,6 Series,BMW,agreement,X6,false,superseded_high_stock_reaudit,Latest-active reviewed MTO key; pass agreement is recomputed using case-insensitive model-family equivalence.,Reviewed two-pass MTO make/model inference using NCIC model-code abbreviations and NHTSA vPIC make/model examples (2026-08-12).
ontario_ministry_transport_vehicle_population,DODG,MGN,PASSENGER,2014,2025,11,2014 | 2016 | 2017 | 2018 | 2019 | 2020 | 2021 | 2022 | 2023 | 2024 | 2025,1967,2008,7,77,24588,2025,932,Magnum,Magnum,,,Dodge,agreement,Magnum,false,superseded_high_stock_reaudit,Latest-active reviewed MTO key; pass agreement is recomputed using case-insensitive model-family equivalence.,Reviewed two-pass MTO make/model inference using NCIC model-code abbreviations and NHTSA vPIC make/model examples (2026-08-12).
ontario_ministry_transport_vehicle_population,BMW,323,PASSENGER,2014,2025,11,2014 | 2016 | 2017 | 2018 | 2019 | 2020 | 2021 | 2022 | 2023 | 2024 | 2025,1968,2010,15,164,17439,2025,928,323,323i,vPIC also supports 323is; the code does not clearly distinguish them.,,BMW,agreement,323i,true,promotion_eligible,Latest-active reviewed MTO key; pass agreement is recomputed using case-insensitive model-family equivalence.,Reviewed two-pass MTO make/model inference using NCIC model-code abbreviations and NHTSA vPIC make/model examples (2026-08-12).
ontario_ministry_transport_vehicle_population,CADI,DFW,PASSENGER,2014,2025,11,2014 | 2016 | 2017 | 2018 | 2019 | 2020 | 2021 | 2022 | 2023 | 2024 | 2025,1964,2005,24,264,22562,2025,927,DeVille,Deville,,Eldorado | Fleetwood | Fleetwood/DeVille,Cadillac,agreement,Deville,true,promotion_eligible,Latest-active reviewed MTO key; pass agreement is recomputed using case-insensitive model-family equivalence.,Reviewed two-pass MTO make/model inference using NCIC model-code abbreviations and NHTSA vPIC make/model examples (2026-08-12).
ontario_ministry_transport_vehicle_population,AUDI,3AE,PASSENGER,2021,2025,5,2021 | 2022 | 2023 | 2024 | 2025,2020,2025,6,24,3013,2025,923,Q3,Q3,,S3 | A3,Audi,agreement,Q3,true,promotion_eligible,Latest-active reviewed MTO key; pass agreement is recomputed using case-insensitive model-family equivalence.,Reviewed two-pass MTO make/model inference using NCIC model-code abbreviations and NHTSA vPIC make/model examples (2026-08-12).
ontario_ministry_transport_vehicle_population,CHRY,CRL,PASSENGER,2014,2025,11,2014 | 2016 | 2017 | 2018 | 2019 | 2020 | 2021 | 2022 | 2023 | 2024 | 2025,2004,2008,5,55,9985,2025,922,Crossfire,Crossfire,,PT Cruiser,Chrysler,agreement,Crossfire,true,promotion_eligible,Latest-active reviewed MTO key; pass agreement is recomputed using case-insensitive model-family equivalence.,Reviewed two-pass MTO make/model inference using NCIC model-code abbreviations and NHTSA vPIC make/model examples (2026-08-12).
ontario_ministry_transport_vehicle_population,GMC,N9G,COMMERCIAL,2020,2025,6,2020 | 2021 | 2022 | 2023 | 2024 | 2025,2019,2024,6,30,4364,2025,917,Terrain,Terrain,,Canyon | Yukon | Sierra,GMC,agreement,Terrain,true,promotion_eligible,Latest-active reviewed MTO key; pass agreement is recomputed using case-insensitive model-family equivalence.,Reviewed two-pass MTO make/model inference using NCIC model-code abbreviations and NHTSA vPIC make/model examples (2026-08-12).
ontario_ministry_transport_vehicle_population,HOND,CRS,PASSENGER,2014,2025,11,2014 | 2016 | 2017 | 2018 | 2019 | 2020 | 2021 | 2022 | 2023 | 2024 | 2025,2012,2015,4,38,11340,2025,917,CR-Z,CR-Z,,CR-V,Honda,agreement,CR-Z,true,promotion_eligible,Latest-active reviewed MTO key; pass agreement is recomputed using case-insensitive model-family equivalence.,Reviewed two-pass MTO make/model inference using NCIC model-code abbreviations and NHTSA vPIC make/model examples (2026-08-12).
ontario_ministry_transport_vehicle_population,PONT,G/6,PASSENGER,2014,2025,11,2014 | 2016 | 2017 | 2018 | 2019 | 2020 | 2021 | 2022 | 2023 | 2024 | 2025,2005,2010,3,33,26709,2025,915,G6,G6,,,Pontiac,agreement,G6,true,promotion_eligible,Latest-active reviewed MTO key; pass agreement is recomputed using case-insensitive model-family equivalence.,Reviewed two-pass MTO make/model inference using NCIC model-code abbreviations and NHTSA vPIC make/model examples (2026-08-12).
ontario_ministry_transport_vehicle_population,AUDI,C4Q,PASSENGER,2014,2025,11,2014 | 2016 | 2017 | 2018 | 2019 | 2020 | 2021 | 2022 | 2023 | 2024 | 2025,2010,2016,7,66,11490,2025,914,S4,S4,,A4,Audi,agreement,S4,true,promotion_eligible,Latest-active reviewed MTO key; pass agreement is recomputed using case-insensitive model-family equivalence.,Reviewed two-pass MTO make/model inference using NCIC model-code abbreviations and NHTSA vPIC make/model examples (2026-08-12).
ontario_ministry_transport_vehicle_population,CHEV,CDL,PASSENGER,2014,2025,11,2014 | 2016 | 2017 | 2018 | 2019 | 2020 | 2021 | 2022 | 2023 | 2024 | 2025,2014,2015,2,22,12016,2025,912,Colorado,Colorado,,CELEBRITY,Chevrolet,agreement,Colorado,true,promotion_eligible,Latest-active reviewed MTO key; pass agreement is recomputed using case-insensitive model-family equivalence.,Reviewed two-pass MTO make/model inference using NCIC model-code abbreviations and NHTSA vPIC make/model examples (2026-08-12).
ontario_ministry_transport_vehicle_population,TOYT,4WL,PASSENGER,2022,2025,4,2022 | 2023 | 2024 | 2025,2022,2023,2,5,3605,2025,907,4Runner,4Runner,,bZ4X | Highlander | RAV4,Toyota,agreement,4Runner,true,promotion_eligible,Latest-active reviewed MTO key; pass agreement is recomputed using case-insensitive model-family equivalence.,Reviewed two-pass MTO make/model inference using NCIC model-code abbreviations and NHTSA vPIC make/model examples (2026-08-12).
ontario_ministry_transport_vehicle_population,FORD,TSE,PASSENGER,2014,2025,11,2014 | 2016 | 2017 | 2018 | 2019 | 2020 | 2021 | 2022 | 2023 | 2024 | 2025,1998,2019,21,223,48038,2025,902,T,Transit Connect,vPIC also supports Taurus; the code does not clearly distinguish them.,Transit Connect | Taurus,Ford,disagreement,,true,promotion_eligible,Latest-active reviewed MTO key; pass agreement is recomputed using case-insensitive model-family equivalence.,Reviewed two-pass MTO make/model inference using NCIC model-code abbreviations and NHTSA vPIC make/model examples (2026-08-12).
ontario_ministry_transport_vehicle_population,VOLV,S42,PASSENGER,2014,2025,11,2014 | 2016 | 2017 | 2018 | 2019 | 2020 | 2021 | 2022 | 2023 | 2024 | 2025,1974,2010,8,88,16417,2025,902,S40,S40,,S80 | S60 | S70,Volvo,agreement,S40,true,promotion_eligible,Latest-active reviewed MTO key; pass agreement is recomputed using case-insensitive model-family equivalence.,Reviewed two-pass MTO make/model inference using NCIC model-code abbreviations and NHTSA vPIC make/model examples (2026-08-12).
ontario_ministry_transport_vehicle_population,FORD,EXP,PASSENGER,2014,2025,2,2014 | 2025,1931,2026,37,66,1190,2025,901,EXP,Explorer,vPIC also supports Expedition; the code does not clearly distinguish them.,,Ford,agreement,Explorer,true,promotion_eligible,Latest-active reviewed MTO key; pass agreement is recomputed using case-insensitive model-family equivalence.,Reviewed two-pass MTO make/model inference using NCIC model-code abbreviations and NHTSA vPIC make/model examples (2026-08-12).
ontario_ministry_transport_vehicle_population,MERZ,6GG,PASSENGER,2021,2025,5,2021 | 2022 | 2023 | 2024 | 2025,2021,2025,5,17,3182,2025,901,AMG GT,AMG GT,,G-Class | GLS-Class | GLE-Class,Mercedes-Benz,agreement,AMG GT,true,promotion_eligible,Latest-active reviewed MTO key; pass agreement is recomputed using case-insensitive model-family equivalence.,Reviewed two-pass MTO make/model inference using NCIC model-code abbreviations and NHTSA vPIC make/model examples (2026-08-12).
ontario_ministry_transport_vehicle_population,HYUN,EGE,PASSENGER,2014,2025,11,2014 | 2016 | 2017 | 2018 | 2019 | 2020 | 2021 | 2022 | 2023 | 2024 | 2025,2013,2014,2,22,11765,2025,900,Genesis,Genesis,,,Hyundai,agreement,Genesis,true,promotion_eligible,Latest-active reviewed MTO key; pass agreement is recomputed using case-insensitive model-family equivalence.,Reviewed two-pass MTO make/model inference using NCIC model-code abbreviations and NHTSA vPIC make/model examples (2026-08-12).
ontario_ministry_transport_vehicle_population,VOLK,JTT,PASSENGER,2014,2025,11,2014 | 2016 | 2017 | 2018 | 2019 | 2020 | 2021 | 2022 | 2023 | 2024 | 2025,1985,2011,6,66,13882,2025,899,Jetta,Jetta,,,Volkswagen,agreement,Jetta,true,promotion_eligible,Latest-active reviewed MTO key; pass agreement is recomputed using case-insensitive model-family equivalence.,Reviewed two-pass MTO make/model inference using NCIC model-code abbreviations and NHTSA vPIC make/model examples (2026-08-12).
ontario_ministry_transport_vehicle_population,MERZ,WFG,PASSENGER,2021,2025,5,2021 | 2022 | 2023 | 2024 | 2025,2020,2021,2,10,4326,2025,898,AMG GT,AMG GT,,G-Class | GLS-Class | GLE-Class,Mercedes-Benz,agreement,AMG GT,true,promotion_eligible,Latest-active reviewed MTO key; pass agreement is recomputed using case-insensitive model-family equivalence.,Reviewed two-pass MTO make/model inference using NCIC model-code abbreviations and NHTSA vPIC make/model examples (2026-08-12).
ontario_ministry_transport_vehicle_population,TOYT,SFR,PASSENGER,2017,2025,9,2017 | 2018 | 2019 | 2020 | 2021 | 2022 | 2023 | 2024 | 2025,2017,2023,6,37,6766,2025,897,SR5,Sequoia,vPIC also supports Sienna; the code does not clearly distinguish them.,Sienna | Sequoia | Prius Prime,Toyota,disagreement,,true,promotion_eligible,Latest-active reviewed MTO key; pass agreement is recomputed using case-insensitive model-family equivalence.,Reviewed two-pass MTO make/model inference using NCIC model-code abbreviations and NHTSA vPIC make/model examples (2026-08-12).
ontario_ministry_transport_vehicle_population,INTL,PCD,COMMERCIAL,2022,2025,4,2022 | 2023 | 2024 | 2025,2022,2026,5,14,2560,2025,896,SCOUT (tentative),PC075,vPIC also supports PC085; the code does not clearly distinguish them.,PC515 | PC085 | PC075,International,disagreement,,true,promotion_eligible,Latest-active reviewed MTO key; pass agreement is recomputed using case-insensitive model-family equivalence.,Reviewed two-pass MTO make/model inference using NCIC model-code abbreviations and NHTSA vPIC make/model examples (2026-08-12).
ontario_ministry_transport_vehicle_population,LNDR,LR4,PASSENGER,2014,2025,11,2014 | 2016 | 2017 | 2018 | 2019 | 2020 | 2021 | 2022 | 2023 | 2024 | 2025,2010,2016,7,76,12214,2025,896,LR4,LR4,,,Land Rover,agreement,LR4,true,promotion_eligible,Latest-active reviewed MTO key; pass agreement is recomputed using case-insensitive model-family equivalence.,Reviewed two-pass MTO make/model inference using NCIC model-code abbreviations and NHTSA vPIC make/model examples (2026-08-12).
ontario_ministry_transport_vehicle_population,FORD,ZXW,PASSENGER,2014,2025,11,2014 | 2016 | 2017 | 2018 | 2019 | 2020 | 2021 | 2022 | 2023 | 2024 | 2025,2005,2007,3,33,37157,2025,894,ZX2,ZX2,"Closest vPIC name match, but no sampled year-specific result corroborates it.",,Ford,agreement,ZX2,true,promotion_eligible,Latest-active reviewed MTO key; pass agreement is recomputed using case-insensitive model-family equivalence.,Reviewed two-pass MTO make/model inference using NCIC model-code abbreviations and NHTSA vPIC make/model examples (2026-08-12).
ontario_ministry_transport_vehicle_population,HOND,ACT,PASSENGER,2014,2025,11,2014 | 2016 | 2017 | 2018 | 2019 | 2020 | 2021 | 2022 | 2023 | 2024 | 2025,1991,2011,17,123,11977,2025,893,Accord,Accord,,,Honda,agreement,Accord,true,promotion_eligible,Latest-active reviewed MTO key; pass agreement is recomputed using case-insensitive model-family equivalence.,Reviewed two-pass MTO make/model inference using NCIC model-code abbreviations and NHTSA vPIC make/model examples (2026-08-12).
ontario_ministry_transport_vehicle_population,PORS,BAG,PASSENGER,2021,2025,5,2021 | 2022 | 2023 | 2024 | 2025,2020,2026,7,25,2897,2025,893,Macan (tentative),Macan,,Taycan | Cayenne | Panamera,Porsche,agreement,Macan,true,promotion_eligible,Latest-active reviewed MTO key; pass agreement is recomputed using case-insensitive model-family equivalence.,Reviewed two-pass MTO make/model inference using NCIC model-code abbreviations and NHTSA vPIC make/model examples (2026-08-12).
ontario_ministry_transport_vehicle_population,TOYT,SUP,PASSENGER,2014,2025,11,2014 | 2016 | 2017 | 2018 | 2019 | 2020 | 2021 | 2022 | 2023 | 2024 | 2025,1979,2026,28,248,4911,2025,893,Supra,Supra,,,Toyota,agreement,Supra,true,promotion_eligible,Latest-active reviewed MTO key; pass agreement is recomputed using case-insensitive model-family equivalence.,Reviewed two-pass MTO make/model inference using NCIC model-code abbreviations and NHTSA vPIC make/model examples (2026-08-12).
ontario_ministry_transport_vehicle_population,KIA,5SX,PASSENGER,2014,2025,11,2014 | 2016 | 2017 | 2018 | 2019 | 2020 | 2021 | 2022 | 2023 | 2024 | 2025,2007,2009,3,33,21504,2025,892,Spectra,Spectra,,Sedona | Sorento | Sportage,Kia,agreement,Spectra,true,promotion_eligible,Latest-active reviewed MTO key; pass agreement is recomputed using case-insensitive model-family equivalence.,Reviewed two-pass MTO make/model inference using NCIC model-code abbreviations and NHTSA vPIC make/model examples (2026-08-12).
ontario_ministry_transport_vehicle_population,PONT,VA4,PASSENGER,2014,2025,11,2014 | 2016 | 2017 | 2018 | 2019 | 2020 | 2021 | 2022 | 2023 | 2024 | 2025,2003,2010,6,66,18270,2025,887,Vibe,Vibe,,Aztek | Grand Prix | Grand Am,Pontiac,agreement,Vibe,true,promotion_eligible,Latest-active reviewed MTO key; pass agreement is recomputed using case-insensitive model-family equivalence.,Reviewed two-pass MTO make/model inference using NCIC model-code abbreviations and NHTSA vPIC make/model examples (2026-08-12).
ontario_ministry_transport_vehicle_population,VOLK,JGL,PASSENGER,2014,2025,11,2014 | 2016 | 2017 | 2018 | 2019 | 2020 | 2021 | 2022 | 2023 | 2024 | 2025,1985,2015,9,99,10762,2025,885,Jetta,Jetta,,Beetle | GOLF | Touareg,Volkswagen,agreement,Jetta,true,promotion_eligible,Latest-active reviewed MTO key; pass agreement is recomputed using case-insensitive model-family equivalence.,Reviewed two-pass MTO make/model inference using NCIC model-code abbreviations and NHTSA vPIC make/model examples (2026-08-12).
ontario_ministry_transport_vehicle_population,HYUN,M5E,PASSENGER,2023,2025,3,2023 | 2024 | 2025,2023,2025,3,8,1722,2025,883,Venue,Venue,,Ioniq 5 | Santa Fe | Elantra,Hyundai,agreement,Venue,true,promotion_eligible,Latest-active reviewed MTO key; pass agreement is recomputed using case-insensitive model-family equivalence.,Reviewed two-pass MTO make/model inference using NCIC model-code abbreviations and NHTSA vPIC make/model examples (2026-08-12).
ontario_ministry_transport_vehicle_population,NISS,LVL,PASSENGER,2014,2025,11,2014 | 2016 | 2017 | 2018 | 2019 | 2020 | 2021 | 2022 | 2023 | 2024 | 2025,2011,2022,8,64,7561,2025,883,Leaf,Leaf,,Versa | Altima | Maxima,Nissan,agreement,Leaf,true,promotion_eligible,Latest-active reviewed MTO key; pass agreement is recomputed using case-insensitive model-family equivalence.,Reviewed two-pass MTO make/model inference using NCIC model-code abbreviations and NHTSA vPIC make/model examples (2026-08-12).
ontario_ministry_transport_vehicle_population,FIAT,50X,PASSENGER,2016,2025,10,2016 | 2017 | 2018 | 2019 | 2020 | 2021 | 2022 | 2023 | 2024 | 2025,2016,2018,3,28,8424,2025,876,500 X,500X,,,FIAT,agreement,500X,true,promotion_eligible,Latest-active reviewed MTO key; pass agreement is recomputed using case-insensitive model-family equivalence.,Reviewed two-pass MTO make/model inference using NCIC model-code abbreviations and NHTSA vPIC make/model examples (2026-08-12).
ontario_ministry_transport_vehicle_population,PLSR,EDE,PASSENGER,2022,2025,4,2022 | 2023 | 2024 | 2025,2021,2023,3,12,3184,2025,874,2 (tentative),Model unresolved,The Ontario abbreviation does not match a vPIC model closely enough.,1,Polaris,disagreement,,true,promotion_eligible,Latest-active reviewed MTO key; pass agreement is recomputed using case-insensitive model-family equivalence.,Reviewed two-pass MTO make/model inference using NCIC model-code abbreviations and NHTSA vPIC make/model examples (2026-08-12).
ontario_ministry_transport_vehicle_population,TOYT,BPL,PASSENGER,2014,2025,11,2014 | 2016 | 2017 | 2018 | 2019 | 2020 | 2021 | 2022 | 2023 | 2024 | 2025,2013,2014,2,22,10409,2025,873,Prius,Prius,,Prius v | Prius c | Highlander,Toyota,agreement,Prius,true,promotion_eligible,Latest-active reviewed MTO key; pass agreement is recomputed using case-insensitive model-family equivalence.,Reviewed two-pass MTO make/model inference using NCIC model-code abbreviations and NHTSA vPIC make/model examples (2026-08-12).
ontario_ministry_transport_vehicle_population,AUDI,6AG,PASSENGER,2022,2025,4,2022 | 2023 | 2024 | 2025,2021,2025,5,17,2319,2025,865,S6,S6,,A6,Audi,agreement,S6,true,promotion_eligible,Latest-active reviewed MTO key; pass agreement is recomputed using case-insensitive model-family equivalence.,Reviewed two-pass MTO make/model inference using NCIC model-code abbreviations and NHTSA vPIC make/model examples (2026-08-12).
ontario_ministry_transport_vehicle_population,NISS,S18,PASSENGER,2014,2025,11,2014 | 2016 | 2017 | 2018 | 2019 | 2020 | 2021 | 2022 | 2023 | 2024 | 2025,2004,2006,3,33,39704,2025,863,Sentra,Sentra,,Quest,Nissan,agreement,Sentra,true,promotion_eligible,Latest-active reviewed MTO key; pass agreement is recomputed using case-insensitive model-family equivalence.,Reviewed two-pass MTO make/model inference using NCIC model-code abbreviations and NHTSA vPIC make/model examples (2026-08-12).
ontario_ministry_transport_vehicle_population,MAZD,B30,COMMERCIAL,2014,2025,11,2014 | 2016 | 2017 | 2018 | 2019 | 2020 | 2021 | 2022 | 2023 | 2024 | 2025,1994,2008,15,165,18137,2025,858,B3000,Model unresolved,The Ontario abbreviation does not match a vPIC model closely enough.,,Mazda,disagreement,,true,promotion_eligible,Latest-active reviewed MTO key; pass agreement is recomputed using case-insensitive model-family equivalence.,Reviewed two-pass MTO make/model inference using NCIC model-code abbreviations and NHTSA vPIC make/model examples (2026-08-12).
ontario_ministry_transport_vehicle_population,LEXS,P9L,PASSENGER,2020,2025,6,2020 | 2021 | 2022 | 2023 | 2024 | 2025,2020,2022,3,13,4701,2025,853,LX,LX,,LS | LC,Lexus,agreement,LX,true,promotion_eligible,Latest-active reviewed MTO key; pass agreement is recomputed using case-insensitive model-family equivalence.,Reviewed two-pass MTO make/model inference using NCIC model-code abbreviations and NHTSA vPIC make/model examples (2026-08-12).
ontario_ministry_transport_vehicle_population,BMW,13G,PASSENGER,2023,2025,3,2023 | 2024 | 2025,2022,2026,5,12,1726,2025,852,3 Series,Model unresolved,Ontario identifies only a vehicle family; vPIC does not support one unique model.,135,BMW,disagreement,,true,promotion_eligible,Latest-active reviewed MTO key; pass agreement is recomputed using case-insensitive model-family equivalence.,Reviewed two-pass MTO make/model inference using NCIC model-code abbreviations and NHTSA vPIC make/model examples (2026-08-12).
ontario_ministry_transport_vehicle_population,SUBA,OUT,PASSENGER,2016,2025,10,2016 | 2017 | 2018 | 2019 | 2020 | 2021 | 2022 | 2023 | 2024 | 2025,2001,2026,13,83,6364,2025,850,Outback,Outback,,,Subaru,agreement,Outback,true,promotion_eligible,Latest-active reviewed MTO key; pass agreement is recomputed using case-insensitive model-family equivalence.,Reviewed two-pass MTO make/model inference using NCIC model-code abbreviations and NHTSA vPIC make/model examples (2026-08-12).
ontario_ministry_transport_vehicle_population,MERZ,E4M,PASSENGER,2016,2025,10,2016 | 2017 | 2018 | 2019 | 2020 | 2021 | 2022 | 2023 | 2024 | 2025,2015,2018,4,37,8926,2025,849,E400 4MATIC,400,"Closest vPIC name match, but no sampled year-specific result corroborates it.",E300 4MATIC | E450 | E430,Mercedes-Benz,disagreement,,true,promotion_eligible,Latest-active reviewed MTO key; pass agreement is recomputed using case-insensitive model-family equivalence.,Reviewed two-pass MTO make/model inference using NCIC model-code abbreviations and NHTSA vPIC make/model examples (2026-08-12).
ontario_ministry_transport_vehicle_population,VOLK,CGD,PASSENGER,2014,2025,11,2014 | 2016 | 2017 | 2018 | 2019 | 2020 | 2021 | 2022 | 2023 | 2024 | 2025,2002,2006,5,55,17663,2025,848,Cabrio,Cabrio,,Touareg | Beetle | Golf/GTI,Volkswagen,agreement,Cabrio,true,promotion_eligible,Latest-active reviewed MTO key; pass agreement is recomputed using case-insensitive model-family equivalence.,Reviewed two-pass MTO make/model inference using NCIC model-code abbreviations and NHTSA vPIC make/model examples (2026-08-12).
ontario_ministry_transport_vehicle_population,DODG,CHL,PASSENGER,2014,2025,11,2014 | 2016 | 2017 | 2018 | 2019 | 2020 | 2021 | 2022 | 2023 | 2024 | 2025,1963,2019,21,221,10577,2025,845,Challenger,Challenger,,,Dodge,agreement,Challenger,true,promotion_eligible,Latest-active reviewed MTO key; pass agreement is recomputed using case-insensitive model-family equivalence.,Reviewed two-pass MTO make/model inference using NCIC model-code abbreviations and NHTSA vPIC make/model examples (2026-08-12).
ontario_ministry_transport_vehicle_population,NISS,VVS,PASSENGER,2014,2025,11,2014 | 2016 | 2017 | 2018 | 2019 | 2020 | 2021 | 2022 | 2023 | 2024 | 2025,2012,2012,1,11,12986,2025,843,Versa,Versa,,,Nissan,agreement,Versa,true,promotion_eligible,Latest-active reviewed MTO key; pass agreement is recomputed using case-insensitive model-family equivalence.,Reviewed two-pass MTO make/model inference using NCIC model-code abbreviations and NHTSA vPIC make/model examples (2026-08-12).
ontario_ministry_transport_vehicle_population,MITS,LSE,PASSENGER,2014,2025,11,2014 | 2016 | 2017 | 2018 | 2019 | 2020 | 2021 | 2022 | 2023 | 2024 | 2025,2012,2015,4,44,10419,2025,841,Eclipse,Eclipse,,Lancer,Mitsubishi,agreement,Eclipse,true,promotion_eligible,Latest-active reviewed MTO key; pass agreement is recomputed using case-insensitive model-family equivalence.,Reviewed two-pass MTO make/model inference using NCIC model-code abbreviations and NHTSA vPIC make/model examples (2026-08-12).
ontario_ministry_transport_vehicle_population,AUDI,A84,PASSENGER,2014,2025,11,2014 | 2016 | 2017 | 2018 | 2019 | 2020 | 2021 | 2022 | 2023 | 2024 | 2025,2005,2025,19,165,5383,2025,840,A8,A8,,A4,Audi,agreement,A8,true,promotion_eligible,Latest-active reviewed MTO key; pass agreement is recomputed using case-insensitive model-family equivalence.,Reviewed two-pass MTO make/model inference using NCIC model-code abbreviations and NHTSA vPIC make/model examples (2026-08-12).
ontario_ministry_transport_vehicle_population,BMW,JEG,PASSENGER,2017,2025,9,2017 | 2018 | 2019 | 2020 | 2021 | 2022 | 2023 | 2024 | 2025,2017,2019,3,26,8028,2025,838,7 Series (tentative),Model unresolved,Ontario identifies only a vehicle family; vPIC does not support one unique model.,6 Series | 5 Series | 4 Series,BMW,disagreement,,true,promotion_eligible,Latest-active reviewed MTO key; pass agreement is recomputed using case-insensitive model-family equivalence.,Reviewed two-pass MTO make/model inference using NCIC model-code abbreviations and NHTSA vPIC make/model examples (2026-08-12).
ontario_ministry_transport_vehicle_population,DODG,CGS,PASSENGER,2014,2025,11,2014 | 2016 | 2017 | 2018 | 2019 | 2020 | 2021 | 2022 | 2023 | 2024 | 2025,2012,2023,12,98,11377,2025,835,Charger,Charger,,Challenger | Durango | Caliber,Dodge,agreement,Charger,true,promotion_eligible,Latest-active reviewed MTO key; pass agreement is recomputed using case-insensitive model-family equivalence.,Reviewed two-pass MTO make/model inference using NCIC model-code abbreviations and NHTSA vPIC make/model examples (2026-08-12).
ontario_ministry_transport_vehicle_population,NISS,A3S,PASSENGER,2014,2025,11,2014 | 2016 | 2017 | 2018 | 2019 | 2020 | 2021 | 2022 | 2023 | 2024 | 2025,2013,2015,3,33,10727,2025,835,370Z,370Z,,Armada | Altima | Versa,Nissan,agreement,370Z,true,promotion_eligible,Latest-active reviewed MTO key; pass agreement is recomputed using case-insensitive model-family equivalence.,Reviewed two-pass MTO make/model inference using NCIC model-code abbreviations and NHTSA vPIC make/model examples (2026-08-12).
ontario_ministry_transport_vehicle_population,SUBA,IWL,PASSENGER,2014,2025,11,2014 | 2016 | 2017 | 2018 | 2019 | 2020 | 2021 | 2022 | 2023 | 2024 | 2025,2006,2014,6,66,10454,2025,833,Impreza/Outback Sport,Impreza,,Legacy/Outback | Tribeca,Subaru,agreement,Impreza,true,promotion_eligible,Latest-active reviewed MTO key; pass agreement is recomputed using case-insensitive model-family equivalence.,Reviewed two-pass MTO make/model inference using NCIC model-code abbreviations and NHTSA vPIC make/model examples (2026-08-12).
ontario_ministry_transport_vehicle_population,VOLK,E32,PASSENGER,2024,2025,2,2024 | 2025,2007,2025,5,9,1551,2025,833,R32,R32,,,Volkswagen,agreement,R32,true,promotion_eligible,Latest-active reviewed MTO key; pass agreement is recomputed using case-insensitive model-family equivalence.,Reviewed two-pass MTO make/model inference using NCIC model-code abbreviations and NHTSA vPIC make/model examples (2026-08-12).
ontario_ministry_transport_vehicle_population,MERZ,2C1,COMMERCIAL,2023,2025,3,2023 | 2024 | 2025,2014,2025,10,29,1742,2025,832,219,S-Class,vPIC also supports G-Class; the code does not clearly distinguish them.,S-Class | G-Class | E-Class,Mercedes-Benz,disagreement,,true,promotion_eligible,Latest-active reviewed MTO key; pass agreement is recomputed using case-insensitive model-family equivalence.,Reviewed two-pass MTO make/model inference using NCIC model-code abbreviations and NHTSA vPIC make/model examples (2026-08-12).
ontario_ministry_transport_vehicle_population,CHEV,BL2,PASSENGER,2014,2025,11,2014 | 2016 | 2017 | 2018 | 2019 | 2020 | 2021 | 2022 | 2023 | 2024 | 2025,1954,2010,3,33,17360,2025,830,Blazer,Blazer,,,Chevrolet,agreement,Blazer,true,promotion_eligible,Latest-active reviewed MTO key; pass agreement is recomputed using case-insensitive model-family equivalence.,Reviewed two-pass MTO make/model inference using NCIC model-code abbreviations and NHTSA vPIC make/model examples (2026-08-12).
ontario_ministry_transport_vehicle_population,LEXS,RC3,PASSENGER,2016,2025,10,2016 | 2017 | 2018 | 2019 | 2020 | 2021 | 2022 | 2023 | 2024 | 2025,2015,2021,7,57,8000,2025,829,RC350,RC,Code-to-name match is weak; selected from vPIC models with overlapping-year coverage.,RC300 | RC,Lexus,agreement,RC,true,promotion_eligible,Latest-active reviewed MTO key; pass agreement is recomputed using case-insensitive model-family equivalence.,Reviewed two-pass MTO make/model inference using NCIC model-code abbreviations and NHTSA vPIC make/model examples (2026-08-12).
ontario_ministry_transport_vehicle_population,MASE,GQ4,PASSENGER,2016,2025,10,2016 | 2017 | 2018 | 2019 | 2020 | 2021 | 2022 | 2023 | 2024 | 2025,2015,2024,10,70,7484,2025,829,Ghibli,Ghibli,,Grecale | GranTurismo | Quattroporte,Maserati,agreement,Ghibli,true,promotion_eligible,Latest-active reviewed MTO key; pass agreement is recomputed using case-insensitive model-family equivalence.,Reviewed two-pass MTO make/model inference using NCIC model-code abbreviations and NHTSA vPIC make/model examples (2026-08-12).
ontario_ministry_transport_vehicle_population,VOLK,JTS,PASSENGER,2018,2025,8,2018 | 2019 | 2020 | 2021 | 2022 | 2023 | 2024 | 2025,1987,2018,6,48,6424,2025,827,Jetta,Jetta,,,Volkswagen,agreement,Jetta,true,promotion_eligible,Latest-active reviewed MTO key; pass agreement is recomputed using case-insensitive model-family equivalence.,Reviewed two-pass MTO make/model inference using NCIC model-code abbreviations and NHTSA vPIC make/model examples (2026-08-12).
ontario_ministry_transport_vehicle_population,BMW,23E,PASSENGER,2022,2025,4,2022 | 2023 | 2024 | 2025,2022,2025,4,13,2311,2025,826,2 Series,Model unresolved,Ontario identifies only a vehicle family; vPIC does not support one unique model.,3 Series,BMW,disagreement,,true,promotion_eligible,Latest-active reviewed MTO key; pass agreement is recomputed using case-insensitive model-family equivalence.,Reviewed two-pass MTO make/model inference using NCIC model-code abbreviations and NHTSA vPIC make/model examples (2026-08-12).
ontario_ministry_transport_vehicle_population,BMW,30I,PASSENGER,2014,2025,11,2014 | 2016 | 2017 | 2018 | 2019 | 2020 | 2021 | 2022 | 2023 | 2024 | 2025,2001,2006,6,66,15983,2025,825,3 Series,330i,Generic Ontario code spans multiple vPIC models; this is the closest family match.,3.0 SI,BMW,disagreement,,true,promotion_eligible,Latest-active reviewed MTO key; pass agreement is recomputed using case-insensitive model-family equivalence.,Reviewed two-pass MTO make/model inference using NCIC model-code abbreviations and NHTSA vPIC make/model examples (2026-08-12).
ontario_ministry_transport_vehicle_population,AUDI,S5C,PASSENGER,2014,2025,11,2014 | 2016 | 2017 | 2018 | 2019 | 2020 | 2021 | 2022 | 2023 | 2024 | 2025,2009,2025,12,95,10399,2025,824,S5,S5,,,Audi,agreement,S5,true,promotion_eligible,Latest-active reviewed MTO key; pass agreement is recomputed using case-insensitive model-family equivalence.,Reviewed two-pass MTO make/model inference using NCIC model-code abbreviations and NHTSA vPIC make/model examples (2026-08-12).
ontario_ministry_transport_vehicle_population,LEXS,DZG,PASSENGER,2018,2025,8,2018 | 2019 | 2020 | 2021 | 2022 | 2023 | 2024 | 2025,2018,2022,5,34,7670,2025,818,GX,GX,,GS,Lexus,agreement,GX,true,promotion_eligible,Latest-active reviewed MTO key; pass agreement is recomputed using case-insensitive model-family equivalence.,Reviewed two-pass MTO make/model inference using NCIC model-code abbreviations and NHTSA vPIC make/model examples (2026-08-12).
ontario_ministry_transport_vehicle_population,KIA,OHY,PASSENGER,2014,2025,11,2014 | 2016 | 2017 | 2018 | 2019 | 2020 | 2021 | 2022 | 2023 | 2024 | 2025,2011,2020,10,99,11825,2025,817,Optima,Optima,,Rio | Soul | Niro,Kia,agreement,Optima,true,promotion_eligible,Latest-active reviewed MTO key; pass agreement is recomputed using case-insensitive model-family equivalence.,Reviewed two-pass MTO make/model inference using NCIC model-code abbreviations and NHTSA vPIC make/model examples (2026-08-12).
ontario_ministry_transport_vehicle_population,MERZ,C35,PASSENGER,2014,2025,11,2014 | 2016 | 2017 | 2018 | 2019 | 2020 | 2021 | 2022 | 2023 | 2024 | 2025,2004,2010,4,37,12703,2025,817,C350,350,"Closest vPIC name match, but no sampled year-specific result corroborates it.",C350E,Mercedes-Benz,disagreement,,true,promotion_eligible,Latest-active reviewed MTO key; pass agreement is recomputed using case-insensitive model-family equivalence.,Reviewed two-pass MTO make/model inference using NCIC model-code abbreviations and NHTSA vPIC make/model examples (2026-08-12).
ontario_ministry_transport_vehicle_population,SUBA,SWI,PASSENGER,2016,2025,10,2016 | 2017 | 2018 | 2019 | 2020 | 2021 | 2022 | 2023 | 2024 | 2025,2015,2021,7,59,6849,2025,811,WRX,WRX,,Ascent | Impreza | Impreza/Outback Sport,Subaru,agreement,WRX,true,promotion_eligible,Latest-active reviewed MTO key; pass agreement is recomputed using case-insensitive model-family equivalence.,Reviewed two-pass MTO make/model inference using NCIC model-code abbreviations and NHTSA vPIC make/model examples (2026-08-12).
ontario_ministry_transport_vehicle_population,LEXS,I35,PASSENGER,2014,2025,11,2014 | 2016 | 2017 | 2018 | 2019 | 2020 | 2021 | 2022 | 2023 | 2024 | 2025,2006,2021,12,121,10640,2025,809,IS,IS,,IS350,Lexus,agreement,IS,true,promotion_eligible,Latest-active reviewed MTO key; pass agreement is recomputed using case-insensitive model-family equivalence.,Reviewed two-pass MTO make/model inference using NCIC model-code abbreviations and NHTSA vPIC make/model examples (2026-08-12).
ontario_ministry_transport_vehicle_population,GMC,CJM,PASSENGER,2014,2025,11,2014 | 2016 | 2017 | 2018 | 2019 | 2020 | 2021 | 2022 | 2023 | 2024 | 2025,2002,2005,4,44,23625,2025,808,Jimmy,Jimmy,"Closest vPIC name match, but no sampled year-specific result corroborates it.",,GMC,agreement,Jimmy,true,promotion_eligible,Latest-active reviewed MTO key; pass agreement is recomputed using case-insensitive model-family equivalence.,Reviewed two-pass MTO make/model inference using NCIC model-code abbreviations and NHTSA vPIC make/model examples (2026-08-12).
ontario_ministry_transport_vehicle_population,AUDI,RS3,PASSENGER,2018,2025,8,2018 | 2019 | 2020 | 2021 | 2022 | 2023 | 2024 | 2025,2011,2026,9,49,4825,2025,800,RS 3,RS 3,,,Audi,agreement,RS 3,true,promotion_eligible,Latest-active reviewed MTO key; pass agreement is recomputed using case-insensitive model-family equivalence.,Reviewed two-pass MTO make/model inference using NCIC model-code abbreviations and NHTSA vPIC make/model examples (2026-08-12).
ontario_ministry_transport_vehicle_population,LINC,MKT,PASSENGER,2014,2025,11,2014 | 2016 | 2017 | 2018 | 2019 | 2020 | 2021 | 2022 | 2023 | 2024 | 2025,2010,2019,10,101,12704,2025,800,MKT,MKT,,,Lincoln,agreement,MKT,true,promotion_eligible,Latest-active reviewed MTO key; pass agreement is recomputed using case-insensitive model-family equivalence.,Reviewed two-pass MTO make/model inference using NCIC model-code abbreviations and NHTSA vPIC make/model examples (2026-08-12).
ontario_ministry_transport_vehicle_population,TESL,CEE,COMMERCIAL,2024,2025,2,2024 | 2025,2024,2025,2,3,1420,2025,800,Cybertruck,Cybertruck,,E | Model Y | Model X,Tesla,agreement,Cybertruck,true,promotion_eligible,Latest-active reviewed MTO key; pass agreement is recomputed using case-insensitive model-family equivalence.,Reviewed two-pass MTO make/model inference using NCIC model-code abbreviations and NHTSA vPIC make/model examples (2026-08-12).
ontario_ministry_transport_vehicle_population,CHEV,C3V,PASSENGER,2017,2025,9,2017 | 2018 | 2019 | 2020 | 2021 | 2022 | 2023 | 2024 | 2025,2014,2025,9,61,3163,2025,797,Captiva,Captiva Sport,"vPIC supports the model, but the Ontario abbreviation is not uniquely identifying.",C30,Chevrolet,agreement,Captiva Sport,true,promotion_eligible,Latest-active reviewed MTO key; pass agreement is recomputed using case-insensitive model-family equivalence.,Reviewed two-pass MTO make/model inference using NCIC model-code abbreviations and NHTSA vPIC make/model examples (2026-08-12).
ontario_ministry_transport_vehicle_population,INFI,QX5,PASSENGER,2014,2025,11,2014 | 2016 | 2017 | 2018 | 2019 | 2020 | 2021 | 2022 | 2023 | 2024 | 2025,2004,2025,18,147,10797,2025,797,QX50,QX50,,QX56 | QX55,Infiniti,agreement,QX50,true,promotion_eligible,Latest-active reviewed MTO key; pass agreement is recomputed using case-insensitive model-family equivalence.,Reviewed two-pass MTO make/model inference using NCIC model-code abbreviations and NHTSA vPIC make/model examples (2026-08-12).
ontario_ministry_transport_vehicle_population,TOYT,5WL,PASSENGER,2022,2025,4,2022 | 2023 | 2024 | 2025,2022,2023,2,5,3176,2025,797,Highlander,Highlander,,SR5 | Venza | Tundra,Toyota,agreement,Highlander,true,promotion_eligible,Latest-active reviewed MTO key; pass agreement is recomputed using case-insensitive model-family equivalence.,Reviewed two-pass MTO make/model inference using NCIC model-code abbreviations and NHTSA vPIC make/model examples (2026-08-12).
ontario_ministry_transport_vehicle_population,BMW,CX3,PASSENGER,2014,2025,11,2014 | 2016 | 2017 | 2018 | 2019 | 2020 | 2021 | 2022 | 2023 | 2024 | 2025,2007,2010,3,33,14033,2025,795,X3,X3,,,BMW,agreement,X3,true,promotion_eligible,Latest-active reviewed MTO key; pass agreement is recomputed using case-insensitive model-family equivalence.,Reviewed two-pass MTO make/model inference using NCIC model-code abbreviations and NHTSA vPIC make/model examples (2026-08-12).
ontario_ministry_transport_vehicle_population,MAZD,B23,COMMERCIAL,2014,2025,11,2014 | 2016 | 2017 | 2018 | 2019 | 2020 | 2021 | 2022 | 2023 | 2024 | 2025,1994,2010,13,143,12735,2025,792,B2300,Model unresolved,The Ontario abbreviation does not match a vPIC model closely enough.,,Mazda,disagreement,,true,promotion_eligible,Latest-active reviewed MTO key; pass agreement is recomputed using case-insensitive model-family equivalence.,Reviewed two-pass MTO make/model inference using NCIC model-code abbreviations and NHTSA vPIC make/model examples (2026-08-12).
ontario_ministry_transport_vehicle_population,VOLK,ROT,PASSENGER,2014,2025,11,2014 | 2016 | 2017 | 2018 | 2019 | 2020 | 2021 | 2022 | 2023 | 2024 | 2025,2009,2012,4,44,14527,2025,789,Routan,Routan,,,Volkswagen,agreement,Routan,true,promotion_eligible,Latest-active reviewed MTO key; pass agreement is recomputed using case-insensitive model-family equivalence.,Reviewed two-pass MTO make/model inference using NCIC model-code abbreviations and NHTSA vPIC make/model examples (2026-08-12).
ontario_ministry_transport_vehicle_population,GENS,GV7,PASSENGER,2024,2025,2,2024 | 2025,2022,2026,5,9,1138,2025,788,GV70,GV70,,,Genesis,agreement,GV70,true,promotion_eligible,Latest-active reviewed MTO key; pass agreement is recomputed using case-insensitive model-family equivalence.,Reviewed two-pass MTO make/model inference using NCIC model-code abbreviations and NHTSA vPIC make/model examples (2026-08-12).
ontario_ministry_transport_vehicle_population,MERZ,C25,PASSENGER,2014,2025,11,2014 | 2016 | 2017 | 2018 | 2019 | 2020 | 2021 | 2022 | 2023 | 2024 | 2025,1995,2011,3,33,11065,2025,788,C250,Model unresolved,The Ontario abbreviation does not match a vPIC model closely enough.,,Mercedes-Benz,disagreement,,true,promotion_eligible,Latest-active reviewed MTO key; pass agreement is recomputed using case-insensitive model-family equivalence.,Reviewed two-pass MTO make/model inference using NCIC model-code abbreviations and NHTSA vPIC make/model examples (2026-08-12).
ontario_ministry_transport_vehicle_population,PORS,TSG,PASSENGER,2019,2025,7,2019 | 2020 | 2021 | 2022 | 2023 | 2024 | 2025,2016,2026,11,55,3270,2025,785,Taycan (tentative),Taycan,,Panamera | Macan | Cayenne,Porsche,agreement,Taycan,true,promotion_eligible,Latest-active reviewed MTO key; pass agreement is recomputed using case-insensitive model-family equivalence.,Reviewed two-pass MTO make/model inference using NCIC model-code abbreviations and NHTSA vPIC make/model examples (2026-08-12).
ontario_ministry_transport_vehicle_population,PORS,NCA,PASSENGER,2014,2025,11,2014 | 2016 | 2017 | 2018 | 2019 | 2020 | 2021 | 2022 | 2023 | 2024 | 2025,2007,2026,19,150,6058,2025,783,New 911 Carrera,911,vPIC also supports Macan; the code does not clearly distinguish them.,Macan | Cayenne | Cayman,Porsche,disagreement,,true,promotion_eligible,Latest-active reviewed MTO key; pass agreement is recomputed using case-insensitive model-family equivalence.,Reviewed two-pass MTO make/model inference using NCIC model-code abbreviations and NHTSA vPIC make/model examples (2026-08-12).
ontario_ministry_transport_vehicle_population,TOYT,CGF,PASSENGER,2014,2025,11,2014 | 2016 | 2017 | 2018 | 2019 | 2020 | 2021 | 2022 | 2023 | 2024 | 2025,1973,2005,23,253,14582,2025,781,Camry,Camry,,Celica | Corolla | Tacoma,Toyota,agreement,Camry,true,promotion_eligible,Latest-active reviewed MTO key; pass agreement is recomputed using case-insensitive model-family equivalence.,Reviewed two-pass MTO make/model inference using NCIC model-code abbreviations and NHTSA vPIC make/model examples (2026-08-12).
ontario_ministry_transport_vehicle_population,PONT,GPG,PASSENGER,2014,2025,11,2014 | 2016 | 2017 | 2018 | 2019 | 2020 | 2021 | 2022 | 2023 | 2024 | 2025,1991,2007,14,154,42657,2025,780,Grand Prix,Grand Prix,,G6 | Grand Am | G5,Pontiac,agreement,Grand Prix,true,promotion_eligible,Latest-active reviewed MTO key; pass agreement is recomputed using case-insensitive model-family equivalence.,Reviewed two-pass MTO make/model inference using NCIC model-code abbreviations and NHTSA vPIC make/model examples (2026-08-12).
ontario_ministry_transport_vehicle_population,BMW,JUG,PASSENGER,2020,2025,6,2020 | 2021 | 2022 | 2023 | 2024 | 2025,2019,2023,5,27,4280,2025,778,Z4 (tentative),Z4,,X7 | X6 | X5,BMW,agreement,Z4,true,promotion_eligible,Latest-active reviewed MTO key; pass agreement is recomputed using case-insensitive model-family equivalence.,Reviewed two-pass MTO make/model inference using NCIC model-code abbreviations and NHTSA vPIC make/model examples (2026-08-12).
ontario_ministry_transport_vehicle_population,HYUN,SOL,PASSENGER,2014,2025,11,2014 | 2016 | 2017 | 2018 | 2019 | 2020 | 2021 | 2022 | 2023 | 2024 | 2025,1995,2006,5,55,26730,2025,773,Sonata,Sonata,,,Hyundai,agreement,Sonata,true,promotion_eligible,Latest-active reviewed MTO key; pass agreement is recomputed using case-insensitive model-family equivalence.,Reviewed two-pass MTO make/model inference using NCIC model-code abbreviations and NHTSA vPIC make/model examples (2026-08-12).
ontario_ministry_transport_vehicle_population,TOYT,SXD,PASSENGER,2014,2025,11,2014 | 2016 | 2017 | 2018 | 2019 | 2020 | 2021 | 2022 | 2023 | 2024 | 2025,2008,2014,7,77,9637,2025,773,Sienna,Sienna,,Sequoia | Matrix | Yaris,Toyota,agreement,Sienna,true,promotion_eligible,Latest-active reviewed MTO key; pass agreement is recomputed using case-insensitive model-family equivalence.,Reviewed two-pass MTO make/model inference using NCIC model-code abbreviations and NHTSA vPIC make/model examples (2026-08-12).
ontario_ministry_transport_vehicle_population,MERZ,9ME,PASSENGER,2023,2025,3,2023 | 2024 | 2025,2022,2025,4,9,1683,2025,771,EQS,EQS-Class SUV,vPIC also supports EQS-Class Sedan; the code does not clearly distinguish them.,EQB | E-Class | EQE,Mercedes-Benz,agreement,EQS-Class SUV,true,promotion_eligible,Latest-active reviewed MTO key; pass agreement is recomputed using case-insensitive model-family equivalence.,Reviewed two-pass MTO make/model inference using NCIC model-code abbreviations and NHTSA vPIC make/model examples (2026-08-12).
ontario_ministry_transport_vehicle_population,INFI,QX7,PASSENGER,2014,2025,11,2014 | 2016 | 2017 | 2018 | 2019 | 2020 | 2021 | 2022 | 2023 | 2024 | 2025,2014,2017,4,42,8393,2025,769,QX70,QX70,,,Infiniti,agreement,QX70,true,promotion_eligible,Latest-active reviewed MTO key; pass agreement is recomputed using case-insensitive model-family equivalence.,Reviewed two-pass MTO make/model inference using NCIC model-code abbreviations and NHTSA vPIC make/model examples (2026-08-12).
ontario_ministry_transport_vehicle_population,MAZD,MS3,PASSENGER,2014,2025,11,2014 | 2016 | 2017 | 2018 | 2019 | 2020 | 2021 | 2022 | 2023 | 2024 | 2025,2007,2013,7,77,10386,2025,768,Mazda3,Mazda3,,,Mazda,agreement,Mazda3,true,promotion_eligible,Latest-active reviewed MTO key; pass agreement is recomputed using case-insensitive model-family equivalence.,Reviewed two-pass MTO make/model inference using NCIC model-code abbreviations and NHTSA vPIC make/model examples (2026-08-12).
ontario_ministry_transport_vehicle_population,VOLV,A2G,PASSENGER,2019,2025,7,2019 | 2020 | 2021 | 2022 | 2023 | 2024 | 2025,2018,2020,3,21,5675,2025,767,XC90 (tentative),XC90,,XC60 | V90 | V60,Volvo,agreement,XC90,true,promotion_eligible,Latest-active reviewed MTO key; pass agreement is recomputed using case-insensitive model-family equivalence.,Reviewed two-pass MTO make/model inference using NCIC model-code abbreviations and NHTSA vPIC make/model examples (2026-08-12).
ontario_ministry_transport_vehicle_population,DODG,CRS,PASSENGER,2016,2025,10,2016 | 2017 | 2018 | 2019 | 2020 | 2021 | 2022 | 2023 | 2024 | 2025,1971,2023,13,106,6573,2025,766,Charger,Charger,,CSX | Challenger | Caliber,Dodge,agreement,Charger,true,promotion_eligible,Latest-active reviewed MTO key; pass agreement is recomputed using case-insensitive model-family equivalence.,Reviewed two-pass MTO make/model inference using NCIC model-code abbreviations and NHTSA vPIC make/model examples (2026-08-12).
ontario_ministry_transport_vehicle_population,CHEV,CGS,PASSENGER,2014,2025,11,2014 | 2016 | 2017 | 2018 | 2019 | 2020 | 2021 | 2022 | 2023 | 2024 | 2025,1977,2019,8,82,7394,2025,765,Corsica,Corsica,,,Chevrolet,agreement,Corsica,true,promotion_eligible,Latest-active reviewed MTO key; pass agreement is recomputed using case-insensitive model-family equivalence.,Reviewed two-pass MTO make/model inference using NCIC model-code abbreviations and NHTSA vPIC make/model examples (2026-08-12).
ontario_ministry_transport_vehicle_population,HYUN,ISP,PASSENGER,2020,2025,6,2020 | 2021 | 2022 | 2023 | 2024 | 2025,2019,2022,4,22,3882,2025,765,Ioniq,Ioniq,,Palisade | Ioniq 5 | Sonata,Hyundai,agreement,Ioniq,true,promotion_eligible,Latest-active reviewed MTO key; pass agreement is recomputed using case-insensitive model-family equivalence.,Reviewed two-pass MTO make/model inference using NCIC model-code abbreviations and NHTSA vPIC make/model examples (2026-08-12).
ontario_ministry_transport_vehicle_population,AUDI,A3U,PASSENGER,2016,2025,10,2016 | 2017 | 2018 | 2019 | 2020 | 2021 | 2022 | 2023 | 2024 | 2025,2010,2025,15,110,5646,2025,764,A3,A3,,,Audi,agreement,A3,true,promotion_eligible,Latest-active reviewed MTO key; pass agreement is recomputed using case-insensitive model-family equivalence.,Reviewed two-pass MTO make/model inference using NCIC model-code abbreviations and NHTSA vPIC make/model examples (2026-08-12).
ontario_ministry_transport_vehicle_population,FIAT,5AB,PASSENGER,2014,2025,11,2014 | 2016 | 2017 | 2018 | 2019 | 2020 | 2021 | 2022 | 2023 | 2024 | 2025,2012,2019,8,79,8086,2025,761,500,500,,500e | 500 L | 500 X,FIAT,agreement,500,true,promotion_eligible,Latest-active reviewed MTO key; pass agreement is recomputed using case-insensitive model-family equivalence.,Reviewed two-pass MTO make/model inference using NCIC model-code abbreviations and NHTSA vPIC make/model examples (2026-08-12).
ontario_ministry_transport_vehicle_population,GMC,HUM,COMMERCIAL | PASSENGER,2024,2025,2,2024 | 2025,2004,2026,5,13,1425,2025,761,Hummer EV,Hummer EV SUV,vPIC also supports Hummer EV Pickup; the code does not clearly distinguish them.,,GMC,agreement,Hummer EV SUV,true,promotion_eligible,Latest-active reviewed MTO key; pass agreement is recomputed using case-insensitive model-family equivalence.,Reviewed two-pass MTO make/model inference using NCIC model-code abbreviations and NHTSA vPIC make/model examples (2026-08-12).
ontario_ministry_transport_vehicle_population,LEXS,L9L,PASSENGER,2020,2025,6,2020 | 2021 | 2022 | 2023 | 2024 | 2025,2020,2022,3,13,4260,2025,760,LX,LX,,LS | LC,Lexus,agreement,LX,true,promotion_eligible,Latest-active reviewed MTO key; pass agreement is recomputed using case-insensitive model-family equivalence.,Reviewed two-pass MTO make/model inference using NCIC model-code abbreviations and NHTSA vPIC make/model examples (2026-08-12).
ontario_ministry_transport_vehicle_population,BUIC,LCF,PASSENGER,2014,2025,11,2014 | 2016 | 2017 | 2018 | 2019 | 2020 | 2021 | 2022 | 2023 | 2024 | 2025,1986,2005,20,220,30125,2025,758,Lacrosse/Allure,LaCrosse,vPIC also supports Allure; the code does not clearly distinguish them.,,Buick,agreement,LaCrosse,true,promotion_eligible,Latest-active reviewed MTO key; pass agreement is recomputed using case-insensitive model-family equivalence.,Reviewed two-pass MTO make/model inference using NCIC model-code abbreviations and NHTSA vPIC make/model examples (2026-08-12).
ontario_ministry_transport_vehicle_population,TOYT,JZG,PASSENGER,2020,2025,6,2020 | 2021 | 2022 | 2023 | 2024 | 2025,2020,2020,1,6,4567,2025,758,GR Supra,Supra,"vPIC supports the model, but the Ontario abbreviation is not uniquely identifying.",Highlander | Land Cruiser | Corolla,Toyota,agreement,Supra,true,promotion_eligible,Latest-active reviewed MTO key; pass agreement is recomputed using case-insensitive model-family equivalence.,Reviewed two-pass MTO make/model inference using NCIC model-code abbreviations and NHTSA vPIC make/model examples (2026-08-12).
ontario_ministry_transport_vehicle_population,NISS,ATL,PASSENGER,2014,2025,11,2014 | 2016 | 2017 | 2018 | 2019 | 2020 | 2021 | 2022 | 2023 | 2024 | 2025,2007,2009,3,33,16643,2025,757,Xterra,Xterra,,Altima,Nissan,agreement,Xterra,true,promotion_eligible,Latest-active reviewed MTO key; pass agreement is recomputed using case-insensitive model-family equivalence.,Reviewed two-pass MTO make/model inference using NCIC model-code abbreviations and NHTSA vPIC make/model examples (2026-08-12).
ontario_ministry_transport_vehicle_population,VOLK,GST,PASSENGER,2016,2025,10,2016 | 2017 | 2018 | 2019 | 2020 | 2021 | 2022 | 2023 | 2024 | 2025,2015,2015,1,10,7138,2025,757,GTI,GTI,,Passat | Eos | Jetta,Volkswagen,agreement,GTI,true,promotion_eligible,Latest-active reviewed MTO key; pass agreement is recomputed using case-insensitive model-family equivalence.,Reviewed two-pass MTO make/model inference using NCIC model-code abbreviations and NHTSA vPIC make/model examples (2026-08-12).
ontario_ministry_transport_vehicle_population,MITS,LSL,PASSENGER,2016,2025,10,2016 | 2017 | 2018 | 2019 | 2020 | 2021 | 2022 | 2023 | 2024 | 2025,2016,2017,2,20,7027,2025,754,Lancer,Lancer,,,Mitsubishi,agreement,Lancer,true,promotion_eligible,Latest-active reviewed MTO key; pass agreement is recomputed using case-insensitive model-family equivalence.,Reviewed two-pass MTO make/model inference using NCIC model-code abbreviations and NHTSA vPIC make/model examples (2026-08-12).
ontario_ministry_transport_vehicle_population,CADI,ATS,PASSENGER,2014,2025,11,2014 | 2016 | 2017 | 2018 | 2019 | 2020 | 2021 | 2022 | 2023 | 2024 | 2025,2013,2018,6,62,12199,2025,753,ATS,ATS,,,Cadillac,agreement,ATS,true,promotion_eligible,Latest-active reviewed MTO key; pass agreement is recomputed using case-insensitive model-family equivalence.,Reviewed two-pass MTO make/model inference using NCIC model-code abbreviations and NHTSA vPIC make/model examples (2026-08-12).
ontario_ministry_transport_vehicle_population,FORD,ESC,PASSENGER,2014,2025,2,2014 | 2025,1967,2026,40,76,1145,2025,752,Escort,Escort,,,Ford,agreement,Escort,true,promotion_eligible,Latest-active reviewed MTO key; pass agreement is recomputed using case-insensitive model-family equivalence.,Reviewed two-pass MTO make/model inference using NCIC model-code abbreviations and NHTSA vPIC make/model examples (2026-08-12).
ontario_ministry_transport_vehicle_population,JEEP,CCP,PASSENGER,2014,2025,11,2014 | 2016 | 2017 | 2018 | 2019 | 2020 | 2021 | 2022 | 2023 | 2024 | 2025,2011,2011,1,11,12173,2025,749,Compass,Compass,,,Jeep,agreement,Compass,true,promotion_eligible,Latest-active reviewed MTO key; pass agreement is recomputed using case-insensitive model-family equivalence.,Reviewed two-pass MTO make/model inference using NCIC model-code abbreviations and NHTSA vPIC make/model examples (2026-08-12).
ontario_ministry_transport_vehicle_population,VOLK,GLS,PASSENGER,2014,2025,11,2014 | 2016 | 2017 | 2018 | 2019 | 2020 | 2021 | 2022 | 2023 | 2024 | 2025,1976,2024,12,116,12305,2025,748,GLI,GLI,,,Volkswagen,agreement,GLI,true,promotion_eligible,Latest-active reviewed MTO key; pass agreement is recomputed using case-insensitive model-family equivalence.,Reviewed two-pass MTO make/model inference using NCIC model-code abbreviations and NHTSA vPIC make/model examples (2026-08-12).
ontario_ministry_transport_vehicle_population,CHEV,MTL,PASSENGER,2016,2025,10,2016 | 2017 | 2018 | 2019 | 2020 | 2021 | 2022 | 2023 | 2024 | 2025,1982,2016,2,20,8991,2025,746,Malibu,Malibu,,,Chevrolet,agreement,Malibu,true,promotion_eligible,Latest-active reviewed MTO key; pass agreement is recomputed using case-insensitive model-family equivalence.,Reviewed two-pass MTO make/model inference using NCIC model-code abbreviations and NHTSA vPIC make/model examples (2026-08-12).
ontario_ministry_transport_vehicle_population,FORD,TRA,COMMERCIAL,2025,2025,1,2025,1932,2026,28,28,746,2025,746,Transit Connect,Transit Connect,,Transit T150,Ford,agreement,Transit Connect,true,promotion_eligible,Latest-active reviewed MTO key; pass agreement is recomputed using case-insensitive model-family equivalence.,Reviewed two-pass MTO make/model inference using NCIC model-code abbreviations and NHTSA vPIC make/model examples (2026-08-12).
ontario_ministry_transport_vehicle_population,VOLV,66A,PASSENGER,2014,2025,11,2014 | 2016 | 2017 | 2018 | 2019 | 2020 | 2021 | 2022 | 2023 | 2024 | 2025,2011,2014,4,44,8928,2025,744,S60 (tentative),S60,,XC60 | XC90 | XC70,Volvo,agreement,S60,true,promotion_eligible,Latest-active reviewed MTO key; pass agreement is recomputed using case-insensitive model-family equivalence.,Reviewed two-pass MTO make/model inference using NCIC model-code abbreviations and NHTSA vPIC make/model examples (2026-08-12).
ontario_ministry_transport_vehicle_population,INTL,920,COMMERCIAL,2014,2025,11,2014 | 2016 | 2017 | 2018 | 2019 | 2020 | 2021 | 2022 | 2023 | 2024 | 2025,1971,2011,20,220,15335,2025,740,9200,9200,,9200i,International,agreement,9200,true,promotion_eligible,Latest-active reviewed MTO key; pass agreement is recomputed using case-insensitive model-family equivalence.,Reviewed two-pass MTO make/model inference using NCIC model-code abbreviations and NHTSA vPIC make/model examples (2026-08-12).
ontario_ministry_transport_vehicle_population,MAZD,MST,PASSENGER,2016,2025,10,2016 | 2017 | 2018 | 2019 | 2020 | 2021 | 2022 | 2023 | 2024 | 2025,2013,2013,1,10,8335,2025,740,MX-5,MX-5,,MISER | CX-5 | Mazda6,Mazda,agreement,MX-5,true,promotion_eligible,Latest-active reviewed MTO key; pass agreement is recomputed using case-insensitive model-family equivalence.,Reviewed two-pass MTO make/model inference using NCIC model-code abbreviations and NHTSA vPIC make/model examples (2026-08-12).
ontario_ministry_transport_vehicle_population,FIAT,NFG,PASSENGER,2017,2025,9,2017 | 2018 | 2019 | 2020 | 2021 | 2022 | 2023 | 2024 | 2025,2017,2023,7,43,5093,2025,738,500 (tentative),500,,UNO | PUNTO | 124 Spider,FIAT,agreement,500,true,promotion_eligible,Latest-active reviewed MTO key; pass agreement is recomputed using case-insensitive model-family equivalence.,Reviewed two-pass MTO make/model inference using NCIC model-code abbreviations and NHTSA vPIC make/model examples (2026-08-12).
ontario_ministry_transport_vehicle_population,LNDR,ZLG,PASSENGER,2020,2025,6,2020 | 2021 | 2022 | 2023 | 2024 | 2025,2020,2026,7,26,2695,2025,738,Range Rover (tentative),Range Rover,,Discovery | Defender | VELAR,Land Rover,agreement,Range Rover,true,promotion_eligible,Latest-active reviewed MTO key; pass agreement is recomputed using case-insensitive model-family equivalence.,Reviewed two-pass MTO make/model inference using NCIC model-code abbreviations and NHTSA vPIC make/model examples (2026-08-12).
ontario_ministry_transport_vehicle_population,BMW,13I,PASSENGER,2014,2025,11,2014 | 2016 | 2017 | 2018 | 2019 | 2020 | 2021 | 2022 | 2023 | 2024 | 2025,2008,2012,5,55,9314,2025,737,1 Series,Model unresolved,Ontario identifies only a vehicle family; vPIC does not support one unique model.,3 Series,BMW,disagreement,,true,promotion_eligible,Latest-active reviewed MTO key; pass agreement is recomputed using case-insensitive model-family equivalence.,Reviewed two-pass MTO make/model inference using NCIC model-code abbreviations and NHTSA vPIC make/model examples (2026-08-12).
ontario_ministry_transport_vehicle_population,FORD,FPA,PASSENGER,2014,2025,11,2014 | 2016 | 2017 | 2018 | 2019 | 2020 | 2021 | 2022 | 2023 | 2024 | 2025,2010,2018,5,52,10409,2025,737,A,Fiesta,vPIC also supports Flex; the code does not clearly distinguish them.,Fiesta | Flex | F150,Ford,disagreement,,true,promotion_eligible,Latest-active reviewed MTO key; pass agreement is recomputed using case-insensitive model-family equivalence.,Reviewed two-pass MTO make/model inference using NCIC model-code abbreviations and NHTSA vPIC make/model examples (2026-08-12).
ontario_ministry_transport_vehicle_population,BMW,63L,PASSENGER,2022,2025,4,2022 | 2023 | 2024 | 2025,2022,2024,3,11,2318,2025,735,3 Series,Model unresolved,Ontario identifies only a vehicle family; vPIC does not support one unique model.,635 | 633 | 630,BMW,disagreement,,true,promotion_eligible,Latest-active reviewed MTO key; pass agreement is recomputed using case-insensitive model-family equivalence.,Reviewed two-pass MTO make/model inference using NCIC model-code abbreviations and NHTSA vPIC make/model examples (2026-08-12).
ontario_ministry_transport_vehicle_population,BMW,M55,PASSENGER,2018,2025,8,2018 | 2019 | 2020 | 2021 | 2022 | 2023 | 2024 | 2025,2018,2021,4,24,5648,2025,733,M550,M550i,"vPIC supports the model, but the Ontario abbreviation is not uniquely identifying.",,BMW,agreement,M550i,true,promotion_eligible,Latest-active reviewed MTO key; pass agreement is recomputed using case-insensitive model-family equivalence.,Reviewed two-pass MTO make/model inference using NCIC model-code abbreviations and NHTSA vPIC make/model examples (2026-08-12).
ontario_ministry_transport_vehicle_population,TOYT,URS,PASSENGER,2014,2025,11,2014 | 2016 | 2017 | 2018 | 2019 | 2020 | 2021 | 2022 | 2023 | 2024 | 2025,2005,2010,4,44,11220,2025,731,SUPRA,Supra,"Closest vPIC name match, but no sampled year-specific result corroborates it.",GR SUPRA | Prius | Tundra,Toyota,agreement,Supra,true,promotion_eligible,Latest-active reviewed MTO key; pass agreement is recomputed using case-insensitive model-family equivalence.,Reviewed two-pass MTO make/model inference using NCIC model-code abbreviations and NHTSA vPIC make/model examples (2026-08-12).
ontario_ministry_transport_vehicle_population,MERZ,4M4,PASSENGER,2014,2025,11,2014 | 2016 | 2017 | 2018 | 2019 | 2020 | 2021 | 2022 | 2023 | 2024 | 2025,2015,2020,2,15,9840,2025,728,SLS AMG,AMG GT,vPIC also supports ML-Class; the code does not clearly distinguish them.,Metris Cargo | AMG GT | ML-Class,Mercedes-Benz,disagreement,,true,promotion_eligible,Latest-active reviewed MTO key; pass agreement is recomputed using case-insensitive model-family equivalence.,Reviewed two-pass MTO make/model inference using NCIC model-code abbreviations and NHTSA vPIC make/model examples (2026-08-12).
ontario_ministry_transport_vehicle_population,CHEV,S2L,PASSENGER,2017,2025,9,2017 | 2018 | 2019 | 2020 | 2021 | 2022 | 2023 | 2024 | 2025,2013,2022,10,79,5005,2025,727,Silverado,Silverado,,Spark | SS | Suburban,Chevrolet,agreement,Silverado,true,promotion_eligible,Latest-active reviewed MTO key; pass agreement is recomputed using case-insensitive model-family equivalence.,Reviewed two-pass MTO make/model inference using NCIC model-code abbreviations and NHTSA vPIC make/model examples (2026-08-12).
ontario_ministry_transport_vehicle_population,MERZ,MEA,PASSENGER,2014,2025,11,2014 | 2016 | 2017 | 2018 | 2019 | 2020 | 2021 | 2022 | 2023 | 2024 | 2025,2007,2016,10,109,10123,2025,726,Metris Cargo,Metris,"vPIC supports the model, but the Ontario abbreviation is not uniquely identifying.",ML-Class | E-Class,Mercedes-Benz,agreement,Metris,true,promotion_eligible,Latest-active reviewed MTO key; pass agreement is recomputed using case-insensitive model-family equivalence.,Reviewed two-pass MTO make/model inference using NCIC model-code abbreviations and NHTSA vPIC make/model examples (2026-08-12).
ontario_ministry_transport_vehicle_population,LNDR,1ML,PASSENGER,2024,2025,2,2024 | 2025,2023,2025,3,6,1178,2025,722,Defender (tentative),Defender,,VELAR | FREELANDER | 110,Land Rover,agreement,Defender,true,promotion_eligible,Latest-active reviewed MTO key; pass agreement is recomputed using case-insensitive model-family equivalence.,Reviewed two-pass MTO make/model inference using NCIC model-code abbreviations and NHTSA vPIC make/model examples (2026-08-12).
ontario_ministry_transport_vehicle_population,SUBA,I2P,PASSENGER,2014,2025,11,2014 | 2016 | 2017 | 2018 | 2019 | 2020 | 2021 | 2022 | 2023 | 2024 | 2025,2009,2011,3,33,10137,2025,721,Impreza/Outback Sport,Impreza,,IMPREZA,Subaru,agreement,Impreza,true,promotion_eligible,Latest-active reviewed MTO key; pass agreement is recomputed using case-insensitive model-family equivalence.,Reviewed two-pass MTO make/model inference using NCIC model-code abbreviations and NHTSA vPIC make/model examples (2026-08-12).
ontario_ministry_transport_vehicle_population,VOLV,S6F,PASSENGER,2014,2025,11,2014 | 2016 | 2017 | 2018 | 2019 | 2020 | 2021 | 2022 | 2023 | 2024 | 2025,2004,2009,6,66,12642,2025,721,S60,S60,,,Volvo,agreement,S60,true,promotion_eligible,Latest-active reviewed MTO key; pass agreement is recomputed using case-insensitive model-family equivalence.,Reviewed two-pass MTO make/model inference using NCIC model-code abbreviations and NHTSA vPIC make/model examples (2026-08-12).
ontario_ministry_transport_vehicle_population,LINC,SGL,PASSENGER,2014,2025,11,2014 | 2016 | 2017 | 2018 | 2019 | 2020 | 2021 | 2022 | 2023 | 2024 | 2025,2005,2011,7,77,13663,2025,720,LS,LS,,MKS | Mark LT | MKZ,Lincoln,agreement,LS,true,promotion_eligible,Latest-active reviewed MTO key; pass agreement is recomputed using case-insensitive model-family equivalence.,Reviewed two-pass MTO make/model inference using NCIC model-code abbreviations and NHTSA vPIC make/model examples (2026-08-12).
ontario_ministry_transport_vehicle_population,CHEV,ELC,COMMERCIAL | PASSENGER,2014,2025,11,2014 | 2016 | 2017 | 2018 | 2019 | 2020 | 2021 | 2022 | 2023 | 2024 | 2025,1958,1987,27,583,8214,2025,719,El Camino Pickup,El Camino,"vPIC supports the model, but the Ontario abbreviation is not uniquely identifying.",,Chevrolet,agreement,El Camino,true,promotion_eligible,Latest-active reviewed MTO key; pass agreement is recomputed using case-insensitive model-family equivalence.,Reviewed two-pass MTO make/model inference using NCIC model-code abbreviations and NHTSA vPIC make/model examples (2026-08-12).
ontario_ministry_transport_vehicle_population,JEEP,CCK,PASSENGER,2014,2025,11,2014 | 2016 | 2017 | 2018 | 2019 | 2020 | 2021 | 2022 | 2023 | 2024 | 2025,2014,2015,2,22,8660,2025,719,Cherokee,Cherokee,,Grand Cherokee,Jeep,agreement,Cherokee,true,promotion_eligible,Latest-active reviewed MTO key; pass agreement is recomputed using case-insensitive model-family equivalence.,Reviewed two-pass MTO make/model inference using NCIC model-code abbreviations and NHTSA vPIC make/model examples (2026-08-12).
ontario_ministry_transport_vehicle_population,CHEV,NWG,COMMERCIAL,2020,2025,6,2020 | 2021 | 2022 | 2023 | 2024 | 2025,2019,2022,4,23,3458,2025,717,Sonic,Sonic,,Equinox | Suburban | Trax,Chevrolet,agreement,Sonic,true,promotion_eligible,Latest-active reviewed MTO key; pass agreement is recomputed using case-insensitive model-family equivalence.,Reviewed two-pass MTO make/model inference using NCIC model-code abbreviations and NHTSA vPIC make/model examples (2026-08-12).
ontario_ministry_transport_vehicle_population,INFI,G3S,PASSENGER,2014,2025,11,2014 | 2016 | 2017 | 2018 | 2019 | 2020 | 2021 | 2022 | 2023 | 2024 | 2025,2008,2013,3,33,9627,2025,716,G37,G37,,G35,Infiniti,agreement,G37,true,promotion_eligible,Latest-active reviewed MTO key; pass agreement is recomputed using case-insensitive model-family equivalence.,Reviewed two-pass MTO make/model inference using NCIC model-code abbreviations and NHTSA vPIC make/model examples (2026-08-12).
ontario_ministry_transport_vehicle_population,TRIU,TR6,PASSENGER,2014,2025,11,2014 | 2016 | 2017 | 2018 | 2019 | 2020 | 2021 | 2022 | 2023 | 2024 | 2025,1941,1980,12,132,9280,2025,715,TR6,TR8,vPIC also supports TR7; the code does not clearly distinguish them.,,Triumph,disagreement,,true,promotion_eligible,Latest-active reviewed MTO key; pass agreement is recomputed using case-insensitive model-family equivalence.,Reviewed two-pass MTO make/model inference using NCIC model-code abbreviations and NHTSA vPIC make/model examples (2026-08-12).
ontario_ministry_transport_vehicle_population,VOLV,VXC,PASSENGER,2014,2025,11,2014 | 2016 | 2017 | 2018 | 2019 | 2020 | 2021 | 2022 | 2023 | 2024 | 2025,1998,2005,7,77,17271,2025,715,V70 XC,V70,"vPIC supports the model, but the Ontario abbreviation is not uniquely identifying.",V70 | XC90 | XC70,Volvo,agreement,V70,true,promotion_eligible,Latest-active reviewed MTO key; pass agreement is recomputed using case-insensitive model-family equivalence.,Reviewed two-pass MTO make/model inference using NCIC model-code abbreviations and NHTSA vPIC make/model examples (2026-08-12).
ontario_ministry_transport_vehicle_population,FORD,F15,COMMERCIAL,2014,2025,11,2014 | 2016 | 2017 | 2018 | 2019 | 2020 | 2021 | 2022 | 2023 | 2024 | 2025,1908,2026,72,713,6605,2025,714,F150,F-150,,,Ford,agreement,F-150,true,promotion_eligible,Latest-active reviewed MTO key; pass agreement is recomputed using case-insensitive model-family equivalence.,Reviewed two-pass MTO make/model inference using NCIC model-code abbreviations and NHTSA vPIC make/model examples (2026-08-12).
ontario_ministry_transport_vehicle_population,INTL,560,COMMERCIAL,2014,2025,11,2014 | 2016 | 2017 | 2018 | 2019 | 2020 | 2021 | 2022 | 2023 | 2024 | 2025,1978,2014,16,176,12382,2025,714,5600i,5600i,,,International,agreement,5600i,true,promotion_eligible,Latest-active reviewed MTO key; pass agreement is recomputed using case-insensitive model-family equivalence.,Reviewed two-pass MTO make/model inference using NCIC model-code abbreviations and NHTSA vPIC make/model examples (2026-08-12).
ontario_ministry_transport_vehicle_population,CADI,ALU,PASSENGER,2014,2025,11,2014 | 2016 | 2017 | 2018 | 2019 | 2020 | 2021 | 2022 | 2023 | 2024 | 2025,2013,2018,6,62,10258,2025,713,ALLANTE,Allante,"Closest vPIC name match, but no sampled year-specific result corroborates it.",ATS,Cadillac,agreement,Allante,true,promotion_eligible,Latest-active reviewed MTO key; pass agreement is recomputed using case-insensitive model-family equivalence.,Reviewed two-pass MTO make/model inference using NCIC model-code abbreviations and NHTSA vPIC make/model examples (2026-08-12).
ontario_ministry_transport_vehicle_population,NISS,ATR,PASSENGER,2014,2025,11,2014 | 2016 | 2017 | 2018 | 2019 | 2020 | 2021 | 2022 | 2023 | 2024 | 2025,2010,2012,3,33,9927,2025,709,ALTRA-EV,Altra-EV,"Closest vPIC name match, but no sampled year-specific result corroborates it.",,Nissan,agreement,Altra-EV,true,promotion_eligible,Latest-active reviewed MTO key; pass agreement is recomputed using case-insensitive model-family equivalence.,Reviewed two-pass MTO make/model inference using NCIC model-code abbreviations and NHTSA vPIC make/model examples (2026-08-12).
ontario_ministry_transport_vehicle_population,VOLV,30T,PASSENGER,2014,2025,11,2014 | 2016 | 2017 | 2018 | 2019 | 2020 | 2021 | 2022 | 2023 | 2024 | 2025,2008,2013,6,66,8264,2025,708,C30,C30,,,Volvo,agreement,C30,true,promotion_eligible,Latest-active reviewed MTO key; pass agreement is recomputed using case-insensitive model-family equivalence.,Reviewed two-pass MTO make/model inference using NCIC model-code abbreviations and NHTSA vPIC make/model examples (2026-08-12).
ontario_ministry_transport_vehicle_population,KIA,ROE,PASSENGER,2014,2025,11,2014 | 2016 | 2017 | 2018 | 2019 | 2020 | 2021 | 2022 | 2023 | 2024 | 2025,2007,2009,3,33,18654,2025,702,Rondo,Rondo,,Rio,Kia,agreement,Rondo,true,promotion_eligible,Latest-active reviewed MTO key; pass agreement is recomputed using case-insensitive model-family equivalence.,Reviewed two-pass MTO make/model inference using NCIC model-code abbreviations and NHTSA vPIC make/model examples (2026-08-12).
ontario_ministry_transport_vehicle_population,NISS,ARM,PASSENGER,2014,2025,11,2014 | 2016 | 2017 | 2018 | 2019 | 2020 | 2021 | 2022 | 2023 | 2024 | 2025,2004,2026,17,144,9797,2025,699,Armada,Armada,,,Nissan,agreement,Armada,true,promotion_eligible,Latest-active reviewed MTO key; pass agreement is recomputed using case-insensitive model-family equivalence.,Reviewed two-pass MTO make/model inference using NCIC model-code abbreviations and NHTSA vPIC make/model examples (2026-08-12).
ontario_ministry_transport_vehicle_population,AUDI,ATQ,PASSENGER,2014,2025,11,2014 | 2016 | 2017 | 2018 | 2019 | 2020 | 2021 | 2022 | 2023 | 2024 | 2025,2000,2006,7,77,8517,2025,698,A8,A8,,A6 | A4 | TT,Audi,agreement,A8,true,promotion_eligible,Latest-active reviewed MTO key; pass agreement is recomputed using case-insensitive model-family equivalence.,Reviewed two-pass MTO make/model inference using NCIC model-code abbreviations and NHTSA vPIC make/model examples (2026-08-12).
ontario_ministry_transport_vehicle_population,MERZ,ME5,PASSENGER,2014,2025,11,2014 | 2016 | 2017 | 2018 | 2019 | 2020 | 2021 | 2022 | 2023 | 2024 | 2025,2007,2019,13,128,8064,2025,698,ML55,Model unresolved,The Ontario abbreviation does not match a vPIC model closely enough.,ML550 | ML500 | ML350,Mercedes-Benz,disagreement,,true,promotion_eligible,Latest-active reviewed MTO key; pass agreement is recomputed using case-insensitive model-family equivalence.,Reviewed two-pass MTO make/model inference using NCIC model-code abbreviations and NHTSA vPIC make/model examples (2026-08-12).
ontario_ministry_transport_vehicle_population,BMW,43E,PASSENGER,2023,2025,3,2023 | 2024 | 2025,2023,2026,4,9,1311,2025,696,4 Series,Model unresolved,Ontario identifies only a vehicle family; vPIC does not support one unique model.,3 Series,BMW,disagreement,,true,promotion_eligible,Latest-active reviewed MTO key; pass agreement is recomputed using case-insensitive model-family equivalence.,Reviewed two-pass MTO make/model inference using NCIC model-code abbreviations and NHTSA vPIC make/model examples (2026-08-12).
ontario_ministry_transport_vehicle_population,FORD,CTN,COMMERCIAL,2014,2025,11,2014 | 2016 | 2017 | 2018 | 2019 | 2020 | 2021 | 2022 | 2023 | 2024 | 2025,2011,2014,2,22,7719,2025,694,T,Transit Connect,Code-to-name match is weak; selected from vPIC models with overlapping-year coverage.,CRESTLINE | Transit Connect | CUSTOMLINE,Ford,disagreement,,true,promotion_eligible,Latest-active reviewed MTO key; pass agreement is recomputed using case-insensitive model-family equivalence.,Reviewed two-pass MTO make/model inference using NCIC model-code abbreviations and NHTSA vPIC make/model examples (2026-08-12).
ontario_ministry_transport_vehicle_population,NISS,MEL,PASSENGER,2014,2025,11,2014 | 2016 | 2017 | 2018 | 2019 | 2020 | 2021 | 2022 | 2023 | 2024 | 2025,2004,2008,5,55,33364,2025,694,Maxima,Maxima,,Murano | Xterra | Sentra,Nissan,agreement,Maxima,true,promotion_eligible,Latest-active reviewed MTO key; pass agreement is recomputed using case-insensitive model-family equivalence.,Reviewed two-pass MTO make/model inference using NCIC model-code abbreviations and NHTSA vPIC make/model examples (2026-08-12).
ontario_ministry_transport_vehicle_population,LEXS,GX7,PASSENGER,2014,2025,11,2014 | 2016 | 2017 | 2018 | 2019 | 2020 | 2021 | 2022 | 2023 | 2024 | 2025,2003,2009,7,77,10430,2025,693,GX,GX,,,Lexus,agreement,GX,true,promotion_eligible,Latest-active reviewed MTO key; pass agreement is recomputed using case-insensitive model-family equivalence.,Reviewed two-pass MTO make/model inference using NCIC model-code abbreviations and NHTSA vPIC make/model examples (2026-08-12).
ontario_ministry_transport_vehicle_population,PORS,PGS,PASSENGER,2016,2025,10,2016 | 2017 | 2018 | 2019 | 2020 | 2021 | 2022 | 2023 | 2024 | 2025,2013,2026,13,88,4483,2025,692,Panamera,Panamera,,Boxster | Cayenne | 911,Porsche,agreement,Panamera,true,promotion_eligible,Latest-active reviewed MTO key; pass agreement is recomputed using case-insensitive model-family equivalence.,Reviewed two-pass MTO make/model inference using NCIC model-code abbreviations and NHTSA vPIC make/model examples (2026-08-12).
ontario_ministry_transport_vehicle_population,STRN,SI3,PASSENGER,2014,2025,11,2014 | 2016 | 2017 | 2018 | 2019 | 2020 | 2021 | 2022 | 2023 | 2024 | 2025,2003,2007,5,55,24170,2025,692,SKY,Sky,,L300 | Ion | Aura,Saturn,agreement,Sky,true,promotion_eligible,Latest-active reviewed MTO key; pass agreement is recomputed using case-insensitive model-family equivalence.,Reviewed two-pass MTO make/model inference using NCIC model-code abbreviations and NHTSA vPIC make/model examples (2026-08-12).
ontario_ministry_transport_vehicle_population,BMW,33E,PASSENGER,2023,2025,3,2023 | 2024 | 2025,2022,2026,5,12,1565,2025,690,3 Series,Model unresolved,Ontario identifies only a vehicle family; vPIC does not support one unique model.,,BMW,disagreement,,true,promotion_eligible,Latest-active reviewed MTO key; pass agreement is recomputed using case-insensitive model-family equivalence.,Reviewed two-pass MTO make/model inference using NCIC model-code abbreviations and NHTSA vPIC make/model examples (2026-08-12).
ontario_ministry_transport_vehicle_population,INTL,990,COMMERCIAL,2014,2025,11,2014 | 2016 | 2017 | 2018 | 2019 | 2020 | 2021 | 2022 | 2023 | 2024 | 2025,1999,2018,19,205,10808,2025,690,9900,9900,,9900i | 9900ix,International,agreement,9900,true,promotion_eligible,Latest-active reviewed MTO key; pass agreement is recomputed using case-insensitive model-family equivalence.,Reviewed two-pass MTO make/model inference using NCIC model-code abbreviations and NHTSA vPIC make/model examples (2026-08-12).
ontario_ministry_transport_vehicle_population,PORS,944,PASSENGER,2014,2025,11,2014 | 2016 | 2017 | 2018 | 2019 | 2020 | 2021 | 2022 | 2023 | 2024 | 2025,1981,1991,11,120,7232,2025,690,944,944,,,Porsche,agreement,944,true,promotion_eligible,Latest-active reviewed MTO key; pass agreement is recomputed using case-insensitive model-family equivalence.,Reviewed two-pass MTO make/model inference using NCIC model-code abbreviations and NHTSA vPIC make/model examples (2026-08-12).
ontario_ministry_transport_vehicle_population,HOND,UVP,PASSENGER,2014,2025,11,2014 | 2016 | 2017 | 2018 | 2019 | 2020 | 2021 | 2022 | 2023 | 2024 | 2025,1996,2007,6,66,11217,2025,689,EV Plus,EV Plus,,,Honda,agreement,EV Plus,true,promotion_eligible,Latest-active reviewed MTO key; pass agreement is recomputed using case-insensitive model-family equivalence.,Reviewed two-pass MTO make/model inference using NCIC model-code abbreviations and NHTSA vPIC make/model examples (2026-08-12).
ontario_ministry_transport_vehicle_population,LEXS,YZG,PASSENGER,2019,2025,7,2019 | 2020 | 2021 | 2022 | 2023 | 2024 | 2025,2020,2020,1,7,5667,2025,689,GX,GX,,GS,Lexus,agreement,GX,true,promotion_eligible,Latest-active reviewed MTO key; pass agreement is recomputed using case-insensitive model-family equivalence.,Reviewed two-pass MTO make/model inference using NCIC model-code abbreviations and NHTSA vPIC make/model examples (2026-08-12).
ontario_ministry_transport_vehicle_population,VOLK,VNC,PASSENGER,2014,2025,11,2014 | 2016 | 2017 | 2018 | 2019 | 2020 | 2021 | 2022 | 2023 | 2024 | 2025,1972,1991,11,121,7184,2025,689,Vanagon,Vanagon,,,Volkswagen,agreement,Vanagon,true,promotion_eligible,Latest-active reviewed MTO key; pass agreement is recomputed using case-insensitive model-family equivalence.,Reviewed two-pass MTO make/model inference using NCIC model-code abbreviations and NHTSA vPIC make/model examples (2026-08-12).
ontario_ministry_transport_vehicle_population,ACUR,CXP,PASSENGER,2014,2025,7,2014 | 2016 | 2017 | 2018 | 2019 | 2020 | 2025,2006,2007,2,14,2495,2025,688,TSX,TSX,,RSX | CSX,Acura,agreement,TSX,true,promotion_eligible,Latest-active reviewed MTO key; pass agreement is recomputed using case-insensitive model-family equivalence.,Reviewed two-pass MTO make/model inference using NCIC model-code abbreviations and NHTSA vPIC make/model examples (2026-08-12).
ontario_ministry_transport_vehicle_population,FORD,FTP,PASSENGER,2017,2025,9,2017 | 2018 | 2019 | 2020 | 2021 | 2022 | 2023 | 2024 | 2025,2013,2020,8,69,6320,2025,688,FT900,FT900,"Closest vPIC name match, but no sampled year-specific result corroborates it.",T | F800 | F700,Ford,agreement,FT900,true,promotion_eligible,Latest-active reviewed MTO key; pass agreement is recomputed using case-insensitive model-family equivalence.,Reviewed two-pass MTO make/model inference using NCIC model-code abbreviations and NHTSA vPIC make/model examples (2026-08-12).
ontario_ministry_transport_vehicle_population,TOYT,GRH,PASSENGER,2025,2025,1,2025,2026,2026,1,1,685,2025,685,GR Supra,Supra,"vPIC supports the model, but the Ontario abbreviation is not uniquely identifying.",Grand Highlander | Corolla,Toyota,agreement,Supra,true,promotion_eligible,Latest-active reviewed MTO key; pass agreement is recomputed using case-insensitive model-family equivalence.,Reviewed two-pass MTO make/model inference using NCIC model-code abbreviations and NHTSA vPIC make/model examples (2026-08-12).
ontario_ministry_transport_vehicle_population,VOLK,PSP,PASSENGER,2016,2025,10,2016 | 2017 | 2018 | 2019 | 2020 | 2021 | 2022 | 2023 | 2024 | 2025,2016,2021,5,40,6374,2025,685,Passat,Passat,,,Volkswagen,agreement,Passat,true,promotion_eligible,Latest-active reviewed MTO key; pass agreement is recomputed using case-insensitive model-family equivalence.,Reviewed two-pass MTO make/model inference using NCIC model-code abbreviations and NHTSA vPIC make/model examples (2026-08-12).
ontario_ministry_transport_vehicle_population,ACUR,CET,PASSENGER,2014,2025,11,2014 | 2016 | 2017 | 2018 | 2019 | 2020 | 2021 | 2022 | 2023 | 2024 | 2025,2001,2005,5,55,20637,2025,684,CL,CL,,TL | TSX | Integra,Acura,agreement,CL,true,promotion_eligible,Latest-active reviewed MTO key; pass agreement is recomputed using case-insensitive model-family equivalence.,Reviewed two-pass MTO make/model inference using NCIC model-code abbreviations and NHTSA vPIC make/model examples (2026-08-12).
ontario_ministry_transport_vehicle_population,MERZ,3M4,PASSENGER,2014,2025,11,2014 | 2016 | 2017 | 2018 | 2019 | 2020 | 2021 | 2022 | 2023 | 2024 | 2025,2012,2015,4,44,8053,2025,684,SLS AMG,Model unresolved,The Ontario abbreviation does not match a vPIC model closely enough.,,Mercedes-Benz,disagreement,,true,promotion_eligible,Latest-active reviewed MTO key; pass agreement is recomputed using case-insensitive model-family equivalence.,Reviewed two-pass MTO make/model inference using NCIC model-code abbreviations and NHTSA vPIC make/model examples (2026-08-12).
ontario_ministry_transport_vehicle_population,MERZ,2JG,PASSENGER,2019,2025,7,2019 | 2020 | 2021 | 2022 | 2023 | 2024 | 2025,2019,2023,5,27,3912,2025,682,AMG GT,AMG GT,,G-Class | GLS-Class | GLE-Class,Mercedes-Benz,agreement,AMG GT,true,promotion_eligible,Latest-active reviewed MTO key; pass agreement is recomputed using case-insensitive model-family equivalence.,Reviewed two-pass MTO make/model inference using NCIC model-code abbreviations and NHTSA vPIC make/model examples (2026-08-12).
ontario_ministry_transport_vehicle_population,CADI,CPA,PASSENGER,2014,2025,11,2014 | 2016 | 2017 | 2018 | 2019 | 2020 | 2021 | 2022 | 2023 | 2024 | 2025,2010,2023,11,107,8913,2025,681,Escalade,Escalade,,CTS | CT5 | CT4,Cadillac,agreement,Escalade,true,promotion_eligible,Latest-active reviewed MTO key; pass agreement is recomputed using case-insensitive model-family equivalence.,Reviewed two-pass MTO make/model inference using NCIC model-code abbreviations and NHTSA vPIC make/model examples (2026-08-12).
ontario_ministry_transport_vehicle_population,HOND,FCL,PASSENGER,2018,2025,8,2018 | 2019 | 2020 | 2021 | 2022 | 2023 | 2024 | 2025,2018,2021,4,26,4707,2025,681,FCX FUEL CELL VEHICLE,Clarity,Code-to-name match is weak; selected from vPIC models with overlapping-year coverage.,Clarity,Honda,disagreement,,true,promotion_eligible,Latest-active reviewed MTO key; pass agreement is recomputed using case-insensitive model-family equivalence.,Reviewed two-pass MTO make/model inference using NCIC model-code abbreviations and NHTSA vPIC make/model examples (2026-08-12).
ontario_ministry_transport_vehicle_population,TOYT,GR8,PASSENGER,2024,2025,2,2024 | 2025,2023,2026,4,7,1172,2025,680,GR 86,GR86,,,Toyota,agreement,GR86,true,promotion_eligible,Latest-active reviewed MTO key; pass agreement is recomputed using case-insensitive model-family equivalence.,Reviewed two-pass MTO make/model inference using NCIC model-code abbreviations and NHTSA vPIC make/model examples (2026-08-12).
ontario_ministry_transport_vehicle_population,CHEV,MSS,PASSENGER,2014,2025,11,2014 | 2016 | 2017 | 2018 | 2019 | 2020 | 2021 | 2022 | 2023 | 2024 | 2025,1964,2007,8,88,13778,2025,679,SSR,SSR,,Malibu | Monte Carlo | SS,Chevrolet,agreement,SSR,true,promotion_eligible,Latest-active reviewed MTO key; pass agreement is recomputed using case-insensitive model-family equivalence.,Reviewed two-pass MTO make/model inference using NCIC model-code abbreviations and NHTSA vPIC make/model examples (2026-08-12).
ontario_ministry_transport_vehicle_population,FORD,FX5,PASSENGER,2014,2025,11,2014 | 2016 | 2017 | 2018 | 2019 | 2020 | 2021 | 2022 | 2023 | 2024 | 2025,2002,2006,5,55,32492,2025,679,F150,F-150,,,Ford,agreement,F-150,true,promotion_eligible,Latest-active reviewed MTO key; pass agreement is recomputed using case-insensitive model-family equivalence.,Reviewed two-pass MTO make/model inference using NCIC model-code abbreviations and NHTSA vPIC make/model examples (2026-08-12).
ontario_ministry_transport_vehicle_population,PONT,SFS,PASSENGER,2014,2025,11,2014 | 2016 | 2017 | 2018 | 2019 | 2020 | 2021 | 2022 | 2023 | 2024 | 2025,1995,2005,9,99,54945,2025,679,Sunfire,Sunfire,,Firebird/Trans Am/Formula | Trans Sport/Montana | Grand Prix,Pontiac,agreement,Sunfire,true,promotion_eligible,Latest-active reviewed MTO key; pass agreement is recomputed using case-insensitive model-family equivalence.,Reviewed two-pass MTO make/model inference using NCIC model-code abbreviations and NHTSA vPIC make/model examples (2026-08-12).
ontario_ministry_transport_vehicle_population,DODG,ART,PASSENGER,2014,2025,11,2014 | 2016 | 2017 | 2018 | 2019 | 2020 | 2021 | 2022 | 2023 | 2024 | 2025,1974,2014,7,77,14158,2025,677,Dart,Dart,,,Dodge,agreement,Dart,true,promotion_eligible,Latest-active reviewed MTO key; pass agreement is recomputed using case-insensitive model-family equivalence.,Reviewed two-pass MTO make/model inference using NCIC model-code abbreviations and NHTSA vPIC make/model examples (2026-08-12).
ontario_ministry_transport_vehicle_population,MERZ,MJG,PASSENGER,2024,2025,2,2024 | 2025,2024,2025,2,4,898,2025,677,AMG GT,AMG GT,,G-Class | GLS-Class | GLE-Class,Mercedes-Benz,agreement,AMG GT,true,promotion_eligible,Latest-active reviewed MTO key; pass agreement is recomputed using case-insensitive model-family equivalence.,Reviewed two-pass MTO make/model inference using NCIC model-code abbreviations and NHTSA vPIC make/model examples (2026-08-12).
ontario_ministry_transport_vehicle_population,AMER,JEE,PASSENGER,2014,2025,11,2014 | 2016 | 2017 | 2018 | 2019 | 2020 | 2021 | 2022 | 2023 | 2024 | 2025,1941,1988,45,495,7728,2025,676,JEEP,Model unresolved,The Ontario abbreviation does not match a vPIC model closely enough.,,American Motors,disagreement,,true,promotion_eligible,Latest-active reviewed MTO key; pass agreement is recomputed using case-insensitive model-family equivalence.,Reviewed two-pass MTO make/model inference using NCIC model-code abbreviations and NHTSA vPIC make/model examples (2026-08-12).
ontario_ministry_transport_vehicle_population,CHEV,COL,COMMERCIAL,2025,2025,1,2025,2004,2026,14,14,676,2025,676,Colorado,Colorado,,,Chevrolet,agreement,Colorado,true,promotion_eligible,Latest-active reviewed MTO key; pass agreement is recomputed using case-insensitive model-family equivalence.,Reviewed two-pass MTO make/model inference using NCIC model-code abbreviations and NHTSA vPIC make/model examples (2026-08-12).
ontario_ministry_transport_vehicle_population,HOND,ACC,PASSENGER,2014,2025,11,2014 | 2016 | 2017 | 2018 | 2019 | 2020 | 2021 | 2022 | 2023 | 2024 | 2025,1970,2022,46,437,18356,2025,676,Accord,Accord,,,Honda,agreement,Accord,true,promotion_eligible,Latest-active reviewed MTO key; pass agreement is recomputed using case-insensitive model-family equivalence.,Reviewed two-pass MTO make/model inference using NCIC model-code abbreviations and NHTSA vPIC make/model examples (2026-08-12).
ontario_ministry_transport_vehicle_population,MNNI,43G,PASSENGER,2022,2025,4,2022 | 2023 | 2024 | 2025,2021,2026,6,18,1889,2025,675,Clubman (tentative),Clubman,,John Cooper Works | Countryman | Cooper,MINI,agreement,Clubman,true,promotion_eligible,Latest-active reviewed MTO key; pass agreement is recomputed using case-insensitive model-family equivalence.,Reviewed two-pass MTO make/model inference using NCIC model-code abbreviations and NHTSA vPIC make/model examples (2026-08-12).
ontario_ministry_transport_vehicle_population,PORS,CAR,PASSENGER,2014,2025,11,2014 | 2016 | 2017 | 2018 | 2019 | 2020 | 2021 | 2022 | 2023 | 2024 | 2025,1956,2014,30,268,7382,2025,671,Carrera 2,Model unresolved,The Ontario abbreviation does not match a vPIC model closely enough.,Carrera 4 | Carrera 4 S | Carrera,Porsche,disagreement,,true,promotion_eligible,Latest-active reviewed MTO key; pass agreement is recomputed using case-insensitive model-family equivalence.,Reviewed two-pass MTO make/model inference using NCIC model-code abbreviations and NHTSA vPIC make/model examples (2026-08-12).
ontario_ministry_transport_vehicle_population,VOLV,BCD,COMMERCIAL,2025,2025,1,2025,2025,2026,2,2,671,2025,671,XC90 (tentative),XC90,,XC60 | XC40 | EC40,Volvo,agreement,XC90,true,promotion_eligible,Latest-active reviewed MTO key; pass agreement is recomputed using case-insensitive model-family equivalence.,Reviewed two-pass MTO make/model inference using NCIC model-code abbreviations and NHTSA vPIC make/model examples (2026-08-12).
ontario_ministry_transport_vehicle_population,MERZ,MC4,PASSENGER,2014,2025,11,2014 | 2016 | 2017 | 2018 | 2019 | 2020 | 2021 | 2022 | 2023 | 2024 | 2025,2012,2017,6,64,8842,2025,669,ML430,Model unresolved,The Ontario abbreviation does not match a vPIC model closely enough.,ML400 | AMG C43 | CLK430,Mercedes-Benz,disagreement,,true,promotion_eligible,Latest-active reviewed MTO key; pass agreement is recomputed using case-insensitive model-family equivalence.,Reviewed two-pass MTO make/model inference using NCIC model-code abbreviations and NHTSA vPIC make/model examples (2026-08-12).
ontario_ministry_transport_vehicle_population,NISS,USE,PASSENGER,2014,2025,11,2014 | 2016 | 2017 | 2018 | 2019 | 2020 | 2021 | 2022 | 2023 | 2024 | 2025,1991,2012,9,99,10649,2025,669,Sentra,Sentra,,,Nissan,agreement,Sentra,true,promotion_eligible,Latest-active reviewed MTO key; pass agreement is recomputed using case-insensitive model-family equivalence.,Reviewed two-pass MTO make/model inference using NCIC model-code abbreviations and NHTSA vPIC make/model examples (2026-08-12).
ontario_ministry_transport_vehicle_population,BMW,32I,PASSENGER,2014,2025,11,2014 | 2016 | 2017 | 2018 | 2019 | 2020 | 2021 | 2022 | 2023 | 2024 | 2025,1976,2018,16,168,6917,2025,666,3 Series,328i,Generic Ontario code spans multiple vPIC models; this is the closest family match.,328I | 2 Series,BMW,disagreement,,true,promotion_eligible,Latest-active reviewed MTO key; pass agreement is recomputed using case-insensitive model-family equivalence.,Reviewed two-pass MTO make/model inference using NCIC model-code abbreviations and NHTSA vPIC make/model examples (2026-08-12).
ontario_ministry_transport_vehicle_population,JEEP,CMD,PASSENGER,2014,2025,11,2014 | 2016 | 2017 | 2018 | 2019 | 2020 | 2021 | 2022 | 2023 | 2024 | 2025,1973,2010,6,66,14838,2025,666,Commander,Commander,,,Jeep,agreement,Commander,true,promotion_eligible,Latest-active reviewed MTO key; pass agreement is recomputed using case-insensitive model-family equivalence.,Reviewed two-pass MTO make/model inference using NCIC model-code abbreviations and NHTSA vPIC make/model examples (2026-08-12).
ontario_ministry_transport_vehicle_population,LEXS,LX,PASSENGER,2023,2025,3,2023 | 2024 | 2025,2022,2026,5,11,1929,2025,666,LX,LX,,,Lexus,agreement,LX,true,promotion_eligible,Latest-active reviewed MTO key; pass agreement is recomputed using case-insensitive model-family equivalence.,Reviewed two-pass MTO make/model inference using NCIC model-code abbreviations and NHTSA vPIC make/model examples (2026-08-12).
ontario_ministry_transport_vehicle_population,SUBA,BRL,PASSENGER,2014,2025,11,2014 | 2016 | 2017 | 2018 | 2019 | 2020 | 2021 | 2022 | 2023 | 2024 | 2025,2013,2014,2,22,7927,2025,664,BRZ,BRZ,,,Subaru,agreement,BRZ,true,promotion_eligible,Latest-active reviewed MTO key; pass agreement is recomputed using case-insensitive model-family equivalence.,Reviewed two-pass MTO make/model inference using NCIC model-code abbreviations and NHTSA vPIC make/model examples (2026-08-12).
ontario_ministry_transport_vehicle_population,FORD,CPS,PASSENGER,2017,2025,9,2017 | 2018 | 2019 | 2020 | 2021 | 2022 | 2023 | 2024 | 2025,2015,2018,4,36,6071,2025,663,Escape,Escape,,CUSTOM | CUSTOMLINE | EcoSport,Ford,agreement,Escape,true,promotion_eligible,Latest-active reviewed MTO key; pass agreement is recomputed using case-insensitive model-family equivalence.,Reviewed two-pass MTO make/model inference using NCIC model-code abbreviations and NHTSA vPIC make/model examples (2026-08-12).
ontario_ministry_transport_vehicle_population,HOND,ZEL,PASSENGER,2019,2025,7,2019 | 2020 | 2021 | 2022 | 2023 | 2024 | 2025,2019,2022,4,21,4263,2025,663,Ridgeline,Ridgeline,,Pilot | ELEMENT | Clarity,Honda,agreement,Ridgeline,true,promotion_eligible,Latest-active reviewed MTO key; pass agreement is recomputed using case-insensitive model-family equivalence.,Reviewed two-pass MTO make/model inference using NCIC model-code abbreviations and NHTSA vPIC make/model examples (2026-08-12).
ontario_ministry_transport_vehicle_population,MERZ,AMG,PASSENGER,2017,2025,9,2017 | 2018 | 2019 | 2020 | 2021 | 2022 | 2023 | 2024 | 2025,1988,2026,13,65,5158,2025,663,AMG,AMG GT,"vPIC supports the model, but the Ontario abbreviation is not uniquely identifying.",,Mercedes-Benz,agreement,AMG GT,true,promotion_eligible,Latest-active reviewed MTO key; pass agreement is recomputed using case-insensitive model-family equivalence.,Reviewed two-pass MTO make/model inference using NCIC model-code abbreviations and NHTSA vPIC make/model examples (2026-08-12).
ontario_ministry_transport_vehicle_population,VOLK,EGP,PASSENGER,2018,2025,8,2018 | 2019 | 2020 | 2021 | 2022 | 2023 | 2024 | 2025,2016,2022,6,41,4573,2025,663,Eos,Eos,,Jetta | Tiguan | Passat,Volkswagen,agreement,Eos,true,promotion_eligible,Latest-active reviewed MTO key; pass agreement is recomputed using case-insensitive model-family equivalence.,Reviewed two-pass MTO make/model inference using NCIC model-code abbreviations and NHTSA vPIC make/model examples (2026-08-12).
ontario_ministry_transport_vehicle_population,VNFS,V1E,PASSENGER,2024,2025,2,2024 | 2025,2023,2025,3,6,1149,2025,662,VF 8,VF 8,,VF 9 | VF 7 | VF 6,VinFast,agreement,VF 8,true,promotion_eligible,Latest-active reviewed MTO key; pass agreement is recomputed using case-insensitive model-family equivalence.,Reviewed two-pass MTO make/model inference using NCIC model-code abbreviations and NHTSA vPIC make/model examples (2026-08-12).
ontario_ministry_transport_vehicle_population,FORD,M5A,PASSENGER,2022,2025,4,2022 | 2023 | 2024 | 2025,2015,2025,6,19,1871,2025,661,A,Maverick,Code-to-name match is weak; selected from vPIC models with overlapping-year coverage.,Maverick,Ford,disagreement,,true,promotion_eligible,Latest-active reviewed MTO key; pass agreement is recomputed using case-insensitive model-family equivalence.,Reviewed two-pass MTO make/model inference using NCIC model-code abbreviations and NHTSA vPIC make/model examples (2026-08-12).
ontario_ministry_transport_vehicle_population,DODG,DAR,PASSENGER,2014,2025,11,2014 | 2016 | 2017 | 2018 | 2019 | 2020 | 2021 | 2022 | 2023 | 2024 | 2025,1919,1983,26,278,7930,2025,659,Dart,Dart,,,Dodge,agreement,Dart,true,promotion_eligible,Latest-active reviewed MTO key; pass agreement is recomputed using case-insensitive model-family equivalence.,Reviewed two-pass MTO make/model inference using NCIC model-code abbreviations and NHTSA vPIC make/model examples (2026-08-12).
ontario_ministry_transport_vehicle_population,VOLK,CTO,PASSENGER,2014,2025,11,2014 | 2016 | 2017 | 2018 | 2019 | 2020 | 2021 | 2022 | 2023 | 2024 | 2025,2010,2016,4,43,7239,2025,659,Touareg,Touareg,,CC | Eos | TAOS,Volkswagen,agreement,Touareg,true,promotion_eligible,Latest-active reviewed MTO key; pass agreement is recomputed using case-insensitive model-family equivalence.,Reviewed two-pass MTO make/model inference using NCIC model-code abbreviations and NHTSA vPIC make/model examples (2026-08-12).
ontario_ministry_transport_vehicle_population,FORD,CVP,PASSENGER,2014,2025,11,2014 | 2016 | 2017 | 2018 | 2019 | 2020 | 2021 | 2022 | 2023 | 2024 | 2025,1993,2011,19,209,18627,2025,658,Crown Victoria,Crown Victoria,,,Ford,agreement,Crown Victoria,true,promotion_eligible,Latest-active reviewed MTO key; pass agreement is recomputed using case-insensitive model-family equivalence.,Reviewed two-pass MTO make/model inference using NCIC model-code abbreviations and NHTSA vPIC make/model examples (2026-08-12).
ontario_ministry_transport_vehicle_population,VOLV,V70,PASSENGER,2014,2025,11,2014 | 2016 | 2017 | 2018 | 2019 | 2020 | 2021 | 2022 | 2023 | 2024 | 2025,1998,2016,14,153,15383,2025,658,V70,V70,,,Volvo,agreement,V70,true,promotion_eligible,Latest-active reviewed MTO key; pass agreement is recomputed using case-insensitive model-family equivalence.,Reviewed two-pass MTO make/model inference using NCIC model-code abbreviations and NHTSA vPIC make/model examples (2026-08-12).
ontario_ministry_transport_vehicle_population,BMW,2GT,PASSENGER,2016,2025,10,2016 | 2017 | 2018 | 2019 | 2020 | 2021 | 2022 | 2023 | 2024 | 2025,2014,2026,8,41,3673,2025,656,2 Series,X2,Generic Ontario code spans multiple vPIC models; this is the closest family match.,X2,BMW,disagreement,,true,promotion_eligible,Latest-active reviewed MTO key; pass agreement is recomputed using case-insensitive model-family equivalence.,Reviewed two-pass MTO make/model inference using NCIC model-code abbreviations and NHTSA vPIC make/model examples (2026-08-12).
ontario_ministry_transport_vehicle_population,BUIC,LLF,PASSENGER,2014,2025,11,2014 | 2016 | 2017 | 2018 | 2019 | 2020 | 2021 | 2022 | 2023 | 2024 | 2025,1980,2005,21,231,25066,2025,654,LeSabre,LeSabre,,LeSabre/Electra | Lacrosse/Allure | Park Avenue,Buick,agreement,LeSabre,true,promotion_eligible,Latest-active reviewed MTO key; pass agreement is recomputed using case-insensitive model-family equivalence.,Reviewed two-pass MTO make/model inference using NCIC model-code abbreviations and NHTSA vPIC make/model examples (2026-08-12).
ontario_ministry_transport_vehicle_population,GENS,G80,PASSENGER,2022,2025,4,2022 | 2023 | 2024 | 2025,2019,2026,8,26,2033,2025,652,G80,G80,,,Genesis,agreement,G80,true,promotion_eligible,Latest-active reviewed MTO key; pass agreement is recomputed using case-insensitive model-family equivalence.,Reviewed two-pass MTO make/model inference using NCIC model-code abbreviations and NHTSA vPIC make/model examples (2026-08-12).
ontario_ministry_transport_vehicle_population,HYUN,P2L,PASSENGER,2024,2025,2,2024 | 2025,2024,2025,2,4,895,2025,651,Palisade,Palisade,,,Hyundai,agreement,Palisade,true,promotion_eligible,Latest-active reviewed MTO key; pass agreement is recomputed using case-insensitive model-family equivalence.,Reviewed two-pass MTO make/model inference using NCIC model-code abbreviations and NHTSA vPIC make/model examples (2026-08-12).
ontario_ministry_transport_vehicle_population,MERZ,E30,PASSENGER,2014,2025,11,2014 | 2016 | 2017 | 2018 | 2019 | 2020 | 2021 | 2022 | 2023 | 2024 | 2025,1987,2012,7,72,8922,2025,651,E300,300,"vPIC supports the model, but the Ontario abbreviation is not uniquely identifying.",,Mercedes-Benz,disagreement,,true,promotion_eligible,Latest-active reviewed MTO key; pass agreement is recomputed using case-insensitive model-family equivalence.,Reviewed two-pass MTO make/model inference using NCIC model-code abbreviations and NHTSA vPIC make/model examples (2026-08-12).
ontario_ministry_transport_vehicle_population,CHEV,P30,COMMERCIAL | PASSENGER,2014,2025,11,2014 | 2016 | 2017 | 2018 | 2019 | 2020 | 2021 | 2022 | 2023 | 2024 | 2025,1966,2001,34,490,12950,2025,648,P30,Model unresolved,The Ontario abbreviation does not match a vPIC model closely enough.,,Chevrolet,disagreement,,true,promotion_eligible,Latest-active reviewed MTO key; pass agreement is recomputed using case-insensitive model-family equivalence.,Reviewed two-pass MTO make/model inference using NCIC model-code abbreviations and NHTSA vPIC make/model examples (2026-08-12).
ontario_ministry_transport_vehicle_population,MERZ,SLK,PASSENGER,2014,2025,11,2014 | 2016 | 2017 | 2018 | 2019 | 2020 | 2021 | 2022 | 2023 | 2024 | 2025,1996,2016,13,127,7318,2025,648,SLK32,Model unresolved,The Ontario abbreviation does not match a vPIC model closely enough.,SLK350 | SLK300 | SLK280,Mercedes-Benz,disagreement,,true,promotion_eligible,Latest-active reviewed MTO key; pass agreement is recomputed using case-insensitive model-family equivalence.,Reviewed two-pass MTO make/model inference using NCIC model-code abbreviations and NHTSA vPIC make/model examples (2026-08-12).
ontario_ministry_transport_vehicle_population,TOYT,G1G,PASSENGER,2021,2025,5,2021 | 2022 | 2023 | 2024 | 2025,2019,2021,2,10,2640,2025,648,GR Supra,Supra,"vPIC supports the model, but the Ontario abbreviation is not uniquely identifying.",Highlander | Corolla | 86,Toyota,agreement,Supra,true,promotion_eligible,Latest-active reviewed MTO key; pass agreement is recomputed using case-insensitive model-family equivalence.,Reviewed two-pass MTO make/model inference using NCIC model-code abbreviations and NHTSA vPIC make/model examples (2026-08-12).
ontario_ministry_transport_vehicle_population,CHEV,CZ3,PASSENGER,2014,2025,11,2014 | 2016 | 2017 | 2018 | 2019 | 2020 | 2021 | 2022 | 2023 | 2024 | 2025,2014,2025,8,63,5858,2025,646,Cruze,Cruze,,,Chevrolet,agreement,Cruze,true,promotion_eligible,Latest-active reviewed MTO key; pass agreement is recomputed using case-insensitive model-family equivalence.,Reviewed two-pass MTO make/model inference using NCIC model-code abbreviations and NHTSA vPIC make/model examples (2026-08-12).
ontario_ministry_transport_vehicle_population,FORD,MCG,PASSENGER,2014,2025,11,2014 | 2016 | 2017 | 2018 | 2019 | 2020 | 2021 | 2022 | 2023 | 2024 | 2025,1989,1993,4,44,6172,2025,646,Mustang,Mustang,,Tempo | Ranger | Escort,Ford,agreement,Mustang,true,promotion_eligible,Latest-active reviewed MTO key; pass agreement is recomputed using case-insensitive model-family equivalence.,Reviewed two-pass MTO make/model inference using NCIC model-code abbreviations and NHTSA vPIC make/model examples (2026-08-12).
ontario_ministry_transport_vehicle_population,LINC,MRS,PASSENGER,2017,2025,9,2017 | 2018 | 2019 | 2020 | 2021 | 2022 | 2023 | 2024 | 2025,2017,2020,4,33,5923,2025,646,MKZ,MKZ,,MKT | MKC | MKX,Lincoln,agreement,MKZ,true,promotion_eligible,Latest-active reviewed MTO key; pass agreement is recomputed using case-insensitive model-family equivalence.,Reviewed two-pass MTO make/model inference using NCIC model-code abbreviations and NHTSA vPIC make/model examples (2026-08-12).
ontario_ministry_transport_vehicle_population,AUDI,6PR,PASSENGER,2014,2025,11,2014 | 2016 | 2017 | 2018 | 2019 | 2020 | 2021 | 2022 | 2023 | 2024 | 2025,2010,2025,12,99,8241,2025,644,S6,S6,,A6,Audi,agreement,S6,true,promotion_eligible,Latest-active reviewed MTO key; pass agreement is recomputed using case-insensitive model-family equivalence.,Reviewed two-pass MTO make/model inference using NCIC model-code abbreviations and NHTSA vPIC make/model examples (2026-08-12).
ontario_ministry_transport_vehicle_population,FORD,MLG,PASSENGER,2014,2025,11,2014 | 2016 | 2017 | 2018 | 2019 | 2020 | 2021 | 2022 | 2023 | 2024 | 2025,1965,1986,4,44,6278,2025,643,Mustang,Mustang,,LTD | Tempo | Laser,Ford,agreement,Mustang,true,promotion_eligible,Latest-active reviewed MTO key; pass agreement is recomputed using case-insensitive model-family equivalence.,Reviewed two-pass MTO make/model inference using NCIC model-code abbreviations and NHTSA vPIC make/model examples (2026-08-12).
ontario_ministry_transport_vehicle_population,AUDI,A63,PASSENGER,2014,2025,11,2014 | 2016 | 2017 | 2018 | 2019 | 2020 | 2021 | 2022 | 2023 | 2024 | 2025,2005,2020,9,84,13453,2025,642,A6,A6,,,Audi,agreement,A6,true,promotion_eligible,Latest-active reviewed MTO key; pass agreement is recomputed using case-insensitive model-family equivalence.,Reviewed two-pass MTO make/model inference using NCIC model-code abbreviations and NHTSA vPIC make/model examples (2026-08-12).
ontario_ministry_transport_vehicle_population,KIA,RNE,PASSENGER,2014,2025,11,2014 | 2016 | 2017 | 2018 | 2019 | 2020 | 2021 | 2022 | 2023 | 2024 | 2025,2010,2010,1,11,11593,2025,641,Rondo,Rondo,,,Kia,agreement,Rondo,true,promotion_eligible,Latest-active reviewed MTO key; pass agreement is recomputed using case-insensitive model-family equivalence.,Reviewed two-pass MTO make/model inference using NCIC model-code abbreviations and NHTSA vPIC make/model examples (2026-08-12).
ontario_ministry_transport_vehicle_population,MAZD,RX7,PASSENGER,2014,2025,11,2014 | 2016 | 2017 | 2018 | 2019 | 2020 | 2021 | 2022 | 2023 | 2024 | 2025,1973,2003,27,279,6429,2025,636,RX-7,RX-7,,,Mazda,agreement,RX-7,true,promotion_eligible,Latest-active reviewed MTO key; pass agreement is recomputed using case-insensitive model-family equivalence.,Reviewed two-pass MTO make/model inference using NCIC model-code abbreviations and NHTSA vPIC make/model examples (2026-08-12).
ontario_ministry_transport_vehicle_population,LEXS,RX3,PASSENGER,2014,2025,11,2014 | 2016 | 2017 | 2018 | 2019 | 2020 | 2021 | 2022 | 2023 | 2024 | 2025,1999,2022,9,84,16964,2025,635,RX350,RX,Code-to-name match is weak; selected from vPIC models with overlapping-year coverage.,RX330 | RX300 | RX,Lexus,agreement,RX,true,promotion_eligible,Latest-active reviewed MTO key; pass agreement is recomputed using case-insensitive model-family equivalence.,Reviewed two-pass MTO make/model inference using NCIC model-code abbreviations and NHTSA vPIC make/model examples (2026-08-12).
ontario_ministry_transport_vehicle_population,MAZD,MXC,PASSENGER,2016,2025,10,2016 | 2017 | 2018 | 2019 | 2020 | 2021 | 2022 | 2023 | 2024 | 2025,2013,2023,11,84,4371,2025,633,MX-5,MX-5,,MX-30,Mazda,agreement,MX-5,true,promotion_eligible,Latest-active reviewed MTO key; pass agreement is recomputed using case-insensitive model-family equivalence.,Reviewed two-pass MTO make/model inference using NCIC model-code abbreviations and NHTSA vPIC make/model examples (2026-08-12).
ontario_ministry_transport_vehicle_population,VOLK,CEH,PASSENGER,2023,2025,3,2023 | 2024 | 2025,2010,2024,7,19,1452,2025,628,CC,CC,,Jetta | Eos,Volkswagen,agreement,CC,true,promotion_eligible,Latest-active reviewed MTO key; pass agreement is recomputed using case-insensitive model-family equivalence.,Reviewed two-pass MTO make/model inference using NCIC model-code abbreviations and NHTSA vPIC make/model examples (2026-08-12).
ontario_ministry_transport_vehicle_population,FORD,ZX4,PASSENGER,2014,2025,11,2014 | 2016 | 2017 | 2018 | 2019 | 2020 | 2021 | 2022 | 2023 | 2024 | 2025,2005,2006,2,22,30339,2025,627,ZX2,ZX2,"Closest vPIC name match, but no sampled year-specific result corroborates it.",,Ford,agreement,ZX2,true,promotion_eligible,Latest-active reviewed MTO key; pass agreement is recomputed using case-insensitive model-family equivalence.,Reviewed two-pass MTO make/model inference using NCIC model-code abbreviations and NHTSA vPIC make/model examples (2026-08-12).
ontario_ministry_transport_vehicle_population,LEXS,R9L,PASSENGER,2020,2025,6,2020 | 2021 | 2022 | 2023 | 2024 | 2025,2020,2022,3,13,3533,2025,621,RX,RX,,RC | LX | LS,Lexus,agreement,RX,true,promotion_eligible,Latest-active reviewed MTO key; pass agreement is recomputed using case-insensitive model-family equivalence.,Reviewed two-pass MTO make/model inference using NCIC model-code abbreviations and NHTSA vPIC make/model examples (2026-08-12).
ontario_ministry_transport_vehicle_population,CADI,XLU,PASSENGER,2014,2025,11,2014 | 2016 | 2017 | 2018 | 2019 | 2020 | 2021 | 2022 | 2023 | 2024 | 2025,2013,2019,7,70,6872,2025,620,ELR,ELR,,,Cadillac,agreement,ELR,true,promotion_eligible,Latest-active reviewed MTO key; pass agreement is recomputed using case-insensitive model-family equivalence.,Reviewed two-pass MTO make/model inference using NCIC model-code abbreviations and NHTSA vPIC make/model examples (2026-08-12).
ontario_ministry_transport_vehicle_population,DODG,DGT,PASSENGER,2014,2025,11,2014 | 2016 | 2017 | 2018 | 2019 | 2020 | 2021 | 2022 | 2023 | 2024 | 2025,1967,2016,6,65,7769,2025,620,Dart,Dart,,Durango | Daytona | Dynasty,Dodge,agreement,Dart,true,promotion_eligible,Latest-active reviewed MTO key; pass agreement is recomputed using case-insensitive model-family equivalence.,Reviewed two-pass MTO make/model inference using NCIC model-code abbreviations and NHTSA vPIC make/model examples (2026-08-12).
ontario_ministry_transport_vehicle_population,VOLK,WXG,PASSENGER,2022,2025,4,2022 | 2023 | 2024 | 2025,2022,2023,2,8,2342,2025,618,GLI,GLI,"Closest vPIC name match, but no sampled year-specific result corroborates it.",Tiguan | Golf/GTI,Volkswagen,agreement,GLI,true,promotion_eligible,Latest-active reviewed MTO key; pass agreement is recomputed using case-insensitive model-family equivalence.,Reviewed two-pass MTO make/model inference using NCIC model-code abbreviations and NHTSA vPIC make/model examples (2026-08-12).
ontario_ministry_transport_vehicle_population,HOND,CVS,PASSENGER,2014,2025,11,2014 | 2016 | 2017 | 2018 | 2019 | 2020 | 2021 | 2022 | 2023 | 2024 | 2025,1989,2007,6,66,9259,2025,615,CR-V,CR-V,,Civic,Honda,agreement,CR-V,true,promotion_eligible,Latest-active reviewed MTO key; pass agreement is recomputed using case-insensitive model-family equivalence.,Reviewed two-pass MTO make/model inference using NCIC model-code abbreviations and NHTSA vPIC make/model examples (2026-08-12).
ontario_ministry_transport_vehicle_population,TOYT,GRC,PASSENGER,2023,2025,3,2023 | 2024 | 2025,2023,2026,4,9,1286,2025,613,GR COROLLA,GR Corolla,,,Toyota,agreement,GR Corolla,true,promotion_eligible,Latest-active reviewed MTO key; pass agreement is recomputed using case-insensitive model-family equivalence.,Reviewed two-pass MTO make/model inference using NCIC model-code abbreviations and NHTSA vPIC make/model examples (2026-08-12).
ontario_ministry_transport_vehicle_population,DODG,CTL,PASSENGER,2014,2025,11,2014 | 2016 | 2017 | 2018 | 2019 | 2020 | 2021 | 2022 | 2023 | 2024 | 2025,2006,2012,3,23,22187,2025,612,Caliber,Caliber,,Charger | Challenger | Ram 1500 Pickup,Dodge,agreement,Caliber,true,promotion_eligible,Latest-active reviewed MTO key; pass agreement is recomputed using case-insensitive model-family equivalence.,Reviewed two-pass MTO make/model inference using NCIC model-code abbreviations and NHTSA vPIC make/model examples (2026-08-12).
ontario_ministry_transport_vehicle_population,BMW,M2X,PASSENGER,2018,2025,8,2018 | 2019 | 2020 | 2021 | 2022 | 2023 | 2024 | 2025,2018,2026,6,31,3434,2025,609,M,M2,Code-to-name match is weak; selected from vPIC models with overlapping-year coverage.,M2,BMW,disagreement,,true,promotion_eligible,Latest-active reviewed MTO key; pass agreement is recomputed using case-insensitive model-family equivalence.,Reviewed two-pass MTO make/model inference using NCIC model-code abbreviations and NHTSA vPIC make/model examples (2026-08-12).
ontario_ministry_transport_vehicle_population,MERZ,56S,PASSENGER,2014,2025,11,2014 | 2016 | 2017 | 2018 | 2019 | 2020 | 2021 | 2022 | 2023 | 2024 | 2025,1986,1989,4,44,7019,2025,609,560,560,,,Mercedes-Benz,agreement,560,true,promotion_eligible,Latest-active reviewed MTO key; pass agreement is recomputed using case-insensitive model-family equivalence.,Reviewed two-pass MTO make/model inference using NCIC model-code abbreviations and NHTSA vPIC make/model examples (2026-08-12).
ontario_ministry_transport_vehicle_population,LEXS,HS2,PASSENGER,2014,2025,11,2014 | 2016 | 2017 | 2018 | 2019 | 2020 | 2021 | 2022 | 2023 | 2024 | 2025,2010,2011,2,22,7353,2025,608,HS250H,HS,Code-to-name match is weak; selected from vPIC models with overlapping-year coverage.,HS,Lexus,agreement,HS,true,promotion_eligible,Latest-active reviewed MTO key; pass agreement is recomputed using case-insensitive model-family equivalence.,Reviewed two-pass MTO make/model inference using NCIC model-code abbreviations and NHTSA vPIC make/model examples (2026-08-12).
ontario_ministry_transport_vehicle_population,CHEV,TKR,PASSENGER,2014,2025,11,2014 | 2016 | 2017 | 2018 | 2019 | 2020 | 2021 | 2022 | 2023 | 2024 | 2025,1991,2004,8,88,19262,2025,607,Tracker,Tracker,,,Chevrolet,agreement,Tracker,true,promotion_eligible,Latest-active reviewed MTO key; pass agreement is recomputed using case-insensitive model-family equivalence.,Reviewed two-pass MTO make/model inference using NCIC model-code abbreviations and NHTSA vPIC make/model examples (2026-08-12).
ontario_ministry_transport_vehicle_population,GENS,HBG,PASSENGER,2021,2025,5,2021 | 2022 | 2023 | 2024 | 2025,2021,2026,6,20,1928,2025,607,G90,G90,,G80 | G70 | GV80,Genesis,agreement,G90,true,promotion_eligible,Latest-active reviewed MTO key; pass agreement is recomputed using case-insensitive model-family equivalence.,Reviewed two-pass MTO make/model inference using NCIC model-code abbreviations and NHTSA vPIC make/model examples (2026-08-12).
ontario_ministry_transport_vehicle_population,MAZD,CMI,PASSENGER,2014,2025,11,2014 | 2016 | 2017 | 2018 | 2019 | 2020 | 2021 | 2022 | 2023 | 2024 | 2025,1992,1997,5,55,6403,2025,605,Millenia,Millenia,,MPV | COSMO,Mazda,agreement,Millenia,true,promotion_eligible,Latest-active reviewed MTO key; pass agreement is recomputed using case-insensitive model-family equivalence.,Reviewed two-pass MTO make/model inference using NCIC model-code abbreviations and NHTSA vPIC make/model examples (2026-08-12).
ontario_ministry_transport_vehicle_population,PONT,SSL,PASSENGER,2014,2025,11,2014 | 2016 | 2017 | 2018 | 2019 | 2020 | 2021 | 2022 | 2023 | 2024 | 2025,2003,2004,2,22,42052,2025,605,Sunfire (tentative),Sunfire,,Bonneville | Vibe | Montana,Pontiac,agreement,Sunfire,true,promotion_eligible,Latest-active reviewed MTO key; pass agreement is recomputed using case-insensitive model-family equivalence.,Reviewed two-pass MTO make/model inference using NCIC model-code abbreviations and NHTSA vPIC make/model examples (2026-08-12).
ontario_ministry_transport_vehicle_population,JAGU,FTP,PASSENGER,2019,2025,7,2019 | 2020 | 2021 | 2022 | 2023 | 2024 | 2025,2014,2024,10,55,3264,2025,604,F-Type,F-TYPE,,,Jaguar,agreement,F-TYPE,true,promotion_eligible,Latest-active reviewed MTO key; pass agreement is recomputed using case-insensitive model-family equivalence.,Reviewed two-pass MTO make/model inference using NCIC model-code abbreviations and NHTSA vPIC make/model examples (2026-08-12).
ontario_ministry_transport_vehicle_population,AUDI,41Q,PASSENGER,2014,2025,11,2014 | 2016 | 2017 | 2018 | 2019 | 2020 | 2021 | 2022 | 2023 | 2024 | 2025,1998,2022,9,90,20468,2025,600,S4,S4,,A4 | RS 4 | Q7,Audi,agreement,S4,true,promotion_eligible,Latest-active reviewed MTO key; pass agreement is recomputed using case-insensitive model-family equivalence.,Reviewed two-pass MTO make/model inference using NCIC model-code abbreviations and NHTSA vPIC make/model examples (2026-08-12).
ontario_ministry_transport_vehicle_population,FORD,CML,PASSENGER,2014,2025,11,2014 | 2016 | 2017 | 2018 | 2019 | 2020 | 2021 | 2022 | 2023 | 2024 | 2025,1973,2016,5,54,7087,2025,599,C-MAX,C-Max,,,Ford,agreement,C-Max,true,promotion_eligible,Latest-active reviewed MTO key; pass agreement is recomputed using case-insensitive model-family equivalence.,Reviewed two-pass MTO make/model inference using NCIC model-code abbreviations and NHTSA vPIC make/model examples (2026-08-12).
ontario_ministry_transport_vehicle_population,NISS,ABS,PASSENGER,2014,2025,11,2014 | 2016 | 2017 | 2018 | 2019 | 2020 | 2021 | 2022 | 2023 | 2024 | 2025,2002,2004,3,33,34777,2025,599,Altima,Altima,,Quest | Sentra | Maxima,Nissan,agreement,Altima,true,promotion_eligible,Latest-active reviewed MTO key; pass agreement is recomputed using case-insensitive model-family equivalence.,Reviewed two-pass MTO make/model inference using NCIC model-code abbreviations and NHTSA vPIC make/model examples (2026-08-12).
ontario_ministry_transport_vehicle_population,SUBA,LOI,PASSENGER,2014,2025,11,2014 | 2016 | 2017 | 2018 | 2019 | 2020 | 2021 | 2022 | 2023 | 2024 | 2025,2005,2007,3,33,12131,2025,598,LOYALE,Loyale,"Closest vPIC name match, but no sampled year-specific result corroborates it.",,Subaru,agreement,Loyale,true,promotion_eligible,Latest-active reviewed MTO key; pass agreement is recomputed using case-insensitive model-family equivalence.,Reviewed two-pass MTO make/model inference using NCIC model-code abbreviations and NHTSA vPIC make/model examples (2026-08-12).
ontario_ministry_transport_vehicle_population,BMW,UJG,PASSENGER,2018,2025,8,2018 | 2019 | 2020 | 2021 | 2022 | 2023 | 2024 | 2025,2019,2021,3,21,4872,2025,597,i3 (tentative),i3,,Z4 | X7 | X6,BMW,agreement,i3,true,promotion_eligible,Latest-active reviewed MTO key; pass agreement is recomputed using case-insensitive model-family equivalence.,Reviewed two-pass MTO make/model inference using NCIC model-code abbreviations and NHTSA vPIC make/model examples (2026-08-12).
ontario_ministry_transport_vehicle_population,ACUR,RST,PASSENGER,2014,2025,11,2014 | 2016 | 2017 | 2018 | 2019 | 2020 | 2021 | 2022 | 2023 | 2024 | 2025,2002,2006,5,55,9529,2025,596,RSX,RSX,,,Acura,agreement,RSX,true,promotion_eligible,Latest-active reviewed MTO key; pass agreement is recomputed using case-insensitive model-family equivalence.,Reviewed two-pass MTO make/model inference using NCIC model-code abbreviations and NHTSA vPIC make/model examples (2026-08-12).
ontario_ministry_transport_vehicle_population,DODG,D15,COMMERCIAL,2014,2025,11,2014 | 2016 | 2017 | 2018 | 2019 | 2020 | 2021 | 2022 | 2023 | 2024 | 2025,1940,1993,30,323,7308,2025,596,D100/D150 Pickup,Model unresolved,The Ontario abbreviation does not match a vPIC model closely enough.,B150/B250 | B150/B250 Van | W100/W150 Pickup,Dodge,disagreement,,true,promotion_eligible,Latest-active reviewed MTO key; pass agreement is recomputed using case-insensitive model-family equivalence.,Reviewed two-pass MTO make/model inference using NCIC model-code abbreviations and NHTSA vPIC make/model examples (2026-08-12).
ontario_ministry_transport_vehicle_population,MNNI,CTY,PASSENGER,2014,2025,11,2014 | 2016 | 2017 | 2018 | 2019 | 2020 | 2021 | 2022 | 2023 | 2024 | 2025,2011,2024,5,46,7364,2025,596,Countryman,Countryman,,,MINI,agreement,Countryman,true,promotion_eligible,Latest-active reviewed MTO key; pass agreement is recomputed using case-insensitive model-family equivalence.,Reviewed two-pass MTO make/model inference using NCIC model-code abbreviations and NHTSA vPIC make/model examples (2026-08-12).
ontario_ministry_transport_vehicle_population,GMC,K15,COMMERCIAL | PASSENGER,2014,2025,11,2014 | 2016 | 2017 | 2018 | 2019 | 2020 | 2021 | 2022 | 2023 | 2024 | 2025,1941,2007,36,651,9104,2025,595,K1500,Model unresolved,The Ontario abbreviation does not match a vPIC model closely enough.,,GMC,disagreement,,true,promotion_eligible,Latest-active reviewed MTO key; pass agreement is recomputed using case-insensitive model-family equivalence.,Reviewed two-pass MTO make/model inference using NCIC model-code abbreviations and NHTSA vPIC make/model examples (2026-08-12).
ontario_ministry_transport_vehicle_population,TOYT,FZG,PASSENGER,2020,2025,6,2020 | 2021 | 2022 | 2023 | 2024 | 2025,2020,2022,3,17,4145,2025,595,GR Supra,Supra,"vPIC supports the model, but the Ontario abbreviation is not uniquely identifying.",GR 86 | Highlander | Venza,Toyota,agreement,Supra,true,promotion_eligible,Latest-active reviewed MTO key; pass agreement is recomputed using case-insensitive model-family equivalence.,Reviewed two-pass MTO make/model inference using NCIC model-code abbreviations and NHTSA vPIC make/model examples (2026-08-12).
ontario_ministry_transport_vehicle_population,KIA,ADE,PASSENGER,2024,2025,2,2024 | 2025,2024,2026,3,5,845,2025,594,AVELLA,Model unresolved,The Ontario abbreviation does not match a vPIC model closely enough.,,Kia,disagreement,,true,promotion_eligible,Latest-active reviewed MTO key; pass agreement is recomputed using case-insensitive model-family equivalence.,Reviewed two-pass MTO make/model inference using NCIC model-code abbreviations and NHTSA vPIC make/model examples (2026-08-12).
ontario_ministry_transport_vehicle_population,VOLV,EDE,PASSENGER,2022,2025,4,2022 | 2023 | 2024 | 2025,2021,2023,3,12,2224,2025,592,XC90 (tentative),XC90,,XC60 | XC40 | V90,Volvo,agreement,XC90,true,promotion_eligible,Latest-active reviewed MTO key; pass agreement is recomputed using case-insensitive model-family equivalence.,Reviewed two-pass MTO make/model inference using NCIC model-code abbreviations and NHTSA vPIC make/model examples (2026-08-12).
ontario_ministry_transport_vehicle_population,CADI,HF6,PASSENGER,2014,2025,11,2014 | 2016 | 2017 | 2018 | 2019 | 2020 | 2021 | 2022 | 2023 | 2024 | 2025,2005,2009,5,55,15563,2025,591,CTS,CTS,,62 | 61 | 60,Cadillac,agreement,CTS,true,promotion_eligible,Latest-active reviewed MTO key; pass agreement is recomputed using case-insensitive model-family equivalence.,Reviewed two-pass MTO make/model inference using NCIC model-code abbreviations and NHTSA vPIC make/model examples (2026-08-12).
ontario_ministry_transport_vehicle_population,MNNI,13E,PASSENGER,2022,2025,4,2022 | 2023 | 2024 | 2025,2022,2026,5,14,1544,2025,591,Cooper (tentative),Cooper,"Closest vPIC name match, but no sampled year-specific result corroborates it.",Clubman | John Cooper Works | Countryman,MINI,agreement,Cooper,true,promotion_eligible,Latest-active reviewed MTO key; pass agreement is recomputed using case-insensitive model-family equivalence.,Reviewed two-pass MTO make/model inference using NCIC model-code abbreviations and NHTSA vPIC make/model examples (2026-08-12).
ontario_ministry_transport_vehicle_population,ALFA,STE,PASSENGER,2018,2025,8,2018 | 2019 | 2020 | 2021 | 2022 | 2023 | 2024 | 2025,2018,2019,2,10,4591,2025,590,Stelvio,Stelvio,,,Alfa Romeo,agreement,Stelvio,true,promotion_eligible,Latest-active reviewed MTO key; pass agreement is recomputed using case-insensitive model-family equivalence.,Reviewed two-pass MTO make/model inference using NCIC model-code abbreviations and NHTSA vPIC make/model examples (2026-08-12).
ontario_ministry_transport_vehicle_population,MERZ,CLK,PASSENGER,2014,2025,11,2014 | 2016 | 2017 | 2018 | 2019 | 2020 | 2021 | 2022 | 2023 | 2024 | 2025,1998,2007,10,102,8553,2025,590,CLK-Class,CLK-Class,,,Mercedes-Benz,agreement,CLK-Class,true,promotion_eligible,Latest-active reviewed MTO key; pass agreement is recomputed using case-insensitive model-family equivalence.,Reviewed two-pass MTO make/model inference using NCIC model-code abbreviations and NHTSA vPIC make/model examples (2026-08-12).
ontario_ministry_transport_vehicle_population,VOLK,GSS,PASSENGER,2016,2025,10,2016 | 2017 | 2018 | 2019 | 2020 | 2021 | 2022 | 2023 | 2024 | 2025,2015,2018,4,39,5391,2025,590,Passat,Passat,,Tiguan | Eos | Touareg,Volkswagen,agreement,Passat,true,promotion_eligible,Latest-active reviewed MTO key; pass agreement is recomputed using case-insensitive model-family equivalence.,Reviewed two-pass MTO make/model inference using NCIC model-code abbreviations and NHTSA vPIC make/model examples (2026-08-12).
ontario_ministry_transport_vehicle_population,ACUR,TYS,PASSENGER,2014,2025,11,2014 | 2016 | 2017 | 2018 | 2019 | 2020 | 2021 | 2022 | 2023 | 2024 | 2025,2007,2008,2,22,8131,2025,589,TSX,TSX,,,Acura,agreement,TSX,true,promotion_eligible,Latest-active reviewed MTO key; pass agreement is recomputed using case-insensitive model-family equivalence.,Reviewed two-pass MTO make/model inference using NCIC model-code abbreviations and NHTSA vPIC make/model examples (2026-08-12).
ontario_ministry_transport_vehicle_population,DODG,AMN,PASSENGER,2014,2025,11,2014 | 2016 | 2017 | 2018 | 2019 | 2020 | 2021 | 2022 | 2023 | 2024 | 2025,1978,2011,3,33,10793,2025,589,Ram Van 2500,Ram Van,"vPIC supports the model, but the Ontario abbreviation is not uniquely identifying.",Ram Van 1500 | Avenger | Caravan/Ram Van,Dodge,agreement,Ram Van,true,promotion_eligible,Latest-active reviewed MTO key; pass agreement is recomputed using case-insensitive model-family equivalence.,Reviewed two-pass MTO make/model inference using NCIC model-code abbreviations and NHTSA vPIC make/model examples (2026-08-12).
ontario_ministry_transport_vehicle_population,MAZD,6SP,PASSENGER,2014,2025,11,2014 | 2016 | 2017 | 2018 | 2019 | 2020 | 2021 | 2022 | 2023 | 2024 | 2025,2014,2016,3,32,6364,2025,587,Mazda6,Mazda6,,,Mazda,agreement,Mazda6,true,promotion_eligible,Latest-active reviewed MTO key; pass agreement is recomputed using case-insensitive model-family equivalence.,Reviewed two-pass MTO make/model inference using NCIC model-code abbreviations and NHTSA vPIC make/model examples (2026-08-12).
ontario_ministry_transport_vehicle_population,CADI,APR,PASSENGER,2017,2025,9,2017 | 2018 | 2019 | 2020 | 2021 | 2022 | 2023 | 2024 | 2025,2013,2018,6,54,5665,2025,584,ATS,ATS,,ATS-V | SRX | ELR,Cadillac,agreement,ATS,true,promotion_eligible,Latest-active reviewed MTO key; pass agreement is recomputed using case-insensitive model-family equivalence.,Reviewed two-pass MTO make/model inference using NCIC model-code abbreviations and NHTSA vPIC make/model examples (2026-08-12).
ontario_ministry_transport_vehicle_population,TOYT,VBL,PASSENGER,2025,2025,1,2025,2025,2025,1,1,584,2025,584,bZ4X,bZ4X,,RAV4 | Highlander | Land Cruiser,Toyota,agreement,bZ4X,true,promotion_eligible,Latest-active reviewed MTO key; pass agreement is recomputed using case-insensitive model-family equivalence.,Reviewed two-pass MTO make/model inference using NCIC model-code abbreviations and NHTSA vPIC make/model examples (2026-08-12).
ontario_ministry_transport_vehicle_population,BUIC,LAL,PASSENGER,2014,2025,11,2014 | 2016 | 2017 | 2018 | 2019 | 2020 | 2021 | 2022 | 2023 | 2024 | 2025,1977,2011,8,88,8342,2025,583,Lacrosse/Allure,LaCrosse,vPIC also supports Allure; the code does not clearly distinguish them.,LeSabre/Electra | CALIFORNIA | LeSabre,Buick,agreement,LaCrosse,true,promotion_eligible,Latest-active reviewed MTO key; pass agreement is recomputed using case-insensitive model-family equivalence.,Reviewed two-pass MTO make/model inference using NCIC model-code abbreviations and NHTSA vPIC make/model examples (2026-08-12).
ontario_ministry_transport_vehicle_population,CHRY,3LA,PASSENGER,2014,2025,11,2014 | 2016 | 2017 | 2018 | 2019 | 2020 | 2021 | 2022 | 2023 | 2024 | 2025,2008,2023,13,109,6553,2025,583,300,300,,,Chrysler,agreement,300,true,promotion_eligible,Latest-active reviewed MTO key; pass agreement is recomputed using case-insensitive model-family equivalence.,Reviewed two-pass MTO make/model inference using NCIC model-code abbreviations and NHTSA vPIC make/model examples (2026-08-12).
ontario_ministry_transport_vehicle_population,HYUN,ENT,PASSENGER,2014,2025,11,2014 | 2016 | 2017 | 2018 | 2019 | 2020 | 2021 | 2022 | 2023 | 2024 | 2025,2006,2010,5,55,15957,2025,583,Entourage,Entourage,,,Hyundai,agreement,Entourage,true,promotion_eligible,Latest-active reviewed MTO key; pass agreement is recomputed using case-insensitive model-family equivalence.,Reviewed two-pass MTO make/model inference using NCIC model-code abbreviations and NHTSA vPIC make/model examples (2026-08-12).
ontario_ministry_transport_vehicle_population,MERZ,C30,PASSENGER,2014,2025,11,2014 | 2016 | 2017 | 2018 | 2019 | 2020 | 2021 | 2022 | 2023 | 2024 | 2025,2005,2026,18,118,7564,2025,583,C300,300,"Closest vPIC name match, but no sampled year-specific result corroborates it.",,Mercedes-Benz,disagreement,,true,promotion_eligible,Latest-active reviewed MTO key; pass agreement is recomputed using case-insensitive model-family equivalence.,Reviewed two-pass MTO make/model inference using NCIC model-code abbreviations and NHTSA vPIC make/model examples (2026-08-12).
ontario_ministry_transport_vehicle_population,SUZI,CX4,PASSENGER,2014,2025,11,2014 | 2016 | 2017 | 2018 | 2019 | 2020 | 2021 | 2022 | 2023 | 2024 | 2025,2007,2012,6,66,10500,2025,578,SX4,SX4,,,Suzuki,agreement,SX4,true,promotion_eligible,Latest-active reviewed MTO key; pass agreement is recomputed using case-insensitive model-family equivalence.,Reviewed two-pass MTO make/model inference using NCIC model-code abbreviations and NHTSA vPIC make/model examples (2026-08-12).
ontario_ministry_transport_vehicle_population,AUDI,ATN,PASSENGER,2014,2025,11,2014 | 2016 | 2017 | 2018 | 2019 | 2020 | 2021 | 2022 | 2023 | 2024 | 2025,2000,2023,16,145,5608,2025,577,e-tron,e-tron,,e-tron S,Audi,agreement,e-tron,true,promotion_eligible,Latest-active reviewed MTO key; pass agreement is recomputed using case-insensitive model-family equivalence.,Reviewed two-pass MTO make/model inference using NCIC model-code abbreviations and NHTSA vPIC make/model examples (2026-08-12).
ontario_ministry_transport_vehicle_population,BMW,M5S,PASSENGER,2014,2025,11,2014 | 2016 | 2017 | 2018 | 2019 | 2020 | 2021 | 2022 | 2023 | 2024 | 2025,1988,2018,19,206,7345,2025,577,M,M5,Code-to-name match is weak; selected from vPIC models with overlapping-year coverage.,M5,BMW,disagreement,,true,promotion_eligible,Latest-active reviewed MTO key; pass agreement is recomputed using case-insensitive model-family equivalence.,Reviewed two-pass MTO make/model inference using NCIC model-code abbreviations and NHTSA vPIC make/model examples (2026-08-12).
ontario_ministry_transport_vehicle_population,MERZ,GME,PASSENGER,2023,2025,3,2023 | 2024 | 2025,2023,2024,2,4,1667,2025,576,GLE-Class,GLE-Class,,E-Class,Mercedes-Benz,agreement,GLE-Class,true,promotion_eligible,Latest-active reviewed MTO key; pass agreement is recomputed using case-insensitive model-family equivalence.,Reviewed two-pass MTO make/model inference using NCIC model-code abbreviations and NHTSA vPIC make/model examples (2026-08-12).
ontario_ministry_transport_vehicle_population,BMW,32X,PASSENGER,2014,2025,11,2014 | 2016 | 2017 | 2018 | 2019 | 2020 | 2021 | 2022 | 2023 | 2024 | 2025,2002,2006,5,55,13544,2025,575,3 Series,325xi,Generic Ontario code spans multiple vPIC models; this is the closest family match.,328 | 325 | 323,BMW,disagreement,,true,promotion_eligible,Latest-active reviewed MTO key; pass agreement is recomputed using case-insensitive model-family equivalence.,Reviewed two-pass MTO make/model inference using NCIC model-code abbreviations and NHTSA vPIC make/model examples (2026-08-12).
ontario_ministry_transport_vehicle_population,FORD,GAL,PASSENGER,2014,2025,11,2014 | 2016 | 2017 | 2018 | 2019 | 2020 | 2021 | 2022 | 2023 | 2024 | 2025,1919,2018,30,323,7049,2025,575,GALAXIE,Model unresolved,The Ontario abbreviation does not match a vPIC model closely enough.,,Ford,disagreement,,true,promotion_eligible,Latest-active reviewed MTO key; pass agreement is recomputed using case-insensitive model-family equivalence.,Reviewed two-pass MTO make/model inference using NCIC model-code abbreviations and NHTSA vPIC make/model examples (2026-08-12).
ontario_ministry_transport_vehicle_population,PONT,WLT,PASSENGER,2014,2025,11,2014 | 2016 | 2017 | 2018 | 2019 | 2020 | 2021 | 2022 | 2023 | 2024 | 2025,2005,2008,4,44,22899,2025,575,Wave (tentative),Wave,,Solstice | GTO | Aztek,Pontiac,agreement,Wave,true,promotion_eligible,Latest-active reviewed MTO key; pass agreement is recomputed using case-insensitive model-family equivalence.,Reviewed two-pass MTO make/model inference using NCIC model-code abbreviations and NHTSA vPIC make/model examples (2026-08-12).
ontario_ministry_transport_vehicle_population,SUBA,RAV,PASSENGER,2023,2025,3,2023 | 2024 | 2025,2023,2024,2,5,1347,2025,575,WRX,WRX,,BRZ | Ascent | Forester,Subaru,agreement,WRX,true,promotion_eligible,Latest-active reviewed MTO key; pass agreement is recomputed using case-insensitive model-family equivalence.,Reviewed two-pass MTO make/model inference using NCIC model-code abbreviations and NHTSA vPIC make/model examples (2026-08-12).
ontario_ministry_transport_vehicle_population,PORS,92R,PASSENGER,2019,2025,7,2019 | 2020 | 2021 | 2022 | 2023 | 2024 | 2025,2011,2026,10,48,2277,2025,574,911 (tentative),911,,Panamera | Cayenne | Macan,Porsche,agreement,911,true,promotion_eligible,Latest-active reviewed MTO key; pass agreement is recomputed using case-insensitive model-family equivalence.,Reviewed two-pass MTO make/model inference using NCIC model-code abbreviations and NHTSA vPIC make/model examples (2026-08-12).
ontario_ministry_transport_vehicle_population,CHRY,43C,PASSENGER,2014,2025,11,2014 | 2016 | 2017 | 2018 | 2019 | 2020 | 2021 | 2022 | 2023 | 2024 | 2025,2006,2017,12,127,7997,2025,573,300,300,,Pacifica | PT Cruiser | Town and Country,Chrysler,agreement,300,true,promotion_eligible,Latest-active reviewed MTO key; pass agreement is recomputed using case-insensitive model-family equivalence.,Reviewed two-pass MTO make/model inference using NCIC model-code abbreviations and NHTSA vPIC make/model examples (2026-08-12).
ontario_ministry_transport_vehicle_population,TOYT,UEX,PASSENGER,2014,2025,11,2014 | 2016 | 2017 | 2018 | 2019 | 2020 | 2021 | 2022 | 2023 | 2024 | 2025,1997,2001,5,55,22211,2025,573,4Runner,4Runner,,Echo | Supra | Tercel,Toyota,agreement,4Runner,true,promotion_eligible,Latest-active reviewed MTO key; pass agreement is recomputed using case-insensitive model-family equivalence.,Reviewed two-pass MTO make/model inference using NCIC model-code abbreviations and NHTSA vPIC make/model examples (2026-08-12).
ontario_ministry_transport_vehicle_population,CHEV,427,PASSENGER,2020,2025,6,2020 | 2021 | 2022 | 2023 | 2024 | 2025,2013,2020,5,30,3599,2025,572,Traverse (tentative),Traverse,,Suburban | Spark | Malibu,Chevrolet,agreement,Traverse,true,promotion_eligible,Latest-active reviewed MTO key; pass agreement is recomputed using case-insensitive model-family equivalence.,Reviewed two-pass MTO make/model inference using NCIC model-code abbreviations and NHTSA vPIC make/model examples (2026-08-12).
ontario_ministry_transport_vehicle_population,VOLV,C24,PASSENGER,2014,2025,11,2014 | 2016 | 2017 | 2018 | 2019 | 2020 | 2021 | 2022 | 2023 | 2024 | 2025,2007,2010,4,44,7865,2025,572,C70 (tentative),C70,,C30 | S40 | XC90,Volvo,agreement,C70,true,promotion_eligible,Latest-active reviewed MTO key; pass agreement is recomputed using case-insensitive model-family equivalence.,Reviewed two-pass MTO make/model inference using NCIC model-code abbreviations and NHTSA vPIC make/model examples (2026-08-12).
ontario_ministry_transport_vehicle_population,PORS,9T3,PASSENGER,2017,2025,9,2017 | 2018 | 2019 | 2020 | 2021 | 2022 | 2023 | 2024 | 2025,2004,2026,15,96,3513,2025,571,Carrera 2 911 GT3 (tentative),911,"vPIC supports the model, but the Ontario abbreviation is not uniquely identifying.",911 | Taycan | Cayenne,Porsche,disagreement,,true,promotion_eligible,Latest-active reviewed MTO key; pass agreement is recomputed using case-insensitive model-family equivalence.,Reviewed two-pass MTO make/model inference using NCIC model-code abbreviations and NHTSA vPIC make/model examples (2026-08-12).
ontario_ministry_transport_vehicle_population,PLYM,BAR,PASSENGER,2014,2025,11,2014 | 2016 | 2017 | 2018 | 2019 | 2020 | 2021 | 2022 | 2023 | 2024 | 2025,1918,1974,13,143,6546,2025,570,BARRACUDA,Model unresolved,The Ontario abbreviation does not match a vPIC model closely enough.,,Plymouth,disagreement,,true,promotion_eligible,Latest-active reviewed MTO key; pass agreement is recomputed using case-insensitive model-family equivalence.,Reviewed two-pass MTO make/model inference using NCIC model-code abbreviations and NHTSA vPIC make/model examples (2026-08-12).
ontario_ministry_transport_vehicle_population,MERZ,C2U,PASSENGER,2014,2025,11,2014 | 2016 | 2017 | 2018 | 2019 | 2020 | 2021 | 2022 | 2023 | 2024 | 2025,2012,2015,4,44,8464,2025,569,C320,Model unresolved,The Ontario abbreviation does not match a vPIC model closely enough.,C280 | C250 | C240,Mercedes-Benz,disagreement,,true,promotion_eligible,Latest-active reviewed MTO key; pass agreement is recomputed using case-insensitive model-family equivalence.,Reviewed two-pass MTO make/model inference using NCIC model-code abbreviations and NHTSA vPIC make/model examples (2026-08-12).
ontario_ministry_transport_vehicle_population,PONT,G5C,PASSENGER,2014,2025,11,2014 | 2016 | 2017 | 2018 | 2019 | 2020 | 2021 | 2022 | 2023 | 2024 | 2025,2007,2010,4,44,24824,2025,569,G5,G5,,,Pontiac,agreement,G5,true,promotion_eligible,Latest-active reviewed MTO key; pass agreement is recomputed using case-insensitive model-family equivalence.,Reviewed two-pass MTO make/model inference using NCIC model-code abbreviations and NHTSA vPIC make/model examples (2026-08-12).
ontario_ministry_transport_vehicle_population,PONT,SUN,PASSENGER,2014,2025,11,2014 | 2016 | 2017 | 2018 | 2019 | 2020 | 2021 | 2022 | 2023 | 2024 | 2025,1976,2005,29,319,26789,2025,569,Sunfire,Sunfire,,Sunbird | Sunburst,Pontiac,agreement,Sunfire,true,promotion_eligible,Latest-active reviewed MTO key; pass agreement is recomputed using case-insensitive model-family equivalence.,Reviewed two-pass MTO make/model inference using NCIC model-code abbreviations and NHTSA vPIC make/model examples (2026-08-12).
ontario_ministry_transport_vehicle_population,JEEP,W/Y,PASSENGER,2014,2025,11,2014 | 2016 | 2017 | 2018 | 2019 | 2020 | 2021 | 2022 | 2023 | 2024 | 2025,1989,1995,7,77,7583,2025,568,Wrangler,Wrangler,,Wagoneer | Grand Wagoneer | Cherokee/Wagoneer,Jeep,agreement,Wrangler,true,promotion_eligible,Latest-active reviewed MTO key; pass agreement is recomputed using case-insensitive model-family equivalence.,Reviewed two-pass MTO make/model inference using NCIC model-code abbreviations and NHTSA vPIC make/model examples (2026-08-12).
ontario_ministry_transport_vehicle_population,FORD,FTI,PASSENGER,2014,2025,11,2014 | 2016 | 2017 | 2018 | 2019 | 2020 | 2021 | 2022 | 2023 | 2024 | 2025,2013,2018,6,60,6996,2025,566,Fiesta,Fiesta,,FT900 | FESTIVA | FAIRLANE,Ford,agreement,Fiesta,true,promotion_eligible,Latest-active reviewed MTO key; pass agreement is recomputed using case-insensitive model-family equivalence.,Reviewed two-pass MTO make/model inference using NCIC model-code abbreviations and NHTSA vPIC make/model examples (2026-08-12).
ontario_ministry_transport_vehicle_population,BMW,M2C,PASSENGER,2017,2025,9,2017 | 2018 | 2019 | 2020 | 2021 | 2022 | 2023 | 2024 | 2025,2016,2026,9,43,4199,2025,564,M,M2,Code-to-name match is weak; selected from vPIC models with overlapping-year coverage.,M2,BMW,disagreement,,true,promotion_eligible,Latest-active reviewed MTO key; pass agreement is recomputed using case-insensitive model-family equivalence.,Reviewed two-pass MTO make/model inference using NCIC model-code abbreviations and NHTSA vPIC make/model examples (2026-08-12).
ontario_ministry_transport_vehicle_population,MITS,EGS,PASSENGER,2014,2025,11,2014 | 2016 | 2017 | 2018 | 2019 | 2020 | 2021 | 2022 | 2023 | 2024 | 2025,1990,2012,22,242,10205,2025,564,Eclipse,Eclipse,,Galant | Precis,Mitsubishi,agreement,Eclipse,true,promotion_eligible,Latest-active reviewed MTO key; pass agreement is recomputed using case-insensitive model-family equivalence.,Reviewed two-pass MTO make/model inference using NCIC model-code abbreviations and NHTSA vPIC make/model examples (2026-08-12).
ontario_ministry_transport_vehicle_population,CHEV,CAC,PASSENGER,2014,2025,11,2014 | 2016 | 2017 | 2018 | 2019 | 2020 | 2021 | 2022 | 2023 | 2024 | 2025,1976,2004,4,44,40877,2025,560,Caprice,Caprice,,,Chevrolet,agreement,Caprice,true,promotion_eligible,Latest-active reviewed MTO key; pass agreement is recomputed using case-insensitive model-family equivalence.,Reviewed two-pass MTO make/model inference using NCIC model-code abbreviations and NHTSA vPIC make/model examples (2026-08-12).
ontario_ministry_transport_vehicle_population,PORS,911,PASSENGER,2014,2025,11,2014 | 2016 | 2017 | 2018 | 2019 | 2020 | 2021 | 2022 | 2023 | 2024 | 2025,1940,2026,49,450,6661,2025,560,911,911,,,Porsche,agreement,911,true,promotion_eligible,Latest-active reviewed MTO key; pass agreement is recomputed using case-insensitive model-family equivalence.,Reviewed two-pass MTO make/model inference using NCIC model-code abbreviations and NHTSA vPIC make/model examples (2026-08-12).
ontario_ministry_transport_vehicle_population,FORD,MG3,PASSENGER,2016,2025,10,2016 | 2017 | 2018 | 2019 | 2020 | 2021 | 2022 | 2023 | 2024 | 2025,2015,2020,6,51,4925,2025,558,Mustang,Mustang,,GT | Edge | C-MAX,Ford,agreement,Mustang,true,promotion_eligible,Latest-active reviewed MTO key; pass agreement is recomputed using case-insensitive model-family equivalence.,Reviewed two-pass MTO make/model inference using NCIC model-code abbreviations and NHTSA vPIC make/model examples (2026-08-12).
ontario_ministry_transport_vehicle_population,PORS,N24,PASSENGER,2014,2025,11,2014 | 2016 | 2017 | 2018 | 2019 | 2020 | 2021 | 2022 | 2023 | 2024 | 2025,2011,2020,10,97,6788,2025,556,Cayman (tentative),Cayman,,Cayenne | Panamera | Macan,Porsche,agreement,Cayman,true,promotion_eligible,Latest-active reviewed MTO key; pass agreement is recomputed using case-insensitive model-family equivalence.,Reviewed two-pass MTO make/model inference using NCIC model-code abbreviations and NHTSA vPIC make/model examples (2026-08-12).
ontario_ministry_transport_vehicle_population,VOLK,PKM,PASSENGER,2014,2025,11,2014 | 2016 | 2017 | 2018 | 2019 | 2020 | 2021 | 2022 | 2023 | 2024 | 2025,2008,2025,7,44,5902,2025,556,Passat,Passat,,KOMBI,Volkswagen,agreement,Passat,true,promotion_eligible,Latest-active reviewed MTO key; pass agreement is recomputed using case-insensitive model-family equivalence.,Reviewed two-pass MTO make/model inference using NCIC model-code abbreviations and NHTSA vPIC make/model examples (2026-08-12).
ontario_ministry_transport_vehicle_population,HOND,CPL,PASSENGER,2014,2025,11,2014 | 2016 | 2017 | 2018 | 2019 | 2020 | 2021 | 2022 | 2023 | 2024 | 2025,2008,2022,6,47,6313,2025,555,Pilot,Pilot,,Clarity,Honda,agreement,Pilot,true,promotion_eligible,Latest-active reviewed MTO key; pass agreement is recomputed using case-insensitive model-family equivalence.,Reviewed two-pass MTO make/model inference using NCIC model-code abbreviations and NHTSA vPIC make/model examples (2026-08-12).
ontario_ministry_transport_vehicle_population,LEXS,AAG,PASSENGER,2019,2025,7,2019 | 2020 | 2021 | 2022 | 2023 | 2024 | 2025,2020,2020,1,7,4085,2025,555,GX,GX,,GS,Lexus,agreement,GX,true,promotion_eligible,Latest-active reviewed MTO key; pass agreement is recomputed using case-insensitive model-family equivalence.,Reviewed two-pass MTO make/model inference using NCIC model-code abbreviations and NHTSA vPIC make/model examples (2026-08-12).
ontario_ministry_transport_vehicle_population,DODG,SPR,COMMERCIAL,2014,2025,11,2014 | 2016 | 2017 | 2018 | 2019 | 2020 | 2021 | 2022 | 2023 | 2024 | 2025,1974,2009,12,132,10807,2025,553,Spirit,Spirit,,,Dodge,agreement,Spirit,true,promotion_eligible,Latest-active reviewed MTO key; pass agreement is recomputed using case-insensitive model-family equivalence.,Reviewed two-pass MTO make/model inference using NCIC model-code abbreviations and NHTSA vPIC make/model examples (2026-08-12).
ontario_ministry_transport_vehicle_population,FORD,TRX,PASSENGER,2014,2025,11,2014 | 2016 | 2017 | 2018 | 2019 | 2020 | 2021 | 2022 | 2023 | 2024 | 2025,2008,2009,2,22,14606,2025,552,T,Model unresolved,The Ontario abbreviation does not match a vPIC model closely enough.,,Ford,disagreement,,true,promotion_eligible,Latest-active reviewed MTO key; pass agreement is recomputed using case-insensitive model-family equivalence.,Reviewed two-pass MTO make/model inference using NCIC model-code abbreviations and NHTSA vPIC make/model examples (2026-08-12).
ontario_ministry_transport_vehicle_population,BMW,75X,PASSENGER,2014,2025,11,2014 | 2016 | 2017 | 2018 | 2019 | 2020 | 2021 | 2022 | 2023 | 2024 | 2025,2010,2018,9,87,8608,2025,551,7 Series,750xi,Generic Ontario code spans multiple vPIC models; this is the closest family match.,5 Series | 750,BMW,disagreement,,true,promotion_eligible,Latest-active reviewed MTO key; pass agreement is recomputed using case-insensitive model-family equivalence.,Reviewed two-pass MTO make/model inference using NCIC model-code abbreviations and NHTSA vPIC make/model examples (2026-08-12).
ontario_ministry_transport_vehicle_population,CHRY,3PA,PASSENGER,2016,2025,10,2016 | 2017 | 2018 | 2019 | 2020 | 2021 | 2022 | 2023 | 2024 | 2025,2015,2023,5,37,4362,2025,551,300,300,,Pacifica,Chrysler,agreement,300,true,promotion_eligible,Latest-active reviewed MTO key; pass agreement is recomputed using case-insensitive model-family equivalence.,Reviewed two-pass MTO make/model inference using NCIC model-code abbreviations and NHTSA vPIC make/model examples (2026-08-12).
ontario_ministry_transport_vehicle_population,MAZD,2SP,PASSENGER,2014,2025,11,2014 | 2016 | 2017 | 2018 | 2019 | 2020 | 2021 | 2022 | 2023 | 2024 | 2025,2014,2014,1,11,6274,2025,550,Mazda2,Mazda2,,,Mazda,agreement,Mazda2,true,promotion_eligible,Latest-active reviewed MTO key; pass agreement is recomputed using case-insensitive model-family equivalence.,Reviewed two-pass MTO make/model inference using NCIC model-code abbreviations and NHTSA vPIC make/model examples (2026-08-12).
ontario_ministry_transport_vehicle_population,BUIC,ALL,PASSENGER,2014,2025,11,2014 | 2016 | 2017 | 2018 | 2019 | 2020 | 2021 | 2022 | 2023 | 2024 | 2025,2007,2010,3,33,7962,2025,549,ALLURE,Allure,,,Buick,agreement,Allure,true,promotion_eligible,Latest-active reviewed MTO key; pass agreement is recomputed using case-insensitive model-family equivalence.,Reviewed two-pass MTO make/model inference using NCIC model-code abbreviations and NHTSA vPIC make/model examples (2026-08-12).
ontario_ministry_transport_vehicle_population,FORD,FHY,PASSENGER,2014,2025,11,2014 | 2016 | 2017 | 2018 | 2019 | 2020 | 2021 | 2022 | 2023 | 2024 | 2025,2010,2012,3,33,9977,2025,547,FREESTYLE,Freestyle,"Closest vPIC name match, but no sampled year-specific result corroborates it.",FREESTAR | Flex | F150,Ford,agreement,Freestyle,true,promotion_eligible,Latest-active reviewed MTO key; pass agreement is recomputed using case-insensitive model-family equivalence.,Reviewed two-pass MTO make/model inference using NCIC model-code abbreviations and NHTSA vPIC make/model examples (2026-08-12).
ontario_ministry_transport_vehicle_population,MNNI,CBM,PASSENGER,2014,2025,11,2014 | 2016 | 2017 | 2018 | 2019 | 2020 | 2021 | 2022 | 2023 | 2024 | 2025,2008,2018,10,99,7010,2025,547,Clubman,Clubman,,,MINI,agreement,Clubman,true,promotion_eligible,Latest-active reviewed MTO key; pass agreement is recomputed using case-insensitive model-family equivalence.,Reviewed two-pass MTO make/model inference using NCIC model-code abbreviations and NHTSA vPIC make/model examples (2026-08-12).
ontario_ministry_transport_vehicle_population,DODG,W20,COMMERCIAL,2014,2025,11,2014 | 2016 | 2017 | 2018 | 2019 | 2020 | 2021 | 2022 | 2023 | 2024 | 2025,1964,1993,29,319,6204,2025,545,W250 Pickup,Colt,vPIC also supports Shadow; the code does not clearly distinguish them.,Colt | Daytona | Shadow,Dodge,disagreement,,true,promotion_eligible,Latest-active reviewed MTO key; pass agreement is recomputed using case-insensitive model-family equivalence.,Reviewed two-pass MTO make/model inference using NCIC model-code abbreviations and NHTSA vPIC make/model examples (2026-08-12).
ontario_ministry_transport_vehicle_population,KIA,AEE,PASSENGER,2024,2025,2,2024 | 2025,2024,2026,3,5,812,2025,545,AVELLA,Model unresolved,The Ontario abbreviation does not match a vPIC model closely enough.,,Kia,disagreement,,true,promotion_eligible,Latest-active reviewed MTO key; pass agreement is recomputed using case-insensitive model-family equivalence.,Reviewed two-pass MTO make/model inference using NCIC model-code abbreviations and NHTSA vPIC make/model examples (2026-08-12).
ontario_ministry_transport_vehicle_population,HYUN,ETO,PASSENGER,2014,2025,11,2014 | 2016 | 2017 | 2018 | 2019 | 2020 | 2021 | 2022 | 2023 | 2024 | 2025,2009,2009,1,11,9193,2025,543,Entourage,Entourage,,,Hyundai,agreement,Entourage,true,promotion_eligible,Latest-active reviewed MTO key; pass agreement is recomputed using case-insensitive model-family equivalence.,Reviewed two-pass MTO make/model inference using NCIC model-code abbreviations and NHTSA vPIC make/model examples (2026-08-12).
ontario_ministry_transport_vehicle_population,BMW,UZ3,PASSENGER,2014,2025,11,2014 | 2016 | 2017 | 2018 | 2019 | 2020 | 2021 | 2022 | 2023 | 2024 | 2025,1996,2000,4,44,5647,2025,541,Z3,Z3,,,BMW,agreement,Z3,true,promotion_eligible,Latest-active reviewed MTO key; pass agreement is recomputed using case-insensitive model-family equivalence.,Reviewed two-pass MTO make/model inference using NCIC model-code abbreviations and NHTSA vPIC make/model examples (2026-08-12).
ontario_ministry_transport_vehicle_population,GMC,C55,COMMERCIAL,2014,2025,11,2014 | 2016 | 2017 | 2018 | 2019 | 2020 | 2021 | 2022 | 2023 | 2024 | 2025,1965,2009,13,143,8859,2025,541,Acadia,Acadia,,Canyon | Caballero Pickup | Pas-Syclone,GMC,agreement,Acadia,true,promotion_eligible,Latest-active reviewed MTO key; pass agreement is recomputed using case-insensitive model-family equivalence.,Reviewed two-pass MTO make/model inference using NCIC model-code abbreviations and NHTSA vPIC make/model examples (2026-08-12).
ontario_ministry_transport_vehicle_population,DODG,CHE,PASSENGER,2014,2025,11,2014 | 2016 | 2017 | 2018 | 2019 | 2020 | 2021 | 2022 | 2023 | 2024 | 2025,1968,2010,8,88,7252,2025,540,Charger,Charger,,Challenger | Ramcharger,Dodge,agreement,Charger,true,promotion_eligible,Latest-active reviewed MTO key; pass agreement is recomputed using case-insensitive model-family equivalence.,Reviewed two-pass MTO make/model inference using NCIC model-code abbreviations and NHTSA vPIC make/model examples (2026-08-12).
ontario_ministry_transport_vehicle_population,CHRY,TEP,PASSENGER,2014,2025,11,2014 | 2016 | 2017 | 2018 | 2019 | 2020 | 2021 | 2022 | 2023 | 2024 | 2025,2005,2008,4,44,7795,2025,539,Sebring,Sebring,,300 SRT8 | Pacifica | INTREPID,Chrysler,agreement,Sebring,true,promotion_eligible,Latest-active reviewed MTO key; pass agreement is recomputed using case-insensitive model-family equivalence.,Reviewed two-pass MTO make/model inference using NCIC model-code abbreviations and NHTSA vPIC make/model examples (2026-08-12).
ontario_ministry_transport_vehicle_population,DODG,CCX,PASSENGER,2014,2025,11,2014 | 2016 | 2017 | 2018 | 2019 | 2020 | 2021 | 2022 | 2023 | 2024 | 2025,2011,2012,2,22,11500,2025,538,Charger (tentative),Charger,,Caliber | Challenger | Grand Caravan,Dodge,agreement,Charger,true,promotion_eligible,Latest-active reviewed MTO key; pass agreement is recomputed using case-insensitive model-family equivalence.,Reviewed two-pass MTO make/model inference using NCIC model-code abbreviations and NHTSA vPIC make/model examples (2026-08-12).
ontario_ministry_transport_vehicle_population,DODG,PDL,PASSENGER,2024,2025,2,2024 | 2025,1966,2025,3,5,809,2025,538,Intrepid (tentative),Intrepid,,Durango | Colt | Viper,Dodge,agreement,Intrepid,true,promotion_eligible,Latest-active reviewed MTO key; pass agreement is recomputed using case-insensitive model-family equivalence.,Reviewed two-pass MTO make/model inference using NCIC model-code abbreviations and NHTSA vPIC make/model examples (2026-08-12).
ontario_ministry_transport_vehicle_population,MERZ,CGE,PASSENGER,2016,2025,10,2016 | 2017 | 2018 | 2019 | 2020 | 2021 | 2022 | 2023 | 2024 | 2025,2016,2025,8,46,4072,2025,538,C-Class,C-Class,,CLA-Class | CLE-Class | S-Class,Mercedes-Benz,agreement,C-Class,true,promotion_eligible,Latest-active reviewed MTO key; pass agreement is recomputed using case-insensitive model-family equivalence.,Reviewed two-pass MTO make/model inference using NCIC model-code abbreviations and NHTSA vPIC make/model examples (2026-08-12).
ontario_ministry_transport_vehicle_population,PONT,PUR,PASSENGER,2014,2025,11,2014 | 2016 | 2017 | 2018 | 2019 | 2020 | 2021 | 2022 | 2023 | 2024 | 2025,1978,2006,3,33,28293,2025,538,Grand Prix,Grand Prix,,Sunfire | Sunbird | Parisienne,Pontiac,agreement,Grand Prix,true,promotion_eligible,Latest-active reviewed MTO key; pass agreement is recomputed using case-insensitive model-family equivalence.,Reviewed two-pass MTO make/model inference using NCIC model-code abbreviations and NHTSA vPIC make/model examples (2026-08-12).
ontario_ministry_transport_vehicle_population,PORS,9TB,PASSENGER,2014,2025,11,2014 | 2016 | 2017 | 2018 | 2019 | 2020 | 2021 | 2022 | 2023 | 2024 | 2025,1994,2009,9,99,6072,2025,537,911,911,,Turbo 4 911 Turbo | Turbo 4 911 Turbo Cab S | 968,Porsche,agreement,911,true,promotion_eligible,Latest-active reviewed MTO key; pass agreement is recomputed using case-insensitive model-family equivalence.,Reviewed two-pass MTO make/model inference using NCIC model-code abbreviations and NHTSA vPIC make/model examples (2026-08-12).
ontario_ministry_transport_vehicle_population,BMW,Z25,PASSENGER,2014,2025,11,2014 | 2016 | 2017 | 2018 | 2019 | 2020 | 2021 | 2022 | 2023 | 2024 | 2025,2003,2005,3,33,5589,2025,536,5 Series,525i,Generic Ontario code spans multiple vPIC models; this is the closest family match.,525 | 325,BMW,disagreement,,true,promotion_eligible,Latest-active reviewed MTO key; pass agreement is recomputed using case-insensitive model-family equivalence.,Reviewed two-pass MTO make/model inference using NCIC model-code abbreviations and NHTSA vPIC make/model examples (2026-08-12).
ontario_ministry_transport_vehicle_population,MERZ,G6G,PASSENGER,2016,2025,10,2016 | 2017 | 2018 | 2019 | 2020 | 2021 | 2022 | 2023 | 2024 | 2025,2013,2020,8,73,5784,2025,534,G65 AMG,Model unresolved,The Ontario abbreviation does not match a vPIC model closely enough.,G63 AMG,Mercedes-Benz,disagreement,,true,promotion_eligible,Latest-active reviewed MTO key; pass agreement is recomputed using case-insensitive model-family equivalence.,Reviewed two-pass MTO make/model inference using NCIC model-code abbreviations and NHTSA vPIC make/model examples (2026-08-12).
ontario_ministry_transport_vehicle_population,VOLV,S6A,PASSENGER,2014,2025,11,2014 | 2016 | 2017 | 2018 | 2019 | 2020 | 2021 | 2022 | 2023 | 2024 | 2025,2002,2009,7,77,10566,2025,533,S60,S60,,,Volvo,agreement,S60,true,promotion_eligible,Latest-active reviewed MTO key; pass agreement is recomputed using case-insensitive model-family equivalence.,Reviewed two-pass MTO make/model inference using NCIC model-code abbreviations and NHTSA vPIC make/model examples (2026-08-12).
ontario_ministry_transport_vehicle_population,FORD,F35,COMMERCIAL,2025,2025,1,2025,1904,2026,68,68,532,2025,532,F350,F-350,,,Ford,agreement,F-350,true,promotion_eligible,Latest-active reviewed MTO key; pass agreement is recomputed using case-insensitive model-family equivalence.,Reviewed two-pass MTO make/model inference using NCIC model-code abbreviations and NHTSA vPIC make/model examples (2026-08-12).
ontario_ministry_transport_vehicle_population,FCCC,V00,COMMERCIAL,2024,2025,2,2024 | 2025,2019,2025,3,6,1060,2025,531,Model unresolved,Model unresolved,The Ontario abbreviation does not match a vPIC model closely enough.,,Freightliner Custom Chassis,agreement,Model unresolved,true,promotion_eligible,Latest-active reviewed MTO key; pass agreement is recomputed using case-insensitive model-family equivalence.,Reviewed two-pass MTO make/model inference using NCIC model-code abbreviations and NHTSA vPIC make/model examples (2026-08-12).
ontario_ministry_transport_vehicle_population,MERZ,CEM,PASSENGER,2014,2025,11,2014 | 2016 | 2017 | 2018 | 2019 | 2020 | 2021 | 2022 | 2023 | 2024 | 2025,2012,2016,5,54,6349,2025,531,C-Class,C-Class,,CLS-Class | CL-Class | S-Class,Mercedes-Benz,agreement,C-Class,true,promotion_eligible,Latest-active reviewed MTO key; pass agreement is recomputed using case-insensitive model-family equivalence.,Reviewed two-pass MTO make/model inference using NCIC model-code abbreviations and NHTSA vPIC make/model examples (2026-08-12).
ontario_ministry_transport_vehicle_population,KIA,RGL,PASSENGER,2024,2025,2,2024 | 2025,2021,2026,5,9,731,2025,530,Rio,Rio,,Niro | Carnival | Seltos,Kia,agreement,Rio,true,promotion_eligible,Latest-active reviewed MTO key; pass agreement is recomputed using case-insensitive model-family equivalence.,Reviewed two-pass MTO make/model inference using NCIC model-code abbreviations and NHTSA vPIC make/model examples (2026-08-12).
ontario_ministry_transport_vehicle_population,SUBA,O2I,PASSENGER,2014,2025,11,2014 | 2016 | 2017 | 2018 | 2019 | 2020 | 2021 | 2022 | 2023 | 2024 | 2025,2008,2014,7,77,8728,2025,530,Forester,Forester,,Legacy/Outback | Impreza/Outback Sport | Tribeca,Subaru,agreement,Forester,true,promotion_eligible,Latest-active reviewed MTO key; pass agreement is recomputed using case-insensitive model-family equivalence.,Reviewed two-pass MTO make/model inference using NCIC model-code abbreviations and NHTSA vPIC make/model examples (2026-08-12).
ontario_ministry_transport_vehicle_population,VOLV,VPL,PASSENGER,2017,2025,9,2017 | 2018 | 2019 | 2020 | 2021 | 2022 | 2023 | 2024 | 2025,2015,2020,6,51,4097,2025,529,V60,V60,,V90 | XC60 | S60,Volvo,agreement,V60,true,promotion_eligible,Latest-active reviewed MTO key; pass agreement is recomputed using case-insensitive model-family equivalence.,Reviewed two-pass MTO make/model inference using NCIC model-code abbreviations and NHTSA vPIC make/model examples (2026-08-12).
ontario_ministry_transport_vehicle_population,MERZ,R35,PASSENGER,2014,2025,11,2014 | 2016 | 2017 | 2018 | 2019 | 2020 | 2021 | 2022 | 2023 | 2024 | 2025,2006,2013,8,88,9595,2025,528,R350,350,"Closest vPIC name match, but no sampled year-specific result corroborates it.",,Mercedes-Benz,disagreement,,true,promotion_eligible,Latest-active reviewed MTO key; pass agreement is recomputed using case-insensitive model-family equivalence.,Reviewed two-pass MTO make/model inference using NCIC model-code abbreviations and NHTSA vPIC make/model examples (2026-08-12).
ontario_ministry_transport_vehicle_population,MERZ,WJG,PASSENGER,2021,2025,5,2021 | 2022 | 2023 | 2024 | 2025,2020,2023,4,18,2308,2025,528,AMG GT,AMG GT,,G-Class | GLS-Class | GLE-Class,Mercedes-Benz,agreement,AMG GT,true,promotion_eligible,Latest-active reviewed MTO key; pass agreement is recomputed using case-insensitive model-family equivalence.,Reviewed two-pass MTO make/model inference using NCIC model-code abbreviations and NHTSA vPIC make/model examples (2026-08-12).
ontario_ministry_transport_vehicle_population,AUDI,1CG,PASSENGER,2022,2025,4,2022 | 2023 | 2024 | 2025,2021,2025,5,17,1660,2025,527,100GL,100,"Closest vPIC name match, but no sampled year-specific result corroborates it.",100LS,Audi,agreement,100,true,promotion_eligible,Latest-active reviewed MTO key; pass agreement is recomputed using case-insensitive model-family equivalence.,Reviewed two-pass MTO make/model inference using NCIC model-code abbreviations and NHTSA vPIC make/model examples (2026-08-12).
ontario_ministry_transport_vehicle_population,ACUR,TLX,PASSENGER,2016,2025,10,2016 | 2017 | 2018 | 2019 | 2020 | 2021 | 2022 | 2023 | 2024 | 2025,2015,2022,7,55,5081,2025,526,TLX,TLX,,,Acura,agreement,TLX,true,promotion_eligible,Latest-active reviewed MTO key; pass agreement is recomputed using case-insensitive model-family equivalence.,Reviewed two-pass MTO make/model inference using NCIC model-code abbreviations and NHTSA vPIC make/model examples (2026-08-12).
ontario_ministry_transport_vehicle_population,CHEV,VTR,PASSENGER,2014,2025,11,2014 | 2016 | 2017 | 2018 | 2019 | 2020 | 2021 | 2022 | 2023 | 2024 | 2025,1997,2005,9,99,49471,2025,526,Venture,Venture,,Corvette | Optra,Chevrolet,agreement,Venture,true,promotion_eligible,Latest-active reviewed MTO key; pass agreement is recomputed using case-insensitive model-family equivalence.,Reviewed two-pass MTO make/model inference using NCIC model-code abbreviations and NHTSA vPIC make/model examples (2026-08-12).
ontario_ministry_transport_vehicle_population,FORD,CVL,PASSENGER,2014,2025,11,2014 | 2016 | 2017 | 2018 | 2019 | 2020 | 2021 | 2022 | 2023 | 2024 | 2025,1986,2011,23,253,11848,2025,525,Crown Victoria,Crown Victoria,,LTD Crown Victoria,Ford,agreement,Crown Victoria,true,promotion_eligible,Latest-active reviewed MTO key; pass agreement is recomputed using case-insensitive model-family equivalence.,Reviewed two-pass MTO make/model inference using NCIC model-code abbreviations and NHTSA vPIC make/model examples (2026-08-12).
ontario_ministry_transport_vehicle_population,TOYT,UTS,PASSENGER,2014,2025,11,2014 | 2016 | 2017 | 2018 | 2019 | 2020 | 2021 | 2022 | 2023 | 2024 | 2025,2007,2008,2,22,7079,2025,525,Tundra,Tundra,,Tacoma | Sienna | Matrix,Toyota,agreement,Tundra,true,promotion_eligible,Latest-active reviewed MTO key; pass agreement is recomputed using case-insensitive model-family equivalence.,Reviewed two-pass MTO make/model inference using NCIC model-code abbreviations and NHTSA vPIC make/model examples (2026-08-12).
ontario_ministry_transport_vehicle_population,CHEV,1KN,COMMERCIAL,2023,2025,3,2023 | 2024 | 2025,2022,2025,4,11,1123,2025,524,Spark,Spark,,KINGSWOOD | Suburban | Traverse,Chevrolet,agreement,Spark,true,promotion_eligible,Latest-active reviewed MTO key; pass agreement is recomputed using case-insensitive model-family equivalence.,Reviewed two-pass MTO make/model inference using NCIC model-code abbreviations and NHTSA vPIC make/model examples (2026-08-12).
ontario_ministry_transport_vehicle_population,HYUN,CPS,PASSENGER,2014,2025,11,2014 | 2016 | 2017 | 2018 | 2019 | 2020 | 2021 | 2022 | 2023 | 2024 | 2025,2007,2007,1,11,14935,2025,524,Tucson,Tucson,,Sonata | Accent | SCOUPE,Hyundai,agreement,Tucson,true,promotion_eligible,Latest-active reviewed MTO key; pass agreement is recomputed using case-insensitive model-family equivalence.,Reviewed two-pass MTO make/model inference using NCIC model-code abbreviations and NHTSA vPIC make/model examples (2026-08-12).
ontario_ministry_transport_vehicle_population,STRN,ASE,PASSENGER,2014,2025,11,2014 | 2016 | 2017 | 2018 | 2019 | 2020 | 2021 | 2022 | 2023 | 2024 | 2025,2008,2009,2,22,13612,2025,524,Astra,Astra,,Aura,Saturn,agreement,Astra,true,promotion_eligible,Latest-active reviewed MTO key; pass agreement is recomputed using case-insensitive model-family equivalence.,Reviewed two-pass MTO make/model inference using NCIC model-code abbreviations and NHTSA vPIC make/model examples (2026-08-12).
ontario_ministry_transport_vehicle_population,FERR,90G,PASSENGER,2021,2025,5,2021 | 2022 | 2023 | 2024 | 2025,2019,2025,7,26,1990,2025,522,SF90,SF90,,SF90 Stradale,Ferrari,agreement,SF90,true,promotion_eligible,Latest-active reviewed MTO key; pass agreement is recomputed using case-insensitive model-family equivalence.,Reviewed two-pass MTO make/model inference using NCIC model-code abbreviations and NHTSA vPIC make/model examples (2026-08-12).
ontario_ministry_transport_vehicle_population,AUDI,3PG,PASSENGER,2014,2025,11,2014 | 2016 | 2017 | 2018 | 2019 | 2020 | 2021 | 2022 | 2023 | 2024 | 2025,2013,2020,4,36,4586,2025,520,A3,A3,,S3 | Q3,Audi,agreement,A3,true,promotion_eligible,Latest-active reviewed MTO key; pass agreement is recomputed using case-insensitive model-family equivalence.,Reviewed two-pass MTO make/model inference using NCIC model-code abbreviations and NHTSA vPIC make/model examples (2026-08-12).
ontario_ministry_transport_vehicle_population,HOND,UCE,PASSENGER,2014,2025,11,2014 | 2016 | 2017 | 2018 | 2019 | 2020 | 2021 | 2022 | 2023 | 2024 | 2025,1999,2000,2,22,24303,2025,520,Prelude,Prelude,,CR-V | Civic | Accord,Honda,agreement,Prelude,true,promotion_eligible,Latest-active reviewed MTO key; pass agreement is recomputed using case-insensitive model-family equivalence.,Reviewed two-pass MTO make/model inference using NCIC model-code abbreviations and NHTSA vPIC make/model examples (2026-08-12).
ontario_ministry_transport_vehicle_population,CHEV,CTY,COMMERCIAL,2016,2025,10,2016 | 2017 | 2018 | 2019 | 2020 | 2021 | 2022 | 2023 | 2024 | 2025,2015,2018,4,38,6263,2025,519,Captiva,Captiva Sport,"vPIC supports the model, but the Ontario abbreviation is not uniquely identifying.",,Chevrolet,agreement,Captiva Sport,true,promotion_eligible,Latest-active reviewed MTO key; pass agreement is recomputed using case-insensitive model-family equivalence.,Reviewed two-pass MTO make/model inference using NCIC model-code abbreviations and NHTSA vPIC make/model examples (2026-08-12).
ontario_ministry_transport_vehicle_population,VOLV,CT5,PASSENGER,2014,2025,11,2014 | 2016 | 2017 | 2018 | 2019 | 2020 | 2021 | 2022 | 2023 | 2024 | 2025,2006,2013,8,88,5709,2025,519,V50,V50,,C70 | C30 | XC90,Volvo,agreement,V50,true,promotion_eligible,Latest-active reviewed MTO key; pass agreement is recomputed using case-insensitive model-family equivalence.,Reviewed two-pass MTO make/model inference using NCIC model-code abbreviations and NHTSA vPIC make/model examples (2026-08-12).
ontario_ministry_transport_vehicle_population,HOND,UDX,PASSENGER,2014,2025,11,2014 | 2016 | 2017 | 2018 | 2019 | 2020 | 2021 | 2022 | 2023 | 2024 | 2025,1986,2005,18,198,13409,2025,518,Odyssey,Odyssey,,Prelude | Accord | Civic,Honda,agreement,Odyssey,true,promotion_eligible,Latest-active reviewed MTO key; pass agreement is recomputed using case-insensitive model-family equivalence.,Reviewed two-pass MTO make/model inference using NCIC model-code abbreviations and NHTSA vPIC make/model examples (2026-08-12).
ontario_ministry_transport_vehicle_population,INFI,CHG,PASSENGER,2017,2025,9,2017 | 2018 | 2019 | 2020 | 2021 | 2022 | 2023 | 2024 | 2025,2017,2018,2,18,4984,2025,518,QX80 (tentative),QX80,,QX60 | QX30 | Q70,Infiniti,agreement,QX80,true,promotion_eligible,Latest-active reviewed MTO key; pass agreement is recomputed using case-insensitive model-family equivalence.,Reviewed two-pass MTO make/model inference using NCIC model-code abbreviations and NHTSA vPIC make/model examples (2026-08-12).
ontario_ministry_transport_vehicle_population,MERZ,WKG,PASSENGER,2021,2025,5,2021 | 2022 | 2023 | 2024 | 2025,2020,2023,4,17,2329,2025,516,AMG GT,AMG GT,,G-Class | GLS-Class | GLE-Class,Mercedes-Benz,agreement,AMG GT,true,promotion_eligible,Latest-active reviewed MTO key; pass agreement is recomputed using case-insensitive model-family equivalence.,Reviewed two-pass MTO make/model inference using NCIC model-code abbreviations and NHTSA vPIC make/model examples (2026-08-12).
ontario_ministry_transport_vehicle_population,BMW,2MG,PASSENGER,2018,2025,8,2018 | 2019 | 2020 | 2021 | 2022 | 2023 | 2024 | 2025,2017,2021,5,37,3659,2025,514,2 Series,X2,Generic Ontario code spans multiple vPIC models; this is the closest family match.,X2 | M,BMW,disagreement,,true,promotion_eligible,Latest-active reviewed MTO key; pass agreement is recomputed using case-insensitive model-family equivalence.,Reviewed two-pass MTO make/model inference using NCIC model-code abbreviations and NHTSA vPIC make/model examples (2026-08-12).
ontario_ministry_transport_vehicle_population,CHRY,GRC,PASSENGER,2025,2025,1,2025,2005,2026,2,2,514,2025,514,Voyager,Voyager,,Pacifica | 300 SRT8 | PT Cruiser,Chrysler,agreement,Voyager,true,promotion_eligible,Latest-active reviewed MTO key; pass agreement is recomputed using case-insensitive model-family equivalence.,Reviewed two-pass MTO make/model inference using NCIC model-code abbreviations and NHTSA vPIC make/model examples (2026-08-12).
ontario_ministry_transport_vehicle_population,LEXS,L43,PASSENGER,2014,2025,11,2014 | 2016 | 2017 | 2018 | 2019 | 2020 | 2021 | 2022 | 2023 | 2024 | 2025,2001,2006,6,66,6689,2025,514,LS430,LS,Code-to-name match is weak; selected from vPIC models with overlapping-year coverage.,LS,Lexus,agreement,LS,true,promotion_eligible,Latest-active reviewed MTO key; pass agreement is recomputed using case-insensitive model-family equivalence.,Reviewed two-pass MTO make/model inference using NCIC model-code abbreviations and NHTSA vPIC make/model examples (2026-08-12).
ontario_ministry_transport_vehicle_population,MERZ,C54,PASSENGER,2014,2025,11,2014 | 2016 | 2017 | 2018 | 2019 | 2020 | 2021 | 2022 | 2023 | 2024 | 2025,2012,2020,7,69,6132,2025,511,CLS550 4MATIC,Model unresolved,The Ontario abbreviation does not match a vPIC model closely enough.,C43 | C400 | C250,Mercedes-Benz,disagreement,,true,promotion_eligible,Latest-active reviewed MTO key; pass agreement is recomputed using case-insensitive model-family equivalence.,Reviewed two-pass MTO make/model inference using NCIC model-code abbreviations and NHTSA vPIC make/model examples (2026-08-12).
ontario_ministry_transport_vehicle_population,VOLK,BEE,PASSENGER,2014,2025,11,2014 | 2016 | 2017 | 2018 | 2019 | 2020 | 2021 | 2022 | 2023 | 2024 | 2025,1937,2017,56,566,6391,2025,511,Beetle,Beetle,,,Volkswagen,agreement,Beetle,true,promotion_eligible,Latest-active reviewed MTO key; pass agreement is recomputed using case-insensitive model-family equivalence.,Reviewed two-pass MTO make/model inference using NCIC model-code abbreviations and NHTSA vPIC make/model examples (2026-08-12).
ontario_ministry_transport_vehicle_population,CHEV,AVS,PASSENGER,2014,2025,11,2014 | 2016 | 2017 | 2018 | 2019 | 2020 | 2021 | 2022 | 2023 | 2024 | 2025,2009,2011,3,33,11215,2025,510,Aveo,Aveo,,Avalanche,Chevrolet,agreement,Aveo,true,promotion_eligible,Latest-active reviewed MTO key; pass agreement is recomputed using case-insensitive model-family equivalence.,Reviewed two-pass MTO make/model inference using NCIC model-code abbreviations and NHTSA vPIC make/model examples (2026-08-12).
ontario_ministry_transport_vehicle_population,BMW,43C,PASSENGER,2016,2025,10,2016 | 2017 | 2018 | 2019 | 2020 | 2021 | 2022 | 2023 | 2024 | 2025,2015,2016,2,20,6114,2025,509,4 Series,435i,Generic Ontario code spans multiple vPIC models; this is the closest family match.,3 Series | 435 | 430,BMW,disagreement,,true,promotion_eligible,Latest-active reviewed MTO key; pass agreement is recomputed using case-insensitive model-family equivalence.,Reviewed two-pass MTO make/model inference using NCIC model-code abbreviations and NHTSA vPIC make/model examples (2026-08-12).
ontario_ministry_transport_vehicle_population,JEEP,NJG,PASSENGER,2021,2025,5,2021 | 2022 | 2023 | 2024 | 2025,2019,2023,5,22,2199,2025,507,Renegade,Renegade,,,Jeep,agreement,Renegade,true,promotion_eligible,Latest-active reviewed MTO key; pass agreement is recomputed using case-insensitive model-family equivalence.,Reviewed two-pass MTO make/model inference using NCIC model-code abbreviations and NHTSA vPIC make/model examples (2026-08-12).
ontario_ministry_transport_vehicle_population,CHEV,C3Z,PASSENGER,2016,2025,10,2016 | 2017 | 2018 | 2019 | 2020 | 2021 | 2022 | 2023 | 2024 | 2025,2015,2019,5,47,5039,2025,506,Cruze,Cruze,,,Chevrolet,agreement,Cruze,true,promotion_eligible,Latest-active reviewed MTO key; pass agreement is recomputed using case-insensitive model-family equivalence.,Reviewed two-pass MTO make/model inference using NCIC model-code abbreviations and NHTSA vPIC make/model examples (2026-08-12).
ontario_ministry_transport_vehicle_population,NISS,ARI,PASSENGER,2024,2025,2,2024 | 2025,2023,2026,4,6,939,2025,506,ARIYA,Ariya MPV,"vPIC supports the model, but the Ontario abbreviation is not uniquely identifying.",,Nissan,agreement,Ariya MPV,true,promotion_eligible,Latest-active reviewed MTO key; pass agreement is recomputed using case-insensitive model-family equivalence.,Reviewed two-pass MTO make/model inference using NCIC model-code abbreviations and NHTSA vPIC make/model examples (2026-08-12).
ontario_ministry_transport_vehicle_population,CHEV,CZP,PASSENGER,2016,2025,10,2016 | 2017 | 2018 | 2019 | 2020 | 2021 | 2022 | 2023 | 2024 | 2025,2016,2018,3,28,5688,2025,504,Cruze,Cruze,,SS | CAPRICE,Chevrolet,agreement,Cruze,true,promotion_eligible,Latest-active reviewed MTO key; pass agreement is recomputed using case-insensitive model-family equivalence.,Reviewed two-pass MTO make/model inference using NCIC model-code abbreviations and NHTSA vPIC make/model examples (2026-08-12).
ontario_ministry_transport_vehicle_population,HYUN,SHL,PASSENGER,2016,2025,10,2016 | 2017 | 2018 | 2019 | 2020 | 2021 | 2022 | 2023 | 2024 | 2025,2016,2019,4,36,5032,2025,503,Sonata,Sonata,,Santa Fe | Elantra | Veloster,Hyundai,agreement,Sonata,true,promotion_eligible,Latest-active reviewed MTO key; pass agreement is recomputed using case-insensitive model-family equivalence.,Reviewed two-pass MTO make/model inference using NCIC model-code abbreviations and NHTSA vPIC make/model examples (2026-08-12).
ontario_ministry_transport_vehicle_population,MERZ,B2T,PASSENGER,2014,2025,11,2014 | 2016 | 2017 | 2018 | 2019 | 2020 | 2021 | 2022 | 2023 | 2024 | 2025,2010,2011,2,22,7912,2025,503,B200,Model unresolved,The Ontario abbreviation does not match a vPIC model closely enough.,B250E,Mercedes-Benz,disagreement,,true,promotion_eligible,Latest-active reviewed MTO key; pass agreement is recomputed using case-insensitive model-family equivalence.,Reviewed two-pass MTO make/model inference using NCIC model-code abbreviations and NHTSA vPIC make/model examples (2026-08-12).
ontario_ministry_transport_vehicle_population,LINC,CON,PASSENGER,2014,2025,11,2014 | 2016 | 2017 | 2018 | 2019 | 2020 | 2021 | 2022 | 2023 | 2024 | 2025,1919,2019,53,580,8852,2025,502,Continental,Continental,,,Lincoln,agreement,Continental,true,promotion_eligible,Latest-active reviewed MTO key; pass agreement is recomputed using case-insensitive model-family equivalence.,Reviewed two-pass MTO make/model inference using NCIC model-code abbreviations and NHTSA vPIC make/model examples (2026-08-12).
ontario_ministry_transport_vehicle_population,MERZ,2CA,PASSENGER,2016,2025,10,2016 | 2017 | 2018 | 2019 | 2020 | 2021 | 2022 | 2023 | 2024 | 2025,2014,2019,6,56,5908,2025,502,S-Class,S-Class,,G-Class | E-Class | C-Class,Mercedes-Benz,agreement,S-Class,true,promotion_eligible,Latest-active reviewed MTO key; pass agreement is recomputed using case-insensitive model-family equivalence.,Reviewed two-pass MTO make/model inference using NCIC model-code abbreviations and NHTSA vPIC make/model examples (2026-08-12).
ontario_ministry_transport_vehicle_population,VOLK,GIS,PASSENGER,2017,2025,9,2017 | 2018 | 2019 | 2020 | 2021 | 2022 | 2023 | 2024 | 2025,2016,2019,3,25,3993,2025,502,GTI,GTI,"Closest vPIC name match, but no sampled year-specific result corroborates it.",Tiguan | Passat | Eos,Volkswagen,agreement,GTI,true,promotion_eligible,Latest-active reviewed MTO key; pass agreement is recomputed using case-insensitive model-family equivalence.,Reviewed two-pass MTO make/model inference using NCIC model-code abbreviations and NHTSA vPIC make/model examples (2026-08-12).
ontario_ministry_transport_vehicle_population,LINC,SIG,PASSENGER,2014,2025,11,2014 | 2016 | 2017 | 2018 | 2019 | 2020 | 2021 | 2022 | 2023 | 2024 | 2025,1980,2007,19,209,10283,2025,501,LS,LS,,Navigator | MKZ | MKX,Lincoln,agreement,LS,true,promotion_eligible,Latest-active reviewed MTO key; pass agreement is recomputed using case-insensitive model-family equivalence.,Reviewed two-pass MTO make/model inference using NCIC model-code abbreviations and NHTSA vPIC make/model examples (2026-08-12).
ontario_ministry_transport_vehicle_population,PONT,LEM,PASSENGER,2014,2025,11,2014 | 2016 | 2017 | 2018 | 2019 | 2020 | 2021 | 2022 | 2023 | 2024 | 2025,1919,1993,30,330,6449,2025,501,Lemans,Lemans,,,Pontiac,agreement,Lemans,true,promotion_eligible,Latest-active reviewed MTO key; pass agreement is recomputed using case-insensitive model-family equivalence.,Reviewed two-pass MTO make/model inference using NCIC model-code abbreviations and NHTSA vPIC make/model examples (2026-08-12).
ontario_ministry_transport_vehicle_population,PORS,CSC,PASSENGER,2014,2025,11,2014 | 2016 | 2017 | 2018 | 2019 | 2020 | 2021 | 2022 | 2023 | 2024 | 2025,2005,2009,5,55,5606,2025,499,Carrera 4 S Cabriolet,Model unresolved,The Ontario abbreviation does not match a vPIC model closely enough.,Carrera 2 S Cabriolet | Carrera 4 S Cabriolet Kit | Carrera 4 S,Porsche,disagreement,,true,promotion_eligible,Latest-active reviewed MTO key; pass agreement is recomputed using case-insensitive model-family equivalence.,Reviewed two-pass MTO make/model inference using NCIC model-code abbreviations and NHTSA vPIC make/model examples (2026-08-12).
ontario_ministry_transport_vehicle_population,PORS,9CS,PASSENGER,2014,2025,11,2014 | 2016 | 2017 | 2018 | 2019 | 2020 | 2021 | 2022 | 2023 | 2024 | 2025,2002,2010,4,44,5379,2025,498,911,911,,Turbo 4 911 Turbo Cab S | Turbo 4 911 S | Cayenne,Porsche,agreement,911,true,promotion_eligible,Latest-active reviewed MTO key; pass agreement is recomputed using case-insensitive model-family equivalence.,Reviewed two-pass MTO make/model inference using NCIC model-code abbreviations and NHTSA vPIC make/model examples (2026-08-12).
ontario_ministry_transport_vehicle_population,MERZ,LFG,PASSENGER,2024,2025,2,2024 | 2025,2024,2025,2,4,725,2025,497,AMG GT,AMG GT,,S-Class | G-Class | E-Class,Mercedes-Benz,agreement,AMG GT,true,promotion_eligible,Latest-active reviewed MTO key; pass agreement is recomputed using case-insensitive model-family equivalence.,Reviewed two-pass MTO make/model inference using NCIC model-code abbreviations and NHTSA vPIC make/model examples (2026-08-12).
ontario_ministry_transport_vehicle_population,SMRT,SMR,PASSENGER,2016,2025,10,2016 | 2017 | 2018 | 2019 | 2020 | 2021 | 2022 | 2023 | 2024 | 2025,2005,2019,5,39,4673,2025,497,fortwo (tentative),Fortwo,,PURE,smart,agreement,Fortwo,true,promotion_eligible,Latest-active reviewed MTO key; pass agreement is recomputed using case-insensitive model-family equivalence.,Reviewed two-pass MTO make/model inference using NCIC model-code abbreviations and NHTSA vPIC make/model examples (2026-08-12).
ontario_ministry_transport_vehicle_population,LEXS,46A,PASSENGER,2014,2025,11,2014 | 2016 | 2017 | 2018 | 2019 | 2020 | 2021 | 2022 | 2023 | 2024 | 2025,2009,2017,9,97,5978,2025,494,LS,LS,,GS | LS460 | GX460,Lexus,agreement,LS,true,promotion_eligible,Latest-active reviewed MTO key; pass agreement is recomputed using case-insensitive model-family equivalence.,Reviewed two-pass MTO make/model inference using NCIC model-code abbreviations and NHTSA vPIC make/model examples (2026-08-12).
ontario_ministry_transport_vehicle_population,PORS,CMS,PASSENGER,2014,2025,11,2014 | 2016 | 2017 | 2018 | 2019 | 2020 | 2021 | 2022 | 2023 | 2024 | 2025,2006,2014,7,77,5436,2025,494,Cayman,Cayman,,Cayenne | Carrera 4 S | Carrera 2 S,Porsche,agreement,Cayman,true,promotion_eligible,Latest-active reviewed MTO key; pass agreement is recomputed using case-insensitive model-family equivalence.,Reviewed two-pass MTO make/model inference using NCIC model-code abbreviations and NHTSA vPIC make/model examples (2026-08-12).
ontario_ministry_transport_vehicle_population,BMW,52I,PASSENGER,2014,2025,11,2014 | 2016 | 2017 | 2018 | 2019 | 2020 | 2021 | 2022 | 2023 | 2024 | 2025,1980,2016,16,166,7864,2025,492,5 Series,Model unresolved,Ontario identifies only a vehicle family; vPIC does not support one unique model.,2 Series,BMW,disagreement,,true,promotion_eligible,Latest-active reviewed MTO key; pass agreement is recomputed using case-insensitive model-family equivalence.,Reviewed two-pass MTO make/model inference using NCIC model-code abbreviations and NHTSA vPIC make/model examples (2026-08-12).
ontario_ministry_transport_vehicle_population,SAA,93T,PASSENGER,2014,2025,11,2014 | 2016 | 2017 | 2018 | 2019 | 2020 | 2021 | 2022 | 2023 | 2024 | 2025,2007,2011,5,53,8868,2025,490,9-3,9-3,,,Saab,agreement,9-3,true,promotion_eligible,Latest-active reviewed MTO key; pass agreement is recomputed using case-insensitive model-family equivalence.,Reviewed two-pass MTO make/model inference using NCIC model-code abbreviations and NHTSA vPIC make/model examples (2026-08-12).
ontario_ministry_transport_vehicle_population,VOLK,9NE,PASSENGER,2024,2025,2,2024 | 2025,2023,2025,3,5,752,2025,489,Jetta,Jetta,,Tiguan,Volkswagen,agreement,Jetta,true,promotion_eligible,Latest-active reviewed MTO key; pass agreement is recomputed using case-insensitive model-family equivalence.,Reviewed two-pass MTO make/model inference using NCIC model-code abbreviations and NHTSA vPIC make/model examples (2026-08-12).
ontario_ministry_transport_vehicle_population,TOYT,CCT,COMMERCIAL,2016,2025,10,2016 | 2017 | 2018 | 2019 | 2020 | 2021 | 2022 | 2023 | 2024 | 2025,2014,2017,3,29,5136,2025,488,Corolla,Corolla,,,Toyota,agreement,Corolla,true,promotion_eligible,Latest-active reviewed MTO key; pass agreement is recomputed using case-insensitive model-family equivalence.,Reviewed two-pass MTO make/model inference using NCIC model-code abbreviations and NHTSA vPIC make/model examples (2026-08-12).
ontario_ministry_transport_vehicle_population,MITS,LRL,PASSENGER,2014,2025,11,2014 | 2016 | 2017 | 2018 | 2019 | 2020 | 2021 | 2022 | 2023 | 2024 | 2025,2004,2015,10,110,9485,2025,487,Lancer,Lancer,,,Mitsubishi,agreement,Lancer,true,promotion_eligible,Latest-active reviewed MTO key; pass agreement is recomputed using case-insensitive model-family equivalence.,Reviewed two-pass MTO make/model inference using NCIC model-code abbreviations and NHTSA vPIC make/model examples (2026-08-12).
ontario_ministry_transport_vehicle_population,CADI,CLC,PASSENGER,2014,2025,11,2014 | 2016 | 2017 | 2018 | 2019 | 2020 | 2021 | 2022 | 2023 | 2024 | 2025,2010,2026,17,127,4217,2025,486,CELESTIQ,Celestiq,,Escalade | CTS,Cadillac,agreement,Celestiq,true,promotion_eligible,Latest-active reviewed MTO key; pass agreement is recomputed using case-insensitive model-family equivalence.,Reviewed two-pass MTO make/model inference using NCIC model-code abbreviations and NHTSA vPIC make/model examples (2026-08-12).
ontario_ministry_transport_vehicle_population,KIA,OLE,PASSENGER,2014,2025,11,2014 | 2016 | 2017 | 2018 | 2019 | 2020 | 2021 | 2022 | 2023 | 2024 | 2025,2004,2009,6,66,15031,2025,486,Optima,Optima,,Rio | SOUL | Sedona,Kia,agreement,Optima,true,promotion_eligible,Latest-active reviewed MTO key; pass agreement is recomputed using case-insensitive model-family equivalence.,Reviewed two-pass MTO make/model inference using NCIC model-code abbreviations and NHTSA vPIC make/model examples (2026-08-12).
ontario_ministry_transport_vehicle_population,AUDI,A52,PASSENGER,2014,2025,11,2014 | 2016 | 2017 | 2018 | 2019 | 2020 | 2021 | 2022 | 2023 | 2024 | 2025,2010,2018,7,75,6976,2025,483,A5,A5,,,Audi,agreement,A5,true,promotion_eligible,Latest-active reviewed MTO key; pass agreement is recomputed using case-insensitive model-family equivalence.,Reviewed two-pass MTO make/model inference using NCIC model-code abbreviations and NHTSA vPIC make/model examples (2026-08-12).
ontario_ministry_transport_vehicle_population,MITS,SGS,PASSENGER,2014,2025,11,2014 | 2016 | 2017 | 2018 | 2019 | 2020 | 2021 | 2022 | 2023 | 2024 | 2025,1996,2012,15,165,5753,2025,483,Galant,Galant,,SIGMA | 3000 GT | 3000 GT Spyder,Mitsubishi,agreement,Galant,true,promotion_eligible,Latest-active reviewed MTO key; pass agreement is recomputed using case-insensitive model-family equivalence.,Reviewed two-pass MTO make/model inference using NCIC model-code abbreviations and NHTSA vPIC make/model examples (2026-08-12).
ontario_ministry_transport_vehicle_population,PORS,CG4,PASSENGER,2020,2025,6,2020 | 2021 | 2022 | 2023 | 2024 | 2025,2016,2026,8,32,2428,2025,482,Cayenne,Cayenne,,Macan | Cayman | Taycan,Porsche,agreement,Cayenne,true,promotion_eligible,Latest-active reviewed MTO key; pass agreement is recomputed using case-insensitive model-family equivalence.,Reviewed two-pass MTO make/model inference using NCIC model-code abbreviations and NHTSA vPIC make/model examples (2026-08-12).
ontario_ministry_transport_vehicle_population,MERZ,EQE,PASSENGER,2024,2025,2,2024 | 2025,2023,2025,3,5,866,2025,481,EQE,EQE-Class SUV,vPIC also supports EQE-Class Sedan; the code does not clearly distinguish them.,,Mercedes-Benz,agreement,EQE-Class SUV,true,promotion_eligible,Latest-active reviewed MTO key; pass agreement is recomputed using case-insensitive model-family equivalence.,Reviewed two-pass MTO make/model inference using NCIC model-code abbreviations and NHTSA vPIC make/model examples (2026-08-12).
ontario_ministry_transport_vehicle_population,LNDR,ZPG,PASSENGER,2019,2025,7,2019 | 2020 | 2021 | 2022 | 2023 | 2024 | 2025,2020,2023,4,20,2881,2025,480,Range Rover (tentative),Range Rover,,Discovery | Defender | Discovery Sport,Land Rover,agreement,Range Rover,true,promotion_eligible,Latest-active reviewed MTO key; pass agreement is recomputed using case-insensitive model-family equivalence.,Reviewed two-pass MTO make/model inference using NCIC model-code abbreviations and NHTSA vPIC make/model examples (2026-08-12).
ontario_ministry_transport_vehicle_population,MNNI,CCW,PASSENGER,2016,2025,10,2016 | 2017 | 2018 | 2019 | 2020 | 2021 | 2022 | 2023 | 2024 | 2025,2009,2019,11,107,4621,2025,480,Cooper,Cooper,,John Cooper Works,MINI,agreement,Cooper,true,promotion_eligible,Latest-active reviewed MTO key; pass agreement is recomputed using case-insensitive model-family equivalence.,Reviewed two-pass MTO make/model inference using NCIC model-code abbreviations and NHTSA vPIC make/model examples (2026-08-12).
ontario_ministry_transport_vehicle_population,SUZI,SXC,PASSENGER,2014,2025,11,2014 | 2016 | 2017 | 2018 | 2019 | 2020 | 2021 | 2022 | 2023 | 2024 | 2025,2008,2009,2,22,8097,2025,480,SX4,SX4,,,Suzuki,agreement,SX4,true,promotion_eligible,Latest-active reviewed MTO key; pass agreement is recomputed using case-insensitive model-family equivalence.,Reviewed two-pass MTO make/model inference using NCIC model-code abbreviations and NHTSA vPIC make/model examples (2026-08-12).
ontario_ministry_transport_vehicle_population,VOLK,25L,PASSENGER,2014,2025,11,2014 | 2016 | 2017 | 2018 | 2019 | 2020 | 2021 | 2022 | 2023 | 2024 | 2025,2007,2009,3,33,6104,2025,479,R32 (tentative),R32,,Beetle | Rabbit | Passat,Volkswagen,agreement,R32,true,promotion_eligible,Latest-active reviewed MTO key; pass agreement is recomputed using case-insensitive model-family equivalence.,Reviewed two-pass MTO make/model inference using NCIC model-code abbreviations and NHTSA vPIC make/model examples (2026-08-12).
ontario_ministry_transport_vehicle_population,WRKH,MPG,PASSENGER,2019,2025,7,2019 | 2020 | 2021 | 2022 | 2023 | 2024 | 2025,2001,2011,11,74,3438,2025,479,P42 (tentative),P42,,P32 | E-GEN | 1 Ton Nominal,Workhorse,agreement,P42,true,promotion_eligible,Latest-active reviewed MTO key; pass agreement is recomputed using case-insensitive model-family equivalence.,Reviewed two-pass MTO make/model inference using NCIC model-code abbreviations and NHTSA vPIC make/model examples (2026-08-12).
ontario_ministry_transport_vehicle_population,INTL,940,COMMERCIAL,2014,2025,11,2014 | 2016 | 2017 | 2018 | 2019 | 2020 | 2021 | 2022 | 2023 | 2024 | 2025,1990,2007,15,165,9203,2025,477,9400,9400,,9400i,International,agreement,9400,true,promotion_eligible,Latest-active reviewed MTO key; pass agreement is recomputed using case-insensitive model-family equivalence.,Reviewed two-pass MTO make/model inference using NCIC model-code abbreviations and NHTSA vPIC make/model examples (2026-08-12).
ontario_ministry_transport_vehicle_population,PLSR,FDE,PASSENGER,2024,2025,2,2024 | 2025,2024,2025,2,4,889,2025,476,2 (tentative),Model unresolved,The Ontario abbreviation does not match a vPIC model closely enough.,4 | 3,Polaris,disagreement,,true,promotion_eligible,Latest-active reviewed MTO key; pass agreement is recomputed using case-insensitive model-family equivalence.,Reviewed two-pass MTO make/model inference using NCIC model-code abbreviations and NHTSA vPIC make/model examples (2026-08-12).
ontario_ministry_transport_vehicle_population,FORD,FFS,PASSENGER,2014,2025,11,2014 | 2016 | 2017 | 2018 | 2019 | 2020 | 2021 | 2022 | 2023 | 2024 | 2025,2014,2019,6,56,5294,2025,475,Fusion,Fusion,,Fiesta,Ford,agreement,Fusion,true,promotion_eligible,Latest-active reviewed MTO key; pass agreement is recomputed using case-insensitive model-family equivalence.,Reviewed two-pass MTO make/model inference using NCIC model-code abbreviations and NHTSA vPIC make/model examples (2026-08-12).
ontario_ministry_transport_vehicle_population,LNDR,LR3,PASSENGER,2014,2025,11,2014 | 2016 | 2017 | 2018 | 2019 | 2020 | 2021 | 2022 | 2023 | 2024 | 2025,2005,2009,5,55,9039,2025,475,LR3,LR3,,,Land Rover,agreement,LR3,true,promotion_eligible,Latest-active reviewed MTO key; pass agreement is recomputed using case-insensitive model-family equivalence.,Reviewed two-pass MTO make/model inference using NCIC model-code abbreviations and NHTSA vPIC make/model examples (2026-08-12).
ontario_ministry_transport_vehicle_population,BMW,23G,PASSENGER,2024,2025,2,2024 | 2025,2022,2026,5,9,746,2025,474,2 Series,Model unresolved,Ontario identifies only a vehicle family; vPIC does not support one unique model.,3 Series,BMW,disagreement,,true,promotion_eligible,Latest-active reviewed MTO key; pass agreement is recomputed using case-insensitive model-family equivalence.,Reviewed two-pass MTO make/model inference using NCIC model-code abbreviations and NHTSA vPIC make/model examples (2026-08-12).
ontario_ministry_transport_vehicle_population,PONT,GTO,PASSENGER,2014,2025,11,2014 | 2016 | 2017 | 2018 | 2019 | 2020 | 2021 | 2022 | 2023 | 2024 | 2025,1962,2006,15,165,5679,2025,474,GTO,GTO,,,Pontiac,agreement,GTO,true,promotion_eligible,Latest-active reviewed MTO key; pass agreement is recomputed using case-insensitive model-family equivalence.,Reviewed two-pass MTO make/model inference using NCIC model-code abbreviations and NHTSA vPIC make/model examples (2026-08-12).
ontario_ministry_transport_vehicle_population,MG,CMG,PASSENGER,2014,2025,11,2014 | 2016 | 2017 | 2018 | 2019 | 2020 | 2021 | 2022 | 2023 | 2024 | 2025,1963,1982,20,220,6044,2025,472,"CMG Custom Trailers, Inc.",Model unresolved,The Ontario abbreviation does not match a vPIC model closely enough.,,MG,disagreement,,true,promotion_eligible,Latest-active reviewed MTO key; pass agreement is recomputed using case-insensitive model-family equivalence.,Reviewed two-pass MTO make/model inference using NCIC model-code abbreviations and NHTSA vPIC make/model examples (2026-08-12).
ontario_ministry_transport_vehicle_population,MITS,LDE,PASSENGER,2014,2025,11,2014 | 2016 | 2017 | 2018 | 2019 | 2020 | 2021 | 2022 | 2023 | 2024 | 2025,2008,2016,9,98,8402,2025,471,Lancer,Lancer,,Outlander | Eclipse,Mitsubishi,agreement,Lancer,true,promotion_eligible,Latest-active reviewed MTO key; pass agreement is recomputed using case-insensitive model-family equivalence.,Reviewed two-pass MTO make/model inference using NCIC model-code abbreviations and NHTSA vPIC make/model examples (2026-08-12).
ontario_ministry_transport_vehicle_population,VOLK,CAB,PASSENGER,2014,2025,11,2014 | 2016 | 2017 | 2018 | 2019 | 2020 | 2021 | 2022 | 2023 | 2024 | 2025,1958,1996,23,253,4976,2025,471,Cabrio,Cabrio,,Cabriolet,Volkswagen,agreement,Cabrio,true,promotion_eligible,Latest-active reviewed MTO key; pass agreement is recomputed using case-insensitive model-family equivalence.,Reviewed two-pass MTO make/model inference using NCIC model-code abbreviations and NHTSA vPIC make/model examples (2026-08-12).
ontario_ministry_transport_vehicle_population,BMW,53I,PASSENGER,2014,2025,11,2014 | 2016 | 2017 | 2018 | 2019 | 2020 | 2021 | 2022 | 2023 | 2024 | 2025,1975,2007,12,132,9418,2025,470,5 Series,Model unresolved,Ontario identifies only a vehicle family; vPIC does not support one unique model.,3 Series,BMW,disagreement,,true,promotion_eligible,Latest-active reviewed MTO key; pass agreement is recomputed using case-insensitive model-family equivalence.,Reviewed two-pass MTO make/model inference using NCIC model-code abbreviations and NHTSA vPIC make/model examples (2026-08-12).
ontario_ministry_transport_vehicle_population,VOLK,BSW,PASSENGER,2024,2025,2,2024 | 2025,2016,2024,5,10,939,2025,470,Beetle,Beetle,,Passat | Eos | BUS,Volkswagen,agreement,Beetle,true,promotion_eligible,Latest-active reviewed MTO key; pass agreement is recomputed using case-insensitive model-family equivalence.,Reviewed two-pass MTO make/model inference using NCIC model-code abbreviations and NHTSA vPIC make/model examples (2026-08-12).
ontario_ministry_transport_vehicle_population,LINC,6LG,PASSENGER,2017,2025,9,2017 | 2018 | 2019 | 2020 | 2021 | 2022 | 2023 | 2024 | 2025,2017,2020,4,33,4668,2025,468,LS6,MKZ,vPIC also supports MKT; the code does not clearly distinguish them.,MKT | Nautilus | MKZ,Lincoln,disagreement,,true,promotion_eligible,Latest-active reviewed MTO key; pass agreement is recomputed using case-insensitive model-family equivalence.,Reviewed two-pass MTO make/model inference using NCIC model-code abbreviations and NHTSA vPIC make/model examples (2026-08-12).
ontario_ministry_transport_vehicle_population,VOLK,GLI,PASSENGER,2014,2025,11,2014 | 2016 | 2017 | 2018 | 2019 | 2020 | 2021 | 2022 | 2023 | 2024 | 2025,1999,2023,9,89,11124,2025,468,GLI,GLI,,,Volkswagen,agreement,GLI,true,promotion_eligible,Latest-active reviewed MTO key; pass agreement is recomputed using case-insensitive model-family equivalence.,Reviewed two-pass MTO make/model inference using NCIC model-code abbreviations and NHTSA vPIC make/model examples (2026-08-12).
ontario_ministry_transport_vehicle_population,GMC,CSR,COMMERCIAL,2014,2025,11,2014 | 2016 | 2017 | 2018 | 2019 | 2020 | 2021 | 2022 | 2023 | 2024 | 2025,1978,2002,7,77,10321,2025,467,C2500 Sierra,Sierra,"vPIC supports the model, but the Ontario abbreviation is not uniquely identifying.",Sierra,GMC,agreement,Sierra,true,promotion_eligible,Latest-active reviewed MTO key; pass agreement is recomputed using case-insensitive model-family equivalence.,Reviewed two-pass MTO make/model inference using NCIC model-code abbreviations and NHTSA vPIC make/model examples (2026-08-12).
ontario_ministry_transport_vehicle_population,MERZ,GL5,PASSENGER,2014,2025,11,2014 | 2016 | 2017 | 2018 | 2019 | 2020 | 2021 | 2022 | 2023 | 2024 | 2025,2002,2024,11,108,6055,2025,467,GL550,Model unresolved,The Ontario abbreviation does not match a vPIC model closely enough.,,Mercedes-Benz,disagreement,,true,promotion_eligible,Latest-active reviewed MTO key; pass agreement is recomputed using case-insensitive model-family equivalence.,Reviewed two-pass MTO make/model inference using NCIC model-code abbreviations and NHTSA vPIC make/model examples (2026-08-12).
ontario_ministry_transport_vehicle_population,HYUN,M3E,PASSENGER,2024,2025,2,2024 | 2025,2023,2025,3,6,695,2025,466,Venue,Venue,,Santa Fe | Elantra | Nexo,Hyundai,agreement,Venue,true,promotion_eligible,Latest-active reviewed MTO key; pass agreement is recomputed using case-insensitive model-family equivalence.,Reviewed two-pass MTO make/model inference using NCIC model-code abbreviations and NHTSA vPIC make/model examples (2026-08-12).
ontario_ministry_transport_vehicle_population,BUIC,VPR,PASSENGER,2014,2025,11,2014 | 2016 | 2017 | 2018 | 2019 | 2020 | 2021 | 2022 | 2023 | 2024 | 2025,2013,2016,4,43,5457,2025,464,Verano,Verano,,,Buick,agreement,Verano,true,promotion_eligible,Latest-active reviewed MTO key; pass agreement is recomputed using case-insensitive model-family equivalence.,Reviewed two-pass MTO make/model inference using NCIC model-code abbreviations and NHTSA vPIC make/model examples (2026-08-12).
ontario_ministry_transport_vehicle_population,TOYT,CXR,PASSENGER,2014,2025,11,2014 | 2016 | 2017 | 2018 | 2019 | 2020 | 2021 | 2022 | 2023 | 2024 | 2025,2003,2010,6,66,8413,2025,464,Corolla,Corolla,,,Toyota,agreement,Corolla,true,promotion_eligible,Latest-active reviewed MTO key; pass agreement is recomputed using case-insensitive model-family equivalence.,Reviewed two-pass MTO make/model inference using NCIC model-code abbreviations and NHTSA vPIC make/model examples (2026-08-12).
ontario_ministry_transport_vehicle_population,AUDI,ESV,PASSENGER,2020,2025,6,2020 | 2021 | 2022 | 2023 | 2024 | 2025,2019,2023,5,26,2446,2025,463,S5,S5,,S4 | S3 | e-tron S,Audi,agreement,S5,true,promotion_eligible,Latest-active reviewed MTO key; pass agreement is recomputed using case-insensitive model-family equivalence.,Reviewed two-pass MTO make/model inference using NCIC model-code abbreviations and NHTSA vPIC make/model examples (2026-08-12).
ontario_ministry_transport_vehicle_population,BMW,AB7,PASSENGER,2021,2025,5,2021 | 2022 | 2023 | 2024 | 2025,2019,2026,8,29,1594,2025,463,X7,X7,,i7 | 7 Series,BMW,agreement,X7,true,promotion_eligible,Latest-active reviewed MTO key; pass agreement is recomputed using case-insensitive model-family equivalence.,Reviewed two-pass MTO make/model inference using NCIC model-code abbreviations and NHTSA vPIC make/model examples (2026-08-12).
ontario_ministry_transport_vehicle_population,HOND,SIX,PASSENGER,2014,2025,11,2014 | 2016 | 2017 | 2018 | 2019 | 2020 | 2021 | 2022 | 2023 | 2024 | 2025,1993,2002,5,55,17403,2025,463,Civic,Civic,,S2000 | Insight | Passport,Honda,agreement,Civic,true,promotion_eligible,Latest-active reviewed MTO key; pass agreement is recomputed using case-insensitive model-family equivalence.,Reviewed two-pass MTO make/model inference using NCIC model-code abbreviations and NHTSA vPIC make/model examples (2026-08-12).
ontario_ministry_transport_vehicle_population,LINC,MKH,PASSENGER,2014,2025,11,2014 | 2016 | 2017 | 2018 | 2019 | 2020 | 2021 | 2022 | 2023 | 2024 | 2025,1956,2016,7,76,5835,2025,463,MKZ,MKZ,,MKX | MKS | MKT,Lincoln,agreement,MKZ,true,promotion_eligible,Latest-active reviewed MTO key; pass agreement is recomputed using case-insensitive model-family equivalence.,Reviewed two-pass MTO make/model inference using NCIC model-code abbreviations and NHTSA vPIC make/model examples (2026-08-12).
ontario_ministry_transport_vehicle_population,CHEV,BSS,PASSENGER,2014,2025,11,2014 | 2016 | 2017 | 2018 | 2019 | 2020 | 2021 | 2022 | 2023 | 2024 | 2025,2005,2010,6,66,11262,2025,462,BISCAYNE,SSR,Code-to-name match is weak; selected from vPIC models with overlapping-year coverage.,SSR,Chevrolet,disagreement,,true,promotion_eligible,Latest-active reviewed MTO key; pass agreement is recomputed using case-insensitive model-family equivalence.,Reviewed two-pass MTO make/model inference using NCIC model-code abbreviations and NHTSA vPIC make/model examples (2026-08-12).
ontario_ministry_transport_vehicle_population,MERZ,ECD,PASSENGER,2014,2025,11,2014 | 2016 | 2017 | 2018 | 2019 | 2020 | 2021 | 2022 | 2023 | 2024 | 2025,2005,2009,5,55,6833,2025,462,E-Class,E-Class,,S-Class | G-Class | C-Class,Mercedes-Benz,agreement,E-Class,true,promotion_eligible,Latest-active reviewed MTO key; pass agreement is recomputed using case-insensitive model-family equivalence.,Reviewed two-pass MTO make/model inference using NCIC model-code abbreviations and NHTSA vPIC make/model examples (2026-08-12).
ontario_ministry_transport_vehicle_population,TOYT,CTC,PASSENGER,2014,2025,11,2014 | 2016 | 2017 | 2018 | 2019 | 2020 | 2021 | 2022 | 2023 | 2024 | 2025,1997,1999,3,33,18531,2025,462,Celica,Celica,,Corolla,Toyota,agreement,Celica,true,promotion_eligible,Latest-active reviewed MTO key; pass agreement is recomputed using case-insensitive model-family equivalence.,Reviewed two-pass MTO make/model inference using NCIC model-code abbreviations and NHTSA vPIC make/model examples (2026-08-12).
ontario_ministry_transport_vehicle_population,BMW,53D,PASSENGER,2016,2025,10,2016 | 2017 | 2018 | 2019 | 2020 | 2021 | 2022 | 2023 | 2024 | 2025,2014,2026,11,64,4489,2025,461,5 Series,Model unresolved,Ontario identifies only a vehicle family; vPIC does not support one unique model.,3 Series,BMW,disagreement,,true,promotion_eligible,Latest-active reviewed MTO key; pass agreement is recomputed using case-insensitive model-family equivalence.,Reviewed two-pass MTO make/model inference using NCIC model-code abbreviations and NHTSA vPIC make/model examples (2026-08-12).
ontario_ministry_transport_vehicle_population,VOLV,V90,PASSENGER,2019,2025,7,2019 | 2020 | 2021 | 2022 | 2023 | 2024 | 2025,1998,2026,9,34,2249,2025,461,V90,V90,,,Volvo,agreement,V90,true,promotion_eligible,Latest-active reviewed MTO key; pass agreement is recomputed using case-insensitive model-family equivalence.,Reviewed two-pass MTO make/model inference using NCIC model-code abbreviations and NHTSA vPIC make/model examples (2026-08-12).
ontario_ministry_transport_vehicle_population,BMW,MRD,PASSENGER,2014,2025,11,2014 | 2016 | 2017 | 2018 | 2019 | 2020 | 2021 | 2022 | 2023 | 2024 | 2025,1998,2008,8,88,4643,2025,460,M,Model unresolved,The Ontario abbreviation does not match a vPIC model closely enough.,,BMW,disagreement,,true,promotion_eligible,Latest-active reviewed MTO key; pass agreement is recomputed using case-insensitive model-family equivalence.,Reviewed two-pass MTO make/model inference using NCIC model-code abbreviations and NHTSA vPIC make/model examples (2026-08-12).
ontario_ministry_transport_vehicle_population,FORD,FSL,PASSENGER,2014,2025,11,2014 | 2016 | 2017 | 2018 | 2019 | 2020 | 2021 | 2022 | 2023 | 2024 | 2025,2005,2007,3,33,27523,2025,460,Freestyle,Freestyle,,,Ford,agreement,Freestyle,true,promotion_eligible,Latest-active reviewed MTO key; pass agreement is recomputed using case-insensitive model-family equivalence.,Reviewed two-pass MTO make/model inference using NCIC model-code abbreviations and NHTSA vPIC make/model examples (2026-08-12).
ontario_ministry_transport_vehicle_population,INTL,80S,COMMERCIAL,2014,2025,11,2014 | 2016 | 2017 | 2018 | 2019 | 2020 | 2021 | 2022 | 2023 | 2024 | 2025,1990,2018,29,315,13040,2025,460,8000 Series,Model unresolved,Ontario identifies only a vehicle family; vPIC does not support one unique model.,,International,disagreement,,true,promotion_eligible,Latest-active reviewed MTO key; pass agreement is recomputed using case-insensitive model-family equivalence.,Reviewed two-pass MTO make/model inference using NCIC model-code abbreviations and NHTSA vPIC make/model examples (2026-08-12).
ontario_ministry_transport_vehicle_population,FORD,SHO,PASSENGER,2014,2025,11,2014 | 2016 | 2017 | 2018 | 2019 | 2020 | 2021 | 2022 | 2023 | 2024 | 2025,1989,2019,21,223,6375,2025,459,Fusion,Fusion,,Escort | F150 | Explorer,Ford,agreement,Fusion,true,promotion_eligible,Latest-active reviewed MTO key; pass agreement is recomputed using case-insensitive model-family equivalence.,Reviewed two-pass MTO make/model inference using NCIC model-code abbreviations and NHTSA vPIC make/model examples (2026-08-12).
ontario_ministry_transport_vehicle_population,PONT,G3S,PASSENGER,2014,2025,11,2014 | 2016 | 2017 | 2018 | 2019 | 2020 | 2021 | 2022 | 2023 | 2024 | 2025,2009,2010,2,22,11013,2025,458,G3,G3,,,Pontiac,agreement,G3,true,promotion_eligible,Latest-active reviewed MTO key; pass agreement is recomputed using case-insensitive model-family equivalence.,Reviewed two-pass MTO make/model inference using NCIC model-code abbreviations and NHTSA vPIC make/model examples (2026-08-12).
ontario_ministry_transport_vehicle_population,AUDI,C5Q,PASSENGER,2014,2025,11,2014 | 2016 | 2017 | 2018 | 2019 | 2020 | 2021 | 2022 | 2023 | 2024 | 2025,2010,2014,5,50,5753,2025,457,S5,S5,,Q5 | A5 | RS 5,Audi,agreement,S5,true,promotion_eligible,Latest-active reviewed MTO key; pass agreement is recomputed using case-insensitive model-family equivalence.,Reviewed two-pass MTO make/model inference using NCIC model-code abbreviations and NHTSA vPIC make/model examples (2026-08-12).
ontario_ministry_transport_vehicle_population,MERC,COU,PASSENGER,2014,2025,11,2014 | 2016 | 2017 | 2018 | 2019 | 2020 | 2021 | 2022 | 2023 | 2024 | 2025,1939,1994,43,473,5475,2025,457,Cougar,Cougar,,,Mercury,agreement,Cougar,true,promotion_eligible,Latest-active reviewed MTO key; pass agreement is recomputed using case-insensitive model-family equivalence.,Reviewed two-pass MTO make/model inference using NCIC model-code abbreviations and NHTSA vPIC make/model examples (2026-08-12).
ontario_ministry_transport_vehicle_population,ACUR,TAT,PASSENGER,2014,2025,11,2014 | 2016 | 2017 | 2018 | 2019 | 2020 | 2021 | 2022 | 2023 | 2024 | 2025,2013,2014,2,22,5203,2025,455,TL,TL,,,Acura,agreement,TL,true,promotion_eligible,Latest-active reviewed MTO key; pass agreement is recomputed using case-insensitive model-family equivalence.,Reviewed two-pass MTO make/model inference using NCIC model-code abbreviations and NHTSA vPIC make/model examples (2026-08-12).
ontario_ministry_transport_vehicle_population,AUDI,Q73,PASSENGER,2014,2025,11,2014 | 2016 | 2017 | 2018 | 2019 | 2020 | 2021 | 2022 | 2023 | 2024 | 2025,2007,2021,7,71,7682,2025,454,Q7,Q7,,,Audi,agreement,Q7,true,promotion_eligible,Latest-active reviewed MTO key; pass agreement is recomputed using case-insensitive model-family equivalence.,Reviewed two-pass MTO make/model inference using NCIC model-code abbreviations and NHTSA vPIC make/model examples (2026-08-12).
ontario_ministry_transport_vehicle_population,MERZ,1JG,PASSENGER,2022,2025,4,2022 | 2023 | 2024 | 2025,2020,2023,4,16,1495,2025,454,AMG GT,AMG GT,,G-Class | GLS-Class | GLE-Class,Mercedes-Benz,agreement,AMG GT,true,promotion_eligible,Latest-active reviewed MTO key; pass agreement is recomputed using case-insensitive model-family equivalence.,Reviewed two-pass MTO make/model inference using NCIC model-code abbreviations and NHTSA vPIC make/model examples (2026-08-12).
ontario_ministry_transport_vehicle_population,MERZ,SMA,PASSENGER,2014,2025,11,2014 | 2016 | 2017 | 2018 | 2019 | 2020 | 2021 | 2022 | 2023 | 2024 | 2025,2000,2017,7,75,7656,2025,454,SMART CITY VEHICLE,CLE,"Closest vPIC name match, but no sampled year-specific result corroborates it.",,Mercedes-Benz,disagreement,,true,promotion_eligible,Latest-active reviewed MTO key; pass agreement is recomputed using case-insensitive model-family equivalence.,Reviewed two-pass MTO make/model inference using NCIC model-code abbreviations and NHTSA vPIC make/model examples (2026-08-12).
ontario_ministry_transport_vehicle_population,FORD,EXC,PASSENGER,2014,2025,11,2014 | 2016 | 2017 | 2018 | 2019 | 2020 | 2021 | 2022 | 2023 | 2024 | 2025,1983,2010,8,88,6561,2025,453,EXCURSION,Excursion,,,Ford,agreement,Excursion,true,promotion_eligible,Latest-active reviewed MTO key; pass agreement is recomputed using case-insensitive model-family equivalence.,Reviewed two-pass MTO make/model inference using NCIC model-code abbreviations and NHTSA vPIC make/model examples (2026-08-12).
ontario_ministry_transport_vehicle_population,AUDI,3LQ,PASSENGER,2017,2025,9,2017 | 2018 | 2019 | 2020 | 2021 | 2022 | 2023 | 2024 | 2025,2010,2018,7,62,4218,2025,452,A3,A3,,S3 | Q3 | RS 3,Audi,agreement,A3,true,promotion_eligible,Latest-active reviewed MTO key; pass agreement is recomputed using case-insensitive model-family equivalence.,Reviewed two-pass MTO make/model inference using NCIC model-code abbreviations and NHTSA vPIC make/model examples (2026-08-12).
ontario_ministry_transport_vehicle_population,VOLK,JRG,PASSENGER,2024,2025,2,2024 | 2025,2023,2025,3,5,783,2025,452,TOUAREG,Touareg,"Closest vPIC name match, but no sampled year-specific result corroborates it.",Jetta | GLI,Volkswagen,agreement,Touareg,true,promotion_eligible,Latest-active reviewed MTO key; pass agreement is recomputed using case-insensitive model-family equivalence.,Reviewed two-pass MTO make/model inference using NCIC model-code abbreviations and NHTSA vPIC make/model examples (2026-08-12).
ontario_ministry_transport_vehicle_population,BMW,650,PASSENGER,2014,2025,11,2014 | 2016 | 2017 | 2018 | 2019 | 2020 | 2021 | 2022 | 2023 | 2024 | 2025,2006,2017,9,86,5917,2025,451,650,650i,vPIC also supports G 650; the code does not clearly distinguish them.,,BMW,agreement,650i,true,promotion_eligible,Latest-active reviewed MTO key; pass agreement is recomputed using case-insensitive model-family equivalence.,Reviewed two-pass MTO make/model inference using NCIC model-code abbreviations and NHTSA vPIC make/model examples (2026-08-12).
ontario_ministry_transport_vehicle_population,INFI,GBS,PASSENGER,2014,2025,11,2014 | 2016 | 2017 | 2018 | 2019 | 2020 | 2021 | 2022 | 2023 | 2024 | 2025,2009,2012,4,44,5643,2025,451,G37,G37,,G25 | M35 | M37,Infiniti,agreement,G37,true,promotion_eligible,Latest-active reviewed MTO key; pass agreement is recomputed using case-insensitive model-family equivalence.,Reviewed two-pass MTO make/model inference using NCIC model-code abbreviations and NHTSA vPIC make/model examples (2026-08-12).
ontario_ministry_transport_vehicle_population,NISS,LSV,PASSENGER,2014,2025,11,2014 | 2016 | 2017 | 2018 | 2019 | 2020 | 2021 | 2022 | 2023 | 2024 | 2025,2013,2015,3,33,4915,2025,451,Leaf,Leaf,,Versa | Quest | Sentra,Nissan,agreement,Leaf,true,promotion_eligible,Latest-active reviewed MTO key; pass agreement is recomputed using case-insensitive model-family equivalence.,Reviewed two-pass MTO make/model inference using NCIC model-code abbreviations and NHTSA vPIC make/model examples (2026-08-12).
ontario_ministry_transport_vehicle_population,VOLK,B3L,PASSENGER,2016,2025,10,2016 | 2017 | 2018 | 2019 | 2020 | 2021 | 2022 | 2023 | 2024 | 2025,2016,2016,1,10,4553,2025,450,Beetle,Beetle,,,Volkswagen,agreement,Beetle,true,promotion_eligible,Latest-active reviewed MTO key; pass agreement is recomputed using case-insensitive model-family equivalence.,Reviewed two-pass MTO make/model inference using NCIC model-code abbreviations and NHTSA vPIC make/model examples (2026-08-12).
ontario_ministry_transport_vehicle_population,PONT,SXP,PASSENGER,2014,2025,11,2014 | 2016 | 2017 | 2018 | 2019 | 2020 | 2021 | 2022 | 2023 | 2024 | 2025,2007,2010,4,44,4691,2025,449,Solstice (tentative),Solstice,,Grand Prix | Vibe | G6,Pontiac,agreement,Solstice,true,promotion_eligible,Latest-active reviewed MTO key; pass agreement is recomputed using case-insensitive model-family equivalence.,Reviewed two-pass MTO make/model inference using NCIC model-code abbreviations and NHTSA vPIC make/model examples (2026-08-12).
ontario_ministry_transport_vehicle_population,AUDI,8NF,PASSENGER,2019,2025,7,2019 | 2020 | 2021 | 2022 | 2023 | 2024 | 2025,2017,2025,9,45,2437,2025,448,A8,A8,,S8 | Q8 | R8,Audi,agreement,A8,true,promotion_eligible,Latest-active reviewed MTO key; pass agreement is recomputed using case-insensitive model-family equivalence.,Reviewed two-pass MTO make/model inference using NCIC model-code abbreviations and NHTSA vPIC make/model examples (2026-08-12).
ontario_ministry_transport_vehicle_population,HOND,CUI,PASSENGER,2014,2025,11,2014 | 2016 | 2017 | 2018 | 2019 | 2020 | 2021 | 2022 | 2023 | 2024 | 2025,1996,2000,4,44,12327,2025,447,Civic,Civic,,,Honda,agreement,Civic,true,promotion_eligible,Latest-active reviewed MTO key; pass agreement is recomputed using case-insensitive model-family equivalence.,Reviewed two-pass MTO make/model inference using NCIC model-code abbreviations and NHTSA vPIC make/model examples (2026-08-12).
ontario_ministry_transport_vehicle_population,VOLV,S90,PASSENGER,2019,2025,7,2019 | 2020 | 2021 | 2022 | 2023 | 2024 | 2025,1998,2025,9,46,2554,2025,447,S90,S90,,,Volvo,agreement,S90,true,promotion_eligible,Latest-active reviewed MTO key; pass agreement is recomputed using case-insensitive model-family equivalence.,Reviewed two-pass MTO make/model inference using NCIC model-code abbreviations and NHTSA vPIC make/model examples (2026-08-12).
ontario_ministry_transport_vehicle_population,AUDI,A18,PASSENGER,2016,2025,10,2016 | 2017 | 2018 | 2019 | 2020 | 2021 | 2022 | 2023 | 2024 | 2025,2015,2019,3,26,4791,2025,444,A8,A8,,,Audi,agreement,A8,true,promotion_eligible,Latest-active reviewed MTO key; pass agreement is recomputed using case-insensitive model-family equivalence.,Reviewed two-pass MTO make/model inference using NCIC model-code abbreviations and NHTSA vPIC make/model examples (2026-08-12).
ontario_ministry_transport_vehicle_population,INTL,590,COMMERCIAL,2014,2025,11,2014 | 2016 | 2017 | 2018 | 2019 | 2020 | 2021 | 2022 | 2023 | 2024 | 2025,2000,2017,18,196,6534,2025,444,5900i,5900i,,,International,agreement,5900i,true,promotion_eligible,Latest-active reviewed MTO key; pass agreement is recomputed using case-insensitive model-family equivalence.,Reviewed two-pass MTO make/model inference using NCIC model-code abbreviations and NHTSA vPIC make/model examples (2026-08-12).
ontario_ministry_transport_vehicle_population,KIA,CPO,PASSENGER,2014,2025,11,2014 | 2016 | 2017 | 2018 | 2019 | 2020 | 2021 | 2022 | 2023 | 2024 | 2025,2008,2009,2,22,11726,2025,444,Sportage,Sportage,,Rio | Optima | Rondo,Kia,agreement,Sportage,true,promotion_eligible,Latest-active reviewed MTO key; pass agreement is recomputed using case-insensitive model-family equivalence.,Reviewed two-pass MTO make/model inference using NCIC model-code abbreviations and NHTSA vPIC make/model examples (2026-08-12).
ontario_ministry_transport_vehicle_population,VOLK,CLF,PASSENGER,2014,2025,11,2014 | 2016 | 2017 | 2018 | 2019 | 2020 | 2021 | 2022 | 2023 | 2024 | 2025,2002,2006,5,55,13252,2025,444,Cabrio,Cabrio,,Golf/GTI | Beetle,Volkswagen,agreement,Cabrio,true,promotion_eligible,Latest-active reviewed MTO key; pass agreement is recomputed using case-insensitive model-family equivalence.,Reviewed two-pass MTO make/model inference using NCIC model-code abbreviations and NHTSA vPIC make/model examples (2026-08-12).
ontario_ministry_transport_vehicle_population,BMW,13E,PASSENGER,2023,2025,3,2023 | 2024 | 2025,2023,2025,3,8,1135,2025,442,3 Series,Model unresolved,Ontario identifies only a vehicle family; vPIC does not support one unique model.,135,BMW,disagreement,,true,promotion_eligible,Latest-active reviewed MTO key; pass agreement is recomputed using case-insensitive model-family equivalence.,Reviewed two-pass MTO make/model inference using NCIC model-code abbreviations and NHTSA vPIC make/model examples (2026-08-12).
ontario_ministry_transport_vehicle_population,AUDI,ASL,PASSENGER,2014,2025,11,2014 | 2016 | 2017 | 2018 | 2019 | 2020 | 2021 | 2022 | 2023 | 2024 | 2025,2010,2016,7,76,5269,2025,441,Allroad,allroad,,S4 | S6 | S8,Audi,agreement,allroad,true,promotion_eligible,Latest-active reviewed MTO key; pass agreement is recomputed using case-insensitive model-family equivalence.,Reviewed two-pass MTO make/model inference using NCIC model-code abbreviations and NHTSA vPIC make/model examples (2026-08-12).
ontario_ministry_transport_vehicle_population,MITS,END,PASSENGER,2014,2025,11,2014 | 2016 | 2017 | 2018 | 2019 | 2020 | 2021 | 2022 | 2023 | 2024 | 2025,2004,2011,8,88,11424,2025,441,Endeavor,Endeavor,,,Mitsubishi,agreement,Endeavor,true,promotion_eligible,Latest-active reviewed MTO key; pass agreement is recomputed using case-insensitive model-family equivalence.,Reviewed two-pass MTO make/model inference using NCIC model-code abbreviations and NHTSA vPIC make/model examples (2026-08-12).
ontario_ministry_transport_vehicle_population,FORD,FR8,PASSENGER,2017,2025,9,2017 | 2018 | 2019 | 2020 | 2021 | 2022 | 2023 | 2024 | 2025,2016,2018,3,27,4529,2025,439,Fiesta,Fiesta,,,Ford,agreement,Fiesta,true,promotion_eligible,Latest-active reviewed MTO key; pass agreement is recomputed using case-insensitive model-family equivalence.,Reviewed two-pass MTO make/model inference using NCIC model-code abbreviations and NHTSA vPIC make/model examples (2026-08-12).
ontario_ministry_transport_vehicle_population,FORD,MCS,PASSENGER,2014,2025,11,2014 | 2016 | 2017 | 2018 | 2019 | 2020 | 2021 | 2022 | 2023 | 2024 | 2025,1995,2004,5,55,4280,2025,439,Mustang,Mustang,,,Ford,agreement,Mustang,true,promotion_eligible,Latest-active reviewed MTO key; pass agreement is recomputed using case-insensitive model-family equivalence.,Reviewed two-pass MTO make/model inference using NCIC model-code abbreviations and NHTSA vPIC make/model examples (2026-08-12).
ontario_ministry_transport_vehicle_population,PONT,G/8,PASSENGER,2014,2025,11,2014 | 2016 | 2017 | 2018 | 2019 | 2020 | 2021 | 2022 | 2023 | 2024 | 2025,2008,2009,2,22,7057,2025,439,G8,G8,,,Pontiac,agreement,G8,true,promotion_eligible,Latest-active reviewed MTO key; pass agreement is recomputed using case-insensitive model-family equivalence.,Reviewed two-pass MTO make/model inference using NCIC model-code abbreviations and NHTSA vPIC make/model examples (2026-08-12).
ontario_ministry_transport_vehicle_population,SUBA,O6P,PASSENGER,2014,2025,11,2014 | 2016 | 2017 | 2018 | 2019 | 2020 | 2021 | 2022 | 2023 | 2024 | 2025,2010,2014,5,55,5521,2025,439,Forester,Forester,,Legacy/Outback | Impreza/Outback Sport | Crosstrek,Subaru,agreement,Forester,true,promotion_eligible,Latest-active reviewed MTO key; pass agreement is recomputed using case-insensitive model-family equivalence.,Reviewed two-pass MTO make/model inference using NCIC model-code abbreviations and NHTSA vPIC make/model examples (2026-08-12).
ontario_ministry_transport_vehicle_population,STRN,AXE,PASSENGER,2014,2025,11,2014 | 2016 | 2017 | 2018 | 2019 | 2020 | 2021 | 2022 | 2023 | 2024 | 2025,2007,2009,3,33,11527,2025,437,XE,Aura,vPIC also supports Astra; the code does not clearly distinguish them.,Aura | Vue | Astra,Saturn,disagreement,,true,promotion_eligible,Latest-active reviewed MTO key; pass agreement is recomputed using case-insensitive model-family equivalence.,Reviewed two-pass MTO make/model inference using NCIC model-code abbreviations and NHTSA vPIC make/model examples (2026-08-12).
ontario_ministry_transport_vehicle_population,INTL,RH6,COMMERCIAL,2020,2025,6,2020 | 2021 | 2022 | 2023 | 2024 | 2025,2018,2026,9,39,1920,2025,436,RH61T,RH61T,,RH61F | RH61E | RH61A,International,agreement,RH61T,true,promotion_eligible,Latest-active reviewed MTO key; pass agreement is recomputed using case-insensitive model-family equivalence.,Reviewed two-pass MTO make/model inference using NCIC model-code abbreviations and NHTSA vPIC make/model examples (2026-08-12).
ontario_ministry_transport_vehicle_population,HOND,CXE,PASSENGER,2014,2025,11,2014 | 2016 | 2017 | 2018 | 2019 | 2020 | 2021 | 2022 | 2023 | 2024 | 2025,1997,2000,4,44,20220,2025,435,CR-V,CR-V,,Civic | FCX FUEL CELL VEHICLE | Accord,Honda,agreement,CR-V,true,promotion_eligible,Latest-active reviewed MTO key; pass agreement is recomputed using case-insensitive model-family equivalence.,Reviewed two-pass MTO make/model inference using NCIC model-code abbreviations and NHTSA vPIC make/model examples (2026-08-12).
ontario_ministry_transport_vehicle_population,MERZ,K50,PASSENGER,2014,2025,11,2014 | 2016 | 2017 | 2018 | 2019 | 2020 | 2021 | 2022 | 2023 | 2024 | 2025,2006,2009,4,44,5292,2025,434,SLK350,350,"Closest vPIC name match, but no sampled year-specific result corroborates it.",SLK250 | GLK250 | GLK 350,Mercedes-Benz,disagreement,,true,promotion_eligible,Latest-active reviewed MTO key; pass agreement is recomputed using case-insensitive model-family equivalence.,Reviewed two-pass MTO make/model inference using NCIC model-code abbreviations and NHTSA vPIC make/model examples (2026-08-12).
ontario_ministry_transport_vehicle_population,BUIC,RLS,PASSENGER,2014,2025,11,2014 | 2016 | 2017 | 2018 | 2019 | 2020 | 2021 | 2022 | 2023 | 2024 | 2025,1997,2004,7,77,21788,2025,433,LeSabre,LeSabre,,Regal | Rendezvous,Buick,agreement,LeSabre,true,promotion_eligible,Latest-active reviewed MTO key; pass agreement is recomputed using case-insensitive model-family equivalence.,Reviewed two-pass MTO make/model inference using NCIC model-code abbreviations and NHTSA vPIC make/model examples (2026-08-12).
ontario_ministry_transport_vehicle_population,PONT,PAR,PASSENGER,2014,2025,11,2014 | 2016 | 2017 | 2018 | 2019 | 2020 | 2021 | 2022 | 2023 | 2024 | 2025,1900,1987,38,418,5716,2025,433,Parisienne,Parisienne,,,Pontiac,agreement,Parisienne,true,promotion_eligible,Latest-active reviewed MTO key; pass agreement is recomputed using case-insensitive model-family equivalence.,Reviewed two-pass MTO make/model inference using NCIC model-code abbreviations and NHTSA vPIC make/model examples (2026-08-12).
ontario_ministry_transport_vehicle_population,DODG,SNC,COMMERCIAL,2014,2025,11,2014 | 2016 | 2017 | 2018 | 2019 | 2020 | 2021 | 2022 | 2023 | 2024 | 2025,2005,2009,5,55,9139,2025,432,Stratus (tentative),Stratus,,Durango | Caravan/Grand Caravan | Dakota Pickup,Dodge,agreement,Stratus,true,promotion_eligible,Latest-active reviewed MTO key; pass agreement is recomputed using case-insensitive model-family equivalence.,Reviewed two-pass MTO make/model inference using NCIC model-code abbreviations and NHTSA vPIC make/model examples (2026-08-12).
ontario_ministry_transport_vehicle_population,TOYT,ABL,PASSENGER,2014,2025,11,2014 | 2016 | 2017 | 2018 | 2019 | 2020 | 2021 | 2022 | 2023 | 2024 | 2025,2011,2012,2,22,5227,2025,430,Avalon,Avalon,,RAV4 | Yaris | Camry,Toyota,agreement,Avalon,true,promotion_eligible,Latest-active reviewed MTO key; pass agreement is recomputed using case-insensitive model-family equivalence.,Reviewed two-pass MTO make/model inference using NCIC model-code abbreviations and NHTSA vPIC make/model examples (2026-08-12).
ontario_ministry_transport_vehicle_population,CADI,ELD,PASSENGER,2014,2025,11,2014 | 2016 | 2017 | 2018 | 2019 | 2020 | 2021 | 2022 | 2023 | 2024 | 2025,1953,2000,48,528,5744,2025,429,Eldorado,Eldorado,,,Cadillac,agreement,Eldorado,true,promotion_eligible,Latest-active reviewed MTO key; pass agreement is recomputed using case-insensitive model-family equivalence.,Reviewed two-pass MTO make/model inference using NCIC model-code abbreviations and NHTSA vPIC make/model examples (2026-08-12).
ontario_ministry_transport_vehicle_population,AUDI,A62,PASSENGER,2014,2025,11,2014 | 2016 | 2017 | 2018 | 2019 | 2020 | 2021 | 2022 | 2023 | 2024 | 2025,2013,2023,10,79,5152,2025,428,A6,A6,,,Audi,agreement,A6,true,promotion_eligible,Latest-active reviewed MTO key; pass agreement is recomputed using case-insensitive model-family equivalence.,Reviewed two-pass MTO make/model inference using NCIC model-code abbreviations and NHTSA vPIC make/model examples (2026-08-12).
ontario_ministry_transport_vehicle_population,HOND,CAL,PASSENGER,2014,2025,11,2014 | 2016 | 2017 | 2018 | 2019 | 2020 | 2021 | 2022 | 2023 | 2024 | 2025,1983,2004,7,77,9077,2025,428,Civic,Civic,,CR-V | CLARITY (FORMERLY FCX-FUEL CELL | Accord,Honda,agreement,Civic,true,promotion_eligible,Latest-active reviewed MTO key; pass agreement is recomputed using case-insensitive model-family equivalence.,Reviewed two-pass MTO make/model inference using NCIC model-code abbreviations and NHTSA vPIC make/model examples (2026-08-12).
ontario_ministry_transport_vehicle_population,CHEV,LTA,PASSENGER,2014,2025,11,2014 | 2016 | 2017 | 2018 | 2019 | 2020 | 2021 | 2022 | 2023 | 2024 | 2025,2005,2011,7,77,19411,2025,426,LT,Tahoe,Code-to-name match is weak; selected from vPIC models with overlapping-year coverage.,Tahoe,Chevrolet,disagreement,,true,promotion_eligible,Latest-active reviewed MTO key; pass agreement is recomputed using case-insensitive model-family equivalence.,Reviewed two-pass MTO make/model inference using NCIC model-code abbreviations and NHTSA vPIC make/model examples (2026-08-12).
ontario_ministry_transport_vehicle_population,CHEV,S10,COMMERCIAL | PASSENGER,2014,2025,11,2014 | 2016 | 2017 | 2018 | 2019 | 2020 | 2021 | 2022 | 2023 | 2024 | 2025,1939,2001,41,520,8786,2025,424,S10,S-10 Blazer,vPIC also supports S-10 Pickup; the code does not clearly distinguish them.,,Chevrolet,agreement,S-10 Blazer,true,promotion_eligible,Latest-active reviewed MTO key; pass agreement is recomputed using case-insensitive model-family equivalence.,Reviewed two-pass MTO make/model inference using NCIC model-code abbreviations and NHTSA vPIC make/model examples (2026-08-12).
ontario_ministry_transport_vehicle_population,BMW,330,PASSENGER,2023,2025,3,2023 | 2024 | 2025,1975,2026,18,49,1020,2025,423,330,330i,vPIC also supports 330e; the code does not clearly distinguish them.,,BMW,agreement,330i,true,promotion_eligible,Latest-active reviewed MTO key; pass agreement is recomputed using case-insensitive model-family equivalence.,Reviewed two-pass MTO make/model inference using NCIC model-code abbreviations and NHTSA vPIC make/model examples (2026-08-12).
ontario_ministry_transport_vehicle_population,CADI,CMA,PASSENGER,2014,2025,11,2014 | 2016 | 2017 | 2018 | 2019 | 2020 | 2021 | 2022 | 2023 | 2024 | 2025,2010,2016,7,76,5690,2025,423,CIMARRON,Cimarron,"Closest vPIC name match, but no sampled year-specific result corroborates it.",CTS | Escalade,Cadillac,agreement,Cimarron,true,promotion_eligible,Latest-active reviewed MTO key; pass agreement is recomputed using case-insensitive model-family equivalence.,Reviewed two-pass MTO make/model inference using NCIC model-code abbreviations and NHTSA vPIC make/model examples (2026-08-12).
ontario_ministry_transport_vehicle_population,CADI,BRO,PASSENGER,2014,2025,11,2014 | 2016 | 2017 | 2018 | 2019 | 2020 | 2021 | 2022 | 2023 | 2024 | 2025,1957,1992,25,275,5208,2025,422,Brougham,Brougham,,,Cadillac,agreement,Brougham,true,promotion_eligible,Latest-active reviewed MTO key; pass agreement is recomputed using case-insensitive model-family equivalence.,Reviewed two-pass MTO make/model inference using NCIC model-code abbreviations and NHTSA vPIC make/model examples (2026-08-12).
ontario_ministry_transport_vehicle_population,TOYT,SIQ,PASSENGER,2014,2025,11,2014 | 2016 | 2017 | 2018 | 2019 | 2020 | 2021 | 2022 | 2023 | 2024 | 2025,2011,2015,5,55,4891,2025,422,Sequoia,Sequoia,,,Toyota,agreement,Sequoia,true,promotion_eligible,Latest-active reviewed MTO key; pass agreement is recomputed using case-insensitive model-family equivalence.,Reviewed two-pass MTO make/model inference using NCIC model-code abbreviations and NHTSA vPIC make/model examples (2026-08-12).
ontario_ministry_transport_vehicle_population,FORD,CEP,PASSENGER,2017,2025,9,2017 | 2018 | 2019 | 2020 | 2021 | 2022 | 2023 | 2024 | 2025,2016,2022,5,34,2944,2025,420,Escape,Escape,,Expedition,Ford,agreement,Escape,true,promotion_eligible,Latest-active reviewed MTO key; pass agreement is recomputed using case-insensitive model-family equivalence.,Reviewed two-pass MTO make/model inference using NCIC model-code abbreviations and NHTSA vPIC make/model examples (2026-08-12).
ontario_ministry_transport_vehicle_population,CHEV,CML,PASSENGER,2014,2025,11,2014 | 2016 | 2017 | 2018 | 2019 | 2020 | 2021 | 2022 | 2023 | 2024 | 2025,1962,2015,7,77,4981,2025,419,Camaro,Camaro,,Celebrity,Chevrolet,agreement,Camaro,true,promotion_eligible,Latest-active reviewed MTO key; pass agreement is recomputed using case-insensitive model-family equivalence.,Reviewed two-pass MTO make/model inference using NCIC model-code abbreviations and NHTSA vPIC make/model examples (2026-08-12).
ontario_ministry_transport_vehicle_population,BMW,I8B,PASSENGER,2018,2025,7,2018 | 2019 | 2020 | 2021 | 2022 | 2024 | 2025,2014,2025,7,42,1821,2025,418,i8,i8,,,BMW,agreement,i8,true,promotion_eligible,Latest-active reviewed MTO key; pass agreement is recomputed using case-insensitive model-family equivalence.,Reviewed two-pass MTO make/model inference using NCIC model-code abbreviations and NHTSA vPIC make/model examples (2026-08-12).
ontario_ministry_transport_vehicle_population,KW,1DD,COMMERCIAL,2023,2025,3,2023 | 2024 | 2025,2019,2026,8,21,1067,2025,417,T180 (tentative),T180,,K100 | S10/A3 | K 100E,Kenworth,agreement,T180,true,promotion_eligible,Latest-active reviewed MTO key; pass agreement is recomputed using case-insensitive model-family equivalence.,Reviewed two-pass MTO make/model inference using NCIC model-code abbreviations and NHTSA vPIC make/model examples (2026-08-12).
ontario_ministry_transport_vehicle_population,NISS,TTX,COMMERCIAL,2016,2025,10,2016 | 2017 | 2018 | 2019 | 2020 | 2021 | 2022 | 2023 | 2024 | 2025,2016,2019,4,35,5896,2025,417,Titan,Titan,,,Nissan,agreement,Titan,true,promotion_eligible,Latest-active reviewed MTO key; pass agreement is recomputed using case-insensitive model-family equivalence.,Reviewed two-pass MTO make/model inference using NCIC model-code abbreviations and NHTSA vPIC make/model examples (2026-08-12).
ontario_ministry_transport_vehicle_population,CADI,CPC,PASSENGER,2014,2025,11,2014 | 2016 | 2017 | 2018 | 2019 | 2020 | 2021 | 2022 | 2023 | 2024 | 2025,2010,2026,15,111,4462,2025,416,CTS,CTS,,CT5 | CT4 | Escalade,Cadillac,agreement,CTS,true,promotion_eligible,Latest-active reviewed MTO key; pass agreement is recomputed using case-insensitive model-family equivalence.,Reviewed two-pass MTO make/model inference using NCIC model-code abbreviations and NHTSA vPIC make/model examples (2026-08-12).
ontario_ministry_transport_vehicle_population,CHEV,SNZ,PASSENGER,2014,2025,11,2014 | 2016 | 2017 | 2018 | 2019 | 2020 | 2021 | 2022 | 2023 | 2024 | 2025,2012,2019,8,74,4927,2025,416,Sonic,Sonic,,,Chevrolet,agreement,Sonic,true,promotion_eligible,Latest-active reviewed MTO key; pass agreement is recomputed using case-insensitive model-family equivalence.,Reviewed two-pass MTO make/model inference using NCIC model-code abbreviations and NHTSA vPIC make/model examples (2026-08-12).
ontario_ministry_transport_vehicle_population,JAGU,CST,PASSENGER,2014,2025,11,2014 | 2016 | 2017 | 2018 | 2019 | 2020 | 2021 | 2022 | 2023 | 2024 | 2025,2000,2008,8,88,8401,2025,416,S-type,S-Type,,S-Type | X-Type,Jaguar,agreement,S-Type,true,promotion_eligible,Latest-active reviewed MTO key; pass agreement is recomputed using case-insensitive model-family equivalence.,Reviewed two-pass MTO make/model inference using NCIC model-code abbreviations and NHTSA vPIC make/model examples (2026-08-12).
ontario_ministry_transport_vehicle_population,CADI,CST,PASSENGER,2014,2025,11,2014 | 2016 | 2017 | 2018 | 2019 | 2020 | 2021 | 2022 | 2023 | 2024 | 2025,2005,2011,7,77,9869,2025,415,CTS,CTS,,STS,Cadillac,agreement,CTS,true,promotion_eligible,Latest-active reviewed MTO key; pass agreement is recomputed using case-insensitive model-family equivalence.,Reviewed two-pass MTO make/model inference using NCIC model-code abbreviations and NHTSA vPIC make/model examples (2026-08-12).
ontario_ministry_transport_vehicle_population,PLYM,VAL,PASSENGER,2014,2025,11,2014 | 2016 | 2017 | 2018 | 2019 | 2020 | 2021 | 2022 | 2023 | 2024 | 2025,1919,1987,31,341,4935,2025,414,VALIANT,Reliant,Code-to-name match is weak; selected from vPIC models with overlapping-year coverage.,,Plymouth,disagreement,,true,promotion_eligible,Latest-active reviewed MTO key; pass agreement is recomputed using case-insensitive model-family equivalence.,Reviewed two-pass MTO make/model inference using NCIC model-code abbreviations and NHTSA vPIC make/model examples (2026-08-12).
ontario_ministry_transport_vehicle_population,FORD,T,PASSENGER,2014,2025,11,2014 | 2016 | 2017 | 2018 | 2019 | 2020 | 2021 | 2022 | 2023 | 2024 | 2025,1909,2026,51,496,4723,2025,413,T,Model unresolved,The Ontario abbreviation does not match a vPIC model closely enough.,,Ford,disagreement,,true,promotion_eligible,Latest-active reviewed MTO key; pass agreement is recomputed using case-insensitive model-family equivalence.,Reviewed two-pass MTO make/model inference using NCIC model-code abbreviations and NHTSA vPIC make/model examples (2026-08-12).
ontario_ministry_transport_vehicle_population,MERZ,M55,PASSENGER,2014,2025,11,2014 | 2016 | 2017 | 2018 | 2019 | 2020 | 2021 | 2022 | 2023 | 2024 | 2025,2008,2015,8,88,5746,2025,413,ML55,Model unresolved,The Ontario abbreviation does not match a vPIC model closely enough.,ML550,Mercedes-Benz,disagreement,,true,promotion_eligible,Latest-active reviewed MTO key; pass agreement is recomputed using case-insensitive model-family equivalence.,Reviewed two-pass MTO make/model inference using NCIC model-code abbreviations and NHTSA vPIC make/model examples (2026-08-12).
ontario_ministry_transport_vehicle_population,HYUN,CSN,PASSENGER,2014,2025,11,2014 | 2016 | 2017 | 2018 | 2019 | 2020 | 2021 | 2022 | 2023 | 2024 | 2025,1991,2007,4,44,10588,2025,412,Tucson,Tucson,,Sonata,Hyundai,agreement,Tucson,true,promotion_eligible,Latest-active reviewed MTO key; pass agreement is recomputed using case-insensitive model-family equivalence.,Reviewed two-pass MTO make/model inference using NCIC model-code abbreviations and NHTSA vPIC make/model examples (2026-08-12).
ontario_ministry_transport_vehicle_population,KIA,SXC,PASSENGER,2014,2025,11,2014 | 2016 | 2017 | 2018 | 2019 | 2020 | 2021 | 2022 | 2023 | 2024 | 2025,2007,2009,3,33,14294,2025,411,Spectra,Spectra,,,Kia,agreement,Spectra,true,promotion_eligible,Latest-active reviewed MTO key; pass agreement is recomputed using case-insensitive model-family equivalence.,Reviewed two-pass MTO make/model inference using NCIC model-code abbreviations and NHTSA vPIC make/model examples (2026-08-12).
ontario_ministry_transport_vehicle_population,LEXS,LX5,PASSENGER,2014,2025,11,2014 | 2016 | 2017 | 2018 | 2019 | 2020 | 2021 | 2022 | 2023 | 2024 | 2025,2008,2020,12,119,6685,2025,411,LX570,LX,Code-to-name match is weak; selected from vPIC models with overlapping-year coverage.,LX,Lexus,agreement,LX,true,promotion_eligible,Latest-active reviewed MTO key; pass agreement is recomputed using case-insensitive model-family equivalence.,Reviewed two-pass MTO make/model inference using NCIC model-code abbreviations and NHTSA vPIC make/model examples (2026-08-12).
ontario_ministry_transport_vehicle_population,VOLK,CXG,PASSENGER,2022,2025,4,2022 | 2023 | 2024 | 2025,2022,2023,2,8,1417,2025,411,GLI,GLI,"Closest vPIC name match, but no sampled year-specific result corroborates it.",Tiguan | Golf/GTI,Volkswagen,agreement,GLI,true,promotion_eligible,Latest-active reviewed MTO key; pass agreement is recomputed using case-insensitive model-family equivalence.,Reviewed two-pass MTO make/model inference using NCIC model-code abbreviations and NHTSA vPIC make/model examples (2026-08-12).
ontario_ministry_transport_vehicle_population,CHEV,SSR,COMMERCIAL,2014,2025,11,2014 | 2016 | 2017 | 2018 | 2019 | 2020 | 2021 | 2022 | 2023 | 2024 | 2025,2003,2006,4,44,4274,2025,409,SSR,SSR,,,Chevrolet,agreement,SSR,true,promotion_eligible,Latest-active reviewed MTO key; pass agreement is recomputed using case-insensitive model-family equivalence.,Reviewed two-pass MTO make/model inference using NCIC model-code abbreviations and NHTSA vPIC make/model examples (2026-08-12).
ontario_ministry_transport_vehicle_population,MERZ,7XG,PASSENGER,2021,2025,5,2021 | 2022 | 2023 | 2024 | 2025,2019,2025,7,25,1611,2025,409,AMG GT,AMG GT,,G-Class | GLS-Class | GLE-Class,Mercedes-Benz,agreement,AMG GT,true,promotion_eligible,Latest-active reviewed MTO key; pass agreement is recomputed using case-insensitive model-family equivalence.,Reviewed two-pass MTO make/model inference using NCIC model-code abbreviations and NHTSA vPIC make/model examples (2026-08-12).
ontario_ministry_transport_vehicle_population,PORS,BHL,PASSENGER,2024,2025,2,2024 | 2025,2020,2026,7,13,719,2025,409,Boxster (tentative),Boxster,"Closest vPIC name match, but no sampled year-specific result corroborates it.",Taycan | Panamera | Macan,Porsche,agreement,Boxster,true,promotion_eligible,Latest-active reviewed MTO key; pass agreement is recomputed using case-insensitive model-family equivalence.,Reviewed two-pass MTO make/model inference using NCIC model-code abbreviations and NHTSA vPIC make/model examples (2026-08-12).
ontario_ministry_transport_vehicle_population,BMW,53X,PASSENGER,2014,2025,11,2014 | 2016 | 2017 | 2018 | 2019 | 2020 | 2021 | 2022 | 2023 | 2024 | 2025,2006,2020,5,45,5618,2025,406,5 Series,Model unresolved,Ontario identifies only a vehicle family; vPIC does not support one unique model.,3 Series,BMW,disagreement,,true,promotion_eligible,Latest-active reviewed MTO key; pass agreement is recomputed using case-insensitive model-family equivalence.,Reviewed two-pass MTO make/model inference using NCIC model-code abbreviations and NHTSA vPIC make/model examples (2026-08-12).
ontario_ministry_transport_vehicle_population,FORD,BRO,PASSENGER,2014,2025,11,2014 | 2016 | 2017 | 2018 | 2019 | 2020 | 2021 | 2022 | 2023 | 2024 | 2025,1919,2025,38,392,4296,2025,406,Bronco,Bronco,,,Ford,agreement,Bronco,true,promotion_eligible,Latest-active reviewed MTO key; pass agreement is recomputed using case-insensitive model-family equivalence.,Reviewed two-pass MTO make/model inference using NCIC model-code abbreviations and NHTSA vPIC make/model examples (2026-08-12).
ontario_ministry_transport_vehicle_population,BUIC,RIV,PASSENGER,2014,2025,11,2014 | 2016 | 2017 | 2018 | 2019 | 2020 | 2021 | 2022 | 2023 | 2024 | 2025,1919,1999,48,524,5828,2025,405,Riviera,Riviera,,,Buick,agreement,Riviera,true,promotion_eligible,Latest-active reviewed MTO key; pass agreement is recomputed using case-insensitive model-family equivalence.,Reviewed two-pass MTO make/model inference using NCIC model-code abbreviations and NHTSA vPIC make/model examples (2026-08-12).
ontario_ministry_transport_vehicle_population,MASE,82G,PASSENGER,2023,2025,3,2023 | 2024 | 2025,2023,2023,1,3,1145,2025,405,Ghibli,Ghibli,,Grecale | MC20,Maserati,agreement,Ghibli,true,promotion_eligible,Latest-active reviewed MTO key; pass agreement is recomputed using case-insensitive model-family equivalence.,Reviewed two-pass MTO make/model inference using NCIC model-code abbreviations and NHTSA vPIC make/model examples (2026-08-12).
ontario_ministry_transport_vehicle_population,MERZ,4ED,COMMERCIAL,2022,2025,4,2022 | 2023 | 2024 | 2025,2020,2025,6,20,1373,2025,405,E-Class,E-Class,,B250E | B-CLASS | EQS,Mercedes-Benz,agreement,E-Class,true,promotion_eligible,Latest-active reviewed MTO key; pass agreement is recomputed using case-insensitive model-family equivalence.,Reviewed two-pass MTO make/model inference using NCIC model-code abbreviations and NHTSA vPIC make/model examples (2026-08-12).
ontario_ministry_transport_vehicle_population,CADI,DEV,PASSENGER,2014,2025,11,2014 | 2016 | 2017 | 2018 | 2019 | 2020 | 2021 | 2022 | 2023 | 2024 | 2025,1919,2009,58,638,5934,2025,403,DeVille,Deville,,,Cadillac,agreement,Deville,true,promotion_eligible,Latest-active reviewed MTO key; pass agreement is recomputed using case-insensitive model-family equivalence.,Reviewed two-pass MTO make/model inference using NCIC model-code abbreviations and NHTSA vPIC make/model examples (2026-08-12).
ontario_ministry_transport_vehicle_population,CHRY,LEB,PASSENGER,2014,2025,11,2014 | 2016 | 2017 | 2018 | 2019 | 2020 | 2021 | 2022 | 2023 | 2024 | 2025,1908,1995,37,407,5322,2025,403,LeBaron,LeBaron,,,Chrysler,agreement,LeBaron,true,promotion_eligible,Latest-active reviewed MTO key; pass agreement is recomputed using case-insensitive model-family equivalence.,Reviewed two-pass MTO make/model inference using NCIC model-code abbreviations and NHTSA vPIC make/model examples (2026-08-12).
ontario_ministry_transport_vehicle_population,JEEP,COM,PASSENGER,2025,2025,1,2025,1966,2026,20,20,402,2025,402,Comanche,Comanche,,Commander | Comanche Pickup,Jeep,agreement,Comanche,true,promotion_eligible,Latest-active reviewed MTO key; pass agreement is recomputed using case-insensitive model-family equivalence.,Reviewed two-pass MTO make/model inference using NCIC model-code abbreviations and NHTSA vPIC make/model examples (2026-08-12).
ontario_ministry_transport_vehicle_population,AUDI,C5T,PASSENGER,2019,2025,7,2019 | 2020 | 2021 | 2022 | 2023 | 2024 | 2025,2015,2025,8,38,2609,2025,401,S5,S5,,Q5 | A5 | SQ5,Audi,agreement,S5,true,promotion_eligible,Latest-active reviewed MTO key; pass agreement is recomputed using case-insensitive model-family equivalence.,Reviewed two-pass MTO make/model inference using NCIC model-code abbreviations and NHTSA vPIC make/model examples (2026-08-12).
ontario_ministry_transport_vehicle_population,FORD,MUL,PASSENGER,2014,2025,11,2014 | 2016 | 2017 | 2018 | 2019 | 2020 | 2021 | 2022 | 2023 | 2024 | 2025,1965,1985,10,110,3914,2025,401,Mustang,Mustang,,,Ford,agreement,Mustang,true,promotion_eligible,Latest-active reviewed MTO key; pass agreement is recomputed using case-insensitive model-family equivalence.,Reviewed two-pass MTO make/model inference using NCIC model-code abbreviations and NHTSA vPIC make/model examples (2026-08-12).
ontario_ministry_transport_vehicle_population,HYUN,GC3,PASSENGER,2016,2025,10,2016 | 2017 | 2018 | 2019 | 2020 | 2021 | 2022 | 2023 | 2024 | 2025,2011,2016,4,40,5254,2025,401,Genesis,Genesis,,Accent | Veracruz | Tucson,Hyundai,agreement,Genesis,true,promotion_eligible,Latest-active reviewed MTO key; pass agreement is recomputed using case-insensitive model-family equivalence.,Reviewed two-pass MTO make/model inference using NCIC model-code abbreviations and NHTSA vPIC make/model examples (2026-08-12).
ontario_ministry_transport_vehicle_population,CADI,TEE,PASSENGER,2025,2025,1,2025,2025,2026,2,2,400,2025,400,Escalade,Escalade,,XT5 | CT5 | CT4,Cadillac,agreement,Escalade,true,promotion_eligible,Latest-active reviewed MTO key; pass agreement is recomputed using case-insensitive model-family equivalence.,Reviewed two-pass MTO make/model inference using NCIC model-code abbreviations and NHTSA vPIC make/model examples (2026-08-12).
ontario_ministry_transport_vehicle_population,FORD,CMS,PASSENGER,2014,2025,11,2014 | 2016 | 2017 | 2018 | 2019 | 2020 | 2021 | 2022 | 2023 | 2024 | 2025,2013,2018,6,61,4680,2025,400,C-MAX,C-Max,,,Ford,agreement,C-Max,true,promotion_eligible,Latest-active reviewed MTO key; pass agreement is recomputed using case-insensitive model-family equivalence.,Reviewed two-pass MTO make/model inference using NCIC model-code abbreviations and NHTSA vPIC make/model examples (2026-08-12).
ontario_ministry_transport_vehicle_population,KIA,OES,PASSENGER,2014,2025,11,2014 | 2016 | 2017 | 2018 | 2019 | 2020 | 2021 | 2022 | 2023 | 2024 | 2025,2011,2011,1,11,5493,2025,396,Optima,Optima,,Sportage | Rio | Soul,Kia,agreement,Optima,true,promotion_eligible,Latest-active reviewed MTO key; pass agreement is recomputed using case-insensitive model-family equivalence.,Reviewed two-pass MTO make/model inference using NCIC model-code abbreviations and NHTSA vPIC make/model examples (2026-08-12).
ontario_ministry_transport_vehicle_population,TESL,CYB,COMMERCIAL,2025,2025,1,2025,2024,2026,3,3,396,2025,396,Cybertruck,Cybertruck,,,Tesla,agreement,Cybertruck,true,promotion_eligible,Latest-active reviewed MTO key; pass agreement is recomputed using case-insensitive model-family equivalence.,Reviewed two-pass MTO make/model inference using NCIC model-code abbreviations and NHTSA vPIC make/model examples (2026-08-12).
ontario_ministry_transport_vehicle_population,CHRY,SEB,PASSENGER,2014,2025,11,2014 | 2016 | 2017 | 2018 | 2019 | 2020 | 2021 | 2022 | 2023 | 2024 | 2025,1973,2009,13,142,9364,2025,395,Sebring,Sebring,,,Chrysler,agreement,Sebring,true,promotion_eligible,Latest-active reviewed MTO key; pass agreement is recomputed using case-insensitive model-family equivalence.,Reviewed two-pass MTO make/model inference using NCIC model-code abbreviations and NHTSA vPIC make/model examples (2026-08-12).
ontario_ministry_transport_vehicle_population,MERZ,CW3,PASSENGER,2014,2025,11,2014 | 2016 | 2017 | 2018 | 2019 | 2020 | 2021 | 2022 | 2023 | 2024 | 2025,2011,2011,1,11,5104,2025,395,C43,Model unresolved,The Ontario abbreviation does not match a vPIC model closely enough.,C350 | C320 | C300,Mercedes-Benz,disagreement,,true,promotion_eligible,Latest-active reviewed MTO key; pass agreement is recomputed using case-insensitive model-family equivalence.,Reviewed two-pass MTO make/model inference using NCIC model-code abbreviations and NHTSA vPIC make/model examples (2026-08-12).
ontario_ministry_transport_vehicle_population,CHEV,CHE,PASSENGER,2014,2025,11,2014 | 2016 | 2017 | 2018 | 2019 | 2020 | 2021 | 2022 | 2023 | 2024 | 2025,1932,1987,48,488,4523,2025,394,CHEVY II,Model unresolved,The Ontario abbreviation does not match a vPIC model closely enough.,CHEYENNE,Chevrolet,disagreement,,true,promotion_eligible,Latest-active reviewed MTO key; pass agreement is recomputed using case-insensitive model-family equivalence.,Reviewed two-pass MTO make/model inference using NCIC model-code abbreviations and NHTSA vPIC make/model examples (2026-08-12).
ontario_ministry_transport_vehicle_population,LINC,MRK,COMMERCIAL,2014,2025,11,2014 | 2016 | 2017 | 2018 | 2019 | 2020 | 2021 | 2022 | 2023 | 2024 | 2025,2006,2008,3,33,6731,2025,394,Mark LT,Mark LT,,,Lincoln,agreement,Mark LT,true,promotion_eligible,Latest-active reviewed MTO key; pass agreement is recomputed using case-insensitive model-family equivalence.,Reviewed two-pass MTO make/model inference using NCIC model-code abbreviations and NHTSA vPIC make/model examples (2026-08-12).
ontario_ministry_transport_vehicle_population,BUIC,ALX,PASSENGER,2014,2025,11,2014 | 2016 | 2017 | 2018 | 2019 | 2020 | 2021 | 2022 | 2023 | 2024 | 2025,2010,2010,1,11,6046,2025,393,ALLURE,Allure,"Closest vPIC name match, but no sampled year-specific result corroborates it.",,Buick,agreement,Allure,true,promotion_eligible,Latest-active reviewed MTO key; pass agreement is recomputed using case-insensitive model-family equivalence.,Reviewed two-pass MTO make/model inference using NCIC model-code abbreviations and NHTSA vPIC make/model examples (2026-08-12).
ontario_ministry_transport_vehicle_population,STRN,SKY,PASSENGER,2014,2025,11,2014 | 2016 | 2017 | 2018 | 2019 | 2020 | 2021 | 2022 | 2023 | 2024 | 2025,2007,2009,3,33,4155,2025,393,SKY,Sky,,,Saturn,agreement,Sky,true,promotion_eligible,Latest-active reviewed MTO key; pass agreement is recomputed using case-insensitive model-family equivalence.,Reviewed two-pass MTO make/model inference using NCIC model-code abbreviations and NHTSA vPIC make/model examples (2026-08-12).
ontario_ministry_transport_vehicle_population,AUDI,1AE,PASSENGER,2023,2025,3,2023 | 2024 | 2025,2021,2025,5,14,965,2025,392,A7,A7,,A5 | A8 | A6,Audi,agreement,A7,true,promotion_eligible,Latest-active reviewed MTO key; pass agreement is recomputed using case-insensitive model-family equivalence.,Reviewed two-pass MTO make/model inference using NCIC model-code abbreviations and NHTSA vPIC make/model examples (2026-08-12).
ontario_ministry_transport_vehicle_population,MERZ,C2S,PASSENGER,2014,2025,11,2014 | 2016 | 2017 | 2018 | 2019 | 2020 | 2021 | 2022 | 2023 | 2024 | 2025,2002,2005,4,44,9313,2025,392,C-Class,C-Class,,CL-Class | CLK-Class | S-Class,Mercedes-Benz,agreement,C-Class,true,promotion_eligible,Latest-active reviewed MTO key; pass agreement is recomputed using case-insensitive model-family equivalence.,Reviewed two-pass MTO make/model inference using NCIC model-code abbreviations and NHTSA vPIC make/model examples (2026-08-12).
ontario_ministry_transport_vehicle_population,FORD,FIS,PASSENGER,2014,2025,11,2014 | 2016 | 2017 | 2018 | 2019 | 2020 | 2021 | 2022 | 2023 | 2024 | 2025,1956,2019,13,130,5105,2025,390,Fiesta,Fiesta,,,Ford,agreement,Fiesta,true,promotion_eligible,Latest-active reviewed MTO key; pass agreement is recomputed using case-insensitive model-family equivalence.,Reviewed two-pass MTO make/model inference using NCIC model-code abbreviations and NHTSA vPIC make/model examples (2026-08-12).
ontario_ministry_transport_vehicle_population,VOLK,BRG,PASSENGER,2025,2025,1,2025,2025,2025,1,1,390,2025,390,TOUAREG,Touareg,"Closest vPIC name match, but no sampled year-specific result corroborates it.",BEETLE,Volkswagen,agreement,Touareg,true,promotion_eligible,Latest-active reviewed MTO key; pass agreement is recomputed using case-insensitive model-family equivalence.,Reviewed two-pass MTO make/model inference using NCIC model-code abbreviations and NHTSA vPIC make/model examples (2026-08-12).
ontario_ministry_transport_vehicle_population,AUDI,RS5,PASSENGER,2019,2025,7,2019 | 2020 | 2021 | 2022 | 2023 | 2024 | 2025,2011,2025,9,48,2158,2025,389,RS 5,RS 5,,,Audi,agreement,RS 5,true,promotion_eligible,Latest-active reviewed MTO key; pass agreement is recomputed using case-insensitive model-family equivalence.,Reviewed two-pass MTO make/model inference using NCIC model-code abbreviations and NHTSA vPIC make/model examples (2026-08-12).
ontario_ministry_transport_vehicle_population,MERZ,5ED,COMMERCIAL,2023,2025,3,2023 | 2024 | 2025,2020,2025,6,17,987,2025,388,B250E,Model unresolved,The Ontario abbreviation does not match a vPIC model closely enough.,250,Mercedes-Benz,disagreement,,true,promotion_eligible,Latest-active reviewed MTO key; pass agreement is recomputed using case-insensitive model-family equivalence.,Reviewed two-pass MTO make/model inference using NCIC model-code abbreviations and NHTSA vPIC make/model examples (2026-08-12).
ontario_ministry_transport_vehicle_population,JAGU,CJB,PASSENGER,2014,2025,11,2014 | 2016 | 2017 | 2018 | 2019 | 2020 | 2021 | 2022 | 2023 | 2024 | 2025,2011,2019,9,89,4929,2025,387,XJ,XJ,,XJL | F-Pace | E-Pace,Jaguar,agreement,XJ,true,promotion_eligible,Latest-active reviewed MTO key; pass agreement is recomputed using case-insensitive model-family equivalence.,Reviewed two-pass MTO make/model inference using NCIC model-code abbreviations and NHTSA vPIC make/model examples (2026-08-12).
ontario_ministry_transport_vehicle_population,LEXS,LHL,PASSENGER,2020,2025,6,2020 | 2021 | 2022 | 2023 | 2024 | 2025,2008,2021,11,66,2153,2025,387,LX,LX,,LS | LC | LS600HL,Lexus,agreement,LX,true,promotion_eligible,Latest-active reviewed MTO key; pass agreement is recomputed using case-insensitive model-family equivalence.,Reviewed two-pass MTO make/model inference using NCIC model-code abbreviations and NHTSA vPIC make/model examples (2026-08-12).
ontario_ministry_transport_vehicle_population,CHEV,ABS,PASSENGER,2014,2025,11,2014 | 2016 | 2017 | 2018 | 2019 | 2020 | 2021 | 2022 | 2023 | 2024 | 2025,2005,2008,4,44,14604,2025,386,Astro Cargo,Malibu,vPIC also supports Aveo; the code does not clearly distinguish them.,Malibu | Aveo,Chevrolet,disagreement,,true,promotion_eligible,Latest-active reviewed MTO key; pass agreement is recomputed using case-insensitive model-family equivalence.,Reviewed two-pass MTO make/model inference using NCIC model-code abbreviations and NHTSA vPIC make/model examples (2026-08-12).
ontario_ministry_transport_vehicle_population,CHEV,K10,COMMERCIAL,2014,2025,11,2014 | 2016 | 2017 | 2018 | 2019 | 2020 | 2021 | 2022 | 2023 | 2024 | 2025,1940,1995,30,299,4055,2025,385,K10,Model unresolved,The Ontario abbreviation does not match a vPIC model closely enough.,,Chevrolet,disagreement,,true,promotion_eligible,Latest-active reviewed MTO key; pass agreement is recomputed using case-insensitive model-family equivalence.,Reviewed two-pass MTO make/model inference using NCIC model-code abbreviations and NHTSA vPIC make/model examples (2026-08-12).
ontario_ministry_transport_vehicle_population,LEXS,NX4,PASSENGER,2014,2025,11,2014 | 2016 | 2017 | 2018 | 2019 | 2020 | 2021 | 2022 | 2023 | 2024 | 2025,2006,2023,2,12,6019,2025,384,NX,NX,,,Lexus,agreement,NX,true,promotion_eligible,Latest-active reviewed MTO key; pass agreement is recomputed using case-insensitive model-family equivalence.,Reviewed two-pass MTO make/model inference using NCIC model-code abbreviations and NHTSA vPIC make/model examples (2026-08-12).
ontario_ministry_transport_vehicle_population,BMW,42C,PASSENGER,2016,2025,10,2016 | 2017 | 2018 | 2019 | 2020 | 2021 | 2022 | 2023 | 2024 | 2025,2016,2016,1,10,4834,2025,383,4 Series,428i,Generic Ontario code spans multiple vPIC models; this is the closest family match.,2 Series | 428,BMW,disagreement,,true,promotion_eligible,Latest-active reviewed MTO key; pass agreement is recomputed using case-insensitive model-family equivalence.,Reviewed two-pass MTO make/model inference using NCIC model-code abbreviations and NHTSA vPIC make/model examples (2026-08-12).
ontario_ministry_transport_vehicle_population,HOND,PRE,PASSENGER,2014,2025,11,2014 | 2016 | 2017 | 2018 | 2019 | 2020 | 2021 | 2022 | 2023 | 2024 | 2025,1970,2026,24,250,6682,2025,383,Prelude,Prelude,,,Honda,agreement,Prelude,true,promotion_eligible,Latest-active reviewed MTO key; pass agreement is recomputed using case-insensitive model-family equivalence.,Reviewed two-pass MTO make/model inference using NCIC model-code abbreviations and NHTSA vPIC make/model examples (2026-08-12).
ontario_ministry_transport_vehicle_population,MERZ,8ED,COMMERCIAL,2023,2025,3,2023 | 2024 | 2025,2020,2025,6,16,885,2025,382,E-Class,E-Class,,B250E | B-CLASS | EQS,Mercedes-Benz,agreement,E-Class,true,promotion_eligible,Latest-active reviewed MTO key; pass agreement is recomputed using case-insensitive model-family equivalence.,Reviewed two-pass MTO make/model inference using NCIC model-code abbreviations and NHTSA vPIC make/model examples (2026-08-12).
ontario_ministry_transport_vehicle_population,JAGU,CX8,PASSENGER,2014,2025,11,2014 | 2016 | 2017 | 2018 | 2019 | 2020 | 2021 | 2022 | 2023 | 2024 | 2025,1997,2006,9,99,4327,2025,379,XK8,XK8,,,Jaguar,agreement,XK8,true,promotion_eligible,Latest-active reviewed MTO key; pass agreement is recomputed using case-insensitive model-family equivalence.,Reviewed two-pass MTO make/model inference using NCIC model-code abbreviations and NHTSA vPIC make/model examples (2026-08-12).
ontario_ministry_transport_vehicle_population,PONT,PUE,PASSENGER,2014,2025,11,2014 | 2016 | 2017 | 2018 | 2019 | 2020 | 2021 | 2022 | 2023 | 2024 | 2025,2005,2006,2,22,18621,2025,379,Sunfire (tentative),Sunfire,,Wave | Vibe | Grand Prix,Pontiac,agreement,Sunfire,true,promotion_eligible,Latest-active reviewed MTO key; pass agreement is recomputed using case-insensitive model-family equivalence.,Reviewed two-pass MTO make/model inference using NCIC model-code abbreviations and NHTSA vPIC make/model examples (2026-08-12).
ontario_ministry_transport_vehicle_population,CHEV,TAH,PASSENGER,2025,2025,1,2025,1995,2026,12,12,378,2025,378,Tahoe,Tahoe,,,Chevrolet,agreement,Tahoe,true,promotion_eligible,Latest-active reviewed MTO key; pass agreement is recomputed using case-insensitive model-family equivalence.,Reviewed two-pass MTO make/model inference using NCIC model-code abbreviations and NHTSA vPIC make/model examples (2026-08-12).
ontario_ministry_transport_vehicle_population,LEXS,LC,PASSENGER,2022,2025,4,2022 | 2023 | 2024 | 2025,2018,2026,9,29,1165,2025,378,LC,LC,,,Lexus,agreement,LC,true,promotion_eligible,Latest-active reviewed MTO key; pass agreement is recomputed using case-insensitive model-family equivalence.,Reviewed two-pass MTO make/model inference using NCIC model-code abbreviations and NHTSA vPIC make/model examples (2026-08-12).
ontario_ministry_transport_vehicle_population,PORS,9R4,PASSENGER,2023,2025,3,2023 | 2024 | 2025,2011,2025,6,17,949,2025,378,911 (tentative),911,,Panamera | Cayenne | Macan,Porsche,agreement,911,true,promotion_eligible,Latest-active reviewed MTO key; pass agreement is recomputed using case-insensitive model-family equivalence.,Reviewed two-pass MTO make/model inference using NCIC model-code abbreviations and NHTSA vPIC make/model examples (2026-08-12).
ontario_ministry_transport_vehicle_population,VOLK,CSP,PASSENGER,2014,2025,11,2014 | 2016 | 2017 | 2018 | 2019 | 2020 | 2021 | 2022 | 2023 | 2024 | 2025,1993,2025,15,118,14639,2025,378,CC,CC,,TRANSPORTER VAN | Passat | Eos,Volkswagen,agreement,CC,true,promotion_eligible,Latest-active reviewed MTO key; pass agreement is recomputed using case-insensitive model-family equivalence.,Reviewed two-pass MTO make/model inference using NCIC model-code abbreviations and NHTSA vPIC make/model examples (2026-08-12).
ontario_ministry_transport_vehicle_population,MERZ,38S,PASSENGER,2014,2025,11,2014 | 2016 | 2017 | 2018 | 2019 | 2020 | 2021 | 2022 | 2023 | 2024 | 2025,1983,1985,3,33,4169,2025,377,380,380,,,Mercedes-Benz,agreement,380,true,promotion_eligible,Latest-active reviewed MTO key; pass agreement is recomputed using case-insensitive model-family equivalence.,Reviewed two-pass MTO make/model inference using NCIC model-code abbreviations and NHTSA vPIC make/model examples (2026-08-12).
ontario_ministry_transport_vehicle_population,PONT,FGT,PASSENGER,2014,2025,11,2014 | 2016 | 2017 | 2018 | 2019 | 2020 | 2021 | 2022 | 2023 | 2024 | 2025,1985,1988,4,44,3698,2025,377,Fiero (tentative),Fiero,,Firefly | Firebird/Trans Am/Formula | Grand Am,Pontiac,agreement,Fiero,true,promotion_eligible,Latest-active reviewed MTO key; pass agreement is recomputed using case-insensitive model-family equivalence.,Reviewed two-pass MTO make/model inference using NCIC model-code abbreviations and NHTSA vPIC make/model examples (2026-08-12).
ontario_ministry_transport_vehicle_population,CHRY,ASP,PASSENGER,2014,2025,11,2014 | 2016 | 2017 | 2018 | 2019 | 2020 | 2021 | 2022 | 2023 | 2024 | 2025,1976,2009,8,88,8620,2025,376,Aspen,Aspen,,,Chrysler,agreement,Aspen,true,promotion_eligible,Latest-active reviewed MTO key; pass agreement is recomputed using case-insensitive model-family equivalence.,Reviewed two-pass MTO make/model inference using NCIC model-code abbreviations and NHTSA vPIC make/model examples (2026-08-12).
ontario_ministry_transport_vehicle_population,DODG,CTP,PASSENGER,2016,2025,10,2016 | 2017 | 2018 | 2019 | 2020 | 2021 | 2022 | 2023 | 2024 | 2025,2015,2015,1,10,4132,2025,376,Charger (tentative),Charger,,Challenger | Dart | Viper,Dodge,agreement,Charger,true,promotion_eligible,Latest-active reviewed MTO key; pass agreement is recomputed using case-insensitive model-family equivalence.,Reviewed two-pass MTO make/model inference using NCIC model-code abbreviations and NHTSA vPIC make/model examples (2026-08-12).
ontario_ministry_transport_vehicle_population,HOND,UCC,PASSENGER,2014,2025,11,2014 | 2016 | 2017 | 2018 | 2019 | 2020 | 2021 | 2022 | 2023 | 2024 | 2025,1976,2000,10,110,9560,2025,376,Accord,Accord,,,Honda,agreement,Accord,true,promotion_eligible,Latest-active reviewed MTO key; pass agreement is recomputed using case-insensitive model-family equivalence.,Reviewed two-pass MTO make/model inference using NCIC model-code abbreviations and NHTSA vPIC make/model examples (2026-08-12).
ontario_ministry_transport_vehicle_population,KIA,KMS,PASSENGER,2014,2025,11,2014 | 2016 | 2017 | 2018 | 2019 | 2020 | 2021 | 2022 | 2023 | 2024 | 2025,2005,2006,2,22,14808,2025,374,Sedona,Sedona,,Amanti | Spectra | Sorento,Kia,agreement,Sedona,true,promotion_eligible,Latest-active reviewed MTO key; pass agreement is recomputed using case-insensitive model-family equivalence.,Reviewed two-pass MTO make/model inference using NCIC model-code abbreviations and NHTSA vPIC make/model examples (2026-08-12).
ontario_ministry_transport_vehicle_population,PORS,9/4,PASSENGER,2016,2025,10,2016 | 2017 | 2018 | 2019 | 2020 | 2021 | 2022 | 2023 | 2024 | 2025,1999,2011,3,30,3579,2025,374,911 (tentative),911,,Carrera 4 S | Carrera 4 | Carrera 4 S Kit,Porsche,agreement,911,true,promotion_eligible,Latest-active reviewed MTO key; pass agreement is recomputed using case-insensitive model-family equivalence.,Reviewed two-pass MTO make/model inference using NCIC model-code abbreviations and NHTSA vPIC make/model examples (2026-08-12).
ontario_ministry_transport_vehicle_population,PONT,SFR,PASSENGER,2014,2025,11,2014 | 2016 | 2017 | 2018 | 2019 | 2020 | 2021 | 2022 | 2023 | 2024 | 2025,1969,2005,6,66,18824,2025,373,Safari,Safari,,,Pontiac,agreement,Safari,true,promotion_eligible,Latest-active reviewed MTO key; pass agreement is recomputed using case-insensitive model-family equivalence.,Reviewed two-pass MTO make/model inference using NCIC model-code abbreviations and NHTSA vPIC make/model examples (2026-08-12).
ontario_ministry_transport_vehicle_population,VOLK,TP1,PASSENGER,2014,2025,11,2014 | 2016 | 2017 | 2018 | 2019 | 2020 | 2021 | 2022 | 2023 | 2024 | 2025,1919,1979,28,308,4804,2025,372,TRANSPORTER VAN (tentative),Model unresolved,The Ontario abbreviation does not match a vPIC model closely enough.,113 | 1500 | 1300,Volkswagen,disagreement,,true,promotion_eligible,Latest-active reviewed MTO key; pass agreement is recomputed using case-insensitive model-family equivalence.,Reviewed two-pass MTO make/model inference using NCIC model-code abbreviations and NHTSA vPIC make/model examples (2026-08-12).
ontario_ministry_transport_vehicle_population,BMW,2X8,PASSENGER,2016,2025,10,2016 | 2017 | 2018 | 2019 | 2020 | 2021 | 2022 | 2023 | 2024 | 2025,2016,2016,1,10,4035,2025,370,2.8,228,"vPIC supports the model, but the Ontario abbreviation is not uniquely identifying.",2 Series | 228,BMW,disagreement,,true,promotion_eligible,Latest-active reviewed MTO key; pass agreement is recomputed using case-insensitive model-family equivalence.,Reviewed two-pass MTO make/model inference using NCIC model-code abbreviations and NHTSA vPIC make/model examples (2026-08-12).
ontario_ministry_transport_vehicle_population,TOYT,KZG,PASSENGER,2021,2025,5,2021 | 2022 | 2023 | 2024 | 2025,2020,2022,3,11,1950,2025,370,GR Supra,Supra,"vPIC supports the model, but the Ontario abbreviation is not uniquely identifying.",GR 86 | Highlander | Venza,Toyota,agreement,Supra,true,promotion_eligible,Latest-active reviewed MTO key; pass agreement is recomputed using case-insensitive model-family equivalence.,Reviewed two-pass MTO make/model inference using NCIC model-code abbreviations and NHTSA vPIC make/model examples (2026-08-12).
ontario_ministry_transport_vehicle_population,BMW,76L,PASSENGER,2021,2025,5,2021 | 2022 | 2023 | 2024 | 2025,2003,2026,18,80,1517,2025,369,7 Series,Model unresolved,Ontario identifies only a vehicle family; vPIC does not support one unique model.,6 Series,BMW,disagreement,,true,promotion_eligible,Latest-active reviewed MTO key; pass agreement is recomputed using case-insensitive model-family equivalence.,Reviewed two-pass MTO make/model inference using NCIC model-code abbreviations and NHTSA vPIC make/model examples (2026-08-12).
ontario_ministry_transport_vehicle_population,KIA,K4,PASSENGER,2025,2025,1,2025,2020,2025,2,2,369,2025,369,K4,K4,,,Kia,agreement,K4,true,promotion_eligible,Latest-active reviewed MTO key; pass agreement is recomputed using case-insensitive model-family equivalence.,Reviewed two-pass MTO make/model inference using NCIC model-code abbreviations and NHTSA vPIC make/model examples (2026-08-12).
ontario_ministry_transport_vehicle_population,LINC,LLS,PASSENGER,2014,2025,11,2014 | 2016 | 2017 | 2018 | 2019 | 2020 | 2021 | 2022 | 2023 | 2024 | 2025,2000,2006,7,77,12970,2025,369,LS,LS,,,Lincoln,agreement,LS,true,promotion_eligible,Latest-active reviewed MTO key; pass agreement is recomputed using case-insensitive model-family equivalence.,Reviewed two-pass MTO make/model inference using NCIC model-code abbreviations and NHTSA vPIC make/model examples (2026-08-12).
ontario_ministry_transport_vehicle_population,TOYT,HTP,COMMERCIAL,2014,2025,11,2014 | 2016 | 2017 | 2018 | 2019 | 2020 | 2021 | 2022 | 2023 | 2024 | 2025,1972,1995,20,220,5764,2025,369,Tercel,Tercel,,Supra | Paseo | Previa,Toyota,agreement,Tercel,true,promotion_eligible,Latest-active reviewed MTO key; pass agreement is recomputed using case-insensitive model-family equivalence.,Reviewed two-pass MTO make/model inference using NCIC model-code abbreviations and NHTSA vPIC make/model examples (2026-08-12).
ontario_ministry_transport_vehicle_population,VOLV,H6L,PASSENGER,2022,2025,4,2022 | 2023 | 2024 | 2025,2022,2023,2,8,1440,2025,369,V60,V60,,S60 | XC60,Volvo,agreement,V60,true,promotion_eligible,Latest-active reviewed MTO key; pass agreement is recomputed using case-insensitive model-family equivalence.,Reviewed two-pass MTO make/model inference using NCIC model-code abbreviations and NHTSA vPIC make/model examples (2026-08-12).
ontario_ministry_transport_vehicle_population,SAA,93O,PASSENGER,2014,2025,11,2014 | 2016 | 2017 | 2018 | 2019 | 2020 | 2021 | 2022 | 2023 | 2024 | 2025,2004,2011,8,88,6357,2025,367,9-3,9-3,,,Saab,agreement,9-3,true,promotion_eligible,Latest-active reviewed MTO key; pass agreement is recomputed using case-insensitive model-family equivalence.,Reviewed two-pass MTO make/model inference using NCIC model-code abbreviations and NHTSA vPIC make/model examples (2026-08-12).
ontario_ministry_transport_vehicle_population,CHEV,2KN,COMMERCIAL,2019,2025,7,2019 | 2020 | 2021 | 2022 | 2023 | 2024 | 2025,2019,2019,1,7,2616,2025,366,Spark,Spark,,Sonic | 210 | Suburban,Chevrolet,agreement,Spark,true,promotion_eligible,Latest-active reviewed MTO key; pass agreement is recomputed using case-insensitive model-family equivalence.,Reviewed two-pass MTO make/model inference using NCIC model-code abbreviations and NHTSA vPIC make/model examples (2026-08-12).
ontario_ministry_transport_vehicle_population,OLDS,A/G,PASSENGER,2014,2025,11,2014 | 2016 | 2017 | 2018 | 2019 | 2020 | 2021 | 2022 | 2023 | 2024 | 2025,1999,2004,6,66,26212,2025,366,Alero,Alero,,Aurora,Oldsmobile,agreement,Alero,true,promotion_eligible,Latest-active reviewed MTO key; pass agreement is recomputed using case-insensitive model-family equivalence.,Reviewed two-pass MTO make/model inference using NCIC model-code abbreviations and NHTSA vPIC make/model examples (2026-08-12).
ontario_ministry_transport_vehicle_population,SUZI,XL7,PASSENGER,2014,2025,11,2014 | 2016 | 2017 | 2018 | 2019 | 2020 | 2021 | 2022 | 2023 | 2024 | 2025,2002,2009,8,88,12750,2025,366,XL7,XL7,,,Suzuki,agreement,XL7,true,promotion_eligible,Latest-active reviewed MTO key; pass agreement is recomputed using case-insensitive model-family equivalence.,Reviewed two-pass MTO make/model inference using NCIC model-code abbreviations and NHTSA vPIC make/model examples (2026-08-12).
ontario_ministry_transport_vehicle_population,DODG,COR,PASSENGER,2014,2025,11,2014 | 2016 | 2017 | 2018 | 2019 | 2020 | 2021 | 2022 | 2023 | 2024 | 2025,1919,1981,33,363,4063,2025,365,Colt (tentative),Colt,,Conquest | Hornet | Journey,Dodge,agreement,Colt,true,promotion_eligible,Latest-active reviewed MTO key; pass agreement is recomputed using case-insensitive model-family equivalence.,Reviewed two-pass MTO make/model inference using NCIC model-code abbreviations and NHTSA vPIC make/model examples (2026-08-12).
ontario_ministry_transport_vehicle_population,MERZ,C24,PASSENGER,2014,2025,11,2014 | 2016 | 2017 | 2018 | 2019 | 2020 | 2021 | 2022 | 2023 | 2024 | 2025,2001,2005,5,55,10024,2025,365,C240,240,"Closest vPIC name match, but no sampled year-specific result corroborates it.",,Mercedes-Benz,disagreement,,true,promotion_eligible,Latest-active reviewed MTO key; pass agreement is recomputed using case-insensitive model-family equivalence.,Reviewed two-pass MTO make/model inference using NCIC model-code abbreviations and NHTSA vPIC make/model examples (2026-08-12).
ontario_ministry_transport_vehicle_population,DODG,ST1,PASSENGER,2014,2025,11,2014 | 2016 | 2017 | 2018 | 2019 | 2020 | 2021 | 2022 | 2023 | 2024 | 2025,2003,2015,10,109,4005,2025,364,Stratus,Stratus,,Ram 1500 Pickup | Dart | Ram Van 1500,Dodge,agreement,Stratus,true,promotion_eligible,Latest-active reviewed MTO key; pass agreement is recomputed using case-insensitive model-family equivalence.,Reviewed two-pass MTO make/model inference using NCIC model-code abbreviations and NHTSA vPIC make/model examples (2026-08-12).
ontario_ministry_transport_vehicle_population,STRN,ASR,PASSENGER,2014,2025,11,2014 | 2016 | 2017 | 2018 | 2019 | 2020 | 2021 | 2022 | 2023 | 2024 | 2025,2008,2009,2,22,9012,2025,364,Astra,Astra,,,Saturn,agreement,Astra,true,promotion_eligible,Latest-active reviewed MTO key; pass agreement is recomputed using case-insensitive model-family equivalence.,Reviewed two-pass MTO make/model inference using NCIC model-code abbreviations and NHTSA vPIC make/model examples (2026-08-12).
ontario_ministry_transport_vehicle_population,SUBA,IR4,PASSENGER,2014,2025,11,2014 | 2016 | 2017 | 2018 | 2019 | 2020 | 2021 | 2022 | 2023 | 2024 | 2025,1998,2005,8,88,9876,2025,364,Impreza/Outback Sport,Impreza,,Forester | IMPREZA,Subaru,agreement,Impreza,true,promotion_eligible,Latest-active reviewed MTO key; pass agreement is recomputed using case-insensitive model-family equivalence.,Reviewed two-pass MTO make/model inference using NCIC model-code abbreviations and NHTSA vPIC make/model examples (2026-08-12).
ontario_ministry_transport_vehicle_population,AUDI,TTR,PASSENGER,2019,2025,7,2019 | 2020 | 2021 | 2022 | 2023 | 2024 | 2025,2005,2023,11,69,2627,2025,363,TT RS,TT RS,,,Audi,agreement,TT RS,true,promotion_eligible,Latest-active reviewed MTO key; pass agreement is recomputed using case-insensitive model-family equivalence.,Reviewed two-pass MTO make/model inference using NCIC model-code abbreviations and NHTSA vPIC make/model examples (2026-08-12).
ontario_ministry_transport_vehicle_population,HOND,DUC,PASSENGER,2014,2025,11,2014 | 2016 | 2017 | 2018 | 2019 | 2020 | 2021 | 2022 | 2023 | 2024 | 2025,1991,2001,6,64,10045,2025,363,Civic,Civic,,Accord | CR-V | Del Sol,Honda,agreement,Civic,true,promotion_eligible,Latest-active reviewed MTO key; pass agreement is recomputed using case-insensitive model-family equivalence.,Reviewed two-pass MTO make/model inference using NCIC model-code abbreviations and NHTSA vPIC make/model examples (2026-08-12).
ontario_ministry_transport_vehicle_population,TOYT,GBL,PASSENGER,2020,2025,6,2020 | 2021 | 2022 | 2023 | 2024 | 2025,2020,2021,2,7,2547,2025,363,Highlander,Highlander,,,Toyota,agreement,Highlander,true,promotion_eligible,Latest-active reviewed MTO key; pass agreement is recomputed using case-insensitive model-family equivalence.,Reviewed two-pass MTO make/model inference using NCIC model-code abbreviations and NHTSA vPIC make/model examples (2026-08-12).
ontario_ministry_transport_vehicle_population,CHEV,C2Z,PASSENGER,2016,2025,10,2016 | 2017 | 2018 | 2019 | 2020 | 2021 | 2022 | 2023 | 2024 | 2025,2014,2025,8,60,3389,2025,362,Cruze,Cruze,,,Chevrolet,agreement,Cruze,true,promotion_eligible,Latest-active reviewed MTO key; pass agreement is recomputed using case-insensitive model-family equivalence.,Reviewed two-pass MTO make/model inference using NCIC model-code abbreviations and NHTSA vPIC make/model examples (2026-08-12).
ontario_ministry_transport_vehicle_population,HYUN,CTO,PASSENGER,2014,2025,11,2014 | 2016 | 2017 | 2018 | 2019 | 2020 | 2021 | 2022 | 2023 | 2024 | 2025,2009,2009,1,11,6348,2025,362,ATOS,Model unresolved,The Ontario abbreviation does not match a vPIC model closely enough.,,Hyundai,disagreement,,true,promotion_eligible,Latest-active reviewed MTO key; pass agreement is recomputed using case-insensitive model-family equivalence.,Reviewed two-pass MTO make/model inference using NCIC model-code abbreviations and NHTSA vPIC make/model examples (2026-08-12).
ontario_ministry_transport_vehicle_population,NISS,ASR,PASSENGER,2014,2025,11,2014 | 2016 | 2017 | 2018 | 2019 | 2020 | 2021 | 2022 | 2023 | 2024 | 2025,2005,2006,2,22,16055,2025,362,Armada,Armada,,ALTRA-EV | Pathfinder,Nissan,agreement,Armada,true,promotion_eligible,Latest-active reviewed MTO key; pass agreement is recomputed using case-insensitive model-family equivalence.,Reviewed two-pass MTO make/model inference using NCIC model-code abbreviations and NHTSA vPIC make/model examples (2026-08-12).
ontario_ministry_transport_vehicle_population,SUZI,SXL,PASSENGER,2014,2025,11,2014 | 2016 | 2017 | 2018 | 2019 | 2020 | 2021 | 2022 | 2023 | 2024 | 2025,2008,2013,5,55,5279,2025,362,SX4,SX4,,,Suzuki,agreement,SX4,true,promotion_eligible,Latest-active reviewed MTO key; pass agreement is recomputed using case-insensitive model-family equivalence.,Reviewed two-pass MTO make/model inference using NCIC model-code abbreviations and NHTSA vPIC make/model examples (2026-08-12).
ontario_ministry_transport_vehicle_population,LINC,CAR,PASSENGER,2014,2025,11,2014 | 2016 | 2017 | 2018 | 2019 | 2020 | 2021 | 2022 | 2023 | 2024 | 2025,1961,2003,23,246,7205,2025,361,CORSAIR,Corsair,"Closest vPIC name match, but no sampled year-specific result corroborates it.",Town Car,Lincoln,agreement,Corsair,true,promotion_eligible,Latest-active reviewed MTO key; pass agreement is recomputed using case-insensitive model-family equivalence.,Reviewed two-pass MTO make/model inference using NCIC model-code abbreviations and NHTSA vPIC make/model examples (2026-08-12).
ontario_ministry_transport_vehicle_population,LNDR,K1G,PASSENGER,2024,2025,2,2024 | 2025,2022,2025,4,8,688,2025,361,Defender (tentative),Defender,,Range Rover | Discovery | 110,Land Rover,agreement,Defender,true,promotion_eligible,Latest-active reviewed MTO key; pass agreement is recomputed using case-insensitive model-family equivalence.,Reviewed two-pass MTO make/model inference using NCIC model-code abbreviations and NHTSA vPIC make/model examples (2026-08-12).
ontario_ministry_transport_vehicle_population,VOLV,L1G,PASSENGER,2022,2025,4,2022 | 2023 | 2024 | 2025,2022,2023,2,8,1610,2025,361,XC90 (tentative),XC90,,XC60 | XC40 | V90,Volvo,agreement,XC90,true,promotion_eligible,Latest-active reviewed MTO key; pass agreement is recomputed using case-insensitive model-family equivalence.,Reviewed two-pass MTO make/model inference using NCIC model-code abbreviations and NHTSA vPIC make/model examples (2026-08-12).
ontario_ministry_transport_vehicle_population,CHEV,CTA,PASSENGER,2014,2025,11,2014 | 2016 | 2017 | 2018 | 2019 | 2020 | 2021 | 2022 | 2023 | 2024 | 2025,1979,2023,30,302,5411,2025,360,Captiva,Captiva Sport,"vPIC supports the model, but the Ontario abbreviation is not uniquely identifying.",,Chevrolet,agreement,Captiva Sport,true,promotion_eligible,Latest-active reviewed MTO key; pass agreement is recomputed using case-insensitive model-family equivalence.,Reviewed two-pass MTO make/model inference using NCIC model-code abbreviations and NHTSA vPIC make/model examples (2026-08-12).
ontario_ministry_transport_vehicle_population,VOLK,NXG,PASSENGER,2023,2025,3,2023 | 2024 | 2025,2023,2023,1,3,1106,2025,358,GLI,GLI,"Closest vPIC name match, but no sampled year-specific result corroborates it.",Tiguan | Arteon | Golf/GTI,Volkswagen,agreement,GLI,true,promotion_eligible,Latest-active reviewed MTO key; pass agreement is recomputed using case-insensitive model-family equivalence.,Reviewed two-pass MTO make/model inference using NCIC model-code abbreviations and NHTSA vPIC make/model examples (2026-08-12).
ontario_ministry_transport_vehicle_population,INFI,E3A,PASSENGER,2014,2025,11,2014 | 2016 | 2017 | 2018 | 2019 | 2020 | 2021 | 2022 | 2023 | 2024 | 2025,2013,2013,1,11,4415,2025,357,EX37,EX35,vPIC also supports FX37; the code does not clearly distinguish them.,,Infiniti,disagreement,,true,promotion_eligible,Latest-active reviewed MTO key; pass agreement is recomputed using case-insensitive model-family equivalence.,Reviewed two-pass MTO make/model inference using NCIC model-code abbreviations and NHTSA vPIC make/model examples (2026-08-12).
ontario_ministry_transport_vehicle_population,CHEV,ILT,PASSENGER,2014,2025,11,2014 | 2016 | 2017 | 2018 | 2019 | 2020 | 2021 | 2022 | 2023 | 2024 | 2025,2009,2009,1,11,6959,2025,356,LT,Model unresolved,The Ontario abbreviation does not match a vPIC model closely enough.,,Chevrolet,disagreement,,true,promotion_eligible,Latest-active reviewed MTO key; pass agreement is recomputed using case-insensitive model-family equivalence.,Reviewed two-pass MTO make/model inference using NCIC model-code abbreviations and NHTSA vPIC make/model examples (2026-08-12).
ontario_ministry_transport_vehicle_population,JAGU,CXH,PASSENGER,2014,2025,11,2014 | 2016 | 2017 | 2018 | 2019 | 2020 | 2021 | 2022 | 2023 | 2024 | 2025,2011,2015,5,55,5135,2025,356,XK,XK,,XJ | XF | XJL,Jaguar,agreement,XK,true,promotion_eligible,Latest-active reviewed MTO key; pass agreement is recomputed using case-insensitive model-family equivalence.,Reviewed two-pass MTO make/model inference using NCIC model-code abbreviations and NHTSA vPIC make/model examples (2026-08-12).
ontario_ministry_transport_vehicle_population,VOLK,JXG,PASSENGER,2014,2025,11,2014 | 2016 | 2017 | 2018 | 2019 | 2020 | 2021 | 2022 | 2023 | 2024 | 2025,1996,2019,10,105,3941,2025,356,Jetta,Jetta,,Tiguan | Touareg | Beetle,Volkswagen,agreement,Jetta,true,promotion_eligible,Latest-active reviewed MTO key; pass agreement is recomputed using case-insensitive model-family equivalence.,Reviewed two-pass MTO make/model inference using NCIC model-code abbreviations and NHTSA vPIC make/model examples (2026-08-12).
ontario_ministry_transport_vehicle_population,AUDI,ARG,PASSENGER,2022,2025,4,2022 | 2023 | 2024 | 2025,2020,2025,6,20,1360,2025,355,A7,A7,,A5 | A3 | A8,Audi,agreement,A7,true,promotion_eligible,Latest-active reviewed MTO key; pass agreement is recomputed using case-insensitive model-family equivalence.,Reviewed two-pass MTO make/model inference using NCIC model-code abbreviations and NHTSA vPIC make/model examples (2026-08-12).
ontario_ministry_transport_vehicle_population,CHEV,CTV,COMMERCIAL | PASSENGER,2014,2025,11,2014 | 2016 | 2017 | 2018 | 2019 | 2020 | 2021 | 2022 | 2023 | 2024 | 2025,1959,1998,28,289,6104,2025,355,CAPTIVA,Captiva Sport,"Closest vPIC name match, but no sampled year-specific result corroborates it.",,Chevrolet,agreement,Captiva Sport,true,promotion_eligible,Latest-active reviewed MTO key; pass agreement is recomputed using case-insensitive model-family equivalence.,Reviewed two-pass MTO make/model inference using NCIC model-code abbreviations and NHTSA vPIC make/model examples (2026-08-12).
ontario_ministry_transport_vehicle_population,DODG,D20,COMMERCIAL,2014,2025,11,2014 | 2016 | 2017 | 2018 | 2019 | 2020 | 2021 | 2022 | 2023 | 2024 | 2025,1900,1993,40,437,4337,2025,355,D250 Pickup,Shadow,Code-to-name match is weak; selected from vPIC models with overlapping-year coverage.,Daytona | D250 Cab Chassis | Shadow,Dodge,disagreement,,true,promotion_eligible,Latest-active reviewed MTO key; pass agreement is recomputed using case-insensitive model-family equivalence.,Reviewed two-pass MTO make/model inference using NCIC model-code abbreviations and NHTSA vPIC make/model examples (2026-08-12).
ontario_ministry_transport_vehicle_population,VOLV,6VP,PASSENGER,2016,2025,10,2016 | 2017 | 2018 | 2019 | 2020 | 2021 | 2022 | 2023 | 2024 | 2025,2015,2018,2,18,3314,2025,355,V60,V60,,S60 | XC60 | V90,Volvo,agreement,V60,true,promotion_eligible,Latest-active reviewed MTO key; pass agreement is recomputed using case-insensitive model-family equivalence.,Reviewed two-pass MTO make/model inference using NCIC model-code abbreviations and NHTSA vPIC make/model examples (2026-08-12).
ontario_ministry_transport_vehicle_population,BMW,33X,PASSENGER,2014,2025,11,2014 | 2016 | 2017 | 2018 | 2019 | 2020 | 2021 | 2022 | 2023 | 2024 | 2025,2002,2006,5,55,7595,2025,354,3 Series,335,Generic Ontario code spans multiple vPIC models; this is the closest family match.,335 | 332 | 330,BMW,disagreement,,true,promotion_eligible,Latest-active reviewed MTO key; pass agreement is recomputed using case-insensitive model-family equivalence.,Reviewed two-pass MTO make/model inference using NCIC model-code abbreviations and NHTSA vPIC make/model examples (2026-08-12).
ontario_ministry_transport_vehicle_population,MERZ,CLA,PASSENGER,2025,2025,1,2025,1983,2026,15,15,354,2025,354,CLA-Class,CLA-Class,,,Mercedes-Benz,agreement,CLA-Class,true,promotion_eligible,Latest-active reviewed MTO key; pass agreement is recomputed using case-insensitive model-family equivalence.,Reviewed two-pass MTO make/model inference using NCIC model-code abbreviations and NHTSA vPIC make/model examples (2026-08-12).
ontario_ministry_transport_vehicle_population,BMW,Z3S,PASSENGER,2014,2025,11,2014 | 2016 | 2017 | 2018 | 2019 | 2020 | 2021 | 2022 | 2023 | 2024 | 2025,2006,2008,3,33,3708,2025,353,3 Series,Model unresolved,Ontario identifies only a vehicle family; vPIC does not support one unique model.,,BMW,disagreement,,true,promotion_eligible,Latest-active reviewed MTO key; pass agreement is recomputed using case-insensitive model-family equivalence.,Reviewed two-pass MTO make/model inference using NCIC model-code abbreviations and NHTSA vPIC make/model examples (2026-08-12).
ontario_ministry_transport_vehicle_population,CADI,CTV,PASSENGER,2014,2025,11,2014 | 2016 | 2017 | 2018 | 2019 | 2020 | 2021 | 2022 | 2023 | 2024 | 2025,2004,2019,14,147,4527,2025,352,CTS-V,CTS,"vPIC supports the model, but the Ontario abbreviation is not uniquely identifying.",CTS,Cadillac,agreement,CTS,true,promotion_eligible,Latest-active reviewed MTO key; pass agreement is recomputed using case-insensitive model-family equivalence.,Reviewed two-pass MTO make/model inference using NCIC model-code abbreviations and NHTSA vPIC make/model examples (2026-08-12).
ontario_ministry_transport_vehicle_population,PONT,SE1,PASSENGER,2014,2025,11,2014 | 2016 | 2017 | 2018 | 2019 | 2020 | 2021 | 2022 | 2023 | 2024 | 2025,2000,2004,5,55,31067,2025,351,Sunfire,Sunfire,,Aztek | Vibe | Grand Prix,Pontiac,agreement,Sunfire,true,promotion_eligible,Latest-active reviewed MTO key; pass agreement is recomputed using case-insensitive model-family equivalence.,Reviewed two-pass MTO make/model inference using NCIC model-code abbreviations and NHTSA vPIC make/model examples (2026-08-12).
ontario_ministry_transport_vehicle_population,BMW,525,PASSENGER,2014,2025,11,2014 | 2016 | 2017 | 2018 | 2019 | 2020 | 2021 | 2022 | 2023 | 2024 | 2025,1976,2007,29,312,6679,2025,350,525,525i,"vPIC supports the model, but the Ontario abbreviation is not uniquely identifying.",,BMW,agreement,525i,true,promotion_eligible,Latest-active reviewed MTO key; pass agreement is recomputed using case-insensitive model-family equivalence.,Reviewed two-pass MTO make/model inference using NCIC model-code abbreviations and NHTSA vPIC make/model examples (2026-08-12).
ontario_ministry_transport_vehicle_population,CHEV,K25,PASSENGER,2014,2025,11,2014 | 2016 | 2017 | 2018 | 2019 | 2020 | 2021 | 2022 | 2023 | 2024 | 2025,1976,2013,23,253,5183,2025,350,Pickup 2500,C/K Pickup,vPIC also supports S-10 Pickup; the code does not clearly distinguish them.,K2500 Pickup,Chevrolet,disagreement,,true,promotion_eligible,Latest-active reviewed MTO key; pass agreement is recomputed using case-insensitive model-family equivalence.,Reviewed two-pass MTO make/model inference using NCIC model-code abbreviations and NHTSA vPIC make/model examples (2026-08-12).
ontario_ministry_transport_vehicle_population,CHEV,SUB,PASSENGER,2025,2025,1,2025,1942,2026,59,59,350,2025,350,Suburban,Suburban,,,Chevrolet,agreement,Suburban,true,promotion_eligible,Latest-active reviewed MTO key; pass agreement is recomputed using case-insensitive model-family equivalence.,Reviewed two-pass MTO make/model inference using NCIC model-code abbreviations and NHTSA vPIC make/model examples (2026-08-12).
ontario_ministry_transport_vehicle_population,HYUN,PGS,PASSENGER,2014,2025,11,2014 | 2016 | 2017 | 2018 | 2019 | 2020 | 2021 | 2022 | 2023 | 2024 | 2025,2010,2010,1,11,5466,2025,350,Genesis,Genesis,,Sonata | Santa Fe | Tucson,Hyundai,agreement,Genesis,true,promotion_eligible,Latest-active reviewed MTO key; pass agreement is recomputed using case-insensitive model-family equivalence.,Reviewed two-pass MTO make/model inference using NCIC model-code abbreviations and NHTSA vPIC make/model examples (2026-08-12).
ontario_ministry_transport_vehicle_population,CHEV,CZ2,PASSENGER,2014,2025,11,2014 | 2016 | 2017 | 2018 | 2019 | 2020 | 2021 | 2022 | 2023 | 2024 | 2025,1969,2002,18,198,9034,2025,349,Pickup 2500,S-10 Pickup,vPIC also supports Caprice; the code does not clearly distinguish them.,C20 | CHEVY II | C/K 2500,Chevrolet,disagreement,,true,promotion_eligible,Latest-active reviewed MTO key; pass agreement is recomputed using case-insensitive model-family equivalence.,Reviewed two-pass MTO make/model inference using NCIC model-code abbreviations and NHTSA vPIC make/model examples (2026-08-12).
ontario_ministry_transport_vehicle_population,CHEV,S/V,PASSENGER,2014,2025,11,2014 | 2016 | 2017 | 2018 | 2019 | 2020 | 2021 | 2022 | 2023 | 2024 | 2025,1971,1998,18,198,4529,2025,348,Sport Van,Silverado,vPIC also supports Astro Van; the code does not clearly distinguish them.,SILVERADO,Chevrolet,disagreement,,true,promotion_eligible,Latest-active reviewed MTO key; pass agreement is recomputed using case-insensitive model-family equivalence.,Reviewed two-pass MTO make/model inference using NCIC model-code abbreviations and NHTSA vPIC make/model examples (2026-08-12).
ontario_ministry_transport_vehicle_population,MERZ,C2K,PASSENGER,2014,2025,11,2014 | 2016 | 2017 | 2018 | 2019 | 2020 | 2021 | 2022 | 2023 | 2024 | 2025,2003,2005,3,33,7432,2025,348,C320,Model unresolved,The Ontario abbreviation does not match a vPIC model closely enough.,C280 | C250 | C240,Mercedes-Benz,disagreement,,true,promotion_eligible,Latest-active reviewed MTO key; pass agreement is recomputed using case-insensitive model-family equivalence.,Reviewed two-pass MTO make/model inference using NCIC model-code abbreviations and NHTSA vPIC make/model examples (2026-08-12).
ontario_ministry_transport_vehicle_population,AUDI,C4V,PASSENGER,2016,2025,10,2016 | 2017 | 2018 | 2019 | 2020 | 2021 | 2022 | 2023 | 2024 | 2025,2016,2016,1,10,4001,2025,347,S4,S4,,A4,Audi,agreement,S4,true,promotion_eligible,Latest-active reviewed MTO key; pass agreement is recomputed using case-insensitive model-family equivalence.,Reviewed two-pass MTO make/model inference using NCIC model-code abbreviations and NHTSA vPIC make/model examples (2026-08-12).
ontario_ministry_transport_vehicle_population,CHEV,MHY,PASSENGER,2014,2025,11,2014 | 2016 | 2017 | 2018 | 2019 | 2020 | 2021 | 2022 | 2023 | 2024 | 2025,2008,2017,5,53,5404,2025,347,CHEYENNE,Malibu,vPIC also supports Impala; the code does not clearly distinguish them.,Malibu | Tahoe | Impala,Chevrolet,disagreement,,true,promotion_eligible,Latest-active reviewed MTO key; pass agreement is recomputed using case-insensitive model-family equivalence.,Reviewed two-pass MTO make/model inference using NCIC model-code abbreviations and NHTSA vPIC make/model examples (2026-08-12).
ontario_ministry_transport_vehicle_population,HYUN,GTL,PASSENGER,2014,2025,11,2014 | 2016 | 2017 | 2018 | 2019 | 2020 | 2021 | 2022 | 2023 | 2024 | 2025,2006,2006,1,11,12872,2025,347,Tucson,Tucson,,Tiburon | Elantra | Sonata,Hyundai,agreement,Tucson,true,promotion_eligible,Latest-active reviewed MTO key; pass agreement is recomputed using case-insensitive model-family equivalence.,Reviewed two-pass MTO make/model inference using NCIC model-code abbreviations and NHTSA vPIC make/model examples (2026-08-12).
ontario_ministry_transport_vehicle_population,JAGU,CKR,PASSENGER,2014,2025,11,2014 | 2016 | 2017 | 2018 | 2019 | 2020 | 2021 | 2022 | 2023 | 2024 | 2025,2000,2015,15,165,3942,2025,347,XKR,XK,"vPIC supports the model, but the Ontario abbreviation is not uniquely identifying.",XK,Jaguar,agreement,XK,true,promotion_eligible,Latest-active reviewed MTO key; pass agreement is recomputed using case-insensitive model-family equivalence.,Reviewed two-pass MTO make/model inference using NCIC model-code abbreviations and NHTSA vPIC make/model examples (2026-08-12).
ontario_ministry_transport_vehicle_population,DODG,DAS,PASSENGER,2014,2025,11,2014 | 2016 | 2017 | 2018 | 2019 | 2020 | 2021 | 2022 | 2023 | 2024 | 2025,1973,2016,5,54,4759,2025,346,Dynasty,Dynasty,"Closest vPIC name match, but no sampled year-specific result corroborates it.",D250 Cab Chassis | Dakota Cab Chassis | Dart,Dodge,agreement,Dynasty,true,promotion_eligible,Latest-active reviewed MTO key; pass agreement is recomputed using case-insensitive model-family equivalence.,Reviewed two-pass MTO make/model inference using NCIC model-code abbreviations and NHTSA vPIC make/model examples (2026-08-12).
ontario_ministry_transport_vehicle_population,JAGU,XET,PASSENGER,2017,2025,9,2017 | 2018 | 2019 | 2020 | 2021 | 2022 | 2023 | 2024 | 2025,2017,2020,4,31,3107,2025,346,XE,XE,,,Jaguar,agreement,XE,true,promotion_eligible,Latest-active reviewed MTO key; pass agreement is recomputed using case-insensitive model-family equivalence.,Reviewed two-pass MTO make/model inference using NCIC model-code abbreviations and NHTSA vPIC make/model examples (2026-08-12).
ontario_ministry_transport_vehicle_population,TRIU,SPT,PASSENGER,2014,2025,11,2014 | 2016 | 2017 | 2018 | 2019 | 2020 | 2021 | 2022 | 2023 | 2024 | 2025,1959,1982,22,242,4192,2025,346,SPITFIRE,Sprint RS,vPIC also supports Sprint; the code does not clearly distinguish them.,,Triumph,disagreement,,true,promotion_eligible,Latest-active reviewed MTO key; pass agreement is recomputed using case-insensitive model-family equivalence.,Reviewed two-pass MTO make/model inference using NCIC model-code abbreviations and NHTSA vPIC make/model examples (2026-08-12).
ontario_ministry_transport_vehicle_population,VOLK,7XG,PASSENGER,2023,2025,3,2023 | 2024 | 2025,2023,2023,1,3,1072,2025,346,GLI,GLI,"Closest vPIC name match, but no sampled year-specific result corroborates it.",Tiguan,Volkswagen,agreement,GLI,true,promotion_eligible,Latest-active reviewed MTO key; pass agreement is recomputed using case-insensitive model-family equivalence.,Reviewed two-pass MTO make/model inference using NCIC model-code abbreviations and NHTSA vPIC make/model examples (2026-08-12).
ontario_ministry_transport_vehicle_population,VOLV,V54,PASSENGER,2014,2025,11,2014 | 2016 | 2017 | 2018 | 2019 | 2020 | 2021 | 2022 | 2023 | 2024 | 2025,2005,2010,6,66,6507,2025,346,V50,V50,,V70 | S40,Volvo,agreement,V50,true,promotion_eligible,Latest-active reviewed MTO key; pass agreement is recomputed using case-insensitive model-family equivalence.,Reviewed two-pass MTO make/model inference using NCIC model-code abbreviations and NHTSA vPIC make/model examples (2026-08-12).
ontario_ministry_transport_vehicle_population,CHRY,SLI,PASSENGER,2014,2025,11,2014 | 2016 | 2017 | 2018 | 2019 | 2020 | 2021 | 2022 | 2023 | 2024 | 2025,1995,2004,10,110,14949,2025,345,SPIRIT,Sebring,Code-to-name match is weak; selected from vPIC models with overlapping-year coverage.,Sebring,Chrysler,disagreement,,true,promotion_eligible,Latest-active reviewed MTO key; pass agreement is recomputed using case-insensitive model-family equivalence.,Reviewed two-pass MTO make/model inference using NCIC model-code abbreviations and NHTSA vPIC make/model examples (2026-08-12).
ontario_ministry_transport_vehicle_population,HOND,ILX,PASSENGER,2014,2025,11,2014 | 2016 | 2017 | 2018 | 2019 | 2020 | 2021 | 2022 | 2023 | 2024 | 2025,2010,2012,3,33,4728,2025,344,Pilot,Pilot,,Insight | Ridgeline | Fit,Honda,agreement,Pilot,true,promotion_eligible,Latest-active reviewed MTO key; pass agreement is recomputed using case-insensitive model-family equivalence.,Reviewed two-pass MTO make/model inference using NCIC model-code abbreviations and NHTSA vPIC make/model examples (2026-08-12).
ontario_ministry_transport_vehicle_population,ACUR,ARL,PASSENGER,2014,2025,11,2014 | 2016 | 2017 | 2018 | 2019 | 2020 | 2021 | 2022 | 2023 | 2024 | 2025,2005,2012,8,88,5606,2025,343,RL,RL,,,Acura,agreement,RL,true,promotion_eligible,Latest-active reviewed MTO key; pass agreement is recomputed using case-insensitive model-family equivalence.,Reviewed two-pass MTO make/model inference using NCIC model-code abbreviations and NHTSA vPIC make/model examples (2026-08-12).
ontario_ministry_transport_vehicle_population,SMRT,SMS,PASSENGER,2014,2025,11,2014 | 2016 | 2017 | 2018 | 2019 | 2020 | 2021 | 2022 | 2023 | 2024 | 2025,2008,2015,7,77,4625,2025,343,PASSION (tentative),Fortwo,Code-to-name match is weak; selected from vPIC models with overlapping-year coverage.,fortwo,smart,disagreement,,true,promotion_eligible,Latest-active reviewed MTO key; pass agreement is recomputed using case-insensitive model-family equivalence.,Reviewed two-pass MTO make/model inference using NCIC model-code abbreviations and NHTSA vPIC make/model examples (2026-08-12).
ontario_ministry_transport_vehicle_population,STRN,RSK,PASSENGER,2014,2025,11,2014 | 2016 | 2017 | 2018 | 2019 | 2020 | 2021 | 2022 | 2023 | 2024 | 2025,2007,2009,3,33,3533,2025,343,SKY,Sky,,,Saturn,agreement,Sky,true,promotion_eligible,Latest-active reviewed MTO key; pass agreement is recomputed using case-insensitive model-family equivalence.,Reviewed two-pass MTO make/model inference using NCIC model-code abbreviations and NHTSA vPIC make/model examples (2026-08-12).
ontario_ministry_transport_vehicle_population,INFI,Q40,PASSENGER,2016,2025,10,2016 | 2017 | 2018 | 2019 | 2020 | 2021 | 2022 | 2023 | 2024 | 2025,2015,2018,4,35,3987,2025,342,Q40,Q40,,,Infiniti,agreement,Q40,true,promotion_eligible,Latest-active reviewed MTO key; pass agreement is recomputed using case-insensitive model-family equivalence.,Reviewed two-pass MTO make/model inference using NCIC model-code abbreviations and NHTSA vPIC make/model examples (2026-08-12).
ontario_ministry_transport_vehicle_population,MERZ,GL3,PASSENGER,2014,2025,11,2014 | 2016 | 2017 | 2018 | 2019 | 2020 | 2021 | 2022 | 2023 | 2024 | 2025,2007,2026,6,36,6476,2025,342,GL350,350,"Closest vPIC name match, but no sampled year-specific result corroborates it.",GL320,Mercedes-Benz,disagreement,,true,promotion_eligible,Latest-active reviewed MTO key; pass agreement is recomputed using case-insensitive model-family equivalence.,Reviewed two-pass MTO make/model inference using NCIC model-code abbreviations and NHTSA vPIC make/model examples (2026-08-12).
ontario_ministry_transport_vehicle_population,KIA,NIE,PASSENGER,2021,2025,5,2021 | 2022 | 2023 | 2024 | 2025,2019,2022,4,20,1516,2025,341,Niro,Niro,,,Kia,agreement,Niro,true,promotion_eligible,Latest-active reviewed MTO key; pass agreement is recomputed using case-insensitive model-family equivalence.,Reviewed two-pass MTO make/model inference using NCIC model-code abbreviations and NHTSA vPIC make/model examples (2026-08-12).
ontario_ministry_transport_vehicle_population,BUIC,ZPG,PASSENGER,2017,2025,9,2017 | 2018 | 2019 | 2020 | 2021 | 2022 | 2023 | 2024 | 2025,2017,2019,3,26,3019,2025,340,Regal,Regal,,,Buick,agreement,Regal,true,promotion_eligible,Latest-active reviewed MTO key; pass agreement is recomputed using case-insensitive model-family equivalence.,Reviewed two-pass MTO make/model inference using NCIC model-code abbreviations and NHTSA vPIC make/model examples (2026-08-12).
ontario_ministry_transport_vehicle_population,TOYT,GTF,PASSENGER,2014,2025,11,2014 | 2016 | 2017 | 2018 | 2019 | 2020 | 2021 | 2022 | 2023 | 2024 | 2025,1986,2005,14,154,5026,2025,340,Tercel,Tercel,,Tacoma | Tundra | Land Cruiser,Toyota,agreement,Tercel,true,promotion_eligible,Latest-active reviewed MTO key; pass agreement is recomputed using case-insensitive model-family equivalence.,Reviewed two-pass MTO make/model inference using NCIC model-code abbreviations and NHTSA vPIC make/model examples (2026-08-12).
ontario_ministry_transport_vehicle_population,MERZ,SLR,PASSENGER,2014,2025,11,2014 | 2016 | 2017 | 2018 | 2019 | 2020 | 2021 | 2022 | 2023 | 2024 | 2025,2003,2009,4,42,3865,2025,339,SLR,SLR McLaren,"vPIC supports the model, but the Ontario abbreviation is not uniquely identifying.",,Mercedes-Benz,agreement,SLR McLaren,true,promotion_eligible,Latest-active reviewed MTO key; pass agreement is recomputed using case-insensitive model-family equivalence.,Reviewed two-pass MTO make/model inference using NCIC model-code abbreviations and NHTSA vPIC make/model examples (2026-08-12).
ontario_ministry_transport_vehicle_population,VOLK,CLU,PASSENGER,2014,2025,11,2014 | 2016 | 2017 | 2018 | 2019 | 2020 | 2021 | 2022 | 2023 | 2024 | 2025,1967,2015,9,89,5644,2025,339,CC,CC,,Cabriolet | Beetle | Cabrio,Volkswagen,agreement,CC,true,promotion_eligible,Latest-active reviewed MTO key; pass agreement is recomputed using case-insensitive model-family equivalence.,Reviewed two-pass MTO make/model inference using NCIC model-code abbreviations and NHTSA vPIC make/model examples (2026-08-12).
ontario_ministry_transport_vehicle_population,BUIC,SKY,PASSENGER,2014,2025,11,2014 | 2016 | 2017 | 2018 | 2019 | 2020 | 2021 | 2022 | 2023 | 2024 | 2025,1953,1998,40,440,4118,2025,338,Skylark,Skylark,,Skyhawk,Buick,agreement,Skylark,true,promotion_eligible,Latest-active reviewed MTO key; pass agreement is recomputed using case-insensitive model-family equivalence.,Reviewed two-pass MTO make/model inference using NCIC model-code abbreviations and NHTSA vPIC make/model examples (2026-08-12).
ontario_ministry_transport_vehicle_population,HYUN,AZL,PASSENGER,2014,2025,11,2014 | 2016 | 2017 | 2018 | 2019 | 2020 | 2021 | 2022 | 2023 | 2024 | 2025,2006,2009,4,44,6272,2025,338,Azera,Azera,,,Hyundai,agreement,Azera,true,promotion_eligible,Latest-active reviewed MTO key; pass agreement is recomputed using case-insensitive model-family equivalence.,Reviewed two-pass MTO make/model inference using NCIC model-code abbreviations and NHTSA vPIC make/model examples (2026-08-12).
ontario_ministry_transport_vehicle_population,BMW,75I,PASSENGER,2014,2025,11,2014 | 2016 | 2017 | 2018 | 2019 | 2020 | 2021 | 2022 | 2023 | 2024 | 2025,1988,2021,13,125,5619,2025,337,7 Series,Model unresolved,Ontario identifies only a vehicle family; vPIC does not support one unique model.,5 Series,BMW,disagreement,,true,promotion_eligible,Latest-active reviewed MTO key; pass agreement is recomputed using case-insensitive model-family equivalence.,Reviewed two-pass MTO make/model inference using NCIC model-code abbreviations and NHTSA vPIC make/model examples (2026-08-12).
ontario_ministry_transport_vehicle_population,INTL,90S,COMMERCIAL,2014,2025,11,2014 | 2016 | 2017 | 2018 | 2019 | 2020 | 2021 | 2022 | 2023 | 2024 | 2025,1989,2000,12,132,5749,2025,337,9000 Series,900,Generic Ontario code spans multiple vPIC models; this is the closest family match.,,International,agreement,900,true,promotion_eligible,Latest-active reviewed MTO key; pass agreement is recomputed using case-insensitive model-family equivalence.,Reviewed two-pass MTO make/model inference using NCIC model-code abbreviations and NHTSA vPIC make/model examples (2026-08-12).
ontario_ministry_transport_vehicle_population,MERZ,1KG,PASSENGER,2023,2025,3,2023 | 2024 | 2025,2020,2023,4,12,1000,2025,337,AMG GT,AMG GT,,G-Class | GLS-Class | GLE-Class,Mercedes-Benz,agreement,AMG GT,true,promotion_eligible,Latest-active reviewed MTO key; pass agreement is recomputed using case-insensitive model-family equivalence.,Reviewed two-pass MTO make/model inference using NCIC model-code abbreviations and NHTSA vPIC make/model examples (2026-08-12).
ontario_ministry_transport_vehicle_population,AUDI,RCP,PASSENGER,2023,2025,3,2023 | 2024 | 2025,2015,2025,8,23,866,2025,336,R8,R8,,RS | RS 7 | RS Q8,Audi,agreement,R8,true,promotion_eligible,Latest-active reviewed MTO key; pass agreement is recomputed using case-insensitive model-family equivalence.,Reviewed two-pass MTO make/model inference using NCIC model-code abbreviations and NHTSA vPIC make/model examples (2026-08-12).
ontario_ministry_transport_vehicle_population,PONT,GAS,PASSENGER,2014,2025,11,2014 | 2016 | 2017 | 2018 | 2019 | 2020 | 2021 | 2022 | 2023 | 2024 | 2025,1978,2005,21,231,29980,2025,336,Grand Am,Grand AM,,Grand Prix | G6 | GTO,Pontiac,agreement,Grand AM,true,promotion_eligible,Latest-active reviewed MTO key; pass agreement is recomputed using case-insensitive model-family equivalence.,Reviewed two-pass MTO make/model inference using NCIC model-code abbreviations and NHTSA vPIC make/model examples (2026-08-12).
ontario_ministry_transport_vehicle_population,SPAR,LA4,COMMERCIAL,2021,2025,5,2021 | 2022 | 2023 | 2024 | 2025,1993,2025,31,147,1364,2025,336,Spartan chassis (model unresolved),Gladiator,,K4 | Mountain Master | Gladiator,Spartan,disagreement,,true,promotion_eligible,Latest-active reviewed MTO key; pass agreement is recomputed using case-insensitive model-family equivalence.,Reviewed two-pass MTO make/model inference using NCIC model-code abbreviations and NHTSA vPIC make/model examples (2026-08-12).
ontario_ministry_transport_vehicle_population,ACUR,CPN,PASSENGER,2014,2025,11,2014 | 2016 | 2017 | 2018 | 2019 | 2020 | 2021 | 2022 | 2023 | 2024 | 2025,2007,2007,1,11,5229,2025,335,TSX (tentative),TSX,,CSX | TL | RL,Acura,agreement,TSX,true,promotion_eligible,Latest-active reviewed MTO key; pass agreement is recomputed using case-insensitive model-family equivalence.,Reviewed two-pass MTO make/model inference using NCIC model-code abbreviations and NHTSA vPIC make/model examples (2026-08-12).
ontario_ministry_transport_vehicle_population,VOLV,S6S,PASSENGER,2017,2025,9,2017 | 2018 | 2019 | 2020 | 2021 | 2022 | 2023 | 2024 | 2025,2015,2018,3,27,2950,2025,335,S60,S60,,V60 | XC60,Volvo,agreement,S60,true,promotion_eligible,Latest-active reviewed MTO key; pass agreement is recomputed using case-insensitive model-family equivalence.,Reviewed two-pass MTO make/model inference using NCIC model-code abbreviations and NHTSA vPIC make/model examples (2026-08-12).
ontario_ministry_transport_vehicle_population,CADI,C3E,PASSENGER,2025,2025,1,2025,2026,2026,1,1,334,2025,334,CELESTIQ,Celestiq,,,Cadillac,agreement,Celestiq,true,promotion_eligible,Latest-active reviewed MTO key; pass agreement is recomputed using case-insensitive model-family equivalence.,Reviewed two-pass MTO make/model inference using NCIC model-code abbreviations and NHTSA vPIC make/model examples (2026-08-12).
ontario_ministry_transport_vehicle_population,HOND,KHE,PASSENGER,2025,2025,1,2025,2024,2025,2,2,334,2025,334,HR-V,HR-V,,Prologue | CR-V | Odyssey,Honda,agreement,HR-V,true,promotion_eligible,Latest-active reviewed MTO key; pass agreement is recomputed using case-insensitive model-family equivalence.,Reviewed two-pass MTO make/model inference using NCIC model-code abbreviations and NHTSA vPIC make/model examples (2026-08-12).
ontario_ministry_transport_vehicle_population,AUDI,EPG,PASSENGER,2017,2025,9,2017 | 2018 | 2019 | 2020 | 2021 | 2022 | 2023 | 2024 | 2025,2016,2018,3,27,3182,2025,332,E TRON GT (tentative),e-tron GT,"Closest vPIC name match, but no sampled year-specific result corroborates it.",TT Roadster | E TRON SPORTBACK SUV E TRON ELECTRIC | TTS,Audi,agreement,e-tron GT,true,promotion_eligible,Latest-active reviewed MTO key; pass agreement is recomputed using case-insensitive model-family equivalence.,Reviewed two-pass MTO make/model inference using NCIC model-code abbreviations and NHTSA vPIC make/model examples (2026-08-12).
ontario_ministry_transport_vehicle_population,KIA,OSL,PASSENGER,2017,2025,9,2017 | 2018 | 2019 | 2020 | 2021 | 2022 | 2023 | 2024 | 2025,2016,2019,4,35,3116,2025,331,Soul,Soul,,,Kia,agreement,Soul,true,promotion_eligible,Latest-active reviewed MTO key; pass agreement is recomputed using case-insensitive model-family equivalence.,Reviewed two-pass MTO make/model inference using NCIC model-code abbreviations and NHTSA vPIC make/model examples (2026-08-12).
ontario_ministry_transport_vehicle_population,CHRY,SJI,PASSENGER,2014,2025,11,2014 | 2016 | 2017 | 2018 | 2019 | 2020 | 2021 | 2022 | 2023 | 2024 | 2025,1996,2000,5,55,6297,2025,329,SPIRIT,Sebring,Code-to-name match is weak; selected from vPIC models with overlapping-year coverage.,Sebring,Chrysler,disagreement,,true,promotion_eligible,Latest-active reviewed MTO key; pass agreement is recomputed using case-insensitive model-family equivalence.,Reviewed two-pass MTO make/model inference using NCIC model-code abbreviations and NHTSA vPIC make/model examples (2026-08-12).
ontario_ministry_transport_vehicle_population,PONT,WAV,PASSENGER,2014,2025,11,2014 | 2016 | 2017 | 2018 | 2019 | 2020 | 2021 | 2022 | 2023 | 2024 | 2025,2005,2008,4,44,13741,2025,329,Wave,Wave,,,Pontiac,agreement,Wave,true,promotion_eligible,Latest-active reviewed MTO key; pass agreement is recomputed using case-insensitive model-family equivalence.,Reviewed two-pass MTO make/model inference using NCIC model-code abbreviations and NHTSA vPIC make/model examples (2026-08-12).
ontario_ministry_transport_vehicle_population,AUDI,C4K,PASSENGER,2016,2025,10,2016 | 2017 | 2018 | 2019 | 2020 | 2021 | 2022 | 2023 | 2024 | 2025,2016,2016,1,10,3496,2025,328,S4,S4,,A4,Audi,agreement,S4,true,promotion_eligible,Latest-active reviewed MTO key; pass agreement is recomputed using case-insensitive model-family equivalence.,Reviewed two-pass MTO make/model inference using NCIC model-code abbreviations and NHTSA vPIC make/model examples (2026-08-12).
ontario_ministry_transport_vehicle_population,BMW,7CX,PASSENGER,2017,2025,9,2017 | 2018 | 2019 | 2020 | 2021 | 2022 | 2023 | 2024 | 2025,2016,2019,4,35,3273,2025,328,7 Series,X7,Generic Ontario code spans multiple vPIC models; this is the closest family match.,X7,BMW,disagreement,,true,promotion_eligible,Latest-active reviewed MTO key; pass agreement is recomputed using case-insensitive model-family equivalence.,Reviewed two-pass MTO make/model inference using NCIC model-code abbreviations and NHTSA vPIC make/model examples (2026-08-12).
ontario_ministry_transport_vehicle_population,DODG,RT8,PASSENGER,2014,2025,11,2014 | 2016 | 2017 | 2018 | 2019 | 2020 | 2021 | 2022 | 2023 | 2024 | 2025,1973,2015,10,109,4062,2025,326,Dart,Dart,,Stratus | Spirit | Viper,Dodge,agreement,Dart,true,promotion_eligible,Latest-active reviewed MTO key; pass agreement is recomputed using case-insensitive model-family equivalence.,Reviewed two-pass MTO make/model inference using NCIC model-code abbreviations and NHTSA vPIC make/model examples (2026-08-12).
ontario_ministry_transport_vehicle_population,ACUR,TST,PASSENGER,2014,2025,11,2014 | 2016 | 2017 | 2018 | 2019 | 2020 | 2021 | 2022 | 2023 | 2024 | 2025,2012,2014,3,29,3855,2025,325,TSX,TSX,,,Acura,agreement,TSX,true,promotion_eligible,Latest-active reviewed MTO key; pass agreement is recomputed using case-insensitive model-family equivalence.,Reviewed two-pass MTO make/model inference using NCIC model-code abbreviations and NHTSA vPIC make/model examples (2026-08-12).
ontario_ministry_transport_vehicle_population,BUIC,ZSG,PASSENGER,2018,2025,8,2018 | 2019 | 2020 | 2021 | 2022 | 2023 | 2024 | 2025,2017,2019,3,24,2722,2025,325,Regal,Regal,,Cascada | Envision | LaCrosse,Buick,agreement,Regal,true,promotion_eligible,Latest-active reviewed MTO key; pass agreement is recomputed using case-insensitive model-family equivalence.,Reviewed two-pass MTO make/model inference using NCIC model-code abbreviations and NHTSA vPIC make/model examples (2026-08-12).
ontario_ministry_transport_vehicle_population,DODG,CRC,PASSENGER,2022,2025,4,2022 | 2023 | 2024 | 2025,1980,2023,9,35,1179,2025,325,Caravan/Grand Caravan,Caravan/Grand Caravan,vPIC also supports Caravan; the code does not clearly distinguish them.,Charger | Caravan C/V/Grand Caravan | Caravan/Grand Caravan/Ram Van,Dodge,agreement,Caravan/Grand Caravan,true,promotion_eligible,Latest-active reviewed MTO key; pass agreement is recomputed using case-insensitive model-family equivalence.,Reviewed two-pass MTO make/model inference using NCIC model-code abbreviations and NHTSA vPIC make/model examples (2026-08-12).
ontario_ministry_transport_vehicle_population,KIA,AFE,PASSENGER,2025,2025,1,2025,2024,2026,3,3,325,2025,325,AVELLA,Model unresolved,The Ontario abbreviation does not match a vPIC model closely enough.,,Kia,disagreement,,true,promotion_eligible,Latest-active reviewed MTO key; pass agreement is recomputed using case-insensitive model-family equivalence.,Reviewed two-pass MTO make/model inference using NCIC model-code abbreviations and NHTSA vPIC make/model examples (2026-08-12).
ontario_ministry_transport_vehicle_population,PORS,BGG,PASSENGER,2023,2025,3,2023 | 2024 | 2025,2021,2026,5,12,785,2025,324,Taycan (tentative),Taycan,,Panamera | Macan | Cayenne,Porsche,agreement,Taycan,true,promotion_eligible,Latest-active reviewed MTO key; pass agreement is recomputed using case-insensitive model-family equivalence.,Reviewed two-pass MTO make/model inference using NCIC model-code abbreviations and NHTSA vPIC make/model examples (2026-08-12).
ontario_ministry_transport_vehicle_population,PONT,8GT,PASSENGER,2014,2025,11,2014 | 2016 | 2017 | 2018 | 2019 | 2020 | 2021 | 2022 | 2023 | 2024 | 2025,2008,2009,2,22,3917,2025,323,G8,G8,,G6 | G5 | Grand Prix,Pontiac,agreement,G8,true,promotion_eligible,Latest-active reviewed MTO key; pass agreement is recomputed using case-insensitive model-family equivalence.,Reviewed two-pass MTO make/model inference using NCIC model-code abbreviations and NHTSA vPIC make/model examples (2026-08-12).
ontario_ministry_transport_vehicle_population,SUBA,WLE,PASSENGER,2018,2025,7,2018 | 2019 | 2021 | 2022 | 2023 | 2024 | 2025,2018,2021,2,12,2008,2025,323,Legacy,Legacy,,,Subaru,agreement,Legacy,true,promotion_eligible,Latest-active reviewed MTO key; pass agreement is recomputed using case-insensitive model-family equivalence.,Reviewed two-pass MTO make/model inference using NCIC model-code abbreviations and NHTSA vPIC make/model examples (2026-08-12).
ontario_ministry_transport_vehicle_population,BUIC,R/G,PASSENGER,2014,2025,11,2014 | 2016 | 2017 | 2018 | 2019 | 2020 | 2021 | 2022 | 2023 | 2024 | 2025,1997,2017,13,141,5702,2025,322,Regal,Regal,,,Buick,agreement,Regal,true,promotion_eligible,Latest-active reviewed MTO key; pass agreement is recomputed using case-insensitive model-family equivalence.,Reviewed two-pass MTO make/model inference using NCIC model-code abbreviations and NHTSA vPIC make/model examples (2026-08-12).
ontario_ministry_transport_vehicle_population,JAGU,FCS,PASSENGER,2016,2025,10,2016 | 2017 | 2018 | 2019 | 2020 | 2021 | 2022 | 2023 | 2024 | 2025,2014,2017,4,40,3298,2025,322,F-Pace,F-PACE,,,Jaguar,agreement,F-PACE,true,promotion_eligible,Latest-active reviewed MTO key; pass agreement is recomputed using case-insensitive model-family equivalence.,Reviewed two-pass MTO make/model inference using NCIC model-code abbreviations and NHTSA vPIC make/model examples (2026-08-12).
ontario_ministry_transport_vehicle_population,VOLK,GSE,PASSENGER,2016,2025,10,2016 | 2017 | 2018 | 2019 | 2020 | 2021 | 2022 | 2023 | 2024 | 2025,2015,2015,1,10,3137,2025,322,Eos,Eos,,Jetta | Tiguan | Passat,Volkswagen,agreement,Eos,true,promotion_eligible,Latest-active reviewed MTO key; pass agreement is recomputed using case-insensitive model-family equivalence.,Reviewed two-pass MTO make/model inference using NCIC model-code abbreviations and NHTSA vPIC make/model examples (2026-08-12).
ontario_ministry_transport_vehicle_population,AUDI,A5P,PASSENGER,2014,2025,11,2014 | 2016 | 2017 | 2018 | 2019 | 2020 | 2021 | 2022 | 2023 | 2024 | 2025,2010,2014,5,55,4427,2025,321,A5,A5,,,Audi,agreement,A5,true,promotion_eligible,Latest-active reviewed MTO key; pass agreement is recomputed using case-insensitive model-family equivalence.,Reviewed two-pass MTO make/model inference using NCIC model-code abbreviations and NHTSA vPIC make/model examples (2026-08-12).
ontario_ministry_transport_vehicle_population,BMW,XIT,PASSENGER,2014,2025,11,2014 | 2016 | 2017 | 2018 | 2019 | 2020 | 2021 | 2022 | 2023 | 2024 | 2025,2007,2010,4,44,4050,2025,321,X5,X5,,X3 | X6 | 7 Series,BMW,agreement,X5,true,promotion_eligible,Latest-active reviewed MTO key; pass agreement is recomputed using case-insensitive model-family equivalence.,Reviewed two-pass MTO make/model inference using NCIC model-code abbreviations and NHTSA vPIC make/model examples (2026-08-12).
ontario_ministry_transport_vehicle_population,FORD,COL,COMMERCIAL,2014,2025,11,2014 | 2016 | 2017 | 2018 | 2019 | 2020 | 2021 | 2022 | 2023 | 2024 | 2025,1975,2025,24,226,9919,2025,321,E250 Econoline,E-250,"vPIC supports the model, but the Ontario abbreviation is not uniquely identifying.",E150 Econoline | COBRA (ALSO SEE MAKE SHELBY | COUNTRY SEDAN,Ford,agreement,E-250,true,promotion_eligible,Latest-active reviewed MTO key; pass agreement is recomputed using case-insensitive model-family equivalence.,Reviewed two-pass MTO make/model inference using NCIC model-code abbreviations and NHTSA vPIC make/model examples (2026-08-12).
ontario_ministry_transport_vehicle_population,GENS,GN5,PASSENGER,2018,2025,8,2018 | 2019 | 2020 | 2021 | 2022 | 2023 | 2024 | 2025,2017,2019,3,24,2629,2025,321,G90,G90,,G80 | G70,Genesis,agreement,G90,true,promotion_eligible,Latest-active reviewed MTO key; pass agreement is recomputed using case-insensitive model-family equivalence.,Reviewed two-pass MTO make/model inference using NCIC model-code abbreviations and NHTSA vPIC make/model examples (2026-08-12).
ontario_ministry_transport_vehicle_population,LAMO,CAG,PASSENGER,2022,2025,4,2022 | 2023 | 2024 | 2025,2019,2024,6,21,1231,2025,320,Huracan,Huracan,,Aventador | Urus | Revuelto,Lamborghini,agreement,Huracan,true,promotion_eligible,Latest-active reviewed MTO key; pass agreement is recomputed using case-insensitive model-family equivalence.,Reviewed two-pass MTO make/model inference using NCIC model-code abbreviations and NHTSA vPIC make/model examples (2026-08-12).
ontario_ministry_transport_vehicle_population,PORS,9NC,PASSENGER,2014,2025,11,2014 | 2016 | 2017 | 2018 | 2019 | 2020 | 2021 | 2022 | 2023 | 2024 | 2025,2005,2009,5,55,3606,2025,320,911,911,,Turbo 4 911 Cab | Cayenne | Turbo 4 911 Cab Kit,Porsche,agreement,911,true,promotion_eligible,Latest-active reviewed MTO key; pass agreement is recomputed using case-insensitive model-family equivalence.,Reviewed two-pass MTO make/model inference using NCIC model-code abbreviations and NHTSA vPIC make/model examples (2026-08-12).
ontario_ministry_transport_vehicle_population,VOLK,BTO,PASSENGER,2014,2025,11,2014 | 2016 | 2017 | 2018 | 2019 | 2020 | 2021 | 2022 | 2023 | 2024 | 2025,2012,2015,4,44,3595,2025,320,Touareg,Touareg,,Eos | Beetle | TAOS,Volkswagen,agreement,Touareg,true,promotion_eligible,Latest-active reviewed MTO key; pass agreement is recomputed using case-insensitive model-family equivalence.,Reviewed two-pass MTO make/model inference using NCIC model-code abbreviations and NHTSA vPIC make/model examples (2026-08-12).
ontario_ministry_transport_vehicle_population,FORD,FEV,PASSENGER,2017,2025,9,2017 | 2018 | 2019 | 2020 | 2021 | 2022 | 2023 | 2024 | 2025,2012,2018,7,63,2995,2025,319,Fiesta,Fiesta,,FESTIVA,Ford,agreement,Fiesta,true,promotion_eligible,Latest-active reviewed MTO key; pass agreement is recomputed using case-insensitive model-family equivalence.,Reviewed two-pass MTO make/model inference using NCIC model-code abbreviations and NHTSA vPIC make/model examples (2026-08-12).
ontario_ministry_transport_vehicle_population,MITS,LEG,PASSENGER,2014,2025,11,2014 | 2016 | 2017 | 2018 | 2019 | 2020 | 2021 | 2022 | 2023 | 2024 | 2025,1996,2015,10,102,3528,2025,319,Lancer,Lancer,,Eclipse | Galant,Mitsubishi,agreement,Lancer,true,promotion_eligible,Latest-active reviewed MTO key; pass agreement is recomputed using case-insensitive model-family equivalence.,Reviewed two-pass MTO make/model inference using NCIC model-code abbreviations and NHTSA vPIC make/model examples (2026-08-12).
ontario_ministry_transport_vehicle_population,SUZI,SXA,PASSENGER,2014,2025,11,2014 | 2016 | 2017 | 2018 | 2019 | 2020 | 2021 | 2022 | 2023 | 2024 | 2025,2007,2013,5,55,4751,2025,318,SX4,SX4,,,Suzuki,agreement,SX4,true,promotion_eligible,Latest-active reviewed MTO key; pass agreement is recomputed using case-insensitive model-family equivalence.,Reviewed two-pass MTO make/model inference using NCIC model-code abbreviations and NHTSA vPIC make/model examples (2026-08-12).
ontario_ministry_transport_vehicle_population,CHEV,ISS,PASSENGER,2014,2025,11,2014 | 2016 | 2017 | 2018 | 2019 | 2020 | 2021 | 2022 | 2023 | 2024 | 2025,1962,2009,9,99,6320,2025,317,SSR,SSR,,Impala | SS | Suburban,Chevrolet,agreement,SSR,true,promotion_eligible,Latest-active reviewed MTO key; pass agreement is recomputed using case-insensitive model-family equivalence.,Reviewed two-pass MTO make/model inference using NCIC model-code abbreviations and NHTSA vPIC make/model examples (2026-08-12).
ontario_ministry_transport_vehicle_population,INTL,HX6,COMMERCIAL,2021,2025,5,2021 | 2022 | 2023 | 2024 | 2025,2017,2026,10,40,1468,2025,317,HX62Z,HX62Z,,HX62X | HX62F | HX620,International,agreement,HX62Z,true,promotion_eligible,Latest-active reviewed MTO key; pass agreement is recomputed using case-insensitive model-family equivalence.,Reviewed two-pass MTO make/model inference using NCIC model-code abbreviations and NHTSA vPIC make/model examples (2026-08-12).
ontario_ministry_transport_vehicle_population,AUDI,SC5,PASSENGER,2016,2025,10,2016 | 2017 | 2018 | 2019 | 2020 | 2021 | 2022 | 2023 | 2024 | 2025,2015,2019,5,46,3411,2025,316,SQ5,SQ5,,S5,Audi,agreement,SQ5,true,promotion_eligible,Latest-active reviewed MTO key; pass agreement is recomputed using case-insensitive model-family equivalence.,Reviewed two-pass MTO make/model inference using NCIC model-code abbreviations and NHTSA vPIC make/model examples (2026-08-12).
ontario_ministry_transport_vehicle_population,BMW,2UG,PASSENGER,2020,2025,6,2020 | 2021 | 2022 | 2023 | 2024 | 2025,2019,2021,3,18,1919,2025,316,X2,X2,,2 Series,BMW,agreement,X2,true,promotion_eligible,Latest-active reviewed MTO key; pass agreement is recomputed using case-insensitive model-family equivalence.,Reviewed two-pass MTO make/model inference using NCIC model-code abbreviations and NHTSA vPIC make/model examples (2026-08-12).
ontario_ministry_transport_vehicle_population,PONT,G6E,PASSENGER,2014,2025,11,2014 | 2016 | 2017 | 2018 | 2019 | 2020 | 2021 | 2022 | 2023 | 2024 | 2025,2006,2006,1,11,12809,2025,316,G6,G6,,,Pontiac,agreement,G6,true,promotion_eligible,Latest-active reviewed MTO key; pass agreement is recomputed using case-insensitive model-family equivalence.,Reviewed two-pass MTO make/model inference using NCIC model-code abbreviations and NHTSA vPIC make/model examples (2026-08-12).
ontario_ministry_transport_vehicle_population,MERZ,EWM,PASSENGER,2014,2025,11,2014 | 2016 | 2017 | 2018 | 2019 | 2020 | 2021 | 2022 | 2023 | 2024 | 2025,2006,2016,9,85,3793,2025,315,E-Class,E-Class,,ML-Class | SLK-Class | S-Class,Mercedes-Benz,agreement,E-Class,true,promotion_eligible,Latest-active reviewed MTO key; pass agreement is recomputed using case-insensitive model-family equivalence.,Reviewed two-pass MTO make/model inference using NCIC model-code abbreviations and NHTSA vPIC make/model examples (2026-08-12).
ontario_ministry_transport_vehicle_population,ACUR,TXB,PASSENGER,2016,2025,10,2016 | 2017 | 2018 | 2019 | 2020 | 2021 | 2022 | 2023 | 2024 | 2025,2015,2020,5,41,3084,2025,314,TLX,TLX,,,Acura,agreement,TLX,true,promotion_eligible,Latest-active reviewed MTO key; pass agreement is recomputed using case-insensitive model-family equivalence.,Reviewed two-pass MTO make/model inference using NCIC model-code abbreviations and NHTSA vPIC make/model examples (2026-08-12).
ontario_ministry_transport_vehicle_population,AUST,MIN,PASSENGER,2014,2025,11,2014 | 2016 | 2017 | 2018 | 2019 | 2020 | 2021 | 2022 | 2023 | 2024 | 2025,1919,1993,37,391,3612,2025,314,MINI,Model unresolved,No model list was returned by vPIC for this make.,,Austin,disagreement,,true,promotion_eligible,Latest-active reviewed MTO key; pass agreement is recomputed using case-insensitive model-family equivalence.,Reviewed two-pass MTO make/model inference using NCIC model-code abbreviations and NHTSA vPIC make/model examples (2026-08-12).
ontario_ministry_transport_vehicle_population,GMC,22N,COMMERCIAL,2019,2025,7,2019 | 2020 | 2021 | 2022 | 2023 | 2024 | 2025,2019,2019,1,7,2196,2025,314,Terrain,Terrain,,Canyon | Yukon | Sierra,GMC,agreement,Terrain,true,promotion_eligible,Latest-active reviewed MTO key; pass agreement is recomputed using case-insensitive model-family equivalence.,Reviewed two-pass MTO make/model inference using NCIC model-code abbreviations and NHTSA vPIC make/model examples (2026-08-12).
ontario_ministry_transport_vehicle_population,HOND,FDX,PASSENGER,2014,2025,11,2014 | 2016 | 2017 | 2018 | 2019 | 2020 | 2021 | 2022 | 2023 | 2024 | 2025,2007,2020,11,106,4897,2025,314,Fit,Fit,,FCX FUEL CELL VEHICLE | Odyssey,Honda,agreement,Fit,true,promotion_eligible,Latest-active reviewed MTO key; pass agreement is recomputed using case-insensitive model-family equivalence.,Reviewed two-pass MTO make/model inference using NCIC model-code abbreviations and NHTSA vPIC make/model examples (2026-08-12).
ontario_ministry_transport_vehicle_population,MERZ,GAG,PASSENGER,2016,2025,10,2016 | 2017 | 2018 | 2019 | 2020 | 2021 | 2022 | 2023 | 2024 | 2025,2015,2019,5,47,3475,2025,314,G-Class,G-Class,,GLA-Class | GLE-Class | GLC-Class,Mercedes-Benz,agreement,G-Class,true,promotion_eligible,Latest-active reviewed MTO key; pass agreement is recomputed using case-insensitive model-family equivalence.,Reviewed two-pass MTO make/model inference using NCIC model-code abbreviations and NHTSA vPIC make/model examples (2026-08-12).
ontario_ministry_transport_vehicle_population,AUDI,AT3,PASSENGER,2014,2025,11,2014 | 2016 | 2017 | 2018 | 2019 | 2020 | 2021 | 2022 | 2023 | 2024 | 2025,2004,2008,4,44,3508,2025,313,A3,A3,,,Audi,agreement,A3,true,promotion_eligible,Latest-active reviewed MTO key; pass agreement is recomputed using case-insensitive model-family equivalence.,Reviewed two-pass MTO make/model inference using NCIC model-code abbreviations and NHTSA vPIC make/model examples (2026-08-12).
ontario_ministry_transport_vehicle_population,AUDI,Q8,PASSENGER,2025,2025,1,2025,2025,2026,2,2,313,2025,313,Q8,Q8,,,Audi,agreement,Q8,true,promotion_eligible,Latest-active reviewed MTO key; pass agreement is recomputed using case-insensitive model-family equivalence.,Reviewed two-pass MTO make/model inference using NCIC model-code abbreviations and NHTSA vPIC make/model examples (2026-08-12).
ontario_ministry_transport_vehicle_population,INFI,M7X,PASSENGER,2014,2025,11,2014 | 2016 | 2017 | 2018 | 2019 | 2020 | 2021 | 2022 | 2023 | 2024 | 2025,2011,2013,3,33,4611,2025,313,M37,M37,,,Infiniti,agreement,M37,true,promotion_eligible,Latest-active reviewed MTO key; pass agreement is recomputed using case-insensitive model-family equivalence.,Reviewed two-pass MTO make/model inference using NCIC model-code abbreviations and NHTSA vPIC make/model examples (2026-08-12).
ontario_ministry_transport_vehicle_population,AUDI,A4A,PASSENGER,2014,2025,11,2014 | 2016 | 2017 | 2018 | 2019 | 2020 | 2021 | 2022 | 2023 | 2024 | 2025,1999,2025,16,139,6244,2025,312,A4,A4,,,Audi,agreement,A4,true,promotion_eligible,Latest-active reviewed MTO key; pass agreement is recomputed using case-insensitive model-family equivalence.,Reviewed two-pass MTO make/model inference using NCIC model-code abbreviations and NHTSA vPIC make/model examples (2026-08-12).
ontario_ministry_transport_vehicle_population,DODG,DLI,PASSENGER,2014,2025,11,2014 | 2016 | 2017 | 2018 | 2019 | 2020 | 2021 | 2022 | 2023 | 2024 | 2025,2013,2013,1,11,4533,2025,312,Dart (tentative),Dart,,Durango | Challenger | Grand Caravan,Dodge,agreement,Dart,true,promotion_eligible,Latest-active reviewed MTO key; pass agreement is recomputed using case-insensitive model-family equivalence.,Reviewed two-pass MTO make/model inference using NCIC model-code abbreviations and NHTSA vPIC make/model examples (2026-08-12).
ontario_ministry_transport_vehicle_population,MAZD,MWG,PASSENGER,2014,2025,11,2014 | 2016 | 2017 | 2018 | 2019 | 2020 | 2021 | 2022 | 2023 | 2024 | 2025,1989,2006,17,187,25125,2025,312,MPV,MPV,,MX-6 | MX-5 | MX-3,Mazda,agreement,MPV,true,promotion_eligible,Latest-active reviewed MTO key; pass agreement is recomputed using case-insensitive model-family equivalence.,Reviewed two-pass MTO make/model inference using NCIC model-code abbreviations and NHTSA vPIC make/model examples (2026-08-12).
ontario_ministry_transport_vehicle_population,MITS,STG,PASSENGER,2014,2025,11,2014 | 2016 | 2017 | 2018 | 2019 | 2020 | 2021 | 2022 | 2023 | 2024 | 2025,2001,2010,9,99,3626,2025,311,SIGMA,Sigma,"Closest vPIC name match, but no sampled year-specific result corroborates it.",STARION,Mitsubishi,agreement,Sigma,true,promotion_eligible,Latest-active reviewed MTO key; pass agreement is recomputed using case-insensitive model-family equivalence.,Reviewed two-pass MTO make/model inference using NCIC model-code abbreviations and NHTSA vPIC make/model examples (2026-08-12).
ontario_ministry_transport_vehicle_population,ACUR,CST,PASSENGER,2014,2025,11,2014 | 2016 | 2017 | 2018 | 2019 | 2020 | 2021 | 2022 | 2023 | 2024 | 2025,2006,2006,1,11,5417,2025,310,TSX,TSX,,RSX | CSX,Acura,agreement,TSX,true,promotion_eligible,Latest-active reviewed MTO key; pass agreement is recomputed using case-insensitive model-family equivalence.,Reviewed two-pass MTO make/model inference using NCIC model-code abbreviations and NHTSA vPIC make/model examples (2026-08-12).
ontario_ministry_transport_vehicle_population,BUIC,AXS,PASSENGER,2014,2025,11,2014 | 2016 | 2017 | 2018 | 2019 | 2020 | 2021 | 2022 | 2023 | 2024 | 2025,2005,2008,4,44,8355,2025,310,CASCADA,Cascada,"Closest vPIC name match, but no sampled year-specific result corroborates it.",LeSabre | Lacrosse/Allure | Terraza,Buick,agreement,Cascada,true,promotion_eligible,Latest-active reviewed MTO key; pass agreement is recomputed using case-insensitive model-family equivalence.,Reviewed two-pass MTO make/model inference using NCIC model-code abbreviations and NHTSA vPIC make/model examples (2026-08-12).
ontario_ministry_transport_vehicle_population,CADI,STS,PASSENGER,2014,2025,11,2014 | 2016 | 2017 | 2018 | 2019 | 2020 | 2021 | 2022 | 2023 | 2024 | 2025,1993,2008,12,132,8331,2025,310,STS,STS,,,Cadillac,agreement,STS,true,promotion_eligible,Latest-active reviewed MTO key; pass agreement is recomputed using case-insensitive model-family equivalence.,Reviewed two-pass MTO make/model inference using NCIC model-code abbreviations and NHTSA vPIC make/model examples (2026-08-12).
ontario_ministry_transport_vehicle_population,INFI,M3A,PASSENGER,2014,2025,11,2014 | 2016 | 2017 | 2018 | 2019 | 2020 | 2021 | 2022 | 2023 | 2024 | 2025,2007,2010,4,44,5663,2025,310,M35,M35,,,Infiniti,agreement,M35,true,promotion_eligible,Latest-active reviewed MTO key; pass agreement is recomputed using case-insensitive model-family equivalence.,Reviewed two-pass MTO make/model inference using NCIC model-code abbreviations and NHTSA vPIC make/model examples (2026-08-12).
ontario_ministry_transport_vehicle_population,FORD,CWN,PASSENGER,2014,2025,11,2014 | 2016 | 2017 | 2018 | 2019 | 2020 | 2021 | 2022 | 2023 | 2024 | 2025,1933,2003,8,88,31414,2025,309,CLUB WAGON E350,E-350,vPIC also supports Crown Victoria; the code does not clearly distinguish them.,CLUB WAGON E250 | CLUB WAGON E150 | Crown Victoria,Ford,agreement,E-350,true,promotion_eligible,Latest-active reviewed MTO key; pass agreement is recomputed using case-insensitive model-family equivalence.,Reviewed two-pass MTO make/model inference using NCIC model-code abbreviations and NHTSA vPIC make/model examples (2026-08-12).
ontario_ministry_transport_vehicle_population,GENS,KEE,PASSENGER,2023,2025,3,2023 | 2024 | 2025,2023,2025,3,7,826,2025,309,GV80 (tentative),GV80,,GV70 | GV60 | G90,Genesis,agreement,GV80,true,promotion_eligible,Latest-active reviewed MTO key; pass agreement is recomputed using case-insensitive model-family equivalence.,Reviewed two-pass MTO make/model inference using NCIC model-code abbreviations and NHTSA vPIC make/model examples (2026-08-12).
ontario_ministry_transport_vehicle_population,TOYT,SWS,PASSENGER,2014,2025,11,2014 | 2016 | 2017 | 2018 | 2019 | 2020 | 2021 | 2022 | 2023 | 2024 | 2025,1987,1998,11,121,3009,2025,309,Paseo,Paseo,,Supra,Toyota,agreement,Paseo,true,promotion_eligible,Latest-active reviewed MTO key; pass agreement is recomputed using case-insensitive model-family equivalence.,Reviewed two-pass MTO make/model inference using NCIC model-code abbreviations and NHTSA vPIC make/model examples (2026-08-12).
ontario_ministry_transport_vehicle_population,BMW,535,PASSENGER,2014,2025,11,2014 | 2016 | 2017 | 2018 | 2019 | 2020 | 2021 | 2022 | 2023 | 2024 | 2025,1976,2016,23,238,4795,2025,308,535,535i,vPIC also supports 535d; the code does not clearly distinguish them.,,BMW,agreement,535i,true,promotion_eligible,Latest-active reviewed MTO key; pass agreement is recomputed using case-insensitive model-family equivalence.,Reviewed two-pass MTO make/model inference using NCIC model-code abbreviations and NHTSA vPIC make/model examples (2026-08-12).
ontario_ministry_transport_vehicle_population,MERZ,C5K,PASSENGER,2014,2025,11,2014 | 2016 | 2017 | 2018 | 2019 | 2020 | 2021 | 2022 | 2023 | 2024 | 2025,2003,2006,4,44,4152,2025,308,C55 AMG,Model unresolved,The Ontario abbreviation does not match a vPIC model closely enough.,CL55 AMG | CLS55 AMG | AMG CLS53,Mercedes-Benz,disagreement,,true,promotion_eligible,Latest-active reviewed MTO key; pass agreement is recomputed using case-insensitive model-family equivalence.,Reviewed two-pass MTO make/model inference using NCIC model-code abbreviations and NHTSA vPIC make/model examples (2026-08-12).
ontario_ministry_transport_vehicle_population,VOLK,NTI,PASSENGER,2014,2025,11,2014 | 2016 | 2017 | 2018 | 2019 | 2020 | 2021 | 2022 | 2023 | 2024 | 2025,2006,2007,2,22,5829,2025,308,GTI,GTI,,,Volkswagen,agreement,GTI,true,promotion_eligible,Latest-active reviewed MTO key; pass agreement is recomputed using case-insensitive model-family equivalence.,Reviewed two-pass MTO make/model inference using NCIC model-code abbreviations and NHTSA vPIC make/model examples (2026-08-12).
ontario_ministry_transport_vehicle_population,AUDI,32S,PASSENGER,2016,2025,10,2016 | 2017 | 2018 | 2019 | 2020 | 2021 | 2022 | 2023 | 2024 | 2025,2015,2018,4,39,3309,2025,307,S3,S3,,Q3 | A3 | RS 3,Audi,agreement,S3,true,promotion_eligible,Latest-active reviewed MTO key; pass agreement is recomputed using case-insensitive model-family equivalence.,Reviewed two-pass MTO make/model inference using NCIC model-code abbreviations and NHTSA vPIC make/model examples (2026-08-12).
ontario_ministry_transport_vehicle_population,BMW,49G,PASSENGER,2023,2025,3,2023 | 2024 | 2025,2023,2024,2,6,868,2025,307,Z4,Z4,,X4 | 4 Series | i4,BMW,agreement,Z4,true,promotion_eligible,Latest-active reviewed MTO key; pass agreement is recomputed using case-insensitive model-family equivalence.,Reviewed two-pass MTO make/model inference using NCIC model-code abbreviations and NHTSA vPIC make/model examples (2026-08-12).
ontario_ministry_transport_vehicle_population,FORD,FTT,PASSENGER,2019,2025,7,2019 | 2020 | 2021 | 2022 | 2023 | 2024 | 2025,2013,2020,6,37,2371,2025,307,T,FT900,"Closest vPIC name match, but no sampled year-specific result corroborates it.",FT900 | FUTURA,Ford,disagreement,,true,promotion_eligible,Latest-active reviewed MTO key; pass agreement is recomputed using case-insensitive model-family equivalence.,Reviewed two-pass MTO make/model inference using NCIC model-code abbreviations and NHTSA vPIC make/model examples (2026-08-12).
ontario_ministry_transport_vehicle_population,GMC,N8G,COMMERCIAL,2021,2025,5,2021 | 2022 | 2023 | 2024 | 2025,2019,2022,4,20,1556,2025,307,Terrain,Terrain,,Canyon | Yukon | Sierra,GMC,agreement,Terrain,true,promotion_eligible,Latest-active reviewed MTO key; pass agreement is recomputed using case-insensitive model-family equivalence.,Reviewed two-pass MTO make/model inference using NCIC model-code abbreviations and NHTSA vPIC make/model examples (2026-08-12).
ontario_ministry_transport_vehicle_population,LINC,MKS,PASSENGER,2014,2025,11,2014 | 2016 | 2017 | 2018 | 2019 | 2020 | 2021 | 2022 | 2023 | 2024 | 2025,1979,2014,7,77,4433,2025,306,MKS,MKS,,,Lincoln,agreement,MKS,true,promotion_eligible,Latest-active reviewed MTO key; pass agreement is recomputed using case-insensitive model-family equivalence.,Reviewed two-pass MTO make/model inference using NCIC model-code abbreviations and NHTSA vPIC make/model examples (2026-08-12).
ontario_ministry_transport_vehicle_population,MERZ,C3C,PASSENGER,2014,2025,11,2014 | 2016 | 2017 | 2018 | 2019 | 2020 | 2021 | 2022 | 2023 | 2024 | 2025,2006,2015,10,108,4689,2025,306,C43,Model unresolved,The Ontario abbreviation does not match a vPIC model closely enough.,C36 | C350 | C320,Mercedes-Benz,disagreement,,true,promotion_eligible,Latest-active reviewed MTO key; pass agreement is recomputed using case-insensitive model-family equivalence.,Reviewed two-pass MTO make/model inference using NCIC model-code abbreviations and NHTSA vPIC make/model examples (2026-08-12).
ontario_ministry_transport_vehicle_population,BMW,M23,PASSENGER,2016,2025,10,2016 | 2017 | 2018 | 2019 | 2020 | 2021 | 2022 | 2023 | 2024 | 2025,1998,2020,5,41,3198,2025,305,M235,M235,,,BMW,agreement,M235,true,promotion_eligible,Latest-active reviewed MTO key; pass agreement is recomputed using case-insensitive model-family equivalence.,Reviewed two-pass MTO make/model inference using NCIC model-code abbreviations and NHTSA vPIC make/model examples (2026-08-12).
ontario_ministry_transport_vehicle_population,VNFS,VF8,PASSENGER,2024,2025,2,2024 | 2025,2023,2025,3,6,565,2025,305,VF 8,VF 8,,,VinFast,agreement,VF 8,true,promotion_eligible,Latest-active reviewed MTO key; pass agreement is recomputed using case-insensitive model-family equivalence.,Reviewed two-pass MTO make/model inference using NCIC model-code abbreviations and NHTSA vPIC make/model examples (2026-08-12).
ontario_ministry_transport_vehicle_population,CHEV,CAP,PASSENGER,2014,2025,11,2014 | 2016 | 2017 | 2018 | 2019 | 2020 | 2021 | 2022 | 2023 | 2024 | 2025,1926,2026,40,430,4729,2025,304,Caprice,Caprice,,,Chevrolet,agreement,Caprice,true,promotion_eligible,Latest-active reviewed MTO key; pass agreement is recomputed using case-insensitive model-family equivalence.,Reviewed two-pass MTO make/model inference using NCIC model-code abbreviations and NHTSA vPIC make/model examples (2026-08-12).
ontario_ministry_transport_vehicle_population,FORD,FAI,PASSENGER,2014,2025,11,2014 | 2016 | 2017 | 2018 | 2019 | 2020 | 2021 | 2022 | 2023 | 2024 | 2025,1908,1985,31,341,3424,2025,303,FAIRLANE,Fairmont,Code-to-name match is weak; selected from vPIC models with overlapping-year coverage.,,Ford,disagreement,,true,promotion_eligible,Latest-active reviewed MTO key; pass agreement is recomputed using case-insensitive model-family equivalence.,Reviewed two-pass MTO make/model inference using NCIC model-code abbreviations and NHTSA vPIC make/model examples (2026-08-12).
ontario_ministry_transport_vehicle_population,LINC,AVI,PASSENGER,2014,2025,11,2014 | 2016 | 2017 | 2018 | 2019 | 2020 | 2021 | 2022 | 2023 | 2024 | 2025,2003,2026,5,40,5648,2025,303,Aviator,Aviator,,,Lincoln,agreement,Aviator,true,promotion_eligible,Latest-active reviewed MTO key; pass agreement is recomputed using case-insensitive model-family equivalence.,Reviewed two-pass MTO make/model inference using NCIC model-code abbreviations and NHTSA vPIC make/model examples (2026-08-12).
ontario_ministry_transport_vehicle_population,CHEV,CZ6,PASSENGER,2018,2025,8,2018 | 2019 | 2020 | 2021 | 2022 | 2023 | 2024 | 2025,2015,2019,5,40,2393,2025,302,Cruze,Cruze,,,Chevrolet,agreement,Cruze,true,promotion_eligible,Latest-active reviewed MTO key; pass agreement is recomputed using case-insensitive model-family equivalence.,Reviewed two-pass MTO make/model inference using NCIC model-code abbreviations and NHTSA vPIC make/model examples (2026-08-12).
ontario_ministry_transport_vehicle_population,CHEV,EV6,COMMERCIAL,2025,2025,1,2025,2025,2025,1,1,302,2025,302,Corvette,Corvette,,CHEVETTE | CHEVELLE | 600 BRIGHTDROP,Chevrolet,agreement,Corvette,true,promotion_eligible,Latest-active reviewed MTO key; pass agreement is recomputed using case-insensitive model-family equivalence.,Reviewed two-pass MTO make/model inference using NCIC model-code abbreviations and NHTSA vPIC make/model examples (2026-08-12).
ontario_ministry_transport_vehicle_population,JAGU,CX3,PASSENGER,2014,2025,11,2014 | 2016 | 2017 | 2018 | 2019 | 2020 | 2021 | 2022 | 2023 | 2024 | 2025,2002,2008,7,77,6053,2025,302,XJ,XJ,,XJR | XKR | XK,Jaguar,agreement,XJ,true,promotion_eligible,Latest-active reviewed MTO key; pass agreement is recomputed using case-insensitive model-family equivalence.,Reviewed two-pass MTO make/model inference using NCIC model-code abbreviations and NHTSA vPIC make/model examples (2026-08-12).
ontario_ministry_transport_vehicle_population,MERZ,SK3,PASSENGER,2014,2025,11,2014 | 2016 | 2017 | 2018 | 2019 | 2020 | 2021 | 2022 | 2023 | 2024 | 2025,2001,2004,4,44,3259,2025,302,SLK32,Model unresolved,The Ontario abbreviation does not match a vPIC model closely enough.,SLK350 | SLK300 | SLK230,Mercedes-Benz,disagreement,,true,promotion_eligible,Latest-active reviewed MTO key; pass agreement is recomputed using case-insensitive model-family equivalence.,Reviewed two-pass MTO make/model inference using NCIC model-code abbreviations and NHTSA vPIC make/model examples (2026-08-12).
ontario_ministry_transport_vehicle_population,GMC,JMY,PASSENGER,2014,2025,11,2014 | 2016 | 2017 | 2018 | 2019 | 2020 | 2021 | 2022 | 2023 | 2024 | 2025,1970,2001,23,253,14864,2025,301,Jimmy,Jimmy,,,GMC,agreement,Jimmy,true,promotion_eligible,Latest-active reviewed MTO key; pass agreement is recomputed using case-insensitive model-family equivalence.,Reviewed two-pass MTO make/model inference using NCIC model-code abbreviations and NHTSA vPIC make/model examples (2026-08-12).
ontario_ministry_transport_vehicle_population,JAGU,VDC,PASSENGER,2014,2025,11,2014 | 2016 | 2017 | 2018 | 2019 | 2020 | 2021 | 2022 | 2023 | 2024 | 2025,1994,2007,12,132,4330,2025,301,Vanden Plas,Vanden Plas,,Vdp | XJ | XJR,Jaguar,agreement,Vanden Plas,true,promotion_eligible,Latest-active reviewed MTO key; pass agreement is recomputed using case-insensitive model-family equivalence.,Reviewed two-pass MTO make/model inference using NCIC model-code abbreviations and NHTSA vPIC make/model examples (2026-08-12).
ontario_ministry_transport_vehicle_population,LEXS,L46,PASSENGER,2014,2025,11,2014 | 2016 | 2017 | 2018 | 2019 | 2020 | 2021 | 2022 | 2023 | 2024 | 2025,2007,2017,9,97,3907,2025,301,LS,LS,,LS460,Lexus,agreement,LS,true,promotion_eligible,Latest-active reviewed MTO key; pass agreement is recomputed using case-insensitive model-family equivalence.,Reviewed two-pass MTO make/model inference using NCIC model-code abbreviations and NHTSA vPIC make/model examples (2026-08-12).
ontario_ministry_transport_vehicle_population,PORS,CSG,PASSENGER,2018,2025,8,2018 | 2019 | 2020 | 2021 | 2022 | 2023 | 2024 | 2025,2015,2025,11,63,2110,2025,301,Cayenne,Cayenne,,Macan | Cayman | Taycan,Porsche,agreement,Cayenne,true,promotion_eligible,Latest-active reviewed MTO key; pass agreement is recomputed using case-insensitive model-family equivalence.,Reviewed two-pass MTO make/model inference using NCIC model-code abbreviations and NHTSA vPIC make/model examples (2026-08-12).
ontario_ministry_transport_vehicle_population,VOLK,6YE,PASSENGER,2025,2025,1,2025,2025,2025,1,1,301,2025,301,Jetta,Jetta,,,Volkswagen,agreement,Jetta,true,promotion_eligible,Latest-active reviewed MTO key; pass agreement is recomputed using case-insensitive model-family equivalence.,Reviewed two-pass MTO make/model inference using NCIC model-code abbreviations and NHTSA vPIC make/model examples (2026-08-12).
ontario_ministry_transport_vehicle_population,MERZ,EGE,PASSENGER,2024,2025,2,2024 | 2025,2023,2025,3,5,559,2025,300,EQE,EQE-Class SUV,vPIC also supports EQE-Class Sedan; the code does not clearly distinguish them.,E-Class,Mercedes-Benz,agreement,EQE-Class SUV,true,promotion_eligible,Latest-active reviewed MTO key; pass agreement is recomputed using case-insensitive model-family equivalence.,Reviewed two-pass MTO make/model inference using NCIC model-code abbreviations and NHTSA vPIC make/model examples (2026-08-12).
ontario_ministry_transport_vehicle_population,RAM,350,COMMERCIAL,2025,2025,1,2025,2014,2026,12,12,300,2025,300,RAM 3500,3500,"vPIC supports the model, but the Ontario abbreviation is not uniquely identifying.",,Ram,agreement,3500,true,promotion_eligible,Latest-active reviewed MTO key; pass agreement is recomputed using case-insensitive model-family equivalence.,Reviewed two-pass MTO make/model inference using NCIC model-code abbreviations and NHTSA vPIC make/model examples (2026-08-12).
ontario_ministry_transport_vehicle_population,VOLK,ELX,PASSENGER,2014,2025,11,2014 | 2016 | 2017 | 2018 | 2019 | 2020 | 2021 | 2022 | 2023 | 2024 | 2025,2008,2010,3,33,3601,2025,300,Eos,Eos,,Jetta | Beetle,Volkswagen,agreement,Eos,true,promotion_eligible,Latest-active reviewed MTO key; pass agreement is recomputed using case-insensitive model-family equivalence.,Reviewed two-pass MTO make/model inference using NCIC model-code abbreviations and NHTSA vPIC make/model examples (2026-08-12).
ontario_ministry_transport_vehicle_population,VOLK,ERN,PASSENGER,2014,2025,11,2014 | 2016 | 2017 | 2018 | 2019 | 2020 | 2021 | 2022 | 2023 | 2024 | 2025,1993,2005,11,121,3436,2025,300,Eurovan,EuroVan,,,Volkswagen,agreement,EuroVan,true,promotion_eligible,Latest-active reviewed MTO key; pass agreement is recomputed using case-insensitive model-family equivalence.,Reviewed two-pass MTO make/model inference using NCIC model-code abbreviations and NHTSA vPIC make/model examples (2026-08-12).
ontario_ministry_transport_vehicle_population,CHEV,CIS,PASSENGER,2014,2025,11,2014 | 2016 | 2017 | 2018 | 2019 | 2020 | 2021 | 2022 | 2023 | 2024 | 2025,1959,1996,3,28,3358,2025,299,Corsica,Corsica,,Citation II,Chevrolet,agreement,Corsica,true,promotion_eligible,Latest-active reviewed MTO key; pass agreement is recomputed using case-insensitive model-family equivalence.,Reviewed two-pass MTO make/model inference using NCIC model-code abbreviations and NHTSA vPIC make/model examples (2026-08-12).
ontario_ministry_transport_vehicle_population,MERZ,S45,PASSENGER,2014,2025,11,2014 | 2016 | 2017 | 2018 | 2019 | 2020 | 2021 | 2022 | 2023 | 2024 | 2025,2008,2020,5,44,4582,2025,299,S450,Model unresolved,The Ontario abbreviation does not match a vPIC model closely enough.,,Mercedes-Benz,disagreement,,true,promotion_eligible,Latest-active reviewed MTO key; pass agreement is recomputed using case-insensitive model-family equivalence.,Reviewed two-pass MTO make/model inference using NCIC model-code abbreviations and NHTSA vPIC make/model examples (2026-08-12).
ontario_ministry_transport_vehicle_population,NISS,A5E,PASSENGER,2014,2025,11,2014 | 2016 | 2017 | 2018 | 2019 | 2020 | 2021 | 2022 | 2023 | 2024 | 2025,2008,2009,2,22,5302,2025,299,350z,350Z,,Armada | Altima | Pathfinder,Nissan,agreement,350Z,true,promotion_eligible,Latest-active reviewed MTO key; pass agreement is recomputed using case-insensitive model-family equivalence.,Reviewed two-pass MTO make/model inference using NCIC model-code abbreviations and NHTSA vPIC make/model examples (2026-08-12).
ontario_ministry_transport_vehicle_population,STRN,OUT,PASSENGER,2014,2025,11,2014 | 2016 | 2017 | 2018 | 2019 | 2020 | 2021 | 2022 | 2023 | 2024 | 2025,2007,2010,4,44,9797,2025,299,Outlook,Outlook,,,Saturn,agreement,Outlook,true,promotion_eligible,Latest-active reviewed MTO key; pass agreement is recomputed using case-insensitive model-family equivalence.,Reviewed two-pass MTO make/model inference using NCIC model-code abbreviations and NHTSA vPIC make/model examples (2026-08-12).
ontario_ministry_transport_vehicle_population,VOLV,S3F,PASSENGER,2014,2025,11,2014 | 2016 | 2017 | 2018 | 2019 | 2020 | 2021 | 2022 | 2023 | 2024 | 2025,2007,2014,8,87,3656,2025,299,C30 (tentative),C30,,S80 | S60 | S40,Volvo,agreement,C30,true,promotion_eligible,Latest-active reviewed MTO key; pass agreement is recomputed using case-insensitive model-family equivalence.,Reviewed two-pass MTO make/model inference using NCIC model-code abbreviations and NHTSA vPIC make/model examples (2026-08-12).
ontario_ministry_transport_vehicle_population,MERZ,SPR,COMMERCIAL,2014,2025,11,2014 | 2016 | 2017 | 2018 | 2019 | 2020 | 2021 | 2022 | 2023 | 2024 | 2025,2010,2026,16,110,3617,2025,298,SPRINTER,Sprinter,,,Mercedes-Benz,agreement,Sprinter,true,promotion_eligible,Latest-active reviewed MTO key; pass agreement is recomputed using case-insensitive model-family equivalence.,Reviewed two-pass MTO make/model inference using NCIC model-code abbreviations and NHTSA vPIC make/model examples (2026-08-12).
ontario_ministry_transport_vehicle_population,ACUR,I20,PASSENGER,2014,2025,11,2014 | 2016 | 2017 | 2018 | 2019 | 2020 | 2021 | 2022 | 2023 | 2024 | 2025,2013,2015,3,33,3155,2025,297,ILX,ILX,,RLX | TLX,Acura,agreement,ILX,true,promotion_eligible,Latest-active reviewed MTO key; pass agreement is recomputed using case-insensitive model-family equivalence.,Reviewed two-pass MTO make/model inference using NCIC model-code abbreviations and NHTSA vPIC make/model examples (2026-08-12).
ontario_ministry_transport_vehicle_population,CHEV,ZL1,PASSENGER,2014,2025,11,2014 | 2016 | 2017 | 2018 | 2019 | 2020 | 2021 | 2022 | 2023 | 2024 | 2025,1969,2015,5,55,3318,2025,297,Malibu,Malibu,,Blazer | Cruze | Lumina,Chevrolet,agreement,Malibu,true,promotion_eligible,Latest-active reviewed MTO key; pass agreement is recomputed using case-insensitive model-family equivalence.,Reviewed two-pass MTO make/model inference using NCIC model-code abbreviations and NHTSA vPIC make/model examples (2026-08-12).
ontario_ministry_transport_vehicle_population,TOYT,XPL,PASSENGER,2016,2025,10,2016 | 2017 | 2018 | 2019 | 2020 | 2021 | 2022 | 2023 | 2024 | 2025,2015,2015,1,10,3225,2025,297,Prius,Prius,,Prius v | Prius c | Highlander,Toyota,agreement,Prius,true,promotion_eligible,Latest-active reviewed MTO key; pass agreement is recomputed using case-insensitive model-family equivalence.,Reviewed two-pass MTO make/model inference using NCIC model-code abbreviations and NHTSA vPIC make/model examples (2026-08-12).
ontario_ministry_transport_vehicle_population,TOYT,CZG,COMMERCIAL,2021,2025,5,2021 | 2022 | 2023 | 2024 | 2025,2021,2022,2,10,1494,2025,296,CROWN SIGNIA,Crown Signia,"Closest vPIC name match, but no sampled year-specific result corroborates it.",CROWN | C-HR | Camry,Toyota,agreement,Crown Signia,true,promotion_eligible,Latest-active reviewed MTO key; pass agreement is recomputed using case-insensitive model-family equivalence.,Reviewed two-pass MTO make/model inference using NCIC model-code abbreviations and NHTSA vPIC make/model examples (2026-08-12).
ontario_ministry_transport_vehicle_population,AUDI,S7P,PASSENGER,2023,2025,3,2023 | 2024 | 2025,2016,2025,9,26,815,2025,294,S7,S7,,,Audi,agreement,S7,true,promotion_eligible,Latest-active reviewed MTO key; pass agreement is recomputed using case-insensitive model-family equivalence.,Reviewed two-pass MTO make/model inference using NCIC model-code abbreviations and NHTSA vPIC make/model examples (2026-08-12).
ontario_ministry_transport_vehicle_population,BMW,53E,PASSENGER,2025,2025,1,2025,2018,2026,6,6,294,2025,294,5 Series,Model unresolved,Ontario identifies only a vehicle family; vPIC does not support one unique model.,3 Series,BMW,disagreement,,true,promotion_eligible,Latest-active reviewed MTO key; pass agreement is recomputed using case-insensitive model-family equivalence.,Reviewed two-pass MTO make/model inference using NCIC model-code abbreviations and NHTSA vPIC make/model examples (2026-08-12).
ontario_ministry_transport_vehicle_population,HOND,CEZ,PASSENGER,2014,2025,11,2014 | 2016 | 2017 | 2018 | 2019 | 2020 | 2021 | 2022 | 2023 | 2024 | 2025,2011,2016,6,65,3382,2025,294,CR-Z,CR-Z,,CR-V,Honda,agreement,CR-Z,true,promotion_eligible,Latest-active reviewed MTO key; pass agreement is recomputed using case-insensitive model-family equivalence.,Reviewed two-pass MTO make/model inference using NCIC model-code abbreviations and NHTSA vPIC make/model examples (2026-08-12).
ontario_ministry_transport_vehicle_population,LINC,MSL,PASSENGER,2018,2025,8,2018 | 2019 | 2020 | 2021 | 2022 | 2023 | 2024 | 2025,2017,2018,2,16,2618,2025,294,MKT,MKT,,,Lincoln,agreement,MKT,true,promotion_eligible,Latest-active reviewed MTO key; pass agreement is recomputed using case-insensitive model-family equivalence.,Reviewed two-pass MTO make/model inference using NCIC model-code abbreviations and NHTSA vPIC make/model examples (2026-08-12).
ontario_ministry_transport_vehicle_population,MERZ,S63,PASSENGER,2016,2025,10,2016 | 2017 | 2018 | 2019 | 2020 | 2021 | 2022 | 2023 | 2024 | 2025,2008,2024,14,109,3801,2025,294,S63AMG,Model unresolved,The Ontario abbreviation does not match a vPIC model closely enough.,,Mercedes-Benz,disagreement,,true,promotion_eligible,Latest-active reviewed MTO key; pass agreement is recomputed using case-insensitive model-family equivalence.,Reviewed two-pass MTO make/model inference using NCIC model-code abbreviations and NHTSA vPIC make/model examples (2026-08-12).
ontario_ministry_transport_vehicle_population,PONT,G/5,PASSENGER,2014,2025,11,2014 | 2016 | 2017 | 2018 | 2019 | 2020 | 2021 | 2022 | 2023 | 2024 | 2025,2007,2009,3,33,10117,2025,294,G5,G5,,,Pontiac,agreement,G5,true,promotion_eligible,Latest-active reviewed MTO key; pass agreement is recomputed using case-insensitive model-family equivalence.,Reviewed two-pass MTO make/model inference using NCIC model-code abbreviations and NHTSA vPIC make/model examples (2026-08-12).
ontario_ministry_transport_vehicle_population,WEST,WB1,COMMERCIAL,2014,2025,11,2014 | 2016 | 2017 | 2018 | 2019 | 2020 | 2021 | 2022 | 2023 | 2024 | 2025,2002,2023,21,202,3849,2025,294,Western Star truck (model unresolved),4900,Generic Ontario code spans multiple vPIC models; this is the closest family match.,4700 | 4900 | 5700XE,Western Star,disagreement,,true,promotion_eligible,Latest-active reviewed MTO key; pass agreement is recomputed using case-insensitive model-family equivalence.,Reviewed two-pass MTO make/model inference using NCIC model-code abbreviations and NHTSA vPIC make/model examples (2026-08-12).
ontario_ministry_transport_vehicle_population,CHEV,CZR,PASSENGER,2014,2025,11,2014 | 2016 | 2017 | 2018 | 2019 | 2020 | 2021 | 2022 | 2023 | 2024 | 2025,1954,2020,19,204,2704,2025,293,Cruze,Cruze,,Corsica | CORSA | Camaro,Chevrolet,agreement,Cruze,true,promotion_eligible,Latest-active reviewed MTO key; pass agreement is recomputed using case-insensitive model-family equivalence.,Reviewed two-pass MTO make/model inference using NCIC model-code abbreviations and NHTSA vPIC make/model examples (2026-08-12).
ontario_ministry_transport_vehicle_population,NISS,XGX,PASSENGER,2014,2025,11,2014 | 2016 | 2017 | 2018 | 2019 | 2020 | 2021 | 2022 | 2023 | 2024 | 2025,1996,2004,7,77,23390,2025,293,Maxima,Maxima,,Xterra | XE | AXXESS,Nissan,agreement,Maxima,true,promotion_eligible,Latest-active reviewed MTO key; pass agreement is recomputed using case-insensitive model-family equivalence.,Reviewed two-pass MTO make/model inference using NCIC model-code abbreviations and NHTSA vPIC make/model examples (2026-08-12).
ontario_ministry_transport_vehicle_population,INTL,ESD,COMMERCIAL,2024,2025,2,2024 | 2025,2019,2025,7,14,528,2025,292,SCOUT (tentative),Model unresolved,The Ontario abbreviation does not match a vPIC model closely enough.,"DesignLine International Holdings | Keizer Morris International, Inc. dba K M International | Xinri E-Veh Hongkong Co., Limited dba Jiangsu Xinn International Trading",International,disagreement,,true,promotion_eligible,Latest-active reviewed MTO key; pass agreement is recomputed using case-insensitive model-family equivalence.,Reviewed two-pass MTO make/model inference using NCIC model-code abbreviations and NHTSA vPIC make/model examples (2026-08-12).
ontario_ministry_transport_vehicle_population,GMC,TSR,COMMERCIAL,2014,2025,11,2014 | 2016 | 2017 | 2018 | 2019 | 2020 | 2021 | 2022 | 2023 | 2024 | 2025,1997,2009,12,132,5592,2025,291,Sierra,Sierra,,,GMC,agreement,Sierra,true,promotion_eligible,Latest-active reviewed MTO key; pass agreement is recomputed using case-insensitive model-family equivalence.,Reviewed two-pass MTO make/model inference using NCIC model-code abbreviations and NHTSA vPIC make/model examples (2026-08-12).
ontario_ministry_transport_vehicle_population,MERZ,CK4,PASSENGER,2014,2025,11,2014 | 2016 | 2017 | 2018 | 2019 | 2020 | 2021 | 2022 | 2023 | 2024 | 2025,1999,2003,5,55,4080,2025,291,CLK430,Model unresolved,The Ontario abbreviation does not match a vPIC model closely enough.,C43,Mercedes-Benz,disagreement,,true,promotion_eligible,Latest-active reviewed MTO key; pass agreement is recomputed using case-insensitive model-family equivalence.,Reviewed two-pass MTO make/model inference using NCIC model-code abbreviations and NHTSA vPIC make/model examples (2026-08-12).
ontario_ministry_transport_vehicle_population,INFI,G2A,PASSENGER,2014,2025,11,2014 | 2016 | 2017 | 2018 | 2019 | 2020 | 2021 | 2022 | 2023 | 2024 | 2025,2011,2012,2,22,3861,2025,290,G25,G25,,,Infiniti,agreement,G25,true,promotion_eligible,Latest-active reviewed MTO key; pass agreement is recomputed using case-insensitive model-family equivalence.,Reviewed two-pass MTO make/model inference using NCIC model-code abbreviations and NHTSA vPIC make/model examples (2026-08-12).
ontario_ministry_transport_vehicle_population,MERZ,SK0,PASSENGER,2017,2025,9,2017 | 2018 | 2019 | 2020 | 2021 | 2022 | 2023 | 2024 | 2025,2009,2020,8,69,2455,2025,290,SLK350,350,"Closest vPIC name match, but no sampled year-specific result corroborates it.",SLK300 | SLK280 | SLK250,Mercedes-Benz,disagreement,,true,promotion_eligible,Latest-active reviewed MTO key; pass agreement is recomputed using case-insensitive model-family equivalence.,Reviewed two-pass MTO make/model inference using NCIC model-code abbreviations and NHTSA vPIC make/model examples (2026-08-12).
ontario_ministry_transport_vehicle_population,MASE,PMG,PASSENGER,2025,2025,1,2025,2024,2025,2,2,288,2025,288,MC20,MC20,,Grecale | Grancabrio | Granturismo,Maserati,agreement,MC20,true,promotion_eligible,Latest-active reviewed MTO key; pass agreement is recomputed using case-insensitive model-family equivalence.,Reviewed two-pass MTO make/model inference using NCIC model-code abbreviations and NHTSA vPIC make/model examples (2026-08-12).
ontario_ministry_transport_vehicle_population,VOLK,PST,PASSENGER,2014,2025,11,2014 | 2016 | 2017 | 2018 | 2019 | 2020 | 2021 | 2022 | 2023 | 2024 | 2025,1996,2006,4,44,9067,2025,288,Passat,Passat,,,Volkswagen,agreement,Passat,true,promotion_eligible,Latest-active reviewed MTO key; pass agreement is recomputed using case-insensitive model-family equivalence.,Reviewed two-pass MTO make/model inference using NCIC model-code abbreviations and NHTSA vPIC make/model examples (2026-08-12).
ontario_ministry_transport_vehicle_population,AMER,WRA,PASSENGER,2014,2025,11,2014 | 2016 | 2017 | 2018 | 2019 | 2020 | 2021 | 2022 | 2023 | 2024 | 2025,1987,1988,2,22,3241,2025,287,AMERICAN,Model unresolved,No vPIC model matches the Ontario code closely enough.,RAMBLER CLASSIC | RAMBLER AMERICAN | Eagle,American Motors,disagreement,,true,promotion_eligible,Latest-active reviewed MTO key; pass agreement is recomputed using case-insensitive model-family equivalence.,Reviewed two-pass MTO make/model inference using NCIC model-code abbreviations and NHTSA vPIC make/model examples (2026-08-12).
ontario_ministry_transport_vehicle_population,BMW,ZS5,PASSENGER,2014,2025,11,2014 | 2016 | 2017 | 2018 | 2019 | 2020 | 2021 | 2022 | 2023 | 2024 | 2025,2009,2016,8,87,3131,2025,287,X5,X5,,5 Series,BMW,agreement,X5,true,promotion_eligible,Latest-active reviewed MTO key; pass agreement is recomputed using case-insensitive model-family equivalence.,Reviewed two-pass MTO make/model inference using NCIC model-code abbreviations and NHTSA vPIC make/model examples (2026-08-12).
ontario_ministry_transport_vehicle_population,DODG,CSX,PASSENGER,2014,2025,11,2014 | 2016 | 2017 | 2018 | 2019 | 2020 | 2021 | 2022 | 2023 | 2024 | 2025,2003,2019,4,34,22160,2025,286,CSX,Model unresolved,The Ontario abbreviation does not match a vPIC model closely enough.,,Dodge,disagreement,,true,promotion_eligible,Latest-active reviewed MTO key; pass agreement is recomputed using case-insensitive model-family equivalence.,Reviewed two-pass MTO make/model inference using NCIC model-code abbreviations and NHTSA vPIC make/model examples (2026-08-12).
ontario_ministry_transport_vehicle_population,MERZ,450,PASSENGER,2014,2025,11,2014 | 2016 | 2017 | 2018 | 2019 | 2020 | 2021 | 2022 | 2023 | 2024 | 2025,1969,2026,18,143,3961,2025,286,450,420,vPIC also supports 500; the code does not clearly distinguish them.,,Mercedes-Benz,disagreement,,true,promotion_eligible,Latest-active reviewed MTO key; pass agreement is recomputed using case-insensitive model-family equivalence.,Reviewed two-pass MTO make/model inference using NCIC model-code abbreviations and NHTSA vPIC make/model examples (2026-08-12).
ontario_ministry_transport_vehicle_population,STRN,SL1,PASSENGER,2014,2025,11,2014 | 2016 | 2017 | 2018 | 2019 | 2020 | 2021 | 2022 | 2023 | 2024 | 2025,1991,2002,12,132,20267,2025,286,SL,SL,,,Saturn,agreement,SL,true,promotion_eligible,Latest-active reviewed MTO key; pass agreement is recomputed using case-insensitive model-family equivalence.,Reviewed two-pass MTO make/model inference using NCIC model-code abbreviations and NHTSA vPIC make/model examples (2026-08-12).
ontario_ministry_transport_vehicle_population,TOYT,BZ,PASSENGER,2025,2025,1,2025,2026,2026,1,1,286,2025,286,bZ,bZ,,,Toyota,agreement,bZ,true,promotion_eligible,Latest-active reviewed MTO key; pass agreement is recomputed using case-insensitive model-family equivalence.,Reviewed two-pass MTO make/model inference using NCIC model-code abbreviations and NHTSA vPIC make/model examples (2026-08-12).
ontario_ministry_transport_vehicle_population,ACUR,TAA,PASSENGER,2014,2025,11,2014 | 2016 | 2017 | 2018 | 2019 | 2020 | 2021 | 2022 | 2023 | 2024 | 2025,2013,2014,2,22,3501,2025,285,TL,TL,,TSX | RDX | MDX,Acura,agreement,TL,true,promotion_eligible,Latest-active reviewed MTO key; pass agreement is recomputed using case-insensitive model-family equivalence.,Reviewed two-pass MTO make/model inference using NCIC model-code abbreviations and NHTSA vPIC make/model examples (2026-08-12).
ontario_ministry_transport_vehicle_population,AUDI,S6P,PASSENGER,2023,2025,3,2023 | 2024 | 2025,2009,2024,9,27,816,2025,285,S6,S6,,,Audi,agreement,S6,true,promotion_eligible,Latest-active reviewed MTO key; pass agreement is recomputed using case-insensitive model-family equivalence.,Reviewed two-pass MTO make/model inference using NCIC model-code abbreviations and NHTSA vPIC make/model examples (2026-08-12).
ontario_ministry_transport_vehicle_population,BMW,540,PASSENGER,2014,2025,11,2014 | 2016 | 2017 | 2018 | 2019 | 2020 | 2021 | 2022 | 2023 | 2024 | 2025,1975,2021,16,160,5047,2025,285,540,540i,vPIC also supports 540d; the code does not clearly distinguish them.,,BMW,agreement,540i,true,promotion_eligible,Latest-active reviewed MTO key; pass agreement is recomputed using case-insensitive model-family equivalence.,Reviewed two-pass MTO make/model inference using NCIC model-code abbreviations and NHTSA vPIC make/model examples (2026-08-12).
ontario_ministry_transport_vehicle_population,HOND,ACS,PASSENGER,2014,2025,11,2014 | 2016 | 2017 | 2018 | 2019 | 2020 | 2021 | 2022 | 2023 | 2024 | 2025,2002,2011,2,22,8962,2025,284,Accord,Accord,,,Honda,agreement,Accord,true,promotion_eligible,Latest-active reviewed MTO key; pass agreement is recomputed using case-insensitive model-family equivalence.,Reviewed two-pass MTO make/model inference using NCIC model-code abbreviations and NHTSA vPIC make/model examples (2026-08-12).
ontario_ministry_transport_vehicle_population,LEXS,LS4,PASSENGER,2014,2025,11,2014 | 2016 | 2017 | 2018 | 2019 | 2020 | 2021 | 2022 | 2023 | 2024 | 2025,1990,2000,11,121,4918,2025,284,LS400,LS,Code-to-name match is weak; selected from vPIC models with overlapping-year coverage.,LS,Lexus,agreement,LS,true,promotion_eligible,Latest-active reviewed MTO key; pass agreement is recomputed using case-insensitive model-family equivalence.,Reviewed two-pass MTO make/model inference using NCIC model-code abbreviations and NHTSA vPIC make/model examples (2026-08-12).
ontario_ministry_transport_vehicle_population,NISS,30X,PASSENGER,2014,2025,11,2014 | 2016 | 2017 | 2018 | 2019 | 2020 | 2021 | 2022 | 2023 | 2024 | 2025,1985,1996,12,132,2931,2025,284,300ZX,300ZX,,,Nissan,agreement,300ZX,true,promotion_eligible,Latest-active reviewed MTO key; pass agreement is recomputed using case-insensitive model-family equivalence.,Reviewed two-pass MTO make/model inference using NCIC model-code abbreviations and NHTSA vPIC make/model examples (2026-08-12).
ontario_ministry_transport_vehicle_population,SUBA,LEG,PASSENGER,2017,2025,8,2017 | 2018 | 2019 | 2020 | 2022 | 2023 | 2024 | 2025,1990,2024,30,186,2286,2025,284,Legacy,Legacy,,Legacy/Outback,Subaru,agreement,Legacy,true,promotion_eligible,Latest-active reviewed MTO key; pass agreement is recomputed using case-insensitive model-family equivalence.,Reviewed two-pass MTO make/model inference using NCIC model-code abbreviations and NHTSA vPIC make/model examples (2026-08-12).
ontario_ministry_transport_vehicle_population,VOLK,BRE,PASSENGER,2024,2025,2,2024 | 2025,2018,2024,4,8,569,2025,284,Beetle,Beetle,,Arteon | Jetta | CABRIOLET,Volkswagen,agreement,Beetle,true,promotion_eligible,Latest-active reviewed MTO key; pass agreement is recomputed using case-insensitive model-family equivalence.,Reviewed two-pass MTO make/model inference using NCIC model-code abbreviations and NHTSA vPIC make/model examples (2026-08-12).
ontario_ministry_transport_vehicle_population,AUDI,7PQ,PASSENGER,2014,2025,11,2014 | 2016 | 2017 | 2018 | 2019 | 2020 | 2021 | 2022 | 2023 | 2024 | 2025,2012,2016,5,54,3999,2025,283,A7,A7,,Q7 | S7 | RS 7,Audi,agreement,A7,true,promotion_eligible,Latest-active reviewed MTO key; pass agreement is recomputed using case-insensitive model-family equivalence.,Reviewed two-pass MTO make/model inference using NCIC model-code abbreviations and NHTSA vPIC make/model examples (2026-08-12).
ontario_ministry_transport_vehicle_population,HYUN,GN5,PASSENGER,2014,2025,11,2014 | 2016 | 2017 | 2018 | 2019 | 2020 | 2021 | 2022 | 2023 | 2024 | 2025,2012,2016,5,50,3617,2025,283,Genesis,Genesis,,,Hyundai,agreement,Genesis,true,promotion_eligible,Latest-active reviewed MTO key; pass agreement is recomputed using case-insensitive model-family equivalence.,Reviewed two-pass MTO make/model inference using NCIC model-code abbreviations and NHTSA vPIC make/model examples (2026-08-12).
ontario_ministry_transport_vehicle_population,PONT,GS1,PASSENGER,2014,2025,11,2014 | 2016 | 2017 | 2018 | 2019 | 2020 | 2021 | 2022 | 2023 | 2024 | 2025,2006,2006,1,11,12953,2025,283,Grand Prix (tentative),Grand Prix,,G6 | GTO | Wave,Pontiac,agreement,Grand Prix,true,promotion_eligible,Latest-active reviewed MTO key; pass agreement is recomputed using case-insensitive model-family equivalence.,Reviewed two-pass MTO make/model inference using NCIC model-code abbreviations and NHTSA vPIC make/model examples (2026-08-12).
ontario_ministry_transport_vehicle_population,AUDI,R5Q,PASSENGER,2014,2025,11,2014 | 2016 | 2017 | 2018 | 2019 | 2020 | 2021 | 2022 | 2023 | 2024 | 2025,2013,2015,3,33,3462,2025,281,RS 5,RS 5,,,Audi,agreement,RS 5,true,promotion_eligible,Latest-active reviewed MTO key; pass agreement is recomputed using case-insensitive model-family equivalence.,Reviewed two-pass MTO make/model inference using NCIC model-code abbreviations and NHTSA vPIC make/model examples (2026-08-12).
ontario_ministry_transport_vehicle_population,FORD,F55,COMMERCIAL,2025,2025,1,2025,1949,2026,17,17,281,2025,281,F550,F-550,,,Ford,agreement,F-550,true,promotion_eligible,Latest-active reviewed MTO key; pass agreement is recomputed using case-insensitive model-family equivalence.,Reviewed two-pass MTO make/model inference using NCIC model-code abbreviations and NHTSA vPIC make/model examples (2026-08-12).
ontario_ministry_transport_vehicle_population,GMC,GM4,COMMERCIAL,2014,2025,11,2014 | 2016 | 2017 | 2018 | 2019 | 2020 | 2021 | 2022 | 2023 | 2024 | 2025,1988,2000,5,55,4890,2025,281,Jimmy,Jimmy,,,GMC,agreement,Jimmy,true,promotion_eligible,Latest-active reviewed MTO key; pass agreement is recomputed using case-insensitive model-family equivalence.,Reviewed two-pass MTO make/model inference using NCIC model-code abbreviations and NHTSA vPIC make/model examples (2026-08-12).
ontario_ministry_transport_vehicle_population,LNDR,ZMG,PASSENGER,2024,2025,2,2024 | 2025,2020,2026,5,9,498,2025,281,Range Rover (tentative),Range Rover,,Discovery | Defender | Evoque,Land Rover,agreement,Range Rover,true,promotion_eligible,Latest-active reviewed MTO key; pass agreement is recomputed using case-insensitive model-family equivalence.,Reviewed two-pass MTO make/model inference using NCIC model-code abbreviations and NHTSA vPIC make/model examples (2026-08-12).
ontario_ministry_transport_vehicle_population,AUDI,QA3,PASSENGER,2016,2025,10,2016 | 2017 | 2018 | 2019 | 2020 | 2021 | 2022 | 2023 | 2024 | 2025,2009,2015,2,20,3151,2025,280,A3,A3,,,Audi,agreement,A3,true,promotion_eligible,Latest-active reviewed MTO key; pass agreement is recomputed using case-insensitive model-family equivalence.,Reviewed two-pass MTO make/model inference using NCIC model-code abbreviations and NHTSA vPIC make/model examples (2026-08-12).
ontario_ministry_transport_vehicle_population,HOND,DSI,PASSENGER,2014,2025,11,2014 | 2016 | 2017 | 2018 | 2019 | 2020 | 2021 | 2022 | 2023 | 2024 | 2025,1993,1997,5,55,3080,2025,280,Del Sol,del Sol,,Odyssey | Civic | Passport,Honda,agreement,del Sol,true,promotion_eligible,Latest-active reviewed MTO key; pass agreement is recomputed using case-insensitive model-family equivalence.,Reviewed two-pass MTO make/model inference using NCIC model-code abbreviations and NHTSA vPIC make/model examples (2026-08-12).
ontario_ministry_transport_vehicle_population,LAMO,CHU,PASSENGER,2020,2025,6,2020 | 2021 | 2022 | 2023 | 2024 | 2025,2015,2025,10,47,1491,2025,280,Huracan,Huracan,,Urus | Revuelto | Aventador,Lamborghini,agreement,Huracan,true,promotion_eligible,Latest-active reviewed MTO key; pass agreement is recomputed using case-insensitive model-family equivalence.,Reviewed two-pass MTO make/model inference using NCIC model-code abbreviations and NHTSA vPIC make/model examples (2026-08-12).
ontario_ministry_transport_vehicle_population,INTL,20S,COMMERCIAL,2014,2025,11,2014 | 2016 | 2017 | 2018 | 2019 | 2020 | 2021 | 2022 | 2023 | 2024 | 2025,1989,2003,15,165,8440,2025,279,2000 Series,Model unresolved,Ontario identifies only a vehicle family; vPIC does not support one unique model.,,International,disagreement,,true,promotion_eligible,Latest-active reviewed MTO key; pass agreement is recomputed using case-insensitive model-family equivalence.,Reviewed two-pass MTO make/model inference using NCIC model-code abbreviations and NHTSA vPIC make/model examples (2026-08-12).
ontario_ministry_transport_vehicle_population,PONT,GTP,PASSENGER,2014,2025,11,2014 | 2016 | 2017 | 2018 | 2019 | 2020 | 2021 | 2022 | 2023 | 2024 | 2025,1967,2005,11,121,8861,2025,279,GTO,GTO,,Grand Prix | Grand Am | G6,Pontiac,agreement,GTO,true,promotion_eligible,Latest-active reviewed MTO key; pass agreement is recomputed using case-insensitive model-family equivalence.,Reviewed two-pass MTO make/model inference using NCIC model-code abbreviations and NHTSA vPIC make/model examples (2026-08-12).
ontario_ministry_transport_vehicle_population,VOLK,GDS,PASSENGER,2024,2025,2,2024 | 2025,2024,2024,1,2,556,2025,279,GLI,GLI,"Closest vPIC name match, but no sampled year-specific result corroborates it.",ID.4 | Tiguan | DASHER,Volkswagen,agreement,GLI,true,promotion_eligible,Latest-active reviewed MTO key; pass agreement is recomputed using case-insensitive model-family equivalence.,Reviewed two-pass MTO make/model inference using NCIC model-code abbreviations and NHTSA vPIC make/model examples (2026-08-12).
ontario_ministry_transport_vehicle_population,VOLK,LUX,PASSENGER,2014,2025,11,2014 | 2016 | 2017 | 2018 | 2019 | 2020 | 2021 | 2022 | 2023 | 2024 | 2025,1978,2007,2,22,3875,2025,279,Beetle,Beetle,,Fox | Eurovan | Golf/GTI,Volkswagen,agreement,Beetle,true,promotion_eligible,Latest-active reviewed MTO key; pass agreement is recomputed using case-insensitive model-family equivalence.,Reviewed two-pass MTO make/model inference using NCIC model-code abbreviations and NHTSA vPIC make/model examples (2026-08-12).
ontario_ministry_transport_vehicle_population,HOND,DXC,PASSENGER,2019,2025,7,2019 | 2020 | 2021 | 2022 | 2023 | 2024 | 2025,1984,2020,12,84,1649,2025,278,CR-V,CR-V,,Civic | Accord | Odyssey,Honda,agreement,CR-V,true,promotion_eligible,Latest-active reviewed MTO key; pass agreement is recomputed using case-insensitive model-family equivalence.,Reviewed two-pass MTO make/model inference using NCIC model-code abbreviations and NHTSA vPIC make/model examples (2026-08-12).
ontario_ministry_transport_vehicle_population,MAZD,XSV,PASSENGER,2018,2025,8,2018 | 2019 | 2020 | 2021 | 2022 | 2023 | 2024 | 2025,2018,2023,3,13,1945,2025,277,MX-5,MX-5,,CX-9 | CX-5 | CX-3,Mazda,agreement,MX-5,true,promotion_eligible,Latest-active reviewed MTO key; pass agreement is recomputed using case-insensitive model-family equivalence.,Reviewed two-pass MTO make/model inference using NCIC model-code abbreviations and NHTSA vPIC make/model examples (2026-08-12).
ontario_ministry_transport_vehicle_population,MITS,ECG,PASSENGER,2014,2025,11,2014 | 2016 | 2017 | 2018 | 2019 | 2020 | 2021 | 2022 | 2023 | 2024 | 2025,2000,2012,11,121,4526,2025,277,Eclipse,Eclipse,,,Mitsubishi,agreement,Eclipse,true,promotion_eligible,Latest-active reviewed MTO key; pass agreement is recomputed using case-insensitive model-family equivalence.,Reviewed two-pass MTO make/model inference using NCIC model-code abbreviations and NHTSA vPIC make/model examples (2026-08-12).
ontario_ministry_transport_vehicle_population,CHRY,308,PASSENGER,2014,2025,11,2014 | 2016 | 2017 | 2018 | 2019 | 2020 | 2021 | 2022 | 2023 | 2024 | 2025,2005,2016,10,106,3507,2025,276,300,300,,,Chrysler,agreement,300,true,promotion_eligible,Latest-active reviewed MTO key; pass agreement is recomputed using case-insensitive model-family equivalence.,Reviewed two-pass MTO make/model inference using NCIC model-code abbreviations and NHTSA vPIC make/model examples (2026-08-12).
ontario_ministry_transport_vehicle_population,AUDI,SQC,PASSENGER,2016,2025,10,2016 | 2017 | 2018 | 2019 | 2020 | 2021 | 2022 | 2023 | 2024 | 2025,2016,2017,2,20,3054,2025,274,SQ5,SQ5,,S8 | S7 | S6,Audi,agreement,SQ5,true,promotion_eligible,Latest-active reviewed MTO key; pass agreement is recomputed using case-insensitive model-family equivalence.,Reviewed two-pass MTO make/model inference using NCIC model-code abbreviations and NHTSA vPIC make/model examples (2026-08-12).
ontario_ministry_transport_vehicle_population,BMW,35D,PASSENGER,2014,2025,11,2014 | 2016 | 2017 | 2018 | 2019 | 2020 | 2021 | 2022 | 2023 | 2024 | 2025,2009,2011,3,33,3545,2025,274,3 Series,X5,Generic Ontario code spans multiple vPIC models; this is the closest family match.,5 Series | 335 | X5,BMW,disagreement,,true,promotion_eligible,Latest-active reviewed MTO key; pass agreement is recomputed using case-insensitive model-family equivalence.,Reviewed two-pass MTO make/model inference using NCIC model-code abbreviations and NHTSA vPIC make/model examples (2026-08-12).
ontario_ministry_transport_vehicle_population,VOLK,JDS,PASSENGER,2019,2025,7,2019 | 2020 | 2021 | 2022 | 2023 | 2024 | 2025,2016,2019,2,14,1813,2025,274,Jetta,Jetta,,Passat | Eos | DASHER,Volkswagen,agreement,Jetta,true,promotion_eligible,Latest-active reviewed MTO key; pass agreement is recomputed using case-insensitive model-family equivalence.,Reviewed two-pass MTO make/model inference using NCIC model-code abbreviations and NHTSA vPIC make/model examples (2026-08-12).
ontario_ministry_transport_vehicle_population,MERC,GLA,PASSENGER,2025,2025,1,2025,2006,2026,4,4,271,2025,271,Milan,Milan,,Grand Marquis | Mariner | Montego,Mercury,agreement,Milan,true,promotion_eligible,Latest-active reviewed MTO key; pass agreement is recomputed using case-insensitive model-family equivalence.,Reviewed two-pass MTO make/model inference using NCIC model-code abbreviations and NHTSA vPIC make/model examples (2026-08-12).
ontario_ministry_transport_vehicle_population,PONT,FTG,PASSENGER,2014,2025,11,2014 | 2016 | 2017 | 2018 | 2019 | 2020 | 2021 | 2022 | 2023 | 2024 | 2025,1989,1992,4,44,2502,2025,271,Firefly (tentative),Firefly,,Firebird/Trans Am/Formula | Grand Am | Grand Prix,Pontiac,agreement,Firefly,true,promotion_eligible,Latest-active reviewed MTO key; pass agreement is recomputed using case-insensitive model-family equivalence.,Reviewed two-pass MTO make/model inference using NCIC model-code abbreviations and NHTSA vPIC make/model examples (2026-08-12).
ontario_ministry_transport_vehicle_population,MERC,GMG,PASSENGER,2014,2025,11,2014 | 2016 | 2017 | 2018 | 2019 | 2020 | 2021 | 2022 | 2023 | 2024 | 2025,1976,2008,24,264,6213,2025,270,Grand Marquis,Grand Marquis,,,Mercury,agreement,Grand Marquis,true,promotion_eligible,Latest-active reviewed MTO key; pass agreement is recomputed using case-insensitive model-family equivalence.,Reviewed two-pass MTO make/model inference using NCIC model-code abbreviations and NHTSA vPIC make/model examples (2026-08-12).
ontario_ministry_transport_vehicle_population,MG,B,PASSENGER,2014,2025,11,2014 | 2016 | 2017 | 2018 | 2019 | 2020 | 2021 | 2022 | 2023 | 2024 | 2025,1963,1981,19,209,3346,2025,270,MGB,Model unresolved,The Ontario abbreviation does not match a vPIC model closely enough.,,MG,disagreement,,true,promotion_eligible,Latest-active reviewed MTO key; pass agreement is recomputed using case-insensitive model-family equivalence.,Reviewed two-pass MTO make/model inference using NCIC model-code abbreviations and NHTSA vPIC make/model examples (2026-08-12).
ontario_ministry_transport_vehicle_population,PLSR,EAE,PASSENGER,2025,2025,1,2025,2025,2025,1,1,270,2025,270,4 (tentative),Model unresolved,The Ontario abbreviation does not match a vPIC model closely enough.,3 | 2,Polaris,disagreement,,true,promotion_eligible,Latest-active reviewed MTO key; pass agreement is recomputed using case-insensitive model-family equivalence.,Reviewed two-pass MTO make/model inference using NCIC model-code abbreviations and NHTSA vPIC make/model examples (2026-08-12).
ontario_ministry_transport_vehicle_population,VOLK,BSD,PASSENGER,2017,2025,9,2017 | 2018 | 2019 | 2020 | 2021 | 2022 | 2023 | 2024 | 2025,2016,2017,2,15,2175,2025,270,Beetle,Beetle,,Eos | Passat | BUS,Volkswagen,agreement,Beetle,true,promotion_eligible,Latest-active reviewed MTO key; pass agreement is recomputed using case-insensitive model-family equivalence.,Reviewed two-pass MTO make/model inference using NCIC model-code abbreviations and NHTSA vPIC make/model examples (2026-08-12).
ontario_ministry_transport_vehicle_population,VOLK,ETK,PASSENGER,2014,2025,11,2014 | 2016 | 2017 | 2018 | 2019 | 2020 | 2021 | 2022 | 2023 | 2024 | 2025,2008,2010,3,33,3343,2025,270,Jetta,Jetta,,,Volkswagen,agreement,Jetta,true,promotion_eligible,Latest-active reviewed MTO key; pass agreement is recomputed using case-insensitive model-family equivalence.,Reviewed two-pass MTO make/model inference using NCIC model-code abbreviations and NHTSA vPIC make/model examples (2026-08-12).
ontario_ministry_transport_vehicle_population,PONT,ACA,PASSENGER,2014,2025,11,2014 | 2016 | 2017 | 2018 | 2019 | 2020 | 2021 | 2022 | 2023 | 2024 | 2025,1957,1987,30,330,3303,2025,269,Safari (tentative),Safari,,Grand Am | Grand Prix | Firebird/Trans Am/Formula,Pontiac,agreement,Safari,true,promotion_eligible,Latest-active reviewed MTO key; pass agreement is recomputed using case-insensitive model-family equivalence.,Reviewed two-pass MTO make/model inference using NCIC model-code abbreviations and NHTSA vPIC make/model examples (2026-08-12).
ontario_ministry_transport_vehicle_population,AUDI,A5L,PASSENGER,2014,2025,11,2014 | 2016 | 2017 | 2018 | 2019 | 2020 | 2021 | 2022 | 2023 | 2024 | 2025,2010,2015,6,63,3500,2025,268,A5,A5,,,Audi,agreement,A5,true,promotion_eligible,Latest-active reviewed MTO key; pass agreement is recomputed using case-insensitive model-family equivalence.,Reviewed two-pass MTO make/model inference using NCIC model-code abbreviations and NHTSA vPIC make/model examples (2026-08-12).
ontario_ministry_transport_vehicle_population,CADI,XLR,PASSENGER,2014,2025,11,2014 | 2016 | 2017 | 2018 | 2019 | 2020 | 2021 | 2022 | 2023 | 2024 | 2025,2004,2009,6,66,2804,2025,268,XLR,XLR,,,Cadillac,agreement,XLR,true,promotion_eligible,Latest-active reviewed MTO key; pass agreement is recomputed using case-insensitive model-family equivalence.,Reviewed two-pass MTO make/model inference using NCIC model-code abbreviations and NHTSA vPIC make/model examples (2026-08-12).
ontario_ministry_transport_vehicle_population,DODG,CHC,PASSENGER,2022,2025,4,2022 | 2023 | 2024 | 2025,1970,2023,10,39,1069,2025,268,Charger,Charger,,Challenger | Colt | Caravan/Grand Caravan,Dodge,agreement,Charger,true,promotion_eligible,Latest-active reviewed MTO key; pass agreement is recomputed using case-insensitive model-family equivalence.,Reviewed two-pass MTO make/model inference using NCIC model-code abbreviations and NHTSA vPIC make/model examples (2026-08-12).
ontario_ministry_transport_vehicle_population,MERZ,C2A,PASSENGER,2014,2025,11,2014 | 2016 | 2017 | 2018 | 2019 | 2020 | 2021 | 2022 | 2023 | 2024 | 2025,2007,2007,1,11,4615,2025,268,C32 AMG,CLS-Class,vPIC also supports C-Class; the code does not clearly distinguish them.,C-Class | CL-Class | CLS-Class,Mercedes-Benz,disagreement,,true,promotion_eligible,Latest-active reviewed MTO key; pass agreement is recomputed using case-insensitive model-family equivalence.,Reviewed two-pass MTO make/model inference using NCIC model-code abbreviations and NHTSA vPIC make/model examples (2026-08-12).
ontario_ministry_transport_vehicle_population,CHEV,CCL,PASSENGER,2014,2025,11,2014 | 2016 | 2017 | 2018 | 2019 | 2020 | 2021 | 2022 | 2023 | 2024 | 2025,1952,1996,26,286,3753,2025,267,Celebrity,Celebrity,,,Chevrolet,agreement,Celebrity,true,promotion_eligible,Latest-active reviewed MTO key; pass agreement is recomputed using case-insensitive model-family equivalence.,Reviewed two-pass MTO make/model inference using NCIC model-code abbreviations and NHTSA vPIC make/model examples (2026-08-12).
ontario_ministry_transport_vehicle_population,MERZ,M50,PASSENGER,2014,2025,11,2014 | 2016 | 2017 | 2018 | 2019 | 2020 | 2021 | 2022 | 2023 | 2024 | 2025,2002,2007,6,66,6930,2025,267,ML550,Model unresolved,The Ontario abbreviation does not match a vPIC model closely enough.,ML500 | ML350,Mercedes-Benz,disagreement,,true,promotion_eligible,Latest-active reviewed MTO key; pass agreement is recomputed using case-insensitive model-family equivalence.,Reviewed two-pass MTO make/model inference using NCIC model-code abbreviations and NHTSA vPIC make/model examples (2026-08-12).
ontario_ministry_transport_vehicle_population,MERZ,MC5,PASSENGER,2014,2025,11,2014 | 2016 | 2017 | 2018 | 2019 | 2020 | 2021 | 2022 | 2023 | 2024 | 2025,2007,2016,9,93,4212,2025,267,ML55,Model unresolved,The Ontario abbreviation does not match a vPIC model closely enough.,ML550 | ML500 | ML350,Mercedes-Benz,disagreement,,true,promotion_eligible,Latest-active reviewed MTO key; pass agreement is recomputed using case-insensitive model-family equivalence.,Reviewed two-pass MTO make/model inference using NCIC model-code abbreviations and NHTSA vPIC make/model examples (2026-08-12).
ontario_ministry_transport_vehicle_population,PORS,9TA,PASSENGER,2022,2025,4,2022 | 2023 | 2024 | 2025,1996,2024,23,90,964,2025,267,911,911,,Turbo 4 911 Turbo Cab S | Taycan | Targa,Porsche,agreement,911,true,promotion_eligible,Latest-active reviewed MTO key; pass agreement is recomputed using case-insensitive model-family equivalence.,Reviewed two-pass MTO make/model inference using NCIC model-code abbreviations and NHTSA vPIC make/model examples (2026-08-12).
ontario_ministry_transport_vehicle_population,TOYT,SZG,COMMERCIAL,2021,2025,5,2021 | 2022 | 2023 | 2024 | 2025,2021,2022,2,10,1350,2025,267,Sienna,Sienna,,Sequoia | Venza | GR Supra,Toyota,agreement,Sienna,true,promotion_eligible,Latest-active reviewed MTO key; pass agreement is recomputed using case-insensitive model-family equivalence.,Reviewed two-pass MTO make/model inference using NCIC model-code abbreviations and NHTSA vPIC make/model examples (2026-08-12).
ontario_ministry_transport_vehicle_population,VOLV,S45,PASSENGER,2014,2025,11,2014 | 2016 | 2017 | 2018 | 2019 | 2020 | 2021 | 2022 | 2023 | 2024 | 2025,2004,2011,8,88,4094,2025,267,S40,S40,,S80 | S60 | V50,Volvo,agreement,S40,true,promotion_eligible,Latest-active reviewed MTO key; pass agreement is recomputed using case-insensitive model-family equivalence.,Reviewed two-pass MTO make/model inference using NCIC model-code abbreviations and NHTSA vPIC make/model examples (2026-08-12).
ontario_ministry_transport_vehicle_population,ACUR,TLT,PASSENGER,2014,2025,11,2014 | 2016 | 2017 | 2018 | 2019 | 2020 | 2021 | 2022 | 2023 | 2024 | 2025,2013,2014,2,22,3233,2025,266,TL,TL,,,Acura,agreement,TL,true,promotion_eligible,Latest-active reviewed MTO key; pass agreement is recomputed using case-insensitive model-family equivalence.,Reviewed two-pass MTO make/model inference using NCIC model-code abbreviations and NHTSA vPIC make/model examples (2026-08-12).
ontario_ministry_transport_vehicle_population,KW,5LD,COMMERCIAL,2025,2025,1,2025,2023,2026,4,4,266,2025,266,542 (tentative),542,"Closest vPIC name match, but no sampled year-specific result corroborates it.",540 | 548CH | C5 Series,Kenworth,agreement,542,true,promotion_eligible,Latest-active reviewed MTO key; pass agreement is recomputed using case-insensitive model-family equivalence.,Reviewed two-pass MTO make/model inference using NCIC model-code abbreviations and NHTSA vPIC make/model examples (2026-08-12).
ontario_ministry_transport_vehicle_population,DODG,DLM,PASSENGER,2014,2025,11,2014 | 2016 | 2017 | 2018 | 2019 | 2020 | 2021 | 2022 | 2023 | 2024 | 2025,1964,2016,4,43,3426,2025,264,Diplomat,DIPLOMAT,,Durango | Dart | Daytona,Dodge,agreement,DIPLOMAT,true,promotion_eligible,Latest-active reviewed MTO key; pass agreement is recomputed using case-insensitive model-family equivalence.,Reviewed two-pass MTO make/model inference using NCIC model-code abbreviations and NHTSA vPIC make/model examples (2026-08-12).
ontario_ministry_transport_vehicle_population,LNDR,EPG,PASSENGER,2021,2025,5,2021 | 2022 | 2023 | 2024 | 2025,2020,2024,5,22,1368,2025,264,Evoque,Range Rover Evoque,vPIC also supports Discovery; the code does not clearly distinguish them.,Defender | Discovery | Range Rover,Land Rover,agreement,Range Rover Evoque,true,promotion_eligible,Latest-active reviewed MTO key; pass agreement is recomputed using case-insensitive model-family equivalence.,Reviewed two-pass MTO make/model inference using NCIC model-code abbreviations and NHTSA vPIC make/model examples (2026-08-12).
ontario_ministry_transport_vehicle_population,TOYT,DBG,PASSENGER,2020,2025,6,2020 | 2021 | 2022 | 2023 | 2024 | 2025,2020,2022,3,17,1661,2025,264,GR Supra,Supra,"vPIC supports the model, but the Ontario abbreviation is not uniquely identifying.",GR 86 | Highlander | Corolla,Toyota,agreement,Supra,true,promotion_eligible,Latest-active reviewed MTO key; pass agreement is recomputed using case-insensitive model-family equivalence.,Reviewed two-pass MTO make/model inference using NCIC model-code abbreviations and NHTSA vPIC make/model examples (2026-08-12).
ontario_ministry_transport_vehicle_population,VOLK,7NE,PASSENGER,2025,2025,1,2025,2023,2025,3,3,264,2025,264,Jetta,Jetta,,Tiguan,Volkswagen,agreement,Jetta,true,promotion_eligible,Latest-active reviewed MTO key; pass agreement is recomputed using case-insensitive model-family equivalence.,Reviewed two-pass MTO make/model inference using NCIC model-code abbreviations and NHTSA vPIC make/model examples (2026-08-12).
ontario_ministry_transport_vehicle_population,HYUN,EST,PASSENGER,2014,2025,11,2014 | 2016 | 2017 | 2018 | 2019 | 2020 | 2021 | 2022 | 2023 | 2024 | 2025,2001,2005,3,33,15828,2025,263,ENTOURAGE,Entourage,"Closest vPIC name match, but no sampled year-specific result corroborates it.",Elantra | Sonata,Hyundai,agreement,Entourage,true,promotion_eligible,Latest-active reviewed MTO key; pass agreement is recomputed using case-insensitive model-family equivalence.,Reviewed two-pass MTO make/model inference using NCIC model-code abbreviations and NHTSA vPIC make/model examples (2026-08-12).
ontario_ministry_transport_vehicle_population,NISS,GTN,PASSENGER,2023,2025,3,2023 | 2024 | 2025,2016,2024,8,24,791,2025,263,GT-R,GT-R,,,Nissan,agreement,GT-R,true,promotion_eligible,Latest-active reviewed MTO key; pass agreement is recomputed using case-insensitive model-family equivalence.,Reviewed two-pass MTO make/model inference using NCIC model-code abbreviations and NHTSA vPIC make/model examples (2026-08-12).
ontario_ministry_transport_vehicle_population,VOLK,NGI,PASSENGER,2014,2025,11,2014 | 2016 | 2017 | 2018 | 2019 | 2020 | 2021 | 2022 | 2023 | 2024 | 2025,1999,2005,7,77,5868,2025,263,GTI,GTI,,Touareg | Beetle | Golf/GTI,Volkswagen,agreement,GTI,true,promotion_eligible,Latest-active reviewed MTO key; pass agreement is recomputed using case-insensitive model-family equivalence.,Reviewed two-pass MTO make/model inference using NCIC model-code abbreviations and NHTSA vPIC make/model examples (2026-08-12).
ontario_ministry_transport_vehicle_population,BMW,5XD,PASSENGER,2014,2025,11,2014 | 2016 | 2017 | 2018 | 2019 | 2020 | 2021 | 2022 | 2023 | 2024 | 2025,2011,2016,6,65,4293,2025,261,X5,X5,,5 Series,BMW,agreement,X5,true,promotion_eligible,Latest-active reviewed MTO key; pass agreement is recomputed using case-insensitive model-family equivalence.,Reviewed two-pass MTO make/model inference using NCIC model-code abbreviations and NHTSA vPIC make/model examples (2026-08-12).
ontario_ministry_transport_vehicle_population,HOND,PEC,PASSENGER,2014,2025,11,2014 | 2016 | 2017 | 2018 | 2019 | 2020 | 2021 | 2022 | 2023 | 2024 | 2025,2001,2001,1,11,4166,2025,260,Prelude,Prelude,,,Honda,agreement,Prelude,true,promotion_eligible,Latest-active reviewed MTO key; pass agreement is recomputed using case-insensitive model-family equivalence.,Reviewed two-pass MTO make/model inference using NCIC model-code abbreviations and NHTSA vPIC make/model examples (2026-08-12).
ontario_ministry_transport_vehicle_population,SMRT,SME,PASSENGER,2014,2025,11,2014 | 2016 | 2017 | 2018 | 2019 | 2020 | 2021 | 2022 | 2023 | 2024 | 2025,2013,2017,5,52,3578,2025,260,fortwo (tentative),Fortwo,,PASSION,smart,agreement,Fortwo,true,promotion_eligible,Latest-active reviewed MTO key; pass agreement is recomputed using case-insensitive model-family equivalence.,Reviewed two-pass MTO make/model inference using NCIC model-code abbreviations and NHTSA vPIC make/model examples (2026-08-12).
ontario_ministry_transport_vehicle_population,FORD,FSB,PASSENGER,2016,2025,10,2016 | 2017 | 2018 | 2019 | 2020 | 2021 | 2022 | 2023 | 2024 | 2025,1965,2018,7,69,2682,2025,259,Freestar,Freestar,,Freestyle | Fusion | Fiesta,Ford,agreement,Freestar,true,promotion_eligible,Latest-active reviewed MTO key; pass agreement is recomputed using case-insensitive model-family equivalence.,Reviewed two-pass MTO make/model inference using NCIC model-code abbreviations and NHTSA vPIC make/model examples (2026-08-12).
ontario_ministry_transport_vehicle_population,GMC,C75,COMMERCIAL,2014,2025,11,2014 | 2016 | 2017 | 2018 | 2019 | 2020 | 2021 | 2022 | 2023 | 2024 | 2025,1963,2009,11,119,4910,2025,259,Acadia,Acadia,,Canyon | Caballero Pickup | Pas-Syclone,GMC,agreement,Acadia,true,promotion_eligible,Latest-active reviewed MTO key; pass agreement is recomputed using case-insensitive model-family equivalence.,Reviewed two-pass MTO make/model inference using NCIC model-code abbreviations and NHTSA vPIC make/model examples (2026-08-12).
ontario_ministry_transport_vehicle_population,KIA,SLE,PASSENGER,2014,2025,11,2014 | 2016 | 2017 | 2018 | 2019 | 2020 | 2021 | 2022 | 2023 | 2024 | 2025,2004,2006,3,33,15993,2025,259,Sedona,Sedona,,,Kia,agreement,Sedona,true,promotion_eligible,Latest-active reviewed MTO key; pass agreement is recomputed using case-insensitive model-family equivalence.,Reviewed two-pass MTO make/model inference using NCIC model-code abbreviations and NHTSA vPIC make/model examples (2026-08-12).
ontario_ministry_transport_vehicle_population,LINC,EXC,PASSENGER,2014,2025,11,2014 | 2016 | 2017 | 2018 | 2019 | 2020 | 2021 | 2022 | 2023 | 2024 | 2025,1977,2011,22,242,5784,2025,258,MKX,MKX,,Continental | Zephyr | MKZ,Lincoln,agreement,MKX,true,promotion_eligible,Latest-active reviewed MTO key; pass agreement is recomputed using case-insensitive model-family equivalence.,Reviewed two-pass MTO make/model inference using NCIC model-code abbreviations and NHTSA vPIC make/model examples (2026-08-12).
ontario_ministry_transport_vehicle_population,MERZ,C28,PASSENGER,2014,2025,11,2014 | 2016 | 2017 | 2018 | 2019 | 2020 | 2021 | 2022 | 2023 | 2024 | 2025,1994,2007,8,88,5235,2025,258,C280,280,"vPIC supports the model, but the Ontario abbreviation is not uniquely identifying.",,Mercedes-Benz,disagreement,,true,promotion_eligible,Latest-active reviewed MTO key; pass agreement is recomputed using case-insensitive model-family equivalence.,Reviewed two-pass MTO make/model inference using NCIC model-code abbreviations and NHTSA vPIC make/model examples (2026-08-12).
ontario_ministry_transport_vehicle_population,VOLV,S6E,PASSENGER,2017,2025,9,2017 | 2018 | 2019 | 2020 | 2021 | 2022 | 2023 | 2024 | 2025,2015,2018,4,31,2229,2025,258,S60,S60,,V60 | XC60,Volvo,agreement,S60,true,promotion_eligible,Latest-active reviewed MTO key; pass agreement is recomputed using case-insensitive model-family equivalence.,Reviewed two-pass MTO make/model inference using NCIC model-code abbreviations and NHTSA vPIC make/model examples (2026-08-12).
ontario_ministry_transport_vehicle_population,AUDI,3PS,PASSENGER,2017,2025,9,2017 | 2018 | 2019 | 2020 | 2021 | 2022 | 2023 | 2024 | 2025,2016,2020,4,33,2350,2025,257,S3,S3,,Q3 | A3 | RS 3,Audi,agreement,S3,true,promotion_eligible,Latest-active reviewed MTO key; pass agreement is recomputed using case-insensitive model-family equivalence.,Reviewed two-pass MTO make/model inference using NCIC model-code abbreviations and NHTSA vPIC make/model examples (2026-08-12).
ontario_ministry_transport_vehicle_population,HYUN,CRU,PASSENGER,2017,2025,9,2017 | 2018 | 2019 | 2020 | 2021 | 2022 | 2023 | 2024 | 2025,2016,2016,1,9,2306,2025,256,Equus,Equus,,Azera | Tucson | Accent,Hyundai,agreement,Equus,true,promotion_eligible,Latest-active reviewed MTO key; pass agreement is recomputed using case-insensitive model-family equivalence.,Reviewed two-pass MTO make/model inference using NCIC model-code abbreviations and NHTSA vPIC make/model examples (2026-08-12).
ontario_ministry_transport_vehicle_population,VOLK,RFG,PASSENGER,2017,2025,9,2017 | 2018 | 2019 | 2020 | 2021 | 2022 | 2023 | 2024 | 2025,2017,2017,1,9,2278,2025,255,Touareg,Touareg,,,Volkswagen,agreement,Touareg,true,promotion_eligible,Latest-active reviewed MTO key; pass agreement is recomputed using case-insensitive model-family equivalence.,Reviewed two-pass MTO make/model inference using NCIC model-code abbreviations and NHTSA vPIC make/model examples (2026-08-12).
ontario_ministry_transport_vehicle_population,AUDI,6PT,PASSENGER,2016,2025,10,2016 | 2017 | 2018 | 2019 | 2020 | 2021 | 2022 | 2023 | 2024 | 2025,2016,2016,1,10,2814,2025,254,S6,S6,,A6 | TT | TTS,Audi,agreement,S6,true,promotion_eligible,Latest-active reviewed MTO key; pass agreement is recomputed using case-insensitive model-family equivalence.,Reviewed two-pass MTO make/model inference using NCIC model-code abbreviations and NHTSA vPIC make/model examples (2026-08-12).
ontario_ministry_transport_vehicle_population,FORD,COU,PASSENGER,2014,2025,11,2014 | 2016 | 2017 | 2018 | 2019 | 2020 | 2021 | 2022 | 2023 | 2024 | 2025,1922,2026,61,617,2622,2025,254,COUNTRY SEDAN,Model unresolved,The Ontario abbreviation does not match a vPIC model closely enough.,COUNTRY SQUIRE,Ford,disagreement,,true,promotion_eligible,Latest-active reviewed MTO key; pass agreement is recomputed using case-insensitive model-family equivalence.,Reviewed two-pass MTO make/model inference using NCIC model-code abbreviations and NHTSA vPIC make/model examples (2026-08-12).
ontario_ministry_transport_vehicle_population,FORD,FLS,PASSENGER,2014,2025,11,2014 | 2016 | 2017 | 2018 | 2019 | 2020 | 2021 | 2022 | 2023 | 2024 | 2025,2011,2012,2,22,4295,2025,253,Flex,Flex,,Fusion | Fiesta,Ford,agreement,Flex,true,promotion_eligible,Latest-active reviewed MTO key; pass agreement is recomputed using case-insensitive model-family equivalence.,Reviewed two-pass MTO make/model inference using NCIC model-code abbreviations and NHTSA vPIC make/model examples (2026-08-12).
ontario_ministry_transport_vehicle_population,MERZ,S6G,PASSENGER,2016,2025,10,2016 | 2017 | 2018 | 2019 | 2020 | 2021 | 2022 | 2023 | 2024 | 2025,2009,2019,10,96,2505,2025,253,S65 AMG,Model unresolved,The Ontario abbreviation does not match a vPIC model closely enough.,S63AMG | SL63 AMG | SLS AMG,Mercedes-Benz,disagreement,,true,promotion_eligible,Latest-active reviewed MTO key; pass agreement is recomputed using case-insensitive model-family equivalence.,Reviewed two-pass MTO make/model inference using NCIC model-code abbreviations and NHTSA vPIC make/model examples (2026-08-12).
ontario_ministry_transport_vehicle_population,JAGU,CLP,PASSENGER,2014,2025,11,2014 | 2016 | 2017 | 2018 | 2019 | 2020 | 2021 | 2022 | 2023 | 2024 | 2025,2009,2010,2,22,4021,2025,251,XJ,XJ,,XJR | Vdp | Super V8,Jaguar,agreement,XJ,true,promotion_eligible,Latest-active reviewed MTO key; pass agreement is recomputed using case-insensitive model-family equivalence.,Reviewed two-pass MTO make/model inference using NCIC model-code abbreviations and NHTSA vPIC make/model examples (2026-08-12).
ontario_ministry_transport_vehicle_population,KIA,E3G,PASSENGER,2019,2025,7,2019 | 2020 | 2021 | 2022 | 2023 | 2024 | 2025,2018,2021,4,27,1711,2025,251,Stinger,Stinger,,Telluride | Sedona | Seltos,Kia,agreement,Stinger,true,promotion_eligible,Latest-active reviewed MTO key; pass agreement is recomputed using case-insensitive model-family equivalence.,Reviewed two-pass MTO make/model inference using NCIC model-code abbreviations and NHTSA vPIC make/model examples (2026-08-12).
ontario_ministry_transport_vehicle_population,MAZD,M6G,PASSENGER,2014,2025,11,2014 | 2016 | 2017 | 2018 | 2019 | 2020 | 2021 | 2022 | 2023 | 2024 | 2025,2013,2021,4,14,3187,2025,250,Mazda6,Mazda6,,,Mazda,agreement,Mazda6,true,promotion_eligible,Latest-active reviewed MTO key; pass agreement is recomputed using case-insensitive model-family equivalence.,Reviewed two-pass MTO make/model inference using NCIC model-code abbreviations and NHTSA vPIC make/model examples (2026-08-12).
ontario_ministry_transport_vehicle_population,MERZ,S28,PASSENGER,2014,2025,11,2014 | 2016 | 2017 | 2018 | 2019 | 2020 | 2021 | 2022 | 2023 | 2024 | 2025,2006,2008,3,33,2723,2025,250,280,280,"Closest vPIC name match, but no sampled year-specific result corroborates it.",SLK280 | C280 | S580,Mercedes-Benz,agreement,280,true,promotion_eligible,Latest-active reviewed MTO key; pass agreement is recomputed using case-insensitive model-family equivalence.,Reviewed two-pass MTO make/model inference using NCIC model-code abbreviations and NHTSA vPIC make/model examples (2026-08-12).
ontario_ministry_transport_vehicle_population,AUDI,N4A,PASSENGER,2014,2025,11,2014 | 2016 | 2017 | 2018 | 2019 | 2020 | 2021 | 2022 | 2023 | 2024 | 2025,2005,2009,5,54,4486,2025,249,S4,S4,,A4 | RS 4,Audi,agreement,S4,true,promotion_eligible,Latest-active reviewed MTO key; pass agreement is recomputed using case-insensitive model-family equivalence.,Reviewed two-pass MTO make/model inference using NCIC model-code abbreviations and NHTSA vPIC make/model examples (2026-08-12).
ontario_ministry_transport_vehicle_population,MG,MID,PASSENGER,2014,2025,11,2014 | 2016 | 2017 | 2018 | 2019 | 2020 | 2021 | 2022 | 2023 | 2024 | 2025,1933,1981,28,308,3297,2025,249,MIDGET,Model unresolved,The Ontario abbreviation does not match a vPIC model closely enough.,,MG,disagreement,,true,promotion_eligible,Latest-active reviewed MTO key; pass agreement is recomputed using case-insensitive model-family equivalence.,Reviewed two-pass MTO make/model inference using NCIC model-code abbreviations and NHTSA vPIC make/model examples (2026-08-12).
ontario_ministry_transport_vehicle_population,SUBA,C2I,PASSENGER,2014,2025,11,2014 | 2016 | 2017 | 2018 | 2019 | 2020 | 2021 | 2022 | 2023 | 2024 | 2025,2008,2009,2,18,3828,2025,249,Impreza/Outback Sport (tentative),Impreza,,Tribeca | ASCENT | IMPREZA,Subaru,agreement,Impreza,true,promotion_eligible,Latest-active reviewed MTO key; pass agreement is recomputed using case-insensitive model-family equivalence.,Reviewed two-pass MTO make/model inference using NCIC model-code abbreviations and NHTSA vPIC make/model examples (2026-08-12).
ontario_ministry_transport_vehicle_population,BUIC,L66,PASSENGER,2014,2025,11,2014 | 2016 | 2017 | 2018 | 2019 | 2020 | 2021 | 2022 | 2023 | 2024 | 2025,2012,2013,2,22,3145,2025,248,LaCrosse,LaCrosse,,Regal | Enclave,Buick,agreement,LaCrosse,true,promotion_eligible,Latest-active reviewed MTO key; pass agreement is recomputed using case-insensitive model-family equivalence.,Reviewed two-pass MTO make/model inference using NCIC model-code abbreviations and NHTSA vPIC make/model examples (2026-08-12).
ontario_ministry_transport_vehicle_population,JEEP,GLA,COMMERCIAL,2025,2025,1,2025,1964,2026,4,4,248,2025,248,Gladiator,Gladiator,,Gladiator Pickup,Jeep,agreement,Gladiator,true,promotion_eligible,Latest-active reviewed MTO key; pass agreement is recomputed using case-insensitive model-family equivalence.,Reviewed two-pass MTO make/model inference using NCIC model-code abbreviations and NHTSA vPIC make/model examples (2026-08-12).
ontario_ministry_transport_vehicle_population,BMW,JFG,PASSENGER,2019,2025,7,2019 | 2020 | 2021 | 2022 | 2023 | 2024 | 2025,2018,2020,3,21,2005,2025,247,i3 (tentative),i3,,X6 | X5 | X4,BMW,agreement,i3,true,promotion_eligible,Latest-active reviewed MTO key; pass agreement is recomputed using case-insensitive model-family equivalence.,Reviewed two-pass MTO make/model inference using NCIC model-code abbreviations and NHTSA vPIC make/model examples (2026-08-12).
ontario_ministry_transport_vehicle_population,GENS,JBG,PASSENGER,2025,2025,1,2025,2025,2026,2,2,247,2025,247,G90,G90,,G80 | G70 | GV80,Genesis,agreement,G90,true,promotion_eligible,Latest-active reviewed MTO key; pass agreement is recomputed using case-insensitive model-family equivalence.,Reviewed two-pass MTO make/model inference using NCIC model-code abbreviations and NHTSA vPIC make/model examples (2026-08-12).
ontario_ministry_transport_vehicle_population,CADI,AF6,PASSENGER,2014,2025,11,2014 | 2016 | 2017 | 2018 | 2019 | 2020 | 2021 | 2022 | 2023 | 2024 | 2025,2008,2020,3,23,5094,2025,246,CT6,CT6,,XT6 | ATS | ATS-V,Cadillac,agreement,CT6,true,promotion_eligible,Latest-active reviewed MTO key; pass agreement is recomputed using case-insensitive model-family equivalence.,Reviewed two-pass MTO make/model inference using NCIC model-code abbreviations and NHTSA vPIC make/model examples (2026-08-12).
ontario_ministry_transport_vehicle_population,MERZ,E3M,PASSENGER,2014,2025,11,2014 | 2016 | 2017 | 2018 | 2019 | 2020 | 2021 | 2022 | 2023 | 2024 | 2025,2003,2005,3,33,4574,2025,246,E300 4MATIC,300,"Closest vPIC name match, but no sampled year-specific result corroborates it.",GLE350 4MATIC | E430 | E350,Mercedes-Benz,disagreement,,true,promotion_eligible,Latest-active reviewed MTO key; pass agreement is recomputed using case-insensitive model-family equivalence.,Reviewed two-pass MTO make/model inference using NCIC model-code abbreviations and NHTSA vPIC make/model examples (2026-08-12).
ontario_ministry_transport_vehicle_population,MERZ,WHG,PASSENGER,2025,2025,1,2025,2025,2025,1,1,246,2025,246,AMG GT,AMG GT,,G-Class | GLS-Class | GLE-Class,Mercedes-Benz,agreement,AMG GT,true,promotion_eligible,Latest-active reviewed MTO key; pass agreement is recomputed using case-insensitive model-family equivalence.,Reviewed two-pass MTO make/model inference using NCIC model-code abbreviations and NHTSA vPIC make/model examples (2026-08-12).
ontario_ministry_transport_vehicle_population,PONT,GAG,PASSENGER,2014,2025,11,2014 | 2016 | 2017 | 2018 | 2019 | 2020 | 2021 | 2022 | 2023 | 2024 | 2025,1992,2005,14,154,15728,2025,246,Grand Am,Grand AM,,Grand Prix | G6 | GTO,Pontiac,agreement,Grand AM,true,promotion_eligible,Latest-active reviewed MTO key; pass agreement is recomputed using case-insensitive model-family equivalence.,Reviewed two-pass MTO make/model inference using NCIC model-code abbreviations and NHTSA vPIC make/model examples (2026-08-12).
ontario_ministry_transport_vehicle_population,CHRY,3PL,PASSENGER,2020,2025,4,2020 | 2023 | 2024 | 2025,2015,2023,7,27,926,2025,245,300,300,,,Chrysler,agreement,300,true,promotion_eligible,Latest-active reviewed MTO key; pass agreement is recomputed using case-insensitive model-family equivalence.,Reviewed two-pass MTO make/model inference using NCIC model-code abbreviations and NHTSA vPIC make/model examples (2026-08-12).
ontario_ministry_transport_vehicle_population,BMW,320,PASSENGER,2014,2025,11,2014 | 2016 | 2017 | 2018 | 2019 | 2020 | 2021 | 2022 | 2023 | 2024 | 2025,1938,2013,35,358,8533,2025,244,320,320i,"vPIC supports the model, but the Ontario abbreviation is not uniquely identifying.",,BMW,agreement,320i,true,promotion_eligible,Latest-active reviewed MTO key; pass agreement is recomputed using case-insensitive model-family equivalence.,Reviewed two-pass MTO make/model inference using NCIC model-code abbreviations and NHTSA vPIC make/model examples (2026-08-12).
ontario_ministry_transport_vehicle_population,MERZ,S50,PASSENGER,2014,2025,11,2014 | 2016 | 2017 | 2018 | 2019 | 2020 | 2021 | 2022 | 2023 | 2024 | 2025,1994,2022,16,170,4689,2025,244,S550,500,vPIC also supports 350; the code does not clearly distinguish them.,S500 | S550E,Mercedes-Benz,disagreement,,true,promotion_eligible,Latest-active reviewed MTO key; pass agreement is recomputed using case-insensitive model-family equivalence.,Reviewed two-pass MTO make/model inference using NCIC model-code abbreviations and NHTSA vPIC make/model examples (2026-08-12).
ontario_ministry_transport_vehicle_population,SUBA,ISE,PASSENGER,2014,2025,11,2014 | 2016 | 2017 | 2018 | 2019 | 2020 | 2021 | 2022 | 2023 | 2024 | 2025,2012,2014,3,33,2970,2025,244,Impreza/Outback Sport,Impreza,,Legacy/Outback | TRAILSEEKER | Tribeca,Subaru,agreement,Impreza,true,promotion_eligible,Latest-active reviewed MTO key; pass agreement is recomputed using case-insensitive model-family equivalence.,Reviewed two-pass MTO make/model inference using NCIC model-code abbreviations and NHTSA vPIC make/model examples (2026-08-12).
ontario_ministry_transport_vehicle_population,AUDI,R85,PASSENGER,2014,2025,11,2014 | 2016 | 2017 | 2018 | 2019 | 2020 | 2021 | 2022 | 2023 | 2024 | 2025,2009,2023,11,99,2730,2025,243,R8,R8,,,Audi,agreement,R8,true,promotion_eligible,Latest-active reviewed MTO key; pass agreement is recomputed using case-insensitive model-family equivalence.,Reviewed two-pass MTO make/model inference using NCIC model-code abbreviations and NHTSA vPIC make/model examples (2026-08-12).
ontario_ministry_transport_vehicle_population,MASE,QSS,PASSENGER,2017,2025,9,2017 | 2018 | 2019 | 2020 | 2021 | 2022 | 2023 | 2024 | 2025,2009,2024,14,101,2157,2025,243,Quattroporte,Quattroporte,,GranTurismo,Maserati,agreement,Quattroporte,true,promotion_eligible,Latest-active reviewed MTO key; pass agreement is recomputed using case-insensitive model-family equivalence.,Reviewed two-pass MTO make/model inference using NCIC model-code abbreviations and NHTSA vPIC make/model examples (2026-08-12).
ontario_ministry_transport_vehicle_population,MERZ,300,PASSENGER,2014,2025,8,2014 | 2016 | 2017 | 2018 | 2019 | 2023 | 2024 | 2025,1952,2026,53,375,1876,2025,243,300,300,,,Mercedes-Benz,agreement,300,true,promotion_eligible,Latest-active reviewed MTO key; pass agreement is recomputed using case-insensitive model-family equivalence.,Reviewed two-pass MTO make/model inference using NCIC model-code abbreviations and NHTSA vPIC make/model examples (2026-08-12).
ontario_ministry_transport_vehicle_population,JAGU,PRS,PASSENGER,2024,2025,2,2024 | 2025,2016,2024,9,18,475,2025,242,F-Type,F-TYPE,,F-Pace | E-Pace | I-Pace,Jaguar,agreement,F-TYPE,true,promotion_eligible,Latest-active reviewed MTO key; pass agreement is recomputed using case-insensitive model-family equivalence.,Reviewed two-pass MTO make/model inference using NCIC model-code abbreviations and NHTSA vPIC make/model examples (2026-08-12).
ontario_ministry_transport_vehicle_population,LEXS,ESH,PASSENGER,2024,2025,2,2024 | 2025,2020,2025,6,12,482,2025,242,ES,ES,,,Lexus,agreement,ES,true,promotion_eligible,Latest-active reviewed MTO key; pass agreement is recomputed using case-insensitive model-family equivalence.,Reviewed two-pass MTO make/model inference using NCIC model-code abbreviations and NHTSA vPIC make/model examples (2026-08-12).
ontario_ministry_transport_vehicle_population,SUBA,TRI,PASSENGER,2014,2025,11,2014 | 2016 | 2017 | 2018 | 2019 | 2020 | 2021 | 2022 | 2023 | 2024 | 2025,2006,2008,3,33,6873,2025,242,Tribeca,B9 Tribeca,"vPIC supports the model, but the Ontario abbreviation is not uniquely identifying.",,Subaru,agreement,B9 Tribeca,true,promotion_eligible,Latest-active reviewed MTO key; pass agreement is recomputed using case-insensitive model-family equivalence.,Reviewed two-pass MTO make/model inference using NCIC model-code abbreviations and NHTSA vPIC make/model examples (2026-08-12).
ontario_ministry_transport_vehicle_population,BMW,6XD,PASSENGER,2014,2025,11,2014 | 2016 | 2017 | 2018 | 2019 | 2020 | 2021 | 2022 | 2023 | 2024 | 2025,2012,2018,7,73,3369,2025,241,X6,X6,,6 Series,BMW,agreement,X6,true,promotion_eligible,Latest-active reviewed MTO key; pass agreement is recomputed using case-insensitive model-family equivalence.,Reviewed two-pass MTO make/model inference using NCIC model-code abbreviations and NHTSA vPIC make/model examples (2026-08-12).
ontario_ministry_transport_vehicle_population,GMC,DEN,PASSENGER,2014,2025,11,2014 | 2016 | 2017 | 2018 | 2019 | 2020 | 2021 | 2022 | 2023 | 2024 | 2025,1999,2003,5,55,6774,2025,241,DENALI,Model unresolved,The Ontario abbreviation does not match a vPIC model closely enough.,,GMC,disagreement,,true,promotion_eligible,Latest-active reviewed MTO key; pass agreement is recomputed using case-insensitive model-family equivalence.,Reviewed two-pass MTO make/model inference using NCIC model-code abbreviations and NHTSA vPIC make/model examples (2026-08-12).
ontario_ministry_transport_vehicle_population,VOLV,M1G,PASSENGER,2025,2025,1,2025,2025,2025,1,1,241,2025,241,XC90 (tentative),XC90,,XC60 | XC40 | V90,Volvo,agreement,XC90,true,promotion_eligible,Latest-active reviewed MTO key; pass agreement is recomputed using case-insensitive model-family equivalence.,Reviewed two-pass MTO make/model inference using NCIC model-code abbreviations and NHTSA vPIC make/model examples (2026-08-12).
ontario_ministry_transport_vehicle_population,AMER,W/Y,PASSENGER,2014,2025,10,2014 | 2016 | 2017 | 2018 | 2019 | 2020 | 2022 | 2023 | 2024 | 2025,1989,1992,4,40,2605,2025,240,MEDALLION (VEHICLE YEAR 1988 (tentative),Model unresolved,The Ontario abbreviation does not match a vPIC model closely enough.,TRAVELLER | TOURIST | SPORTABOUT,American Motors,disagreement,,true,promotion_eligible,Latest-active reviewed MTO key; pass agreement is recomputed using case-insensitive model-family equivalence.,Reviewed two-pass MTO make/model inference using NCIC model-code abbreviations and NHTSA vPIC make/model examples (2026-08-12).
ontario_ministry_transport_vehicle_population,AUDI,A5C,PASSENGER,2014,2025,11,2014 | 2016 | 2017 | 2018 | 2019 | 2020 | 2021 | 2022 | 2023 | 2024 | 2025,2008,2025,13,79,3318,2025,240,A5,A5,,,Audi,agreement,A5,true,promotion_eligible,Latest-active reviewed MTO key; pass agreement is recomputed using case-insensitive model-family equivalence.,Reviewed two-pass MTO make/model inference using NCIC model-code abbreviations and NHTSA vPIC make/model examples (2026-08-12).
ontario_ministry_transport_vehicle_population,BMW,UZ2,PASSENGER,2014,2025,11,2014 | 2016 | 2017 | 2018 | 2019 | 2020 | 2021 | 2022 | 2023 | 2024 | 2025,1999,2000,2,22,2462,2025,240,Z3,Z3,,Z8 | M | M2,BMW,agreement,Z3,true,promotion_eligible,Latest-active reviewed MTO key; pass agreement is recomputed using case-insensitive model-family equivalence.,Reviewed two-pass MTO make/model inference using NCIC model-code abbreviations and NHTSA vPIC make/model examples (2026-08-12).
ontario_ministry_transport_vehicle_population,INFI,M3S,PASSENGER,2014,2025,11,2014 | 2016 | 2017 | 2018 | 2019 | 2020 | 2021 | 2022 | 2023 | 2024 | 2025,2006,2010,5,55,5656,2025,240,M35,M35,,,Infiniti,agreement,M35,true,promotion_eligible,Latest-active reviewed MTO key; pass agreement is recomputed using case-insensitive model-family equivalence.,Reviewed two-pass MTO make/model inference using NCIC model-code abbreviations and NHTSA vPIC make/model examples (2026-08-12).
ontario_ministry_transport_vehicle_population,TOYT,UCL,PASSENGER,2014,2025,11,2014 | 2016 | 2017 | 2018 | 2019 | 2020 | 2021 | 2022 | 2023 | 2024 | 2025,1989,2021,10,101,6765,2025,240,Corolla,Corolla,,Celica | Camry | Land Cruiser,Toyota,agreement,Corolla,true,promotion_eligible,Latest-active reviewed MTO key; pass agreement is recomputed using case-insensitive model-family equivalence.,Reviewed two-pass MTO make/model inference using NCIC model-code abbreviations and NHTSA vPIC make/model examples (2026-08-12).
ontario_ministry_transport_vehicle_population,BMW,5IA,PASSENGER,2014,2025,11,2014 | 2016 | 2017 | 2018 | 2019 | 2020 | 2021 | 2022 | 2023 | 2024 | 2025,1994,2003,5,55,5448,2025,239,5 Series,X5,Generic Ontario code spans multiple vPIC models; this is the closest family match.,X5,BMW,disagreement,,true,promotion_eligible,Latest-active reviewed MTO key; pass agreement is recomputed using case-insensitive model-family equivalence.,Reviewed two-pass MTO make/model inference using NCIC model-code abbreviations and NHTSA vPIC make/model examples (2026-08-12).
ontario_ministry_transport_vehicle_population,PONT,VGT,PASSENGER,2014,2025,11,2014 | 2016 | 2017 | 2018 | 2019 | 2020 | 2021 | 2022 | 2023 | 2024 | 2025,2003,2010,6,66,4543,2025,239,Vibe,Vibe,,GTO | G6 | G5,Pontiac,agreement,Vibe,true,promotion_eligible,Latest-active reviewed MTO key; pass agreement is recomputed using case-insensitive model-family equivalence.,Reviewed two-pass MTO make/model inference using NCIC model-code abbreviations and NHTSA vPIC make/model examples (2026-08-12).
ontario_ministry_transport_vehicle_population,CADI,XPR,PASSENGER,2014,2025,11,2014 | 2016 | 2017 | 2018 | 2019 | 2020 | 2021 | 2022 | 2023 | 2024 | 2025,2013,2016,4,43,3365,2025,238,ELR,ELR,,,Cadillac,agreement,ELR,true,promotion_eligible,Latest-active reviewed MTO key; pass agreement is recomputed using case-insensitive model-family equivalence.,Reviewed two-pass MTO make/model inference using NCIC model-code abbreviations and NHTSA vPIC make/model examples (2026-08-12).
ontario_ministry_transport_vehicle_population,LAMO,CSV,PASSENGER,2023,2025,3,2023 | 2024 | 2025,2016,2024,7,20,690,2025,238,Huracan (tentative),Huracan,,Urus | Aventador | Revuelto,Lamborghini,agreement,Huracan,true,promotion_eligible,Latest-active reviewed MTO key; pass agreement is recomputed using case-insensitive model-family equivalence.,Reviewed two-pass MTO make/model inference using NCIC model-code abbreviations and NHTSA vPIC make/model examples (2026-08-12).
ontario_ministry_transport_vehicle_population,PLYM,FUR,PASSENGER,2014,2025,11,2014 | 2016 | 2017 | 2018 | 2019 | 2020 | 2021 | 2022 | 2023 | 2024 | 2025,1900,1985,31,341,2949,2025,238,FURY,GRAN FURY,"vPIC supports the model, but the Ontario abbreviation is not uniquely identifying.",,Plymouth,agreement,GRAN FURY,true,promotion_eligible,Latest-active reviewed MTO key; pass agreement is recomputed using case-insensitive model-family equivalence.,Reviewed two-pass MTO make/model inference using NCIC model-code abbreviations and NHTSA vPIC make/model examples (2026-08-12).
ontario_ministry_transport_vehicle_population,BMW,64C,PASSENGER,2014,2025,11,2014 | 2016 | 2017 | 2018 | 2019 | 2020 | 2021 | 2022 | 2023 | 2024 | 2025,2004,2005,2,22,3156,2025,237,6 Series,645Ci,Generic Ontario code spans multiple vPIC models; this is the closest family match.,645 | 640,BMW,disagreement,,true,promotion_eligible,Latest-active reviewed MTO key; pass agreement is recomputed using case-insensitive model-family equivalence.,Reviewed two-pass MTO make/model inference using NCIC model-code abbreviations and NHTSA vPIC make/model examples (2026-08-12).
ontario_ministry_transport_vehicle_population,BMW,M6S,PASSENGER,2014,2025,11,2014 | 2016 | 2017 | 2018 | 2019 | 2020 | 2021 | 2022 | 2023 | 2024 | 2025,1987,2018,14,150,2926,2025,237,M,Model unresolved,The Ontario abbreviation does not match a vPIC model closely enough.,,BMW,disagreement,,true,promotion_eligible,Latest-active reviewed MTO key; pass agreement is recomputed using case-insensitive model-family equivalence.,Reviewed two-pass MTO make/model inference using NCIC model-code abbreviations and NHTSA vPIC make/model examples (2026-08-12).
ontario_ministry_transport_vehicle_population,FORD,FAL,PASSENGER,2014,2025,11,2014 | 2016 | 2017 | 2018 | 2019 | 2020 | 2021 | 2022 | 2023 | 2024 | 2025,1957,1983,23,253,2859,2025,237,FALCON,Model unresolved,The Ontario abbreviation does not match a vPIC model closely enough.,,Ford,disagreement,,true,promotion_eligible,Latest-active reviewed MTO key; pass agreement is recomputed using case-insensitive model-family equivalence.,Reviewed two-pass MTO make/model inference using NCIC model-code abbreviations and NHTSA vPIC make/model examples (2026-08-12).
ontario_ministry_transport_vehicle_population,JAGU,XER,PASSENGER,2018,2025,8,2018 | 2019 | 2020 | 2021 | 2022 | 2023 | 2024 | 2025,2017,2020,3,21,1999,2025,237,XE,XE,,,Jaguar,agreement,XE,true,promotion_eligible,Latest-active reviewed MTO key; pass agreement is recomputed using case-insensitive model-family equivalence.,Reviewed two-pass MTO make/model inference using NCIC model-code abbreviations and NHTSA vPIC make/model examples (2026-08-12).
ontario_ministry_transport_vehicle_population,LINC,YJL,PASSENGER,2023,2025,3,2023 | 2024 | 2025,2020,2023,4,12,739,2025,237,Nautilus (tentative),Nautilus,,LS8 | LS6 | Continental,Lincoln,agreement,Nautilus,true,promotion_eligible,Latest-active reviewed MTO key; pass agreement is recomputed using case-insensitive model-family equivalence.,Reviewed two-pass MTO make/model inference using NCIC model-code abbreviations and NHTSA vPIC make/model examples (2026-08-12).
ontario_ministry_transport_vehicle_population,VOLV,S70,PASSENGER,2014,2025,11,2014 | 2016 | 2017 | 2018 | 2019 | 2020 | 2021 | 2022 | 2023 | 2024 | 2025,1997,2006,5,55,6973,2025,237,S70,S70,,,Volvo,agreement,S70,true,promotion_eligible,Latest-active reviewed MTO key; pass agreement is recomputed using case-insensitive model-family equivalence.,Reviewed two-pass MTO make/model inference using NCIC model-code abbreviations and NHTSA vPIC make/model examples (2026-08-12).
ontario_ministry_transport_vehicle_population,CHRY,300,PASSENGER,2019,2025,7,2019 | 2020 | 2021 | 2022 | 2023 | 2024 | 2025,1955,2023,31,202,1710,2025,236,300,300,,,Chrysler,agreement,300,true,promotion_eligible,Latest-active reviewed MTO key; pass agreement is recomputed using case-insensitive model-family equivalence.,Reviewed two-pass MTO make/model inference using NCIC model-code abbreviations and NHTSA vPIC make/model examples (2026-08-12).
ontario_ministry_transport_vehicle_population,MITS,LAG,PASSENGER,2018,2025,8,2018 | 2019 | 2020 | 2021 | 2022 | 2023 | 2024 | 2025,2016,2017,2,16,1972,2025,236,Lancer,Lancer,,,Mitsubishi,agreement,Lancer,true,promotion_eligible,Latest-active reviewed MTO key; pass agreement is recomputed using case-insensitive model-family equivalence.,Reviewed two-pass MTO make/model inference using NCIC model-code abbreviations and NHTSA vPIC make/model examples (2026-08-12).
ontario_ministry_transport_vehicle_population,BMW,550,PASSENGER,2014,2025,11,2014 | 2016 | 2017 | 2018 | 2019 | 2020 | 2021 | 2022 | 2023 | 2024 | 2025,2006,2015,9,93,3965,2025,235,550,550i,"vPIC supports the model, but the Ontario abbreviation is not uniquely identifying.",,BMW,agreement,550i,true,promotion_eligible,Latest-active reviewed MTO key; pass agreement is recomputed using case-insensitive model-family equivalence.,Reviewed two-pass MTO make/model inference using NCIC model-code abbreviations and NHTSA vPIC make/model examples (2026-08-12).
ontario_ministry_transport_vehicle_population,CHEV,C15,PASSENGER,2014,2025,11,2014 | 2016 | 2017 | 2018 | 2019 | 2020 | 2021 | 2022 | 2023 | 2024 | 2025,1942,2020,49,524,3534,2025,235,C/K 1500,3500,vPIC also supports C5; the code does not clearly distinguish them.,,Chevrolet,disagreement,,true,promotion_eligible,Latest-active reviewed MTO key; pass agreement is recomputed using case-insensitive model-family equivalence.,Reviewed two-pass MTO make/model inference using NCIC model-code abbreviations and NHTSA vPIC make/model examples (2026-08-12).
ontario_ministry_transport_vehicle_population,DODG,D10,COMMERCIAL,2014,2025,10,2014 | 2016 | 2017 | 2018 | 2019 | 2020 | 2022 | 2023 | 2024 | 2025,1941,1989,39,388,2775,2025,235,D100/D150 Pickup,Model unresolved,The Ontario abbreviation does not match a vPIC model closely enough.,,Dodge,disagreement,,true,promotion_eligible,Latest-active reviewed MTO key; pass agreement is recomputed using case-insensitive model-family equivalence.,Reviewed two-pass MTO make/model inference using NCIC model-code abbreviations and NHTSA vPIC make/model examples (2026-08-12).
ontario_ministry_transport_vehicle_population,GENS,GV8,PASSENGER,2025,2025,1,2025,2021,2026,6,6,235,2025,235,GV80,GV80,,,Genesis,agreement,GV80,true,promotion_eligible,Latest-active reviewed MTO key; pass agreement is recomputed using case-insensitive model-family equivalence.,Reviewed two-pass MTO make/model inference using NCIC model-code abbreviations and NHTSA vPIC make/model examples (2026-08-12).
ontario_ministry_transport_vehicle_population,NISS,ABE,PASSENGER,2014,2025,11,2014 | 2016 | 2017 | 2018 | 2019 | 2020 | 2021 | 2022 | 2023 | 2024 | 2025,2002,2010,4,44,11419,2025,235,Altima,Altima,,Cube | Pathfinder | Armada,Nissan,agreement,Altima,true,promotion_eligible,Latest-active reviewed MTO key; pass agreement is recomputed using case-insensitive model-family equivalence.,Reviewed two-pass MTO make/model inference using NCIC model-code abbreviations and NHTSA vPIC make/model examples (2026-08-12).
ontario_ministry_transport_vehicle_population,BENT,BGA,PASSENGER,2024,2025,2,2024 | 2025,2017,2025,9,18,471,2025,234,Bentayga,Bentayga,,,Bentley,agreement,Bentayga,true,promotion_eligible,Latest-active reviewed MTO key; pass agreement is recomputed using case-insensitive model-family equivalence.,Reviewed two-pass MTO make/model inference using NCIC model-code abbreviations and NHTSA vPIC make/model examples (2026-08-12).
ontario_ministry_transport_vehicle_population,MERZ,50L,PASSENGER,2014,2025,11,2014 | 2016 | 2017 | 2018 | 2019 | 2020 | 2021 | 2022 | 2023 | 2024 | 2025,1990,1996,5,55,2723,2025,234,500,500,,,Mercedes-Benz,agreement,500,true,promotion_eligible,Latest-active reviewed MTO key; pass agreement is recomputed using case-insensitive model-family equivalence.,Reviewed two-pass MTO make/model inference using NCIC model-code abbreviations and NHTSA vPIC make/model examples (2026-08-12).
ontario_ministry_transport_vehicle_population,VOLK,EXG,PASSENGER,2021,2025,5,2021 | 2022 | 2023 | 2024 | 2025,2022,2022,1,5,1096,2025,234,GLI,GLI,"Closest vPIC name match, but no sampled year-specific result corroborates it.",Jetta | Tiguan | E-GOLF,Volkswagen,agreement,GLI,true,promotion_eligible,Latest-active reviewed MTO key; pass agreement is recomputed using case-insensitive model-family equivalence.,Reviewed two-pass MTO make/model inference using NCIC model-code abbreviations and NHTSA vPIC make/model examples (2026-08-12).
ontario_ministry_transport_vehicle_population,FIAT,FFE,PASSENGER,2025,2025,1,2025,2024,2025,2,2,233,2025,233,FREEMONT,Freemont,"Closest vPIC name match, but no sampled year-specific result corroborates it.",,FIAT,agreement,Freemont,true,promotion_eligible,Latest-active reviewed MTO key; pass agreement is recomputed using case-insensitive model-family equivalence.,Reviewed two-pass MTO make/model inference using NCIC model-code abbreviations and NHTSA vPIC make/model examples (2026-08-12).
ontario_ministry_transport_vehicle_population,AUDI,A7,PASSENGER,2018,2025,5,2018 | 2019 | 2020 | 2024 | 2025,2011,2025,11,32,1146,2025,232,A7,A7,,,Audi,agreement,A7,true,promotion_eligible,Latest-active reviewed MTO key; pass agreement is recomputed using case-insensitive model-family equivalence.,Reviewed two-pass MTO make/model inference using NCIC model-code abbreviations and NHTSA vPIC make/model examples (2026-08-12).
ontario_ministry_transport_vehicle_population,MERZ,S5S,PASSENGER,2014,2025,11,2014 | 2016 | 2017 | 2018 | 2019 | 2020 | 2021 | 2022 | 2023 | 2024 | 2025,2005,2016,11,120,2565,2025,232,SLS AMG,Model unresolved,The Ontario abbreviation does not match a vPIC model closely enough.,S580 | S550 | S500,Mercedes-Benz,disagreement,,true,promotion_eligible,Latest-active reviewed MTO key; pass agreement is recomputed using case-insensitive model-family equivalence.,Reviewed two-pass MTO make/model inference using NCIC model-code abbreviations and NHTSA vPIC make/model examples (2026-08-12).
ontario_ministry_transport_vehicle_population,PORS,BEL,PASSENGER,2025,2025,1,2025,2020,2026,7,7,232,2025,232,Boxster,Boxster,"Closest vPIC name match, but no sampled year-specific result corroborates it.",Cayenne | Panamera | Taycan,Porsche,agreement,Boxster,true,promotion_eligible,Latest-active reviewed MTO key; pass agreement is recomputed using case-insensitive model-family equivalence.,Reviewed two-pass MTO make/model inference using NCIC model-code abbreviations and NHTSA vPIC make/model examples (2026-08-12).
ontario_ministry_transport_vehicle_population,CHEV,C55,COMMERCIAL,2014,2025,11,2014 | 2016 | 2017 | 2018 | 2019 | 2020 | 2021 | 2022 | 2023 | 2024 | 2025,1962,2009,21,231,4276,2025,231,C5,C5,,,Chevrolet,agreement,C5,true,promotion_eligible,Latest-active reviewed MTO key; pass agreement is recomputed using case-insensitive model-family equivalence.,Reviewed two-pass MTO make/model inference using NCIC model-code abbreviations and NHTSA vPIC make/model examples (2026-08-12).
ontario_ministry_transport_vehicle_population,HYUN,MYE,PASSENGER,2025,2025,1,2025,2026,2026,1,1,231,2025,231,Nexo,Nexo,,Venue | Santa Fe | Elantra,Hyundai,agreement,Nexo,true,promotion_eligible,Latest-active reviewed MTO key; pass agreement is recomputed using case-insensitive model-family equivalence.,Reviewed two-pass MTO make/model inference using NCIC model-code abbreviations and NHTSA vPIC make/model examples (2026-08-12).
ontario_ministry_transport_vehicle_population,RAM,SRG,COMMERCIAL,2025,2025,1,2025,2025,2025,1,1,231,2025,231,PRO MASTER (tentative),ProMaster 3500,vPIC also supports ProMaster 2500; the code does not clearly distinguish them.,RAM MPV CARGO VAN | 1500 | TRADESMAN,Ram,agreement,ProMaster 3500,true,promotion_eligible,Latest-active reviewed MTO key; pass agreement is recomputed using case-insensitive model-family equivalence.,Reviewed two-pass MTO make/model inference using NCIC model-code abbreviations and NHTSA vPIC make/model examples (2026-08-12).
ontario_ministry_transport_vehicle_population,FORD,CPE,PASSENGER,2014,2025,11,2014 | 2016 | 2017 | 2018 | 2019 | 2020 | 2021 | 2022 | 2023 | 2024 | 2025,1919,2026,49,499,2740,2025,230,Escape,Escape,,,Ford,agreement,Escape,true,promotion_eligible,Latest-active reviewed MTO key; pass agreement is recomputed using case-insensitive model-family equivalence.,Reviewed two-pass MTO make/model inference using NCIC model-code abbreviations and NHTSA vPIC make/model examples (2026-08-12).
ontario_ministry_transport_vehicle_population,LEXS,RC,PASSENGER,2024,2025,2,2024 | 2025,2022,2026,5,8,435,2025,230,RC,RC,,,Lexus,agreement,RC,true,promotion_eligible,Latest-active reviewed MTO key; pass agreement is recomputed using case-insensitive model-family equivalence.,Reviewed two-pass MTO make/model inference using NCIC model-code abbreviations and NHTSA vPIC make/model examples (2026-08-12).
ontario_ministry_transport_vehicle_population,MASE,GTM,PASSENGER,2018,2025,8,2018 | 2019 | 2020 | 2021 | 2022 | 2023 | 2024 | 2025,2013,2019,7,55,1785,2025,230,GranTurismo,Granturismo,,,Maserati,agreement,Granturismo,true,promotion_eligible,Latest-active reviewed MTO key; pass agreement is recomputed using case-insensitive model-family equivalence.,Reviewed two-pass MTO make/model inference using NCIC model-code abbreviations and NHTSA vPIC make/model examples (2026-08-12).
ontario_ministry_transport_vehicle_population,MERZ,VKG,PASSENGER,2025,2025,1,2025,2022,2025,4,4,230,2025,230,AMG GT,AMG GT,,G-Class | GLS-Class | GLE-Class,Mercedes-Benz,agreement,AMG GT,true,promotion_eligible,Latest-active reviewed MTO key; pass agreement is recomputed using case-insensitive model-family equivalence.,Reviewed two-pass MTO make/model inference using NCIC model-code abbreviations and NHTSA vPIC make/model examples (2026-08-12).
ontario_ministry_transport_vehicle_population,SUZI,CXJ,PASSENGER,2014,2025,11,2014 | 2016 | 2017 | 2018 | 2019 | 2020 | 2021 | 2022 | 2023 | 2024 | 2025,2007,2011,3,33,3852,2025,230,SX4,SX4,,XL7 | Grand Vitara,Suzuki,agreement,SX4,true,promotion_eligible,Latest-active reviewed MTO key; pass agreement is recomputed using case-insensitive model-family equivalence.,Reviewed two-pass MTO make/model inference using NCIC model-code abbreviations and NHTSA vPIC make/model examples (2026-08-12).
ontario_ministry_transport_vehicle_population,VOLK,CEV,PASSENGER,2014,2025,11,2014 | 2016 | 2017 | 2018 | 2019 | 2020 | 2021 | 2022 | 2023 | 2024 | 2025,1969,1997,7,68,2769,2025,230,Cabriolet,CABRIOLET,,Jetta | Eurovan | Cabrio,Volkswagen,agreement,CABRIOLET,true,promotion_eligible,Latest-active reviewed MTO key; pass agreement is recomputed using case-insensitive model-family equivalence.,Reviewed two-pass MTO make/model inference using NCIC model-code abbreviations and NHTSA vPIC make/model examples (2026-08-12).
ontario_ministry_transport_vehicle_population,CHEV,MTS,PASSENGER,2016,2025,10,2016 | 2017 | 2018 | 2019 | 2020 | 2021 | 2022 | 2023 | 2024 | 2025,2016,2016,1,10,2707,2025,229,MATIZ,Matiz,"Closest vPIC name match, but no sampled year-specific result corroborates it.",,Chevrolet,agreement,Matiz,true,promotion_eligible,Latest-active reviewed MTO key; pass agreement is recomputed using case-insensitive model-family equivalence.,Reviewed two-pass MTO make/model inference using NCIC model-code abbreviations and NHTSA vPIC make/model examples (2026-08-12).
ontario_ministry_transport_vehicle_population,CHRY,GTP,PASSENGER,2014,2025,11,2014 | 2016 | 2017 | 2018 | 2019 | 2020 | 2021 | 2022 | 2023 | 2024 | 2025,2005,2007,3,33,3153,2025,229,300 SRT8,Pacifica,vPIC also supports 300; the code does not clearly distinguish them.,Pacifica | Aspen | Voyager/Town and Country,Chrysler,disagreement,,true,promotion_eligible,Latest-active reviewed MTO key; pass agreement is recomputed using case-insensitive model-family equivalence.,Reviewed two-pass MTO make/model inference using NCIC model-code abbreviations and NHTSA vPIC make/model examples (2026-08-12).
ontario_ministry_transport_vehicle_population,GENS,G90,PASSENGER,2019,2025,7,2019 | 2020 | 2021 | 2022 | 2023 | 2024 | 2025,2019,2026,6,27,1662,2025,229,G90,G90,,,Genesis,agreement,G90,true,promotion_eligible,Latest-active reviewed MTO key; pass agreement is recomputed using case-insensitive model-family equivalence.,Reviewed two-pass MTO make/model inference using NCIC model-code abbreviations and NHTSA vPIC make/model examples (2026-08-12).
ontario_ministry_transport_vehicle_population,AUDI,RSQ,PASSENGER,2025,2025,1,2025,2007,2026,4,4,228,2025,228,RS Q8,RS Q8,,,Audi,agreement,RS Q8,true,promotion_eligible,Latest-active reviewed MTO key; pass agreement is recomputed using case-insensitive model-family equivalence.,Reviewed two-pass MTO make/model inference using NCIC model-code abbreviations and NHTSA vPIC make/model examples (2026-08-12).
ontario_ministry_transport_vehicle_population,HOND,AHB,PASSENGER,2014,2025,11,2014 | 2016 | 2017 | 2018 | 2019 | 2020 | 2021 | 2022 | 2023 | 2024 | 2025,2005,2015,5,55,3954,2025,228,Accord,Accord,,CR-V | Crosstour,Honda,agreement,Accord,true,promotion_eligible,Latest-active reviewed MTO key; pass agreement is recomputed using case-insensitive model-family equivalence.,Reviewed two-pass MTO make/model inference using NCIC model-code abbreviations and NHTSA vPIC make/model examples (2026-08-12).
ontario_ministry_transport_vehicle_population,MCLA,M6S,PASSENGER,2024,2025,2,2024 | 2025,2015,2025,9,18,476,2025,228,650S,650S,,Senna,McLaren Automotive,agreement,650S,true,promotion_eligible,Latest-active reviewed MTO key; pass agreement is recomputed using case-insensitive model-family equivalence.,Reviewed two-pass MTO make/model inference using NCIC model-code abbreviations and NHTSA vPIC make/model examples (2026-08-12).
ontario_ministry_transport_vehicle_population,PORS,BGS,PASSENGER,2024,2025,2,2024 | 2025,2016,2025,10,19,454,2025,228,Boxster,Boxster,,Panamera | Macan | Cayenne,Porsche,agreement,Boxster,true,promotion_eligible,Latest-active reviewed MTO key; pass agreement is recomputed using case-insensitive model-family equivalence.,Reviewed two-pass MTO make/model inference using NCIC model-code abbreviations and NHTSA vPIC make/model examples (2026-08-12).
ontario_ministry_transport_vehicle_population,AUDI,PPS,PASSENGER,2024,2025,2,2024 | 2025,2016,2024,9,18,451,2025,227,S5,S5,,S4 | S3 | S8,Audi,agreement,S5,true,promotion_eligible,Latest-active reviewed MTO key; pass agreement is recomputed using case-insensitive model-family equivalence.,Reviewed two-pass MTO make/model inference using NCIC model-code abbreviations and NHTSA vPIC make/model examples (2026-08-12).
ontario_ministry_transport_vehicle_population,CADI,OPT,PASSENGER,2025,2025,1,2025,2026,2026,1,1,227,2025,227,OPTIQ,Optiq,,,Cadillac,agreement,Optiq,true,promotion_eligible,Latest-active reviewed MTO key; pass agreement is recomputed using case-insensitive model-family equivalence.,Reviewed two-pass MTO make/model inference using NCIC model-code abbreviations and NHTSA vPIC make/model examples (2026-08-12).
ontario_ministry_transport_vehicle_population,LEXS,LS,PASSENGER,2024,2025,2,2024 | 2025,2006,2025,8,15,449,2025,227,LS,LS,,,Lexus,agreement,LS,true,promotion_eligible,Latest-active reviewed MTO key; pass agreement is recomputed using case-insensitive model-family equivalence.,Reviewed two-pass MTO make/model inference using NCIC model-code abbreviations and NHTSA vPIC make/model examples (2026-08-12).
ontario_ministry_transport_vehicle_population,VOLK,JSE,PASSENGER,2014,2025,11,2014 | 2016 | 2017 | 2018 | 2019 | 2020 | 2021 | 2022 | 2023 | 2024 | 2025,2008,2010,3,33,4002,2025,227,Jetta,Jetta,,,Volkswagen,agreement,Jetta,true,promotion_eligible,Latest-active reviewed MTO key; pass agreement is recomputed using case-insensitive model-family equivalence.,Reviewed two-pass MTO make/model inference using NCIC model-code abbreviations and NHTSA vPIC make/model examples (2026-08-12).
ontario_ministry_transport_vehicle_population,HYUN,P5L,PASSENGER,2024,2025,2,2024 | 2025,2024,2025,2,3,457,2025,226,Palisade,Palisade,,,Hyundai,agreement,Palisade,true,promotion_eligible,Latest-active reviewed MTO key; pass agreement is recomputed using case-insensitive model-family equivalence.,Reviewed two-pass MTO make/model inference using NCIC model-code abbreviations and NHTSA vPIC make/model examples (2026-08-12).
ontario_ministry_transport_vehicle_population,MAZD,MXS,PASSENGER,2022,2025,4,2022 | 2023 | 2024 | 2025,2013,2023,11,41,873,2025,226,MX-5,MX-5,,MX-30,Mazda,agreement,MX-5,true,promotion_eligible,Latest-active reviewed MTO key; pass agreement is recomputed using case-insensitive model-family equivalence.,Reviewed two-pass MTO make/model inference using NCIC model-code abbreviations and NHTSA vPIC make/model examples (2026-08-12).
ontario_ministry_transport_vehicle_population,MITS,LSB,PASSENGER,2017,2025,9,2017 | 2018 | 2019 | 2020 | 2021 | 2022 | 2023 | 2024 | 2025,2015,2017,3,27,2101,2025,226,Lancer,Lancer,,,Mitsubishi,agreement,Lancer,true,promotion_eligible,Latest-active reviewed MTO key; pass agreement is recomputed using case-insensitive model-family equivalence.,Reviewed two-pass MTO make/model inference using NCIC model-code abbreviations and NHTSA vPIC make/model examples (2026-08-12).
ontario_ministry_transport_vehicle_population,AUDI,QPP,PASSENGER,2018,2025,8,2018 | 2019 | 2020 | 2021 | 2022 | 2023 | 2024 | 2025,2016,2025,4,25,1746,2025,225,Q5,Q5,,Q3 | Q7 | Q8,Audi,agreement,Q5,true,promotion_eligible,Latest-active reviewed MTO key; pass agreement is recomputed using case-insensitive model-family equivalence.,Reviewed two-pass MTO make/model inference using NCIC model-code abbreviations and NHTSA vPIC make/model examples (2026-08-12).
ontario_ministry_transport_vehicle_population,FORD,5SL,PASSENGER,2014,2025,11,2014 | 2016 | 2017 | 2018 | 2019 | 2020 | 2021 | 2022 | 2023 | 2024 | 2025,2005,2007,3,33,8781,2025,225,F150,F-150,,Freestyle | E150 Econoline | E250 Econoline,Ford,agreement,F-150,true,promotion_eligible,Latest-active reviewed MTO key; pass agreement is recomputed using case-insensitive model-family equivalence.,Reviewed two-pass MTO make/model inference using NCIC model-code abbreviations and NHTSA vPIC make/model examples (2026-08-12).
ontario_ministry_transport_vehicle_population,GMC,550,COMMERCIAL,2014,2025,11,2014 | 2016 | 2017 | 2018 | 2019 | 2020 | 2021 | 2022 | 2023 | 2024 | 2025,1955,2009,22,242,4870,2025,225,Yukon,Yukon,,Sonoma | Envoy | Savana Cargo,GMC,agreement,Yukon,true,promotion_eligible,Latest-active reviewed MTO key; pass agreement is recomputed using case-insensitive model-family equivalence.,Reviewed two-pass MTO make/model inference using NCIC model-code abbreviations and NHTSA vPIC make/model examples (2026-08-12).
ontario_ministry_transport_vehicle_population,LAND,DEF,PASSENGER,2024,2025,2,2024 | 2025,1981,2025,31,61,434,2025,225,Defender,Defender,,,Land Rover,agreement,Defender,true,promotion_eligible,Latest-active reviewed MTO key; pass agreement is recomputed using case-insensitive model-family equivalence.,Reviewed two-pass MTO make/model inference using NCIC model-code abbreviations and NHTSA vPIC make/model examples (2026-08-12).
ontario_ministry_transport_vehicle_population,MERZ,MG5,PASSENGER,2017,2025,9,2017 | 2018 | 2019 | 2020 | 2021 | 2022 | 2023 | 2024 | 2025,2009,2020,12,104,2247,2025,225,ML55,Model unresolved,The Ontario abbreviation does not match a vPIC model closely enough.,AMG E53 | ML550 | ML500,Mercedes-Benz,disagreement,,true,promotion_eligible,Latest-active reviewed MTO key; pass agreement is recomputed using case-insensitive model-family equivalence.,Reviewed two-pass MTO make/model inference using NCIC model-code abbreviations and NHTSA vPIC make/model examples (2026-08-12).
ontario_ministry_transport_vehicle_population,MERZ,ML6,PASSENGER,2014,2025,11,2014 | 2016 | 2017 | 2018 | 2019 | 2020 | 2021 | 2022 | 2023 | 2024 | 2025,2007,2015,9,99,3466,2025,225,ML63 AMG,Model unresolved,The Ontario abbreviation does not match a vPIC model closely enough.,,Mercedes-Benz,disagreement,,true,promotion_eligible,Latest-active reviewed MTO key; pass agreement is recomputed using case-insensitive model-family equivalence.,Reviewed two-pass MTO make/model inference using NCIC model-code abbreviations and NHTSA vPIC make/model examples (2026-08-12).
ontario_ministry_transport_vehicle_population,MERZ,S5K,PASSENGER,2014,2025,10,2014 | 2016 | 2017 | 2018 | 2019 | 2020 | 2021 | 2022 | 2024 | 2025,2003,2008,6,60,2432,2025,224,S580,Model unresolved,The Ontario abbreviation does not match a vPIC model closely enough.,S550 | S500 | S450,Mercedes-Benz,disagreement,,true,promotion_eligible,Latest-active reviewed MTO key; pass agreement is recomputed using case-insensitive model-family equivalence.,Reviewed two-pass MTO make/model inference using NCIC model-code abbreviations and NHTSA vPIC make/model examples (2026-08-12).
ontario_ministry_transport_vehicle_population,AUDI,R8Q,PASSENGER,2014,2025,8,2014 | 2016 | 2017 | 2018 | 2019 | 2020 | 2024 | 2025,2008,2015,7,56,1791,2025,223,R8,R8,,,Audi,agreement,R8,true,promotion_eligible,Latest-active reviewed MTO key; pass agreement is recomputed using case-insensitive model-family equivalence.,Reviewed two-pass MTO make/model inference using NCIC model-code abbreviations and NHTSA vPIC make/model examples (2026-08-12).
ontario_ministry_transport_vehicle_population,BMW,23X,PASSENGER,2020,2025,6,2020 | 2021 | 2022 | 2023 | 2024 | 2025,2018,2021,4,24,1337,2025,223,2 Series,Model unresolved,Ontario identifies only a vehicle family; vPIC does not support one unique model.,3 Series,BMW,disagreement,,true,promotion_eligible,Latest-active reviewed MTO key; pass agreement is recomputed using case-insensitive model-family equivalence.,Reviewed two-pass MTO make/model inference using NCIC model-code abbreviations and NHTSA vPIC make/model examples (2026-08-12).
ontario_ministry_transport_vehicle_population,INTL,SS,COMMERCIAL,2014,2025,11,2014 | 2016 | 2017 | 2018 | 2019 | 2020 | 2021 | 2022 | 2023 | 2024 | 2025,1972,1990,14,154,6297,2025,223,SCOUT (tentative),Genesis,"Closest vPIC name match, but no sampled year-specific result corroborates it.",Genesis | Summit Supreme | Sun International Holdings Inc,International,disagreement,,true,promotion_eligible,Latest-active reviewed MTO key; pass agreement is recomputed using case-insensitive model-family equivalence.,Reviewed two-pass MTO make/model inference using NCIC model-code abbreviations and NHTSA vPIC make/model examples (2026-08-12).
ontario_ministry_transport_vehicle_population,PTRB,COE,COMMERCIAL,2017,2025,9,2017 | 2018 | 2019 | 2020 | 2021 | 2022 | 2023 | 2024 | 2025,1978,2025,46,382,2045,2025,223,Medium Duty COE,Medium Duty COE,,,Peterbilt,agreement,Medium Duty COE,true,promotion_eligible,Latest-active reviewed MTO key; pass agreement is recomputed using case-insensitive model-family equivalence.,Reviewed two-pass MTO make/model inference using NCIC model-code abbreviations and NHTSA vPIC make/model examples (2026-08-12).
ontario_ministry_transport_vehicle_population,FORD,MM1,PASSENGER,2014,2025,7,2014 | 2016 | 2017 | 2018 | 2019 | 2024 | 2025,1969,2004,4,28,1532,2025,222,Mustang,Mustang,,,Ford,agreement,Mustang,true,promotion_eligible,Latest-active reviewed MTO key; pass agreement is recomputed using case-insensitive model-family equivalence.,Reviewed two-pass MTO make/model inference using NCIC model-code abbreviations and NHTSA vPIC make/model examples (2026-08-12).
ontario_ministry_transport_vehicle_population,MERZ,GLB,PASSENGER,2025,2025,1,2025,2020,2026,7,7,222,2025,222,GLB-Class,GLB-Class,,,Mercedes-Benz,agreement,GLB-Class,true,promotion_eligible,Latest-active reviewed MTO key; pass agreement is recomputed using case-insensitive model-family equivalence.,Reviewed two-pass MTO make/model inference using NCIC model-code abbreviations and NHTSA vPIC make/model examples (2026-08-12).
ontario_ministry_transport_vehicle_population,MERZ,M40,PASSENGER,2016,2025,10,2016 | 2017 | 2018 | 2019 | 2020 | 2021 | 2022 | 2023 | 2024 | 2025,2015,2015,1,10,2536,2025,222,ML400,400,"Closest vPIC name match, but no sampled year-specific result corroborates it.",ML430,Mercedes-Benz,disagreement,,true,promotion_eligible,Latest-active reviewed MTO key; pass agreement is recomputed using case-insensitive model-family equivalence.,Reviewed two-pass MTO make/model inference using NCIC model-code abbreviations and NHTSA vPIC make/model examples (2026-08-12).
ontario_ministry_transport_vehicle_population,PORS,CNC,PASSENGER,2014,2025,8,2014 | 2016 | 2017 | 2018 | 2019 | 2020 | 2024 | 2025,2005,2009,5,40,1783,2025,222,Cayenne,Cayenne,,Cayman | Carrera 4 Cabriolet | Carrera 2 Cabriolet,Porsche,agreement,Cayenne,true,promotion_eligible,Latest-active reviewed MTO key; pass agreement is recomputed using case-insensitive model-family equivalence.,Reviewed two-pass MTO make/model inference using NCIC model-code abbreviations and NHTSA vPIC make/model examples (2026-08-12).
ontario_ministry_transport_vehicle_population,VOLK,GBS,PASSENGER,2017,2025,8,2017 | 2018 | 2019 | 2020 | 2022 | 2023 | 2024 | 2025,2016,2017,2,16,1769,2025,222,Eos,Eos,,Tiguan | Passat | Beetle,Volkswagen,agreement,Eos,true,promotion_eligible,Latest-active reviewed MTO key; pass agreement is recomputed using case-insensitive model-family equivalence.,Reviewed two-pass MTO make/model inference using NCIC model-code abbreviations and NHTSA vPIC make/model examples (2026-08-12).
ontario_ministry_transport_vehicle_population,VOLK,PGS,PASSENGER,2014,2025,11,2014 | 2016 | 2017 | 2018 | 2019 | 2020 | 2021 | 2022 | 2023 | 2024 | 2025,1993,2005,11,121,7780,2025,222,Passat,Passat,,,Volkswagen,agreement,Passat,true,promotion_eligible,Latest-active reviewed MTO key; pass agreement is recomputed using case-insensitive model-family equivalence.,Reviewed two-pass MTO make/model inference using NCIC model-code abbreviations and NHTSA vPIC make/model examples (2026-08-12).
ontario_ministry_transport_vehicle_population,BMW,3IS,PASSENGER,2018,2025,8,2018 | 2019 | 2020 | 2021 | 2022 | 2023 | 2024 | 2025,1994,2011,2,16,1866,2025,221,3 Series,Model unresolved,Ontario identifies only a vehicle family; vPIC does not support one unique model.,,BMW,disagreement,,true,promotion_eligible,Latest-active reviewed MTO key; pass agreement is recomputed using case-insensitive model-family equivalence.,Reviewed two-pass MTO make/model inference using NCIC model-code abbreviations and NHTSA vPIC make/model examples (2026-08-12).
ontario_ministry_transport_vehicle_population,FORD,WIN,PASSENGER,2014,2025,11,2014 | 2016 | 2017 | 2018 | 2019 | 2020 | 2021 | 2022 | 2023 | 2024 | 2025,1963,2015,27,279,18733,2025,221,Windstar,Windstar,,,Ford,agreement,Windstar,true,promotion_eligible,Latest-active reviewed MTO key; pass agreement is recomputed using case-insensitive model-family equivalence.,Reviewed two-pass MTO make/model inference using NCIC model-code abbreviations and NHTSA vPIC make/model examples (2026-08-12).
ontario_ministry_transport_vehicle_population,GMC,S,COMMERCIAL,2014,2025,7,2014 | 2016 | 2017 | 2018 | 2019 | 2024 | 2025,1955,1992,14,98,1924,2025,221,Safari,Safari,,Suburban | Sierra | Sonoma,GMC,agreement,Safari,true,promotion_eligible,Latest-active reviewed MTO key; pass agreement is recomputed using case-insensitive model-family equivalence.,Reviewed two-pass MTO make/model inference using NCIC model-code abbreviations and NHTSA vPIC make/model examples (2026-08-12).
ontario_ministry_transport_vehicle_population,HYUN,CEA,PASSENGER,2014,2025,11,2014 | 2016 | 2017 | 2018 | 2019 | 2020 | 2021 | 2022 | 2023 | 2024 | 2025,1992,2009,7,77,4197,2025,221,J-Car/Elantra,Elantra,,Elantra | Accent | Azera,Hyundai,agreement,Elantra,true,promotion_eligible,Latest-active reviewed MTO key; pass agreement is recomputed using case-insensitive model-family equivalence.,Reviewed two-pass MTO make/model inference using NCIC model-code abbreviations and NHTSA vPIC make/model examples (2026-08-12).
ontario_ministry_transport_vehicle_population,HYUN,CTG,PASSENGER,2014,2025,11,2014 | 2016 | 2017 | 2018 | 2019 | 2020 | 2021 | 2022 | 2023 | 2024 | 2025,2008,2008,1,11,4305,2025,221,Accent,Accent,,Entourage | Tucson | Tiburon,Hyundai,agreement,Accent,true,promotion_eligible,Latest-active reviewed MTO key; pass agreement is recomputed using case-insensitive model-family equivalence.,Reviewed two-pass MTO make/model inference using NCIC model-code abbreviations and NHTSA vPIC make/model examples (2026-08-12).
ontario_ministry_transport_vehicle_population,LINC,ZHR,PASSENGER,2014,2025,11,2014 | 2016 | 2017 | 2018 | 2019 | 2020 | 2021 | 2022 | 2023 | 2024 | 2025,2006,2006,1,11,5321,2025,221,Zephyr,Zephyr,,,Lincoln,agreement,Zephyr,true,promotion_eligible,Latest-active reviewed MTO key; pass agreement is recomputed using case-insensitive model-family equivalence.,Reviewed two-pass MTO make/model inference using NCIC model-code abbreviations and NHTSA vPIC make/model examples (2026-08-12).
ontario_ministry_transport_vehicle_population,PLYM,VOF,PASSENGER,2014,2025,11,2014 | 2016 | 2017 | 2018 | 2019 | 2020 | 2021 | 2022 | 2023 | 2024 | 2025,1980,2000,18,198,10276,2025,221,Voyager,Voyager,,,Plymouth,agreement,Voyager,true,promotion_eligible,Latest-active reviewed MTO key; pass agreement is recomputed using case-insensitive model-family equivalence.,Reviewed two-pass MTO make/model inference using NCIC model-code abbreviations and NHTSA vPIC make/model examples (2026-08-12).
ontario_ministry_transport_vehicle_population,VOLK,JTG,PASSENGER,2024,2025,2,2024 | 2025,1986,2024,11,22,442,2025,221,Jetta,Jetta,,Tiguan,Volkswagen,agreement,Jetta,true,promotion_eligible,Latest-active reviewed MTO key; pass agreement is recomputed using case-insensitive model-family equivalence.,Reviewed two-pass MTO make/model inference using NCIC model-code abbreviations and NHTSA vPIC make/model examples (2026-08-12).
ontario_ministry_transport_vehicle_population,CHEV,M/X,PASSENGER,2014,2025,11,2014 | 2016 | 2017 | 2018 | 2019 | 2020 | 2021 | 2022 | 2023 | 2024 | 2025,2004,2005,2,22,10443,2025,220,Malibu,Malibu,,Monte Carlo | Impala | Equinox,Chevrolet,agreement,Malibu,true,promotion_eligible,Latest-active reviewed MTO key; pass agreement is recomputed using case-insensitive model-family equivalence.,Reviewed two-pass MTO make/model inference using NCIC model-code abbreviations and NHTSA vPIC make/model examples (2026-08-12).
ontario_ministry_transport_vehicle_population,FORD,MB3,PASSENGER,2014,2025,10,2014 | 2016 | 2017 | 2018 | 2019 | 2020 | 2022 | 2023 | 2024 | 2025,2012,2013,2,20,2349,2025,220,E350,E-350,,Mustang | C-MAX | E350 Van,Ford,agreement,E-350,true,promotion_eligible,Latest-active reviewed MTO key; pass agreement is recomputed using case-insensitive model-family equivalence.,Reviewed two-pass MTO make/model inference using NCIC model-code abbreviations and NHTSA vPIC make/model examples (2026-08-12).
ontario_ministry_transport_vehicle_population,GMC,CTV,PASSENGER,2014,2025,11,2014 | 2016 | 2017 | 2018 | 2019 | 2020 | 2021 | 2022 | 2023 | 2024 | 2025,1977,1996,16,176,3870,2025,220,Vandura,Vandura,,Caballero Pickup | Savana Cargo | Pas-typhoon,GMC,agreement,Vandura,true,promotion_eligible,Latest-active reviewed MTO key; pass agreement is recomputed using case-insensitive model-family equivalence.,Reviewed two-pass MTO make/model inference using NCIC model-code abbreviations and NHTSA vPIC make/model examples (2026-08-12).
ontario_ministry_transport_vehicle_population,JAGU,CJ8,PASSENGER,2014,2025,11,2014 | 2016 | 2017 | 2018 | 2019 | 2020 | 2021 | 2022 | 2023 | 2024 | 2025,1998,2009,11,121,3301,2025,220,XK8,XK8,,XJ | XJR,Jaguar,agreement,XK8,true,promotion_eligible,Latest-active reviewed MTO key; pass agreement is recomputed using case-insensitive model-family equivalence.,Reviewed two-pass MTO make/model inference using NCIC model-code abbreviations and NHTSA vPIC make/model examples (2026-08-12).
ontario_ministry_transport_vehicle_population,PONT,FIR,PASSENGER,2014,2025,11,2014 | 2016 | 2017 | 2018 | 2019 | 2020 | 2021 | 2022 | 2023 | 2024 | 2025,1966,2000,29,319,2624,2025,220,Firefly,Firefly,,Firebird/Trans Am/Formula,Pontiac,agreement,Firefly,true,promotion_eligible,Latest-active reviewed MTO key; pass agreement is recomputed using case-insensitive model-family equivalence.,Reviewed two-pass MTO make/model inference using NCIC model-code abbreviations and NHTSA vPIC make/model examples (2026-08-12).
ontario_ministry_transport_vehicle_population,PONT,FRS,PASSENGER,2014,2025,6,2014 | 2016 | 2017 | 2018 | 2024 | 2025,1967,1987,6,36,1385,2025,220,Firebird/Trans Am/Formula,Firebird,,Fiero | Firefly | Safari,Pontiac,agreement,Firebird,true,promotion_eligible,Latest-active reviewed MTO key; pass agreement is recomputed using case-insensitive model-family equivalence.,Reviewed two-pass MTO make/model inference using NCIC model-code abbreviations and NHTSA vPIC make/model examples (2026-08-12).
ontario_ministry_transport_vehicle_population,AUDI,Q6E,PASSENGER,2025,2025,1,2025,2025,2025,1,1,219,2025,219,Q6 e-tron,Q6,vPIC also supports e-tron; the code does not clearly distinguish them.,Q6,Audi,agreement,Q6,true,promotion_eligible,Latest-active reviewed MTO key; pass agreement is recomputed using case-insensitive model-family equivalence.,Reviewed two-pass MTO make/model inference using NCIC model-code abbreviations and NHTSA vPIC make/model examples (2026-08-12).
ontario_ministry_transport_vehicle_population,CHEV,C20,COMMERCIAL,2014,2025,9,2014 | 2016 | 2017 | 2018 | 2019 | 2020 | 2023 | 2024 | 2025,1942,1998,33,296,2193,2025,219,C20,Model unresolved,The Ontario abbreviation does not match a vPIC model closely enough.,,Chevrolet,disagreement,,true,promotion_eligible,Latest-active reviewed MTO key; pass agreement is recomputed using case-insensitive model-family equivalence.,Reviewed two-pass MTO make/model inference using NCIC model-code abbreviations and NHTSA vPIC make/model examples (2026-08-12).
ontario_ministry_transport_vehicle_population,KIA,OHH,PASSENGER,2019,2025,7,2019 | 2020 | 2021 | 2022 | 2023 | 2024 | 2025,2017,2020,4,28,1567,2025,219,Optima,Optima,,Rio | Soul | Niro,Kia,agreement,Optima,true,promotion_eligible,Latest-active reviewed MTO key; pass agreement is recomputed using case-insensitive model-family equivalence.,Reviewed two-pass MTO make/model inference using NCIC model-code abbreviations and NHTSA vPIC make/model examples (2026-08-12).
ontario_ministry_transport_vehicle_population,LEXS,NS3,PASSENGER,2014,2025,11,2014 | 2016 | 2017 | 2018 | 2019 | 2020 | 2021 | 2022 | 2023 | 2024 | 2025,2006,2006,1,11,3934,2025,219,IS,IS,,GS,Lexus,agreement,IS,true,promotion_eligible,Latest-active reviewed MTO key; pass agreement is recomputed using case-insensitive model-family equivalence.,Reviewed two-pass MTO make/model inference using NCIC model-code abbreviations and NHTSA vPIC make/model examples (2026-08-12).
ontario_ministry_transport_vehicle_population,MERZ,24M,PASSENGER,2014,2025,11,2014 | 2016 | 2017 | 2018 | 2019 | 2020 | 2021 | 2022 | 2023 | 2024 | 2025,2003,2005,3,33,5636,2025,219,245,240,"Closest vPIC name match, but no sampled year-specific result corroborates it.",240,Mercedes-Benz,disagreement,,true,promotion_eligible,Latest-active reviewed MTO key; pass agreement is recomputed using case-insensitive model-family equivalence.,Reviewed two-pass MTO make/model inference using NCIC model-code abbreviations and NHTSA vPIC make/model examples (2026-08-12).
ontario_ministry_transport_vehicle_population,MNNI,73G,PASSENGER,2024,2025,2,2024 | 2025,2022,2024,3,6,443,2025,219,Clubman (tentative),Clubman,,John Cooper Works | Countryman | Cooper,MINI,agreement,Clubman,true,promotion_eligible,Latest-active reviewed MTO key; pass agreement is recomputed using case-insensitive model-family equivalence.,Reviewed two-pass MTO make/model inference using NCIC model-code abbreviations and NHTSA vPIC make/model examples (2026-08-12).
ontario_ministry_transport_vehicle_population,KIA,SX5,PASSENGER,2014,2025,11,2014 | 2016 | 2017 | 2018 | 2019 | 2020 | 2021 | 2022 | 2023 | 2024 | 2025,2007,2009,3,33,8070,2025,218,Spectra,Spectra,,Sedona | Sorento | Sportage,Kia,agreement,Spectra,true,promotion_eligible,Latest-active reviewed MTO key; pass agreement is recomputed using case-insensitive model-family equivalence.,Reviewed two-pass MTO make/model inference using NCIC model-code abbreviations and NHTSA vPIC make/model examples (2026-08-12).
ontario_ministry_transport_vehicle_population,AUDI,CPL,PASSENGER,2014,2025,11,2014 | 2016 | 2017 | 2018 | 2019 | 2020 | 2021 | 2022 | 2023 | 2024 | 2025,2013,2014,2,22,2683,2025,217,Allroad,allroad,,R8 Spyder | TT Roadster | TT,Audi,agreement,allroad,true,promotion_eligible,Latest-active reviewed MTO key; pass agreement is recomputed using case-insensitive model-family equivalence.,Reviewed two-pass MTO make/model inference using NCIC model-code abbreviations and NHTSA vPIC make/model examples (2026-08-12).
ontario_ministry_transport_vehicle_population,AUDI,TQL,PASSENGER,2014,2025,11,2014 | 2016 | 2017 | 2018 | 2019 | 2020 | 2021 | 2022 | 2023 | 2024 | 2025,2009,2014,5,55,2447,2025,217,TT,TT,,Q7 | Q5 | TT Roadster,Audi,agreement,TT,true,promotion_eligible,Latest-active reviewed MTO key; pass agreement is recomputed using case-insensitive model-family equivalence.,Reviewed two-pass MTO make/model inference using NCIC model-code abbreviations and NHTSA vPIC make/model examples (2026-08-12).
ontario_ministry_transport_vehicle_population,CHEV,CX2,PASSENGER,2016,2025,10,2016 | 2017 | 2018 | 2019 | 2020 | 2021 | 2022 | 2023 | 2024 | 2025,2016,2016,1,10,2337,2025,217,SS,SS,,C20 | CHEVY II,Chevrolet,agreement,SS,true,promotion_eligible,Latest-active reviewed MTO key; pass agreement is recomputed using case-insensitive model-family equivalence.,Reviewed two-pass MTO make/model inference using NCIC model-code abbreviations and NHTSA vPIC make/model examples (2026-08-12).
ontario_ministry_transport_vehicle_population,VOLK,ACS,PASSENGER,2025,2025,1,2025,2026,2026,1,1,217,2025,217,Atlas,Atlas,,Taos,Volkswagen,agreement,Atlas,true,promotion_eligible,Latest-active reviewed MTO key; pass agreement is recomputed using case-insensitive model-family equivalence.,Reviewed two-pass MTO make/model inference using NCIC model-code abbreviations and NHTSA vPIC make/model examples (2026-08-12).
ontario_ministry_transport_vehicle_population,HYUN,GV7,PASSENGER,2023,2025,3,2023 | 2024 | 2025,2022,2025,4,11,637,2025,216,Venue,Venue,,Veloster,Hyundai,agreement,Venue,true,promotion_eligible,Latest-active reviewed MTO key; pass agreement is recomputed using case-insensitive model-family equivalence.,Reviewed two-pass MTO make/model inference using NCIC model-code abbreviations and NHTSA vPIC make/model examples (2026-08-12).
ontario_ministry_transport_vehicle_population,TOYT,BZ4,PASSENGER,2025,2025,1,2025,2023,2025,3,3,216,2025,216,bZ4X,bZ4X,,,Toyota,agreement,bZ4X,true,promotion_eligible,Latest-active reviewed MTO key; pass agreement is recomputed using case-insensitive model-family equivalence.,Reviewed two-pass MTO make/model inference using NCIC model-code abbreviations and NHTSA vPIC make/model examples (2026-08-12).
ontario_ministry_transport_vehicle_population,CHEV,210,PASSENGER,2014,2025,11,2014 | 2016 | 2017 | 2018 | 2019 | 2020 | 2021 | 2022 | 2023 | 2024 | 2025,1935,1980,20,220,2489,2025,215,210,Model unresolved,The Ontario abbreviation does not match a vPIC model closely enough.,,Chevrolet,disagreement,,true,promotion_eligible,Latest-active reviewed MTO key; pass agreement is recomputed using case-insensitive model-family equivalence.,Reviewed two-pass MTO make/model inference using NCIC model-code abbreviations and NHTSA vPIC make/model examples (2026-08-12).
ontario_ministry_transport_vehicle_population,NISS,MGL,PASSENGER,2014,2025,11,2014 | 2016 | 2017 | 2018 | 2019 | 2020 | 2021 | 2022 | 2023 | 2024 | 2025,2002,2003,2,22,10636,2025,215,Maxima,Maxima,,Murano | Altima | Xterra,Nissan,agreement,Maxima,true,promotion_eligible,Latest-active reviewed MTO key; pass agreement is recomputed using case-insensitive model-family equivalence.,Reviewed two-pass MTO make/model inference using NCIC model-code abbreviations and NHTSA vPIC make/model examples (2026-08-12).
ontario_ministry_transport_vehicle_population,NISS,SKY,PASSENGER,2024,2025,2,2024 | 2025,1983,2003,20,39,425,2025,215,Sentra,Sentra,,Stanza | Quest | Sentra/200SX,Nissan,agreement,Sentra,true,promotion_eligible,Latest-active reviewed MTO key; pass agreement is recomputed using case-insensitive model-family equivalence.,Reviewed two-pass MTO make/model inference using NCIC model-code abbreviations and NHTSA vPIC make/model examples (2026-08-12).
ontario_ministry_transport_vehicle_population,BMW,5GX,PASSENGER,2014,2025,11,2014 | 2016 | 2017 | 2018 | 2019 | 2020 | 2021 | 2022 | 2023 | 2024 | 2025,2011,2015,5,55,3238,2025,214,X5,X5,,5 Series,BMW,agreement,X5,true,promotion_eligible,Latest-active reviewed MTO key; pass agreement is recomputed using case-insensitive model-family equivalence.,Reviewed two-pass MTO make/model inference using NCIC model-code abbreviations and NHTSA vPIC make/model examples (2026-08-12).
ontario_ministry_transport_vehicle_population,MCLA,720,PASSENGER,2024,2025,2,2024 | 2025,2018,2025,8,16,419,2025,214,720,720S,"vPIC supports the model, but the Ontario abbreviation is not uniquely identifying.",,McLaren Automotive,agreement,720S,true,promotion_eligible,Latest-active reviewed MTO key; pass agreement is recomputed using case-insensitive model-family equivalence.,Reviewed two-pass MTO make/model inference using NCIC model-code abbreviations and NHTSA vPIC make/model examples (2026-08-12).
ontario_ministry_transport_vehicle_population,ACUR,ZDX,PASSENGER,2014,2025,11,2014 | 2016 | 2017 | 2018 | 2019 | 2020 | 2021 | 2022 | 2023 | 2024 | 2025,2010,2013,4,44,2832,2025,213,ZDX,ZDX,,,Acura,agreement,ZDX,true,promotion_eligible,Latest-active reviewed MTO key; pass agreement is recomputed using case-insensitive model-family equivalence.,Reviewed two-pass MTO make/model inference using NCIC model-code abbreviations and NHTSA vPIC make/model examples (2026-08-12).
ontario_ministry_transport_vehicle_population,BMW,UZ0,PASSENGER,2017,2025,4,2017 | 2019 | 2024 | 2025,2001,2002,2,8,836,2025,213,Z8,Z8,,Z3 | M | 7 Series,BMW,agreement,Z8,true,promotion_eligible,Latest-active reviewed MTO key; pass agreement is recomputed using case-insensitive model-family equivalence.,Reviewed two-pass MTO make/model inference using NCIC model-code abbreviations and NHTSA vPIC make/model examples (2026-08-12).
ontario_ministry_transport_vehicle_population,PTRB,8LD,COMMERCIAL,2025,2025,1,2025,2023,2025,3,3,213,2025,213,589 (tentative),589,,587 | 548 | 389,Peterbilt,agreement,589,true,promotion_eligible,Latest-active reviewed MTO key; pass agreement is recomputed using case-insensitive model-family equivalence.,Reviewed two-pass MTO make/model inference using NCIC model-code abbreviations and NHTSA vPIC make/model examples (2026-08-12).
ontario_ministry_transport_vehicle_population,ALFA,SPV,PASSENGER,2024,2025,2,2024 | 2025,1987,1994,8,16,427,2025,212,Spider,Spider,,,Alfa Romeo,agreement,Spider,true,promotion_eligible,Latest-active reviewed MTO key; pass agreement is recomputed using case-insensitive model-family equivalence.,Reviewed two-pass MTO make/model inference using NCIC model-code abbreviations and NHTSA vPIC make/model examples (2026-08-12).
ontario_ministry_transport_vehicle_population,OLDS,SBC,PASSENGER,2014,2025,7,2014 | 2016 | 2017 | 2018 | 2019 | 2024 | 2025,1984,1987,4,28,1593,2025,212,Cutlass Ciera,Cutlass Ciera,,Custom Cruiser | Cutlass Cruiser | Calais,Oldsmobile,agreement,Cutlass Ciera,true,promotion_eligible,Latest-active reviewed MTO key; pass agreement is recomputed using case-insensitive model-family equivalence.,Reviewed two-pass MTO make/model inference using NCIC model-code abbreviations and NHTSA vPIC make/model examples (2026-08-12).
ontario_ministry_transport_vehicle_population,GENS,V70,PASSENGER,2024,2025,2,2024 | 2025,2022,2024,3,6,421,2025,211,GV70,GV70,,,Genesis,agreement,GV70,true,promotion_eligible,Latest-active reviewed MTO key; pass agreement is recomputed using case-insensitive model-family equivalence.,Reviewed two-pass MTO make/model inference using NCIC model-code abbreviations and NHTSA vPIC make/model examples (2026-08-12).
ontario_ministry_transport_vehicle_population,GENS,GN3,PASSENGER,2018,2025,8,2018 | 2019 | 2020 | 2021 | 2022 | 2023 | 2024 | 2025,2017,2019,3,24,1744,2025,210,G90,G90,,G80 | G70,Genesis,agreement,G90,true,promotion_eligible,Latest-active reviewed MTO key; pass agreement is recomputed using case-insensitive model-family equivalence.,Reviewed two-pass MTO make/model inference using NCIC model-code abbreviations and NHTSA vPIC make/model examples (2026-08-12).
ontario_ministry_transport_vehicle_population,VOLK,58G,PASSENGER,2024,2025,2,2024 | 2025,2022,2024,3,6,416,2025,210,GLI,GLI,"Closest vPIC name match, but no sampled year-specific result corroborates it.",Tiguan,Volkswagen,agreement,GLI,true,promotion_eligible,Latest-active reviewed MTO key; pass agreement is recomputed using case-insensitive model-family equivalence.,Reviewed two-pass MTO make/model inference using NCIC model-code abbreviations and NHTSA vPIC make/model examples (2026-08-12).
ontario_ministry_transport_vehicle_population,AUDI,EPM,PASSENGER,2024,2025,2,2024 | 2025,2017,2025,8,16,434,2025,209,e-tron,e-tron,,e-tron S | e-tron GT | Q4 e-tron,Audi,agreement,e-tron,true,promotion_eligible,Latest-active reviewed MTO key; pass agreement is recomputed using case-insensitive model-family equivalence.,Reviewed two-pass MTO make/model inference using NCIC model-code abbreviations and NHTSA vPIC make/model examples (2026-08-12).
ontario_ministry_transport_vehicle_population,HOND,AC1,PASSENGER,2017,2025,7,2017 | 2018 | 2019 | 2020 | 2022 | 2024 | 2025,2016,2017,2,14,1525,2025,209,Accord,Accord,,,Honda,agreement,Accord,true,promotion_eligible,Latest-active reviewed MTO key; pass agreement is recomputed using case-insensitive model-family equivalence.,Reviewed two-pass MTO make/model inference using NCIC model-code abbreviations and NHTSA vPIC make/model examples (2026-08-12).
ontario_ministry_transport_vehicle_population,INTE,MV6,COMMERCIAL,2025,2025,1,2025,2019,2026,7,7,209,2025,209,MV60E,MV60E,,MV60C | MV607,International,agreement,MV60E,true,promotion_eligible,Latest-active reviewed MTO key; pass agreement is recomputed using case-insensitive model-family equivalence.,Reviewed two-pass MTO make/model inference using NCIC model-code abbreviations and NHTSA vPIC make/model examples (2026-08-12).
ontario_ministry_transport_vehicle_population,ACUR,CID,PASSENGER,2017,2025,9,2017 | 2018 | 2019 | 2020 | 2021 | 2022 | 2023 | 2024 | 2025,2014,2015,2,18,1922,2025,208,RDX,RDX,,MDX | ILX | RLX,Acura,agreement,RDX,true,promotion_eligible,Latest-active reviewed MTO key; pass agreement is recomputed using case-insensitive model-family equivalence.,Reviewed two-pass MTO make/model inference using NCIC model-code abbreviations and NHTSA vPIC make/model examples (2026-08-12).
ontario_ministry_transport_vehicle_population,AUDI,S3,PASSENGER,2025,2025,1,2025,2000,2026,10,10,208,2025,208,S3,S3,,,Audi,agreement,S3,true,promotion_eligible,Latest-active reviewed MTO key; pass agreement is recomputed using case-insensitive model-family equivalence.,Reviewed two-pass MTO make/model inference using NCIC model-code abbreviations and NHTSA vPIC make/model examples (2026-08-12).
ontario_ministry_transport_vehicle_population,JAGU,HDE,PASSENGER,2024,2025,2,2024 | 2025,2019,2024,6,12,408,2025,208,XE,XE,,F-Type | F-Pace | E-Pace,Jaguar,agreement,XE,true,promotion_eligible,Latest-active reviewed MTO key; pass agreement is recomputed using case-insensitive model-family equivalence.,Reviewed two-pass MTO make/model inference using NCIC model-code abbreviations and NHTSA vPIC make/model examples (2026-08-12).
ontario_ministry_transport_vehicle_population,TOYT,DZG,COMMERCIAL,2021,2025,4,2021 | 2022 | 2024 | 2025,2022,2022,1,4,860,2025,208,GR 86,GR86,,Venza | GR Supra | Highlander,Toyota,agreement,GR86,true,promotion_eligible,Latest-active reviewed MTO key; pass agreement is recomputed using case-insensitive model-family equivalence.,Reviewed two-pass MTO make/model inference using NCIC model-code abbreviations and NHTSA vPIC make/model examples (2026-08-12).
ontario_ministry_transport_vehicle_population,VOLK,BLD,PASSENGER,2018,2025,6,2018 | 2019 | 2020 | 2022 | 2024 | 2025,2016,2017,2,12,1235,2025,208,Beetle,Beetle,,,Volkswagen,agreement,Beetle,true,promotion_eligible,Latest-active reviewed MTO key; pass agreement is recomputed using case-insensitive model-family equivalence.,Reviewed two-pass MTO make/model inference using NCIC model-code abbreviations and NHTSA vPIC make/model examples (2026-08-12).
ontario_ministry_transport_vehicle_population,SUBA,ISW,PASSENGER,2014,2025,11,2014 | 2016 | 2017 | 2018 | 2019 | 2020 | 2021 | 2022 | 2023 | 2024 | 2025,2006,2006,1,11,6247,2025,207,Impreza/Outback Sport,Impreza,,Tribeca | Forester,Subaru,agreement,Impreza,true,promotion_eligible,Latest-active reviewed MTO key; pass agreement is recomputed using case-insensitive model-family equivalence.,Reviewed two-pass MTO make/model inference using NCIC model-code abbreviations and NHTSA vPIC make/model examples (2026-08-12).
ontario_ministry_transport_vehicle_population,HOND,CSI,PASSENGER,2014,2025,3,2014 | 2024 | 2025,1986,1991,6,18,623,2025,206,Civic,Civic,,,Honda,agreement,Civic,true,promotion_eligible,Latest-active reviewed MTO key; pass agreement is recomputed using case-insensitive model-family equivalence.,Reviewed two-pass MTO make/model inference using NCIC model-code abbreviations and NHTSA vPIC make/model examples (2026-08-12).
ontario_ministry_transport_vehicle_population,JAGU,CLR,PASSENGER,2017,2025,9,2017 | 2018 | 2019 | 2020 | 2021 | 2022 | 2023 | 2024 | 2025,2014,2019,6,53,1987,2025,206,XJL,F-PACE,vPIC also supports E-PACE; the code does not clearly distinguish them.,F-Pace | E-Pace | I-Pace,Jaguar,disagreement,,true,promotion_eligible,Latest-active reviewed MTO key; pass agreement is recomputed using case-insensitive model-family equivalence.,Reviewed two-pass MTO make/model inference using NCIC model-code abbreviations and NHTSA vPIC make/model examples (2026-08-12).
ontario_ministry_transport_vehicle_population,SUZI,H3N,PASSENGER,2014,2025,11,2014 | 2016 | 2017 | 2018 | 2019 | 2020 | 2021 | 2022 | 2023 | 2024 | 2025,2010,2010,1,11,3216,2025,206,Kizashi (tentative),Kizashi,,Grand Vitara | Swift | SX4,Suzuki,agreement,Kizashi,true,promotion_eligible,Latest-active reviewed MTO key; pass agreement is recomputed using case-insensitive model-family equivalence.,Reviewed two-pass MTO make/model inference using NCIC model-code abbreviations and NHTSA vPIC make/model examples (2026-08-12).
ontario_ministry_transport_vehicle_population,ASTO,VVT,PASSENGER,2016,2025,7,2016 | 2017 | 2018 | 2019 | 2020 | 2024 | 2025,2006,2016,11,77,1456,2025,205,Vantage,Vantage,,Vanquish | Virage | DB9,Aston Martin,agreement,Vantage,true,promotion_eligible,Latest-active reviewed MTO key; pass agreement is recomputed using case-insensitive model-family equivalence.,Reviewed two-pass MTO make/model inference using NCIC model-code abbreviations and NHTSA vPIC make/model examples (2026-08-12).
ontario_ministry_transport_vehicle_population,AUDI,C8Q,PASSENGER,2018,2025,4,2018 | 2023 | 2024 | 2025,2011,2025,10,33,846,2025,205,A8,A8,,R8 | S8 | Q8,Audi,agreement,A8,true,promotion_eligible,Latest-active reviewed MTO key; pass agreement is recomputed using case-insensitive model-family equivalence.,Reviewed two-pass MTO make/model inference using NCIC model-code abbreviations and NHTSA vPIC make/model examples (2026-08-12).
ontario_ministry_transport_vehicle_population,AUDI,7PT,PASSENGER,2016,2025,10,2016 | 2017 | 2018 | 2019 | 2020 | 2021 | 2022 | 2023 | 2024 | 2025,2016,2016,1,10,2319,2025,204,A7,A7,,S7 | RS 7 | TT,Audi,agreement,A7,true,promotion_eligible,Latest-active reviewed MTO key; pass agreement is recomputed using case-insensitive model-family equivalence.,Reviewed two-pass MTO make/model inference using NCIC model-code abbreviations and NHTSA vPIC make/model examples (2026-08-12).
ontario_ministry_transport_vehicle_population,DODG,CPR,PASSENGER,2017,2025,8,2017 | 2018 | 2019 | 2020 | 2022 | 2023 | 2024 | 2025,1967,2018,9,72,1833,2025,204,Charger,Charger,,Challenger | Viper | Caliber,Dodge,agreement,Charger,true,promotion_eligible,Latest-active reviewed MTO key; pass agreement is recomputed using case-insensitive model-family equivalence.,Reviewed two-pass MTO make/model inference using NCIC model-code abbreviations and NHTSA vPIC make/model examples (2026-08-12).
ontario_ministry_transport_vehicle_population,MITS,ECC,PASSENGER,2025,2025,1,2025,2026,2026,1,1,204,2025,204,Eclipse Cross,Eclipse Cross,,,Mitsubishi,agreement,Eclipse Cross,true,promotion_eligible,Latest-active reviewed MTO key; pass agreement is recomputed using case-insensitive model-family equivalence.,Reviewed two-pass MTO make/model inference using NCIC model-code abbreviations and NHTSA vPIC make/model examples (2026-08-12).
ontario_ministry_transport_vehicle_population,VOLK,NBT,PASSENGER,2014,2025,10,2014 | 2016 | 2017 | 2018 | 2019 | 2020 | 2022 | 2023 | 2024 | 2025,1998,2010,4,40,3527,2025,204,Beetle,Beetle,,Jetta | Rabbit | Touareg,Volkswagen,agreement,Beetle,true,promotion_eligible,Latest-active reviewed MTO key; pass agreement is recomputed using case-insensitive model-family equivalence.,Reviewed two-pass MTO make/model inference using NCIC model-code abbreviations and NHTSA vPIC make/model examples (2026-08-12).
ontario_ministry_transport_vehicle_population,VOLV,V32,PASSENGER,2014,2025,11,2014 | 2016 | 2017 | 2018 | 2019 | 2020 | 2021 | 2022 | 2023 | 2024 | 2025,2008,2020,4,40,2585,2025,204,V60 (tentative),V60,,V90 | V50 | V70,Volvo,agreement,V60,true,promotion_eligible,Latest-active reviewed MTO key; pass agreement is recomputed using case-insensitive model-family equivalence.,Reviewed two-pass MTO make/model inference using NCIC model-code abbreviations and NHTSA vPIC make/model examples (2026-08-12).
ontario_ministry_transport_vehicle_population,BMW,6GX,PASSENGER,2016,2025,10,2016 | 2017 | 2018 | 2019 | 2020 | 2021 | 2022 | 2023 | 2024 | 2025,2014,2019,6,57,2606,2025,203,X6,X6,,6 Series,BMW,agreement,X6,true,promotion_eligible,Latest-active reviewed MTO key; pass agreement is recomputed using case-insensitive model-family equivalence.,Reviewed two-pass MTO make/model inference using NCIC model-code abbreviations and NHTSA vPIC make/model examples (2026-08-12).
ontario_ministry_transport_vehicle_population,GMC,TOP,COMMERCIAL,2014,2025,11,2014 | 2016 | 2017 | 2018 | 2019 | 2020 | 2021 | 2022 | 2023 | 2024 | 2025,1980,1996,11,121,4990,2025,203,Pas-typhoon,Typhoon,"Closest vPIC name match, but no sampled year-specific result corroborates it.",TYPHOON,GMC,agreement,Typhoon,true,promotion_eligible,Latest-active reviewed MTO key; pass agreement is recomputed using case-insensitive model-family equivalence.,Reviewed two-pass MTO make/model inference using NCIC model-code abbreviations and NHTSA vPIC make/model examples (2026-08-12).
ontario_ministry_transport_vehicle_population,BUIC,RNR,PASSENGER,2014,2025,11,2014 | 2016 | 2017 | 2018 | 2019 | 2020 | 2021 | 2022 | 2023 | 2024 | 2025,2004,2007,4,44,5773,2025,202,Rainier,Rainier,,,Buick,agreement,Rainier,true,promotion_eligible,Latest-active reviewed MTO key; pass agreement is recomputed using case-insensitive model-family equivalence.,Reviewed two-pass MTO make/model inference using NCIC model-code abbreviations and NHTSA vPIC make/model examples (2026-08-12).
ontario_ministry_transport_vehicle_population,LEXS,GS3,PASSENGER,2014,2025,11,2014 | 2016 | 2017 | 2018 | 2019 | 2020 | 2021 | 2022 | 2023 | 2024 | 2025,1993,2010,14,154,4063,2025,202,GS350,GS,Code-to-name match is weak; selected from vPIC models with overlapping-year coverage.,GS300 | GS,Lexus,agreement,GS,true,promotion_eligible,Latest-active reviewed MTO key; pass agreement is recomputed using case-insensitive model-family equivalence.,Reviewed two-pass MTO make/model inference using NCIC model-code abbreviations and NHTSA vPIC make/model examples (2026-08-12).
ontario_ministry_transport_vehicle_population,LEXS,GSH,PASSENGER,2014,2025,11,2014 | 2016 | 2017 | 2018 | 2019 | 2020 | 2021 | 2022 | 2023 | 2024 | 2025,2007,2017,10,107,2844,2025,202,GS,GS,,,Lexus,agreement,GS,true,promotion_eligible,Latest-active reviewed MTO key; pass agreement is recomputed using case-insensitive model-family equivalence.,Reviewed two-pass MTO make/model inference using NCIC model-code abbreviations and NHTSA vPIC make/model examples (2026-08-12).
ontario_ministry_transport_vehicle_population,NISS,C24,PASSENGER,2014,2025,4,2014 | 2016 | 2024 | 2025,1989,1993,5,20,893,2025,202,240SX,240SX,,,Nissan,agreement,240SX,true,promotion_eligible,Latest-active reviewed MTO key; pass agreement is recomputed using case-insensitive model-family equivalence.,Reviewed two-pass MTO make/model inference using NCIC model-code abbreviations and NHTSA vPIC make/model examples (2026-08-12).
ontario_ministry_transport_vehicle_population,PLYM,PRO,PASSENGER,2024,2025,2,2024 | 2025,1997,2001,4,8,402,2025,202,Prowler,Prowler,,,Plymouth,agreement,Prowler,true,promotion_eligible,Latest-active reviewed MTO key; pass agreement is recomputed using case-insensitive model-family equivalence.,Reviewed two-pass MTO make/model inference using NCIC model-code abbreviations and NHTSA vPIC make/model examples (2026-08-12).
ontario_ministry_transport_vehicle_population,ALFA,NAG,PASSENGER,2025,2025,1,2025,2023,2025,3,3,201,2025,201,ZAGATO,Model unresolved,The Ontario abbreviation does not match a vPIC model closely enough.,,Alfa Romeo,disagreement,,true,promotion_eligible,Latest-active reviewed MTO key; pass agreement is recomputed using case-insensitive model-family equivalence.,Reviewed two-pass MTO make/model inference using NCIC model-code abbreviations and NHTSA vPIC make/model examples (2026-08-12).
ontario_ministry_transport_vehicle_population,AUDI,CPP,PASSENGER,2014,2025,11,2014 | 2016 | 2017 | 2018 | 2019 | 2020 | 2021 | 2022 | 2023 | 2024 | 2025,2013,2015,3,33,2779,2025,201,R8 Spyder (tentative),TT,Code-to-name match is weak; selected from vPIC models with overlapping-year coverage.,CABRIOLET | TT Roadster | TT,Audi,disagreement,,true,promotion_eligible,Latest-active reviewed MTO key; pass agreement is recomputed using case-insensitive model-family equivalence.,Reviewed two-pass MTO make/model inference using NCIC model-code abbreviations and NHTSA vPIC make/model examples (2026-08-12).
ontario_ministry_transport_vehicle_population,BMW,8PL,PASSENGER,2025,2025,1,2025,2019,2025,5,5,201,2025,201,8 Series,i8,Generic Ontario code spans multiple vPIC models; this is the closest family match.,i8,BMW,disagreement,,true,promotion_eligible,Latest-active reviewed MTO key; pass agreement is recomputed using case-insensitive model-family equivalence.,Reviewed two-pass MTO make/model inference using NCIC model-code abbreviations and NHTSA vPIC make/model examples (2026-08-12).
ontario_ministry_transport_vehicle_population,CHEV,I/P,PASSENGER,2014,2025,11,2014 | 2016 | 2017 | 2018 | 2019 | 2020 | 2021 | 2022 | 2023 | 2024 | 2025,2006,2013,8,88,6032,2025,201,Impala,Impala,,,Chevrolet,agreement,Impala,true,promotion_eligible,Latest-active reviewed MTO key; pass agreement is recomputed using case-insensitive model-family equivalence.,Reviewed two-pass MTO make/model inference using NCIC model-code abbreviations and NHTSA vPIC make/model examples (2026-08-12).
ontario_ministry_transport_vehicle_population,GMC,R/V,PASSENGER,2014,2025,8,2014 | 2016 | 2017 | 2018 | 2019 | 2020 | 2024 | 2025,1976,1995,15,120,2184,2025,201,Rally,Rally,,Vandura | Sierra | K2500 Sierra,GMC,agreement,Rally,true,promotion_eligible,Latest-active reviewed MTO key; pass agreement is recomputed using case-insensitive model-family equivalence.,Reviewed two-pass MTO make/model inference using NCIC model-code abbreviations and NHTSA vPIC make/model examples (2026-08-12).
ontario_ministry_transport_vehicle_population,LEXS,JGL,PASSENGER,2020,2025,6,2020 | 2021 | 2022 | 2023 | 2024 | 2025,2020,2020,1,6,1340,2025,201,LX,LX,,LS | LC | GX,Lexus,agreement,LX,true,promotion_eligible,Latest-active reviewed MTO key; pass agreement is recomputed using case-insensitive model-family equivalence.,Reviewed two-pass MTO make/model inference using NCIC model-code abbreviations and NHTSA vPIC make/model examples (2026-08-12).
ontario_ministry_transport_vehicle_population,VOLV,V6P,PASSENGER,2020,2025,2,2020 | 2025,2015,2017,3,6,403,2025,201,V60,V60,,S60 | XC60,Volvo,agreement,V60,true,promotion_eligible,Latest-active reviewed MTO key; pass agreement is recomputed using case-insensitive model-family equivalence.,Reviewed two-pass MTO make/model inference using NCIC model-code abbreviations and NHTSA vPIC make/model examples (2026-08-12).
ontario_ministry_transport_vehicle_population,AUDI,5QP,PASSENGER,2016,2025,7,2016 | 2017 | 2018 | 2019 | 2020 | 2024 | 2025,2016,2019,3,19,1510,2025,200,S5,S5,,Q5 | A5 | SQ5,Audi,agreement,S5,true,promotion_eligible,Latest-active reviewed MTO key; pass agreement is recomputed using case-insensitive model-family equivalence.,Reviewed two-pass MTO make/model inference using NCIC model-code abbreviations and NHTSA vPIC make/model examples (2026-08-12).
ontario_ministry_transport_vehicle_population,AUDI,TTP,PASSENGER,2024,2025,2,2024 | 2025,2008,2023,7,14,405,2025,200,TT,TT,,,Audi,agreement,TT,true,promotion_eligible,Latest-active reviewed MTO key; pass agreement is recomputed using case-insensitive model-family equivalence.,Reviewed two-pass MTO make/model inference using NCIC model-code abbreviations and NHTSA vPIC make/model examples (2026-08-12).
ontario_ministry_transport_vehicle_population,AUDI,TTS,PASSENGER,2018,2025,7,2018 | 2019 | 2020 | 2021 | 2022 | 2024 | 2025,2015,2023,5,29,1513,2025,200,TTS,TTS,,,Audi,agreement,TTS,true,promotion_eligible,Latest-active reviewed MTO key; pass agreement is recomputed using case-insensitive model-family equivalence.,Reviewed two-pass MTO make/model inference using NCIC model-code abbreviations and NHTSA vPIC make/model examples (2026-08-12).
ontario_ministry_transport_vehicle_population,HYUN,TIB,PASSENGER,2014,2025,11,2014 | 2016 | 2017 | 2018 | 2019 | 2020 | 2021 | 2022 | 2023 | 2024 | 2025,1997,2008,11,121,4840,2025,200,Tiburon,Tiburon,,,Hyundai,agreement,Tiburon,true,promotion_eligible,Latest-active reviewed MTO key; pass agreement is recomputed using case-insensitive model-family equivalence.,Reviewed two-pass MTO make/model inference using NCIC model-code abbreviations and NHTSA vPIC make/model examples (2026-08-12).
