source_id,region,table_id,table_label,short_name,applies_to,parameter_modules,raw_series,series_group,series_name,year,value,unit,cached_file
nrcan_ceud_transport_provincial,ON,7,Off-Road,off_road_fuel_use,off_road,stocks_and_demands,Total Energy Use (PJ),Total Energy Use (PJ),Total Energy Use (PJ),2000,784.886,PJ,C:\Users\rashi\ESM_databases\canoe-transportation\inputs\cache\nrcan_ceud_transport\2021_tran_on_e_7.xls
nrcan_ceud_transport_provincial,ON,7,Off-Road,off_road_fuel_use,off_road,stocks_and_demands,Total Energy Use (PJ)|Passenger Transportation,Total Energy Use (PJ),Passenger Transportation,2000,474.976529,PJ,C:\Users\rashi\ESM_databases\canoe-transportation\inputs\cache\nrcan_ceud_transport\2021_tran_on_e_7.xls
nrcan_ceud_transport_provincial,ON,7,Off-Road,off_road_fuel_use,off_road,stocks_and_demands,Total Energy Use (PJ)|Freight Transportation,Total Energy Use (PJ),Freight Transportation,2000,281.359471,PJ,C:\Users\rashi\ESM_databases\canoe-transportation\inputs\cache\nrcan_ceud_transport\2021_tran_on_e_7.xls
nrcan_ceud_transport_provincial,ON,7,Off-Road,off_road_fuel_use,off_road,stocks_and_demands,Total Energy Use (PJ)|Off-Road1,Total Energy Use (PJ),Off-Road1,2000,28.55,PJ,C:\Users\rashi\ESM_databases\canoe-transportation\inputs\cache\nrcan_ceud_transport\2021_tran_on_e_7.xls
nrcan_ceud_transport_provincial,ON,7,Off-Road,off_road_fuel_use,off_road,stocks_and_demands,Energy Use by Transportation Mode (PJ)|Cars,Energy Use by Transportation Mode (PJ),Cars,2000,257.627148,PJ,C:\Users\rashi\ESM_databases\canoe-transportation\inputs\cache\nrcan_ceud_transport\2021_tran_on_e_7.xls
nrcan_ceud_transport_provincial,ON,7,Off-Road,off_road_fuel_use,off_road,stocks_and_demands,Energy Use by Transportation Mode (PJ)|Passenger Light Trucks,Energy Use by Transportation Mode (PJ),Passenger Light Trucks,2000,131.740621,PJ,C:\Users\rashi\ESM_databases\canoe-transportation\inputs\cache\nrcan_ceud_transport\2021_tran_on_e_7.xls
nrcan_ceud_transport_provincial,ON,7,Off-Road,off_road_fuel_use,off_road,stocks_and_demands,Energy Use by Transportation Mode (PJ)|Freight Light Trucks,Energy Use by Transportation Mode (PJ),Freight Light Trucks,2000,44.619221,PJ,C:\Users\rashi\ESM_databases\canoe-transportation\inputs\cache\nrcan_ceud_transport\2021_tran_on_e_7.xls
nrcan_ceud_transport_provincial,ON,7,Off-Road,off_road_fuel_use,off_road,stocks_and_demands,Energy Use by Transportation Mode (PJ)|Medium Trucks,Energy Use by Transportation Mode (PJ),Medium Trucks,2000,57.600023,PJ,C:\Users\rashi\ESM_databases\canoe-transportation\inputs\cache\nrcan_ceud_transport\2021_tran_on_e_7.xls
nrcan_ceud_transport_provincial,ON,7,Off-Road,off_road_fuel_use,off_road,stocks_and_demands,Energy Use by Transportation Mode (PJ)|Heavy Trucks,Energy Use by Transportation Mode (PJ),Heavy Trucks,2000,140.98036,PJ,C:\Users\rashi\ESM_databases\canoe-transportation\inputs\cache\nrcan_ceud_transport\2021_tran_on_e_7.xls
nrcan_ceud_transport_provincial,ON,7,Off-Road,off_road_fuel_use,off_road,stocks_and_demands,Energy Use by Transportation Mode (PJ)|Motorcycles,Energy Use by Transportation Mode (PJ),Motorcycles,2000,0.705183,PJ,C:\Users\rashi\ESM_databases\canoe-transportation\inputs\cache\nrcan_ceud_transport\2021_tran_on_e_7.xls
nrcan_ceud_transport_provincial,ON,7,Off-Road,off_road_fuel_use,off_road,stocks_and_demands,Energy Use by Transportation Mode (PJ)|School Buses,Energy Use by Transportation Mode (PJ),School Buses,2000,4.689582,PJ,C:\Users\rashi\ESM_databases\canoe-transportation\inputs\cache\nrcan_ceud_transport\2021_tran_on_e_7.xls
nrcan_ceud_transport_provincial,ON,7,Off-Road,off_road_fuel_use,off_road,stocks_and_demands,Energy Use by Transportation Mode (PJ)|Urban Transit,Energy Use by Transportation Mode (PJ),Urban Transit,2000,9.485213,PJ,C:\Users\rashi\ESM_databases\canoe-transportation\inputs\cache\nrcan_ceud_transport\2021_tran_on_e_7.xls
nrcan_ceud_transport_provincial,ON,7,Off-Road,off_road_fuel_use,off_road,stocks_and_demands,Energy Use by Transportation Mode (PJ)|Inter-City Buses,Energy Use by Transportation Mode (PJ),Inter-City Buses,2000,2.236648,PJ,C:\Users\rashi\ESM_databases\canoe-transportation\inputs\cache\nrcan_ceud_transport\2021_tran_on_e_7.xls
nrcan_ceud_transport_provincial,ON,7,Off-Road,off_road_fuel_use,off_road,stocks_and_demands,Energy Use by Transportation Mode (PJ)|Passenger Air,Energy Use by Transportation Mode (PJ),Passenger Air,2000,67.739476,PJ,C:\Users\rashi\ESM_databases\canoe-transportation\inputs\cache\nrcan_ceud_transport\2021_tran_on_e_7.xls
nrcan_ceud_transport_provincial,ON,7,Off-Road,off_road_fuel_use,off_road,stocks_and_demands,Energy Use by Transportation Mode (PJ)|Freight Air,Energy Use by Transportation Mode (PJ),Freight Air,2000,2.477524,PJ,C:\Users\rashi\ESM_databases\canoe-transportation\inputs\cache\nrcan_ceud_transport\2021_tran_on_e_7.xls
nrcan_ceud_transport_provincial,ON,7,Off-Road,off_road_fuel_use,off_road,stocks_and_demands,Energy Use by Transportation Mode (PJ)|Passenger Rail,Energy Use by Transportation Mode (PJ),Passenger Rail,2000,0.752658,PJ,C:\Users\rashi\ESM_databases\canoe-transportation\inputs\cache\nrcan_ceud_transport\2021_tran_on_e_7.xls
nrcan_ceud_transport_provincial,ON,7,Off-Road,off_road_fuel_use,off_road,stocks_and_demands,Energy Use by Transportation Mode (PJ)|Freight Rail,Energy Use by Transportation Mode (PJ),Freight Rail,2000,20.628342,PJ,C:\Users\rashi\ESM_databases\canoe-transportation\inputs\cache\nrcan_ceud_transport\2021_tran_on_e_7.xls
nrcan_ceud_transport_provincial,ON,7,Off-Road,off_road_fuel_use,off_road,stocks_and_demands,Energy Use by Transportation Mode (PJ)|Marine,Energy Use by Transportation Mode (PJ),Marine,2000,15.054,PJ,C:\Users\rashi\ESM_databases\canoe-transportation\inputs\cache\nrcan_ceud_transport\2021_tran_on_e_7.xls
nrcan_ceud_transport_provincial,ON,7,Off-Road,off_road_fuel_use,off_road,stocks_and_demands,Energy Use by Transportation Mode (PJ)|Off-Road1,Energy Use by Transportation Mode (PJ),Off-Road1,2000,28.55,PJ,C:\Users\rashi\ESM_databases\canoe-transportation\inputs\cache\nrcan_ceud_transport\2021_tran_on_e_7.xls
nrcan_ceud_transport_provincial,ON,7,Off-Road,off_road_fuel_use,off_road,stocks_and_demands,Total Energy Use (PJ),Total Energy Use (PJ),Total Energy Use (PJ),2001,769.749,PJ,C:\Users\rashi\ESM_databases\canoe-transportation\inputs\cache\nrcan_ceud_transport\2021_tran_on_e_7.xls
nrcan_ceud_transport_provincial,ON,7,Off-Road,off_road_fuel_use,off_road,stocks_and_demands,Total Energy Use (PJ)|Passenger Transportation,Total Energy Use (PJ),Passenger Transportation,2001,459.995144,PJ,C:\Users\rashi\ESM_databases\canoe-transportation\inputs\cache\nrcan_ceud_transport\2021_tran_on_e_7.xls
nrcan_ceud_transport_provincial,ON,7,Off-Road,off_road_fuel_use,off_road,stocks_and_demands,Total Energy Use (PJ)|Freight Transportation,Total Energy Use (PJ),Freight Transportation,2001,276.233856,PJ,C:\Users\rashi\ESM_databases\canoe-transportation\inputs\cache\nrcan_ceud_transport\2021_tran_on_e_7.xls
nrcan_ceud_transport_provincial,ON,7,Off-Road,off_road_fuel_use,off_road,stocks_and_demands,Total Energy Use (PJ)|Off-Road1,Total Energy Use (PJ),Off-Road1,2001,33.52,PJ,C:\Users\rashi\ESM_databases\canoe-transportation\inputs\cache\nrcan_ceud_transport\2021_tran_on_e_7.xls
nrcan_ceud_transport_provincial,ON,7,Off-Road,off_road_fuel_use,off_road,stocks_and_demands,Energy Use by Transportation Mode (PJ)|Cars,Energy Use by Transportation Mode (PJ),Cars,2001,254.023982,PJ,C:\Users\rashi\ESM_databases\canoe-transportation\inputs\cache\nrcan_ceud_transport\2021_tran_on_e_7.xls
nrcan_ceud_transport_provincial,ON,7,Off-Road,off_road_fuel_use,off_road,stocks_and_demands,Energy Use by Transportation Mode (PJ)|Passenger Light Trucks,Energy Use by Transportation Mode (PJ),Passenger Light Trucks,2001,132.639267,PJ,C:\Users\rashi\ESM_databases\canoe-transportation\inputs\cache\nrcan_ceud_transport\2021_tran_on_e_7.xls
nrcan_ceud_transport_provincial,ON,7,Off-Road,off_road_fuel_use,off_road,stocks_and_demands,Energy Use by Transportation Mode (PJ)|Freight Light Trucks,Energy Use by Transportation Mode (PJ),Freight Light Trucks,2001,45.121087,PJ,C:\Users\rashi\ESM_databases\canoe-transportation\inputs\cache\nrcan_ceud_transport\2021_tran_on_e_7.xls
nrcan_ceud_transport_provincial,ON,7,Off-Road,off_road_fuel_use,off_road,stocks_and_demands,Energy Use by Transportation Mode (PJ)|Medium Trucks,Energy Use by Transportation Mode (PJ),Medium Trucks,2001,63.318105,PJ,C:\Users\rashi\ESM_databases\canoe-transportation\inputs\cache\nrcan_ceud_transport\2021_tran_on_e_7.xls
nrcan_ceud_transport_provincial,ON,7,Off-Road,off_road_fuel_use,off_road,stocks_and_demands,Energy Use by Transportation Mode (PJ)|Heavy Trucks,Energy Use by Transportation Mode (PJ),Heavy Trucks,2001,130.208028,PJ,C:\Users\rashi\ESM_databases\canoe-transportation\inputs\cache\nrcan_ceud_transport\2021_tran_on_e_7.xls
nrcan_ceud_transport_provincial,ON,7,Off-Road,off_road_fuel_use,off_road,stocks_and_demands,Energy Use by Transportation Mode (PJ)|Motorcycles,Energy Use by Transportation Mode (PJ),Motorcycles,2001,0.790409,PJ,C:\Users\rashi\ESM_databases\canoe-transportation\inputs\cache\nrcan_ceud_transport\2021_tran_on_e_7.xls
nrcan_ceud_transport_provincial,ON,7,Off-Road,off_road_fuel_use,off_road,stocks_and_demands,Energy Use by Transportation Mode (PJ)|School Buses,Energy Use by Transportation Mode (PJ),School Buses,2001,3.644043,PJ,C:\Users\rashi\ESM_databases\canoe-transportation\inputs\cache\nrcan_ceud_transport\2021_tran_on_e_7.xls
nrcan_ceud_transport_provincial,ON,7,Off-Road,off_road_fuel_use,off_road,stocks_and_demands,Energy Use by Transportation Mode (PJ)|Urban Transit,Energy Use by Transportation Mode (PJ),Urban Transit,2001,8.54244,PJ,C:\Users\rashi\ESM_databases\canoe-transportation\inputs\cache\nrcan_ceud_transport\2021_tran_on_e_7.xls
nrcan_ceud_transport_provincial,ON,7,Off-Road,off_road_fuel_use,off_road,stocks_and_demands,Energy Use by Transportation Mode (PJ)|Inter-City Buses,Energy Use by Transportation Mode (PJ),Inter-City Buses,2001,1.973639,PJ,C:\Users\rashi\ESM_databases\canoe-transportation\inputs\cache\nrcan_ceud_transport\2021_tran_on_e_7.xls
nrcan_ceud_transport_provincial,ON,7,Off-Road,off_road_fuel_use,off_road,stocks_and_demands,Energy Use by Transportation Mode (PJ)|Passenger Air,Energy Use by Transportation Mode (PJ),Passenger Air,2001,57.665676,PJ,C:\Users\rashi\ESM_databases\canoe-transportation\inputs\cache\nrcan_ceud_transport\2021_tran_on_e_7.xls
nrcan_ceud_transport_provincial,ON,7,Off-Road,off_road_fuel_use,off_road,stocks_and_demands,Energy Use by Transportation Mode (PJ)|Freight Air,Energy Use by Transportation Mode (PJ),Freight Air,2001,1.962324,PJ,C:\Users\rashi\ESM_databases\canoe-transportation\inputs\cache\nrcan_ceud_transport\2021_tran_on_e_7.xls
nrcan_ceud_transport_provincial,ON,7,Off-Road,off_road_fuel_use,off_road,stocks_and_demands,Energy Use by Transportation Mode (PJ)|Passenger Rail,Energy Use by Transportation Mode (PJ),Passenger Rail,2001,0.715689,PJ,C:\Users\rashi\ESM_databases\canoe-transportation\inputs\cache\nrcan_ceud_transport\2021_tran_on_e_7.xls
nrcan_ceud_transport_provincial,ON,7,Off-Road,off_road_fuel_use,off_road,stocks_and_demands,Energy Use by Transportation Mode (PJ)|Freight Rail,Energy Use by Transportation Mode (PJ),Freight Rail,2001,19.518311,PJ,C:\Users\rashi\ESM_databases\canoe-transportation\inputs\cache\nrcan_ceud_transport\2021_tran_on_e_7.xls
nrcan_ceud_transport_provincial,ON,7,Off-Road,off_road_fuel_use,off_road,stocks_and_demands,Energy Use by Transportation Mode (PJ)|Marine,Energy Use by Transportation Mode (PJ),Marine,2001,16.106,PJ,C:\Users\rashi\ESM_databases\canoe-transportation\inputs\cache\nrcan_ceud_transport\2021_tran_on_e_7.xls
nrcan_ceud_transport_provincial,ON,7,Off-Road,off_road_fuel_use,off_road,stocks_and_demands,Energy Use by Transportation Mode (PJ)|Off-Road1,Energy Use by Transportation Mode (PJ),Off-Road1,2001,33.52,PJ,C:\Users\rashi\ESM_databases\canoe-transportation\inputs\cache\nrcan_ceud_transport\2021_tran_on_e_7.xls
nrcan_ceud_transport_provincial,ON,7,Off-Road,off_road_fuel_use,off_road,stocks_and_demands,Total Energy Use (PJ),Total Energy Use (PJ),Total Energy Use (PJ),2002,770.547,PJ,C:\Users\rashi\ESM_databases\canoe-transportation\inputs\cache\nrcan_ceud_transport\2021_tran_on_e_7.xls
nrcan_ceud_transport_provincial,ON,7,Off-Road,off_road_fuel_use,off_road,stocks_and_demands,Total Energy Use (PJ)|Passenger Transportation,Total Energy Use (PJ),Passenger Transportation,2002,465.435443,PJ,C:\Users\rashi\ESM_databases\canoe-transportation\inputs\cache\nrcan_ceud_transport\2021_tran_on_e_7.xls
nrcan_ceud_transport_provincial,ON,7,Off-Road,off_road_fuel_use,off_road,stocks_and_demands,Total Energy Use (PJ)|Freight Transportation,Total Energy Use (PJ),Freight Transportation,2002,270.121557,PJ,C:\Users\rashi\ESM_databases\canoe-transportation\inputs\cache\nrcan_ceud_transport\2021_tran_on_e_7.xls
nrcan_ceud_transport_provincial,ON,7,Off-Road,off_road_fuel_use,off_road,stocks_and_demands,Total Energy Use (PJ)|Off-Road1,Total Energy Use (PJ),Off-Road1,2002,34.99,PJ,C:\Users\rashi\ESM_databases\canoe-transportation\inputs\cache\nrcan_ceud_transport\2021_tran_on_e_7.xls
nrcan_ceud_transport_provincial,ON,7,Off-Road,off_road_fuel_use,off_road,stocks_and_demands,Energy Use by Transportation Mode (PJ)|Cars,Energy Use by Transportation Mode (PJ),Cars,2002,261.165949,PJ,C:\Users\rashi\ESM_databases\canoe-transportation\inputs\cache\nrcan_ceud_transport\2021_tran_on_e_7.xls
nrcan_ceud_transport_provincial,ON,7,Off-Road,off_road_fuel_use,off_road,stocks_and_demands,Energy Use by Transportation Mode (PJ)|Passenger Light Trucks,Energy Use by Transportation Mode (PJ),Passenger Light Trucks,2002,141.345746,PJ,C:\Users\rashi\ESM_databases\canoe-transportation\inputs\cache\nrcan_ceud_transport\2021_tran_on_e_7.xls
nrcan_ceud_transport_provincial,ON,7,Off-Road,off_road_fuel_use,off_road,stocks_and_demands,Energy Use by Transportation Mode (PJ)|Freight Light Trucks,Energy Use by Transportation Mode (PJ),Freight Light Trucks,2002,46.980968,PJ,C:\Users\rashi\ESM_databases\canoe-transportation\inputs\cache\nrcan_ceud_transport\2021_tran_on_e_7.xls
nrcan_ceud_transport_provincial,ON,7,Off-Road,off_road_fuel_use,off_road,stocks_and_demands,Energy Use by Transportation Mode (PJ)|Medium Trucks,Energy Use by Transportation Mode (PJ),Medium Trucks,2002,60.35779,PJ,C:\Users\rashi\ESM_databases\canoe-transportation\inputs\cache\nrcan_ceud_transport\2021_tran_on_e_7.xls
nrcan_ceud_transport_provincial,ON,7,Off-Road,off_road_fuel_use,off_road,stocks_and_demands,Energy Use by Transportation Mode (PJ)|Heavy Trucks,Energy Use by Transportation Mode (PJ),Heavy Trucks,2002,128.840653,PJ,C:\Users\rashi\ESM_databases\canoe-transportation\inputs\cache\nrcan_ceud_transport\2021_tran_on_e_7.xls
nrcan_ceud_transport_provincial,ON,7,Off-Road,off_road_fuel_use,off_road,stocks_and_demands,Energy Use by Transportation Mode (PJ)|Motorcycles,Energy Use by Transportation Mode (PJ),Motorcycles,2002,0.941814,PJ,C:\Users\rashi\ESM_databases\canoe-transportation\inputs\cache\nrcan_ceud_transport\2021_tran_on_e_7.xls
nrcan_ceud_transport_provincial,ON,7,Off-Road,off_road_fuel_use,off_road,stocks_and_demands,Energy Use by Transportation Mode (PJ)|School Buses,Energy Use by Transportation Mode (PJ),School Buses,2002,4.064946,PJ,C:\Users\rashi\ESM_databases\canoe-transportation\inputs\cache\nrcan_ceud_transport\2021_tran_on_e_7.xls
nrcan_ceud_transport_provincial,ON,7,Off-Road,off_road_fuel_use,off_road,stocks_and_demands,Energy Use by Transportation Mode (PJ)|Urban Transit,Energy Use by Transportation Mode (PJ),Urban Transit,2002,10.274524,PJ,C:\Users\rashi\ESM_databases\canoe-transportation\inputs\cache\nrcan_ceud_transport\2021_tran_on_e_7.xls
nrcan_ceud_transport_provincial,ON,7,Off-Road,off_road_fuel_use,off_road,stocks_and_demands,Energy Use by Transportation Mode (PJ)|Inter-City Buses,Energy Use by Transportation Mode (PJ),Inter-City Buses,2002,2.39861,PJ,C:\Users\rashi\ESM_databases\canoe-transportation\inputs\cache\nrcan_ceud_transport\2021_tran_on_e_7.xls
nrcan_ceud_transport_provincial,ON,7,Off-Road,off_road_fuel_use,off_road,stocks_and_demands,Energy Use by Transportation Mode (PJ)|Passenger Air,Energy Use by Transportation Mode (PJ),Passenger Air,2002,44.568598,PJ,C:\Users\rashi\ESM_databases\canoe-transportation\inputs\cache\nrcan_ceud_transport\2021_tran_on_e_7.xls
nrcan_ceud_transport_provincial,ON,7,Off-Road,off_road_fuel_use,off_road,stocks_and_demands,Energy Use by Transportation Mode (PJ)|Freight Air,Energy Use by Transportation Mode (PJ),Freight Air,2002,1.553402,PJ,C:\Users\rashi\ESM_databases\canoe-transportation\inputs\cache\nrcan_ceud_transport\2021_tran_on_e_7.xls
nrcan_ceud_transport_provincial,ON,7,Off-Road,off_road_fuel_use,off_road,stocks_and_demands,Energy Use by Transportation Mode (PJ)|Passenger Rail,Energy Use by Transportation Mode (PJ),Passenger Rail,2002,0.675256,PJ,C:\Users\rashi\ESM_databases\canoe-transportation\inputs\cache\nrcan_ceud_transport\2021_tran_on_e_7.xls
nrcan_ceud_transport_provincial,ON,7,Off-Road,off_road_fuel_use,off_road,stocks_and_demands,Energy Use by Transportation Mode (PJ)|Freight Rail,Energy Use by Transportation Mode (PJ),Freight Rail,2002,18.032744,PJ,C:\Users\rashi\ESM_databases\canoe-transportation\inputs\cache\nrcan_ceud_transport\2021_tran_on_e_7.xls
nrcan_ceud_transport_provincial,ON,7,Off-Road,off_road_fuel_use,off_road,stocks_and_demands,Energy Use by Transportation Mode (PJ)|Marine,Energy Use by Transportation Mode (PJ),Marine,2002,14.356,PJ,C:\Users\rashi\ESM_databases\canoe-transportation\inputs\cache\nrcan_ceud_transport\2021_tran_on_e_7.xls
nrcan_ceud_transport_provincial,ON,7,Off-Road,off_road_fuel_use,off_road,stocks_and_demands,Energy Use by Transportation Mode (PJ)|Off-Road1,Energy Use by Transportation Mode (PJ),Off-Road1,2002,34.99,PJ,C:\Users\rashi\ESM_databases\canoe-transportation\inputs\cache\nrcan_ceud_transport\2021_tran_on_e_7.xls
nrcan_ceud_transport_provincial,ON,7,Off-Road,off_road_fuel_use,off_road,stocks_and_demands,Total Energy Use (PJ),Total Energy Use (PJ),Total Energy Use (PJ),2003,796.77,PJ,C:\Users\rashi\ESM_databases\canoe-transportation\inputs\cache\nrcan_ceud_transport\2021_tran_on_e_7.xls
nrcan_ceud_transport_provincial,ON,7,Off-Road,off_road_fuel_use,off_road,stocks_and_demands,Total Energy Use (PJ)|Passenger Transportation,Total Energy Use (PJ),Passenger Transportation,2003,474.148643,PJ,C:\Users\rashi\ESM_databases\canoe-transportation\inputs\cache\nrcan_ceud_transport\2021_tran_on_e_7.xls
nrcan_ceud_transport_provincial,ON,7,Off-Road,off_road_fuel_use,off_road,stocks_and_demands,Total Energy Use (PJ)|Freight Transportation,Total Energy Use (PJ),Freight Transportation,2003,286.921357,PJ,C:\Users\rashi\ESM_databases\canoe-transportation\inputs\cache\nrcan_ceud_transport\2021_tran_on_e_7.xls
nrcan_ceud_transport_provincial,ON,7,Off-Road,off_road_fuel_use,off_road,stocks_and_demands,Total Energy Use (PJ)|Off-Road1,Total Energy Use (PJ),Off-Road1,2003,35.7,PJ,C:\Users\rashi\ESM_databases\canoe-transportation\inputs\cache\nrcan_ceud_transport\2021_tran_on_e_7.xls
nrcan_ceud_transport_provincial,ON,7,Off-Road,off_road_fuel_use,off_road,stocks_and_demands,Energy Use by Transportation Mode (PJ)|Cars,Energy Use by Transportation Mode (PJ),Cars,2003,258.233283,PJ,C:\Users\rashi\ESM_databases\canoe-transportation\inputs\cache\nrcan_ceud_transport\2021_tran_on_e_7.xls
nrcan_ceud_transport_provincial,ON,7,Off-Road,off_road_fuel_use,off_road,stocks_and_demands,Energy Use by Transportation Mode (PJ)|Passenger Light Trucks,Energy Use by Transportation Mode (PJ),Passenger Light Trucks,2003,146.205093,PJ,C:\Users\rashi\ESM_databases\canoe-transportation\inputs\cache\nrcan_ceud_transport\2021_tran_on_e_7.xls
nrcan_ceud_transport_provincial,ON,7,Off-Road,off_road_fuel_use,off_road,stocks_and_demands,Energy Use by Transportation Mode (PJ)|Freight Light Trucks,Energy Use by Transportation Mode (PJ),Freight Light Trucks,2003,48.675887,PJ,C:\Users\rashi\ESM_databases\canoe-transportation\inputs\cache\nrcan_ceud_transport\2021_tran_on_e_7.xls
nrcan_ceud_transport_provincial,ON,7,Off-Road,off_road_fuel_use,off_road,stocks_and_demands,Energy Use by Transportation Mode (PJ)|Medium Trucks,Energy Use by Transportation Mode (PJ),Medium Trucks,2003,70.701006,PJ,C:\Users\rashi\ESM_databases\canoe-transportation\inputs\cache\nrcan_ceud_transport\2021_tran_on_e_7.xls
nrcan_ceud_transport_provincial,ON,7,Off-Road,off_road_fuel_use,off_road,stocks_and_demands,Energy Use by Transportation Mode (PJ)|Heavy Trucks,Energy Use by Transportation Mode (PJ),Heavy Trucks,2003,134.942958,PJ,C:\Users\rashi\ESM_databases\canoe-transportation\inputs\cache\nrcan_ceud_transport\2021_tran_on_e_7.xls
nrcan_ceud_transport_provincial,ON,7,Off-Road,off_road_fuel_use,off_road,stocks_and_demands,Energy Use by Transportation Mode (PJ)|Motorcycles,Energy Use by Transportation Mode (PJ),Motorcycles,2003,0.990303,PJ,C:\Users\rashi\ESM_databases\canoe-transportation\inputs\cache\nrcan_ceud_transport\2021_tran_on_e_7.xls
nrcan_ceud_transport_provincial,ON,7,Off-Road,off_road_fuel_use,off_road,stocks_and_demands,Energy Use by Transportation Mode (PJ)|School Buses,Energy Use by Transportation Mode (PJ),School Buses,2003,4.704545,PJ,C:\Users\rashi\ESM_databases\canoe-transportation\inputs\cache\nrcan_ceud_transport\2021_tran_on_e_7.xls
nrcan_ceud_transport_provincial,ON,7,Off-Road,off_road_fuel_use,off_road,stocks_and_demands,Energy Use by Transportation Mode (PJ)|Urban Transit,Energy Use by Transportation Mode (PJ),Urban Transit,2003,10.71255,PJ,C:\Users\rashi\ESM_databases\canoe-transportation\inputs\cache\nrcan_ceud_transport\2021_tran_on_e_7.xls
nrcan_ceud_transport_provincial,ON,7,Off-Road,off_road_fuel_use,off_road,stocks_and_demands,Energy Use by Transportation Mode (PJ)|Inter-City Buses,Energy Use by Transportation Mode (PJ),Inter-City Buses,2003,2.242375,PJ,C:\Users\rashi\ESM_databases\canoe-transportation\inputs\cache\nrcan_ceud_transport\2021_tran_on_e_7.xls
nrcan_ceud_transport_provincial,ON,7,Off-Road,off_road_fuel_use,off_road,stocks_and_demands,Energy Use by Transportation Mode (PJ)|Passenger Air,Energy Use by Transportation Mode (PJ),Passenger Air,2003,50.504355,PJ,C:\Users\rashi\ESM_databases\canoe-transportation\inputs\cache\nrcan_ceud_transport\2021_tran_on_e_7.xls
nrcan_ceud_transport_provincial,ON,7,Off-Road,off_road_fuel_use,off_road,stocks_and_demands,Energy Use by Transportation Mode (PJ)|Freight Air,Energy Use by Transportation Mode (PJ),Freight Air,2003,1.695645,PJ,C:\Users\rashi\ESM_databases\canoe-transportation\inputs\cache\nrcan_ceud_transport\2021_tran_on_e_7.xls
nrcan_ceud_transport_provincial,ON,7,Off-Road,off_road_fuel_use,off_road,stocks_and_demands,Energy Use by Transportation Mode (PJ)|Passenger Rail,Energy Use by Transportation Mode (PJ),Passenger Rail,2003,0.556139,PJ,C:\Users\rashi\ESM_databases\canoe-transportation\inputs\cache\nrcan_ceud_transport\2021_tran_on_e_7.xls
nrcan_ceud_transport_provincial,ON,7,Off-Road,off_road_fuel_use,off_road,stocks_and_demands,Energy Use by Transportation Mode (PJ)|Freight Rail,Energy Use by Transportation Mode (PJ),Freight Rail,2003,15.856861,PJ,C:\Users\rashi\ESM_databases\canoe-transportation\inputs\cache\nrcan_ceud_transport\2021_tran_on_e_7.xls
nrcan_ceud_transport_provincial,ON,7,Off-Road,off_road_fuel_use,off_road,stocks_and_demands,Energy Use by Transportation Mode (PJ)|Marine,Energy Use by Transportation Mode (PJ),Marine,2003,15.049,PJ,C:\Users\rashi\ESM_databases\canoe-transportation\inputs\cache\nrcan_ceud_transport\2021_tran_on_e_7.xls
nrcan_ceud_transport_provincial,ON,7,Off-Road,off_road_fuel_use,off_road,stocks_and_demands,Energy Use by Transportation Mode (PJ)|Off-Road1,Energy Use by Transportation Mode (PJ),Off-Road1,2003,35.7,PJ,C:\Users\rashi\ESM_databases\canoe-transportation\inputs\cache\nrcan_ceud_transport\2021_tran_on_e_7.xls
nrcan_ceud_transport_provincial,ON,7,Off-Road,off_road_fuel_use,off_road,stocks_and_demands,Total Energy Use (PJ),Total Energy Use (PJ),Total Energy Use (PJ),2004,828.868,PJ,C:\Users\rashi\ESM_databases\canoe-transportation\inputs\cache\nrcan_ceud_transport\2021_tran_on_e_7.xls
nrcan_ceud_transport_provincial,ON,7,Off-Road,off_road_fuel_use,off_road,stocks_and_demands,Total Energy Use (PJ)|Passenger Transportation,Total Energy Use (PJ),Passenger Transportation,2004,498.561213,PJ,C:\Users\rashi\ESM_databases\canoe-transportation\inputs\cache\nrcan_ceud_transport\2021_tran_on_e_7.xls
nrcan_ceud_transport_provincial,ON,7,Off-Road,off_road_fuel_use,off_road,stocks_and_demands,Total Energy Use (PJ)|Freight Transportation,Total Energy Use (PJ),Freight Transportation,2004,293.966787,PJ,C:\Users\rashi\ESM_databases\canoe-transportation\inputs\cache\nrcan_ceud_transport\2021_tran_on_e_7.xls
nrcan_ceud_transport_provincial,ON,7,Off-Road,off_road_fuel_use,off_road,stocks_and_demands,Total Energy Use (PJ)|Off-Road1,Total Energy Use (PJ),Off-Road1,2004,36.34,PJ,C:\Users\rashi\ESM_databases\canoe-transportation\inputs\cache\nrcan_ceud_transport\2021_tran_on_e_7.xls
nrcan_ceud_transport_provincial,ON,7,Off-Road,off_road_fuel_use,off_road,stocks_and_demands,Energy Use by Transportation Mode (PJ)|Cars,Energy Use by Transportation Mode (PJ),Cars,2004,261.538696,PJ,C:\Users\rashi\ESM_databases\canoe-transportation\inputs\cache\nrcan_ceud_transport\2021_tran_on_e_7.xls
nrcan_ceud_transport_provincial,ON,7,Off-Road,off_road_fuel_use,off_road,stocks_and_demands,Energy Use by Transportation Mode (PJ)|Passenger Light Trucks,Energy Use by Transportation Mode (PJ),Passenger Light Trucks,2004,154.545828,PJ,C:\Users\rashi\ESM_databases\canoe-transportation\inputs\cache\nrcan_ceud_transport\2021_tran_on_e_7.xls
nrcan_ceud_transport_provincial,ON,7,Off-Road,off_road_fuel_use,off_road,stocks_and_demands,Energy Use by Transportation Mode (PJ)|Freight Light Trucks,Energy Use by Transportation Mode (PJ),Freight Light Trucks,2004,51.590581,PJ,C:\Users\rashi\ESM_databases\canoe-transportation\inputs\cache\nrcan_ceud_transport\2021_tran_on_e_7.xls
nrcan_ceud_transport_provincial,ON,7,Off-Road,off_road_fuel_use,off_road,stocks_and_demands,Energy Use by Transportation Mode (PJ)|Medium Trucks,Energy Use by Transportation Mode (PJ),Medium Trucks,2004,65.899385,PJ,C:\Users\rashi\ESM_databases\canoe-transportation\inputs\cache\nrcan_ceud_transport\2021_tran_on_e_7.xls
nrcan_ceud_transport_provincial,ON,7,Off-Road,off_road_fuel_use,off_road,stocks_and_demands,Energy Use by Transportation Mode (PJ)|Heavy Trucks,Energy Use by Transportation Mode (PJ),Heavy Trucks,2004,140.271656,PJ,C:\Users\rashi\ESM_databases\canoe-transportation\inputs\cache\nrcan_ceud_transport\2021_tran_on_e_7.xls
nrcan_ceud_transport_provincial,ON,7,Off-Road,off_road_fuel_use,off_road,stocks_and_demands,Energy Use by Transportation Mode (PJ)|Motorcycles,Energy Use by Transportation Mode (PJ),Motorcycles,2004,1.069202,PJ,C:\Users\rashi\ESM_databases\canoe-transportation\inputs\cache\nrcan_ceud_transport\2021_tran_on_e_7.xls
nrcan_ceud_transport_provincial,ON,7,Off-Road,off_road_fuel_use,off_road,stocks_and_demands,Energy Use by Transportation Mode (PJ)|School Buses,Energy Use by Transportation Mode (PJ),School Buses,2004,3.949512,PJ,C:\Users\rashi\ESM_databases\canoe-transportation\inputs\cache\nrcan_ceud_transport\2021_tran_on_e_7.xls
nrcan_ceud_transport_provincial,ON,7,Off-Road,off_road_fuel_use,off_road,stocks_and_demands,Energy Use by Transportation Mode (PJ)|Urban Transit,Energy Use by Transportation Mode (PJ),Urban Transit,2004,10.853673,PJ,C:\Users\rashi\ESM_databases\canoe-transportation\inputs\cache\nrcan_ceud_transport\2021_tran_on_e_7.xls
nrcan_ceud_transport_provincial,ON,7,Off-Road,off_road_fuel_use,off_road,stocks_and_demands,Energy Use by Transportation Mode (PJ)|Inter-City Buses,Energy Use by Transportation Mode (PJ),Inter-City Buses,2004,1.996468,PJ,C:\Users\rashi\ESM_databases\canoe-transportation\inputs\cache\nrcan_ceud_transport\2021_tran_on_e_7.xls
nrcan_ceud_transport_provincial,ON,7,Off-Road,off_road_fuel_use,off_road,stocks_and_demands,Energy Use by Transportation Mode (PJ)|Passenger Air,Energy Use by Transportation Mode (PJ),Passenger Air,2004,64.013114,PJ,C:\Users\rashi\ESM_databases\canoe-transportation\inputs\cache\nrcan_ceud_transport\2021_tran_on_e_7.xls
nrcan_ceud_transport_provincial,ON,7,Off-Road,off_road_fuel_use,off_road,stocks_and_demands,Energy Use by Transportation Mode (PJ)|Freight Air,Energy Use by Transportation Mode (PJ),Freight Air,2004,2.069886,PJ,C:\Users\rashi\ESM_databases\canoe-transportation\inputs\cache\nrcan_ceud_transport\2021_tran_on_e_7.xls
nrcan_ceud_transport_provincial,ON,7,Off-Road,off_road_fuel_use,off_road,stocks_and_demands,Energy Use by Transportation Mode (PJ)|Passenger Rail,Energy Use by Transportation Mode (PJ),Passenger Rail,2004,0.594721,PJ,C:\Users\rashi\ESM_databases\canoe-transportation\inputs\cache\nrcan_ceud_transport\2021_tran_on_e_7.xls
nrcan_ceud_transport_provincial,ON,7,Off-Road,off_road_fuel_use,off_road,stocks_and_demands,Energy Use by Transportation Mode (PJ)|Freight Rail,Energy Use by Transportation Mode (PJ),Freight Rail,2004,17.919279,PJ,C:\Users\rashi\ESM_databases\canoe-transportation\inputs\cache\nrcan_ceud_transport\2021_tran_on_e_7.xls
nrcan_ceud_transport_provincial,ON,7,Off-Road,off_road_fuel_use,off_road,stocks_and_demands,Energy Use by Transportation Mode (PJ)|Marine,Energy Use by Transportation Mode (PJ),Marine,2004,16.216,PJ,C:\Users\rashi\ESM_databases\canoe-transportation\inputs\cache\nrcan_ceud_transport\2021_tran_on_e_7.xls
nrcan_ceud_transport_provincial,ON,7,Off-Road,off_road_fuel_use,off_road,stocks_and_demands,Energy Use by Transportation Mode (PJ)|Off-Road1,Energy Use by Transportation Mode (PJ),Off-Road1,2004,36.34,PJ,C:\Users\rashi\ESM_databases\canoe-transportation\inputs\cache\nrcan_ceud_transport\2021_tran_on_e_7.xls
nrcan_ceud_transport_provincial,ON,7,Off-Road,off_road_fuel_use,off_road,stocks_and_demands,Total Energy Use (PJ),Total Energy Use (PJ),Total Energy Use (PJ),2005,874.499,PJ,C:\Users\rashi\ESM_databases\canoe-transportation\inputs\cache\nrcan_ceud_transport\2021_tran_on_e_7.xls
nrcan_ceud_transport_provincial,ON,7,Off-Road,off_road_fuel_use,off_road,stocks_and_demands,Total Energy Use (PJ)|Passenger Transportation,Total Energy Use (PJ),Passenger Transportation,2005,532.271837,PJ,C:\Users\rashi\ESM_databases\canoe-transportation\inputs\cache\nrcan_ceud_transport\2021_tran_on_e_7.xls
nrcan_ceud_transport_provincial,ON,7,Off-Road,off_road_fuel_use,off_road,stocks_and_demands,Total Energy Use (PJ)|Freight Transportation,Total Energy Use (PJ),Freight Transportation,2005,305.077163,PJ,C:\Users\rashi\ESM_databases\canoe-transportation\inputs\cache\nrcan_ceud_transport\2021_tran_on_e_7.xls
nrcan_ceud_transport_provincial,ON,7,Off-Road,off_road_fuel_use,off_road,stocks_and_demands,Total Energy Use (PJ)|Off-Road1,Total Energy Use (PJ),Off-Road1,2005,37.15,PJ,C:\Users\rashi\ESM_databases\canoe-transportation\inputs\cache\nrcan_ceud_transport\2021_tran_on_e_7.xls
nrcan_ceud_transport_provincial,ON,7,Off-Road,off_road_fuel_use,off_road,stocks_and_demands,Energy Use by Transportation Mode (PJ)|Cars,Energy Use by Transportation Mode (PJ),Cars,2005,263.710172,PJ,C:\Users\rashi\ESM_databases\canoe-transportation\inputs\cache\nrcan_ceud_transport\2021_tran_on_e_7.xls
nrcan_ceud_transport_provincial,ON,7,Off-Road,off_road_fuel_use,off_road,stocks_and_demands,Energy Use by Transportation Mode (PJ)|Passenger Light Trucks,Energy Use by Transportation Mode (PJ),Passenger Light Trucks,2005,163.04723,PJ,C:\Users\rashi\ESM_databases\canoe-transportation\inputs\cache\nrcan_ceud_transport\2021_tran_on_e_7.xls
nrcan_ceud_transport_provincial,ON,7,Off-Road,off_road_fuel_use,off_road,stocks_and_demands,Energy Use by Transportation Mode (PJ)|Freight Light Trucks,Energy Use by Transportation Mode (PJ),Freight Light Trucks,2005,54.148838,PJ,C:\Users\rashi\ESM_databases\canoe-transportation\inputs\cache\nrcan_ceud_transport\2021_tran_on_e_7.xls
nrcan_ceud_transport_provincial,ON,7,Off-Road,off_road_fuel_use,off_road,stocks_and_demands,Energy Use by Transportation Mode (PJ)|Medium Trucks,Energy Use by Transportation Mode (PJ),Medium Trucks,2005,56.416268,PJ,C:\Users\rashi\ESM_databases\canoe-transportation\inputs\cache\nrcan_ceud_transport\2021_tran_on_e_7.xls
nrcan_ceud_transport_provincial,ON,7,Off-Road,off_road_fuel_use,off_road,stocks_and_demands,Energy Use by Transportation Mode (PJ)|Heavy Trucks,Energy Use by Transportation Mode (PJ),Heavy Trucks,2005,157.371072,PJ,C:\Users\rashi\ESM_databases\canoe-transportation\inputs\cache\nrcan_ceud_transport\2021_tran_on_e_7.xls
nrcan_ceud_transport_provincial,ON,7,Off-Road,off_road_fuel_use,off_road,stocks_and_demands,Energy Use by Transportation Mode (PJ)|Motorcycles,Energy Use by Transportation Mode (PJ),Motorcycles,2005,1.068323,PJ,C:\Users\rashi\ESM_databases\canoe-transportation\inputs\cache\nrcan_ceud_transport\2021_tran_on_e_7.xls
nrcan_ceud_transport_provincial,ON,7,Off-Road,off_road_fuel_use,off_road,stocks_and_demands,Energy Use by Transportation Mode (PJ)|School Buses,Energy Use by Transportation Mode (PJ),School Buses,2005,4.378723,PJ,C:\Users\rashi\ESM_databases\canoe-transportation\inputs\cache\nrcan_ceud_transport\2021_tran_on_e_7.xls
nrcan_ceud_transport_provincial,ON,7,Off-Road,off_road_fuel_use,off_road,stocks_and_demands,Energy Use by Transportation Mode (PJ)|Urban Transit,Energy Use by Transportation Mode (PJ),Urban Transit,2005,12.391415,PJ,C:\Users\rashi\ESM_databases\canoe-transportation\inputs\cache\nrcan_ceud_transport\2021_tran_on_e_7.xls
nrcan_ceud_transport_provincial,ON,7,Off-Road,off_road_fuel_use,off_road,stocks_and_demands,Energy Use by Transportation Mode (PJ)|Inter-City Buses,Energy Use by Transportation Mode (PJ),Inter-City Buses,2005,2.358961,PJ,C:\Users\rashi\ESM_databases\canoe-transportation\inputs\cache\nrcan_ceud_transport\2021_tran_on_e_7.xls
nrcan_ceud_transport_provincial,ON,7,Off-Road,off_road_fuel_use,off_road,stocks_and_demands,Energy Use by Transportation Mode (PJ)|Passenger Air,Energy Use by Transportation Mode (PJ),Passenger Air,2005,84.687705,PJ,C:\Users\rashi\ESM_databases\canoe-transportation\inputs\cache\nrcan_ceud_transport\2021_tran_on_e_7.xls
nrcan_ceud_transport_provincial,ON,7,Off-Road,off_road_fuel_use,off_road,stocks_and_demands,Energy Use by Transportation Mode (PJ)|Freight Air,Energy Use by Transportation Mode (PJ),Freight Air,2005,2.871295,PJ,C:\Users\rashi\ESM_databases\canoe-transportation\inputs\cache\nrcan_ceud_transport\2021_tran_on_e_7.xls
nrcan_ceud_transport_provincial,ON,7,Off-Road,off_road_fuel_use,off_road,stocks_and_demands,Energy Use by Transportation Mode (PJ)|Passenger Rail,Energy Use by Transportation Mode (PJ),Passenger Rail,2005,0.62931,PJ,C:\Users\rashi\ESM_databases\canoe-transportation\inputs\cache\nrcan_ceud_transport\2021_tran_on_e_7.xls
nrcan_ceud_transport_provincial,ON,7,Off-Road,off_road_fuel_use,off_road,stocks_and_demands,Energy Use by Transportation Mode (PJ)|Freight Rail,Energy Use by Transportation Mode (PJ),Freight Rail,2005,19.24869,PJ,C:\Users\rashi\ESM_databases\canoe-transportation\inputs\cache\nrcan_ceud_transport\2021_tran_on_e_7.xls
nrcan_ceud_transport_provincial,ON,7,Off-Road,off_road_fuel_use,off_road,stocks_and_demands,Energy Use by Transportation Mode (PJ)|Marine,Energy Use by Transportation Mode (PJ),Marine,2005,15.021,PJ,C:\Users\rashi\ESM_databases\canoe-transportation\inputs\cache\nrcan_ceud_transport\2021_tran_on_e_7.xls
nrcan_ceud_transport_provincial,ON,7,Off-Road,off_road_fuel_use,off_road,stocks_and_demands,Energy Use by Transportation Mode (PJ)|Off-Road1,Energy Use by Transportation Mode (PJ),Off-Road1,2005,37.15,PJ,C:\Users\rashi\ESM_databases\canoe-transportation\inputs\cache\nrcan_ceud_transport\2021_tran_on_e_7.xls
nrcan_ceud_transport_provincial,ON,7,Off-Road,off_road_fuel_use,off_road,stocks_and_demands,Total Energy Use (PJ),Total Energy Use (PJ),Total Energy Use (PJ),2006,828.06,PJ,C:\Users\rashi\ESM_databases\canoe-transportation\inputs\cache\nrcan_ceud_transport\2021_tran_on_e_7.xls
nrcan_ceud_transport_provincial,ON,7,Off-Road,off_road_fuel_use,off_road,stocks_and_demands,Total Energy Use (PJ)|Passenger Transportation,Total Energy Use (PJ),Passenger Transportation,2006,495.217125,PJ,C:\Users\rashi\ESM_databases\canoe-transportation\inputs\cache\nrcan_ceud_transport\2021_tran_on_e_7.xls
nrcan_ceud_transport_provincial,ON,7,Off-Road,off_road_fuel_use,off_road,stocks_and_demands,Total Energy Use (PJ)|Freight Transportation,Total Energy Use (PJ),Freight Transportation,2006,295.192875,PJ,C:\Users\rashi\ESM_databases\canoe-transportation\inputs\cache\nrcan_ceud_transport\2021_tran_on_e_7.xls
nrcan_ceud_transport_provincial,ON,7,Off-Road,off_road_fuel_use,off_road,stocks_and_demands,Total Energy Use (PJ)|Off-Road1,Total Energy Use (PJ),Off-Road1,2006,37.65,PJ,C:\Users\rashi\ESM_databases\canoe-transportation\inputs\cache\nrcan_ceud_transport\2021_tran_on_e_7.xls
nrcan_ceud_transport_provincial,ON,7,Off-Road,off_road_fuel_use,off_road,stocks_and_demands,Energy Use by Transportation Mode (PJ)|Cars,Energy Use by Transportation Mode (PJ),Cars,2006,255.001555,PJ,C:\Users\rashi\ESM_databases\canoe-transportation\inputs\cache\nrcan_ceud_transport\2021_tran_on_e_7.xls
nrcan_ceud_transport_provincial,ON,7,Off-Road,off_road_fuel_use,off_road,stocks_and_demands,Energy Use by Transportation Mode (PJ)|Passenger Light Trucks,Energy Use by Transportation Mode (PJ),Passenger Light Trucks,2006,161.755524,PJ,C:\Users\rashi\ESM_databases\canoe-transportation\inputs\cache\nrcan_ceud_transport\2021_tran_on_e_7.xls
nrcan_ceud_transport_provincial,ON,7,Off-Road,off_road_fuel_use,off_road,stocks_and_demands,Energy Use by Transportation Mode (PJ)|Freight Light Trucks,Energy Use by Transportation Mode (PJ),Freight Light Trucks,2006,54.959694,PJ,C:\Users\rashi\ESM_databases\canoe-transportation\inputs\cache\nrcan_ceud_transport\2021_tran_on_e_7.xls
nrcan_ceud_transport_provincial,ON,7,Off-Road,off_road_fuel_use,off_road,stocks_and_demands,Energy Use by Transportation Mode (PJ)|Medium Trucks,Energy Use by Transportation Mode (PJ),Medium Trucks,2006,57.775388,PJ,C:\Users\rashi\ESM_databases\canoe-transportation\inputs\cache\nrcan_ceud_transport\2021_tran_on_e_7.xls
nrcan_ceud_transport_provincial,ON,7,Off-Road,off_road_fuel_use,off_road,stocks_and_demands,Energy Use by Transportation Mode (PJ)|Heavy Trucks,Energy Use by Transportation Mode (PJ),Heavy Trucks,2006,147.698449,PJ,C:\Users\rashi\ESM_databases\canoe-transportation\inputs\cache\nrcan_ceud_transport\2021_tran_on_e_7.xls
nrcan_ceud_transport_provincial,ON,7,Off-Road,off_road_fuel_use,off_road,stocks_and_demands,Energy Use by Transportation Mode (PJ)|Motorcycles,Energy Use by Transportation Mode (PJ),Motorcycles,2006,1.144101,PJ,C:\Users\rashi\ESM_databases\canoe-transportation\inputs\cache\nrcan_ceud_transport\2021_tran_on_e_7.xls
nrcan_ceud_transport_provincial,ON,7,Off-Road,off_road_fuel_use,off_road,stocks_and_demands,Energy Use by Transportation Mode (PJ)|School Buses,Energy Use by Transportation Mode (PJ),School Buses,2006,4.241708,PJ,C:\Users\rashi\ESM_databases\canoe-transportation\inputs\cache\nrcan_ceud_transport\2021_tran_on_e_7.xls
nrcan_ceud_transport_provincial,ON,7,Off-Road,off_road_fuel_use,off_road,stocks_and_demands,Energy Use by Transportation Mode (PJ)|Urban Transit,Energy Use by Transportation Mode (PJ),Urban Transit,2006,10.146985,PJ,C:\Users\rashi\ESM_databases\canoe-transportation\inputs\cache\nrcan_ceud_transport\2021_tran_on_e_7.xls
nrcan_ceud_transport_provincial,ON,7,Off-Road,off_road_fuel_use,off_road,stocks_and_demands,Energy Use by Transportation Mode (PJ)|Inter-City Buses,Energy Use by Transportation Mode (PJ),Inter-City Buses,2006,2.034595,PJ,C:\Users\rashi\ESM_databases\canoe-transportation\inputs\cache\nrcan_ceud_transport\2021_tran_on_e_7.xls
nrcan_ceud_transport_provincial,ON,7,Off-Road,off_road_fuel_use,off_road,stocks_and_demands,Energy Use by Transportation Mode (PJ)|Passenger Air,Energy Use by Transportation Mode (PJ),Passenger Air,2006,60.316064,PJ,C:\Users\rashi\ESM_databases\canoe-transportation\inputs\cache\nrcan_ceud_transport\2021_tran_on_e_7.xls
nrcan_ceud_transport_provincial,ON,7,Off-Road,off_road_fuel_use,off_road,stocks_and_demands,Energy Use by Transportation Mode (PJ)|Freight Air,Energy Use by Transportation Mode (PJ),Freight Air,2006,1.811936,PJ,C:\Users\rashi\ESM_databases\canoe-transportation\inputs\cache\nrcan_ceud_transport\2021_tran_on_e_7.xls
nrcan_ceud_transport_provincial,ON,7,Off-Road,off_road_fuel_use,off_road,stocks_and_demands,Energy Use by Transportation Mode (PJ)|Passenger Rail,Energy Use by Transportation Mode (PJ),Passenger Rail,2006,0.576592,PJ,C:\Users\rashi\ESM_databases\canoe-transportation\inputs\cache\nrcan_ceud_transport\2021_tran_on_e_7.xls
nrcan_ceud_transport_provincial,ON,7,Off-Road,off_road_fuel_use,off_road,stocks_and_demands,Energy Use by Transportation Mode (PJ)|Freight Rail,Energy Use by Transportation Mode (PJ),Freight Rail,2006,18.279408,PJ,C:\Users\rashi\ESM_databases\canoe-transportation\inputs\cache\nrcan_ceud_transport\2021_tran_on_e_7.xls
nrcan_ceud_transport_provincial,ON,7,Off-Road,off_road_fuel_use,off_road,stocks_and_demands,Energy Use by Transportation Mode (PJ)|Marine,Energy Use by Transportation Mode (PJ),Marine,2006,14.668,PJ,C:\Users\rashi\ESM_databases\canoe-transportation\inputs\cache\nrcan_ceud_transport\2021_tran_on_e_7.xls
nrcan_ceud_transport_provincial,ON,7,Off-Road,off_road_fuel_use,off_road,stocks_and_demands,Energy Use by Transportation Mode (PJ)|Off-Road1,Energy Use by Transportation Mode (PJ),Off-Road1,2006,37.65,PJ,C:\Users\rashi\ESM_databases\canoe-transportation\inputs\cache\nrcan_ceud_transport\2021_tran_on_e_7.xls
nrcan_ceud_transport_provincial,ON,7,Off-Road,off_road_fuel_use,off_road,stocks_and_demands,Total Energy Use (PJ),Total Energy Use (PJ),Total Energy Use (PJ),2007,843.142,PJ,C:\Users\rashi\ESM_databases\canoe-transportation\inputs\cache\nrcan_ceud_transport\2021_tran_on_e_7.xls
nrcan_ceud_transport_provincial,ON,7,Off-Road,off_road_fuel_use,off_road,stocks_and_demands,Total Energy Use (PJ)|Passenger Transportation,Total Energy Use (PJ),Passenger Transportation,2007,504.084705,PJ,C:\Users\rashi\ESM_databases\canoe-transportation\inputs\cache\nrcan_ceud_transport\2021_tran_on_e_7.xls
nrcan_ceud_transport_provincial,ON,7,Off-Road,off_road_fuel_use,off_road,stocks_and_demands,Total Energy Use (PJ)|Freight Transportation,Total Energy Use (PJ),Freight Transportation,2007,301.047295,PJ,C:\Users\rashi\ESM_databases\canoe-transportation\inputs\cache\nrcan_ceud_transport\2021_tran_on_e_7.xls
nrcan_ceud_transport_provincial,ON,7,Off-Road,off_road_fuel_use,off_road,stocks_and_demands,Total Energy Use (PJ)|Off-Road1,Total Energy Use (PJ),Off-Road1,2007,38.01,PJ,C:\Users\rashi\ESM_databases\canoe-transportation\inputs\cache\nrcan_ceud_transport\2021_tran_on_e_7.xls
nrcan_ceud_transport_provincial,ON,7,Off-Road,off_road_fuel_use,off_road,stocks_and_demands,Energy Use by Transportation Mode (PJ)|Cars,Energy Use by Transportation Mode (PJ),Cars,2007,256.037831,PJ,C:\Users\rashi\ESM_databases\canoe-transportation\inputs\cache\nrcan_ceud_transport\2021_tran_on_e_7.xls
nrcan_ceud_transport_provincial,ON,7,Off-Road,off_road_fuel_use,off_road,stocks_and_demands,Energy Use by Transportation Mode (PJ)|Passenger Light Trucks,Energy Use by Transportation Mode (PJ),Passenger Light Trucks,2007,167.039466,PJ,C:\Users\rashi\ESM_databases\canoe-transportation\inputs\cache\nrcan_ceud_transport\2021_tran_on_e_7.xls
nrcan_ceud_transport_provincial,ON,7,Off-Road,off_road_fuel_use,off_road,stocks_and_demands,Energy Use by Transportation Mode (PJ)|Freight Light Trucks,Energy Use by Transportation Mode (PJ),Freight Light Trucks,2007,57.00908,PJ,C:\Users\rashi\ESM_databases\canoe-transportation\inputs\cache\nrcan_ceud_transport\2021_tran_on_e_7.xls
nrcan_ceud_transport_provincial,ON,7,Off-Road,off_road_fuel_use,off_road,stocks_and_demands,Energy Use by Transportation Mode (PJ)|Medium Trucks,Energy Use by Transportation Mode (PJ),Medium Trucks,2007,62.899836,PJ,C:\Users\rashi\ESM_databases\canoe-transportation\inputs\cache\nrcan_ceud_transport\2021_tran_on_e_7.xls
nrcan_ceud_transport_provincial,ON,7,Off-Road,off_road_fuel_use,off_road,stocks_and_demands,Energy Use by Transportation Mode (PJ)|Heavy Trucks,Energy Use by Transportation Mode (PJ),Heavy Trucks,2007,148.299916,PJ,C:\Users\rashi\ESM_databases\canoe-transportation\inputs\cache\nrcan_ceud_transport\2021_tran_on_e_7.xls
nrcan_ceud_transport_provincial,ON,7,Off-Road,off_road_fuel_use,off_road,stocks_and_demands,Energy Use by Transportation Mode (PJ)|Motorcycles,Energy Use by Transportation Mode (PJ),Motorcycles,2007,1.219684,PJ,C:\Users\rashi\ESM_databases\canoe-transportation\inputs\cache\nrcan_ceud_transport\2021_tran_on_e_7.xls
nrcan_ceud_transport_provincial,ON,7,Off-Road,off_road_fuel_use,off_road,stocks_and_demands,Energy Use by Transportation Mode (PJ)|School Buses,Energy Use by Transportation Mode (PJ),School Buses,2007,4.083229,PJ,C:\Users\rashi\ESM_databases\canoe-transportation\inputs\cache\nrcan_ceud_transport\2021_tran_on_e_7.xls
nrcan_ceud_transport_provincial,ON,7,Off-Road,off_road_fuel_use,off_road,stocks_and_demands,Energy Use by Transportation Mode (PJ)|Urban Transit,Energy Use by Transportation Mode (PJ),Urban Transit,2007,10.549375,PJ,C:\Users\rashi\ESM_databases\canoe-transportation\inputs\cache\nrcan_ceud_transport\2021_tran_on_e_7.xls
nrcan_ceud_transport_provincial,ON,7,Off-Road,off_road_fuel_use,off_road,stocks_and_demands,Energy Use by Transportation Mode (PJ)|Inter-City Buses,Energy Use by Transportation Mode (PJ),Inter-City Buses,2007,2.095583,PJ,C:\Users\rashi\ESM_databases\canoe-transportation\inputs\cache\nrcan_ceud_transport\2021_tran_on_e_7.xls
nrcan_ceud_transport_provincial,ON,7,Off-Road,off_road_fuel_use,off_road,stocks_and_demands,Energy Use by Transportation Mode (PJ)|Passenger Air,Energy Use by Transportation Mode (PJ),Passenger Air,2007,62.476577,PJ,C:\Users\rashi\ESM_databases\canoe-transportation\inputs\cache\nrcan_ceud_transport\2021_tran_on_e_7.xls
nrcan_ceud_transport_provincial,ON,7,Off-Road,off_road_fuel_use,off_road,stocks_and_demands,Energy Use by Transportation Mode (PJ)|Freight Air,Energy Use by Transportation Mode (PJ),Freight Air,2007,1.278423,PJ,C:\Users\rashi\ESM_databases\canoe-transportation\inputs\cache\nrcan_ceud_transport\2021_tran_on_e_7.xls
nrcan_ceud_transport_provincial,ON,7,Off-Road,off_road_fuel_use,off_road,stocks_and_demands,Energy Use by Transportation Mode (PJ)|Passenger Rail,Energy Use by Transportation Mode (PJ),Passenger Rail,2007,0.58296,PJ,C:\Users\rashi\ESM_databases\canoe-transportation\inputs\cache\nrcan_ceud_transport\2021_tran_on_e_7.xls
nrcan_ceud_transport_provincial,ON,7,Off-Road,off_road_fuel_use,off_road,stocks_and_demands,Energy Use by Transportation Mode (PJ)|Freight Rail,Energy Use by Transportation Mode (PJ),Freight Rail,2007,19.05804,PJ,C:\Users\rashi\ESM_databases\canoe-transportation\inputs\cache\nrcan_ceud_transport\2021_tran_on_e_7.xls
nrcan_ceud_transport_provincial,ON,7,Off-Road,off_road_fuel_use,off_road,stocks_and_demands,Energy Use by Transportation Mode (PJ)|Marine,Energy Use by Transportation Mode (PJ),Marine,2007,12.502,PJ,C:\Users\rashi\ESM_databases\canoe-transportation\inputs\cache\nrcan_ceud_transport\2021_tran_on_e_7.xls
nrcan_ceud_transport_provincial,ON,7,Off-Road,off_road_fuel_use,off_road,stocks_and_demands,Energy Use by Transportation Mode (PJ)|Off-Road1,Energy Use by Transportation Mode (PJ),Off-Road1,2007,38.01,PJ,C:\Users\rashi\ESM_databases\canoe-transportation\inputs\cache\nrcan_ceud_transport\2021_tran_on_e_7.xls
nrcan_ceud_transport_provincial,ON,7,Off-Road,off_road_fuel_use,off_road,stocks_and_demands,Total Energy Use (PJ),Total Energy Use (PJ),Total Energy Use (PJ),2008,845.415,PJ,C:\Users\rashi\ESM_databases\canoe-transportation\inputs\cache\nrcan_ceud_transport\2021_tran_on_e_7.xls
nrcan_ceud_transport_provincial,ON,7,Off-Road,off_road_fuel_use,off_road,stocks_and_demands,Total Energy Use (PJ)|Passenger Transportation,Total Energy Use (PJ),Passenger Transportation,2008,506.909583,PJ,C:\Users\rashi\ESM_databases\canoe-transportation\inputs\cache\nrcan_ceud_transport\2021_tran_on_e_7.xls
nrcan_ceud_transport_provincial,ON,7,Off-Road,off_road_fuel_use,off_road,stocks_and_demands,Total Energy Use (PJ)|Freight Transportation,Total Energy Use (PJ),Freight Transportation,2008,300.035417,PJ,C:\Users\rashi\ESM_databases\canoe-transportation\inputs\cache\nrcan_ceud_transport\2021_tran_on_e_7.xls
nrcan_ceud_transport_provincial,ON,7,Off-Road,off_road_fuel_use,off_road,stocks_and_demands,Total Energy Use (PJ)|Off-Road1,Total Energy Use (PJ),Off-Road1,2008,38.47,PJ,C:\Users\rashi\ESM_databases\canoe-transportation\inputs\cache\nrcan_ceud_transport\2021_tran_on_e_7.xls
nrcan_ceud_transport_provincial,ON,7,Off-Road,off_road_fuel_use,off_road,stocks_and_demands,Energy Use by Transportation Mode (PJ)|Cars,Energy Use by Transportation Mode (PJ),Cars,2008,250.376422,PJ,C:\Users\rashi\ESM_databases\canoe-transportation\inputs\cache\nrcan_ceud_transport\2021_tran_on_e_7.xls
nrcan_ceud_transport_provincial,ON,7,Off-Road,off_road_fuel_use,off_road,stocks_and_demands,Energy Use by Transportation Mode (PJ)|Passenger Light Trucks,Energy Use by Transportation Mode (PJ),Passenger Light Trucks,2008,168.034907,PJ,C:\Users\rashi\ESM_databases\canoe-transportation\inputs\cache\nrcan_ceud_transport\2021_tran_on_e_7.xls
nrcan_ceud_transport_provincial,ON,7,Off-Road,off_road_fuel_use,off_road,stocks_and_demands,Energy Use by Transportation Mode (PJ)|Freight Light Trucks,Energy Use by Transportation Mode (PJ),Freight Light Trucks,2008,57.532909,PJ,C:\Users\rashi\ESM_databases\canoe-transportation\inputs\cache\nrcan_ceud_transport\2021_tran_on_e_7.xls
nrcan_ceud_transport_provincial,ON,7,Off-Road,off_road_fuel_use,off_road,stocks_and_demands,Energy Use by Transportation Mode (PJ)|Medium Trucks,Energy Use by Transportation Mode (PJ),Medium Trucks,2008,61.813147,PJ,C:\Users\rashi\ESM_databases\canoe-transportation\inputs\cache\nrcan_ceud_transport\2021_tran_on_e_7.xls
nrcan_ceud_transport_provincial,ON,7,Off-Road,off_road_fuel_use,off_road,stocks_and_demands,Energy Use by Transportation Mode (PJ)|Heavy Trucks,Energy Use by Transportation Mode (PJ),Heavy Trucks,2008,147.637922,PJ,C:\Users\rashi\ESM_databases\canoe-transportation\inputs\cache\nrcan_ceud_transport\2021_tran_on_e_7.xls
nrcan_ceud_transport_provincial,ON,7,Off-Road,off_road_fuel_use,off_road,stocks_and_demands,Energy Use by Transportation Mode (PJ)|Motorcycles,Energy Use by Transportation Mode (PJ),Motorcycles,2008,1.306358,PJ,C:\Users\rashi\ESM_databases\canoe-transportation\inputs\cache\nrcan_ceud_transport\2021_tran_on_e_7.xls
nrcan_ceud_transport_provincial,ON,7,Off-Road,off_road_fuel_use,off_road,stocks_and_demands,Energy Use by Transportation Mode (PJ)|School Buses,Energy Use by Transportation Mode (PJ),School Buses,2008,4.379859,PJ,C:\Users\rashi\ESM_databases\canoe-transportation\inputs\cache\nrcan_ceud_transport\2021_tran_on_e_7.xls
nrcan_ceud_transport_provincial,ON,7,Off-Road,off_road_fuel_use,off_road,stocks_and_demands,Energy Use by Transportation Mode (PJ)|Urban Transit,Energy Use by Transportation Mode (PJ),Urban Transit,2008,11.113817,PJ,C:\Users\rashi\ESM_databases\canoe-transportation\inputs\cache\nrcan_ceud_transport\2021_tran_on_e_7.xls
nrcan_ceud_transport_provincial,ON,7,Off-Road,off_road_fuel_use,off_road,stocks_and_demands,Energy Use by Transportation Mode (PJ)|Inter-City Buses,Energy Use by Transportation Mode (PJ),Inter-City Buses,2008,2.093659,PJ,C:\Users\rashi\ESM_databases\canoe-transportation\inputs\cache\nrcan_ceud_transport\2021_tran_on_e_7.xls
nrcan_ceud_transport_provincial,ON,7,Off-Road,off_road_fuel_use,off_road,stocks_and_demands,Energy Use by Transportation Mode (PJ)|Passenger Air,Energy Use by Transportation Mode (PJ),Passenger Air,2008,68.98448,PJ,C:\Users\rashi\ESM_databases\canoe-transportation\inputs\cache\nrcan_ceud_transport\2021_tran_on_e_7.xls
nrcan_ceud_transport_provincial,ON,7,Off-Road,off_road_fuel_use,off_road,stocks_and_demands,Energy Use by Transportation Mode (PJ)|Freight Air,Energy Use by Transportation Mode (PJ),Freight Air,2008,1.31952,PJ,C:\Users\rashi\ESM_databases\canoe-transportation\inputs\cache\nrcan_ceud_transport\2021_tran_on_e_7.xls
nrcan_ceud_transport_provincial,ON,7,Off-Road,off_road_fuel_use,off_road,stocks_and_demands,Energy Use by Transportation Mode (PJ)|Passenger Rail,Energy Use by Transportation Mode (PJ),Passenger Rail,2008,0.620081,PJ,C:\Users\rashi\ESM_databases\canoe-transportation\inputs\cache\nrcan_ceud_transport\2021_tran_on_e_7.xls
nrcan_ceud_transport_provincial,ON,7,Off-Road,off_road_fuel_use,off_road,stocks_and_demands,Energy Use by Transportation Mode (PJ)|Freight Rail,Energy Use by Transportation Mode (PJ),Freight Rail,2008,18.997919,PJ,C:\Users\rashi\ESM_databases\canoe-transportation\inputs\cache\nrcan_ceud_transport\2021_tran_on_e_7.xls
nrcan_ceud_transport_provincial,ON,7,Off-Road,off_road_fuel_use,off_road,stocks_and_demands,Energy Use by Transportation Mode (PJ)|Marine,Energy Use by Transportation Mode (PJ),Marine,2008,12.734,PJ,C:\Users\rashi\ESM_databases\canoe-transportation\inputs\cache\nrcan_ceud_transport\2021_tran_on_e_7.xls
nrcan_ceud_transport_provincial,ON,7,Off-Road,off_road_fuel_use,off_road,stocks_and_demands,Energy Use by Transportation Mode (PJ)|Off-Road1,Energy Use by Transportation Mode (PJ),Off-Road1,2008,38.47,PJ,C:\Users\rashi\ESM_databases\canoe-transportation\inputs\cache\nrcan_ceud_transport\2021_tran_on_e_7.xls
nrcan_ceud_transport_provincial,ON,7,Off-Road,off_road_fuel_use,off_road,stocks_and_demands,Total Energy Use (PJ),Total Energy Use (PJ),Total Energy Use (PJ),2009,853.093,PJ,C:\Users\rashi\ESM_databases\canoe-transportation\inputs\cache\nrcan_ceud_transport\2021_tran_on_e_7.xls
nrcan_ceud_transport_provincial,ON,7,Off-Road,off_road_fuel_use,off_road,stocks_and_demands,Total Energy Use (PJ)|Passenger Transportation,Total Energy Use (PJ),Passenger Transportation,2009,515.827171,PJ,C:\Users\rashi\ESM_databases\canoe-transportation\inputs\cache\nrcan_ceud_transport\2021_tran_on_e_7.xls
nrcan_ceud_transport_provincial,ON,7,Off-Road,off_road_fuel_use,off_road,stocks_and_demands,Total Energy Use (PJ)|Freight Transportation,Total Energy Use (PJ),Freight Transportation,2009,298.775829,PJ,C:\Users\rashi\ESM_databases\canoe-transportation\inputs\cache\nrcan_ceud_transport\2021_tran_on_e_7.xls
nrcan_ceud_transport_provincial,ON,7,Off-Road,off_road_fuel_use,off_road,stocks_and_demands,Total Energy Use (PJ)|Off-Road1,Total Energy Use (PJ),Off-Road1,2009,38.49,PJ,C:\Users\rashi\ESM_databases\canoe-transportation\inputs\cache\nrcan_ceud_transport\2021_tran_on_e_7.xls
nrcan_ceud_transport_provincial,ON,7,Off-Road,off_road_fuel_use,off_road,stocks_and_demands,Energy Use by Transportation Mode (PJ)|Cars,Energy Use by Transportation Mode (PJ),Cars,2009,255.368498,PJ,C:\Users\rashi\ESM_databases\canoe-transportation\inputs\cache\nrcan_ceud_transport\2021_tran_on_e_7.xls
nrcan_ceud_transport_provincial,ON,7,Off-Road,off_road_fuel_use,off_road,stocks_and_demands,Energy Use by Transportation Mode (PJ)|Passenger Light Trucks,Energy Use by Transportation Mode (PJ),Passenger Light Trucks,2009,177.520388,PJ,C:\Users\rashi\ESM_databases\canoe-transportation\inputs\cache\nrcan_ceud_transport\2021_tran_on_e_7.xls
nrcan_ceud_transport_provincial,ON,7,Off-Road,off_road_fuel_use,off_road,stocks_and_demands,Energy Use by Transportation Mode (PJ)|Freight Light Trucks,Energy Use by Transportation Mode (PJ),Freight Light Trucks,2009,60.215049,PJ,C:\Users\rashi\ESM_databases\canoe-transportation\inputs\cache\nrcan_ceud_transport\2021_tran_on_e_7.xls
nrcan_ceud_transport_provincial,ON,7,Off-Road,off_road_fuel_use,off_road,stocks_and_demands,Energy Use by Transportation Mode (PJ)|Medium Trucks,Energy Use by Transportation Mode (PJ),Medium Trucks,2009,68.353279,PJ,C:\Users\rashi\ESM_databases\canoe-transportation\inputs\cache\nrcan_ceud_transport\2021_tran_on_e_7.xls
nrcan_ceud_transport_provincial,ON,7,Off-Road,off_road_fuel_use,off_road,stocks_and_demands,Energy Use by Transportation Mode (PJ)|Heavy Trucks,Energy Use by Transportation Mode (PJ),Heavy Trucks,2009,145.237468,PJ,C:\Users\rashi\ESM_databases\canoe-transportation\inputs\cache\nrcan_ceud_transport\2021_tran_on_e_7.xls
nrcan_ceud_transport_provincial,ON,7,Off-Road,off_road_fuel_use,off_road,stocks_and_demands,Energy Use by Transportation Mode (PJ)|Motorcycles,Energy Use by Transportation Mode (PJ),Motorcycles,2009,1.875718,PJ,C:\Users\rashi\ESM_databases\canoe-transportation\inputs\cache\nrcan_ceud_transport\2021_tran_on_e_7.xls
nrcan_ceud_transport_provincial,ON,7,Off-Road,off_road_fuel_use,off_road,stocks_and_demands,Energy Use by Transportation Mode (PJ)|School Buses,Energy Use by Transportation Mode (PJ),School Buses,2009,4.922266,PJ,C:\Users\rashi\ESM_databases\canoe-transportation\inputs\cache\nrcan_ceud_transport\2021_tran_on_e_7.xls
nrcan_ceud_transport_provincial,ON,7,Off-Road,off_road_fuel_use,off_road,stocks_and_demands,Energy Use by Transportation Mode (PJ)|Urban Transit,Energy Use by Transportation Mode (PJ),Urban Transit,2009,12.038605,PJ,C:\Users\rashi\ESM_databases\canoe-transportation\inputs\cache\nrcan_ceud_transport\2021_tran_on_e_7.xls
nrcan_ceud_transport_provincial,ON,7,Off-Road,off_road_fuel_use,off_road,stocks_and_demands,Energy Use by Transportation Mode (PJ)|Inter-City Buses,Energy Use by Transportation Mode (PJ),Inter-City Buses,2009,1.752729,PJ,C:\Users\rashi\ESM_databases\canoe-transportation\inputs\cache\nrcan_ceud_transport\2021_tran_on_e_7.xls
nrcan_ceud_transport_provincial,ON,7,Off-Road,off_road_fuel_use,off_road,stocks_and_demands,Energy Use by Transportation Mode (PJ)|Passenger Air,Energy Use by Transportation Mode (PJ),Passenger Air,2009,61.831893,PJ,C:\Users\rashi\ESM_databases\canoe-transportation\inputs\cache\nrcan_ceud_transport\2021_tran_on_e_7.xls
nrcan_ceud_transport_provincial,ON,7,Off-Road,off_road_fuel_use,off_road,stocks_and_demands,Energy Use by Transportation Mode (PJ)|Freight Air,Energy Use by Transportation Mode (PJ),Freight Air,2009,1.295107,PJ,C:\Users\rashi\ESM_databases\canoe-transportation\inputs\cache\nrcan_ceud_transport\2021_tran_on_e_7.xls
nrcan_ceud_transport_provincial,ON,7,Off-Road,off_road_fuel_use,off_road,stocks_and_demands,Energy Use by Transportation Mode (PJ)|Passenger Rail,Energy Use by Transportation Mode (PJ),Passenger Rail,2009,0.517074,PJ,C:\Users\rashi\ESM_databases\canoe-transportation\inputs\cache\nrcan_ceud_transport\2021_tran_on_e_7.xls
nrcan_ceud_transport_provincial,ON,7,Off-Road,off_road_fuel_use,off_road,stocks_and_demands,Energy Use by Transportation Mode (PJ)|Freight Rail,Energy Use by Transportation Mode (PJ),Freight Rail,2009,14.205926,PJ,C:\Users\rashi\ESM_databases\canoe-transportation\inputs\cache\nrcan_ceud_transport\2021_tran_on_e_7.xls
nrcan_ceud_transport_provincial,ON,7,Off-Road,off_road_fuel_use,off_road,stocks_and_demands,Energy Use by Transportation Mode (PJ)|Marine,Energy Use by Transportation Mode (PJ),Marine,2009,9.469,PJ,C:\Users\rashi\ESM_databases\canoe-transportation\inputs\cache\nrcan_ceud_transport\2021_tran_on_e_7.xls
nrcan_ceud_transport_provincial,ON,7,Off-Road,off_road_fuel_use,off_road,stocks_and_demands,Energy Use by Transportation Mode (PJ)|Off-Road1,Energy Use by Transportation Mode (PJ),Off-Road1,2009,38.49,PJ,C:\Users\rashi\ESM_databases\canoe-transportation\inputs\cache\nrcan_ceud_transport\2021_tran_on_e_7.xls
nrcan_ceud_transport_provincial,ON,7,Off-Road,off_road_fuel_use,off_road,stocks_and_demands,Total Energy Use (PJ),Total Energy Use (PJ),Total Energy Use (PJ),2010,880.828,PJ,C:\Users\rashi\ESM_databases\canoe-transportation\inputs\cache\nrcan_ceud_transport\2021_tran_on_e_7.xls
nrcan_ceud_transport_provincial,ON,7,Off-Road,off_road_fuel_use,off_road,stocks_and_demands,Total Energy Use (PJ)|Passenger Transportation,Total Energy Use (PJ),Passenger Transportation,2010,521.381953,PJ,C:\Users\rashi\ESM_databases\canoe-transportation\inputs\cache\nrcan_ceud_transport\2021_tran_on_e_7.xls
nrcan_ceud_transport_provincial,ON,7,Off-Road,off_road_fuel_use,off_road,stocks_and_demands,Total Energy Use (PJ)|Freight Transportation,Total Energy Use (PJ),Freight Transportation,2010,320.176047,PJ,C:\Users\rashi\ESM_databases\canoe-transportation\inputs\cache\nrcan_ceud_transport\2021_tran_on_e_7.xls
nrcan_ceud_transport_provincial,ON,7,Off-Road,off_road_fuel_use,off_road,stocks_and_demands,Total Energy Use (PJ)|Off-Road1,Total Energy Use (PJ),Off-Road1,2010,39.27,PJ,C:\Users\rashi\ESM_databases\canoe-transportation\inputs\cache\nrcan_ceud_transport\2021_tran_on_e_7.xls
nrcan_ceud_transport_provincial,ON,7,Off-Road,off_road_fuel_use,off_road,stocks_and_demands,Energy Use by Transportation Mode (PJ)|Cars,Energy Use by Transportation Mode (PJ),Cars,2010,254.081008,PJ,C:\Users\rashi\ESM_databases\canoe-transportation\inputs\cache\nrcan_ceud_transport\2021_tran_on_e_7.xls
nrcan_ceud_transport_provincial,ON,7,Off-Road,off_road_fuel_use,off_road,stocks_and_demands,Energy Use by Transportation Mode (PJ)|Passenger Light Trucks,Energy Use by Transportation Mode (PJ),Passenger Light Trucks,2010,185.445829,PJ,C:\Users\rashi\ESM_databases\canoe-transportation\inputs\cache\nrcan_ceud_transport\2021_tran_on_e_7.xls
nrcan_ceud_transport_provincial,ON,7,Off-Road,off_road_fuel_use,off_road,stocks_and_demands,Energy Use by Transportation Mode (PJ)|Freight Light Trucks,Energy Use by Transportation Mode (PJ),Freight Light Trucks,2010,63.036977,PJ,C:\Users\rashi\ESM_databases\canoe-transportation\inputs\cache\nrcan_ceud_transport\2021_tran_on_e_7.xls
nrcan_ceud_transport_provincial,ON,7,Off-Road,off_road_fuel_use,off_road,stocks_and_demands,Energy Use by Transportation Mode (PJ)|Medium Trucks,Energy Use by Transportation Mode (PJ),Medium Trucks,2010,72.849367,PJ,C:\Users\rashi\ESM_databases\canoe-transportation\inputs\cache\nrcan_ceud_transport\2021_tran_on_e_7.xls
nrcan_ceud_transport_provincial,ON,7,Off-Road,off_road_fuel_use,off_road,stocks_and_demands,Energy Use by Transportation Mode (PJ)|Heavy Trucks,Energy Use by Transportation Mode (PJ),Heavy Trucks,2010,151.502874,PJ,C:\Users\rashi\ESM_databases\canoe-transportation\inputs\cache\nrcan_ceud_transport\2021_tran_on_e_7.xls
nrcan_ceud_transport_provincial,ON,7,Off-Road,off_road_fuel_use,off_road,stocks_and_demands,Energy Use by Transportation Mode (PJ)|Motorcycles,Energy Use by Transportation Mode (PJ),Motorcycles,2010,2.005689,PJ,C:\Users\rashi\ESM_databases\canoe-transportation\inputs\cache\nrcan_ceud_transport\2021_tran_on_e_7.xls
nrcan_ceud_transport_provincial,ON,7,Off-Road,off_road_fuel_use,off_road,stocks_and_demands,Energy Use by Transportation Mode (PJ)|School Buses,Energy Use by Transportation Mode (PJ),School Buses,2010,5.263609,PJ,C:\Users\rashi\ESM_databases\canoe-transportation\inputs\cache\nrcan_ceud_transport\2021_tran_on_e_7.xls
nrcan_ceud_transport_provincial,ON,7,Off-Road,off_road_fuel_use,off_road,stocks_and_demands,Energy Use by Transportation Mode (PJ)|Urban Transit,Energy Use by Transportation Mode (PJ),Urban Transit,2010,13.28627,PJ,C:\Users\rashi\ESM_databases\canoe-transportation\inputs\cache\nrcan_ceud_transport\2021_tran_on_e_7.xls
nrcan_ceud_transport_provincial,ON,7,Off-Road,off_road_fuel_use,off_road,stocks_and_demands,Energy Use by Transportation Mode (PJ)|Inter-City Buses,Energy Use by Transportation Mode (PJ),Inter-City Buses,2010,1.862377,PJ,C:\Users\rashi\ESM_databases\canoe-transportation\inputs\cache\nrcan_ceud_transport\2021_tran_on_e_7.xls
nrcan_ceud_transport_provincial,ON,7,Off-Road,off_road_fuel_use,off_road,stocks_and_demands,Energy Use by Transportation Mode (PJ)|Passenger Air,Energy Use by Transportation Mode (PJ),Passenger Air,2010,58.962608,PJ,C:\Users\rashi\ESM_databases\canoe-transportation\inputs\cache\nrcan_ceud_transport\2021_tran_on_e_7.xls
nrcan_ceud_transport_provincial,ON,7,Off-Road,off_road_fuel_use,off_road,stocks_and_demands,Energy Use by Transportation Mode (PJ)|Freight Air,Energy Use by Transportation Mode (PJ),Freight Air,2010,1.419392,PJ,C:\Users\rashi\ESM_databases\canoe-transportation\inputs\cache\nrcan_ceud_transport\2021_tran_on_e_7.xls
nrcan_ceud_transport_provincial,ON,7,Off-Road,off_road_fuel_use,off_road,stocks_and_demands,Energy Use by Transportation Mode (PJ)|Passenger Rail,Energy Use by Transportation Mode (PJ),Passenger Rail,2010,0.474563,PJ,C:\Users\rashi\ESM_databases\canoe-transportation\inputs\cache\nrcan_ceud_transport\2021_tran_on_e_7.xls
nrcan_ceud_transport_provincial,ON,7,Off-Road,off_road_fuel_use,off_road,stocks_and_demands,Energy Use by Transportation Mode (PJ)|Freight Rail,Energy Use by Transportation Mode (PJ),Freight Rail,2010,15.579437,PJ,C:\Users\rashi\ESM_databases\canoe-transportation\inputs\cache\nrcan_ceud_transport\2021_tran_on_e_7.xls
nrcan_ceud_transport_provincial,ON,7,Off-Road,off_road_fuel_use,off_road,stocks_and_demands,Energy Use by Transportation Mode (PJ)|Marine,Energy Use by Transportation Mode (PJ),Marine,2010,15.788,PJ,C:\Users\rashi\ESM_databases\canoe-transportation\inputs\cache\nrcan_ceud_transport\2021_tran_on_e_7.xls
nrcan_ceud_transport_provincial,ON,7,Off-Road,off_road_fuel_use,off_road,stocks_and_demands,Energy Use by Transportation Mode (PJ)|Off-Road1,Energy Use by Transportation Mode (PJ),Off-Road1,2010,39.27,PJ,C:\Users\rashi\ESM_databases\canoe-transportation\inputs\cache\nrcan_ceud_transport\2021_tran_on_e_7.xls
nrcan_ceud_transport_provincial,ON,7,Off-Road,off_road_fuel_use,off_road,stocks_and_demands,Total Energy Use (PJ),Total Energy Use (PJ),Total Energy Use (PJ),2011,880.872,PJ,C:\Users\rashi\ESM_databases\canoe-transportation\inputs\cache\nrcan_ceud_transport\2021_tran_on_e_7.xls
nrcan_ceud_transport_provincial,ON,7,Off-Road,off_road_fuel_use,off_road,stocks_and_demands,Total Energy Use (PJ)|Passenger Transportation,Total Energy Use (PJ),Passenger Transportation,2011,514.200395,PJ,C:\Users\rashi\ESM_databases\canoe-transportation\inputs\cache\nrcan_ceud_transport\2021_tran_on_e_7.xls
nrcan_ceud_transport_provincial,ON,7,Off-Road,off_road_fuel_use,off_road,stocks_and_demands,Total Energy Use (PJ)|Freight Transportation,Total Energy Use (PJ),Freight Transportation,2011,326.621605,PJ,C:\Users\rashi\ESM_databases\canoe-transportation\inputs\cache\nrcan_ceud_transport\2021_tran_on_e_7.xls
nrcan_ceud_transport_provincial,ON,7,Off-Road,off_road_fuel_use,off_road,stocks_and_demands,Total Energy Use (PJ)|Off-Road1,Total Energy Use (PJ),Off-Road1,2011,40.05,PJ,C:\Users\rashi\ESM_databases\canoe-transportation\inputs\cache\nrcan_ceud_transport\2021_tran_on_e_7.xls
nrcan_ceud_transport_provincial,ON,7,Off-Road,off_road_fuel_use,off_road,stocks_and_demands,Energy Use by Transportation Mode (PJ)|Cars,Energy Use by Transportation Mode (PJ),Cars,2011,245.60931,PJ,C:\Users\rashi\ESM_databases\canoe-transportation\inputs\cache\nrcan_ceud_transport\2021_tran_on_e_7.xls
nrcan_ceud_transport_provincial,ON,7,Off-Road,off_road_fuel_use,off_road,stocks_and_demands,Energy Use by Transportation Mode (PJ)|Passenger Light Trucks,Energy Use by Transportation Mode (PJ),Passenger Light Trucks,2011,188.460511,PJ,C:\Users\rashi\ESM_databases\canoe-transportation\inputs\cache\nrcan_ceud_transport\2021_tran_on_e_7.xls
nrcan_ceud_transport_provincial,ON,7,Off-Road,off_road_fuel_use,off_road,stocks_and_demands,Energy Use by Transportation Mode (PJ)|Freight Light Trucks,Energy Use by Transportation Mode (PJ),Freight Light Trucks,2011,64.500492,PJ,C:\Users\rashi\ESM_databases\canoe-transportation\inputs\cache\nrcan_ceud_transport\2021_tran_on_e_7.xls
nrcan_ceud_transport_provincial,ON,7,Off-Road,off_road_fuel_use,off_road,stocks_and_demands,Energy Use by Transportation Mode (PJ)|Medium Trucks,Energy Use by Transportation Mode (PJ),Medium Trucks,2011,71.19801,PJ,C:\Users\rashi\ESM_databases\canoe-transportation\inputs\cache\nrcan_ceud_transport\2021_tran_on_e_7.xls
nrcan_ceud_transport_provincial,ON,7,Off-Road,off_road_fuel_use,off_road,stocks_and_demands,Energy Use by Transportation Mode (PJ)|Heavy Trucks,Energy Use by Transportation Mode (PJ),Heavy Trucks,2011,161.837423,PJ,C:\Users\rashi\ESM_databases\canoe-transportation\inputs\cache\nrcan_ceud_transport\2021_tran_on_e_7.xls
nrcan_ceud_transport_provincial,ON,7,Off-Road,off_road_fuel_use,off_road,stocks_and_demands,Energy Use by Transportation Mode (PJ)|Motorcycles,Energy Use by Transportation Mode (PJ),Motorcycles,2011,2.05632,PJ,C:\Users\rashi\ESM_databases\canoe-transportation\inputs\cache\nrcan_ceud_transport\2021_tran_on_e_7.xls
nrcan_ceud_transport_provincial,ON,7,Off-Road,off_road_fuel_use,off_road,stocks_and_demands,Energy Use by Transportation Mode (PJ)|School Buses,Energy Use by Transportation Mode (PJ),School Buses,2011,5.658914,PJ,C:\Users\rashi\ESM_databases\canoe-transportation\inputs\cache\nrcan_ceud_transport\2021_tran_on_e_7.xls
nrcan_ceud_transport_provincial,ON,7,Off-Road,off_road_fuel_use,off_road,stocks_and_demands,Energy Use by Transportation Mode (PJ)|Urban Transit,Energy Use by Transportation Mode (PJ),Urban Transit,2011,14.083425,PJ,C:\Users\rashi\ESM_databases\canoe-transportation\inputs\cache\nrcan_ceud_transport\2021_tran_on_e_7.xls
nrcan_ceud_transport_provincial,ON,7,Off-Road,off_road_fuel_use,off_road,stocks_and_demands,Energy Use by Transportation Mode (PJ)|Inter-City Buses,Energy Use by Transportation Mode (PJ),Inter-City Buses,2011,1.885595,PJ,C:\Users\rashi\ESM_databases\canoe-transportation\inputs\cache\nrcan_ceud_transport\2021_tran_on_e_7.xls
nrcan_ceud_transport_provincial,ON,7,Off-Road,off_road_fuel_use,off_road,stocks_and_demands,Energy Use by Transportation Mode (PJ)|Passenger Air,Energy Use by Transportation Mode (PJ),Passenger Air,2011,55.950204,PJ,C:\Users\rashi\ESM_databases\canoe-transportation\inputs\cache\nrcan_ceud_transport\2021_tran_on_e_7.xls
nrcan_ceud_transport_provincial,ON,7,Off-Road,off_road_fuel_use,off_road,stocks_and_demands,Energy Use by Transportation Mode (PJ)|Freight Air,Energy Use by Transportation Mode (PJ),Freight Air,2011,1.407796,PJ,C:\Users\rashi\ESM_databases\canoe-transportation\inputs\cache\nrcan_ceud_transport\2021_tran_on_e_7.xls
nrcan_ceud_transport_provincial,ON,7,Off-Road,off_road_fuel_use,off_road,stocks_and_demands,Energy Use by Transportation Mode (PJ)|Passenger Rail,Energy Use by Transportation Mode (PJ),Passenger Rail,2011,0.496116,PJ,C:\Users\rashi\ESM_databases\canoe-transportation\inputs\cache\nrcan_ceud_transport\2021_tran_on_e_7.xls
nrcan_ceud_transport_provincial,ON,7,Off-Road,off_road_fuel_use,off_road,stocks_and_demands,Energy Use by Transportation Mode (PJ)|Freight Rail,Energy Use by Transportation Mode (PJ),Freight Rail,2011,16.424884,PJ,C:\Users\rashi\ESM_databases\canoe-transportation\inputs\cache\nrcan_ceud_transport\2021_tran_on_e_7.xls
nrcan_ceud_transport_provincial,ON,7,Off-Road,off_road_fuel_use,off_road,stocks_and_demands,Energy Use by Transportation Mode (PJ)|Marine,Energy Use by Transportation Mode (PJ),Marine,2011,11.253,PJ,C:\Users\rashi\ESM_databases\canoe-transportation\inputs\cache\nrcan_ceud_transport\2021_tran_on_e_7.xls
nrcan_ceud_transport_provincial,ON,7,Off-Road,off_road_fuel_use,off_road,stocks_and_demands,Energy Use by Transportation Mode (PJ)|Off-Road1,Energy Use by Transportation Mode (PJ),Off-Road1,2011,40.05,PJ,C:\Users\rashi\ESM_databases\canoe-transportation\inputs\cache\nrcan_ceud_transport\2021_tran_on_e_7.xls
nrcan_ceud_transport_provincial,ON,7,Off-Road,off_road_fuel_use,off_road,stocks_and_demands,Total Energy Use (PJ),Total Energy Use (PJ),Total Energy Use (PJ),2012,856.044,PJ,C:\Users\rashi\ESM_databases\canoe-transportation\inputs\cache\nrcan_ceud_transport\2021_tran_on_e_7.xls
nrcan_ceud_transport_provincial,ON,7,Off-Road,off_road_fuel_use,off_road,stocks_and_demands,Total Energy Use (PJ)|Passenger Transportation,Total Energy Use (PJ),Passenger Transportation,2012,495.20482,PJ,C:\Users\rashi\ESM_databases\canoe-transportation\inputs\cache\nrcan_ceud_transport\2021_tran_on_e_7.xls
nrcan_ceud_transport_provincial,ON,7,Off-Road,off_road_fuel_use,off_road,stocks_and_demands,Total Energy Use (PJ)|Freight Transportation,Total Energy Use (PJ),Freight Transportation,2012,320.24918,PJ,C:\Users\rashi\ESM_databases\canoe-transportation\inputs\cache\nrcan_ceud_transport\2021_tran_on_e_7.xls
nrcan_ceud_transport_provincial,ON,7,Off-Road,off_road_fuel_use,off_road,stocks_and_demands,Total Energy Use (PJ)|Off-Road1,Total Energy Use (PJ),Off-Road1,2012,40.59,PJ,C:\Users\rashi\ESM_databases\canoe-transportation\inputs\cache\nrcan_ceud_transport\2021_tran_on_e_7.xls
nrcan_ceud_transport_provincial,ON,7,Off-Road,off_road_fuel_use,off_road,stocks_and_demands,Energy Use by Transportation Mode (PJ)|Cars,Energy Use by Transportation Mode (PJ),Cars,2012,227.091887,PJ,C:\Users\rashi\ESM_databases\canoe-transportation\inputs\cache\nrcan_ceud_transport\2021_tran_on_e_7.xls
nrcan_ceud_transport_provincial,ON,7,Off-Road,off_road_fuel_use,off_road,stocks_and_demands,Energy Use by Transportation Mode (PJ)|Passenger Light Trucks,Energy Use by Transportation Mode (PJ),Passenger Light Trucks,2012,178.906213,PJ,C:\Users\rashi\ESM_databases\canoe-transportation\inputs\cache\nrcan_ceud_transport\2021_tran_on_e_7.xls
nrcan_ceud_transport_provincial,ON,7,Off-Road,off_road_fuel_use,off_road,stocks_and_demands,Energy Use by Transportation Mode (PJ)|Freight Light Trucks,Energy Use by Transportation Mode (PJ),Freight Light Trucks,2012,61.90806,PJ,C:\Users\rashi\ESM_databases\canoe-transportation\inputs\cache\nrcan_ceud_transport\2021_tran_on_e_7.xls
nrcan_ceud_transport_provincial,ON,7,Off-Road,off_road_fuel_use,off_road,stocks_and_demands,Energy Use by Transportation Mode (PJ)|Medium Trucks,Energy Use by Transportation Mode (PJ),Medium Trucks,2012,64.43928,PJ,C:\Users\rashi\ESM_databases\canoe-transportation\inputs\cache\nrcan_ceud_transport\2021_tran_on_e_7.xls
nrcan_ceud_transport_provincial,ON,7,Off-Road,off_road_fuel_use,off_road,stocks_and_demands,Energy Use by Transportation Mode (PJ)|Heavy Trucks,Energy Use by Transportation Mode (PJ),Heavy Trucks,2012,162.381803,PJ,C:\Users\rashi\ESM_databases\canoe-transportation\inputs\cache\nrcan_ceud_transport\2021_tran_on_e_7.xls
nrcan_ceud_transport_provincial,ON,7,Off-Road,off_road_fuel_use,off_road,stocks_and_demands,Energy Use by Transportation Mode (PJ)|Motorcycles,Energy Use by Transportation Mode (PJ),Motorcycles,2012,2.026352,PJ,C:\Users\rashi\ESM_databases\canoe-transportation\inputs\cache\nrcan_ceud_transport\2021_tran_on_e_7.xls
nrcan_ceud_transport_provincial,ON,7,Off-Road,off_road_fuel_use,off_road,stocks_and_demands,Energy Use by Transportation Mode (PJ)|School Buses,Energy Use by Transportation Mode (PJ),School Buses,2012,5.196162,PJ,C:\Users\rashi\ESM_databases\canoe-transportation\inputs\cache\nrcan_ceud_transport\2021_tran_on_e_7.xls
nrcan_ceud_transport_provincial,ON,7,Off-Road,off_road_fuel_use,off_road,stocks_and_demands,Energy Use by Transportation Mode (PJ)|Urban Transit,Energy Use by Transportation Mode (PJ),Urban Transit,2012,13.356555,PJ,C:\Users\rashi\ESM_databases\canoe-transportation\inputs\cache\nrcan_ceud_transport\2021_tran_on_e_7.xls
nrcan_ceud_transport_provincial,ON,7,Off-Road,off_road_fuel_use,off_road,stocks_and_demands,Energy Use by Transportation Mode (PJ)|Inter-City Buses,Energy Use by Transportation Mode (PJ),Inter-City Buses,2012,1.883689,PJ,C:\Users\rashi\ESM_databases\canoe-transportation\inputs\cache\nrcan_ceud_transport\2021_tran_on_e_7.xls
nrcan_ceud_transport_provincial,ON,7,Off-Road,off_road_fuel_use,off_road,stocks_and_demands,Energy Use by Transportation Mode (PJ)|Passenger Air,Energy Use by Transportation Mode (PJ),Passenger Air,2012,66.3525,PJ,C:\Users\rashi\ESM_databases\canoe-transportation\inputs\cache\nrcan_ceud_transport\2021_tran_on_e_7.xls
nrcan_ceud_transport_provincial,ON,7,Off-Road,off_road_fuel_use,off_road,stocks_and_demands,Energy Use by Transportation Mode (PJ)|Freight Air,Energy Use by Transportation Mode (PJ),Freight Air,2012,1.6335,PJ,C:\Users\rashi\ESM_databases\canoe-transportation\inputs\cache\nrcan_ceud_transport\2021_tran_on_e_7.xls
nrcan_ceud_transport_provincial,ON,7,Off-Road,off_road_fuel_use,off_road,stocks_and_demands,Energy Use by Transportation Mode (PJ)|Passenger Rail,Energy Use by Transportation Mode (PJ),Passenger Rail,2012,0.391463,PJ,C:\Users\rashi\ESM_databases\canoe-transportation\inputs\cache\nrcan_ceud_transport\2021_tran_on_e_7.xls
nrcan_ceud_transport_provincial,ON,7,Off-Road,off_road_fuel_use,off_road,stocks_and_demands,Energy Use by Transportation Mode (PJ)|Freight Rail,Energy Use by Transportation Mode (PJ),Freight Rail,2012,15.483537,PJ,C:\Users\rashi\ESM_databases\canoe-transportation\inputs\cache\nrcan_ceud_transport\2021_tran_on_e_7.xls
nrcan_ceud_transport_provincial,ON,7,Off-Road,off_road_fuel_use,off_road,stocks_and_demands,Energy Use by Transportation Mode (PJ)|Marine,Energy Use by Transportation Mode (PJ),Marine,2012,14.403,PJ,C:\Users\rashi\ESM_databases\canoe-transportation\inputs\cache\nrcan_ceud_transport\2021_tran_on_e_7.xls
nrcan_ceud_transport_provincial,ON,7,Off-Road,off_road_fuel_use,off_road,stocks_and_demands,Energy Use by Transportation Mode (PJ)|Off-Road1,Energy Use by Transportation Mode (PJ),Off-Road1,2012,40.59,PJ,C:\Users\rashi\ESM_databases\canoe-transportation\inputs\cache\nrcan_ceud_transport\2021_tran_on_e_7.xls
nrcan_ceud_transport_provincial,ON,7,Off-Road,off_road_fuel_use,off_road,stocks_and_demands,Total Energy Use (PJ),Total Energy Use (PJ),Total Energy Use (PJ),2013,892.252,PJ,C:\Users\rashi\ESM_databases\canoe-transportation\inputs\cache\nrcan_ceud_transport\2021_tran_on_e_7.xls
nrcan_ceud_transport_provincial,ON,7,Off-Road,off_road_fuel_use,off_road,stocks_and_demands,Total Energy Use (PJ)|Passenger Transportation,Total Energy Use (PJ),Passenger Transportation,2013,523.74352,PJ,C:\Users\rashi\ESM_databases\canoe-transportation\inputs\cache\nrcan_ceud_transport\2021_tran_on_e_7.xls
nrcan_ceud_transport_provincial,ON,7,Off-Road,off_road_fuel_use,off_road,stocks_and_demands,Total Energy Use (PJ)|Freight Transportation,Total Energy Use (PJ),Freight Transportation,2013,327.23848,PJ,C:\Users\rashi\ESM_databases\canoe-transportation\inputs\cache\nrcan_ceud_transport\2021_tran_on_e_7.xls
nrcan_ceud_transport_provincial,ON,7,Off-Road,off_road_fuel_use,off_road,stocks_and_demands,Total Energy Use (PJ)|Off-Road1,Total Energy Use (PJ),Off-Road1,2013,41.27,PJ,C:\Users\rashi\ESM_databases\canoe-transportation\inputs\cache\nrcan_ceud_transport\2021_tran_on_e_7.xls
nrcan_ceud_transport_provincial,ON,7,Off-Road,off_road_fuel_use,off_road,stocks_and_demands,Energy Use by Transportation Mode (PJ)|Cars,Energy Use by Transportation Mode (PJ),Cars,2013,236.210873,PJ,C:\Users\rashi\ESM_databases\canoe-transportation\inputs\cache\nrcan_ceud_transport\2021_tran_on_e_7.xls
nrcan_ceud_transport_provincial,ON,7,Off-Road,off_road_fuel_use,off_road,stocks_and_demands,Energy Use by Transportation Mode (PJ)|Passenger Light Trucks,Energy Use by Transportation Mode (PJ),Passenger Light Trucks,2013,194.621869,PJ,C:\Users\rashi\ESM_databases\canoe-transportation\inputs\cache\nrcan_ceud_transport\2021_tran_on_e_7.xls
nrcan_ceud_transport_provincial,ON,7,Off-Road,off_road_fuel_use,off_road,stocks_and_demands,Energy Use by Transportation Mode (PJ)|Freight Light Trucks,Energy Use by Transportation Mode (PJ),Freight Light Trucks,2013,66.093468,PJ,C:\Users\rashi\ESM_databases\canoe-transportation\inputs\cache\nrcan_ceud_transport\2021_tran_on_e_7.xls
nrcan_ceud_transport_provincial,ON,7,Off-Road,off_road_fuel_use,off_road,stocks_and_demands,Energy Use by Transportation Mode (PJ)|Medium Trucks,Energy Use by Transportation Mode (PJ),Medium Trucks,2013,63.577227,PJ,C:\Users\rashi\ESM_databases\canoe-transportation\inputs\cache\nrcan_ceud_transport\2021_tran_on_e_7.xls
nrcan_ceud_transport_provincial,ON,7,Off-Road,off_road_fuel_use,off_road,stocks_and_demands,Energy Use by Transportation Mode (PJ)|Heavy Trucks,Energy Use by Transportation Mode (PJ),Heavy Trucks,2013,161.523924,PJ,C:\Users\rashi\ESM_databases\canoe-transportation\inputs\cache\nrcan_ceud_transport\2021_tran_on_e_7.xls
nrcan_ceud_transport_provincial,ON,7,Off-Road,off_road_fuel_use,off_road,stocks_and_demands,Energy Use by Transportation Mode (PJ)|Motorcycles,Energy Use by Transportation Mode (PJ),Motorcycles,2013,2.137326,PJ,C:\Users\rashi\ESM_databases\canoe-transportation\inputs\cache\nrcan_ceud_transport\2021_tran_on_e_7.xls
nrcan_ceud_transport_provincial,ON,7,Off-Road,off_road_fuel_use,off_road,stocks_and_demands,Energy Use by Transportation Mode (PJ)|School Buses,Energy Use by Transportation Mode (PJ),School Buses,2013,4.554625,PJ,C:\Users\rashi\ESM_databases\canoe-transportation\inputs\cache\nrcan_ceud_transport\2021_tran_on_e_7.xls
nrcan_ceud_transport_provincial,ON,7,Off-Road,off_road_fuel_use,off_road,stocks_and_demands,Energy Use by Transportation Mode (PJ)|Urban Transit,Energy Use by Transportation Mode (PJ),Urban Transit,2013,14.081361,PJ,C:\Users\rashi\ESM_databases\canoe-transportation\inputs\cache\nrcan_ceud_transport\2021_tran_on_e_7.xls
nrcan_ceud_transport_provincial,ON,7,Off-Road,off_road_fuel_use,off_road,stocks_and_demands,Energy Use by Transportation Mode (PJ)|Inter-City Buses,Energy Use by Transportation Mode (PJ),Inter-City Buses,2013,2.081327,PJ,C:\Users\rashi\ESM_databases\canoe-transportation\inputs\cache\nrcan_ceud_transport\2021_tran_on_e_7.xls
nrcan_ceud_transport_provincial,ON,7,Off-Road,off_road_fuel_use,off_road,stocks_and_demands,Energy Use by Transportation Mode (PJ)|Passenger Air,Energy Use by Transportation Mode (PJ),Passenger Air,2013,69.676075,PJ,C:\Users\rashi\ESM_databases\canoe-transportation\inputs\cache\nrcan_ceud_transport\2021_tran_on_e_7.xls
nrcan_ceud_transport_provincial,ON,7,Off-Road,off_road_fuel_use,off_road,stocks_and_demands,Energy Use by Transportation Mode (PJ)|Freight Air,Energy Use by Transportation Mode (PJ),Freight Air,2013,1.713925,PJ,C:\Users\rashi\ESM_databases\canoe-transportation\inputs\cache\nrcan_ceud_transport\2021_tran_on_e_7.xls
nrcan_ceud_transport_provincial,ON,7,Off-Road,off_road_fuel_use,off_road,stocks_and_demands,Energy Use by Transportation Mode (PJ)|Passenger Rail,Energy Use by Transportation Mode (PJ),Passenger Rail,2013,0.380064,PJ,C:\Users\rashi\ESM_databases\canoe-transportation\inputs\cache\nrcan_ceud_transport\2021_tran_on_e_7.xls
nrcan_ceud_transport_provincial,ON,7,Off-Road,off_road_fuel_use,off_road,stocks_and_demands,Energy Use by Transportation Mode (PJ)|Freight Rail,Energy Use by Transportation Mode (PJ),Freight Rail,2013,16.439936,PJ,C:\Users\rashi\ESM_databases\canoe-transportation\inputs\cache\nrcan_ceud_transport\2021_tran_on_e_7.xls
nrcan_ceud_transport_provincial,ON,7,Off-Road,off_road_fuel_use,off_road,stocks_and_demands,Energy Use by Transportation Mode (PJ)|Marine,Energy Use by Transportation Mode (PJ),Marine,2013,17.89,PJ,C:\Users\rashi\ESM_databases\canoe-transportation\inputs\cache\nrcan_ceud_transport\2021_tran_on_e_7.xls
nrcan_ceud_transport_provincial,ON,7,Off-Road,off_road_fuel_use,off_road,stocks_and_demands,Energy Use by Transportation Mode (PJ)|Off-Road1,Energy Use by Transportation Mode (PJ),Off-Road1,2013,41.27,PJ,C:\Users\rashi\ESM_databases\canoe-transportation\inputs\cache\nrcan_ceud_transport\2021_tran_on_e_7.xls
nrcan_ceud_transport_provincial,ON,7,Off-Road,off_road_fuel_use,off_road,stocks_and_demands,Total Energy Use (PJ),Total Energy Use (PJ),Total Energy Use (PJ),2014,870.01,PJ,C:\Users\rashi\ESM_databases\canoe-transportation\inputs\cache\nrcan_ceud_transport\2021_tran_on_e_7.xls
nrcan_ceud_transport_provincial,ON,7,Off-Road,off_road_fuel_use,off_road,stocks_and_demands,Total Energy Use (PJ)|Passenger Transportation,Total Energy Use (PJ),Passenger Transportation,2014,508.400664,PJ,C:\Users\rashi\ESM_databases\canoe-transportation\inputs\cache\nrcan_ceud_transport\2021_tran_on_e_7.xls
nrcan_ceud_transport_provincial,ON,7,Off-Road,off_road_fuel_use,off_road,stocks_and_demands,Total Energy Use (PJ)|Freight Transportation,Total Energy Use (PJ),Freight Transportation,2014,319.499336,PJ,C:\Users\rashi\ESM_databases\canoe-transportation\inputs\cache\nrcan_ceud_transport\2021_tran_on_e_7.xls
nrcan_ceud_transport_provincial,ON,7,Off-Road,off_road_fuel_use,off_road,stocks_and_demands,Total Energy Use (PJ)|Off-Road1,Total Energy Use (PJ),Off-Road1,2014,42.11,PJ,C:\Users\rashi\ESM_databases\canoe-transportation\inputs\cache\nrcan_ceud_transport\2021_tran_on_e_7.xls
nrcan_ceud_transport_provincial,ON,7,Off-Road,off_road_fuel_use,off_road,stocks_and_demands,Energy Use by Transportation Mode (PJ)|Cars,Energy Use by Transportation Mode (PJ),Cars,2014,224.883642,PJ,C:\Users\rashi\ESM_databases\canoe-transportation\inputs\cache\nrcan_ceud_transport\2021_tran_on_e_7.xls
nrcan_ceud_transport_provincial,ON,7,Off-Road,off_road_fuel_use,off_road,stocks_and_demands,Energy Use by Transportation Mode (PJ)|Passenger Light Trucks,Energy Use by Transportation Mode (PJ),Passenger Light Trucks,2014,193.260778,PJ,C:\Users\rashi\ESM_databases\canoe-transportation\inputs\cache\nrcan_ceud_transport\2021_tran_on_e_7.xls
nrcan_ceud_transport_provincial,ON,7,Off-Road,off_road_fuel_use,off_road,stocks_and_demands,Energy Use by Transportation Mode (PJ)|Freight Light Trucks,Energy Use by Transportation Mode (PJ),Freight Light Trucks,2014,65.468821,PJ,C:\Users\rashi\ESM_databases\canoe-transportation\inputs\cache\nrcan_ceud_transport\2021_tran_on_e_7.xls
nrcan_ceud_transport_provincial,ON,7,Off-Road,off_road_fuel_use,off_road,stocks_and_demands,Energy Use by Transportation Mode (PJ)|Medium Trucks,Energy Use by Transportation Mode (PJ),Medium Trucks,2014,62.355649,PJ,C:\Users\rashi\ESM_databases\canoe-transportation\inputs\cache\nrcan_ceud_transport\2021_tran_on_e_7.xls
nrcan_ceud_transport_provincial,ON,7,Off-Road,off_road_fuel_use,off_road,stocks_and_demands,Energy Use by Transportation Mode (PJ)|Heavy Trucks,Energy Use by Transportation Mode (PJ),Heavy Trucks,2014,154.837057,PJ,C:\Users\rashi\ESM_databases\canoe-transportation\inputs\cache\nrcan_ceud_transport\2021_tran_on_e_7.xls
nrcan_ceud_transport_provincial,ON,7,Off-Road,off_road_fuel_use,off_road,stocks_and_demands,Energy Use by Transportation Mode (PJ)|Motorcycles,Energy Use by Transportation Mode (PJ),Motorcycles,2014,2.045936,PJ,C:\Users\rashi\ESM_databases\canoe-transportation\inputs\cache\nrcan_ceud_transport\2021_tran_on_e_7.xls
nrcan_ceud_transport_provincial,ON,7,Off-Road,off_road_fuel_use,off_road,stocks_and_demands,Energy Use by Transportation Mode (PJ)|School Buses,Energy Use by Transportation Mode (PJ),School Buses,2014,4.215315,PJ,C:\Users\rashi\ESM_databases\canoe-transportation\inputs\cache\nrcan_ceud_transport\2021_tran_on_e_7.xls
nrcan_ceud_transport_provincial,ON,7,Off-Road,off_road_fuel_use,off_road,stocks_and_demands,Energy Use by Transportation Mode (PJ)|Urban Transit,Energy Use by Transportation Mode (PJ),Urban Transit,2014,13.017598,PJ,C:\Users\rashi\ESM_databases\canoe-transportation\inputs\cache\nrcan_ceud_transport\2021_tran_on_e_7.xls
nrcan_ceud_transport_provincial,ON,7,Off-Road,off_road_fuel_use,off_road,stocks_and_demands,Energy Use by Transportation Mode (PJ)|Inter-City Buses,Energy Use by Transportation Mode (PJ),Inter-City Buses,2014,2.079203,PJ,C:\Users\rashi\ESM_databases\canoe-transportation\inputs\cache\nrcan_ceud_transport\2021_tran_on_e_7.xls
nrcan_ceud_transport_provincial,ON,7,Off-Road,off_road_fuel_use,off_road,stocks_and_demands,Energy Use by Transportation Mode (PJ)|Passenger Air,Energy Use by Transportation Mode (PJ),Passenger Air,2014,68.522125,PJ,C:\Users\rashi\ESM_databases\canoe-transportation\inputs\cache\nrcan_ceud_transport\2021_tran_on_e_7.xls
nrcan_ceud_transport_provincial,ON,7,Off-Road,off_road_fuel_use,off_road,stocks_and_demands,Energy Use by Transportation Mode (PJ)|Freight Air,Energy Use by Transportation Mode (PJ),Freight Air,2014,1.681875,PJ,C:\Users\rashi\ESM_databases\canoe-transportation\inputs\cache\nrcan_ceud_transport\2021_tran_on_e_7.xls
nrcan_ceud_transport_provincial,ON,7,Off-Road,off_road_fuel_use,off_road,stocks_and_demands,Energy Use by Transportation Mode (PJ)|Passenger Rail,Energy Use by Transportation Mode (PJ),Passenger Rail,2014,0.376067,PJ,C:\Users\rashi\ESM_databases\canoe-transportation\inputs\cache\nrcan_ceud_transport\2021_tran_on_e_7.xls
nrcan_ceud_transport_provincial,ON,7,Off-Road,off_road_fuel_use,off_road,stocks_and_demands,Energy Use by Transportation Mode (PJ)|Freight Rail,Energy Use by Transportation Mode (PJ),Freight Rail,2014,17.670933,PJ,C:\Users\rashi\ESM_databases\canoe-transportation\inputs\cache\nrcan_ceud_transport\2021_tran_on_e_7.xls
nrcan_ceud_transport_provincial,ON,7,Off-Road,off_road_fuel_use,off_road,stocks_and_demands,Energy Use by Transportation Mode (PJ)|Marine,Energy Use by Transportation Mode (PJ),Marine,2014,17.485,PJ,C:\Users\rashi\ESM_databases\canoe-transportation\inputs\cache\nrcan_ceud_transport\2021_tran_on_e_7.xls
nrcan_ceud_transport_provincial,ON,7,Off-Road,off_road_fuel_use,off_road,stocks_and_demands,Energy Use by Transportation Mode (PJ)|Off-Road1,Energy Use by Transportation Mode (PJ),Off-Road1,2014,42.11,PJ,C:\Users\rashi\ESM_databases\canoe-transportation\inputs\cache\nrcan_ceud_transport\2021_tran_on_e_7.xls
nrcan_ceud_transport_provincial,ON,7,Off-Road,off_road_fuel_use,off_road,stocks_and_demands,Total Energy Use (PJ),Total Energy Use (PJ),Total Energy Use (PJ),2015,873.792,PJ,C:\Users\rashi\ESM_databases\canoe-transportation\inputs\cache\nrcan_ceud_transport\2021_tran_on_e_7.xls
nrcan_ceud_transport_provincial,ON,7,Off-Road,off_road_fuel_use,off_road,stocks_and_demands,Total Energy Use (PJ)|Passenger Transportation,Total Energy Use (PJ),Passenger Transportation,2015,518.939343,PJ,C:\Users\rashi\ESM_databases\canoe-transportation\inputs\cache\nrcan_ceud_transport\2021_tran_on_e_7.xls
nrcan_ceud_transport_provincial,ON,7,Off-Road,off_road_fuel_use,off_road,stocks_and_demands,Total Energy Use (PJ)|Freight Transportation,Total Energy Use (PJ),Freight Transportation,2015,311.952657,PJ,C:\Users\rashi\ESM_databases\canoe-transportation\inputs\cache\nrcan_ceud_transport\2021_tran_on_e_7.xls
nrcan_ceud_transport_provincial,ON,7,Off-Road,off_road_fuel_use,off_road,stocks_and_demands,Total Energy Use (PJ)|Off-Road1,Total Energy Use (PJ),Off-Road1,2015,42.9,PJ,C:\Users\rashi\ESM_databases\canoe-transportation\inputs\cache\nrcan_ceud_transport\2021_tran_on_e_7.xls
nrcan_ceud_transport_provincial,ON,7,Off-Road,off_road_fuel_use,off_road,stocks_and_demands,Energy Use by Transportation Mode (PJ)|Cars,Energy Use by Transportation Mode (PJ),Cars,2015,222.884734,PJ,C:\Users\rashi\ESM_databases\canoe-transportation\inputs\cache\nrcan_ceud_transport\2021_tran_on_e_7.xls
nrcan_ceud_transport_provincial,ON,7,Off-Road,off_road_fuel_use,off_road,stocks_and_demands,Energy Use by Transportation Mode (PJ)|Passenger Light Trucks,Energy Use by Transportation Mode (PJ),Passenger Light Trucks,2015,201.093813,PJ,C:\Users\rashi\ESM_databases\canoe-transportation\inputs\cache\nrcan_ceud_transport\2021_tran_on_e_7.xls
nrcan_ceud_transport_provincial,ON,7,Off-Road,off_road_fuel_use,off_road,stocks_and_demands,Energy Use by Transportation Mode (PJ)|Freight Light Trucks,Energy Use by Transportation Mode (PJ),Freight Light Trucks,2015,68.001588,PJ,C:\Users\rashi\ESM_databases\canoe-transportation\inputs\cache\nrcan_ceud_transport\2021_tran_on_e_7.xls
nrcan_ceud_transport_provincial,ON,7,Off-Road,off_road_fuel_use,off_road,stocks_and_demands,Energy Use by Transportation Mode (PJ)|Medium Trucks,Energy Use by Transportation Mode (PJ),Medium Trucks,2015,60.312856,PJ,C:\Users\rashi\ESM_databases\canoe-transportation\inputs\cache\nrcan_ceud_transport\2021_tran_on_e_7.xls
nrcan_ceud_transport_provincial,ON,7,Off-Road,off_road_fuel_use,off_road,stocks_and_demands,Energy Use by Transportation Mode (PJ)|Heavy Trucks,Energy Use by Transportation Mode (PJ),Heavy Trucks,2015,147.529496,PJ,C:\Users\rashi\ESM_databases\canoe-transportation\inputs\cache\nrcan_ceud_transport\2021_tran_on_e_7.xls
nrcan_ceud_transport_provincial,ON,7,Off-Road,off_road_fuel_use,off_road,stocks_and_demands,Energy Use by Transportation Mode (PJ)|Motorcycles,Energy Use by Transportation Mode (PJ),Motorcycles,2015,2.04967,PJ,C:\Users\rashi\ESM_databases\canoe-transportation\inputs\cache\nrcan_ceud_transport\2021_tran_on_e_7.xls
nrcan_ceud_transport_provincial,ON,7,Off-Road,off_road_fuel_use,off_road,stocks_and_demands,Energy Use by Transportation Mode (PJ)|School Buses,Energy Use by Transportation Mode (PJ),School Buses,2015,4.006012,PJ,C:\Users\rashi\ESM_databases\canoe-transportation\inputs\cache\nrcan_ceud_transport\2021_tran_on_e_7.xls
nrcan_ceud_transport_provincial,ON,7,Off-Road,off_road_fuel_use,off_road,stocks_and_demands,Energy Use by Transportation Mode (PJ)|Urban Transit,Energy Use by Transportation Mode (PJ),Urban Transit,2015,13.027348,PJ,C:\Users\rashi\ESM_databases\canoe-transportation\inputs\cache\nrcan_ceud_transport\2021_tran_on_e_7.xls
nrcan_ceud_transport_provincial,ON,7,Off-Road,off_road_fuel_use,off_road,stocks_and_demands,Energy Use by Transportation Mode (PJ)|Inter-City Buses,Energy Use by Transportation Mode (PJ),Inter-City Buses,2015,1.762483,PJ,C:\Users\rashi\ESM_databases\canoe-transportation\inputs\cache\nrcan_ceud_transport\2021_tran_on_e_7.xls
nrcan_ceud_transport_provincial,ON,7,Off-Road,off_road_fuel_use,off_road,stocks_and_demands,Energy Use by Transportation Mode (PJ)|Passenger Air,Energy Use by Transportation Mode (PJ),Passenger Air,2015,73.712078,PJ,C:\Users\rashi\ESM_databases\canoe-transportation\inputs\cache\nrcan_ceud_transport\2021_tran_on_e_7.xls
nrcan_ceud_transport_provincial,ON,7,Off-Road,off_road_fuel_use,off_road,stocks_and_demands,Energy Use by Transportation Mode (PJ)|Freight Air,Energy Use by Transportation Mode (PJ),Freight Air,2015,1.582922,PJ,C:\Users\rashi\ESM_databases\canoe-transportation\inputs\cache\nrcan_ceud_transport\2021_tran_on_e_7.xls
nrcan_ceud_transport_provincial,ON,7,Off-Road,off_road_fuel_use,off_road,stocks_and_demands,Energy Use by Transportation Mode (PJ)|Passenger Rail,Energy Use by Transportation Mode (PJ),Passenger Rail,2015,0.403205,PJ,C:\Users\rashi\ESM_databases\canoe-transportation\inputs\cache\nrcan_ceud_transport\2021_tran_on_e_7.xls
nrcan_ceud_transport_provincial,ON,7,Off-Road,off_road_fuel_use,off_road,stocks_and_demands,Energy Use by Transportation Mode (PJ)|Freight Rail,Energy Use by Transportation Mode (PJ),Freight Rail,2015,17.877795,PJ,C:\Users\rashi\ESM_databases\canoe-transportation\inputs\cache\nrcan_ceud_transport\2021_tran_on_e_7.xls
nrcan_ceud_transport_provincial,ON,7,Off-Road,off_road_fuel_use,off_road,stocks_and_demands,Energy Use by Transportation Mode (PJ)|Marine,Energy Use by Transportation Mode (PJ),Marine,2015,16.648,PJ,C:\Users\rashi\ESM_databases\canoe-transportation\inputs\cache\nrcan_ceud_transport\2021_tran_on_e_7.xls
nrcan_ceud_transport_provincial,ON,7,Off-Road,off_road_fuel_use,off_road,stocks_and_demands,Energy Use by Transportation Mode (PJ)|Off-Road1,Energy Use by Transportation Mode (PJ),Off-Road1,2015,42.9,PJ,C:\Users\rashi\ESM_databases\canoe-transportation\inputs\cache\nrcan_ceud_transport\2021_tran_on_e_7.xls
nrcan_ceud_transport_provincial,ON,7,Off-Road,off_road_fuel_use,off_road,stocks_and_demands,Total Energy Use (PJ),Total Energy Use (PJ),Total Energy Use (PJ),2016,873.606,PJ,C:\Users\rashi\ESM_databases\canoe-transportation\inputs\cache\nrcan_ceud_transport\2021_tran_on_e_7.xls
nrcan_ceud_transport_provincial,ON,7,Off-Road,off_road_fuel_use,off_road,stocks_and_demands,Total Energy Use (PJ)|Passenger Transportation,Total Energy Use (PJ),Passenger Transportation,2016,528.427285,PJ,C:\Users\rashi\ESM_databases\canoe-transportation\inputs\cache\nrcan_ceud_transport\2021_tran_on_e_7.xls
nrcan_ceud_transport_provincial,ON,7,Off-Road,off_road_fuel_use,off_road,stocks_and_demands,Total Energy Use (PJ)|Freight Transportation,Total Energy Use (PJ),Freight Transportation,2016,301.458715,PJ,C:\Users\rashi\ESM_databases\canoe-transportation\inputs\cache\nrcan_ceud_transport\2021_tran_on_e_7.xls
nrcan_ceud_transport_provincial,ON,7,Off-Road,off_road_fuel_use,off_road,stocks_and_demands,Total Energy Use (PJ)|Off-Road1,Total Energy Use (PJ),Off-Road1,2016,43.72,PJ,C:\Users\rashi\ESM_databases\canoe-transportation\inputs\cache\nrcan_ceud_transport\2021_tran_on_e_7.xls
nrcan_ceud_transport_provincial,ON,7,Off-Road,off_road_fuel_use,off_road,stocks_and_demands,Energy Use by Transportation Mode (PJ)|Cars,Energy Use by Transportation Mode (PJ),Cars,2016,218.569288,PJ,C:\Users\rashi\ESM_databases\canoe-transportation\inputs\cache\nrcan_ceud_transport\2021_tran_on_e_7.xls
nrcan_ceud_transport_provincial,ON,7,Off-Road,off_road_fuel_use,off_road,stocks_and_demands,Energy Use by Transportation Mode (PJ)|Passenger Light Trucks,Energy Use by Transportation Mode (PJ),Passenger Light Trucks,2016,212.810017,PJ,C:\Users\rashi\ESM_databases\canoe-transportation\inputs\cache\nrcan_ceud_transport\2021_tran_on_e_7.xls
nrcan_ceud_transport_provincial,ON,7,Off-Road,off_road_fuel_use,off_road,stocks_and_demands,Energy Use by Transportation Mode (PJ)|Freight Light Trucks,Energy Use by Transportation Mode (PJ),Freight Light Trucks,2016,72.549881,PJ,C:\Users\rashi\ESM_databases\canoe-transportation\inputs\cache\nrcan_ceud_transport\2021_tran_on_e_7.xls
nrcan_ceud_transport_provincial,ON,7,Off-Road,off_road_fuel_use,off_road,stocks_and_demands,Energy Use by Transportation Mode (PJ)|Medium Trucks,Energy Use by Transportation Mode (PJ),Medium Trucks,2016,58.567443,PJ,C:\Users\rashi\ESM_databases\canoe-transportation\inputs\cache\nrcan_ceud_transport\2021_tran_on_e_7.xls
nrcan_ceud_transport_provincial,ON,7,Off-Road,off_road_fuel_use,off_road,stocks_and_demands,Energy Use by Transportation Mode (PJ)|Heavy Trucks,Energy Use by Transportation Mode (PJ),Heavy Trucks,2016,135.543869,PJ,C:\Users\rashi\ESM_databases\canoe-transportation\inputs\cache\nrcan_ceud_transport\2021_tran_on_e_7.xls
nrcan_ceud_transport_provincial,ON,7,Off-Road,off_road_fuel_use,off_road,stocks_and_demands,Energy Use by Transportation Mode (PJ)|Motorcycles,Energy Use by Transportation Mode (PJ),Motorcycles,2016,2.032079,PJ,C:\Users\rashi\ESM_databases\canoe-transportation\inputs\cache\nrcan_ceud_transport\2021_tran_on_e_7.xls
nrcan_ceud_transport_provincial,ON,7,Off-Road,off_road_fuel_use,off_road,stocks_and_demands,Energy Use by Transportation Mode (PJ)|School Buses,Energy Use by Transportation Mode (PJ),School Buses,2016,4.163117,PJ,C:\Users\rashi\ESM_databases\canoe-transportation\inputs\cache\nrcan_ceud_transport\2021_tran_on_e_7.xls
nrcan_ceud_transport_provincial,ON,7,Off-Road,off_road_fuel_use,off_road,stocks_and_demands,Energy Use by Transportation Mode (PJ)|Urban Transit,Energy Use by Transportation Mode (PJ),Urban Transit,2016,11.052968,PJ,C:\Users\rashi\ESM_databases\canoe-transportation\inputs\cache\nrcan_ceud_transport\2021_tran_on_e_7.xls
nrcan_ceud_transport_provincial,ON,7,Off-Road,off_road_fuel_use,off_road,stocks_and_demands,Energy Use by Transportation Mode (PJ)|Inter-City Buses,Energy Use by Transportation Mode (PJ),Inter-City Buses,2016,1.438337,PJ,C:\Users\rashi\ESM_databases\canoe-transportation\inputs\cache\nrcan_ceud_transport\2021_tran_on_e_7.xls
nrcan_ceud_transport_provincial,ON,7,Off-Road,off_road_fuel_use,off_road,stocks_and_demands,Energy Use by Transportation Mode (PJ)|Passenger Air,Energy Use by Transportation Mode (PJ),Passenger Air,2016,77.911834,PJ,C:\Users\rashi\ESM_databases\canoe-transportation\inputs\cache\nrcan_ceud_transport\2021_tran_on_e_7.xls
nrcan_ceud_transport_provincial,ON,7,Off-Road,off_road_fuel_use,off_road,stocks_and_demands,Energy Use by Transportation Mode (PJ)|Freight Air,Energy Use by Transportation Mode (PJ),Freight Air,2016,1.758166,PJ,C:\Users\rashi\ESM_databases\canoe-transportation\inputs\cache\nrcan_ceud_transport\2021_tran_on_e_7.xls
nrcan_ceud_transport_provincial,ON,7,Off-Road,off_road_fuel_use,off_road,stocks_and_demands,Energy Use by Transportation Mode (PJ)|Passenger Rail,Energy Use by Transportation Mode (PJ),Passenger Rail,2016,0.449645,PJ,C:\Users\rashi\ESM_databases\canoe-transportation\inputs\cache\nrcan_ceud_transport\2021_tran_on_e_7.xls
nrcan_ceud_transport_provincial,ON,7,Off-Road,off_road_fuel_use,off_road,stocks_and_demands,Energy Use by Transportation Mode (PJ)|Freight Rail,Energy Use by Transportation Mode (PJ),Freight Rail,2016,18.084355,PJ,C:\Users\rashi\ESM_databases\canoe-transportation\inputs\cache\nrcan_ceud_transport\2021_tran_on_e_7.xls
nrcan_ceud_transport_provincial,ON,7,Off-Road,off_road_fuel_use,off_road,stocks_and_demands,Energy Use by Transportation Mode (PJ)|Marine,Energy Use by Transportation Mode (PJ),Marine,2016,14.955,PJ,C:\Users\rashi\ESM_databases\canoe-transportation\inputs\cache\nrcan_ceud_transport\2021_tran_on_e_7.xls
nrcan_ceud_transport_provincial,ON,7,Off-Road,off_road_fuel_use,off_road,stocks_and_demands,Energy Use by Transportation Mode (PJ)|Off-Road1,Energy Use by Transportation Mode (PJ),Off-Road1,2016,43.72,PJ,C:\Users\rashi\ESM_databases\canoe-transportation\inputs\cache\nrcan_ceud_transport\2021_tran_on_e_7.xls
nrcan_ceud_transport_provincial,ON,7,Off-Road,off_road_fuel_use,off_road,stocks_and_demands,Total Energy Use (PJ),Total Energy Use (PJ),Total Energy Use (PJ),2017,895.665,PJ,C:\Users\rashi\ESM_databases\canoe-transportation\inputs\cache\nrcan_ceud_transport\2021_tran_on_e_7.xls
nrcan_ceud_transport_provincial,ON,7,Off-Road,off_road_fuel_use,off_road,stocks_and_demands,Total Energy Use (PJ)|Passenger Transportation,Total Energy Use (PJ),Passenger Transportation,2017,537.712234,PJ,C:\Users\rashi\ESM_databases\canoe-transportation\inputs\cache\nrcan_ceud_transport\2021_tran_on_e_7.xls
nrcan_ceud_transport_provincial,ON,7,Off-Road,off_road_fuel_use,off_road,stocks_and_demands,Total Energy Use (PJ)|Freight Transportation,Total Energy Use (PJ),Freight Transportation,2017,313.332766,PJ,C:\Users\rashi\ESM_databases\canoe-transportation\inputs\cache\nrcan_ceud_transport\2021_tran_on_e_7.xls
nrcan_ceud_transport_provincial,ON,7,Off-Road,off_road_fuel_use,off_road,stocks_and_demands,Total Energy Use (PJ)|Off-Road1,Total Energy Use (PJ),Off-Road1,2017,44.62,PJ,C:\Users\rashi\ESM_databases\canoe-transportation\inputs\cache\nrcan_ceud_transport\2021_tran_on_e_7.xls
nrcan_ceud_transport_provincial,ON,7,Off-Road,off_road_fuel_use,off_road,stocks_and_demands,Energy Use by Transportation Mode (PJ)|Cars,Energy Use by Transportation Mode (PJ),Cars,2017,209.396582,PJ,C:\Users\rashi\ESM_databases\canoe-transportation\inputs\cache\nrcan_ceud_transport\2021_tran_on_e_7.xls
nrcan_ceud_transport_provincial,ON,7,Off-Road,off_road_fuel_use,off_road,stocks_and_demands,Energy Use by Transportation Mode (PJ)|Passenger Light Trucks,Energy Use by Transportation Mode (PJ),Passenger Light Trucks,2017,217.822236,PJ,C:\Users\rashi\ESM_databases\canoe-transportation\inputs\cache\nrcan_ceud_transport\2021_tran_on_e_7.xls
nrcan_ceud_transport_provincial,ON,7,Off-Road,off_road_fuel_use,off_road,stocks_and_demands,Energy Use by Transportation Mode (PJ)|Freight Light Trucks,Energy Use by Transportation Mode (PJ),Freight Light Trucks,2017,74.104777,PJ,C:\Users\rashi\ESM_databases\canoe-transportation\inputs\cache\nrcan_ceud_transport\2021_tran_on_e_7.xls
nrcan_ceud_transport_provincial,ON,7,Off-Road,off_road_fuel_use,off_road,stocks_and_demands,Energy Use by Transportation Mode (PJ)|Medium Trucks,Energy Use by Transportation Mode (PJ),Medium Trucks,2017,59.695085,PJ,C:\Users\rashi\ESM_databases\canoe-transportation\inputs\cache\nrcan_ceud_transport\2021_tran_on_e_7.xls
nrcan_ceud_transport_provincial,ON,7,Off-Road,off_road_fuel_use,off_road,stocks_and_demands,Energy Use by Transportation Mode (PJ)|Heavy Trucks,Energy Use by Transportation Mode (PJ),Heavy Trucks,2017,143.68582,PJ,C:\Users\rashi\ESM_databases\canoe-transportation\inputs\cache\nrcan_ceud_transport\2021_tran_on_e_7.xls
nrcan_ceud_transport_provincial,ON,7,Off-Road,off_road_fuel_use,off_road,stocks_and_demands,Energy Use by Transportation Mode (PJ)|Motorcycles,Energy Use by Transportation Mode (PJ),Motorcycles,2017,1.928129,PJ,C:\Users\rashi\ESM_databases\canoe-transportation\inputs\cache\nrcan_ceud_transport\2021_tran_on_e_7.xls
nrcan_ceud_transport_provincial,ON,7,Off-Road,off_road_fuel_use,off_road,stocks_and_demands,Energy Use by Transportation Mode (PJ)|School Buses,Energy Use by Transportation Mode (PJ),School Buses,2017,2.363051,PJ,C:\Users\rashi\ESM_databases\canoe-transportation\inputs\cache\nrcan_ceud_transport\2021_tran_on_e_7.xls
nrcan_ceud_transport_provincial,ON,7,Off-Road,off_road_fuel_use,off_road,stocks_and_demands,Energy Use by Transportation Mode (PJ)|Urban Transit,Energy Use by Transportation Mode (PJ),Urban Transit,2017,12.107069,PJ,C:\Users\rashi\ESM_databases\canoe-transportation\inputs\cache\nrcan_ceud_transport\2021_tran_on_e_7.xls
nrcan_ceud_transport_provincial,ON,7,Off-Road,off_road_fuel_use,off_road,stocks_and_demands,Energy Use by Transportation Mode (PJ)|Inter-City Buses,Energy Use by Transportation Mode (PJ),Inter-City Buses,2017,0.976251,PJ,C:\Users\rashi\ESM_databases\canoe-transportation\inputs\cache\nrcan_ceud_transport\2021_tran_on_e_7.xls
nrcan_ceud_transport_provincial,ON,7,Off-Road,off_road_fuel_use,off_road,stocks_and_demands,Energy Use by Transportation Mode (PJ)|Passenger Air,Energy Use by Transportation Mode (PJ),Passenger Air,2017,92.67655,PJ,C:\Users\rashi\ESM_databases\canoe-transportation\inputs\cache\nrcan_ceud_transport\2021_tran_on_e_7.xls
nrcan_ceud_transport_provincial,ON,7,Off-Road,off_road_fuel_use,off_road,stocks_and_demands,Energy Use by Transportation Mode (PJ)|Freight Air,Energy Use by Transportation Mode (PJ),Freight Air,2017,2.29745,PJ,C:\Users\rashi\ESM_databases\canoe-transportation\inputs\cache\nrcan_ceud_transport\2021_tran_on_e_7.xls
nrcan_ceud_transport_provincial,ON,7,Off-Road,off_road_fuel_use,off_road,stocks_and_demands,Energy Use by Transportation Mode (PJ)|Passenger Rail,Energy Use by Transportation Mode (PJ),Passenger Rail,2017,0.442365,PJ,C:\Users\rashi\ESM_databases\canoe-transportation\inputs\cache\nrcan_ceud_transport\2021_tran_on_e_7.xls
nrcan_ceud_transport_provincial,ON,7,Off-Road,off_road_fuel_use,off_road,stocks_and_demands,Energy Use by Transportation Mode (PJ)|Freight Rail,Energy Use by Transportation Mode (PJ),Freight Rail,2017,18.012635,PJ,C:\Users\rashi\ESM_databases\canoe-transportation\inputs\cache\nrcan_ceud_transport\2021_tran_on_e_7.xls
nrcan_ceud_transport_provincial,ON,7,Off-Road,off_road_fuel_use,off_road,stocks_and_demands,Energy Use by Transportation Mode (PJ)|Marine,Energy Use by Transportation Mode (PJ),Marine,2017,15.537,PJ,C:\Users\rashi\ESM_databases\canoe-transportation\inputs\cache\nrcan_ceud_transport\2021_tran_on_e_7.xls
nrcan_ceud_transport_provincial,ON,7,Off-Road,off_road_fuel_use,off_road,stocks_and_demands,Energy Use by Transportation Mode (PJ)|Off-Road1,Energy Use by Transportation Mode (PJ),Off-Road1,2017,44.62,PJ,C:\Users\rashi\ESM_databases\canoe-transportation\inputs\cache\nrcan_ceud_transport\2021_tran_on_e_7.xls
nrcan_ceud_transport_provincial,ON,7,Off-Road,off_road_fuel_use,off_road,stocks_and_demands,Total Energy Use (PJ),Total Energy Use (PJ),Total Energy Use (PJ),2018,932.079,PJ,C:\Users\rashi\ESM_databases\canoe-transportation\inputs\cache\nrcan_ceud_transport\2021_tran_on_e_7.xls
nrcan_ceud_transport_provincial,ON,7,Off-Road,off_road_fuel_use,off_road,stocks_and_demands,Total Energy Use (PJ)|Passenger Transportation,Total Energy Use (PJ),Passenger Transportation,2018,554.860849,PJ,C:\Users\rashi\ESM_databases\canoe-transportation\inputs\cache\nrcan_ceud_transport\2021_tran_on_e_7.xls
nrcan_ceud_transport_provincial,ON,7,Off-Road,off_road_fuel_use,off_road,stocks_and_demands,Total Energy Use (PJ)|Freight Transportation,Total Energy Use (PJ),Freight Transportation,2018,331.708151,PJ,C:\Users\rashi\ESM_databases\canoe-transportation\inputs\cache\nrcan_ceud_transport\2021_tran_on_e_7.xls
nrcan_ceud_transport_provincial,ON,7,Off-Road,off_road_fuel_use,off_road,stocks_and_demands,Total Energy Use (PJ)|Off-Road1,Total Energy Use (PJ),Off-Road1,2018,45.51,PJ,C:\Users\rashi\ESM_databases\canoe-transportation\inputs\cache\nrcan_ceud_transport\2021_tran_on_e_7.xls
nrcan_ceud_transport_provincial,ON,7,Off-Road,off_road_fuel_use,off_road,stocks_and_demands,Energy Use by Transportation Mode (PJ)|Cars,Energy Use by Transportation Mode (PJ),Cars,2018,206.100438,PJ,C:\Users\rashi\ESM_databases\canoe-transportation\inputs\cache\nrcan_ceud_transport\2021_tran_on_e_7.xls
nrcan_ceud_transport_provincial,ON,7,Off-Road,off_road_fuel_use,off_road,stocks_and_demands,Energy Use by Transportation Mode (PJ)|Passenger Light Trucks,Energy Use by Transportation Mode (PJ),Passenger Light Trucks,2018,230.497243,PJ,C:\Users\rashi\ESM_databases\canoe-transportation\inputs\cache\nrcan_ceud_transport\2021_tran_on_e_7.xls
nrcan_ceud_transport_provincial,ON,7,Off-Road,off_road_fuel_use,off_road,stocks_and_demands,Energy Use by Transportation Mode (PJ)|Freight Light Trucks,Energy Use by Transportation Mode (PJ),Freight Light Trucks,2018,77.34472,PJ,C:\Users\rashi\ESM_databases\canoe-transportation\inputs\cache\nrcan_ceud_transport\2021_tran_on_e_7.xls
nrcan_ceud_transport_provincial,ON,7,Off-Road,off_road_fuel_use,off_road,stocks_and_demands,Energy Use by Transportation Mode (PJ)|Medium Trucks,Energy Use by Transportation Mode (PJ),Medium Trucks,2018,63.648761,PJ,C:\Users\rashi\ESM_databases\canoe-transportation\inputs\cache\nrcan_ceud_transport\2021_tran_on_e_7.xls
nrcan_ceud_transport_provincial,ON,7,Off-Road,off_road_fuel_use,off_road,stocks_and_demands,Energy Use by Transportation Mode (PJ)|Heavy Trucks,Energy Use by Transportation Mode (PJ),Heavy Trucks,2018,153.701394,PJ,C:\Users\rashi\ESM_databases\canoe-transportation\inputs\cache\nrcan_ceud_transport\2021_tran_on_e_7.xls
nrcan_ceud_transport_provincial,ON,7,Off-Road,off_road_fuel_use,off_road,stocks_and_demands,Energy Use by Transportation Mode (PJ)|Motorcycles,Energy Use by Transportation Mode (PJ),Motorcycles,2018,1.885747,PJ,C:\Users\rashi\ESM_databases\canoe-transportation\inputs\cache\nrcan_ceud_transport\2021_tran_on_e_7.xls
nrcan_ceud_transport_provincial,ON,7,Off-Road,off_road_fuel_use,off_road,stocks_and_demands,Energy Use by Transportation Mode (PJ)|School Buses,Energy Use by Transportation Mode (PJ),School Buses,2018,3.41708,PJ,C:\Users\rashi\ESM_databases\canoe-transportation\inputs\cache\nrcan_ceud_transport\2021_tran_on_e_7.xls
nrcan_ceud_transport_provincial,ON,7,Off-Road,off_road_fuel_use,off_road,stocks_and_demands,Energy Use by Transportation Mode (PJ)|Urban Transit,Energy Use by Transportation Mode (PJ),Urban Transit,2018,12.689468,PJ,C:\Users\rashi\ESM_databases\canoe-transportation\inputs\cache\nrcan_ceud_transport\2021_tran_on_e_7.xls
nrcan_ceud_transport_provincial,ON,7,Off-Road,off_road_fuel_use,off_road,stocks_and_demands,Energy Use by Transportation Mode (PJ)|Inter-City Buses,Energy Use by Transportation Mode (PJ),Inter-City Buses,2018,0.83515,PJ,C:\Users\rashi\ESM_databases\canoe-transportation\inputs\cache\nrcan_ceud_transport\2021_tran_on_e_7.xls
nrcan_ceud_transport_provincial,ON,7,Off-Road,off_road_fuel_use,off_road,stocks_and_demands,Energy Use by Transportation Mode (PJ)|Passenger Air,Energy Use by Transportation Mode (PJ),Passenger Air,2018,98.9859,PJ,C:\Users\rashi\ESM_databases\canoe-transportation\inputs\cache\nrcan_ceud_transport\2021_tran_on_e_7.xls
nrcan_ceud_transport_provincial,ON,7,Off-Road,off_road_fuel_use,off_road,stocks_and_demands,Energy Use by Transportation Mode (PJ)|Freight Air,Energy Use by Transportation Mode (PJ),Freight Air,2018,2.4801,PJ,C:\Users\rashi\ESM_databases\canoe-transportation\inputs\cache\nrcan_ceud_transport\2021_tran_on_e_7.xls
nrcan_ceud_transport_provincial,ON,7,Off-Road,off_road_fuel_use,off_road,stocks_and_demands,Energy Use by Transportation Mode (PJ)|Passenger Rail,Energy Use by Transportation Mode (PJ),Passenger Rail,2018,0.449824,PJ,C:\Users\rashi\ESM_databases\canoe-transportation\inputs\cache\nrcan_ceud_transport\2021_tran_on_e_7.xls
nrcan_ceud_transport_provincial,ON,7,Off-Road,off_road_fuel_use,off_road,stocks_and_demands,Energy Use by Transportation Mode (PJ)|Freight Rail,Energy Use by Transportation Mode (PJ),Freight Rail,2018,19.166176,PJ,C:\Users\rashi\ESM_databases\canoe-transportation\inputs\cache\nrcan_ceud_transport\2021_tran_on_e_7.xls
nrcan_ceud_transport_provincial,ON,7,Off-Road,off_road_fuel_use,off_road,stocks_and_demands,Energy Use by Transportation Mode (PJ)|Marine,Energy Use by Transportation Mode (PJ),Marine,2018,15.367,PJ,C:\Users\rashi\ESM_databases\canoe-transportation\inputs\cache\nrcan_ceud_transport\2021_tran_on_e_7.xls
nrcan_ceud_transport_provincial,ON,7,Off-Road,off_road_fuel_use,off_road,stocks_and_demands,Energy Use by Transportation Mode (PJ)|Off-Road1,Energy Use by Transportation Mode (PJ),Off-Road1,2018,45.51,PJ,C:\Users\rashi\ESM_databases\canoe-transportation\inputs\cache\nrcan_ceud_transport\2021_tran_on_e_7.xls
nrcan_ceud_transport_provincial,ON,7,Off-Road,off_road_fuel_use,off_road,stocks_and_demands,Total Energy Use (PJ),Total Energy Use (PJ),Total Energy Use (PJ),2019,943.248,PJ,C:\Users\rashi\ESM_databases\canoe-transportation\inputs\cache\nrcan_ceud_transport\2021_tran_on_e_7.xls
nrcan_ceud_transport_provincial,ON,7,Off-Road,off_road_fuel_use,off_road,stocks_and_demands,Total Energy Use (PJ)|Passenger Transportation,Total Energy Use (PJ),Passenger Transportation,2019,560.569467,PJ,C:\Users\rashi\ESM_databases\canoe-transportation\inputs\cache\nrcan_ceud_transport\2021_tran_on_e_7.xls
nrcan_ceud_transport_provincial,ON,7,Off-Road,off_road_fuel_use,off_road,stocks_and_demands,Total Energy Use (PJ)|Freight Transportation,Total Energy Use (PJ),Freight Transportation,2019,336.298533,PJ,C:\Users\rashi\ESM_databases\canoe-transportation\inputs\cache\nrcan_ceud_transport\2021_tran_on_e_7.xls
nrcan_ceud_transport_provincial,ON,7,Off-Road,off_road_fuel_use,off_road,stocks_and_demands,Total Energy Use (PJ)|Off-Road1,Total Energy Use (PJ),Off-Road1,2019,46.38,PJ,C:\Users\rashi\ESM_databases\canoe-transportation\inputs\cache\nrcan_ceud_transport\2021_tran_on_e_7.xls
nrcan_ceud_transport_provincial,ON,7,Off-Road,off_road_fuel_use,off_road,stocks_and_demands,Energy Use by Transportation Mode (PJ)|Cars,Energy Use by Transportation Mode (PJ),Cars,2019,204.800218,PJ,C:\Users\rashi\ESM_databases\canoe-transportation\inputs\cache\nrcan_ceud_transport\2021_tran_on_e_7.xls
nrcan_ceud_transport_provincial,ON,7,Off-Road,off_road_fuel_use,off_road,stocks_and_demands,Energy Use by Transportation Mode (PJ)|Passenger Light Trucks,Energy Use by Transportation Mode (PJ),Passenger Light Trucks,2019,241.110812,PJ,C:\Users\rashi\ESM_databases\canoe-transportation\inputs\cache\nrcan_ceud_transport\2021_tran_on_e_7.xls
nrcan_ceud_transport_provincial,ON,7,Off-Road,off_road_fuel_use,off_road,stocks_and_demands,Energy Use by Transportation Mode (PJ)|Freight Light Trucks,Energy Use by Transportation Mode (PJ),Freight Light Trucks,2019,80.741664,PJ,C:\Users\rashi\ESM_databases\canoe-transportation\inputs\cache\nrcan_ceud_transport\2021_tran_on_e_7.xls
nrcan_ceud_transport_provincial,ON,7,Off-Road,off_road_fuel_use,off_road,stocks_and_demands,Energy Use by Transportation Mode (PJ)|Medium Trucks,Energy Use by Transportation Mode (PJ),Medium Trucks,2019,62.857477,PJ,C:\Users\rashi\ESM_databases\canoe-transportation\inputs\cache\nrcan_ceud_transport\2021_tran_on_e_7.xls
nrcan_ceud_transport_provincial,ON,7,Off-Road,off_road_fuel_use,off_road,stocks_and_demands,Energy Use by Transportation Mode (PJ)|Heavy Trucks,Energy Use by Transportation Mode (PJ),Heavy Trucks,2019,152.363857,PJ,C:\Users\rashi\ESM_databases\canoe-transportation\inputs\cache\nrcan_ceud_transport\2021_tran_on_e_7.xls
nrcan_ceud_transport_provincial,ON,7,Off-Road,off_road_fuel_use,off_road,stocks_and_demands,Energy Use by Transportation Mode (PJ)|Motorcycles,Energy Use by Transportation Mode (PJ),Motorcycles,2019,1.928194,PJ,C:\Users\rashi\ESM_databases\canoe-transportation\inputs\cache\nrcan_ceud_transport\2021_tran_on_e_7.xls
nrcan_ceud_transport_provincial,ON,7,Off-Road,off_road_fuel_use,off_road,stocks_and_demands,Energy Use by Transportation Mode (PJ)|School Buses,Energy Use by Transportation Mode (PJ),School Buses,2019,3.953109,PJ,C:\Users\rashi\ESM_databases\canoe-transportation\inputs\cache\nrcan_ceud_transport\2021_tran_on_e_7.xls
nrcan_ceud_transport_provincial,ON,7,Off-Road,off_road_fuel_use,off_road,stocks_and_demands,Energy Use by Transportation Mode (PJ)|Urban Transit,Energy Use by Transportation Mode (PJ),Urban Transit,2019,12.853429,PJ,C:\Users\rashi\ESM_databases\canoe-transportation\inputs\cache\nrcan_ceud_transport\2021_tran_on_e_7.xls
nrcan_ceud_transport_provincial,ON,7,Off-Road,off_road_fuel_use,off_road,stocks_and_demands,Energy Use by Transportation Mode (PJ)|Inter-City Buses,Energy Use by Transportation Mode (PJ),Inter-City Buses,2019,0.82424,PJ,C:\Users\rashi\ESM_databases\canoe-transportation\inputs\cache\nrcan_ceud_transport\2021_tran_on_e_7.xls
nrcan_ceud_transport_provincial,ON,7,Off-Road,off_road_fuel_use,off_road,stocks_and_demands,Energy Use by Transportation Mode (PJ)|Passenger Air,Energy Use by Transportation Mode (PJ),Passenger Air,2019,94.636472,PJ,C:\Users\rashi\ESM_databases\canoe-transportation\inputs\cache\nrcan_ceud_transport\2021_tran_on_e_7.xls
nrcan_ceud_transport_provincial,ON,7,Off-Road,off_road_fuel_use,off_road,stocks_and_demands,Energy Use by Transportation Mode (PJ)|Freight Air,Energy Use by Transportation Mode (PJ),Freight Air,2019,2.259528,PJ,C:\Users\rashi\ESM_databases\canoe-transportation\inputs\cache\nrcan_ceud_transport\2021_tran_on_e_7.xls
nrcan_ceud_transport_provincial,ON,7,Off-Road,off_road_fuel_use,off_road,stocks_and_demands,Energy Use by Transportation Mode (PJ)|Passenger Rail,Energy Use by Transportation Mode (PJ),Passenger Rail,2019,0.462992,PJ,C:\Users\rashi\ESM_databases\canoe-transportation\inputs\cache\nrcan_ceud_transport\2021_tran_on_e_7.xls
nrcan_ceud_transport_provincial,ON,7,Off-Road,off_road_fuel_use,off_road,stocks_and_demands,Energy Use by Transportation Mode (PJ)|Freight Rail,Energy Use by Transportation Mode (PJ),Freight Rail,2019,19.384008,PJ,C:\Users\rashi\ESM_databases\canoe-transportation\inputs\cache\nrcan_ceud_transport\2021_tran_on_e_7.xls
nrcan_ceud_transport_provincial,ON,7,Off-Road,off_road_fuel_use,off_road,stocks_and_demands,Energy Use by Transportation Mode (PJ)|Marine,Energy Use by Transportation Mode (PJ),Marine,2019,18.692,PJ,C:\Users\rashi\ESM_databases\canoe-transportation\inputs\cache\nrcan_ceud_transport\2021_tran_on_e_7.xls
nrcan_ceud_transport_provincial,ON,7,Off-Road,off_road_fuel_use,off_road,stocks_and_demands,Energy Use by Transportation Mode (PJ)|Off-Road1,Energy Use by Transportation Mode (PJ),Off-Road1,2019,46.38,PJ,C:\Users\rashi\ESM_databases\canoe-transportation\inputs\cache\nrcan_ceud_transport\2021_tran_on_e_7.xls
nrcan_ceud_transport_provincial,ON,7,Off-Road,off_road_fuel_use,off_road,stocks_and_demands,Total Energy Use (PJ),Total Energy Use (PJ),Total Energy Use (PJ),2020,721.352,PJ,C:\Users\rashi\ESM_databases\canoe-transportation\inputs\cache\nrcan_ceud_transport\2021_tran_on_e_7.xls
nrcan_ceud_transport_provincial,ON,7,Off-Road,off_road_fuel_use,off_road,stocks_and_demands,Total Energy Use (PJ)|Passenger Transportation,Total Energy Use (PJ),Passenger Transportation,2020,389.622842,PJ,C:\Users\rashi\ESM_databases\canoe-transportation\inputs\cache\nrcan_ceud_transport\2021_tran_on_e_7.xls
nrcan_ceud_transport_provincial,ON,7,Off-Road,off_road_fuel_use,off_road,stocks_and_demands,Total Energy Use (PJ)|Freight Transportation,Total Energy Use (PJ),Freight Transportation,2020,284.899158,PJ,C:\Users\rashi\ESM_databases\canoe-transportation\inputs\cache\nrcan_ceud_transport\2021_tran_on_e_7.xls
nrcan_ceud_transport_provincial,ON,7,Off-Road,off_road_fuel_use,off_road,stocks_and_demands,Total Energy Use (PJ)|Off-Road1,Total Energy Use (PJ),Off-Road1,2020,46.83,PJ,C:\Users\rashi\ESM_databases\canoe-transportation\inputs\cache\nrcan_ceud_transport\2021_tran_on_e_7.xls
nrcan_ceud_transport_provincial,ON,7,Off-Road,off_road_fuel_use,off_road,stocks_and_demands,Energy Use by Transportation Mode (PJ)|Cars,Energy Use by Transportation Mode (PJ),Cars,2020,146.847872,PJ,C:\Users\rashi\ESM_databases\canoe-transportation\inputs\cache\nrcan_ceud_transport\2021_tran_on_e_7.xls
nrcan_ceud_transport_provincial,ON,7,Off-Road,off_road_fuel_use,off_road,stocks_and_demands,Energy Use by Transportation Mode (PJ)|Passenger Light Trucks,Energy Use by Transportation Mode (PJ),Passenger Light Trucks,2020,186.046534,PJ,C:\Users\rashi\ESM_databases\canoe-transportation\inputs\cache\nrcan_ceud_transport\2021_tran_on_e_7.xls
nrcan_ceud_transport_provincial,ON,7,Off-Road,off_road_fuel_use,off_road,stocks_and_demands,Energy Use by Transportation Mode (PJ)|Freight Light Trucks,Energy Use by Transportation Mode (PJ),Freight Light Trucks,2020,62.82993,PJ,C:\Users\rashi\ESM_databases\canoe-transportation\inputs\cache\nrcan_ceud_transport\2021_tran_on_e_7.xls
nrcan_ceud_transport_provincial,ON,7,Off-Road,off_road_fuel_use,off_road,stocks_and_demands,Energy Use by Transportation Mode (PJ)|Medium Trucks,Energy Use by Transportation Mode (PJ),Medium Trucks,2020,51.965636,PJ,C:\Users\rashi\ESM_databases\canoe-transportation\inputs\cache\nrcan_ceud_transport\2021_tran_on_e_7.xls
nrcan_ceud_transport_provincial,ON,7,Off-Road,off_road_fuel_use,off_road,stocks_and_demands,Energy Use by Transportation Mode (PJ)|Heavy Trucks,Energy Use by Transportation Mode (PJ),Heavy Trucks,2020,135.566916,PJ,C:\Users\rashi\ESM_databases\canoe-transportation\inputs\cache\nrcan_ceud_transport\2021_tran_on_e_7.xls
nrcan_ceud_transport_provincial,ON,7,Off-Road,off_road_fuel_use,off_road,stocks_and_demands,Energy Use by Transportation Mode (PJ)|Motorcycles,Energy Use by Transportation Mode (PJ),Motorcycles,2020,1.495376,PJ,C:\Users\rashi\ESM_databases\canoe-transportation\inputs\cache\nrcan_ceud_transport\2021_tran_on_e_7.xls
nrcan_ceud_transport_provincial,ON,7,Off-Road,off_road_fuel_use,off_road,stocks_and_demands,Energy Use by Transportation Mode (PJ)|School Buses,Energy Use by Transportation Mode (PJ),School Buses,2020,2.568407,PJ,C:\Users\rashi\ESM_databases\canoe-transportation\inputs\cache\nrcan_ceud_transport\2021_tran_on_e_7.xls
nrcan_ceud_transport_provincial,ON,7,Off-Road,off_road_fuel_use,off_road,stocks_and_demands,Energy Use by Transportation Mode (PJ)|Urban Transit,Energy Use by Transportation Mode (PJ),Urban Transit,2020,7.92479,PJ,C:\Users\rashi\ESM_databases\canoe-transportation\inputs\cache\nrcan_ceud_transport\2021_tran_on_e_7.xls
nrcan_ceud_transport_provincial,ON,7,Off-Road,off_road_fuel_use,off_road,stocks_and_demands,Energy Use by Transportation Mode (PJ)|Inter-City Buses,Energy Use by Transportation Mode (PJ),Inter-City Buses,2020,0.508537,PJ,C:\Users\rashi\ESM_databases\canoe-transportation\inputs\cache\nrcan_ceud_transport\2021_tran_on_e_7.xls
nrcan_ceud_transport_provincial,ON,7,Off-Road,off_road_fuel_use,off_road,stocks_and_demands,Energy Use by Transportation Mode (PJ)|Passenger Air,Energy Use by Transportation Mode (PJ),Passenger Air,2020,44.003722,PJ,C:\Users\rashi\ESM_databases\canoe-transportation\inputs\cache\nrcan_ceud_transport\2021_tran_on_e_7.xls
nrcan_ceud_transport_provincial,ON,7,Off-Road,off_road_fuel_use,off_road,stocks_and_demands,Energy Use by Transportation Mode (PJ)|Freight Air,Energy Use by Transportation Mode (PJ),Freight Air,2020,2.929278,PJ,C:\Users\rashi\ESM_databases\canoe-transportation\inputs\cache\nrcan_ceud_transport\2021_tran_on_e_7.xls
nrcan_ceud_transport_provincial,ON,7,Off-Road,off_road_fuel_use,off_road,stocks_and_demands,Energy Use by Transportation Mode (PJ)|Passenger Rail,Energy Use by Transportation Mode (PJ),Passenger Rail,2020,0.227603,PJ,C:\Users\rashi\ESM_databases\canoe-transportation\inputs\cache\nrcan_ceud_transport\2021_tran_on_e_7.xls
nrcan_ceud_transport_provincial,ON,7,Off-Road,off_road_fuel_use,off_road,stocks_and_demands,Energy Use by Transportation Mode (PJ)|Freight Rail,Energy Use by Transportation Mode (PJ),Freight Rail,2020,18.830397,PJ,C:\Users\rashi\ESM_databases\canoe-transportation\inputs\cache\nrcan_ceud_transport\2021_tran_on_e_7.xls
nrcan_ceud_transport_provincial,ON,7,Off-Road,off_road_fuel_use,off_road,stocks_and_demands,Energy Use by Transportation Mode (PJ)|Marine,Energy Use by Transportation Mode (PJ),Marine,2020,12.777,PJ,C:\Users\rashi\ESM_databases\canoe-transportation\inputs\cache\nrcan_ceud_transport\2021_tran_on_e_7.xls
nrcan_ceud_transport_provincial,ON,7,Off-Road,off_road_fuel_use,off_road,stocks_and_demands,Energy Use by Transportation Mode (PJ)|Off-Road1,Energy Use by Transportation Mode (PJ),Off-Road1,2020,46.83,PJ,C:\Users\rashi\ESM_databases\canoe-transportation\inputs\cache\nrcan_ceud_transport\2021_tran_on_e_7.xls
nrcan_ceud_transport_provincial,ON,7,Off-Road,off_road_fuel_use,off_road,stocks_and_demands,Total Energy Use (PJ),Total Energy Use (PJ),Total Energy Use (PJ),2021,760.664,PJ,C:\Users\rashi\ESM_databases\canoe-transportation\inputs\cache\nrcan_ceud_transport\2021_tran_on_e_7.xls
nrcan_ceud_transport_provincial,ON,7,Off-Road,off_road_fuel_use,off_road,stocks_and_demands,Total Energy Use (PJ)|Passenger Transportation,Total Energy Use (PJ),Passenger Transportation,2021,397.470097,PJ,C:\Users\rashi\ESM_databases\canoe-transportation\inputs\cache\nrcan_ceud_transport\2021_tran_on_e_7.xls
nrcan_ceud_transport_provincial,ON,7,Off-Road,off_road_fuel_use,off_road,stocks_and_demands,Total Energy Use (PJ)|Freight Transportation,Total Energy Use (PJ),Freight Transportation,2021,315.413903,PJ,C:\Users\rashi\ESM_databases\canoe-transportation\inputs\cache\nrcan_ceud_transport\2021_tran_on_e_7.xls
nrcan_ceud_transport_provincial,ON,7,Off-Road,off_road_fuel_use,off_road,stocks_and_demands,Total Energy Use (PJ)|Off-Road1,Total Energy Use (PJ),Off-Road1,2021,47.78,PJ,C:\Users\rashi\ESM_databases\canoe-transportation\inputs\cache\nrcan_ceud_transport\2021_tran_on_e_7.xls
nrcan_ceud_transport_provincial,ON,7,Off-Road,off_road_fuel_use,off_road,stocks_and_demands,Energy Use by Transportation Mode (PJ)|Cars,Energy Use by Transportation Mode (PJ),Cars,2021,143.287462,PJ,C:\Users\rashi\ESM_databases\canoe-transportation\inputs\cache\nrcan_ceud_transport\2021_tran_on_e_7.xls
nrcan_ceud_transport_provincial,ON,7,Off-Road,off_road_fuel_use,off_road,stocks_and_demands,Energy Use by Transportation Mode (PJ)|Passenger Light Trucks,Energy Use by Transportation Mode (PJ),Passenger Light Trucks,2021,190.204448,PJ,C:\Users\rashi\ESM_databases\canoe-transportation\inputs\cache\nrcan_ceud_transport\2021_tran_on_e_7.xls
nrcan_ceud_transport_provincial,ON,7,Off-Road,off_road_fuel_use,off_road,stocks_and_demands,Energy Use by Transportation Mode (PJ)|Freight Light Trucks,Energy Use by Transportation Mode (PJ),Freight Light Trucks,2021,64.812074,PJ,C:\Users\rashi\ESM_databases\canoe-transportation\inputs\cache\nrcan_ceud_transport\2021_tran_on_e_7.xls
nrcan_ceud_transport_provincial,ON,7,Off-Road,off_road_fuel_use,off_road,stocks_and_demands,Energy Use by Transportation Mode (PJ)|Medium Trucks,Energy Use by Transportation Mode (PJ),Medium Trucks,2021,56.134754,PJ,C:\Users\rashi\ESM_databases\canoe-transportation\inputs\cache\nrcan_ceud_transport\2021_tran_on_e_7.xls
nrcan_ceud_transport_provincial,ON,7,Off-Road,off_road_fuel_use,off_road,stocks_and_demands,Energy Use by Transportation Mode (PJ)|Heavy Trucks,Energy Use by Transportation Mode (PJ),Heavy Trucks,2021,154.774636,PJ,C:\Users\rashi\ESM_databases\canoe-transportation\inputs\cache\nrcan_ceud_transport\2021_tran_on_e_7.xls
nrcan_ceud_transport_provincial,ON,7,Off-Road,off_road_fuel_use,off_road,stocks_and_demands,Energy Use by Transportation Mode (PJ)|Motorcycles,Energy Use by Transportation Mode (PJ),Motorcycles,2021,1.71987,PJ,C:\Users\rashi\ESM_databases\canoe-transportation\inputs\cache\nrcan_ceud_transport\2021_tran_on_e_7.xls
nrcan_ceud_transport_provincial,ON,7,Off-Road,off_road_fuel_use,off_road,stocks_and_demands,Energy Use by Transportation Mode (PJ)|School Buses,Energy Use by Transportation Mode (PJ),School Buses,2021,2.276878,PJ,C:\Users\rashi\ESM_databases\canoe-transportation\inputs\cache\nrcan_ceud_transport\2021_tran_on_e_7.xls
nrcan_ceud_transport_provincial,ON,7,Off-Road,off_road_fuel_use,off_road,stocks_and_demands,Energy Use by Transportation Mode (PJ)|Urban Transit,Energy Use by Transportation Mode (PJ),Urban Transit,2021,7.221302,PJ,C:\Users\rashi\ESM_databases\canoe-transportation\inputs\cache\nrcan_ceud_transport\2021_tran_on_e_7.xls
nrcan_ceud_transport_provincial,ON,7,Off-Road,off_road_fuel_use,off_road,stocks_and_demands,Energy Use by Transportation Mode (PJ)|Inter-City Buses,Energy Use by Transportation Mode (PJ),Inter-City Buses,2021,0.315576,PJ,C:\Users\rashi\ESM_databases\canoe-transportation\inputs\cache\nrcan_ceud_transport\2021_tran_on_e_7.xls
nrcan_ceud_transport_provincial,ON,7,Off-Road,off_road_fuel_use,off_road,stocks_and_demands,Energy Use by Transportation Mode (PJ)|Passenger Air,Energy Use by Transportation Mode (PJ),Passenger Air,2021,52.1072,PJ,C:\Users\rashi\ESM_databases\canoe-transportation\inputs\cache\nrcan_ceud_transport\2021_tran_on_e_7.xls
nrcan_ceud_transport_provincial,ON,7,Off-Road,off_road_fuel_use,off_road,stocks_and_demands,Energy Use by Transportation Mode (PJ)|Freight Air,Energy Use by Transportation Mode (PJ),Freight Air,2021,5.5338,PJ,C:\Users\rashi\ESM_databases\canoe-transportation\inputs\cache\nrcan_ceud_transport\2021_tran_on_e_7.xls
nrcan_ceud_transport_provincial,ON,7,Off-Road,off_road_fuel_use,off_road,stocks_and_demands,Energy Use by Transportation Mode (PJ)|Passenger Rail,Energy Use by Transportation Mode (PJ),Passenger Rail,2021,0.337362,PJ,C:\Users\rashi\ESM_databases\canoe-transportation\inputs\cache\nrcan_ceud_transport\2021_tran_on_e_7.xls
nrcan_ceud_transport_provincial,ON,7,Off-Road,off_road_fuel_use,off_road,stocks_and_demands,Energy Use by Transportation Mode (PJ)|Freight Rail,Energy Use by Transportation Mode (PJ),Freight Rail,2021,18.833638,PJ,C:\Users\rashi\ESM_databases\canoe-transportation\inputs\cache\nrcan_ceud_transport\2021_tran_on_e_7.xls
nrcan_ceud_transport_provincial,ON,7,Off-Road,off_road_fuel_use,off_road,stocks_and_demands,Energy Use by Transportation Mode (PJ)|Marine,Energy Use by Transportation Mode (PJ),Marine,2021,15.325,PJ,C:\Users\rashi\ESM_databases\canoe-transportation\inputs\cache\nrcan_ceud_transport\2021_tran_on_e_7.xls
nrcan_ceud_transport_provincial,ON,7,Off-Road,off_road_fuel_use,off_road,stocks_and_demands,Energy Use by Transportation Mode (PJ)|Off-Road1,Energy Use by Transportation Mode (PJ),Off-Road1,2021,47.78,PJ,C:\Users\rashi\ESM_databases\canoe-transportation\inputs\cache\nrcan_ceud_transport\2021_tran_on_e_7.xls
nrcan_ceud_transport_provincial,ON,14,Passenger Air,passenger_air_provincial_fuel_use,passenger_air,stocks_and_demands,Passenger Air Transportation Energy Use (PJ),Passenger Air Transportation Energy Use (PJ),Passenger Air Transportation Energy Use (PJ),2000,67.739476,PJ,C:\Users\rashi\ESM_databases\canoe-transportation\inputs\cache\nrcan_ceud_transport\2021_tran_on_e_14.xls
nrcan_ceud_transport_provincial,ON,14,Passenger Air,passenger_air_provincial_fuel_use,passenger_air,stocks_and_demands,Passenger Air|Energy Use by Energy Source (PJ)|Aviation Gasoline,Passenger Air,Energy Use by Energy Source (PJ)|Aviation Gasoline,2000,0.569466,PJ,C:\Users\rashi\ESM_databases\canoe-transportation\inputs\cache\nrcan_ceud_transport\2021_tran_on_e_14.xls
nrcan_ceud_transport_provincial,ON,14,Passenger Air,passenger_air_provincial_fuel_use,passenger_air,stocks_and_demands,Passenger Air|Energy Use by Energy Source (PJ)|Aviation Turbo Fuel,Passenger Air,Energy Use by Energy Source (PJ)|Aviation Turbo Fuel,2000,67.17001,PJ,C:\Users\rashi\ESM_databases\canoe-transportation\inputs\cache\nrcan_ceud_transport\2021_tran_on_e_14.xls
nrcan_ceud_transport_provincial,ON,14,Passenger Air,passenger_air_provincial_fuel_use,passenger_air,stocks_and_demands,Passenger Air Transportation Energy Use (PJ),Passenger Air Transportation Energy Use (PJ),Passenger Air Transportation Energy Use (PJ),2001,57.665676,PJ,C:\Users\rashi\ESM_databases\canoe-transportation\inputs\cache\nrcan_ceud_transport\2021_tran_on_e_14.xls
nrcan_ceud_transport_provincial,ON,14,Passenger Air,passenger_air_provincial_fuel_use,passenger_air,stocks_and_demands,Passenger Air|Energy Use by Energy Source (PJ)|Aviation Gasoline,Passenger Air,Energy Use by Energy Source (PJ)|Aviation Gasoline,2001,0.553392,PJ,C:\Users\rashi\ESM_databases\canoe-transportation\inputs\cache\nrcan_ceud_transport\2021_tran_on_e_14.xls
nrcan_ceud_transport_provincial,ON,14,Passenger Air,passenger_air_provincial_fuel_use,passenger_air,stocks_and_demands,Passenger Air|Energy Use by Energy Source (PJ)|Aviation Turbo Fuel,Passenger Air,Energy Use by Energy Source (PJ)|Aviation Turbo Fuel,2001,57.112284,PJ,C:\Users\rashi\ESM_databases\canoe-transportation\inputs\cache\nrcan_ceud_transport\2021_tran_on_e_14.xls
nrcan_ceud_transport_provincial,ON,14,Passenger Air,passenger_air_provincial_fuel_use,passenger_air,stocks_and_demands,Passenger Air Transportation Energy Use (PJ),Passenger Air Transportation Energy Use (PJ),Passenger Air Transportation Energy Use (PJ),2002,44.568598,PJ,C:\Users\rashi\ESM_databases\canoe-transportation\inputs\cache\nrcan_ceud_transport\2021_tran_on_e_14.xls
nrcan_ceud_transport_provincial,ON,14,Passenger Air,passenger_air_provincial_fuel_use,passenger_air,stocks_and_demands,Passenger Air|Energy Use by Energy Source (PJ)|Aviation Gasoline,Passenger Air,Energy Use by Energy Source (PJ)|Aviation Gasoline,2002,0.517022,PJ,C:\Users\rashi\ESM_databases\canoe-transportation\inputs\cache\nrcan_ceud_transport\2021_tran_on_e_14.xls
nrcan_ceud_transport_provincial,ON,14,Passenger Air,passenger_air_provincial_fuel_use,passenger_air,stocks_and_demands,Passenger Air|Energy Use by Energy Source (PJ)|Aviation Turbo Fuel,Passenger Air,Energy Use by Energy Source (PJ)|Aviation Turbo Fuel,2002,44.051576,PJ,C:\Users\rashi\ESM_databases\canoe-transportation\inputs\cache\nrcan_ceud_transport\2021_tran_on_e_14.xls
nrcan_ceud_transport_provincial,ON,14,Passenger Air,passenger_air_provincial_fuel_use,passenger_air,stocks_and_demands,Passenger Air Transportation Energy Use (PJ),Passenger Air Transportation Energy Use (PJ),Passenger Air Transportation Energy Use (PJ),2003,50.504355,PJ,C:\Users\rashi\ESM_databases\canoe-transportation\inputs\cache\nrcan_ceud_transport\2021_tran_on_e_14.xls
nrcan_ceud_transport_provincial,ON,14,Passenger Air,passenger_air_provincial_fuel_use,passenger_air,stocks_and_demands,Passenger Air|Energy Use by Energy Source (PJ)|Aviation Gasoline,Passenger Air,Energy Use by Energy Source (PJ)|Aviation Gasoline,2003,0.482645,PJ,C:\Users\rashi\ESM_databases\canoe-transportation\inputs\cache\nrcan_ceud_transport\2021_tran_on_e_14.xls
nrcan_ceud_transport_provincial,ON,14,Passenger Air,passenger_air_provincial_fuel_use,passenger_air,stocks_and_demands,Passenger Air|Energy Use by Energy Source (PJ)|Aviation Turbo Fuel,Passenger Air,Energy Use by Energy Source (PJ)|Aviation Turbo Fuel,2003,50.02171,PJ,C:\Users\rashi\ESM_databases\canoe-transportation\inputs\cache\nrcan_ceud_transport\2021_tran_on_e_14.xls
nrcan_ceud_transport_provincial,ON,14,Passenger Air,passenger_air_provincial_fuel_use,passenger_air,stocks_and_demands,Passenger Air Transportation Energy Use (PJ),Passenger Air Transportation Energy Use (PJ),Passenger Air Transportation Energy Use (PJ),2004,64.013114,PJ,C:\Users\rashi\ESM_databases\canoe-transportation\inputs\cache\nrcan_ceud_transport\2021_tran_on_e_14.xls
nrcan_ceud_transport_provincial,ON,14,Passenger Air,passenger_air_provincial_fuel_use,passenger_air,stocks_and_demands,Passenger Air|Energy Use by Energy Source (PJ)|Aviation Gasoline,Passenger Air,Energy Use by Energy Source (PJ)|Aviation Gasoline,2004,0.44058,PJ,C:\Users\rashi\ESM_databases\canoe-transportation\inputs\cache\nrcan_ceud_transport\2021_tran_on_e_14.xls
nrcan_ceud_transport_provincial,ON,14,Passenger Air,passenger_air_provincial_fuel_use,passenger_air,stocks_and_demands,Passenger Air|Energy Use by Energy Source (PJ)|Aviation Turbo Fuel,Passenger Air,Energy Use by Energy Source (PJ)|Aviation Turbo Fuel,2004,63.572534,PJ,C:\Users\rashi\ESM_databases\canoe-transportation\inputs\cache\nrcan_ceud_transport\2021_tran_on_e_14.xls
nrcan_ceud_transport_provincial,ON,14,Passenger Air,passenger_air_provincial_fuel_use,passenger_air,stocks_and_demands,Passenger Air Transportation Energy Use (PJ),Passenger Air Transportation Energy Use (PJ),Passenger Air Transportation Energy Use (PJ),2005,84.687705,PJ,C:\Users\rashi\ESM_databases\canoe-transportation\inputs\cache\nrcan_ceud_transport\2021_tran_on_e_14.xls
nrcan_ceud_transport_provincial,ON,14,Passenger Air,passenger_air_provincial_fuel_use,passenger_air,stocks_and_demands,Passenger Air|Energy Use by Energy Source (PJ)|Aviation Gasoline,Passenger Air,Energy Use by Energy Source (PJ)|Aviation Gasoline,2005,0.61916,PJ,C:\Users\rashi\ESM_databases\canoe-transportation\inputs\cache\nrcan_ceud_transport\2021_tran_on_e_14.xls
nrcan_ceud_transport_provincial,ON,14,Passenger Air,passenger_air_provincial_fuel_use,passenger_air,stocks_and_demands,Passenger Air|Energy Use by Energy Source (PJ)|Aviation Turbo Fuel,Passenger Air,Energy Use by Energy Source (PJ)|Aviation Turbo Fuel,2005,84.068545,PJ,C:\Users\rashi\ESM_databases\canoe-transportation\inputs\cache\nrcan_ceud_transport\2021_tran_on_e_14.xls
nrcan_ceud_transport_provincial,ON,14,Passenger Air,passenger_air_provincial_fuel_use,passenger_air,stocks_and_demands,Passenger Air Transportation Energy Use (PJ),Passenger Air Transportation Energy Use (PJ),Passenger Air Transportation Energy Use (PJ),2006,60.316064,PJ,C:\Users\rashi\ESM_databases\canoe-transportation\inputs\cache\nrcan_ceud_transport\2021_tran_on_e_14.xls
nrcan_ceud_transport_provincial,ON,14,Passenger Air,passenger_air_provincial_fuel_use,passenger_air,stocks_and_demands,Passenger Air|Energy Use by Energy Source (PJ)|Aviation Gasoline,Passenger Air,Energy Use by Energy Source (PJ)|Aviation Gasoline,2006,0.589472,PJ,C:\Users\rashi\ESM_databases\canoe-transportation\inputs\cache\nrcan_ceud_transport\2021_tran_on_e_14.xls
nrcan_ceud_transport_provincial,ON,14,Passenger Air,passenger_air_provincial_fuel_use,passenger_air,stocks_and_demands,Passenger Air|Energy Use by Energy Source (PJ)|Aviation Turbo Fuel,Passenger Air,Energy Use by Energy Source (PJ)|Aviation Turbo Fuel,2006,59.726592,PJ,C:\Users\rashi\ESM_databases\canoe-transportation\inputs\cache\nrcan_ceud_transport\2021_tran_on_e_14.xls
nrcan_ceud_transport_provincial,ON,14,Passenger Air,passenger_air_provincial_fuel_use,passenger_air,stocks_and_demands,Passenger Air Transportation Energy Use (PJ),Passenger Air Transportation Energy Use (PJ),Passenger Air Transportation Energy Use (PJ),2007,62.476577,PJ,C:\Users\rashi\ESM_databases\canoe-transportation\inputs\cache\nrcan_ceud_transport\2021_tran_on_e_14.xls
nrcan_ceud_transport_provincial,ON,14,Passenger Air,passenger_air_provincial_fuel_use,passenger_air,stocks_and_demands,Passenger Air|Energy Use by Energy Source (PJ)|Aviation Gasoline,Passenger Air,Energy Use by Energy Source (PJ)|Aviation Gasoline,2007,0.521897,PJ,C:\Users\rashi\ESM_databases\canoe-transportation\inputs\cache\nrcan_ceud_transport\2021_tran_on_e_14.xls
nrcan_ceud_transport_provincial,ON,14,Passenger Air,passenger_air_provincial_fuel_use,passenger_air,stocks_and_demands,Passenger Air|Energy Use by Energy Source (PJ)|Aviation Turbo Fuel,Passenger Air,Energy Use by Energy Source (PJ)|Aviation Turbo Fuel,2007,61.95468,PJ,C:\Users\rashi\ESM_databases\canoe-transportation\inputs\cache\nrcan_ceud_transport\2021_tran_on_e_14.xls
nrcan_ceud_transport_provincial,ON,14,Passenger Air,passenger_air_provincial_fuel_use,passenger_air,stocks_and_demands,Passenger Air Transportation Energy Use (PJ),Passenger Air Transportation Energy Use (PJ),Passenger Air Transportation Energy Use (PJ),2008,68.98448,PJ,C:\Users\rashi\ESM_databases\canoe-transportation\inputs\cache\nrcan_ceud_transport\2021_tran_on_e_14.xls
nrcan_ceud_transport_provincial,ON,14,Passenger Air,passenger_air_provincial_fuel_use,passenger_air,stocks_and_demands,Passenger Air|Energy Use by Energy Source (PJ)|Aviation Gasoline,Passenger Air,Energy Use by Energy Source (PJ)|Aviation Gasoline,2008,0.448136,PJ,C:\Users\rashi\ESM_databases\canoe-transportation\inputs\cache\nrcan_ceud_transport\2021_tran_on_e_14.xls
nrcan_ceud_transport_provincial,ON,14,Passenger Air,passenger_air_provincial_fuel_use,passenger_air,stocks_and_demands,Passenger Air|Energy Use by Energy Source (PJ)|Aviation Turbo Fuel,Passenger Air,Energy Use by Energy Source (PJ)|Aviation Turbo Fuel,2008,68.536344,PJ,C:\Users\rashi\ESM_databases\canoe-transportation\inputs\cache\nrcan_ceud_transport\2021_tran_on_e_14.xls
nrcan_ceud_transport_provincial,ON,14,Passenger Air,passenger_air_provincial_fuel_use,passenger_air,stocks_and_demands,Passenger Air Transportation Energy Use (PJ),Passenger Air Transportation Energy Use (PJ),Passenger Air Transportation Energy Use (PJ),2009,61.831893,PJ,C:\Users\rashi\ESM_databases\canoe-transportation\inputs\cache\nrcan_ceud_transport\2021_tran_on_e_14.xls
nrcan_ceud_transport_provincial,ON,14,Passenger Air,passenger_air_provincial_fuel_use,passenger_air,stocks_and_demands,Passenger Air|Energy Use by Energy Source (PJ)|Aviation Gasoline,Passenger Air,Energy Use by Energy Source (PJ)|Aviation Gasoline,2009,0.400067,PJ,C:\Users\rashi\ESM_databases\canoe-transportation\inputs\cache\nrcan_ceud_transport\2021_tran_on_e_14.xls
nrcan_ceud_transport_provincial,ON,14,Passenger Air,passenger_air_provincial_fuel_use,passenger_air,stocks_and_demands,Passenger Air|Energy Use by Energy Source (PJ)|Aviation Turbo Fuel,Passenger Air,Energy Use by Energy Source (PJ)|Aviation Turbo Fuel,2009,61.431826,PJ,C:\Users\rashi\ESM_databases\canoe-transportation\inputs\cache\nrcan_ceud_transport\2021_tran_on_e_14.xls
nrcan_ceud_transport_provincial,ON,14,Passenger Air,passenger_air_provincial_fuel_use,passenger_air,stocks_and_demands,Passenger Air Transportation Energy Use (PJ),Passenger Air Transportation Energy Use (PJ),Passenger Air Transportation Energy Use (PJ),2010,58.962608,PJ,C:\Users\rashi\ESM_databases\canoe-transportation\inputs\cache\nrcan_ceud_transport\2021_tran_on_e_14.xls
nrcan_ceud_transport_provincial,ON,14,Passenger Air,passenger_air_provincial_fuel_use,passenger_air,stocks_and_demands,Passenger Air|Energy Use by Energy Source (PJ)|Aviation Gasoline,Passenger Air,Energy Use by Energy Source (PJ)|Aviation Gasoline,2010,0.291102,PJ,C:\Users\rashi\ESM_databases\canoe-transportation\inputs\cache\nrcan_ceud_transport\2021_tran_on_e_14.xls
nrcan_ceud_transport_provincial,ON,14,Passenger Air,passenger_air_provincial_fuel_use,passenger_air,stocks_and_demands,Passenger Air|Energy Use by Energy Source (PJ)|Aviation Turbo Fuel,Passenger Air,Energy Use by Energy Source (PJ)|Aviation Turbo Fuel,2010,58.671506,PJ,C:\Users\rashi\ESM_databases\canoe-transportation\inputs\cache\nrcan_ceud_transport\2021_tran_on_e_14.xls
nrcan_ceud_transport_provincial,ON,14,Passenger Air,passenger_air_provincial_fuel_use,passenger_air,stocks_and_demands,Passenger Air Transportation Energy Use (PJ),Passenger Air Transportation Energy Use (PJ),Passenger Air Transportation Energy Use (PJ),2011,55.950204,PJ,C:\Users\rashi\ESM_databases\canoe-transportation\inputs\cache\nrcan_ceud_transport\2021_tran_on_e_14.xls
nrcan_ceud_transport_provincial,ON,14,Passenger Air,passenger_air_provincial_fuel_use,passenger_air,stocks_and_demands,Passenger Air|Energy Use by Energy Source (PJ)|Aviation Gasoline,Passenger Air,Energy Use by Energy Source (PJ)|Aviation Gasoline,2011,0.29814,PJ,C:\Users\rashi\ESM_databases\canoe-transportation\inputs\cache\nrcan_ceud_transport\2021_tran_on_e_14.xls
nrcan_ceud_transport_provincial,ON,14,Passenger Air,passenger_air_provincial_fuel_use,passenger_air,stocks_and_demands,Passenger Air|Energy Use by Energy Source (PJ)|Aviation Turbo Fuel,Passenger Air,Energy Use by Energy Source (PJ)|Aviation Turbo Fuel,2011,55.652064,PJ,C:\Users\rashi\ESM_databases\canoe-transportation\inputs\cache\nrcan_ceud_transport\2021_tran_on_e_14.xls
nrcan_ceud_transport_provincial,ON,14,Passenger Air,passenger_air_provincial_fuel_use,passenger_air,stocks_and_demands,Passenger Air Transportation Energy Use (PJ),Passenger Air Transportation Energy Use (PJ),Passenger Air Transportation Energy Use (PJ),2012,66.3525,PJ,C:\Users\rashi\ESM_databases\canoe-transportation\inputs\cache\nrcan_ceud_transport\2021_tran_on_e_14.xls
nrcan_ceud_transport_provincial,ON,14,Passenger Air,passenger_air_provincial_fuel_use,passenger_air,stocks_and_demands,Passenger Air|Energy Use by Energy Source (PJ)|Aviation Gasoline,Passenger Air,Energy Use by Energy Source (PJ)|Aviation Gasoline,2012,0.2141,PJ,C:\Users\rashi\ESM_databases\canoe-transportation\inputs\cache\nrcan_ceud_transport\2021_tran_on_e_14.xls
nrcan_ceud_transport_provincial,ON,14,Passenger Air,passenger_air_provincial_fuel_use,passenger_air,stocks_and_demands,Passenger Air|Energy Use by Energy Source (PJ)|Aviation Turbo Fuel,Passenger Air,Energy Use by Energy Source (PJ)|Aviation Turbo Fuel,2012,66.1384,PJ,C:\Users\rashi\ESM_databases\canoe-transportation\inputs\cache\nrcan_ceud_transport\2021_tran_on_e_14.xls
nrcan_ceud_transport_provincial,ON,14,Passenger Air,passenger_air_provincial_fuel_use,passenger_air,stocks_and_demands,Passenger Air Transportation Energy Use (PJ),Passenger Air Transportation Energy Use (PJ),Passenger Air Transportation Energy Use (PJ),2013,69.676075,PJ,C:\Users\rashi\ESM_databases\canoe-transportation\inputs\cache\nrcan_ceud_transport\2021_tran_on_e_14.xls
nrcan_ceud_transport_provincial,ON,14,Passenger Air,passenger_air_provincial_fuel_use,passenger_air,stocks_and_demands,Passenger Air|Energy Use by Energy Source (PJ)|Aviation Gasoline,Passenger Air,Energy Use by Energy Source (PJ)|Aviation Gasoline,2013,0.181575,PJ,C:\Users\rashi\ESM_databases\canoe-transportation\inputs\cache\nrcan_ceud_transport\2021_tran_on_e_14.xls
nrcan_ceud_transport_provincial,ON,14,Passenger Air,passenger_air_provincial_fuel_use,passenger_air,stocks_and_demands,Passenger Air|Energy Use by Energy Source (PJ)|Aviation Turbo Fuel,Passenger Air,Energy Use by Energy Source (PJ)|Aviation Turbo Fuel,2013,69.4945,PJ,C:\Users\rashi\ESM_databases\canoe-transportation\inputs\cache\nrcan_ceud_transport\2021_tran_on_e_14.xls
nrcan_ceud_transport_provincial,ON,14,Passenger Air,passenger_air_provincial_fuel_use,passenger_air,stocks_and_demands,Passenger Air Transportation Energy Use (PJ),Passenger Air Transportation Energy Use (PJ),Passenger Air Transportation Energy Use (PJ),2014,68.522125,PJ,C:\Users\rashi\ESM_databases\canoe-transportation\inputs\cache\nrcan_ceud_transport\2021_tran_on_e_14.xls
nrcan_ceud_transport_provincial,ON,14,Passenger Air,passenger_air_provincial_fuel_use,passenger_air,stocks_and_demands,Passenger Air|Energy Use by Energy Source (PJ)|Aviation Gasoline,Passenger Air,Energy Use by Energy Source (PJ)|Aviation Gasoline,2014,0.243375,PJ,C:\Users\rashi\ESM_databases\canoe-transportation\inputs\cache\nrcan_ceud_transport\2021_tran_on_e_14.xls
nrcan_ceud_transport_provincial,ON,14,Passenger Air,passenger_air_provincial_fuel_use,passenger_air,stocks_and_demands,Passenger Air|Energy Use by Energy Source (PJ)|Aviation Turbo Fuel,Passenger Air,Energy Use by Energy Source (PJ)|Aviation Turbo Fuel,2014,68.27875,PJ,C:\Users\rashi\ESM_databases\canoe-transportation\inputs\cache\nrcan_ceud_transport\2021_tran_on_e_14.xls
nrcan_ceud_transport_provincial,ON,14,Passenger Air,passenger_air_provincial_fuel_use,passenger_air,stocks_and_demands,Passenger Air Transportation Energy Use (PJ),Passenger Air Transportation Energy Use (PJ),Passenger Air Transportation Energy Use (PJ),2015,73.712078,PJ,C:\Users\rashi\ESM_databases\canoe-transportation\inputs\cache\nrcan_ceud_transport\2021_tran_on_e_14.xls
nrcan_ceud_transport_provincial,ON,14,Passenger Air,passenger_air_provincial_fuel_use,passenger_air,stocks_and_demands,Passenger Air|Energy Use by Energy Source (PJ)|Aviation Gasoline,Passenger Air,Energy Use by Energy Source (PJ)|Aviation Gasoline,2015,0.330928,PJ,C:\Users\rashi\ESM_databases\canoe-transportation\inputs\cache\nrcan_ceud_transport\2021_tran_on_e_14.xls
nrcan_ceud_transport_provincial,ON,14,Passenger Air,passenger_air_provincial_fuel_use,passenger_air,stocks_and_demands,Passenger Air|Energy Use by Energy Source (PJ)|Aviation Turbo Fuel,Passenger Air,Energy Use by Energy Source (PJ)|Aviation Turbo Fuel,2015,73.38115,PJ,C:\Users\rashi\ESM_databases\canoe-transportation\inputs\cache\nrcan_ceud_transport\2021_tran_on_e_14.xls
nrcan_ceud_transport_provincial,ON,14,Passenger Air,passenger_air_provincial_fuel_use,passenger_air,stocks_and_demands,Passenger Air Transportation Energy Use (PJ),Passenger Air Transportation Energy Use (PJ),Passenger Air Transportation Energy Use (PJ),2016,77.911834,PJ,C:\Users\rashi\ESM_databases\canoe-transportation\inputs\cache\nrcan_ceud_transport\2021_tran_on_e_14.xls
nrcan_ceud_transport_provincial,ON,14,Passenger Air,passenger_air_provincial_fuel_use,passenger_air,stocks_and_demands,Passenger Air|Energy Use by Energy Source (PJ)|Aviation Gasoline,Passenger Air,Energy Use by Energy Source (PJ)|Aviation Gasoline,2016,0.346123,PJ,C:\Users\rashi\ESM_databases\canoe-transportation\inputs\cache\nrcan_ceud_transport\2021_tran_on_e_14.xls
nrcan_ceud_transport_provincial,ON,14,Passenger Air,passenger_air_provincial_fuel_use,passenger_air,stocks_and_demands,Passenger Air|Energy Use by Energy Source (PJ)|Aviation Turbo Fuel,Passenger Air,Energy Use by Energy Source (PJ)|Aviation Turbo Fuel,2016,77.565711,PJ,C:\Users\rashi\ESM_databases\canoe-transportation\inputs\cache\nrcan_ceud_transport\2021_tran_on_e_14.xls
nrcan_ceud_transport_provincial,ON,14,Passenger Air,passenger_air_provincial_fuel_use,passenger_air,stocks_and_demands,Passenger Air Transportation Energy Use (PJ),Passenger Air Transportation Energy Use (PJ),Passenger Air Transportation Energy Use (PJ),2017,92.67655,PJ,C:\Users\rashi\ESM_databases\canoe-transportation\inputs\cache\nrcan_ceud_transport\2021_tran_on_e_14.xls
nrcan_ceud_transport_provincial,ON,14,Passenger Air,passenger_air_provincial_fuel_use,passenger_air,stocks_and_demands,Passenger Air|Energy Use by Energy Source (PJ)|Aviation Gasoline,Passenger Air,Energy Use by Energy Source (PJ)|Aviation Gasoline,2017,0.275425,PJ,C:\Users\rashi\ESM_databases\canoe-transportation\inputs\cache\nrcan_ceud_transport\2021_tran_on_e_14.xls
nrcan_ceud_transport_provincial,ON,14,Passenger Air,passenger_air_provincial_fuel_use,passenger_air,stocks_and_demands,Passenger Air|Energy Use by Energy Source (PJ)|Aviation Turbo Fuel,Passenger Air,Energy Use by Energy Source (PJ)|Aviation Turbo Fuel,2017,92.401125,PJ,C:\Users\rashi\ESM_databases\canoe-transportation\inputs\cache\nrcan_ceud_transport\2021_tran_on_e_14.xls
nrcan_ceud_transport_provincial,ON,14,Passenger Air,passenger_air_provincial_fuel_use,passenger_air,stocks_and_demands,Passenger Air Transportation Energy Use (PJ),Passenger Air Transportation Energy Use (PJ),Passenger Air Transportation Energy Use (PJ),2018,98.9859,PJ,C:\Users\rashi\ESM_databases\canoe-transportation\inputs\cache\nrcan_ceud_transport\2021_tran_on_e_14.xls
nrcan_ceud_transport_provincial,ON,14,Passenger Air,passenger_air_provincial_fuel_use,passenger_air,stocks_and_demands,Passenger Air|Energy Use by Energy Source (PJ)|Aviation Gasoline,Passenger Air,Energy Use by Energy Source (PJ)|Aviation Gasoline,2018,0.1825,PJ,C:\Users\rashi\ESM_databases\canoe-transportation\inputs\cache\nrcan_ceud_transport\2021_tran_on_e_14.xls
nrcan_ceud_transport_provincial,ON,14,Passenger Air,passenger_air_provincial_fuel_use,passenger_air,stocks_and_demands,Passenger Air|Energy Use by Energy Source (PJ)|Aviation Turbo Fuel,Passenger Air,Energy Use by Energy Source (PJ)|Aviation Turbo Fuel,2018,98.8034,PJ,C:\Users\rashi\ESM_databases\canoe-transportation\inputs\cache\nrcan_ceud_transport\2021_tran_on_e_14.xls
nrcan_ceud_transport_provincial,ON,14,Passenger Air,passenger_air_provincial_fuel_use,passenger_air,stocks_and_demands,Passenger Air Transportation Energy Use (PJ),Passenger Air Transportation Energy Use (PJ),Passenger Air Transportation Energy Use (PJ),2019,94.636472,PJ,C:\Users\rashi\ESM_databases\canoe-transportation\inputs\cache\nrcan_ceud_transport\2021_tran_on_e_14.xls
nrcan_ceud_transport_provincial,ON,14,Passenger Air,passenger_air_provincial_fuel_use,passenger_air,stocks_and_demands,Passenger Air|Energy Use by Energy Source (PJ)|Aviation Gasoline,Passenger Air,Energy Use by Energy Source (PJ)|Aviation Gasoline,2019,0.334888,PJ,C:\Users\rashi\ESM_databases\canoe-transportation\inputs\cache\nrcan_ceud_transport\2021_tran_on_e_14.xls
nrcan_ceud_transport_provincial,ON,14,Passenger Air,passenger_air_provincial_fuel_use,passenger_air,stocks_and_demands,Passenger Air|Energy Use by Energy Source (PJ)|Aviation Turbo Fuel,Passenger Air,Energy Use by Energy Source (PJ)|Aviation Turbo Fuel,2019,94.301584,PJ,C:\Users\rashi\ESM_databases\canoe-transportation\inputs\cache\nrcan_ceud_transport\2021_tran_on_e_14.xls
nrcan_ceud_transport_provincial,ON,14,Passenger Air,passenger_air_provincial_fuel_use,passenger_air,stocks_and_demands,Passenger Air Transportation Energy Use (PJ),Passenger Air Transportation Energy Use (PJ),Passenger Air Transportation Energy Use (PJ),2020,44.003722,PJ,C:\Users\rashi\ESM_databases\canoe-transportation\inputs\cache\nrcan_ceud_transport\2021_tran_on_e_14.xls
nrcan_ceud_transport_provincial,ON,14,Passenger Air,passenger_air_provincial_fuel_use,passenger_air,stocks_and_demands,Passenger Air|Energy Use by Energy Source (PJ)|Aviation Gasoline,Passenger Air,Energy Use by Energy Source (PJ)|Aviation Gasoline,2020,0.21015,PJ,C:\Users\rashi\ESM_databases\canoe-transportation\inputs\cache\nrcan_ceud_transport\2021_tran_on_e_14.xls
nrcan_ceud_transport_provincial,ON,14,Passenger Air,passenger_air_provincial_fuel_use,passenger_air,stocks_and_demands,Passenger Air|Energy Use by Energy Source (PJ)|Aviation Turbo Fuel,Passenger Air,Energy Use by Energy Source (PJ)|Aviation Turbo Fuel,2020,43.793572,PJ,C:\Users\rashi\ESM_databases\canoe-transportation\inputs\cache\nrcan_ceud_transport\2021_tran_on_e_14.xls
nrcan_ceud_transport_provincial,ON,14,Passenger Air,passenger_air_provincial_fuel_use,passenger_air,stocks_and_demands,Passenger Air Transportation Energy Use (PJ),Passenger Air Transportation Energy Use (PJ),Passenger Air Transportation Energy Use (PJ),2021,52.1072,PJ,C:\Users\rashi\ESM_databases\canoe-transportation\inputs\cache\nrcan_ceud_transport\2021_tran_on_e_14.xls
nrcan_ceud_transport_provincial,ON,14,Passenger Air,passenger_air_provincial_fuel_use,passenger_air,stocks_and_demands,Passenger Air|Energy Use by Energy Source (PJ)|Aviation Gasoline,Passenger Air,Energy Use by Energy Source (PJ)|Aviation Gasoline,2021,0.2331,PJ,C:\Users\rashi\ESM_databases\canoe-transportation\inputs\cache\nrcan_ceud_transport\2021_tran_on_e_14.xls
nrcan_ceud_transport_provincial,ON,14,Passenger Air,passenger_air_provincial_fuel_use,passenger_air,stocks_and_demands,Passenger Air|Energy Use by Energy Source (PJ)|Aviation Turbo Fuel,Passenger Air,Energy Use by Energy Source (PJ)|Aviation Turbo Fuel,2021,51.8741,PJ,C:\Users\rashi\ESM_databases\canoe-transportation\inputs\cache\nrcan_ceud_transport\2021_tran_on_e_14.xls
nrcan_ceud_transport_provincial,ON,15,Freight Air,freight_air_provincial_fuel_use,freight_air,stocks_and_demands,Freight Air Transportation Energy Use (PJ),Freight Air Transportation Energy Use (PJ),Freight Air Transportation Energy Use (PJ),2000,2.477524,PJ,C:\Users\rashi\ESM_databases\canoe-transportation\inputs\cache\nrcan_ceud_transport\2021_tran_on_e_15.xls
nrcan_ceud_transport_provincial,ON,15,Freight Air,freight_air_provincial_fuel_use,freight_air,stocks_and_demands,Freight Air|Energy Use by Energy Source (PJ)|Aviation Gasoline,Freight Air,Energy Use by Energy Source (PJ)|Aviation Gasoline,2000,0.003534,PJ,C:\Users\rashi\ESM_databases\canoe-transportation\inputs\cache\nrcan_ceud_transport\2021_tran_on_e_15.xls
nrcan_ceud_transport_provincial,ON,15,Freight Air,freight_air_provincial_fuel_use,freight_air,stocks_and_demands,Freight Air|Energy Use by Energy Source (PJ)|Aviation Turbo Fuel,Freight Air,Energy Use by Energy Source (PJ)|Aviation Turbo Fuel,2000,2.47399,PJ,C:\Users\rashi\ESM_databases\canoe-transportation\inputs\cache\nrcan_ceud_transport\2021_tran_on_e_15.xls
nrcan_ceud_transport_provincial,ON,15,Freight Air,freight_air_provincial_fuel_use,freight_air,stocks_and_demands,Freight Air Transportation Energy Use (PJ),Freight Air Transportation Energy Use (PJ),Freight Air Transportation Energy Use (PJ),2001,1.962324,PJ,C:\Users\rashi\ESM_databases\canoe-transportation\inputs\cache\nrcan_ceud_transport\2021_tran_on_e_15.xls
nrcan_ceud_transport_provincial,ON,15,Freight Air,freight_air_provincial_fuel_use,freight_air,stocks_and_demands,Freight Air|Energy Use by Energy Source (PJ)|Aviation Gasoline,Freight Air,Energy Use by Energy Source (PJ)|Aviation Gasoline,2001,0.004608,PJ,C:\Users\rashi\ESM_databases\canoe-transportation\inputs\cache\nrcan_ceud_transport\2021_tran_on_e_15.xls
nrcan_ceud_transport_provincial,ON,15,Freight Air,freight_air_provincial_fuel_use,freight_air,stocks_and_demands,Freight Air|Energy Use by Energy Source (PJ)|Aviation Turbo Fuel,Freight Air,Energy Use by Energy Source (PJ)|Aviation Turbo Fuel,2001,1.957716,PJ,C:\Users\rashi\ESM_databases\canoe-transportation\inputs\cache\nrcan_ceud_transport\2021_tran_on_e_15.xls
nrcan_ceud_transport_provincial,ON,15,Freight Air,freight_air_provincial_fuel_use,freight_air,stocks_and_demands,Freight Air Transportation Energy Use (PJ),Freight Air Transportation Energy Use (PJ),Freight Air Transportation Energy Use (PJ),2002,1.553402,PJ,C:\Users\rashi\ESM_databases\canoe-transportation\inputs\cache\nrcan_ceud_transport\2021_tran_on_e_15.xls
nrcan_ceud_transport_provincial,ON,15,Freight Air,freight_air_provincial_fuel_use,freight_air,stocks_and_demands,Freight Air|Energy Use by Energy Source (PJ)|Aviation Gasoline,Freight Air,Energy Use by Energy Source (PJ)|Aviation Gasoline,2002,0.004978,PJ,C:\Users\rashi\ESM_databases\canoe-transportation\inputs\cache\nrcan_ceud_transport\2021_tran_on_e_15.xls
nrcan_ceud_transport_provincial,ON,15,Freight Air,freight_air_provincial_fuel_use,freight_air,stocks_and_demands,Freight Air|Energy Use by Energy Source (PJ)|Aviation Turbo Fuel,Freight Air,Energy Use by Energy Source (PJ)|Aviation Turbo Fuel,2002,1.548424,PJ,C:\Users\rashi\ESM_databases\canoe-transportation\inputs\cache\nrcan_ceud_transport\2021_tran_on_e_15.xls
nrcan_ceud_transport_provincial,ON,15,Freight Air,freight_air_provincial_fuel_use,freight_air,stocks_and_demands,Freight Air Transportation Energy Use (PJ),Freight Air Transportation Energy Use (PJ),Freight Air Transportation Energy Use (PJ),2003,1.695645,PJ,C:\Users\rashi\ESM_databases\canoe-transportation\inputs\cache\nrcan_ceud_transport\2021_tran_on_e_15.xls
nrcan_ceud_transport_provincial,ON,15,Freight Air,freight_air_provincial_fuel_use,freight_air,stocks_and_demands,Freight Air|Energy Use by Energy Source (PJ)|Aviation Gasoline,Freight Air,Energy Use by Energy Source (PJ)|Aviation Gasoline,2003,0.005355,PJ,C:\Users\rashi\ESM_databases\canoe-transportation\inputs\cache\nrcan_ceud_transport\2021_tran_on_e_15.xls
nrcan_ceud_transport_provincial,ON,15,Freight Air,freight_air_provincial_fuel_use,freight_air,stocks_and_demands,Freight Air|Energy Use by Energy Source (PJ)|Aviation Turbo Fuel,Freight Air,Energy Use by Energy Source (PJ)|Aviation Turbo Fuel,2003,1.69029,PJ,C:\Users\rashi\ESM_databases\canoe-transportation\inputs\cache\nrcan_ceud_transport\2021_tran_on_e_15.xls
nrcan_ceud_transport_provincial,ON,15,Freight Air,freight_air_provincial_fuel_use,freight_air,stocks_and_demands,Freight Air Transportation Energy Use (PJ),Freight Air Transportation Energy Use (PJ),Freight Air Transportation Energy Use (PJ),2004,2.069886,PJ,C:\Users\rashi\ESM_databases\canoe-transportation\inputs\cache\nrcan_ceud_transport\2021_tran_on_e_15.xls
nrcan_ceud_transport_provincial,ON,15,Freight Air,freight_air_provincial_fuel_use,freight_air,stocks_and_demands,Freight Air|Energy Use by Energy Source (PJ)|Aviation Gasoline,Freight Air,Energy Use by Energy Source (PJ)|Aviation Gasoline,2004,0.00442,PJ,C:\Users\rashi\ESM_databases\canoe-transportation\inputs\cache\nrcan_ceud_transport\2021_tran_on_e_15.xls
nrcan_ceud_transport_provincial,ON,15,Freight Air,freight_air_provincial_fuel_use,freight_air,stocks_and_demands,Freight Air|Energy Use by Energy Source (PJ)|Aviation Turbo Fuel,Freight Air,Energy Use by Energy Source (PJ)|Aviation Turbo Fuel,2004,2.065466,PJ,C:\Users\rashi\ESM_databases\canoe-transportation\inputs\cache\nrcan_ceud_transport\2021_tran_on_e_15.xls
nrcan_ceud_transport_provincial,ON,15,Freight Air,freight_air_provincial_fuel_use,freight_air,stocks_and_demands,Freight Air Transportation Energy Use (PJ),Freight Air Transportation Energy Use (PJ),Freight Air Transportation Energy Use (PJ),2005,2.871295,PJ,C:\Users\rashi\ESM_databases\canoe-transportation\inputs\cache\nrcan_ceud_transport\2021_tran_on_e_15.xls
nrcan_ceud_transport_provincial,ON,15,Freight Air,freight_air_provincial_fuel_use,freight_air,stocks_and_demands,Freight Air|Energy Use by Energy Source (PJ)|Aviation Gasoline,Freight Air,Energy Use by Energy Source (PJ)|Aviation Gasoline,2005,0.00784,PJ,C:\Users\rashi\ESM_databases\canoe-transportation\inputs\cache\nrcan_ceud_transport\2021_tran_on_e_15.xls
nrcan_ceud_transport_provincial,ON,15,Freight Air,freight_air_provincial_fuel_use,freight_air,stocks_and_demands,Freight Air|Energy Use by Energy Source (PJ)|Aviation Turbo Fuel,Freight Air,Energy Use by Energy Source (PJ)|Aviation Turbo Fuel,2005,2.863455,PJ,C:\Users\rashi\ESM_databases\canoe-transportation\inputs\cache\nrcan_ceud_transport\2021_tran_on_e_15.xls
nrcan_ceud_transport_provincial,ON,15,Freight Air,freight_air_provincial_fuel_use,freight_air,stocks_and_demands,Freight Air Transportation Energy Use (PJ),Freight Air Transportation Energy Use (PJ),Freight Air Transportation Energy Use (PJ),2006,1.811936,PJ,C:\Users\rashi\ESM_databases\canoe-transportation\inputs\cache\nrcan_ceud_transport\2021_tran_on_e_15.xls
nrcan_ceud_transport_provincial,ON,15,Freight Air,freight_air_provincial_fuel_use,freight_air,stocks_and_demands,Freight Air|Energy Use by Energy Source (PJ)|Aviation Gasoline,Freight Air,Energy Use by Energy Source (PJ)|Aviation Gasoline,2006,0.006528,PJ,C:\Users\rashi\ESM_databases\canoe-transportation\inputs\cache\nrcan_ceud_transport\2021_tran_on_e_15.xls
nrcan_ceud_transport_provincial,ON,15,Freight Air,freight_air_provincial_fuel_use,freight_air,stocks_and_demands,Freight Air|Energy Use by Energy Source (PJ)|Aviation Turbo Fuel,Freight Air,Energy Use by Energy Source (PJ)|Aviation Turbo Fuel,2006,1.805408,PJ,C:\Users\rashi\ESM_databases\canoe-transportation\inputs\cache\nrcan_ceud_transport\2021_tran_on_e_15.xls
nrcan_ceud_transport_provincial,ON,15,Freight Air,freight_air_provincial_fuel_use,freight_air,stocks_and_demands,Freight Air Transportation Energy Use (PJ),Freight Air Transportation Energy Use (PJ),Freight Air Transportation Energy Use (PJ),2007,1.278423,PJ,C:\Users\rashi\ESM_databases\canoe-transportation\inputs\cache\nrcan_ceud_transport\2021_tran_on_e_15.xls
nrcan_ceud_transport_provincial,ON,15,Freight Air,freight_air_provincial_fuel_use,freight_air,stocks_and_demands,Freight Air|Energy Use by Energy Source (PJ)|Aviation Gasoline,Freight Air,Energy Use by Energy Source (PJ)|Aviation Gasoline,2007,0.005103,PJ,C:\Users\rashi\ESM_databases\canoe-transportation\inputs\cache\nrcan_ceud_transport\2021_tran_on_e_15.xls
nrcan_ceud_transport_provincial,ON,15,Freight Air,freight_air_provincial_fuel_use,freight_air,stocks_and_demands,Freight Air|Energy Use by Energy Source (PJ)|Aviation Turbo Fuel,Freight Air,Energy Use by Energy Source (PJ)|Aviation Turbo Fuel,2007,1.27332,PJ,C:\Users\rashi\ESM_databases\canoe-transportation\inputs\cache\nrcan_ceud_transport\2021_tran_on_e_15.xls
nrcan_ceud_transport_provincial,ON,15,Freight Air,freight_air_provincial_fuel_use,freight_air,stocks_and_demands,Freight Air Transportation Energy Use (PJ),Freight Air Transportation Energy Use (PJ),Freight Air Transportation Energy Use (PJ),2008,1.31952,PJ,C:\Users\rashi\ESM_databases\canoe-transportation\inputs\cache\nrcan_ceud_transport\2021_tran_on_e_15.xls
nrcan_ceud_transport_provincial,ON,15,Freight Air,freight_air_provincial_fuel_use,freight_air,stocks_and_demands,Freight Air|Energy Use by Energy Source (PJ)|Aviation Gasoline,Freight Air,Energy Use by Energy Source (PJ)|Aviation Gasoline,2008,0.003864,PJ,C:\Users\rashi\ESM_databases\canoe-transportation\inputs\cache\nrcan_ceud_transport\2021_tran_on_e_15.xls
nrcan_ceud_transport_provincial,ON,15,Freight Air,freight_air_provincial_fuel_use,freight_air,stocks_and_demands,Freight Air|Energy Use by Energy Source (PJ)|Aviation Turbo Fuel,Freight Air,Energy Use by Energy Source (PJ)|Aviation Turbo Fuel,2008,1.315656,PJ,C:\Users\rashi\ESM_databases\canoe-transportation\inputs\cache\nrcan_ceud_transport\2021_tran_on_e_15.xls
nrcan_ceud_transport_provincial,ON,15,Freight Air,freight_air_provincial_fuel_use,freight_air,stocks_and_demands,Freight Air Transportation Energy Use (PJ),Freight Air Transportation Energy Use (PJ),Freight Air Transportation Energy Use (PJ),2009,1.295107,PJ,C:\Users\rashi\ESM_databases\canoe-transportation\inputs\cache\nrcan_ceud_transport\2021_tran_on_e_15.xls
nrcan_ceud_transport_provincial,ON,15,Freight Air,freight_air_provincial_fuel_use,freight_air,stocks_and_demands,Freight Air|Energy Use by Energy Source (PJ)|Aviation Gasoline,Freight Air,Energy Use by Energy Source (PJ)|Aviation Gasoline,2009,0.003933,PJ,C:\Users\rashi\ESM_databases\canoe-transportation\inputs\cache\nrcan_ceud_transport\2021_tran_on_e_15.xls
nrcan_ceud_transport_provincial,ON,15,Freight Air,freight_air_provincial_fuel_use,freight_air,stocks_and_demands,Freight Air|Energy Use by Energy Source (PJ)|Aviation Turbo Fuel,Freight Air,Energy Use by Energy Source (PJ)|Aviation Turbo Fuel,2009,1.291174,PJ,C:\Users\rashi\ESM_databases\canoe-transportation\inputs\cache\nrcan_ceud_transport\2021_tran_on_e_15.xls
nrcan_ceud_transport_provincial,ON,15,Freight Air,freight_air_provincial_fuel_use,freight_air,stocks_and_demands,Freight Air Transportation Energy Use (PJ),Freight Air Transportation Energy Use (PJ),Freight Air Transportation Energy Use (PJ),2010,1.419392,PJ,C:\Users\rashi\ESM_databases\canoe-transportation\inputs\cache\nrcan_ceud_transport\2021_tran_on_e_15.xls
nrcan_ceud_transport_provincial,ON,15,Freight Air,freight_air_provincial_fuel_use,freight_air,stocks_and_demands,Freight Air|Energy Use by Energy Source (PJ)|Aviation Gasoline,Freight Air,Energy Use by Energy Source (PJ)|Aviation Gasoline,2010,0.001898,PJ,C:\Users\rashi\ESM_databases\canoe-transportation\inputs\cache\nrcan_ceud_transport\2021_tran_on_e_15.xls
nrcan_ceud_transport_provincial,ON,15,Freight Air,freight_air_provincial_fuel_use,freight_air,stocks_and_demands,Freight Air|Energy Use by Energy Source (PJ)|Aviation Turbo Fuel,Freight Air,Energy Use by Energy Source (PJ)|Aviation Turbo Fuel,2010,1.417494,PJ,C:\Users\rashi\ESM_databases\canoe-transportation\inputs\cache\nrcan_ceud_transport\2021_tran_on_e_15.xls
nrcan_ceud_transport_provincial,ON,15,Freight Air,freight_air_provincial_fuel_use,freight_air,stocks_and_demands,Freight Air Transportation Energy Use (PJ),Freight Air Transportation Energy Use (PJ),Freight Air Transportation Energy Use (PJ),2011,1.407796,PJ,C:\Users\rashi\ESM_databases\canoe-transportation\inputs\cache\nrcan_ceud_transport\2021_tran_on_e_15.xls
nrcan_ceud_transport_provincial,ON,15,Freight Air,freight_air_provincial_fuel_use,freight_air,stocks_and_demands,Freight Air|Energy Use by Energy Source (PJ)|Aviation Gasoline,Freight Air,Energy Use by Energy Source (PJ)|Aviation Gasoline,2011,0.00286,PJ,C:\Users\rashi\ESM_databases\canoe-transportation\inputs\cache\nrcan_ceud_transport\2021_tran_on_e_15.xls
nrcan_ceud_transport_provincial,ON,15,Freight Air,freight_air_provincial_fuel_use,freight_air,stocks_and_demands,Freight Air|Energy Use by Energy Source (PJ)|Aviation Turbo Fuel,Freight Air,Energy Use by Energy Source (PJ)|Aviation Turbo Fuel,2011,1.404936,PJ,C:\Users\rashi\ESM_databases\canoe-transportation\inputs\cache\nrcan_ceud_transport\2021_tran_on_e_15.xls
nrcan_ceud_transport_provincial,ON,15,Freight Air,freight_air_provincial_fuel_use,freight_air,stocks_and_demands,Freight Air Transportation Energy Use (PJ),Freight Air Transportation Energy Use (PJ),Freight Air Transportation Energy Use (PJ),2012,1.6335,PJ,C:\Users\rashi\ESM_databases\canoe-transportation\inputs\cache\nrcan_ceud_transport\2021_tran_on_e_15.xls
nrcan_ceud_transport_provincial,ON,15,Freight Air,freight_air_provincial_fuel_use,freight_air,stocks_and_demands,Freight Air|Energy Use by Energy Source (PJ)|Aviation Gasoline,Freight Air,Energy Use by Energy Source (PJ)|Aviation Gasoline,2012,0.0019,PJ,C:\Users\rashi\ESM_databases\canoe-transportation\inputs\cache\nrcan_ceud_transport\2021_tran_on_e_15.xls
nrcan_ceud_transport_provincial,ON,15,Freight Air,freight_air_provincial_fuel_use,freight_air,stocks_and_demands,Freight Air|Energy Use by Energy Source (PJ)|Aviation Turbo Fuel,Freight Air,Energy Use by Energy Source (PJ)|Aviation Turbo Fuel,2012,1.6316,PJ,C:\Users\rashi\ESM_databases\canoe-transportation\inputs\cache\nrcan_ceud_transport\2021_tran_on_e_15.xls
nrcan_ceud_transport_provincial,ON,15,Freight Air,freight_air_provincial_fuel_use,freight_air,stocks_and_demands,Freight Air Transportation Energy Use (PJ),Freight Air Transportation Energy Use (PJ),Freight Air Transportation Energy Use (PJ),2013,1.713925,PJ,C:\Users\rashi\ESM_databases\canoe-transportation\inputs\cache\nrcan_ceud_transport\2021_tran_on_e_15.xls
nrcan_ceud_transport_provincial,ON,15,Freight Air,freight_air_provincial_fuel_use,freight_air,stocks_and_demands,Freight Air|Energy Use by Energy Source (PJ)|Aviation Gasoline,Freight Air,Energy Use by Energy Source (PJ)|Aviation Gasoline,2013,0.001425,PJ,C:\Users\rashi\ESM_databases\canoe-transportation\inputs\cache\nrcan_ceud_transport\2021_tran_on_e_15.xls
nrcan_ceud_transport_provincial,ON,15,Freight Air,freight_air_provincial_fuel_use,freight_air,stocks_and_demands,Freight Air|Energy Use by Energy Source (PJ)|Aviation Turbo Fuel,Freight Air,Energy Use by Energy Source (PJ)|Aviation Turbo Fuel,2013,1.7125,PJ,C:\Users\rashi\ESM_databases\canoe-transportation\inputs\cache\nrcan_ceud_transport\2021_tran_on_e_15.xls
nrcan_ceud_transport_provincial,ON,15,Freight Air,freight_air_provincial_fuel_use,freight_air,stocks_and_demands,Freight Air Transportation Energy Use (PJ),Freight Air Transportation Energy Use (PJ),Freight Air Transportation Energy Use (PJ),2014,1.681875,PJ,C:\Users\rashi\ESM_databases\canoe-transportation\inputs\cache\nrcan_ceud_transport\2021_tran_on_e_15.xls
nrcan_ceud_transport_provincial,ON,15,Freight Air,freight_air_provincial_fuel_use,freight_air,stocks_and_demands,Freight Air|Energy Use by Energy Source (PJ)|Aviation Gasoline,Freight Air,Energy Use by Energy Source (PJ)|Aviation Gasoline,2014,0.004625,PJ,C:\Users\rashi\ESM_databases\canoe-transportation\inputs\cache\nrcan_ceud_transport\2021_tran_on_e_15.xls
nrcan_ceud_transport_provincial,ON,15,Freight Air,freight_air_provincial_fuel_use,freight_air,stocks_and_demands,Freight Air|Energy Use by Energy Source (PJ)|Aviation Turbo Fuel,Freight Air,Energy Use by Energy Source (PJ)|Aviation Turbo Fuel,2014,1.67725,PJ,C:\Users\rashi\ESM_databases\canoe-transportation\inputs\cache\nrcan_ceud_transport\2021_tran_on_e_15.xls
nrcan_ceud_transport_provincial,ON,15,Freight Air,freight_air_provincial_fuel_use,freight_air,stocks_and_demands,Freight Air Transportation Energy Use (PJ),Freight Air Transportation Energy Use (PJ),Freight Air Transportation Energy Use (PJ),2015,1.582922,PJ,C:\Users\rashi\ESM_databases\canoe-transportation\inputs\cache\nrcan_ceud_transport\2021_tran_on_e_15.xls
nrcan_ceud_transport_provincial,ON,15,Freight Air,freight_air_provincial_fuel_use,freight_air,stocks_and_demands,Freight Air|Energy Use by Energy Source (PJ)|Aviation Gasoline,Freight Air,Energy Use by Energy Source (PJ)|Aviation Gasoline,2015,0.006072,PJ,C:\Users\rashi\ESM_databases\canoe-transportation\inputs\cache\nrcan_ceud_transport\2021_tran_on_e_15.xls
nrcan_ceud_transport_provincial,ON,15,Freight Air,freight_air_provincial_fuel_use,freight_air,stocks_and_demands,Freight Air|Energy Use by Energy Source (PJ)|Aviation Turbo Fuel,Freight Air,Energy Use by Energy Source (PJ)|Aviation Turbo Fuel,2015,1.57685,PJ,C:\Users\rashi\ESM_databases\canoe-transportation\inputs\cache\nrcan_ceud_transport\2021_tran_on_e_15.xls
nrcan_ceud_transport_provincial,ON,15,Freight Air,freight_air_provincial_fuel_use,freight_air,stocks_and_demands,Freight Air Transportation Energy Use (PJ),Freight Air Transportation Energy Use (PJ),Freight Air Transportation Energy Use (PJ),2016,1.758166,PJ,C:\Users\rashi\ESM_databases\canoe-transportation\inputs\cache\nrcan_ceud_transport\2021_tran_on_e_15.xls
nrcan_ceud_transport_provincial,ON,15,Freight Air,freight_air_provincial_fuel_use,freight_air,stocks_and_demands,Freight Air|Energy Use by Energy Source (PJ)|Aviation Gasoline,Freight Air,Energy Use by Energy Source (PJ)|Aviation Gasoline,2016,0.006877,PJ,C:\Users\rashi\ESM_databases\canoe-transportation\inputs\cache\nrcan_ceud_transport\2021_tran_on_e_15.xls
nrcan_ceud_transport_provincial,ON,15,Freight Air,freight_air_provincial_fuel_use,freight_air,stocks_and_demands,Freight Air|Energy Use by Energy Source (PJ)|Aviation Turbo Fuel,Freight Air,Energy Use by Energy Source (PJ)|Aviation Turbo Fuel,2016,1.751289,PJ,C:\Users\rashi\ESM_databases\canoe-transportation\inputs\cache\nrcan_ceud_transport\2021_tran_on_e_15.xls
nrcan_ceud_transport_provincial,ON,15,Freight Air,freight_air_provincial_fuel_use,freight_air,stocks_and_demands,Freight Air Transportation Energy Use (PJ),Freight Air Transportation Energy Use (PJ),Freight Air Transportation Energy Use (PJ),2017,2.29745,PJ,C:\Users\rashi\ESM_databases\canoe-transportation\inputs\cache\nrcan_ceud_transport\2021_tran_on_e_15.xls
nrcan_ceud_transport_provincial,ON,15,Freight Air,freight_air_provincial_fuel_use,freight_air,stocks_and_demands,Freight Air|Energy Use by Energy Source (PJ)|Aviation Gasoline,Freight Air,Energy Use by Energy Source (PJ)|Aviation Gasoline,2017,0.006575,PJ,C:\Users\rashi\ESM_databases\canoe-transportation\inputs\cache\nrcan_ceud_transport\2021_tran_on_e_15.xls
nrcan_ceud_transport_provincial,ON,15,Freight Air,freight_air_provincial_fuel_use,freight_air,stocks_and_demands,Freight Air|Energy Use by Energy Source (PJ)|Aviation Turbo Fuel,Freight Air,Energy Use by Energy Source (PJ)|Aviation Turbo Fuel,2017,2.290875,PJ,C:\Users\rashi\ESM_databases\canoe-transportation\inputs\cache\nrcan_ceud_transport\2021_tran_on_e_15.xls
nrcan_ceud_transport_provincial,ON,15,Freight Air,freight_air_provincial_fuel_use,freight_air,stocks_and_demands,Freight Air Transportation Energy Use (PJ),Freight Air Transportation Energy Use (PJ),Freight Air Transportation Energy Use (PJ),2018,2.4801,PJ,C:\Users\rashi\ESM_databases\canoe-transportation\inputs\cache\nrcan_ceud_transport\2021_tran_on_e_15.xls
nrcan_ceud_transport_provincial,ON,15,Freight Air,freight_air_provincial_fuel_use,freight_air,stocks_and_demands,Freight Air|Energy Use by Energy Source (PJ)|Aviation Gasoline,Freight Air,Energy Use by Energy Source (PJ)|Aviation Gasoline,2018,0.0045,PJ,C:\Users\rashi\ESM_databases\canoe-transportation\inputs\cache\nrcan_ceud_transport\2021_tran_on_e_15.xls
nrcan_ceud_transport_provincial,ON,15,Freight Air,freight_air_provincial_fuel_use,freight_air,stocks_and_demands,Freight Air|Energy Use by Energy Source (PJ)|Aviation Turbo Fuel,Freight Air,Energy Use by Energy Source (PJ)|Aviation Turbo Fuel,2018,2.4756,PJ,C:\Users\rashi\ESM_databases\canoe-transportation\inputs\cache\nrcan_ceud_transport\2021_tran_on_e_15.xls
nrcan_ceud_transport_provincial,ON,15,Freight Air,freight_air_provincial_fuel_use,freight_air,stocks_and_demands,Freight Air Transportation Energy Use (PJ),Freight Air Transportation Energy Use (PJ),Freight Air Transportation Energy Use (PJ),2019,2.259528,PJ,C:\Users\rashi\ESM_databases\canoe-transportation\inputs\cache\nrcan_ceud_transport\2021_tran_on_e_15.xls
nrcan_ceud_transport_provincial,ON,15,Freight Air,freight_air_provincial_fuel_use,freight_air,stocks_and_demands,Freight Air|Energy Use by Energy Source (PJ)|Aviation Gasoline,Freight Air,Energy Use by Energy Source (PJ)|Aviation Gasoline,2019,0.008112,PJ,C:\Users\rashi\ESM_databases\canoe-transportation\inputs\cache\nrcan_ceud_transport\2021_tran_on_e_15.xls
nrcan_ceud_transport_provincial,ON,15,Freight Air,freight_air_provincial_fuel_use,freight_air,stocks_and_demands,Freight Air|Energy Use by Energy Source (PJ)|Aviation Turbo Fuel,Freight Air,Energy Use by Energy Source (PJ)|Aviation Turbo Fuel,2019,2.251416,PJ,C:\Users\rashi\ESM_databases\canoe-transportation\inputs\cache\nrcan_ceud_transport\2021_tran_on_e_15.xls
nrcan_ceud_transport_provincial,ON,15,Freight Air,freight_air_provincial_fuel_use,freight_air,stocks_and_demands,Freight Air Transportation Energy Use (PJ),Freight Air Transportation Energy Use (PJ),Freight Air Transportation Energy Use (PJ),2020,2.929278,PJ,C:\Users\rashi\ESM_databases\canoe-transportation\inputs\cache\nrcan_ceud_transport\2021_tran_on_e_15.xls
nrcan_ceud_transport_provincial,ON,15,Freight Air,freight_air_provincial_fuel_use,freight_air,stocks_and_demands,Freight Air|Energy Use by Energy Source (PJ)|Aviation Gasoline,Freight Air,Energy Use by Energy Source (PJ)|Aviation Gasoline,2020,0.01485,PJ,C:\Users\rashi\ESM_databases\canoe-transportation\inputs\cache\nrcan_ceud_transport\2021_tran_on_e_15.xls
nrcan_ceud_transport_provincial,ON,15,Freight Air,freight_air_provincial_fuel_use,freight_air,stocks_and_demands,Freight Air|Energy Use by Energy Source (PJ)|Aviation Turbo Fuel,Freight Air,Energy Use by Energy Source (PJ)|Aviation Turbo Fuel,2020,2.914428,PJ,C:\Users\rashi\ESM_databases\canoe-transportation\inputs\cache\nrcan_ceud_transport\2021_tran_on_e_15.xls
nrcan_ceud_transport_provincial,ON,15,Freight Air,freight_air_provincial_fuel_use,freight_air,stocks_and_demands,Freight Air Transportation Energy Use (PJ),Freight Air Transportation Energy Use (PJ),Freight Air Transportation Energy Use (PJ),2021,5.5338,PJ,C:\Users\rashi\ESM_databases\canoe-transportation\inputs\cache\nrcan_ceud_transport\2021_tran_on_e_15.xls
nrcan_ceud_transport_provincial,ON,15,Freight Air,freight_air_provincial_fuel_use,freight_air,stocks_and_demands,Freight Air|Energy Use by Energy Source (PJ)|Aviation Gasoline,Freight Air,Energy Use by Energy Source (PJ)|Aviation Gasoline,2021,0.0259,PJ,C:\Users\rashi\ESM_databases\canoe-transportation\inputs\cache\nrcan_ceud_transport\2021_tran_on_e_15.xls
nrcan_ceud_transport_provincial,ON,15,Freight Air,freight_air_provincial_fuel_use,freight_air,stocks_and_demands,Freight Air|Energy Use by Energy Source (PJ)|Aviation Turbo Fuel,Freight Air,Energy Use by Energy Source (PJ)|Aviation Turbo Fuel,2021,5.5079,PJ,C:\Users\rashi\ESM_databases\canoe-transportation\inputs\cache\nrcan_ceud_transport\2021_tran_on_e_15.xls
nrcan_ceud_transport_provincial,ON,17,Passenger Rail,passenger_rail_provincial_fuel_use,passenger_rail,stocks_and_demands,Passenger Rail Transportation Energy Use1 (PJ),Passenger Rail Transportation Energy Use1 (PJ),Passenger Rail Transportation Energy Use1 (PJ),2000,0.752658,PJ,C:\Users\rashi\ESM_databases\canoe-transportation\inputs\cache\nrcan_ceud_transport\2021_tran_on_e_17.xls
nrcan_ceud_transport_provincial,ON,17,Passenger Rail,passenger_rail_provincial_fuel_use,passenger_rail,stocks_and_demands,Passenger Rail Transportation Energy Use1 (PJ),Passenger Rail Transportation Energy Use1 (PJ),Passenger Rail Transportation Energy Use1 (PJ),2001,0.715689,PJ,C:\Users\rashi\ESM_databases\canoe-transportation\inputs\cache\nrcan_ceud_transport\2021_tran_on_e_17.xls
nrcan_ceud_transport_provincial,ON,17,Passenger Rail,passenger_rail_provincial_fuel_use,passenger_rail,stocks_and_demands,Passenger Rail Transportation Energy Use1 (PJ),Passenger Rail Transportation Energy Use1 (PJ),Passenger Rail Transportation Energy Use1 (PJ),2002,0.675256,PJ,C:\Users\rashi\ESM_databases\canoe-transportation\inputs\cache\nrcan_ceud_transport\2021_tran_on_e_17.xls
nrcan_ceud_transport_provincial,ON,17,Passenger Rail,passenger_rail_provincial_fuel_use,passenger_rail,stocks_and_demands,Passenger Rail Transportation Energy Use1 (PJ),Passenger Rail Transportation Energy Use1 (PJ),Passenger Rail Transportation Energy Use1 (PJ),2003,0.556139,PJ,C:\Users\rashi\ESM_databases\canoe-transportation\inputs\cache\nrcan_ceud_transport\2021_tran_on_e_17.xls
nrcan_ceud_transport_provincial,ON,17,Passenger Rail,passenger_rail_provincial_fuel_use,passenger_rail,stocks_and_demands,Passenger Rail Transportation Energy Use1 (PJ),Passenger Rail Transportation Energy Use1 (PJ),Passenger Rail Transportation Energy Use1 (PJ),2004,0.594721,PJ,C:\Users\rashi\ESM_databases\canoe-transportation\inputs\cache\nrcan_ceud_transport\2021_tran_on_e_17.xls
nrcan_ceud_transport_provincial,ON,17,Passenger Rail,passenger_rail_provincial_fuel_use,passenger_rail,stocks_and_demands,Passenger Rail Transportation Energy Use1 (PJ),Passenger Rail Transportation Energy Use1 (PJ),Passenger Rail Transportation Energy Use1 (PJ),2005,0.62931,PJ,C:\Users\rashi\ESM_databases\canoe-transportation\inputs\cache\nrcan_ceud_transport\2021_tran_on_e_17.xls
nrcan_ceud_transport_provincial,ON,17,Passenger Rail,passenger_rail_provincial_fuel_use,passenger_rail,stocks_and_demands,Passenger Rail Transportation Energy Use1 (PJ),Passenger Rail Transportation Energy Use1 (PJ),Passenger Rail Transportation Energy Use1 (PJ),2006,0.576592,PJ,C:\Users\rashi\ESM_databases\canoe-transportation\inputs\cache\nrcan_ceud_transport\2021_tran_on_e_17.xls
nrcan_ceud_transport_provincial,ON,17,Passenger Rail,passenger_rail_provincial_fuel_use,passenger_rail,stocks_and_demands,Passenger Rail Transportation Energy Use1 (PJ),Passenger Rail Transportation Energy Use1 (PJ),Passenger Rail Transportation Energy Use1 (PJ),2007,0.58296,PJ,C:\Users\rashi\ESM_databases\canoe-transportation\inputs\cache\nrcan_ceud_transport\2021_tran_on_e_17.xls
nrcan_ceud_transport_provincial,ON,17,Passenger Rail,passenger_rail_provincial_fuel_use,passenger_rail,stocks_and_demands,Passenger Rail Transportation Energy Use1 (PJ),Passenger Rail Transportation Energy Use1 (PJ),Passenger Rail Transportation Energy Use1 (PJ),2008,0.620081,PJ,C:\Users\rashi\ESM_databases\canoe-transportation\inputs\cache\nrcan_ceud_transport\2021_tran_on_e_17.xls
nrcan_ceud_transport_provincial,ON,17,Passenger Rail,passenger_rail_provincial_fuel_use,passenger_rail,stocks_and_demands,Passenger Rail Transportation Energy Use1 (PJ),Passenger Rail Transportation Energy Use1 (PJ),Passenger Rail Transportation Energy Use1 (PJ),2009,0.517074,PJ,C:\Users\rashi\ESM_databases\canoe-transportation\inputs\cache\nrcan_ceud_transport\2021_tran_on_e_17.xls
nrcan_ceud_transport_provincial,ON,17,Passenger Rail,passenger_rail_provincial_fuel_use,passenger_rail,stocks_and_demands,Passenger Rail Transportation Energy Use1 (PJ),Passenger Rail Transportation Energy Use1 (PJ),Passenger Rail Transportation Energy Use1 (PJ),2010,0.474563,PJ,C:\Users\rashi\ESM_databases\canoe-transportation\inputs\cache\nrcan_ceud_transport\2021_tran_on_e_17.xls
nrcan_ceud_transport_provincial,ON,17,Passenger Rail,passenger_rail_provincial_fuel_use,passenger_rail,stocks_and_demands,Passenger Rail Transportation Energy Use1 (PJ),Passenger Rail Transportation Energy Use1 (PJ),Passenger Rail Transportation Energy Use1 (PJ),2011,0.496116,PJ,C:\Users\rashi\ESM_databases\canoe-transportation\inputs\cache\nrcan_ceud_transport\2021_tran_on_e_17.xls
nrcan_ceud_transport_provincial,ON,17,Passenger Rail,passenger_rail_provincial_fuel_use,passenger_rail,stocks_and_demands,Passenger Rail Transportation Energy Use1 (PJ),Passenger Rail Transportation Energy Use1 (PJ),Passenger Rail Transportation Energy Use1 (PJ),2012,0.391463,PJ,C:\Users\rashi\ESM_databases\canoe-transportation\inputs\cache\nrcan_ceud_transport\2021_tran_on_e_17.xls
nrcan_ceud_transport_provincial,ON,17,Passenger Rail,passenger_rail_provincial_fuel_use,passenger_rail,stocks_and_demands,Passenger Rail Transportation Energy Use1 (PJ),Passenger Rail Transportation Energy Use1 (PJ),Passenger Rail Transportation Energy Use1 (PJ),2013,0.380064,PJ,C:\Users\rashi\ESM_databases\canoe-transportation\inputs\cache\nrcan_ceud_transport\2021_tran_on_e_17.xls
nrcan_ceud_transport_provincial,ON,17,Passenger Rail,passenger_rail_provincial_fuel_use,passenger_rail,stocks_and_demands,Passenger Rail Transportation Energy Use1 (PJ),Passenger Rail Transportation Energy Use1 (PJ),Passenger Rail Transportation Energy Use1 (PJ),2014,0.376067,PJ,C:\Users\rashi\ESM_databases\canoe-transportation\inputs\cache\nrcan_ceud_transport\2021_tran_on_e_17.xls
nrcan_ceud_transport_provincial,ON,17,Passenger Rail,passenger_rail_provincial_fuel_use,passenger_rail,stocks_and_demands,Passenger Rail Transportation Energy Use1 (PJ),Passenger Rail Transportation Energy Use1 (PJ),Passenger Rail Transportation Energy Use1 (PJ),2015,0.403205,PJ,C:\Users\rashi\ESM_databases\canoe-transportation\inputs\cache\nrcan_ceud_transport\2021_tran_on_e_17.xls
nrcan_ceud_transport_provincial,ON,17,Passenger Rail,passenger_rail_provincial_fuel_use,passenger_rail,stocks_and_demands,Passenger Rail Transportation Energy Use1 (PJ),Passenger Rail Transportation Energy Use1 (PJ),Passenger Rail Transportation Energy Use1 (PJ),2016,0.449645,PJ,C:\Users\rashi\ESM_databases\canoe-transportation\inputs\cache\nrcan_ceud_transport\2021_tran_on_e_17.xls
nrcan_ceud_transport_provincial,ON,17,Passenger Rail,passenger_rail_provincial_fuel_use,passenger_rail,stocks_and_demands,Passenger Rail Transportation Energy Use1 (PJ),Passenger Rail Transportation Energy Use1 (PJ),Passenger Rail Transportation Energy Use1 (PJ),2017,0.442365,PJ,C:\Users\rashi\ESM_databases\canoe-transportation\inputs\cache\nrcan_ceud_transport\2021_tran_on_e_17.xls
nrcan_ceud_transport_provincial,ON,17,Passenger Rail,passenger_rail_provincial_fuel_use,passenger_rail,stocks_and_demands,Passenger Rail Transportation Energy Use1 (PJ),Passenger Rail Transportation Energy Use1 (PJ),Passenger Rail Transportation Energy Use1 (PJ),2018,0.449824,PJ,C:\Users\rashi\ESM_databases\canoe-transportation\inputs\cache\nrcan_ceud_transport\2021_tran_on_e_17.xls
nrcan_ceud_transport_provincial,ON,17,Passenger Rail,passenger_rail_provincial_fuel_use,passenger_rail,stocks_and_demands,Passenger Rail Transportation Energy Use1 (PJ),Passenger Rail Transportation Energy Use1 (PJ),Passenger Rail Transportation Energy Use1 (PJ),2019,0.462992,PJ,C:\Users\rashi\ESM_databases\canoe-transportation\inputs\cache\nrcan_ceud_transport\2021_tran_on_e_17.xls
nrcan_ceud_transport_provincial,ON,17,Passenger Rail,passenger_rail_provincial_fuel_use,passenger_rail,stocks_and_demands,Passenger Rail Transportation Energy Use1 (PJ),Passenger Rail Transportation Energy Use1 (PJ),Passenger Rail Transportation Energy Use1 (PJ),2020,0.227603,PJ,C:\Users\rashi\ESM_databases\canoe-transportation\inputs\cache\nrcan_ceud_transport\2021_tran_on_e_17.xls
nrcan_ceud_transport_provincial,ON,17,Passenger Rail,passenger_rail_provincial_fuel_use,passenger_rail,stocks_and_demands,Passenger Rail Transportation Energy Use1 (PJ),Passenger Rail Transportation Energy Use1 (PJ),Passenger Rail Transportation Energy Use1 (PJ),2021,0.337362,PJ,C:\Users\rashi\ESM_databases\canoe-transportation\inputs\cache\nrcan_ceud_transport\2021_tran_on_e_17.xls
nrcan_ceud_transport_provincial,ON,18,Freight Rail,freight_rail_provincial_fuel_use,freight_rail,stocks_and_demands,Freight Rail Transportation Energy Use1 (PJ),Freight Rail Transportation Energy Use1 (PJ),Freight Rail Transportation Energy Use1 (PJ),2000,20.628342,PJ,C:\Users\rashi\ESM_databases\canoe-transportation\inputs\cache\nrcan_ceud_transport\2021_tran_on_e_18.xls
nrcan_ceud_transport_provincial,ON,18,Freight Rail,freight_rail_provincial_fuel_use,freight_rail,stocks_and_demands,Freight Rail Transportation Energy Use1 (PJ),Freight Rail Transportation Energy Use1 (PJ),Freight Rail Transportation Energy Use1 (PJ),2001,19.518311,PJ,C:\Users\rashi\ESM_databases\canoe-transportation\inputs\cache\nrcan_ceud_transport\2021_tran_on_e_18.xls
nrcan_ceud_transport_provincial,ON,18,Freight Rail,freight_rail_provincial_fuel_use,freight_rail,stocks_and_demands,Freight Rail Transportation Energy Use1 (PJ),Freight Rail Transportation Energy Use1 (PJ),Freight Rail Transportation Energy Use1 (PJ),2002,18.032744,PJ,C:\Users\rashi\ESM_databases\canoe-transportation\inputs\cache\nrcan_ceud_transport\2021_tran_on_e_18.xls
nrcan_ceud_transport_provincial,ON,18,Freight Rail,freight_rail_provincial_fuel_use,freight_rail,stocks_and_demands,Freight Rail Transportation Energy Use1 (PJ),Freight Rail Transportation Energy Use1 (PJ),Freight Rail Transportation Energy Use1 (PJ),2003,15.856861,PJ,C:\Users\rashi\ESM_databases\canoe-transportation\inputs\cache\nrcan_ceud_transport\2021_tran_on_e_18.xls
nrcan_ceud_transport_provincial,ON,18,Freight Rail,freight_rail_provincial_fuel_use,freight_rail,stocks_and_demands,Freight Rail Transportation Energy Use1 (PJ),Freight Rail Transportation Energy Use1 (PJ),Freight Rail Transportation Energy Use1 (PJ),2004,17.919279,PJ,C:\Users\rashi\ESM_databases\canoe-transportation\inputs\cache\nrcan_ceud_transport\2021_tran_on_e_18.xls
nrcan_ceud_transport_provincial,ON,18,Freight Rail,freight_rail_provincial_fuel_use,freight_rail,stocks_and_demands,Freight Rail Transportation Energy Use1 (PJ),Freight Rail Transportation Energy Use1 (PJ),Freight Rail Transportation Energy Use1 (PJ),2005,19.24869,PJ,C:\Users\rashi\ESM_databases\canoe-transportation\inputs\cache\nrcan_ceud_transport\2021_tran_on_e_18.xls
nrcan_ceud_transport_provincial,ON,18,Freight Rail,freight_rail_provincial_fuel_use,freight_rail,stocks_and_demands,Freight Rail Transportation Energy Use1 (PJ),Freight Rail Transportation Energy Use1 (PJ),Freight Rail Transportation Energy Use1 (PJ),2006,18.279408,PJ,C:\Users\rashi\ESM_databases\canoe-transportation\inputs\cache\nrcan_ceud_transport\2021_tran_on_e_18.xls
nrcan_ceud_transport_provincial,ON,18,Freight Rail,freight_rail_provincial_fuel_use,freight_rail,stocks_and_demands,Freight Rail Transportation Energy Use1 (PJ),Freight Rail Transportation Energy Use1 (PJ),Freight Rail Transportation Energy Use1 (PJ),2007,19.05804,PJ,C:\Users\rashi\ESM_databases\canoe-transportation\inputs\cache\nrcan_ceud_transport\2021_tran_on_e_18.xls
nrcan_ceud_transport_provincial,ON,18,Freight Rail,freight_rail_provincial_fuel_use,freight_rail,stocks_and_demands,Freight Rail Transportation Energy Use1 (PJ),Freight Rail Transportation Energy Use1 (PJ),Freight Rail Transportation Energy Use1 (PJ),2008,18.997919,PJ,C:\Users\rashi\ESM_databases\canoe-transportation\inputs\cache\nrcan_ceud_transport\2021_tran_on_e_18.xls
nrcan_ceud_transport_provincial,ON,18,Freight Rail,freight_rail_provincial_fuel_use,freight_rail,stocks_and_demands,Freight Rail Transportation Energy Use1 (PJ),Freight Rail Transportation Energy Use1 (PJ),Freight Rail Transportation Energy Use1 (PJ),2009,14.205926,PJ,C:\Users\rashi\ESM_databases\canoe-transportation\inputs\cache\nrcan_ceud_transport\2021_tran_on_e_18.xls
nrcan_ceud_transport_provincial,ON,18,Freight Rail,freight_rail_provincial_fuel_use,freight_rail,stocks_and_demands,Freight Rail Transportation Energy Use1 (PJ),Freight Rail Transportation Energy Use1 (PJ),Freight Rail Transportation Energy Use1 (PJ),2010,15.579437,PJ,C:\Users\rashi\ESM_databases\canoe-transportation\inputs\cache\nrcan_ceud_transport\2021_tran_on_e_18.xls
nrcan_ceud_transport_provincial,ON,18,Freight Rail,freight_rail_provincial_fuel_use,freight_rail,stocks_and_demands,Freight Rail Transportation Energy Use1 (PJ),Freight Rail Transportation Energy Use1 (PJ),Freight Rail Transportation Energy Use1 (PJ),2011,16.424884,PJ,C:\Users\rashi\ESM_databases\canoe-transportation\inputs\cache\nrcan_ceud_transport\2021_tran_on_e_18.xls
nrcan_ceud_transport_provincial,ON,18,Freight Rail,freight_rail_provincial_fuel_use,freight_rail,stocks_and_demands,Freight Rail Transportation Energy Use1 (PJ),Freight Rail Transportation Energy Use1 (PJ),Freight Rail Transportation Energy Use1 (PJ),2012,15.483537,PJ,C:\Users\rashi\ESM_databases\canoe-transportation\inputs\cache\nrcan_ceud_transport\2021_tran_on_e_18.xls
nrcan_ceud_transport_provincial,ON,18,Freight Rail,freight_rail_provincial_fuel_use,freight_rail,stocks_and_demands,Freight Rail Transportation Energy Use1 (PJ),Freight Rail Transportation Energy Use1 (PJ),Freight Rail Transportation Energy Use1 (PJ),2013,16.439936,PJ,C:\Users\rashi\ESM_databases\canoe-transportation\inputs\cache\nrcan_ceud_transport\2021_tran_on_e_18.xls
nrcan_ceud_transport_provincial,ON,18,Freight Rail,freight_rail_provincial_fuel_use,freight_rail,stocks_and_demands,Freight Rail Transportation Energy Use1 (PJ),Freight Rail Transportation Energy Use1 (PJ),Freight Rail Transportation Energy Use1 (PJ),2014,17.670933,PJ,C:\Users\rashi\ESM_databases\canoe-transportation\inputs\cache\nrcan_ceud_transport\2021_tran_on_e_18.xls
nrcan_ceud_transport_provincial,ON,18,Freight Rail,freight_rail_provincial_fuel_use,freight_rail,stocks_and_demands,Freight Rail Transportation Energy Use1 (PJ),Freight Rail Transportation Energy Use1 (PJ),Freight Rail Transportation Energy Use1 (PJ),2015,17.877795,PJ,C:\Users\rashi\ESM_databases\canoe-transportation\inputs\cache\nrcan_ceud_transport\2021_tran_on_e_18.xls
nrcan_ceud_transport_provincial,ON,18,Freight Rail,freight_rail_provincial_fuel_use,freight_rail,stocks_and_demands,Freight Rail Transportation Energy Use1 (PJ),Freight Rail Transportation Energy Use1 (PJ),Freight Rail Transportation Energy Use1 (PJ),2016,18.084355,PJ,C:\Users\rashi\ESM_databases\canoe-transportation\inputs\cache\nrcan_ceud_transport\2021_tran_on_e_18.xls
nrcan_ceud_transport_provincial,ON,18,Freight Rail,freight_rail_provincial_fuel_use,freight_rail,stocks_and_demands,Freight Rail Transportation Energy Use1 (PJ),Freight Rail Transportation Energy Use1 (PJ),Freight Rail Transportation Energy Use1 (PJ),2017,18.012635,PJ,C:\Users\rashi\ESM_databases\canoe-transportation\inputs\cache\nrcan_ceud_transport\2021_tran_on_e_18.xls
nrcan_ceud_transport_provincial,ON,18,Freight Rail,freight_rail_provincial_fuel_use,freight_rail,stocks_and_demands,Freight Rail Transportation Energy Use1 (PJ),Freight Rail Transportation Energy Use1 (PJ),Freight Rail Transportation Energy Use1 (PJ),2018,19.166176,PJ,C:\Users\rashi\ESM_databases\canoe-transportation\inputs\cache\nrcan_ceud_transport\2021_tran_on_e_18.xls
nrcan_ceud_transport_provincial,ON,18,Freight Rail,freight_rail_provincial_fuel_use,freight_rail,stocks_and_demands,Freight Rail Transportation Energy Use1 (PJ),Freight Rail Transportation Energy Use1 (PJ),Freight Rail Transportation Energy Use1 (PJ),2019,19.384008,PJ,C:\Users\rashi\ESM_databases\canoe-transportation\inputs\cache\nrcan_ceud_transport\2021_tran_on_e_18.xls
nrcan_ceud_transport_provincial,ON,18,Freight Rail,freight_rail_provincial_fuel_use,freight_rail,stocks_and_demands,Freight Rail Transportation Energy Use1 (PJ),Freight Rail Transportation Energy Use1 (PJ),Freight Rail Transportation Energy Use1 (PJ),2020,18.830397,PJ,C:\Users\rashi\ESM_databases\canoe-transportation\inputs\cache\nrcan_ceud_transport\2021_tran_on_e_18.xls
nrcan_ceud_transport_provincial,ON,18,Freight Rail,freight_rail_provincial_fuel_use,freight_rail,stocks_and_demands,Freight Rail Transportation Energy Use1 (PJ),Freight Rail Transportation Energy Use1 (PJ),Freight Rail Transportation Energy Use1 (PJ),2021,18.833638,PJ,C:\Users\rashi\ESM_databases\canoe-transportation\inputs\cache\nrcan_ceud_transport\2021_tran_on_e_18.xls
nrcan_ceud_transport_provincial,ON,19,Marine Freight,marine_freight_provincial_fuel_use,marine_freight,stocks_and_demands,Marine1 Transportation Energy Use (PJ),Marine1 Transportation Energy Use (PJ),Marine1 Transportation Energy Use (PJ),2000,15.054,PJ,C:\Users\rashi\ESM_databases\canoe-transportation\inputs\cache\nrcan_ceud_transport\2021_tran_on_e_19.xls
nrcan_ceud_transport_provincial,ON,19,Marine Freight,marine_freight_provincial_fuel_use,marine_freight,stocks_and_demands,Marine Freight|Energy Use by Energy Source (PJ)|Diesel Fuel Oil,Marine Freight,Energy Use by Energy Source (PJ)|Diesel Fuel Oil,2000,4.819,PJ,C:\Users\rashi\ESM_databases\canoe-transportation\inputs\cache\nrcan_ceud_transport\2021_tran_on_e_19.xls
nrcan_ceud_transport_provincial,ON,19,Marine Freight,marine_freight_provincial_fuel_use,marine_freight,stocks_and_demands,Marine Freight|Energy Use by Energy Source (PJ)|Heavy Fuel Oil,Marine Freight,Energy Use by Energy Source (PJ)|Heavy Fuel Oil,2000,10.235,PJ,C:\Users\rashi\ESM_databases\canoe-transportation\inputs\cache\nrcan_ceud_transport\2021_tran_on_e_19.xls
nrcan_ceud_transport_provincial,ON,19,Marine Freight,marine_freight_provincial_fuel_use,marine_freight,stocks_and_demands,Marine1 Transportation Energy Use (PJ),Marine1 Transportation Energy Use (PJ),Marine1 Transportation Energy Use (PJ),2001,16.106,PJ,C:\Users\rashi\ESM_databases\canoe-transportation\inputs\cache\nrcan_ceud_transport\2021_tran_on_e_19.xls
nrcan_ceud_transport_provincial,ON,19,Marine Freight,marine_freight_provincial_fuel_use,marine_freight,stocks_and_demands,Marine Freight|Energy Use by Energy Source (PJ)|Diesel Fuel Oil,Marine Freight,Energy Use by Energy Source (PJ)|Diesel Fuel Oil,2001,4.117,PJ,C:\Users\rashi\ESM_databases\canoe-transportation\inputs\cache\nrcan_ceud_transport\2021_tran_on_e_19.xls
nrcan_ceud_transport_provincial,ON,19,Marine Freight,marine_freight_provincial_fuel_use,marine_freight,stocks_and_demands,Marine Freight|Energy Use by Energy Source (PJ)|Heavy Fuel Oil,Marine Freight,Energy Use by Energy Source (PJ)|Heavy Fuel Oil,2001,11.989,PJ,C:\Users\rashi\ESM_databases\canoe-transportation\inputs\cache\nrcan_ceud_transport\2021_tran_on_e_19.xls
nrcan_ceud_transport_provincial,ON,19,Marine Freight,marine_freight_provincial_fuel_use,marine_freight,stocks_and_demands,Marine1 Transportation Energy Use (PJ),Marine1 Transportation Energy Use (PJ),Marine1 Transportation Energy Use (PJ),2002,14.356,PJ,C:\Users\rashi\ESM_databases\canoe-transportation\inputs\cache\nrcan_ceud_transport\2021_tran_on_e_19.xls
nrcan_ceud_transport_provincial,ON,19,Marine Freight,marine_freight_provincial_fuel_use,marine_freight,stocks_and_demands,Marine Freight|Energy Use by Energy Source (PJ)|Diesel Fuel Oil,Marine Freight,Energy Use by Energy Source (PJ)|Diesel Fuel Oil,2002,4.175,PJ,C:\Users\rashi\ESM_databases\canoe-transportation\inputs\cache\nrcan_ceud_transport\2021_tran_on_e_19.xls
nrcan_ceud_transport_provincial,ON,19,Marine Freight,marine_freight_provincial_fuel_use,marine_freight,stocks_and_demands,Marine Freight|Energy Use by Energy Source (PJ)|Heavy Fuel Oil,Marine Freight,Energy Use by Energy Source (PJ)|Heavy Fuel Oil,2002,10.181,PJ,C:\Users\rashi\ESM_databases\canoe-transportation\inputs\cache\nrcan_ceud_transport\2021_tran_on_e_19.xls
nrcan_ceud_transport_provincial,ON,19,Marine Freight,marine_freight_provincial_fuel_use,marine_freight,stocks_and_demands,Marine1 Transportation Energy Use (PJ),Marine1 Transportation Energy Use (PJ),Marine1 Transportation Energy Use (PJ),2003,15.049,PJ,C:\Users\rashi\ESM_databases\canoe-transportation\inputs\cache\nrcan_ceud_transport\2021_tran_on_e_19.xls
nrcan_ceud_transport_provincial,ON,19,Marine Freight,marine_freight_provincial_fuel_use,marine_freight,stocks_and_demands,Marine Freight|Energy Use by Energy Source (PJ)|Diesel Fuel Oil,Marine Freight,Energy Use by Energy Source (PJ)|Diesel Fuel Oil,2003,4.585,PJ,C:\Users\rashi\ESM_databases\canoe-transportation\inputs\cache\nrcan_ceud_transport\2021_tran_on_e_19.xls
nrcan_ceud_transport_provincial,ON,19,Marine Freight,marine_freight_provincial_fuel_use,marine_freight,stocks_and_demands,Marine Freight|Energy Use by Energy Source (PJ)|Heavy Fuel Oil,Marine Freight,Energy Use by Energy Source (PJ)|Heavy Fuel Oil,2003,10.464,PJ,C:\Users\rashi\ESM_databases\canoe-transportation\inputs\cache\nrcan_ceud_transport\2021_tran_on_e_19.xls
nrcan_ceud_transport_provincial,ON,19,Marine Freight,marine_freight_provincial_fuel_use,marine_freight,stocks_and_demands,Marine1 Transportation Energy Use (PJ),Marine1 Transportation Energy Use (PJ),Marine1 Transportation Energy Use (PJ),2004,16.216,PJ,C:\Users\rashi\ESM_databases\canoe-transportation\inputs\cache\nrcan_ceud_transport\2021_tran_on_e_19.xls
nrcan_ceud_transport_provincial,ON,19,Marine Freight,marine_freight_provincial_fuel_use,marine_freight,stocks_and_demands,Marine Freight|Energy Use by Energy Source (PJ)|Diesel Fuel Oil,Marine Freight,Energy Use by Energy Source (PJ)|Diesel Fuel Oil,2004,4.63,PJ,C:\Users\rashi\ESM_databases\canoe-transportation\inputs\cache\nrcan_ceud_transport\2021_tran_on_e_19.xls
nrcan_ceud_transport_provincial,ON,19,Marine Freight,marine_freight_provincial_fuel_use,marine_freight,stocks_and_demands,Marine Freight|Energy Use by Energy Source (PJ)|Heavy Fuel Oil,Marine Freight,Energy Use by Energy Source (PJ)|Heavy Fuel Oil,2004,11.586,PJ,C:\Users\rashi\ESM_databases\canoe-transportation\inputs\cache\nrcan_ceud_transport\2021_tran_on_e_19.xls
nrcan_ceud_transport_provincial,ON,19,Marine Freight,marine_freight_provincial_fuel_use,marine_freight,stocks_and_demands,Marine1 Transportation Energy Use (PJ),Marine1 Transportation Energy Use (PJ),Marine1 Transportation Energy Use (PJ),2005,15.021,PJ,C:\Users\rashi\ESM_databases\canoe-transportation\inputs\cache\nrcan_ceud_transport\2021_tran_on_e_19.xls
nrcan_ceud_transport_provincial,ON,19,Marine Freight,marine_freight_provincial_fuel_use,marine_freight,stocks_and_demands,Marine Freight|Energy Use by Energy Source (PJ)|Diesel Fuel Oil,Marine Freight,Energy Use by Energy Source (PJ)|Diesel Fuel Oil,2005,4.65,PJ,C:\Users\rashi\ESM_databases\canoe-transportation\inputs\cache\nrcan_ceud_transport\2021_tran_on_e_19.xls
nrcan_ceud_transport_provincial,ON,19,Marine Freight,marine_freight_provincial_fuel_use,marine_freight,stocks_and_demands,Marine Freight|Energy Use by Energy Source (PJ)|Heavy Fuel Oil,Marine Freight,Energy Use by Energy Source (PJ)|Heavy Fuel Oil,2005,10.371,PJ,C:\Users\rashi\ESM_databases\canoe-transportation\inputs\cache\nrcan_ceud_transport\2021_tran_on_e_19.xls
nrcan_ceud_transport_provincial,ON,19,Marine Freight,marine_freight_provincial_fuel_use,marine_freight,stocks_and_demands,Marine1 Transportation Energy Use (PJ),Marine1 Transportation Energy Use (PJ),Marine1 Transportation Energy Use (PJ),2006,14.668,PJ,C:\Users\rashi\ESM_databases\canoe-transportation\inputs\cache\nrcan_ceud_transport\2021_tran_on_e_19.xls
nrcan_ceud_transport_provincial,ON,19,Marine Freight,marine_freight_provincial_fuel_use,marine_freight,stocks_and_demands,Marine Freight|Energy Use by Energy Source (PJ)|Diesel Fuel Oil,Marine Freight,Energy Use by Energy Source (PJ)|Diesel Fuel Oil,2006,4.565,PJ,C:\Users\rashi\ESM_databases\canoe-transportation\inputs\cache\nrcan_ceud_transport\2021_tran_on_e_19.xls
nrcan_ceud_transport_provincial,ON,19,Marine Freight,marine_freight_provincial_fuel_use,marine_freight,stocks_and_demands,Marine Freight|Energy Use by Energy Source (PJ)|Heavy Fuel Oil,Marine Freight,Energy Use by Energy Source (PJ)|Heavy Fuel Oil,2006,10.103,PJ,C:\Users\rashi\ESM_databases\canoe-transportation\inputs\cache\nrcan_ceud_transport\2021_tran_on_e_19.xls
nrcan_ceud_transport_provincial,ON,19,Marine Freight,marine_freight_provincial_fuel_use,marine_freight,stocks_and_demands,Marine1 Transportation Energy Use (PJ),Marine1 Transportation Energy Use (PJ),Marine1 Transportation Energy Use (PJ),2007,12.502,PJ,C:\Users\rashi\ESM_databases\canoe-transportation\inputs\cache\nrcan_ceud_transport\2021_tran_on_e_19.xls
nrcan_ceud_transport_provincial,ON,19,Marine Freight,marine_freight_provincial_fuel_use,marine_freight,stocks_and_demands,Marine Freight|Energy Use by Energy Source (PJ)|Diesel Fuel Oil,Marine Freight,Energy Use by Energy Source (PJ)|Diesel Fuel Oil,2007,3.311,PJ,C:\Users\rashi\ESM_databases\canoe-transportation\inputs\cache\nrcan_ceud_transport\2021_tran_on_e_19.xls
nrcan_ceud_transport_provincial,ON,19,Marine Freight,marine_freight_provincial_fuel_use,marine_freight,stocks_and_demands,Marine Freight|Energy Use by Energy Source (PJ)|Heavy Fuel Oil,Marine Freight,Energy Use by Energy Source (PJ)|Heavy Fuel Oil,2007,9.191,PJ,C:\Users\rashi\ESM_databases\canoe-transportation\inputs\cache\nrcan_ceud_transport\2021_tran_on_e_19.xls
nrcan_ceud_transport_provincial,ON,19,Marine Freight,marine_freight_provincial_fuel_use,marine_freight,stocks_and_demands,Marine1 Transportation Energy Use (PJ),Marine1 Transportation Energy Use (PJ),Marine1 Transportation Energy Use (PJ),2008,12.734,PJ,C:\Users\rashi\ESM_databases\canoe-transportation\inputs\cache\nrcan_ceud_transport\2021_tran_on_e_19.xls
nrcan_ceud_transport_provincial,ON,19,Marine Freight,marine_freight_provincial_fuel_use,marine_freight,stocks_and_demands,Marine Freight|Energy Use by Energy Source (PJ)|Diesel Fuel Oil,Marine Freight,Energy Use by Energy Source (PJ)|Diesel Fuel Oil,2008,3.746,PJ,C:\Users\rashi\ESM_databases\canoe-transportation\inputs\cache\nrcan_ceud_transport\2021_tran_on_e_19.xls
nrcan_ceud_transport_provincial,ON,19,Marine Freight,marine_freight_provincial_fuel_use,marine_freight,stocks_and_demands,Marine Freight|Energy Use by Energy Source (PJ)|Heavy Fuel Oil,Marine Freight,Energy Use by Energy Source (PJ)|Heavy Fuel Oil,2008,8.988,PJ,C:\Users\rashi\ESM_databases\canoe-transportation\inputs\cache\nrcan_ceud_transport\2021_tran_on_e_19.xls
nrcan_ceud_transport_provincial,ON,19,Marine Freight,marine_freight_provincial_fuel_use,marine_freight,stocks_and_demands,Marine1 Transportation Energy Use (PJ),Marine1 Transportation Energy Use (PJ),Marine1 Transportation Energy Use (PJ),2009,9.469,PJ,C:\Users\rashi\ESM_databases\canoe-transportation\inputs\cache\nrcan_ceud_transport\2021_tran_on_e_19.xls
nrcan_ceud_transport_provincial,ON,19,Marine Freight,marine_freight_provincial_fuel_use,marine_freight,stocks_and_demands,Marine Freight|Energy Use by Energy Source (PJ)|Diesel Fuel Oil,Marine Freight,Energy Use by Energy Source (PJ)|Diesel Fuel Oil,2009,1.547,PJ,C:\Users\rashi\ESM_databases\canoe-transportation\inputs\cache\nrcan_ceud_transport\2021_tran_on_e_19.xls
nrcan_ceud_transport_provincial,ON,19,Marine Freight,marine_freight_provincial_fuel_use,marine_freight,stocks_and_demands,Marine Freight|Energy Use by Energy Source (PJ)|Heavy Fuel Oil,Marine Freight,Energy Use by Energy Source (PJ)|Heavy Fuel Oil,2009,7.922,PJ,C:\Users\rashi\ESM_databases\canoe-transportation\inputs\cache\nrcan_ceud_transport\2021_tran_on_e_19.xls
nrcan_ceud_transport_provincial,ON,19,Marine Freight,marine_freight_provincial_fuel_use,marine_freight,stocks_and_demands,Marine1 Transportation Energy Use (PJ),Marine1 Transportation Energy Use (PJ),Marine1 Transportation Energy Use (PJ),2010,15.788,PJ,C:\Users\rashi\ESM_databases\canoe-transportation\inputs\cache\nrcan_ceud_transport\2021_tran_on_e_19.xls
nrcan_ceud_transport_provincial,ON,19,Marine Freight,marine_freight_provincial_fuel_use,marine_freight,stocks_and_demands,Marine Freight|Energy Use by Energy Source (PJ)|Diesel Fuel Oil,Marine Freight,Energy Use by Energy Source (PJ)|Diesel Fuel Oil,2010,1.948,PJ,C:\Users\rashi\ESM_databases\canoe-transportation\inputs\cache\nrcan_ceud_transport\2021_tran_on_e_19.xls
nrcan_ceud_transport_provincial,ON,19,Marine Freight,marine_freight_provincial_fuel_use,marine_freight,stocks_and_demands,Marine Freight|Energy Use by Energy Source (PJ)|Heavy Fuel Oil,Marine Freight,Energy Use by Energy Source (PJ)|Heavy Fuel Oil,2010,13.84,PJ,C:\Users\rashi\ESM_databases\canoe-transportation\inputs\cache\nrcan_ceud_transport\2021_tran_on_e_19.xls
nrcan_ceud_transport_provincial,ON,19,Marine Freight,marine_freight_provincial_fuel_use,marine_freight,stocks_and_demands,Marine1 Transportation Energy Use (PJ),Marine1 Transportation Energy Use (PJ),Marine1 Transportation Energy Use (PJ),2011,11.253,PJ,C:\Users\rashi\ESM_databases\canoe-transportation\inputs\cache\nrcan_ceud_transport\2021_tran_on_e_19.xls
nrcan_ceud_transport_provincial,ON,19,Marine Freight,marine_freight_provincial_fuel_use,marine_freight,stocks_and_demands,Marine Freight|Energy Use by Energy Source (PJ)|Diesel Fuel Oil,Marine Freight,Energy Use by Energy Source (PJ)|Diesel Fuel Oil,2011,1.907,PJ,C:\Users\rashi\ESM_databases\canoe-transportation\inputs\cache\nrcan_ceud_transport\2021_tran_on_e_19.xls
nrcan_ceud_transport_provincial,ON,19,Marine Freight,marine_freight_provincial_fuel_use,marine_freight,stocks_and_demands,Marine Freight|Energy Use by Energy Source (PJ)|Heavy Fuel Oil,Marine Freight,Energy Use by Energy Source (PJ)|Heavy Fuel Oil,2011,9.346,PJ,C:\Users\rashi\ESM_databases\canoe-transportation\inputs\cache\nrcan_ceud_transport\2021_tran_on_e_19.xls
nrcan_ceud_transport_provincial,ON,19,Marine Freight,marine_freight_provincial_fuel_use,marine_freight,stocks_and_demands,Marine1 Transportation Energy Use (PJ),Marine1 Transportation Energy Use (PJ),Marine1 Transportation Energy Use (PJ),2012,14.403,PJ,C:\Users\rashi\ESM_databases\canoe-transportation\inputs\cache\nrcan_ceud_transport\2021_tran_on_e_19.xls
nrcan_ceud_transport_provincial,ON,19,Marine Freight,marine_freight_provincial_fuel_use,marine_freight,stocks_and_demands,Marine Freight|Energy Use by Energy Source (PJ)|Diesel Fuel Oil,Marine Freight,Energy Use by Energy Source (PJ)|Diesel Fuel Oil,2012,2.873,PJ,C:\Users\rashi\ESM_databases\canoe-transportation\inputs\cache\nrcan_ceud_transport\2021_tran_on_e_19.xls
nrcan_ceud_transport_provincial,ON,19,Marine Freight,marine_freight_provincial_fuel_use,marine_freight,stocks_and_demands,Marine Freight|Energy Use by Energy Source (PJ)|Heavy Fuel Oil,Marine Freight,Energy Use by Energy Source (PJ)|Heavy Fuel Oil,2012,11.53,PJ,C:\Users\rashi\ESM_databases\canoe-transportation\inputs\cache\nrcan_ceud_transport\2021_tran_on_e_19.xls
nrcan_ceud_transport_provincial,ON,19,Marine Freight,marine_freight_provincial_fuel_use,marine_freight,stocks_and_demands,Marine1 Transportation Energy Use (PJ),Marine1 Transportation Energy Use (PJ),Marine1 Transportation Energy Use (PJ),2013,17.89,PJ,C:\Users\rashi\ESM_databases\canoe-transportation\inputs\cache\nrcan_ceud_transport\2021_tran_on_e_19.xls
nrcan_ceud_transport_provincial,ON,19,Marine Freight,marine_freight_provincial_fuel_use,marine_freight,stocks_and_demands,Marine Freight|Energy Use by Energy Source (PJ)|Diesel Fuel Oil,Marine Freight,Energy Use by Energy Source (PJ)|Diesel Fuel Oil,2013,2.417,PJ,C:\Users\rashi\ESM_databases\canoe-transportation\inputs\cache\nrcan_ceud_transport\2021_tran_on_e_19.xls
nrcan_ceud_transport_provincial,ON,19,Marine Freight,marine_freight_provincial_fuel_use,marine_freight,stocks_and_demands,Marine Freight|Energy Use by Energy Source (PJ)|Heavy Fuel Oil,Marine Freight,Energy Use by Energy Source (PJ)|Heavy Fuel Oil,2013,15.473,PJ,C:\Users\rashi\ESM_databases\canoe-transportation\inputs\cache\nrcan_ceud_transport\2021_tran_on_e_19.xls
nrcan_ceud_transport_provincial,ON,19,Marine Freight,marine_freight_provincial_fuel_use,marine_freight,stocks_and_demands,Marine1 Transportation Energy Use (PJ),Marine1 Transportation Energy Use (PJ),Marine1 Transportation Energy Use (PJ),2014,17.485,PJ,C:\Users\rashi\ESM_databases\canoe-transportation\inputs\cache\nrcan_ceud_transport\2021_tran_on_e_19.xls
nrcan_ceud_transport_provincial,ON,19,Marine Freight,marine_freight_provincial_fuel_use,marine_freight,stocks_and_demands,Marine Freight|Energy Use by Energy Source (PJ)|Diesel Fuel Oil,Marine Freight,Energy Use by Energy Source (PJ)|Diesel Fuel Oil,2014,2.568,PJ,C:\Users\rashi\ESM_databases\canoe-transportation\inputs\cache\nrcan_ceud_transport\2021_tran_on_e_19.xls
nrcan_ceud_transport_provincial,ON,19,Marine Freight,marine_freight_provincial_fuel_use,marine_freight,stocks_and_demands,Marine Freight|Energy Use by Energy Source (PJ)|Heavy Fuel Oil,Marine Freight,Energy Use by Energy Source (PJ)|Heavy Fuel Oil,2014,14.917,PJ,C:\Users\rashi\ESM_databases\canoe-transportation\inputs\cache\nrcan_ceud_transport\2021_tran_on_e_19.xls
nrcan_ceud_transport_provincial,ON,19,Marine Freight,marine_freight_provincial_fuel_use,marine_freight,stocks_and_demands,Marine1 Transportation Energy Use (PJ),Marine1 Transportation Energy Use (PJ),Marine1 Transportation Energy Use (PJ),2015,16.648,PJ,C:\Users\rashi\ESM_databases\canoe-transportation\inputs\cache\nrcan_ceud_transport\2021_tran_on_e_19.xls
nrcan_ceud_transport_provincial,ON,19,Marine Freight,marine_freight_provincial_fuel_use,marine_freight,stocks_and_demands,Marine Freight|Energy Use by Energy Source (PJ)|Diesel Fuel Oil,Marine Freight,Energy Use by Energy Source (PJ)|Diesel Fuel Oil,2015,0.939,PJ,C:\Users\rashi\ESM_databases\canoe-transportation\inputs\cache\nrcan_ceud_transport\2021_tran_on_e_19.xls
nrcan_ceud_transport_provincial,ON,19,Marine Freight,marine_freight_provincial_fuel_use,marine_freight,stocks_and_demands,Marine Freight|Energy Use by Energy Source (PJ)|Heavy Fuel Oil,Marine Freight,Energy Use by Energy Source (PJ)|Heavy Fuel Oil,2015,15.709,PJ,C:\Users\rashi\ESM_databases\canoe-transportation\inputs\cache\nrcan_ceud_transport\2021_tran_on_e_19.xls
nrcan_ceud_transport_provincial,ON,19,Marine Freight,marine_freight_provincial_fuel_use,marine_freight,stocks_and_demands,Marine1 Transportation Energy Use (PJ),Marine1 Transportation Energy Use (PJ),Marine1 Transportation Energy Use (PJ),2016,14.955,PJ,C:\Users\rashi\ESM_databases\canoe-transportation\inputs\cache\nrcan_ceud_transport\2021_tran_on_e_19.xls
nrcan_ceud_transport_provincial,ON,19,Marine Freight,marine_freight_provincial_fuel_use,marine_freight,stocks_and_demands,Marine Freight|Energy Use by Energy Source (PJ)|Diesel Fuel Oil,Marine Freight,Energy Use by Energy Source (PJ)|Diesel Fuel Oil,2016,0.289,PJ,C:\Users\rashi\ESM_databases\canoe-transportation\inputs\cache\nrcan_ceud_transport\2021_tran_on_e_19.xls
nrcan_ceud_transport_provincial,ON,19,Marine Freight,marine_freight_provincial_fuel_use,marine_freight,stocks_and_demands,Marine Freight|Energy Use by Energy Source (PJ)|Heavy Fuel Oil,Marine Freight,Energy Use by Energy Source (PJ)|Heavy Fuel Oil,2016,14.666,PJ,C:\Users\rashi\ESM_databases\canoe-transportation\inputs\cache\nrcan_ceud_transport\2021_tran_on_e_19.xls
nrcan_ceud_transport_provincial,ON,19,Marine Freight,marine_freight_provincial_fuel_use,marine_freight,stocks_and_demands,Marine1 Transportation Energy Use (PJ),Marine1 Transportation Energy Use (PJ),Marine1 Transportation Energy Use (PJ),2017,15.537,PJ,C:\Users\rashi\ESM_databases\canoe-transportation\inputs\cache\nrcan_ceud_transport\2021_tran_on_e_19.xls
nrcan_ceud_transport_provincial,ON,19,Marine Freight,marine_freight_provincial_fuel_use,marine_freight,stocks_and_demands,Marine Freight|Energy Use by Energy Source (PJ)|Diesel Fuel Oil,Marine Freight,Energy Use by Energy Source (PJ)|Diesel Fuel Oil,2017,0.449,PJ,C:\Users\rashi\ESM_databases\canoe-transportation\inputs\cache\nrcan_ceud_transport\2021_tran_on_e_19.xls
nrcan_ceud_transport_provincial,ON,19,Marine Freight,marine_freight_provincial_fuel_use,marine_freight,stocks_and_demands,Marine Freight|Energy Use by Energy Source (PJ)|Heavy Fuel Oil,Marine Freight,Energy Use by Energy Source (PJ)|Heavy Fuel Oil,2017,15.088,PJ,C:\Users\rashi\ESM_databases\canoe-transportation\inputs\cache\nrcan_ceud_transport\2021_tran_on_e_19.xls
nrcan_ceud_transport_provincial,ON,19,Marine Freight,marine_freight_provincial_fuel_use,marine_freight,stocks_and_demands,Marine1 Transportation Energy Use (PJ),Marine1 Transportation Energy Use (PJ),Marine1 Transportation Energy Use (PJ),2018,15.367,PJ,C:\Users\rashi\ESM_databases\canoe-transportation\inputs\cache\nrcan_ceud_transport\2021_tran_on_e_19.xls
nrcan_ceud_transport_provincial,ON,19,Marine Freight,marine_freight_provincial_fuel_use,marine_freight,stocks_and_demands,Marine Freight|Energy Use by Energy Source (PJ)|Diesel Fuel Oil,Marine Freight,Energy Use by Energy Source (PJ)|Diesel Fuel Oil,2018,0.455,PJ,C:\Users\rashi\ESM_databases\canoe-transportation\inputs\cache\nrcan_ceud_transport\2021_tran_on_e_19.xls
nrcan_ceud_transport_provincial,ON,19,Marine Freight,marine_freight_provincial_fuel_use,marine_freight,stocks_and_demands,Marine Freight|Energy Use by Energy Source (PJ)|Heavy Fuel Oil,Marine Freight,Energy Use by Energy Source (PJ)|Heavy Fuel Oil,2018,14.912,PJ,C:\Users\rashi\ESM_databases\canoe-transportation\inputs\cache\nrcan_ceud_transport\2021_tran_on_e_19.xls
nrcan_ceud_transport_provincial,ON,19,Marine Freight,marine_freight_provincial_fuel_use,marine_freight,stocks_and_demands,Marine1 Transportation Energy Use (PJ),Marine1 Transportation Energy Use (PJ),Marine1 Transportation Energy Use (PJ),2019,18.692,PJ,C:\Users\rashi\ESM_databases\canoe-transportation\inputs\cache\nrcan_ceud_transport\2021_tran_on_e_19.xls
nrcan_ceud_transport_provincial,ON,19,Marine Freight,marine_freight_provincial_fuel_use,marine_freight,stocks_and_demands,Marine Freight|Energy Use by Energy Source (PJ)|Diesel Fuel Oil,Marine Freight,Energy Use by Energy Source (PJ)|Diesel Fuel Oil,2019,0.498,PJ,C:\Users\rashi\ESM_databases\canoe-transportation\inputs\cache\nrcan_ceud_transport\2021_tran_on_e_19.xls
nrcan_ceud_transport_provincial,ON,19,Marine Freight,marine_freight_provincial_fuel_use,marine_freight,stocks_and_demands,Marine Freight|Energy Use by Energy Source (PJ)|Heavy Fuel Oil,Marine Freight,Energy Use by Energy Source (PJ)|Heavy Fuel Oil,2019,18.194,PJ,C:\Users\rashi\ESM_databases\canoe-transportation\inputs\cache\nrcan_ceud_transport\2021_tran_on_e_19.xls
nrcan_ceud_transport_provincial,ON,19,Marine Freight,marine_freight_provincial_fuel_use,marine_freight,stocks_and_demands,Marine1 Transportation Energy Use (PJ),Marine1 Transportation Energy Use (PJ),Marine1 Transportation Energy Use (PJ),2020,12.777,PJ,C:\Users\rashi\ESM_databases\canoe-transportation\inputs\cache\nrcan_ceud_transport\2021_tran_on_e_19.xls
nrcan_ceud_transport_provincial,ON,19,Marine Freight,marine_freight_provincial_fuel_use,marine_freight,stocks_and_demands,Marine Freight|Energy Use by Energy Source (PJ)|Diesel Fuel Oil,Marine Freight,Energy Use by Energy Source (PJ)|Diesel Fuel Oil,2020,0.694,PJ,C:\Users\rashi\ESM_databases\canoe-transportation\inputs\cache\nrcan_ceud_transport\2021_tran_on_e_19.xls
nrcan_ceud_transport_provincial,ON,19,Marine Freight,marine_freight_provincial_fuel_use,marine_freight,stocks_and_demands,Marine Freight|Energy Use by Energy Source (PJ)|Heavy Fuel Oil,Marine Freight,Energy Use by Energy Source (PJ)|Heavy Fuel Oil,2020,12.083,PJ,C:\Users\rashi\ESM_databases\canoe-transportation\inputs\cache\nrcan_ceud_transport\2021_tran_on_e_19.xls
nrcan_ceud_transport_provincial,ON,19,Marine Freight,marine_freight_provincial_fuel_use,marine_freight,stocks_and_demands,Marine1 Transportation Energy Use (PJ),Marine1 Transportation Energy Use (PJ),Marine1 Transportation Energy Use (PJ),2021,15.325,PJ,C:\Users\rashi\ESM_databases\canoe-transportation\inputs\cache\nrcan_ceud_transport\2021_tran_on_e_19.xls
nrcan_ceud_transport_provincial,ON,19,Marine Freight,marine_freight_provincial_fuel_use,marine_freight,stocks_and_demands,Marine Freight|Energy Use by Energy Source (PJ)|Diesel Fuel Oil,Marine Freight,Energy Use by Energy Source (PJ)|Diesel Fuel Oil,2021,0.322,PJ,C:\Users\rashi\ESM_databases\canoe-transportation\inputs\cache\nrcan_ceud_transport\2021_tran_on_e_19.xls
nrcan_ceud_transport_provincial,ON,19,Marine Freight,marine_freight_provincial_fuel_use,marine_freight,stocks_and_demands,Marine Freight|Energy Use by Energy Source (PJ)|Heavy Fuel Oil,Marine Freight,Energy Use by Energy Source (PJ)|Heavy Fuel Oil,2021,15.003,PJ,C:\Users\rashi\ESM_databases\canoe-transportation\inputs\cache\nrcan_ceud_transport\2021_tran_on_e_19.xls
nrcan_ceud_transport_provincial,ON,20,Cars,car_activity,cars,stocks_and_demands,Car Energy Use (PJ),Car Energy Use (PJ),Car Energy Use (PJ),2000,257.627148,PJ,C:\Users\rashi\ESM_databases\canoe-transportation\inputs\cache\nrcan_ceud_transport\2021_tran_on_e_20.xls
nrcan_ceud_transport_provincial,ON,20,Cars,car_activity,cars,stocks_and_demands,Cars|Energy Use by Energy Source (PJ)|Natural Gas,Cars,Energy Use by Energy Source (PJ)|Natural Gas,2000,0.710053,PJ,C:\Users\rashi\ESM_databases\canoe-transportation\inputs\cache\nrcan_ceud_transport\2021_tran_on_e_20.xls
nrcan_ceud_transport_provincial,ON,20,Cars,car_activity,cars,stocks_and_demands,Cars|Energy Use by Energy Source (PJ)|Motor Gasoline,Cars,Energy Use by Energy Source (PJ)|Motor Gasoline,2000,253.854246,PJ,C:\Users\rashi\ESM_databases\canoe-transportation\inputs\cache\nrcan_ceud_transport\2021_tran_on_e_20.xls
nrcan_ceud_transport_provincial,ON,20,Cars,car_activity,cars,stocks_and_demands,Cars|Energy Use by Energy Source (PJ)|Diesel Fuel Oil,Cars,Energy Use by Energy Source (PJ)|Diesel Fuel Oil,2000,1.136908,PJ,C:\Users\rashi\ESM_databases\canoe-transportation\inputs\cache\nrcan_ceud_transport\2021_tran_on_e_20.xls
nrcan_ceud_transport_provincial,ON,20,Cars,car_activity,cars,stocks_and_demands,Cars|Energy Use by Energy Source (PJ)|Biodiesel Fuel,Cars,Energy Use by Energy Source (PJ)|Biodiesel Fuel,2000,0.0,PJ,C:\Users\rashi\ESM_databases\canoe-transportation\inputs\cache\nrcan_ceud_transport\2021_tran_on_e_20.xls
nrcan_ceud_transport_provincial,ON,20,Cars,car_activity,cars,stocks_and_demands,Cars|Energy Use by Energy Source (PJ)|Propane,Cars,Energy Use by Energy Source (PJ)|Propane,2000,1.925941,PJ,C:\Users\rashi\ESM_databases\canoe-transportation\inputs\cache\nrcan_ceud_transport\2021_tran_on_e_20.xls
nrcan_ceud_transport_provincial,ON,20,Cars,car_activity,cars,stocks_and_demands,Cars|Activity|Passenger-kilometres (millions),Cars,Activity|Passenger-kilometres (millions),2000,131612.157384,millions,C:\Users\rashi\ESM_databases\canoe-transportation\inputs\cache\nrcan_ceud_transport\2021_tran_on_e_20.xls
nrcan_ceud_transport_provincial,ON,20,Cars,car_activity,cars,stocks_and_demands,Cars|Energy Intensity (MJ/Pkm),Cars,Energy Intensity (MJ/Pkm),2000,1.957472,MJ/Pkm,C:\Users\rashi\ESM_databases\canoe-transportation\inputs\cache\nrcan_ceud_transport\2021_tran_on_e_20.xls
nrcan_ceud_transport_provincial,ON,20,Cars,car_activity,cars,stocks_and_demands,Car Energy Use (PJ),Car Energy Use (PJ),Car Energy Use (PJ),2001,254.023982,PJ,C:\Users\rashi\ESM_databases\canoe-transportation\inputs\cache\nrcan_ceud_transport\2021_tran_on_e_20.xls
nrcan_ceud_transport_provincial,ON,20,Cars,car_activity,cars,stocks_and_demands,Cars|Energy Use by Energy Source (PJ)|Natural Gas,Cars,Energy Use by Energy Source (PJ)|Natural Gas,2001,0.804092,PJ,C:\Users\rashi\ESM_databases\canoe-transportation\inputs\cache\nrcan_ceud_transport\2021_tran_on_e_20.xls
nrcan_ceud_transport_provincial,ON,20,Cars,car_activity,cars,stocks_and_demands,Cars|Energy Use by Energy Source (PJ)|Motor Gasoline,Cars,Energy Use by Energy Source (PJ)|Motor Gasoline,2001,249.887548,PJ,C:\Users\rashi\ESM_databases\canoe-transportation\inputs\cache\nrcan_ceud_transport\2021_tran_on_e_20.xls
nrcan_ceud_transport_provincial,ON,20,Cars,car_activity,cars,stocks_and_demands,Cars|Energy Use by Energy Source (PJ)|Diesel Fuel Oil,Cars,Energy Use by Energy Source (PJ)|Diesel Fuel Oil,2001,1.247574,PJ,C:\Users\rashi\ESM_databases\canoe-transportation\inputs\cache\nrcan_ceud_transport\2021_tran_on_e_20.xls
nrcan_ceud_transport_provincial,ON,20,Cars,car_activity,cars,stocks_and_demands,Cars|Energy Use by Energy Source (PJ)|Propane,Cars,Energy Use by Energy Source (PJ)|Propane,2001,2.084767,PJ,C:\Users\rashi\ESM_databases\canoe-transportation\inputs\cache\nrcan_ceud_transport\2021_tran_on_e_20.xls
nrcan_ceud_transport_provincial,ON,20,Cars,car_activity,cars,stocks_and_demands,Cars|Activity|Passenger-kilometres (millions),Cars,Activity|Passenger-kilometres (millions),2001,130621.134562,millions,C:\Users\rashi\ESM_databases\canoe-transportation\inputs\cache\nrcan_ceud_transport\2021_tran_on_e_20.xls
nrcan_ceud_transport_provincial,ON,20,Cars,car_activity,cars,stocks_and_demands,Cars|Energy Intensity (MJ/Pkm),Cars,Energy Intensity (MJ/Pkm),2001,1.944739,MJ/Pkm,C:\Users\rashi\ESM_databases\canoe-transportation\inputs\cache\nrcan_ceud_transport\2021_tran_on_e_20.xls
nrcan_ceud_transport_provincial,ON,20,Cars,car_activity,cars,stocks_and_demands,Car Energy Use (PJ),Car Energy Use (PJ),Car Energy Use (PJ),2002,261.165949,PJ,C:\Users\rashi\ESM_databases\canoe-transportation\inputs\cache\nrcan_ceud_transport\2021_tran_on_e_20.xls
nrcan_ceud_transport_provincial,ON,20,Cars,car_activity,cars,stocks_and_demands,Cars|Energy Use by Energy Source (PJ)|Natural Gas,Cars,Energy Use by Energy Source (PJ)|Natural Gas,2002,0.705108,PJ,C:\Users\rashi\ESM_databases\canoe-transportation\inputs\cache\nrcan_ceud_transport\2021_tran_on_e_20.xls
nrcan_ceud_transport_provincial,ON,20,Cars,car_activity,cars,stocks_and_demands,Cars|Energy Use by Energy Source (PJ)|Motor Gasoline,Cars,Energy Use by Energy Source (PJ)|Motor Gasoline,2002,257.982422,PJ,C:\Users\rashi\ESM_databases\canoe-transportation\inputs\cache\nrcan_ceud_transport\2021_tran_on_e_20.xls
nrcan_ceud_transport_provincial,ON,20,Cars,car_activity,cars,stocks_and_demands,Cars|Energy Use by Energy Source (PJ)|Diesel Fuel Oil,Cars,Energy Use by Energy Source (PJ)|Diesel Fuel Oil,2002,1.394203,PJ,C:\Users\rashi\ESM_databases\canoe-transportation\inputs\cache\nrcan_ceud_transport\2021_tran_on_e_20.xls
nrcan_ceud_transport_provincial,ON,20,Cars,car_activity,cars,stocks_and_demands,Cars|Energy Use by Energy Source (PJ)|Propane,Cars,Energy Use by Energy Source (PJ)|Propane,2002,1.084216,PJ,C:\Users\rashi\ESM_databases\canoe-transportation\inputs\cache\nrcan_ceud_transport\2021_tran_on_e_20.xls
nrcan_ceud_transport_provincial,ON,20,Cars,car_activity,cars,stocks_and_demands,Cars|Activity|Passenger-kilometres (millions),Cars,Activity|Passenger-kilometres (millions),2002,135626.211685,millions,C:\Users\rashi\ESM_databases\canoe-transportation\inputs\cache\nrcan_ceud_transport\2021_tran_on_e_20.xls
nrcan_ceud_transport_provincial,ON,20,Cars,car_activity,cars,stocks_and_demands,Cars|Energy Intensity (MJ/Pkm),Cars,Energy Intensity (MJ/Pkm),2002,1.92563,MJ/Pkm,C:\Users\rashi\ESM_databases\canoe-transportation\inputs\cache\nrcan_ceud_transport\2021_tran_on_e_20.xls
nrcan_ceud_transport_provincial,ON,20,Cars,car_activity,cars,stocks_and_demands,Car Energy Use (PJ),Car Energy Use (PJ),Car Energy Use (PJ),2003,258.233283,PJ,C:\Users\rashi\ESM_databases\canoe-transportation\inputs\cache\nrcan_ceud_transport\2021_tran_on_e_20.xls
nrcan_ceud_transport_provincial,ON,20,Cars,car_activity,cars,stocks_and_demands,Cars|Energy Use by Energy Source (PJ)|Natural Gas,Cars,Energy Use by Energy Source (PJ)|Natural Gas,2003,0.722487,PJ,C:\Users\rashi\ESM_databases\canoe-transportation\inputs\cache\nrcan_ceud_transport\2021_tran_on_e_20.xls
nrcan_ceud_transport_provincial,ON,20,Cars,car_activity,cars,stocks_and_demands,Cars|Energy Use by Energy Source (PJ)|Motor Gasoline,Cars,Energy Use by Energy Source (PJ)|Motor Gasoline,2003,254.72403,PJ,C:\Users\rashi\ESM_databases\canoe-transportation\inputs\cache\nrcan_ceud_transport\2021_tran_on_e_20.xls
nrcan_ceud_transport_provincial,ON,20,Cars,car_activity,cars,stocks_and_demands,Cars|Energy Use by Energy Source (PJ)|Diesel Fuel Oil,Cars,Energy Use by Energy Source (PJ)|Diesel Fuel Oil,2003,1.592697,PJ,C:\Users\rashi\ESM_databases\canoe-transportation\inputs\cache\nrcan_ceud_transport\2021_tran_on_e_20.xls
nrcan_ceud_transport_provincial,ON,20,Cars,car_activity,cars,stocks_and_demands,Cars|Energy Use by Energy Source (PJ)|Propane,Cars,Energy Use by Energy Source (PJ)|Propane,2003,1.194069,PJ,C:\Users\rashi\ESM_databases\canoe-transportation\inputs\cache\nrcan_ceud_transport\2021_tran_on_e_20.xls
nrcan_ceud_transport_provincial,ON,20,Cars,car_activity,cars,stocks_and_demands,Cars|Activity|Passenger-kilometres (millions),Cars,Activity|Passenger-kilometres (millions),2003,135683.637043,millions,C:\Users\rashi\ESM_databases\canoe-transportation\inputs\cache\nrcan_ceud_transport\2021_tran_on_e_20.xls
nrcan_ceud_transport_provincial,ON,20,Cars,car_activity,cars,stocks_and_demands,Cars|Energy Intensity (MJ/Pkm),Cars,Energy Intensity (MJ/Pkm),2003,1.903201,MJ/Pkm,C:\Users\rashi\ESM_databases\canoe-transportation\inputs\cache\nrcan_ceud_transport\2021_tran_on_e_20.xls
nrcan_ceud_transport_provincial,ON,20,Cars,car_activity,cars,stocks_and_demands,Car Energy Use (PJ),Car Energy Use (PJ),Car Energy Use (PJ),2004,261.538696,PJ,C:\Users\rashi\ESM_databases\canoe-transportation\inputs\cache\nrcan_ceud_transport\2021_tran_on_e_20.xls
nrcan_ceud_transport_provincial,ON,20,Cars,car_activity,cars,stocks_and_demands,Cars|Energy Use by Energy Source (PJ)|Natural Gas,Cars,Energy Use by Energy Source (PJ)|Natural Gas,2004,0.777352,PJ,C:\Users\rashi\ESM_databases\canoe-transportation\inputs\cache\nrcan_ceud_transport\2021_tran_on_e_20.xls
nrcan_ceud_transport_provincial,ON,20,Cars,car_activity,cars,stocks_and_demands,Cars|Energy Use by Energy Source (PJ)|Motor Gasoline,Cars,Energy Use by Energy Source (PJ)|Motor Gasoline,2004,257.645005,PJ,C:\Users\rashi\ESM_databases\canoe-transportation\inputs\cache\nrcan_ceud_transport\2021_tran_on_e_20.xls
nrcan_ceud_transport_provincial,ON,20,Cars,car_activity,cars,stocks_and_demands,Cars|Energy Use by Energy Source (PJ)|Diesel Fuel Oil,Cars,Energy Use by Energy Source (PJ)|Diesel Fuel Oil,2004,1.78278,PJ,C:\Users\rashi\ESM_databases\canoe-transportation\inputs\cache\nrcan_ceud_transport\2021_tran_on_e_20.xls
nrcan_ceud_transport_provincial,ON,20,Cars,car_activity,cars,stocks_and_demands,Cars|Energy Use by Energy Source (PJ)|Propane,Cars,Energy Use by Energy Source (PJ)|Propane,2004,1.333559,PJ,C:\Users\rashi\ESM_databases\canoe-transportation\inputs\cache\nrcan_ceud_transport\2021_tran_on_e_20.xls
nrcan_ceud_transport_provincial,ON,20,Cars,car_activity,cars,stocks_and_demands,Cars|Activity|Passenger-kilometres (millions),Cars,Activity|Passenger-kilometres (millions),2004,137713.178712,millions,C:\Users\rashi\ESM_databases\canoe-transportation\inputs\cache\nrcan_ceud_transport\2021_tran_on_e_20.xls
nrcan_ceud_transport_provincial,ON,20,Cars,car_activity,cars,stocks_and_demands,Cars|Energy Intensity (MJ/Pkm),Cars,Energy Intensity (MJ/Pkm),2004,1.899155,MJ/Pkm,C:\Users\rashi\ESM_databases\canoe-transportation\inputs\cache\nrcan_ceud_transport\2021_tran_on_e_20.xls
nrcan_ceud_transport_provincial,ON,20,Cars,car_activity,cars,stocks_and_demands,Car Energy Use (PJ),Car Energy Use (PJ),Car Energy Use (PJ),2005,263.710172,PJ,C:\Users\rashi\ESM_databases\canoe-transportation\inputs\cache\nrcan_ceud_transport\2021_tran_on_e_20.xls
nrcan_ceud_transport_provincial,ON,20,Cars,car_activity,cars,stocks_and_demands,Cars|Energy Use by Energy Source (PJ)|Natural Gas,Cars,Energy Use by Energy Source (PJ)|Natural Gas,2005,0.915196,PJ,C:\Users\rashi\ESM_databases\canoe-transportation\inputs\cache\nrcan_ceud_transport\2021_tran_on_e_20.xls
nrcan_ceud_transport_provincial,ON,20,Cars,car_activity,cars,stocks_and_demands,Cars|Energy Use by Energy Source (PJ)|Motor Gasoline,Cars,Energy Use by Energy Source (PJ)|Motor Gasoline,2005,259.529823,PJ,C:\Users\rashi\ESM_databases\canoe-transportation\inputs\cache\nrcan_ceud_transport\2021_tran_on_e_20.xls
nrcan_ceud_transport_provincial,ON,20,Cars,car_activity,cars,stocks_and_demands,Cars|Energy Use by Energy Source (PJ)|Diesel Fuel Oil,Cars,Energy Use by Energy Source (PJ)|Diesel Fuel Oil,2005,2.151487,PJ,C:\Users\rashi\ESM_databases\canoe-transportation\inputs\cache\nrcan_ceud_transport\2021_tran_on_e_20.xls
nrcan_ceud_transport_provincial,ON,20,Cars,car_activity,cars,stocks_and_demands,Cars|Energy Use by Energy Source (PJ)|Propane,Cars,Energy Use by Energy Source (PJ)|Propane,2005,1.113666,PJ,C:\Users\rashi\ESM_databases\canoe-transportation\inputs\cache\nrcan_ceud_transport\2021_tran_on_e_20.xls
nrcan_ceud_transport_provincial,ON,20,Cars,car_activity,cars,stocks_and_demands,Cars|Activity|Passenger-kilometres (millions),Cars,Activity|Passenger-kilometres (millions),2005,139397.034315,millions,C:\Users\rashi\ESM_databases\canoe-transportation\inputs\cache\nrcan_ceud_transport\2021_tran_on_e_20.xls
nrcan_ceud_transport_provincial,ON,20,Cars,car_activity,cars,stocks_and_demands,Cars|Energy Intensity (MJ/Pkm),Cars,Energy Intensity (MJ/Pkm),2005,1.891792,MJ/Pkm,C:\Users\rashi\ESM_databases\canoe-transportation\inputs\cache\nrcan_ceud_transport\2021_tran_on_e_20.xls
nrcan_ceud_transport_provincial,ON,20,Cars,car_activity,cars,stocks_and_demands,Car Energy Use (PJ),Car Energy Use (PJ),Car Energy Use (PJ),2006,255.001555,PJ,C:\Users\rashi\ESM_databases\canoe-transportation\inputs\cache\nrcan_ceud_transport\2021_tran_on_e_20.xls
nrcan_ceud_transport_provincial,ON,20,Cars,car_activity,cars,stocks_and_demands,Cars|Energy Use by Energy Source (PJ)|Natural Gas,Cars,Energy Use by Energy Source (PJ)|Natural Gas,2006,0.99384,PJ,C:\Users\rashi\ESM_databases\canoe-transportation\inputs\cache\nrcan_ceud_transport\2021_tran_on_e_20.xls
nrcan_ceud_transport_provincial,ON,20,Cars,car_activity,cars,stocks_and_demands,Cars|Energy Use by Energy Source (PJ)|Motor Gasoline,Cars,Energy Use by Energy Source (PJ)|Motor Gasoline,2006,249.769536,PJ,C:\Users\rashi\ESM_databases\canoe-transportation\inputs\cache\nrcan_ceud_transport\2021_tran_on_e_20.xls
nrcan_ceud_transport_provincial,ON,20,Cars,car_activity,cars,stocks_and_demands,Cars|Energy Use by Energy Source (PJ)|Diesel Fuel Oil,Cars,Energy Use by Energy Source (PJ)|Diesel Fuel Oil,2006,2.194137,PJ,C:\Users\rashi\ESM_databases\canoe-transportation\inputs\cache\nrcan_ceud_transport\2021_tran_on_e_20.xls
nrcan_ceud_transport_provincial,ON,20,Cars,car_activity,cars,stocks_and_demands,Cars|Energy Use by Energy Source (PJ)|Propane,Cars,Energy Use by Energy Source (PJ)|Propane,2006,2.044042,PJ,C:\Users\rashi\ESM_databases\canoe-transportation\inputs\cache\nrcan_ceud_transport\2021_tran_on_e_20.xls
nrcan_ceud_transport_provincial,ON,20,Cars,car_activity,cars,stocks_and_demands,Cars|Activity|Passenger-kilometres (millions),Cars,Activity|Passenger-kilometres (millions),2006,135561.55491,millions,C:\Users\rashi\ESM_databases\canoe-transportation\inputs\cache\nrcan_ceud_transport\2021_tran_on_e_20.xls
nrcan_ceud_transport_provincial,ON,20,Cars,car_activity,cars,stocks_and_demands,Cars|Energy Intensity (MJ/Pkm),Cars,Energy Intensity (MJ/Pkm),2006,1.881076,MJ/Pkm,C:\Users\rashi\ESM_databases\canoe-transportation\inputs\cache\nrcan_ceud_transport\2021_tran_on_e_20.xls
nrcan_ceud_transport_provincial,ON,20,Cars,car_activity,cars,stocks_and_demands,Car Energy Use (PJ),Car Energy Use (PJ),Car Energy Use (PJ),2007,256.037831,PJ,C:\Users\rashi\ESM_databases\canoe-transportation\inputs\cache\nrcan_ceud_transport\2021_tran_on_e_20.xls
nrcan_ceud_transport_provincial,ON,20,Cars,car_activity,cars,stocks_and_demands,Cars|Energy Use by Energy Source (PJ)|Natural Gas,Cars,Energy Use by Energy Source (PJ)|Natural Gas,2007,0.908282,PJ,C:\Users\rashi\ESM_databases\canoe-transportation\inputs\cache\nrcan_ceud_transport\2021_tran_on_e_20.xls
nrcan_ceud_transport_provincial,ON,20,Cars,car_activity,cars,stocks_and_demands,Cars|Energy Use by Energy Source (PJ)|Motor Gasoline,Cars,Energy Use by Energy Source (PJ)|Motor Gasoline,2007,241.600762,PJ,C:\Users\rashi\ESM_databases\canoe-transportation\inputs\cache\nrcan_ceud_transport\2021_tran_on_e_20.xls
nrcan_ceud_transport_provincial,ON,20,Cars,car_activity,cars,stocks_and_demands,Cars|Energy Use by Energy Source (PJ)|Diesel Fuel Oil,Cars,Energy Use by Energy Source (PJ)|Diesel Fuel Oil,2007,2.145563,PJ,C:\Users\rashi\ESM_databases\canoe-transportation\inputs\cache\nrcan_ceud_transport\2021_tran_on_e_20.xls
nrcan_ceud_transport_provincial,ON,20,Cars,car_activity,cars,stocks_and_demands,Cars|Energy Use by Energy Source (PJ)|Ethanol,Cars,Energy Use by Energy Source (PJ)|Ethanol,2007,9.044864,PJ,C:\Users\rashi\ESM_databases\canoe-transportation\inputs\cache\nrcan_ceud_transport\2021_tran_on_e_20.xls
nrcan_ceud_transport_provincial,ON,20,Cars,car_activity,cars,stocks_and_demands,Cars|Energy Use by Energy Source (PJ)|Propane,Cars,Energy Use by Energy Source (PJ)|Propane,2007,2.33836,PJ,C:\Users\rashi\ESM_databases\canoe-transportation\inputs\cache\nrcan_ceud_transport\2021_tran_on_e_20.xls
nrcan_ceud_transport_provincial,ON,20,Cars,car_activity,cars,stocks_and_demands,Cars|Activity|Passenger-kilometres (millions),Cars,Activity|Passenger-kilometres (millions),2007,136985.00099,millions,C:\Users\rashi\ESM_databases\canoe-transportation\inputs\cache\nrcan_ceud_transport\2021_tran_on_e_20.xls
nrcan_ceud_transport_provincial,ON,20,Cars,car_activity,cars,stocks_and_demands,Cars|Energy Intensity (MJ/Pkm),Cars,Energy Intensity (MJ/Pkm),2007,1.869094,MJ/Pkm,C:\Users\rashi\ESM_databases\canoe-transportation\inputs\cache\nrcan_ceud_transport\2021_tran_on_e_20.xls
nrcan_ceud_transport_provincial,ON,20,Cars,car_activity,cars,stocks_and_demands,Car Energy Use (PJ),Car Energy Use (PJ),Car Energy Use (PJ),2008,250.376422,PJ,C:\Users\rashi\ESM_databases\canoe-transportation\inputs\cache\nrcan_ceud_transport\2021_tran_on_e_20.xls
nrcan_ceud_transport_provincial,ON,20,Cars,car_activity,cars,stocks_and_demands,Cars|Energy Use by Energy Source (PJ)|Natural Gas,Cars,Energy Use by Energy Source (PJ)|Natural Gas,2008,0.90307,PJ,C:\Users\rashi\ESM_databases\canoe-transportation\inputs\cache\nrcan_ceud_transport\2021_tran_on_e_20.xls
nrcan_ceud_transport_provincial,ON,20,Cars,car_activity,cars,stocks_and_demands,Cars|Energy Use by Energy Source (PJ)|Motor Gasoline,Cars,Energy Use by Energy Source (PJ)|Motor Gasoline,2008,234.093859,PJ,C:\Users\rashi\ESM_databases\canoe-transportation\inputs\cache\nrcan_ceud_transport\2021_tran_on_e_20.xls
nrcan_ceud_transport_provincial,ON,20,Cars,car_activity,cars,stocks_and_demands,Cars|Energy Use by Energy Source (PJ)|Diesel Fuel Oil,Cars,Energy Use by Energy Source (PJ)|Diesel Fuel Oil,2008,1.934368,PJ,C:\Users\rashi\ESM_databases\canoe-transportation\inputs\cache\nrcan_ceud_transport\2021_tran_on_e_20.xls
nrcan_ceud_transport_provincial,ON,20,Cars,car_activity,cars,stocks_and_demands,Cars|Energy Use by Energy Source (PJ)|Ethanol,Cars,Energy Use by Energy Source (PJ)|Ethanol,2008,10.851527,PJ,C:\Users\rashi\ESM_databases\canoe-transportation\inputs\cache\nrcan_ceud_transport\2021_tran_on_e_20.xls
nrcan_ceud_transport_provincial,ON,20,Cars,car_activity,cars,stocks_and_demands,Cars|Energy Use by Energy Source (PJ)|Propane,Cars,Energy Use by Energy Source (PJ)|Propane,2008,2.593599,PJ,C:\Users\rashi\ESM_databases\canoe-transportation\inputs\cache\nrcan_ceud_transport\2021_tran_on_e_20.xls
nrcan_ceud_transport_provincial,ON,20,Cars,car_activity,cars,stocks_and_demands,Cars|Activity|Passenger-kilometres (millions),Cars,Activity|Passenger-kilometres (millions),2008,135371.743568,millions,C:\Users\rashi\ESM_databases\canoe-transportation\inputs\cache\nrcan_ceud_transport\2021_tran_on_e_20.xls
nrcan_ceud_transport_provincial,ON,20,Cars,car_activity,cars,stocks_and_demands,Cars|Energy Intensity (MJ/Pkm),Cars,Energy Intensity (MJ/Pkm),2008,1.849547,MJ/Pkm,C:\Users\rashi\ESM_databases\canoe-transportation\inputs\cache\nrcan_ceud_transport\2021_tran_on_e_20.xls
nrcan_ceud_transport_provincial,ON,20,Cars,car_activity,cars,stocks_and_demands,Car Energy Use (PJ),Car Energy Use (PJ),Car Energy Use (PJ),2009,255.368498,PJ,C:\Users\rashi\ESM_databases\canoe-transportation\inputs\cache\nrcan_ceud_transport\2021_tran_on_e_20.xls
nrcan_ceud_transport_provincial,ON,20,Cars,car_activity,cars,stocks_and_demands,Cars|Energy Use by Energy Source (PJ)|Natural Gas,Cars,Energy Use by Energy Source (PJ)|Natural Gas,2009,0.718572,PJ,C:\Users\rashi\ESM_databases\canoe-transportation\inputs\cache\nrcan_ceud_transport\2021_tran_on_e_20.xls
nrcan_ceud_transport_provincial,ON,20,Cars,car_activity,cars,stocks_and_demands,Cars|Energy Use by Energy Source (PJ)|Motor Gasoline,Cars,Energy Use by Energy Source (PJ)|Motor Gasoline,2009,239.486668,PJ,C:\Users\rashi\ESM_databases\canoe-transportation\inputs\cache\nrcan_ceud_transport\2021_tran_on_e_20.xls
nrcan_ceud_transport_provincial,ON,20,Cars,car_activity,cars,stocks_and_demands,Cars|Energy Use by Energy Source (PJ)|Diesel Fuel Oil,Cars,Energy Use by Energy Source (PJ)|Diesel Fuel Oil,2009,2.219091,PJ,C:\Users\rashi\ESM_databases\canoe-transportation\inputs\cache\nrcan_ceud_transport\2021_tran_on_e_20.xls
nrcan_ceud_transport_provincial,ON,20,Cars,car_activity,cars,stocks_and_demands,Cars|Energy Use by Energy Source (PJ)|Ethanol,Cars,Energy Use by Energy Source (PJ)|Ethanol,2009,10.730774,PJ,C:\Users\rashi\ESM_databases\canoe-transportation\inputs\cache\nrcan_ceud_transport\2021_tran_on_e_20.xls
nrcan_ceud_transport_provincial,ON,20,Cars,car_activity,cars,stocks_and_demands,Cars|Energy Use by Energy Source (PJ)|Propane,Cars,Energy Use by Energy Source (PJ)|Propane,2009,2.213393,PJ,C:\Users\rashi\ESM_databases\canoe-transportation\inputs\cache\nrcan_ceud_transport\2021_tran_on_e_20.xls
nrcan_ceud_transport_provincial,ON,20,Cars,car_activity,cars,stocks_and_demands,Cars|Activity|Passenger-kilometres (millions),Cars,Activity|Passenger-kilometres (millions),2009,139079.270374,millions,C:\Users\rashi\ESM_databases\canoe-transportation\inputs\cache\nrcan_ceud_transport\2021_tran_on_e_20.xls
nrcan_ceud_transport_provincial,ON,20,Cars,car_activity,cars,stocks_and_demands,Cars|Energy Intensity (MJ/Pkm),Cars,Energy Intensity (MJ/Pkm),2009,1.836136,MJ/Pkm,C:\Users\rashi\ESM_databases\canoe-transportation\inputs\cache\nrcan_ceud_transport\2021_tran_on_e_20.xls
nrcan_ceud_transport_provincial,ON,20,Cars,car_activity,cars,stocks_and_demands,Car Energy Use (PJ),Car Energy Use (PJ),Car Energy Use (PJ),2010,254.081008,PJ,C:\Users\rashi\ESM_databases\canoe-transportation\inputs\cache\nrcan_ceud_transport\2021_tran_on_e_20.xls
nrcan_ceud_transport_provincial,ON,20,Cars,car_activity,cars,stocks_and_demands,Cars|Energy Use by Energy Source (PJ)|Natural Gas,Cars,Energy Use by Energy Source (PJ)|Natural Gas,2010,0.71732,PJ,C:\Users\rashi\ESM_databases\canoe-transportation\inputs\cache\nrcan_ceud_transport\2021_tran_on_e_20.xls
nrcan_ceud_transport_provincial,ON,20,Cars,car_activity,cars,stocks_and_demands,Cars|Energy Use by Energy Source (PJ)|Motor Gasoline,Cars,Energy Use by Energy Source (PJ)|Motor Gasoline,2010,237.044983,PJ,C:\Users\rashi\ESM_databases\canoe-transportation\inputs\cache\nrcan_ceud_transport\2021_tran_on_e_20.xls
nrcan_ceud_transport_provincial,ON,20,Cars,car_activity,cars,stocks_and_demands,Cars|Energy Use by Energy Source (PJ)|Diesel Fuel Oil,Cars,Energy Use by Energy Source (PJ)|Diesel Fuel Oil,2010,2.542777,PJ,C:\Users\rashi\ESM_databases\canoe-transportation\inputs\cache\nrcan_ceud_transport\2021_tran_on_e_20.xls
nrcan_ceud_transport_provincial,ON,20,Cars,car_activity,cars,stocks_and_demands,Cars|Energy Use by Energy Source (PJ)|Ethanol,Cars,Energy Use by Energy Source (PJ)|Ethanol,2010,11.337617,PJ,C:\Users\rashi\ESM_databases\canoe-transportation\inputs\cache\nrcan_ceud_transport\2021_tran_on_e_20.xls
nrcan_ceud_transport_provincial,ON,20,Cars,car_activity,cars,stocks_and_demands,Cars|Energy Use by Energy Source (PJ)|Propane,Cars,Energy Use by Energy Source (PJ)|Propane,2010,2.438311,PJ,C:\Users\rashi\ESM_databases\canoe-transportation\inputs\cache\nrcan_ceud_transport\2021_tran_on_e_20.xls
nrcan_ceud_transport_provincial,ON,20,Cars,car_activity,cars,stocks_and_demands,Cars|Activity|Passenger-kilometres (millions),Cars,Activity|Passenger-kilometres (millions),2010,139227.035919,millions,C:\Users\rashi\ESM_databases\canoe-transportation\inputs\cache\nrcan_ceud_transport\2021_tran_on_e_20.xls
nrcan_ceud_transport_provincial,ON,20,Cars,car_activity,cars,stocks_and_demands,Cars|Energy Intensity (MJ/Pkm),Cars,Energy Intensity (MJ/Pkm),2010,1.82494,MJ/Pkm,C:\Users\rashi\ESM_databases\canoe-transportation\inputs\cache\nrcan_ceud_transport\2021_tran_on_e_20.xls
nrcan_ceud_transport_provincial,ON,20,Cars,car_activity,cars,stocks_and_demands,Car Energy Use (PJ),Car Energy Use (PJ),Car Energy Use (PJ),2011,245.60931,PJ,C:\Users\rashi\ESM_databases\canoe-transportation\inputs\cache\nrcan_ceud_transport\2021_tran_on_e_20.xls
nrcan_ceud_transport_provincial,ON,20,Cars,car_activity,cars,stocks_and_demands,Cars|Energy Use by Energy Source (PJ)|Natural Gas,Cars,Energy Use by Energy Source (PJ)|Natural Gas,2011,0.451467,PJ,C:\Users\rashi\ESM_databases\canoe-transportation\inputs\cache\nrcan_ceud_transport\2021_tran_on_e_20.xls
nrcan_ceud_transport_provincial,ON,20,Cars,car_activity,cars,stocks_and_demands,Cars|Energy Use by Energy Source (PJ)|Motor Gasoline,Cars,Energy Use by Energy Source (PJ)|Motor Gasoline,2011,226.812805,PJ,C:\Users\rashi\ESM_databases\canoe-transportation\inputs\cache\nrcan_ceud_transport\2021_tran_on_e_20.xls
nrcan_ceud_transport_provincial,ON,20,Cars,car_activity,cars,stocks_and_demands,Cars|Energy Use by Energy Source (PJ)|Diesel Fuel Oil,Cars,Energy Use by Energy Source (PJ)|Diesel Fuel Oil,2011,2.878374,PJ,C:\Users\rashi\ESM_databases\canoe-transportation\inputs\cache\nrcan_ceud_transport\2021_tran_on_e_20.xls
nrcan_ceud_transport_provincial,ON,20,Cars,car_activity,cars,stocks_and_demands,Cars|Energy Use by Energy Source (PJ)|Ethanol,Cars,Energy Use by Energy Source (PJ)|Ethanol,2011,12.513906,PJ,C:\Users\rashi\ESM_databases\canoe-transportation\inputs\cache\nrcan_ceud_transport\2021_tran_on_e_20.xls
nrcan_ceud_transport_provincial,ON,20,Cars,car_activity,cars,stocks_and_demands,Cars|Energy Use by Energy Source (PJ)|Propane,Cars,Energy Use by Energy Source (PJ)|Propane,2011,2.952758,PJ,C:\Users\rashi\ESM_databases\canoe-transportation\inputs\cache\nrcan_ceud_transport\2021_tran_on_e_20.xls
nrcan_ceud_transport_provincial,ON,20,Cars,car_activity,cars,stocks_and_demands,Cars|Activity|Passenger-kilometres (millions),Cars,Activity|Passenger-kilometres (millions),2011,135248.109719,millions,C:\Users\rashi\ESM_databases\canoe-transportation\inputs\cache\nrcan_ceud_transport\2021_tran_on_e_20.xls
nrcan_ceud_transport_provincial,ON,20,Cars,car_activity,cars,stocks_and_demands,Cars|Energy Intensity (MJ/Pkm),Cars,Energy Intensity (MJ/Pkm),2011,1.815991,MJ/Pkm,C:\Users\rashi\ESM_databases\canoe-transportation\inputs\cache\nrcan_ceud_transport\2021_tran_on_e_20.xls
nrcan_ceud_transport_provincial,ON,20,Cars,car_activity,cars,stocks_and_demands,Car Energy Use (PJ),Car Energy Use (PJ),Car Energy Use (PJ),2012,227.091887,PJ,C:\Users\rashi\ESM_databases\canoe-transportation\inputs\cache\nrcan_ceud_transport\2021_tran_on_e_20.xls
nrcan_ceud_transport_provincial,ON,20,Cars,car_activity,cars,stocks_and_demands,Cars|Energy Use by Energy Source (PJ)|Natural Gas,Cars,Energy Use by Energy Source (PJ)|Natural Gas,2012,0.299672,PJ,C:\Users\rashi\ESM_databases\canoe-transportation\inputs\cache\nrcan_ceud_transport\2021_tran_on_e_20.xls
nrcan_ceud_transport_provincial,ON,20,Cars,car_activity,cars,stocks_and_demands,Cars|Energy Use by Energy Source (PJ)|Motor Gasoline,Cars,Energy Use by Energy Source (PJ)|Motor Gasoline,2012,207.790212,PJ,C:\Users\rashi\ESM_databases\canoe-transportation\inputs\cache\nrcan_ceud_transport\2021_tran_on_e_20.xls
nrcan_ceud_transport_provincial,ON,20,Cars,car_activity,cars,stocks_and_demands,Cars|Energy Use by Energy Source (PJ)|Diesel Fuel Oil,Cars,Energy Use by Energy Source (PJ)|Diesel Fuel Oil,2012,3.090973,PJ,C:\Users\rashi\ESM_databases\canoe-transportation\inputs\cache\nrcan_ceud_transport\2021_tran_on_e_20.xls
nrcan_ceud_transport_provincial,ON,20,Cars,car_activity,cars,stocks_and_demands,Cars|Energy Use by Energy Source (PJ)|Ethanol,Cars,Energy Use by Energy Source (PJ)|Ethanol,2012,12.444721,PJ,C:\Users\rashi\ESM_databases\canoe-transportation\inputs\cache\nrcan_ceud_transport\2021_tran_on_e_20.xls
nrcan_ceud_transport_provincial,ON,20,Cars,car_activity,cars,stocks_and_demands,Cars|Energy Use by Energy Source (PJ)|Propane,Cars,Energy Use by Energy Source (PJ)|Propane,2012,3.466309,PJ,C:\Users\rashi\ESM_databases\canoe-transportation\inputs\cache\nrcan_ceud_transport\2021_tran_on_e_20.xls
nrcan_ceud_transport_provincial,ON,20,Cars,car_activity,cars,stocks_and_demands,Cars|Activity|Passenger-kilometres (millions),Cars,Activity|Passenger-kilometres (millions),2012,126493.612866,millions,C:\Users\rashi\ESM_databases\canoe-transportation\inputs\cache\nrcan_ceud_transport\2021_tran_on_e_20.xls
nrcan_ceud_transport_provincial,ON,20,Cars,car_activity,cars,stocks_and_demands,Cars|Energy Intensity (MJ/Pkm),Cars,Energy Intensity (MJ/Pkm),2012,1.795283,MJ/Pkm,C:\Users\rashi\ESM_databases\canoe-transportation\inputs\cache\nrcan_ceud_transport\2021_tran_on_e_20.xls
nrcan_ceud_transport_provincial,ON,20,Cars,car_activity,cars,stocks_and_demands,Car Energy Use (PJ),Car Energy Use (PJ),Car Energy Use (PJ),2013,236.210873,PJ,C:\Users\rashi\ESM_databases\canoe-transportation\inputs\cache\nrcan_ceud_transport\2021_tran_on_e_20.xls
nrcan_ceud_transport_provincial,ON,20,Cars,car_activity,cars,stocks_and_demands,Cars|Energy Use by Energy Source (PJ)|Natural Gas,Cars,Energy Use by Energy Source (PJ)|Natural Gas,2013,0.182976,PJ,C:\Users\rashi\ESM_databases\canoe-transportation\inputs\cache\nrcan_ceud_transport\2021_tran_on_e_20.xls
nrcan_ceud_transport_provincial,ON,20,Cars,car_activity,cars,stocks_and_demands,Cars|Energy Use by Energy Source (PJ)|Motor Gasoline,Cars,Energy Use by Energy Source (PJ)|Motor Gasoline,2013,217.845307,PJ,C:\Users\rashi\ESM_databases\canoe-transportation\inputs\cache\nrcan_ceud_transport\2021_tran_on_e_20.xls
nrcan_ceud_transport_provincial,ON,20,Cars,car_activity,cars,stocks_and_demands,Cars|Energy Use by Energy Source (PJ)|Diesel Fuel Oil,Cars,Energy Use by Energy Source (PJ)|Diesel Fuel Oil,2013,3.301195,PJ,C:\Users\rashi\ESM_databases\canoe-transportation\inputs\cache\nrcan_ceud_transport\2021_tran_on_e_20.xls
nrcan_ceud_transport_provincial,ON,20,Cars,car_activity,cars,stocks_and_demands,Cars|Energy Use by Energy Source (PJ)|Ethanol,Cars,Energy Use by Energy Source (PJ)|Ethanol,2013,12.404036,PJ,C:\Users\rashi\ESM_databases\canoe-transportation\inputs\cache\nrcan_ceud_transport\2021_tran_on_e_20.xls
nrcan_ceud_transport_provincial,ON,20,Cars,car_activity,cars,stocks_and_demands,Cars|Energy Use by Energy Source (PJ)|Propane,Cars,Energy Use by Energy Source (PJ)|Propane,2013,2.477357,PJ,C:\Users\rashi\ESM_databases\canoe-transportation\inputs\cache\nrcan_ceud_transport\2021_tran_on_e_20.xls
nrcan_ceud_transport_provincial,ON,20,Cars,car_activity,cars,stocks_and_demands,Cars|Activity|Passenger-kilometres (millions),Cars,Activity|Passenger-kilometres (millions),2013,132819.485354,millions,C:\Users\rashi\ESM_databases\canoe-transportation\inputs\cache\nrcan_ceud_transport\2021_tran_on_e_20.xls
nrcan_ceud_transport_provincial,ON,20,Cars,car_activity,cars,stocks_and_demands,Cars|Energy Intensity (MJ/Pkm),Cars,Energy Intensity (MJ/Pkm),2013,1.778435,MJ/Pkm,C:\Users\rashi\ESM_databases\canoe-transportation\inputs\cache\nrcan_ceud_transport\2021_tran_on_e_20.xls
nrcan_ceud_transport_provincial,ON,20,Cars,car_activity,cars,stocks_and_demands,Car Energy Use (PJ),Car Energy Use (PJ),Car Energy Use (PJ),2014,224.883642,PJ,C:\Users\rashi\ESM_databases\canoe-transportation\inputs\cache\nrcan_ceud_transport\2021_tran_on_e_20.xls
nrcan_ceud_transport_provincial,ON,20,Cars,car_activity,cars,stocks_and_demands,Cars|Energy Use by Energy Source (PJ)|Natural Gas,Cars,Energy Use by Energy Source (PJ)|Natural Gas,2014,0.209997,PJ,C:\Users\rashi\ESM_databases\canoe-transportation\inputs\cache\nrcan_ceud_transport\2021_tran_on_e_20.xls
nrcan_ceud_transport_provincial,ON,20,Cars,car_activity,cars,stocks_and_demands,Cars|Energy Use by Energy Source (PJ)|Motor Gasoline,Cars,Energy Use by Energy Source (PJ)|Motor Gasoline,2014,206.458387,PJ,C:\Users\rashi\ESM_databases\canoe-transportation\inputs\cache\nrcan_ceud_transport\2021_tran_on_e_20.xls
nrcan_ceud_transport_provincial,ON,20,Cars,car_activity,cars,stocks_and_demands,Cars|Energy Use by Energy Source (PJ)|Diesel Fuel Oil,Cars,Energy Use by Energy Source (PJ)|Diesel Fuel Oil,2014,3.422097,PJ,C:\Users\rashi\ESM_databases\canoe-transportation\inputs\cache\nrcan_ceud_transport\2021_tran_on_e_20.xls
nrcan_ceud_transport_provincial,ON,20,Cars,car_activity,cars,stocks_and_demands,Cars|Energy Use by Energy Source (PJ)|Ethanol,Cars,Energy Use by Energy Source (PJ)|Ethanol,2014,12.555824,PJ,C:\Users\rashi\ESM_databases\canoe-transportation\inputs\cache\nrcan_ceud_transport\2021_tran_on_e_20.xls
nrcan_ceud_transport_provincial,ON,20,Cars,car_activity,cars,stocks_and_demands,Cars|Energy Use by Energy Source (PJ)|Propane,Cars,Energy Use by Energy Source (PJ)|Propane,2014,2.237338,PJ,C:\Users\rashi\ESM_databases\canoe-transportation\inputs\cache\nrcan_ceud_transport\2021_tran_on_e_20.xls
nrcan_ceud_transport_provincial,ON,20,Cars,car_activity,cars,stocks_and_demands,Cars|Activity|Passenger-kilometres (millions),Cars,Activity|Passenger-kilometres (millions),2014,127169.949154,millions,C:\Users\rashi\ESM_databases\canoe-transportation\inputs\cache\nrcan_ceud_transport\2021_tran_on_e_20.xls
nrcan_ceud_transport_provincial,ON,20,Cars,car_activity,cars,stocks_and_demands,Cars|Energy Intensity (MJ/Pkm),Cars,Energy Intensity (MJ/Pkm),2014,1.768371,MJ/Pkm,C:\Users\rashi\ESM_databases\canoe-transportation\inputs\cache\nrcan_ceud_transport\2021_tran_on_e_20.xls
nrcan_ceud_transport_provincial,ON,20,Cars,car_activity,cars,stocks_and_demands,Car Energy Use (PJ),Car Energy Use (PJ),Car Energy Use (PJ),2015,222.884734,PJ,C:\Users\rashi\ESM_databases\canoe-transportation\inputs\cache\nrcan_ceud_transport\2021_tran_on_e_20.xls
nrcan_ceud_transport_provincial,ON,20,Cars,car_activity,cars,stocks_and_demands,Cars|Energy Use by Energy Source (PJ)|Natural Gas,Cars,Energy Use by Energy Source (PJ)|Natural Gas,2015,0.119144,PJ,C:\Users\rashi\ESM_databases\canoe-transportation\inputs\cache\nrcan_ceud_transport\2021_tran_on_e_20.xls
nrcan_ceud_transport_provincial,ON,20,Cars,car_activity,cars,stocks_and_demands,Cars|Energy Use by Energy Source (PJ)|Motor Gasoline,Cars,Energy Use by Energy Source (PJ)|Motor Gasoline,2015,217.047874,PJ,C:\Users\rashi\ESM_databases\canoe-transportation\inputs\cache\nrcan_ceud_transport\2021_tran_on_e_20.xls
nrcan_ceud_transport_provincial,ON,20,Cars,car_activity,cars,stocks_and_demands,Cars|Energy Use by Energy Source (PJ)|Diesel Fuel Oil,Cars,Energy Use by Energy Source (PJ)|Diesel Fuel Oil,2015,3.453865,PJ,C:\Users\rashi\ESM_databases\canoe-transportation\inputs\cache\nrcan_ceud_transport\2021_tran_on_e_20.xls
nrcan_ceud_transport_provincial,ON,20,Cars,car_activity,cars,stocks_and_demands,Cars|Energy Use by Energy Source (PJ)|Propane,Cars,Energy Use by Energy Source (PJ)|Propane,2015,2.263851,PJ,C:\Users\rashi\ESM_databases\canoe-transportation\inputs\cache\nrcan_ceud_transport\2021_tran_on_e_20.xls
nrcan_ceud_transport_provincial,ON,20,Cars,car_activity,cars,stocks_and_demands,Cars|Activity|Passenger-kilometres (millions),Cars,Activity|Passenger-kilometres (millions),2015,127161.776485,millions,C:\Users\rashi\ESM_databases\canoe-transportation\inputs\cache\nrcan_ceud_transport\2021_tran_on_e_20.xls
nrcan_ceud_transport_provincial,ON,20,Cars,car_activity,cars,stocks_and_demands,Cars|Energy Intensity (MJ/Pkm),Cars,Energy Intensity (MJ/Pkm),2015,1.752765,MJ/Pkm,C:\Users\rashi\ESM_databases\canoe-transportation\inputs\cache\nrcan_ceud_transport\2021_tran_on_e_20.xls
nrcan_ceud_transport_provincial,ON,20,Cars,car_activity,cars,stocks_and_demands,Car Energy Use (PJ),Car Energy Use (PJ),Car Energy Use (PJ),2016,218.569288,PJ,C:\Users\rashi\ESM_databases\canoe-transportation\inputs\cache\nrcan_ceud_transport\2021_tran_on_e_20.xls
nrcan_ceud_transport_provincial,ON,20,Cars,car_activity,cars,stocks_and_demands,Cars|Energy Use by Energy Source (PJ)|Natural Gas,Cars,Energy Use by Energy Source (PJ)|Natural Gas,2016,0.074174,PJ,C:\Users\rashi\ESM_databases\canoe-transportation\inputs\cache\nrcan_ceud_transport\2021_tran_on_e_20.xls
nrcan_ceud_transport_provincial,ON,20,Cars,car_activity,cars,stocks_and_demands,Cars|Energy Use by Energy Source (PJ)|Motor Gasoline,Cars,Energy Use by Energy Source (PJ)|Motor Gasoline,2016,212.335546,PJ,C:\Users\rashi\ESM_databases\canoe-transportation\inputs\cache\nrcan_ceud_transport\2021_tran_on_e_20.xls
nrcan_ceud_transport_provincial,ON,20,Cars,car_activity,cars,stocks_and_demands,Cars|Energy Use by Energy Source (PJ)|Diesel Fuel Oil,Cars,Energy Use by Energy Source (PJ)|Diesel Fuel Oil,2016,3.028357,PJ,C:\Users\rashi\ESM_databases\canoe-transportation\inputs\cache\nrcan_ceud_transport\2021_tran_on_e_20.xls
nrcan_ceud_transport_provincial,ON,20,Cars,car_activity,cars,stocks_and_demands,Cars|Energy Use by Energy Source (PJ)|Propane,Cars,Energy Use by Energy Source (PJ)|Propane,2016,3.131211,PJ,C:\Users\rashi\ESM_databases\canoe-transportation\inputs\cache\nrcan_ceud_transport\2021_tran_on_e_20.xls
nrcan_ceud_transport_provincial,ON,20,Cars,car_activity,cars,stocks_and_demands,Cars|Activity|Passenger-kilometres (millions),Cars,Activity|Passenger-kilometres (millions),2016,125528.49937,millions,C:\Users\rashi\ESM_databases\canoe-transportation\inputs\cache\nrcan_ceud_transport\2021_tran_on_e_20.xls
nrcan_ceud_transport_provincial,ON,20,Cars,car_activity,cars,stocks_and_demands,Cars|Energy Intensity (MJ/Pkm),Cars,Energy Intensity (MJ/Pkm),2016,1.741193,MJ/Pkm,C:\Users\rashi\ESM_databases\canoe-transportation\inputs\cache\nrcan_ceud_transport\2021_tran_on_e_20.xls
nrcan_ceud_transport_provincial,ON,20,Cars,car_activity,cars,stocks_and_demands,Car Energy Use (PJ),Car Energy Use (PJ),Car Energy Use (PJ),2017,209.396582,PJ,C:\Users\rashi\ESM_databases\canoe-transportation\inputs\cache\nrcan_ceud_transport\2021_tran_on_e_20.xls
nrcan_ceud_transport_provincial,ON,20,Cars,car_activity,cars,stocks_and_demands,Cars|Energy Use by Energy Source (PJ)|Natural Gas,Cars,Energy Use by Energy Source (PJ)|Natural Gas,2017,0.052305,PJ,C:\Users\rashi\ESM_databases\canoe-transportation\inputs\cache\nrcan_ceud_transport\2021_tran_on_e_20.xls
nrcan_ceud_transport_provincial,ON,20,Cars,car_activity,cars,stocks_and_demands,Cars|Energy Use by Energy Source (PJ)|Motor Gasoline,Cars,Energy Use by Energy Source (PJ)|Motor Gasoline,2017,203.159591,PJ,C:\Users\rashi\ESM_databases\canoe-transportation\inputs\cache\nrcan_ceud_transport\2021_tran_on_e_20.xls
nrcan_ceud_transport_provincial,ON,20,Cars,car_activity,cars,stocks_and_demands,Cars|Energy Use by Energy Source (PJ)|Diesel Fuel Oil,Cars,Energy Use by Energy Source (PJ)|Diesel Fuel Oil,2017,3.074144,PJ,C:\Users\rashi\ESM_databases\canoe-transportation\inputs\cache\nrcan_ceud_transport\2021_tran_on_e_20.xls
nrcan_ceud_transport_provincial,ON,20,Cars,car_activity,cars,stocks_and_demands,Cars|Energy Use by Energy Source (PJ)|Propane,Cars,Energy Use by Energy Source (PJ)|Propane,2017,3.110541,PJ,C:\Users\rashi\ESM_databases\canoe-transportation\inputs\cache\nrcan_ceud_transport\2021_tran_on_e_20.xls
nrcan_ceud_transport_provincial,ON,20,Cars,car_activity,cars,stocks_and_demands,Cars|Activity|Passenger-kilometres (millions),Cars,Activity|Passenger-kilometres (millions),2017,121009.210147,millions,C:\Users\rashi\ESM_databases\canoe-transportation\inputs\cache\nrcan_ceud_transport\2021_tran_on_e_20.xls
nrcan_ceud_transport_provincial,ON,20,Cars,car_activity,cars,stocks_and_demands,Cars|Energy Intensity (MJ/Pkm),Cars,Energy Intensity (MJ/Pkm),2017,1.730419,MJ/Pkm,C:\Users\rashi\ESM_databases\canoe-transportation\inputs\cache\nrcan_ceud_transport\2021_tran_on_e_20.xls
nrcan_ceud_transport_provincial,ON,20,Cars,car_activity,cars,stocks_and_demands,Car Energy Use (PJ),Car Energy Use (PJ),Car Energy Use (PJ),2018,206.100438,PJ,C:\Users\rashi\ESM_databases\canoe-transportation\inputs\cache\nrcan_ceud_transport\2021_tran_on_e_20.xls
nrcan_ceud_transport_provincial,ON,20,Cars,car_activity,cars,stocks_and_demands,Cars|Energy Use by Energy Source (PJ)|Natural Gas,Cars,Energy Use by Energy Source (PJ)|Natural Gas,2018,0.045003,PJ,C:\Users\rashi\ESM_databases\canoe-transportation\inputs\cache\nrcan_ceud_transport\2021_tran_on_e_20.xls
nrcan_ceud_transport_provincial,ON,20,Cars,car_activity,cars,stocks_and_demands,Cars|Energy Use by Energy Source (PJ)|Motor Gasoline,Cars,Energy Use by Energy Source (PJ)|Motor Gasoline,2018,200.510682,PJ,C:\Users\rashi\ESM_databases\canoe-transportation\inputs\cache\nrcan_ceud_transport\2021_tran_on_e_20.xls
nrcan_ceud_transport_provincial,ON,20,Cars,car_activity,cars,stocks_and_demands,Cars|Energy Use by Energy Source (PJ)|Diesel Fuel Oil,Cars,Energy Use by Energy Source (PJ)|Diesel Fuel Oil,2018,3.250796,PJ,C:\Users\rashi\ESM_databases\canoe-transportation\inputs\cache\nrcan_ceud_transport\2021_tran_on_e_20.xls
nrcan_ceud_transport_provincial,ON,20,Cars,car_activity,cars,stocks_and_demands,Cars|Energy Use by Energy Source (PJ)|Propane,Cars,Energy Use by Energy Source (PJ)|Propane,2018,2.293958,PJ,C:\Users\rashi\ESM_databases\canoe-transportation\inputs\cache\nrcan_ceud_transport\2021_tran_on_e_20.xls
nrcan_ceud_transport_provincial,ON,20,Cars,car_activity,cars,stocks_and_demands,Cars|Activity|Passenger-kilometres (millions),Cars,Activity|Passenger-kilometres (millions),2018,120437.707371,millions,C:\Users\rashi\ESM_databases\canoe-transportation\inputs\cache\nrcan_ceud_transport\2021_tran_on_e_20.xls
nrcan_ceud_transport_provincial,ON,20,Cars,car_activity,cars,stocks_and_demands,Cars|Energy Intensity (MJ/Pkm),Cars,Energy Intensity (MJ/Pkm),2018,1.711262,MJ/Pkm,C:\Users\rashi\ESM_databases\canoe-transportation\inputs\cache\nrcan_ceud_transport\2021_tran_on_e_20.xls
nrcan_ceud_transport_provincial,ON,20,Cars,car_activity,cars,stocks_and_demands,Car Energy Use (PJ),Car Energy Use (PJ),Car Energy Use (PJ),2019,204.800218,PJ,C:\Users\rashi\ESM_databases\canoe-transportation\inputs\cache\nrcan_ceud_transport\2021_tran_on_e_20.xls
nrcan_ceud_transport_provincial,ON,20,Cars,car_activity,cars,stocks_and_demands,Cars|Energy Use by Energy Source (PJ)|Natural Gas,Cars,Energy Use by Energy Source (PJ)|Natural Gas,2019,0.026175,PJ,C:\Users\rashi\ESM_databases\canoe-transportation\inputs\cache\nrcan_ceud_transport\2021_tran_on_e_20.xls
nrcan_ceud_transport_provincial,ON,20,Cars,car_activity,cars,stocks_and_demands,Cars|Energy Use by Energy Source (PJ)|Motor Gasoline,Cars,Energy Use by Energy Source (PJ)|Motor Gasoline,2019,199.96123,PJ,C:\Users\rashi\ESM_databases\canoe-transportation\inputs\cache\nrcan_ceud_transport\2021_tran_on_e_20.xls
nrcan_ceud_transport_provincial,ON,20,Cars,car_activity,cars,stocks_and_demands,Cars|Energy Use by Energy Source (PJ)|Diesel Fuel Oil,Cars,Energy Use by Energy Source (PJ)|Diesel Fuel Oil,2019,2.492476,PJ,C:\Users\rashi\ESM_databases\canoe-transportation\inputs\cache\nrcan_ceud_transport\2021_tran_on_e_20.xls
nrcan_ceud_transport_provincial,ON,20,Cars,car_activity,cars,stocks_and_demands,Cars|Energy Use by Energy Source (PJ)|Propane,Cars,Energy Use by Energy Source (PJ)|Propane,2019,2.320338,PJ,C:\Users\rashi\ESM_databases\canoe-transportation\inputs\cache\nrcan_ceud_transport\2021_tran_on_e_20.xls
nrcan_ceud_transport_provincial,ON,20,Cars,car_activity,cars,stocks_and_demands,Cars|Activity|Passenger-kilometres (millions),Cars,Activity|Passenger-kilometres (millions),2019,120869.745991,millions,C:\Users\rashi\ESM_databases\canoe-transportation\inputs\cache\nrcan_ceud_transport\2021_tran_on_e_20.xls
nrcan_ceud_transport_provincial,ON,20,Cars,car_activity,cars,stocks_and_demands,Cars|Energy Intensity (MJ/Pkm),Cars,Energy Intensity (MJ/Pkm),2019,1.694388,MJ/Pkm,C:\Users\rashi\ESM_databases\canoe-transportation\inputs\cache\nrcan_ceud_transport\2021_tran_on_e_20.xls
nrcan_ceud_transport_provincial,ON,20,Cars,car_activity,cars,stocks_and_demands,Car Energy Use (PJ),Car Energy Use (PJ),Car Energy Use (PJ),2020,146.847872,PJ,C:\Users\rashi\ESM_databases\canoe-transportation\inputs\cache\nrcan_ceud_transport\2021_tran_on_e_20.xls
nrcan_ceud_transport_provincial,ON,20,Cars,car_activity,cars,stocks_and_demands,Cars|Energy Use by Energy Source (PJ)|Natural Gas,Cars,Energy Use by Energy Source (PJ)|Natural Gas,2020,0.017206,PJ,C:\Users\rashi\ESM_databases\canoe-transportation\inputs\cache\nrcan_ceud_transport\2021_tran_on_e_20.xls
nrcan_ceud_transport_provincial,ON,20,Cars,car_activity,cars,stocks_and_demands,Cars|Energy Use by Energy Source (PJ)|Motor Gasoline,Cars,Energy Use by Energy Source (PJ)|Motor Gasoline,2020,142.525363,PJ,C:\Users\rashi\ESM_databases\canoe-transportation\inputs\cache\nrcan_ceud_transport\2021_tran_on_e_20.xls
nrcan_ceud_transport_provincial,ON,20,Cars,car_activity,cars,stocks_and_demands,Cars|Energy Use by Energy Source (PJ)|Diesel Fuel Oil,Cars,Energy Use by Energy Source (PJ)|Diesel Fuel Oil,2020,1.968246,PJ,C:\Users\rashi\ESM_databases\canoe-transportation\inputs\cache\nrcan_ceud_transport\2021_tran_on_e_20.xls
nrcan_ceud_transport_provincial,ON,20,Cars,car_activity,cars,stocks_and_demands,Cars|Energy Use by Energy Source (PJ)|Propane,Cars,Energy Use by Energy Source (PJ)|Propane,2020,2.337057,PJ,C:\Users\rashi\ESM_databases\canoe-transportation\inputs\cache\nrcan_ceud_transport\2021_tran_on_e_20.xls
nrcan_ceud_transport_provincial,ON,20,Cars,car_activity,cars,stocks_and_demands,Cars|Activity|Passenger-kilometres (millions),Cars,Activity|Passenger-kilometres (millions),2020,91294.698486,millions,C:\Users\rashi\ESM_databases\canoe-transportation\inputs\cache\nrcan_ceud_transport\2021_tran_on_e_20.xls
nrcan_ceud_transport_provincial,ON,20,Cars,car_activity,cars,stocks_and_demands,Cars|Energy Intensity (MJ/Pkm),Cars,Energy Intensity (MJ/Pkm),2020,1.608504,MJ/Pkm,C:\Users\rashi\ESM_databases\canoe-transportation\inputs\cache\nrcan_ceud_transport\2021_tran_on_e_20.xls
nrcan_ceud_transport_provincial,ON,20,Cars,car_activity,cars,stocks_and_demands,Car Energy Use (PJ),Car Energy Use (PJ),Car Energy Use (PJ),2021,143.287462,PJ,C:\Users\rashi\ESM_databases\canoe-transportation\inputs\cache\nrcan_ceud_transport\2021_tran_on_e_20.xls
nrcan_ceud_transport_provincial,ON,20,Cars,car_activity,cars,stocks_and_demands,Cars|Energy Use by Energy Source (PJ)|Natural Gas,Cars,Energy Use by Energy Source (PJ)|Natural Gas,2021,0.011521,PJ,C:\Users\rashi\ESM_databases\canoe-transportation\inputs\cache\nrcan_ceud_transport\2021_tran_on_e_20.xls
nrcan_ceud_transport_provincial,ON,20,Cars,car_activity,cars,stocks_and_demands,Cars|Energy Use by Energy Source (PJ)|Motor Gasoline,Cars,Energy Use by Energy Source (PJ)|Motor Gasoline,2021,138.817067,PJ,C:\Users\rashi\ESM_databases\canoe-transportation\inputs\cache\nrcan_ceud_transport\2021_tran_on_e_20.xls
nrcan_ceud_transport_provincial,ON,20,Cars,car_activity,cars,stocks_and_demands,Cars|Energy Use by Energy Source (PJ)|Diesel Fuel Oil,Cars,Energy Use by Energy Source (PJ)|Diesel Fuel Oil,2021,1.784423,PJ,C:\Users\rashi\ESM_databases\canoe-transportation\inputs\cache\nrcan_ceud_transport\2021_tran_on_e_20.xls
nrcan_ceud_transport_provincial,ON,20,Cars,car_activity,cars,stocks_and_demands,Cars|Energy Use by Energy Source (PJ)|Propane,Cars,Energy Use by Energy Source (PJ)|Propane,2021,2.674451,PJ,C:\Users\rashi\ESM_databases\canoe-transportation\inputs\cache\nrcan_ceud_transport\2021_tran_on_e_20.xls
nrcan_ceud_transport_provincial,ON,20,Cars,car_activity,cars,stocks_and_demands,Cars|Activity|Passenger-kilometres (millions),Cars,Activity|Passenger-kilometres (millions),2021,89413.447362,millions,C:\Users\rashi\ESM_databases\canoe-transportation\inputs\cache\nrcan_ceud_transport\2021_tran_on_e_20.xls
nrcan_ceud_transport_provincial,ON,20,Cars,car_activity,cars,stocks_and_demands,Cars|Energy Intensity (MJ/Pkm),Cars,Energy Intensity (MJ/Pkm),2021,1.602527,MJ/Pkm,C:\Users\rashi\ESM_databases\canoe-transportation\inputs\cache\nrcan_ceud_transport\2021_tran_on_e_20.xls
nrcan_ceud_transport_provincial,ON,21,Car Explanatory,car_fleet,cars,stocks_and_demands,Sales (thousands)|Cars,Sales (thousands),Cars,2000,363.081,thousands,C:\Users\rashi\ESM_databases\canoe-transportation\inputs\cache\nrcan_ceud_transport\2021_tran_on_e_21.xls
nrcan_ceud_transport_provincial,ON,21,Car Explanatory,car_fleet,cars,stocks_and_demands,Stock (thousands)|Cars,Stock (thousands),Cars,2000,4069.056,thousands,C:\Users\rashi\ESM_databases\canoe-transportation\inputs\cache\nrcan_ceud_transport\2021_tran_on_e_21.xls
nrcan_ceud_transport_provincial,ON,21,Car Explanatory,car_fleet,cars,stocks_and_demands,Average Distance Travelled per Year (km)|Cars,Average Distance Travelled per Year (km),Cars,2000,20445.412,km,C:\Users\rashi\ESM_databases\canoe-transportation\inputs\cache\nrcan_ceud_transport\2021_tran_on_e_21.xls
nrcan_ceud_transport_provincial,ON,21,Car Explanatory,car_fleet,cars,stocks_and_demands,Cars On-Road Average Fuel Consumption (L/100 km)|Motor Gasoline,Cars On-Road Average Fuel Consumption (L/100 km),Motor Gasoline,2000,8.838833,L/100 km,C:\Users\rashi\ESM_databases\canoe-transportation\inputs\cache\nrcan_ceud_transport\2021_tran_on_e_21.xls
nrcan_ceud_transport_provincial,ON,21,Car Explanatory,car_fleet,cars,stocks_and_demands,Cars On-Road Average Fuel Consumption (L/100 km)|Diesel Fuel Oil,Cars On-Road Average Fuel Consumption (L/100 km),Diesel Fuel Oil,2000,6.440784,L/100 km,C:\Users\rashi\ESM_databases\canoe-transportation\inputs\cache\nrcan_ceud_transport\2021_tran_on_e_21.xls
nrcan_ceud_transport_provincial,ON,21,Car Explanatory,car_fleet,cars,stocks_and_demands,Sales (thousands)|Cars,Sales (thousands),Cars,2001,354.273,thousands,C:\Users\rashi\ESM_databases\canoe-transportation\inputs\cache\nrcan_ceud_transport\2021_tran_on_e_21.xls
nrcan_ceud_transport_provincial,ON,21,Car Explanatory,car_fleet,cars,stocks_and_demands,Stock (thousands)|Cars,Stock (thousands),Cars,2001,4206.276,thousands,C:\Users\rashi\ESM_databases\canoe-transportation\inputs\cache\nrcan_ceud_transport\2021_tran_on_e_21.xls
nrcan_ceud_transport_provincial,ON,21,Car Explanatory,car_fleet,cars,stocks_and_demands,Average Distance Travelled per Year (km)|Cars,Average Distance Travelled per Year (km),Cars,2001,19627.018,km,C:\Users\rashi\ESM_databases\canoe-transportation\inputs\cache\nrcan_ceud_transport\2021_tran_on_e_21.xls
nrcan_ceud_transport_provincial,ON,21,Car Explanatory,car_fleet,cars,stocks_and_demands,Cars On-Road Average Fuel Consumption (L/100 km)|Motor Gasoline,Cars On-Road Average Fuel Consumption (L/100 km),Motor Gasoline,2001,8.781358,L/100 km,C:\Users\rashi\ESM_databases\canoe-transportation\inputs\cache\nrcan_ceud_transport\2021_tran_on_e_21.xls
nrcan_ceud_transport_provincial,ON,21,Car Explanatory,car_fleet,cars,stocks_and_demands,Cars On-Road Average Fuel Consumption (L/100 km)|Diesel Fuel Oil,Cars On-Road Average Fuel Consumption (L/100 km),Diesel Fuel Oil,2001,6.385188,L/100 km,C:\Users\rashi\ESM_databases\canoe-transportation\inputs\cache\nrcan_ceud_transport\2021_tran_on_e_21.xls
nrcan_ceud_transport_provincial,ON,21,Car Explanatory,car_fleet,cars,stocks_and_demands,Sales (thousands)|Cars,Sales (thousands),Cars,2002,368.369,thousands,C:\Users\rashi\ESM_databases\canoe-transportation\inputs\cache\nrcan_ceud_transport\2021_tran_on_e_21.xls
nrcan_ceud_transport_provincial,ON,21,Car Explanatory,car_fleet,cars,stocks_and_demands,Stock (thousands)|Cars,Stock (thousands),Cars,2002,4163.059,thousands,C:\Users\rashi\ESM_databases\canoe-transportation\inputs\cache\nrcan_ceud_transport\2021_tran_on_e_21.xls
nrcan_ceud_transport_provincial,ON,21,Car Explanatory,car_fleet,cars,stocks_and_demands,Average Distance Travelled per Year (km)|Cars,Average Distance Travelled per Year (km),Cars,2002,20588.03,km,C:\Users\rashi\ESM_databases\canoe-transportation\inputs\cache\nrcan_ceud_transport\2021_tran_on_e_21.xls
nrcan_ceud_transport_provincial,ON,21,Car Explanatory,car_fleet,cars,stocks_and_demands,Cars On-Road Average Fuel Consumption (L/100 km)|Motor Gasoline,Cars On-Road Average Fuel Consumption (L/100 km),Motor Gasoline,2002,8.70469,L/100 km,C:\Users\rashi\ESM_databases\canoe-transportation\inputs\cache\nrcan_ceud_transport\2021_tran_on_e_21.xls
nrcan_ceud_transport_provincial,ON,21,Car Explanatory,car_fleet,cars,stocks_and_demands,Cars On-Road Average Fuel Consumption (L/100 km)|Diesel Fuel Oil,Cars On-Road Average Fuel Consumption (L/100 km),Diesel Fuel Oil,2002,6.341163,L/100 km,C:\Users\rashi\ESM_databases\canoe-transportation\inputs\cache\nrcan_ceud_transport\2021_tran_on_e_21.xls
nrcan_ceud_transport_provincial,ON,21,Car Explanatory,car_fleet,cars,stocks_and_demands,Sales (thousands)|Cars,Sales (thousands),Cars,2003,332.265,thousands,C:\Users\rashi\ESM_databases\canoe-transportation\inputs\cache\nrcan_ceud_transport\2021_tran_on_e_21.xls
nrcan_ceud_transport_provincial,ON,21,Car Explanatory,car_fleet,cars,stocks_and_demands,Stock (thousands)|Cars,Stock (thousands),Cars,2003,4169.907,thousands,C:\Users\rashi\ESM_databases\canoe-transportation\inputs\cache\nrcan_ceud_transport\2021_tran_on_e_21.xls
nrcan_ceud_transport_provincial,ON,21,Car Explanatory,car_fleet,cars,stocks_and_demands,Average Distance Travelled per Year (km)|Cars,Average Distance Travelled per Year (km),Cars,2003,20560.324,km,C:\Users\rashi\ESM_databases\canoe-transportation\inputs\cache\nrcan_ceud_transport\2021_tran_on_e_21.xls
nrcan_ceud_transport_provincial,ON,21,Car Explanatory,car_fleet,cars,stocks_and_demands,Cars On-Road Average Fuel Consumption (L/100 km)|Motor Gasoline,Cars On-Road Average Fuel Consumption (L/100 km),Motor Gasoline,2003,8.60494,L/100 km,C:\Users\rashi\ESM_databases\canoe-transportation\inputs\cache\nrcan_ceud_transport\2021_tran_on_e_21.xls
nrcan_ceud_transport_provincial,ON,21,Car Explanatory,car_fleet,cars,stocks_and_demands,Cars On-Road Average Fuel Consumption (L/100 km)|Diesel Fuel Oil,Cars On-Road Average Fuel Consumption (L/100 km),Diesel Fuel Oil,2003,6.28068,L/100 km,C:\Users\rashi\ESM_databases\canoe-transportation\inputs\cache\nrcan_ceud_transport\2021_tran_on_e_21.xls
nrcan_ceud_transport_provincial,ON,21,Car Explanatory,car_fleet,cars,stocks_and_demands,Sales (thousands)|Cars,Sales (thousands),Cars,2004,302.415,thousands,C:\Users\rashi\ESM_databases\canoe-transportation\inputs\cache\nrcan_ceud_transport\2021_tran_on_e_21.xls
nrcan_ceud_transport_provincial,ON,21,Car Explanatory,car_fleet,cars,stocks_and_demands,Stock (thousands)|Cars,Stock (thousands),Cars,2004,4218.554,thousands,C:\Users\rashi\ESM_databases\canoe-transportation\inputs\cache\nrcan_ceud_transport\2021_tran_on_e_21.xls
nrcan_ceud_transport_provincial,ON,21,Car Explanatory,car_fleet,cars,stocks_and_demands,Average Distance Travelled per Year (km)|Cars,Average Distance Travelled per Year (km),Cars,2004,20624.614,km,C:\Users\rashi\ESM_databases\canoe-transportation\inputs\cache\nrcan_ceud_transport\2021_tran_on_e_21.xls
nrcan_ceud_transport_provincial,ON,21,Car Explanatory,car_fleet,cars,stocks_and_demands,Cars On-Road Average Fuel Consumption (L/100 km)|Motor Gasoline,Cars On-Road Average Fuel Consumption (L/100 km),Motor Gasoline,2004,8.587756,L/100 km,C:\Users\rashi\ESM_databases\canoe-transportation\inputs\cache\nrcan_ceud_transport\2021_tran_on_e_21.xls
nrcan_ceud_transport_provincial,ON,21,Car Explanatory,car_fleet,cars,stocks_and_demands,Cars On-Road Average Fuel Consumption (L/100 km)|Diesel Fuel Oil,Cars On-Road Average Fuel Consumption (L/100 km),Diesel Fuel Oil,2004,6.314524,L/100 km,C:\Users\rashi\ESM_databases\canoe-transportation\inputs\cache\nrcan_ceud_transport\2021_tran_on_e_21.xls
nrcan_ceud_transport_provincial,ON,21,Car Explanatory,car_fleet,cars,stocks_and_demands,Sales (thousands)|Cars,Sales (thousands),Cars,2005,315.208,thousands,C:\Users\rashi\ESM_databases\canoe-transportation\inputs\cache\nrcan_ceud_transport\2021_tran_on_e_21.xls
nrcan_ceud_transport_provincial,ON,21,Car Explanatory,car_fleet,cars,stocks_and_demands,Stock (thousands)|Cars,Stock (thousands),Cars,2005,4212.415,thousands,C:\Users\rashi\ESM_databases\canoe-transportation\inputs\cache\nrcan_ceud_transport\2021_tran_on_e_21.xls
nrcan_ceud_transport_provincial,ON,21,Car Explanatory,car_fleet,cars,stocks_and_demands,Average Distance Travelled per Year (km)|Cars,Average Distance Travelled per Year (km),Cars,2005,20904.582,km,C:\Users\rashi\ESM_databases\canoe-transportation\inputs\cache\nrcan_ceud_transport\2021_tran_on_e_21.xls
nrcan_ceud_transport_provincial,ON,21,Car Explanatory,car_fleet,cars,stocks_and_demands,Cars On-Road Average Fuel Consumption (L/100 km)|Motor Gasoline,Cars On-Road Average Fuel Consumption (L/100 km),Motor Gasoline,2005,8.5583,L/100 km,C:\Users\rashi\ESM_databases\canoe-transportation\inputs\cache\nrcan_ceud_transport\2021_tran_on_e_21.xls
nrcan_ceud_transport_provincial,ON,21,Car Explanatory,car_fleet,cars,stocks_and_demands,Cars On-Road Average Fuel Consumption (L/100 km)|Diesel Fuel Oil,Cars On-Road Average Fuel Consumption (L/100 km),Diesel Fuel Oil,2005,6.317366,L/100 km,C:\Users\rashi\ESM_databases\canoe-transportation\inputs\cache\nrcan_ceud_transport\2021_tran_on_e_21.xls
nrcan_ceud_transport_provincial,ON,21,Car Explanatory,car_fleet,cars,stocks_and_demands,Sales (thousands)|Cars,Sales (thousands),Cars,2006,320.175,thousands,C:\Users\rashi\ESM_databases\canoe-transportation\inputs\cache\nrcan_ceud_transport\2021_tran_on_e_21.xls
nrcan_ceud_transport_provincial,ON,21,Car Explanatory,car_fleet,cars,stocks_and_demands,Stock (thousands)|Cars,Stock (thousands),Cars,2006,4199.036,thousands,C:\Users\rashi\ESM_databases\canoe-transportation\inputs\cache\nrcan_ceud_transport\2021_tran_on_e_21.xls
nrcan_ceud_transport_provincial,ON,21,Car Explanatory,car_fleet,cars,stocks_and_demands,Average Distance Travelled per Year (km)|Cars,Average Distance Travelled per Year (km),Cars,2006,20391.594,km,C:\Users\rashi\ESM_databases\canoe-transportation\inputs\cache\nrcan_ceud_transport\2021_tran_on_e_21.xls
nrcan_ceud_transport_provincial,ON,21,Car Explanatory,car_fleet,cars,stocks_and_demands,Cars On-Road Average Fuel Consumption (L/100 km)|Motor Gasoline,Cars On-Road Average Fuel Consumption (L/100 km),Motor Gasoline,2006,8.504666,L/100 km,C:\Users\rashi\ESM_databases\canoe-transportation\inputs\cache\nrcan_ceud_transport\2021_tran_on_e_21.xls
nrcan_ceud_transport_provincial,ON,21,Car Explanatory,car_fleet,cars,stocks_and_demands,Cars On-Road Average Fuel Consumption (L/100 km)|Diesel Fuel Oil,Cars On-Road Average Fuel Consumption (L/100 km),Diesel Fuel Oil,2006,6.327542,L/100 km,C:\Users\rashi\ESM_databases\canoe-transportation\inputs\cache\nrcan_ceud_transport\2021_tran_on_e_21.xls
nrcan_ceud_transport_provincial,ON,21,Car Explanatory,car_fleet,cars,stocks_and_demands,Sales (thousands)|Cars,Sales (thousands),Cars,2007,320.139,thousands,C:\Users\rashi\ESM_databases\canoe-transportation\inputs\cache\nrcan_ceud_transport\2021_tran_on_e_21.xls
nrcan_ceud_transport_provincial,ON,21,Car Explanatory,car_fleet,cars,stocks_and_demands,Stock (thousands)|Cars,Stock (thousands),Cars,2007,4235.823,thousands,C:\Users\rashi\ESM_databases\canoe-transportation\inputs\cache\nrcan_ceud_transport\2021_tran_on_e_21.xls
nrcan_ceud_transport_provincial,ON,21,Car Explanatory,car_fleet,cars,stocks_and_demands,Average Distance Travelled per Year (km)|Cars,Average Distance Travelled per Year (km),Cars,2007,20424.178,km,C:\Users\rashi\ESM_databases\canoe-transportation\inputs\cache\nrcan_ceud_transport\2021_tran_on_e_21.xls
nrcan_ceud_transport_provincial,ON,21,Car Explanatory,car_fleet,cars,stocks_and_demands,Cars On-Road Average Fuel Consumption (L/100 km)|Motor Gasoline,Cars On-Road Average Fuel Consumption (L/100 km),Motor Gasoline,2007,8.144521,L/100 km,C:\Users\rashi\ESM_databases\canoe-transportation\inputs\cache\nrcan_ceud_transport\2021_tran_on_e_21.xls
nrcan_ceud_transport_provincial,ON,21,Car Explanatory,car_fleet,cars,stocks_and_demands,Cars On-Road Average Fuel Consumption (L/100 km)|Diesel Fuel Oil,Cars On-Road Average Fuel Consumption (L/100 km),Diesel Fuel Oil,2007,6.364561,L/100 km,C:\Users\rashi\ESM_databases\canoe-transportation\inputs\cache\nrcan_ceud_transport\2021_tran_on_e_21.xls
nrcan_ceud_transport_provincial,ON,21,Car Explanatory,car_fleet,cars,stocks_and_demands,Sales (thousands)|Cars,Sales (thousands),Cars,2008,326.355,thousands,C:\Users\rashi\ESM_databases\canoe-transportation\inputs\cache\nrcan_ceud_transport\2021_tran_on_e_21.xls
nrcan_ceud_transport_provincial,ON,21,Car Explanatory,car_fleet,cars,stocks_and_demands,Stock (thousands)|Cars,Stock (thousands),Cars,2008,4273.029,thousands,C:\Users\rashi\ESM_databases\canoe-transportation\inputs\cache\nrcan_ceud_transport\2021_tran_on_e_21.xls
nrcan_ceud_transport_provincial,ON,21,Car Explanatory,car_fleet,cars,stocks_and_demands,Average Distance Travelled per Year (km)|Cars,Average Distance Travelled per Year (km),Cars,2008,20005.374,km,C:\Users\rashi\ESM_databases\canoe-transportation\inputs\cache\nrcan_ceud_transport\2021_tran_on_e_21.xls
nrcan_ceud_transport_provincial,ON,21,Car Explanatory,car_fleet,cars,stocks_and_demands,Cars On-Road Average Fuel Consumption (L/100 km)|Motor Gasoline,Cars On-Road Average Fuel Consumption (L/100 km),Motor Gasoline,2008,7.987661,L/100 km,C:\Users\rashi\ESM_databases\canoe-transportation\inputs\cache\nrcan_ceud_transport\2021_tran_on_e_21.xls
nrcan_ceud_transport_provincial,ON,21,Car Explanatory,car_fleet,cars,stocks_and_demands,Cars On-Road Average Fuel Consumption (L/100 km)|Diesel Fuel Oil,Cars On-Road Average Fuel Consumption (L/100 km),Diesel Fuel Oil,2008,6.384151,L/100 km,C:\Users\rashi\ESM_databases\canoe-transportation\inputs\cache\nrcan_ceud_transport\2021_tran_on_e_21.xls
nrcan_ceud_transport_provincial,ON,21,Car Explanatory,car_fleet,cars,stocks_and_demands,Sales (thousands)|Cars,Sales (thousands),Cars,2009,271.523,thousands,C:\Users\rashi\ESM_databases\canoe-transportation\inputs\cache\nrcan_ceud_transport\2021_tran_on_e_21.xls
nrcan_ceud_transport_provincial,ON,21,Car Explanatory,car_fleet,cars,stocks_and_demands,Stock (thousands)|Cars,Stock (thousands),Cars,2009,4275.096,thousands,C:\Users\rashi\ESM_databases\canoe-transportation\inputs\cache\nrcan_ceud_transport\2021_tran_on_e_21.xls
nrcan_ceud_transport_provincial,ON,21,Car Explanatory,car_fleet,cars,stocks_and_demands,Average Distance Travelled per Year (km)|Cars,Average Distance Travelled per Year (km),Cars,2009,20540.746,km,C:\Users\rashi\ESM_databases\canoe-transportation\inputs\cache\nrcan_ceud_transport\2021_tran_on_e_21.xls
nrcan_ceud_transport_provincial,ON,21,Car Explanatory,car_fleet,cars,stocks_and_demands,Cars On-Road Average Fuel Consumption (L/100 km)|Motor Gasoline,Cars On-Road Average Fuel Consumption (L/100 km),Motor Gasoline,2009,7.947256,L/100 km,C:\Users\rashi\ESM_databases\canoe-transportation\inputs\cache\nrcan_ceud_transport\2021_tran_on_e_21.xls
nrcan_ceud_transport_provincial,ON,21,Car Explanatory,car_fleet,cars,stocks_and_demands,Cars On-Road Average Fuel Consumption (L/100 km)|Diesel Fuel Oil,Cars On-Road Average Fuel Consumption (L/100 km),Diesel Fuel Oil,2009,6.4332,L/100 km,C:\Users\rashi\ESM_databases\canoe-transportation\inputs\cache\nrcan_ceud_transport\2021_tran_on_e_21.xls
nrcan_ceud_transport_provincial,ON,21,Car Explanatory,car_fleet,cars,stocks_and_demands,Sales (thousands)|Cars,Sales (thousands),Cars,2010,256.755,thousands,C:\Users\rashi\ESM_databases\canoe-transportation\inputs\cache\nrcan_ceud_transport\2021_tran_on_e_21.xls
nrcan_ceud_transport_provincial,ON,21,Car Explanatory,car_fleet,cars,stocks_and_demands,Stock (thousands)|Cars,Stock (thousands),Cars,2010,4238.967,thousands,C:\Users\rashi\ESM_databases\canoe-transportation\inputs\cache\nrcan_ceud_transport\2021_tran_on_e_21.xls
nrcan_ceud_transport_provincial,ON,21,Car Explanatory,car_fleet,cars,stocks_and_demands,Average Distance Travelled per Year (km)|Cars,Average Distance Travelled per Year (km),Cars,2010,20735.206,km,C:\Users\rashi\ESM_databases\canoe-transportation\inputs\cache\nrcan_ceud_transport\2021_tran_on_e_21.xls
nrcan_ceud_transport_provincial,ON,21,Car Explanatory,car_fleet,cars,stocks_and_demands,Cars On-Road Average Fuel Consumption (L/100 km)|Motor Gasoline,Cars On-Road Average Fuel Consumption (L/100 km),Motor Gasoline,2010,7.875101,L/100 km,C:\Users\rashi\ESM_databases\canoe-transportation\inputs\cache\nrcan_ceud_transport\2021_tran_on_e_21.xls
nrcan_ceud_transport_provincial,ON,21,Car Explanatory,car_fleet,cars,stocks_and_demands,Cars On-Road Average Fuel Consumption (L/100 km)|Diesel Fuel Oil,Cars On-Road Average Fuel Consumption (L/100 km),Diesel Fuel Oil,2010,6.594387,L/100 km,C:\Users\rashi\ESM_databases\canoe-transportation\inputs\cache\nrcan_ceud_transport\2021_tran_on_e_21.xls
nrcan_ceud_transport_provincial,ON,21,Car Explanatory,car_fleet,cars,stocks_and_demands,Sales (thousands)|Cars,Sales (thousands),Cars,2011,261.232,thousands,C:\Users\rashi\ESM_databases\canoe-transportation\inputs\cache\nrcan_ceud_transport\2021_tran_on_e_21.xls
nrcan_ceud_transport_provincial,ON,21,Car Explanatory,car_fleet,cars,stocks_and_demands,Stock (thousands)|Cars,Stock (thousands),Cars,2011,4197.528,thousands,C:\Users\rashi\ESM_databases\canoe-transportation\inputs\cache\nrcan_ceud_transport\2021_tran_on_e_21.xls
nrcan_ceud_transport_provincial,ON,21,Car Explanatory,car_fleet,cars,stocks_and_demands,Average Distance Travelled per Year (km)|Cars,Average Distance Travelled per Year (km),Cars,2011,20338.906,km,C:\Users\rashi\ESM_databases\canoe-transportation\inputs\cache\nrcan_ceud_transport\2021_tran_on_e_21.xls
nrcan_ceud_transport_provincial,ON,21,Car Explanatory,car_fleet,cars,stocks_and_demands,Cars On-Road Average Fuel Consumption (L/100 km)|Motor Gasoline,Cars On-Road Average Fuel Consumption (L/100 km),Motor Gasoline,2011,7.783365,L/100 km,C:\Users\rashi\ESM_databases\canoe-transportation\inputs\cache\nrcan_ceud_transport\2021_tran_on_e_21.xls
nrcan_ceud_transport_provincial,ON,21,Car Explanatory,car_fleet,cars,stocks_and_demands,Cars On-Road Average Fuel Consumption (L/100 km)|Diesel Fuel Oil,Cars On-Road Average Fuel Consumption (L/100 km),Diesel Fuel Oil,2011,6.621116,L/100 km,C:\Users\rashi\ESM_databases\canoe-transportation\inputs\cache\nrcan_ceud_transport\2021_tran_on_e_21.xls
nrcan_ceud_transport_provincial,ON,21,Car Explanatory,car_fleet,cars,stocks_and_demands,Sales (thousands)|Cars,Sales (thousands),Cars,2012,278.479,thousands,C:\Users\rashi\ESM_databases\canoe-transportation\inputs\cache\nrcan_ceud_transport\2021_tran_on_e_21.xls
nrcan_ceud_transport_provincial,ON,21,Car Explanatory,car_fleet,cars,stocks_and_demands,Stock (thousands)|Cars,Stock (thousands),Cars,2012,4190.892,thousands,C:\Users\rashi\ESM_databases\canoe-transportation\inputs\cache\nrcan_ceud_transport\2021_tran_on_e_21.xls
nrcan_ceud_transport_provincial,ON,21,Car Explanatory,car_fleet,cars,stocks_and_demands,Average Distance Travelled per Year (km)|Cars,Average Distance Travelled per Year (km),Cars,2012,19050.102,km,C:\Users\rashi\ESM_databases\canoe-transportation\inputs\cache\nrcan_ceud_transport\2021_tran_on_e_21.xls
nrcan_ceud_transport_provincial,ON,21,Car Explanatory,car_fleet,cars,stocks_and_demands,Cars On-Road Average Fuel Consumption (L/100 km)|Motor Gasoline,Cars On-Road Average Fuel Consumption (L/100 km),Motor Gasoline,2012,7.658324,L/100 km,C:\Users\rashi\ESM_databases\canoe-transportation\inputs\cache\nrcan_ceud_transport\2021_tran_on_e_21.xls
nrcan_ceud_transport_provincial,ON,21,Car Explanatory,car_fleet,cars,stocks_and_demands,Cars On-Road Average Fuel Consumption (L/100 km)|Diesel Fuel Oil,Cars On-Road Average Fuel Consumption (L/100 km),Diesel Fuel Oil,2012,6.663869,L/100 km,C:\Users\rashi\ESM_databases\canoe-transportation\inputs\cache\nrcan_ceud_transport\2021_tran_on_e_21.xls
nrcan_ceud_transport_provincial,ON,21,Car Explanatory,car_fleet,cars,stocks_and_demands,Sales (thousands)|Cars,Sales (thousands),Cars,2013,283.546,thousands,C:\Users\rashi\ESM_databases\canoe-transportation\inputs\cache\nrcan_ceud_transport\2021_tran_on_e_21.xls
nrcan_ceud_transport_provincial,ON,21,Car Explanatory,car_fleet,cars,stocks_and_demands,Stock (thousands)|Cars,Stock (thousands),Cars,2013,4269.352,thousands,C:\Users\rashi\ESM_databases\canoe-transportation\inputs\cache\nrcan_ceud_transport\2021_tran_on_e_21.xls
nrcan_ceud_transport_provincial,ON,21,Car Explanatory,car_fleet,cars,stocks_and_demands,Average Distance Travelled per Year (km)|Cars,Average Distance Travelled per Year (km),Cars,2013,19632.706,km,C:\Users\rashi\ESM_databases\canoe-transportation\inputs\cache\nrcan_ceud_transport\2021_tran_on_e_21.xls
nrcan_ceud_transport_provincial,ON,21,Car Explanatory,car_fleet,cars,stocks_and_demands,Cars On-Road Average Fuel Consumption (L/100 km)|Motor Gasoline,Cars On-Road Average Fuel Consumption (L/100 km),Motor Gasoline,2013,7.613019,L/100 km,C:\Users\rashi\ESM_databases\canoe-transportation\inputs\cache\nrcan_ceud_transport\2021_tran_on_e_21.xls
nrcan_ceud_transport_provincial,ON,21,Car Explanatory,car_fleet,cars,stocks_and_demands,Cars On-Road Average Fuel Consumption (L/100 km)|Diesel Fuel Oil,Cars On-Road Average Fuel Consumption (L/100 km),Diesel Fuel Oil,2013,6.78016,L/100 km,C:\Users\rashi\ESM_databases\canoe-transportation\inputs\cache\nrcan_ceud_transport\2021_tran_on_e_21.xls
nrcan_ceud_transport_provincial,ON,21,Car Explanatory,car_fleet,cars,stocks_and_demands,Sales (thousands)|Cars,Sales (thousands),Cars,2014,290.693,thousands,C:\Users\rashi\ESM_databases\canoe-transportation\inputs\cache\nrcan_ceud_transport\2021_tran_on_e_21.xls
nrcan_ceud_transport_provincial,ON,21,Car Explanatory,car_fleet,cars,stocks_and_demands,Stock (thousands)|Cars,Stock (thousands),Cars,2014,4352.974,thousands,C:\Users\rashi\ESM_databases\canoe-transportation\inputs\cache\nrcan_ceud_transport\2021_tran_on_e_21.xls
nrcan_ceud_transport_provincial,ON,21,Car Explanatory,car_fleet,cars,stocks_and_demands,Average Distance Travelled per Year (km)|Cars,Average Distance Travelled per Year (km),Cars,2014,18434.186,km,C:\Users\rashi\ESM_databases\canoe-transportation\inputs\cache\nrcan_ceud_transport\2021_tran_on_e_21.xls
nrcan_ceud_transport_provincial,ON,21,Car Explanatory,car_fleet,cars,stocks_and_demands,Cars On-Road Average Fuel Consumption (L/100 km)|Motor Gasoline,Cars On-Road Average Fuel Consumption (L/100 km),Motor Gasoline,2014,7.543509,L/100 km,C:\Users\rashi\ESM_databases\canoe-transportation\inputs\cache\nrcan_ceud_transport\2021_tran_on_e_21.xls
nrcan_ceud_transport_provincial,ON,21,Car Explanatory,car_fleet,cars,stocks_and_demands,Cars On-Road Average Fuel Consumption (L/100 km)|Diesel Fuel Oil,Cars On-Road Average Fuel Consumption (L/100 km),Diesel Fuel Oil,2014,6.802496,L/100 km,C:\Users\rashi\ESM_databases\canoe-transportation\inputs\cache\nrcan_ceud_transport\2021_tran_on_e_21.xls
nrcan_ceud_transport_provincial,ON,21,Car Explanatory,car_fleet,cars,stocks_and_demands,Sales (thousands)|Cars,Sales (thousands),Cars,2015,281.874,thousands,C:\Users\rashi\ESM_databases\canoe-transportation\inputs\cache\nrcan_ceud_transport\2021_tran_on_e_21.xls
nrcan_ceud_transport_provincial,ON,21,Car Explanatory,car_fleet,cars,stocks_and_demands,Stock (thousands)|Cars,Stock (thousands),Cars,2015,4454.462,thousands,C:\Users\rashi\ESM_databases\canoe-transportation\inputs\cache\nrcan_ceud_transport\2021_tran_on_e_21.xls
nrcan_ceud_transport_provincial,ON,21,Car Explanatory,car_fleet,cars,stocks_and_demands,Average Distance Travelled per Year (km)|Cars,Average Distance Travelled per Year (km),Cars,2015,18010.76,km,C:\Users\rashi\ESM_databases\canoe-transportation\inputs\cache\nrcan_ceud_transport\2021_tran_on_e_21.xls
nrcan_ceud_transport_provincial,ON,21,Car Explanatory,car_fleet,cars,stocks_and_demands,Cars On-Road Average Fuel Consumption (L/100 km)|Motor Gasoline,Cars On-Road Average Fuel Consumption (L/100 km),Motor Gasoline,2015,7.93138,L/100 km,C:\Users\rashi\ESM_databases\canoe-transportation\inputs\cache\nrcan_ceud_transport\2021_tran_on_e_21.xls
nrcan_ceud_transport_provincial,ON,21,Car Explanatory,car_fleet,cars,stocks_and_demands,Cars On-Road Average Fuel Consumption (L/100 km)|Diesel Fuel Oil,Cars On-Road Average Fuel Consumption (L/100 km),Diesel Fuel Oil,2015,6.843698,L/100 km,C:\Users\rashi\ESM_databases\canoe-transportation\inputs\cache\nrcan_ceud_transport\2021_tran_on_e_21.xls
nrcan_ceud_transport_provincial,ON,21,Car Explanatory,car_fleet,cars,stocks_and_demands,Sales (thousands)|Cars,Sales (thousands),Cars,2016,262.173,thousands,C:\Users\rashi\ESM_databases\canoe-transportation\inputs\cache\nrcan_ceud_transport\2021_tran_on_e_21.xls
nrcan_ceud_transport_provincial,ON,21,Car Explanatory,car_fleet,cars,stocks_and_demands,Stock (thousands)|Cars,Stock (thousands),Cars,2016,4525.056,thousands,C:\Users\rashi\ESM_databases\canoe-transportation\inputs\cache\nrcan_ceud_transport\2021_tran_on_e_21.xls
nrcan_ceud_transport_provincial,ON,21,Car Explanatory,car_fleet,cars,stocks_and_demands,Average Distance Travelled per Year (km)|Cars,Average Distance Travelled per Year (km),Cars,2016,17499.85,km,C:\Users\rashi\ESM_databases\canoe-transportation\inputs\cache\nrcan_ceud_transport\2021_tran_on_e_21.xls
nrcan_ceud_transport_provincial,ON,21,Car Explanatory,car_fleet,cars,stocks_and_demands,Cars On-Road Average Fuel Consumption (L/100 km)|Motor Gasoline,Cars On-Road Average Fuel Consumption (L/100 km),Motor Gasoline,2016,7.872908,L/100 km,C:\Users\rashi\ESM_databases\canoe-transportation\inputs\cache\nrcan_ceud_transport\2021_tran_on_e_21.xls
nrcan_ceud_transport_provincial,ON,21,Car Explanatory,car_fleet,cars,stocks_and_demands,Cars On-Road Average Fuel Consumption (L/100 km)|Diesel Fuel Oil,Cars On-Road Average Fuel Consumption (L/100 km),Diesel Fuel Oil,2016,6.884899,L/100 km,C:\Users\rashi\ESM_databases\canoe-transportation\inputs\cache\nrcan_ceud_transport\2021_tran_on_e_21.xls
nrcan_ceud_transport_provincial,ON,21,Car Explanatory,car_fleet,cars,stocks_and_demands,Sales (thousands)|Cars,Sales (thousands),Cars,2017,268.849,thousands,C:\Users\rashi\ESM_databases\canoe-transportation\inputs\cache\nrcan_ceud_transport\2021_tran_on_e_21.xls
nrcan_ceud_transport_provincial,ON,21,Car Explanatory,car_fleet,cars,stocks_and_demands,Stock (thousands)|Cars,Stock (thousands),Cars,2017,4593.905,thousands,C:\Users\rashi\ESM_databases\canoe-transportation\inputs\cache\nrcan_ceud_transport\2021_tran_on_e_21.xls
nrcan_ceud_transport_provincial,ON,21,Car Explanatory,car_fleet,cars,stocks_and_demands,Average Distance Travelled per Year (km)|Cars,Average Distance Travelled per Year (km),Cars,2017,16614.894,km,C:\Users\rashi\ESM_databases\canoe-transportation\inputs\cache\nrcan_ceud_transport\2021_tran_on_e_21.xls
nrcan_ceud_transport_provincial,ON,21,Car Explanatory,car_fleet,cars,stocks_and_demands,Cars On-Road Average Fuel Consumption (L/100 km)|Motor Gasoline,Cars On-Road Average Fuel Consumption (L/100 km),Motor Gasoline,2017,7.824253,L/100 km,C:\Users\rashi\ESM_databases\canoe-transportation\inputs\cache\nrcan_ceud_transport\2021_tran_on_e_21.xls
nrcan_ceud_transport_provincial,ON,21,Car Explanatory,car_fleet,cars,stocks_and_demands,Cars On-Road Average Fuel Consumption (L/100 km)|Diesel Fuel Oil,Cars On-Road Average Fuel Consumption (L/100 km),Diesel Fuel Oil,2017,6.86978,L/100 km,C:\Users\rashi\ESM_databases\canoe-transportation\inputs\cache\nrcan_ceud_transport\2021_tran_on_e_21.xls
nrcan_ceud_transport_provincial,ON,21,Car Explanatory,car_fleet,cars,stocks_and_demands,Sales (thousands)|Cars,Sales (thousands),Cars,2018,261.887,thousands,C:\Users\rashi\ESM_databases\canoe-transportation\inputs\cache\nrcan_ceud_transport\2021_tran_on_e_21.xls
nrcan_ceud_transport_provincial,ON,21,Car Explanatory,car_fleet,cars,stocks_and_demands,Stock (thousands)|Cars,Stock (thousands),Cars,2018,4689.124,thousands,C:\Users\rashi\ESM_databases\canoe-transportation\inputs\cache\nrcan_ceud_transport\2021_tran_on_e_21.xls
nrcan_ceud_transport_provincial,ON,21,Car Explanatory,car_fleet,cars,stocks_and_demands,Average Distance Travelled per Year (km)|Cars,Average Distance Travelled per Year (km),Cars,2018,16198.587,km,C:\Users\rashi\ESM_databases\canoe-transportation\inputs\cache\nrcan_ceud_transport\2021_tran_on_e_21.xls
nrcan_ceud_transport_provincial,ON,21,Car Explanatory,car_fleet,cars,stocks_and_demands,Cars On-Road Average Fuel Consumption (L/100 km)|Motor Gasoline,Cars On-Road Average Fuel Consumption (L/100 km),Motor Gasoline,2018,7.742458,L/100 km,C:\Users\rashi\ESM_databases\canoe-transportation\inputs\cache\nrcan_ceud_transport\2021_tran_on_e_21.xls
nrcan_ceud_transport_provincial,ON,21,Car Explanatory,car_fleet,cars,stocks_and_demands,Cars On-Road Average Fuel Consumption (L/100 km)|Diesel Fuel Oil,Cars On-Road Average Fuel Consumption (L/100 km),Diesel Fuel Oil,2018,6.827334,L/100 km,C:\Users\rashi\ESM_databases\canoe-transportation\inputs\cache\nrcan_ceud_transport\2021_tran_on_e_21.xls
nrcan_ceud_transport_provincial,ON,21,Car Explanatory,car_fleet,cars,stocks_and_demands,Sales (thousands)|Cars,Sales (thousands),Cars,2019,223.369,thousands,C:\Users\rashi\ESM_databases\canoe-transportation\inputs\cache\nrcan_ceud_transport\2021_tran_on_e_21.xls
nrcan_ceud_transport_provincial,ON,21,Car Explanatory,car_fleet,cars,stocks_and_demands,Stock (thousands)|Cars,Stock (thousands),Cars,2019,4561.975,thousands,C:\Users\rashi\ESM_databases\canoe-transportation\inputs\cache\nrcan_ceud_transport\2021_tran_on_e_21.xls
nrcan_ceud_transport_provincial,ON,21,Car Explanatory,car_fleet,cars,stocks_and_demands,Average Distance Travelled per Year (km)|Cars,Average Distance Travelled per Year (km),Cars,2019,16707.686,km,C:\Users\rashi\ESM_databases\canoe-transportation\inputs\cache\nrcan_ceud_transport\2021_tran_on_e_21.xls
nrcan_ceud_transport_provincial,ON,21,Car Explanatory,car_fleet,cars,stocks_and_demands,Cars On-Road Average Fuel Consumption (L/100 km)|Motor Gasoline,Cars On-Road Average Fuel Consumption (L/100 km),Motor Gasoline,2019,7.66378,L/100 km,C:\Users\rashi\ESM_databases\canoe-transportation\inputs\cache\nrcan_ceud_transport\2021_tran_on_e_21.xls
nrcan_ceud_transport_provincial,ON,21,Car Explanatory,car_fleet,cars,stocks_and_demands,Cars On-Road Average Fuel Consumption (L/100 km)|Diesel Fuel Oil,Cars On-Road Average Fuel Consumption (L/100 km),Diesel Fuel Oil,2019,6.883626,L/100 km,C:\Users\rashi\ESM_databases\canoe-transportation\inputs\cache\nrcan_ceud_transport\2021_tran_on_e_21.xls
nrcan_ceud_transport_provincial,ON,21,Car Explanatory,car_fleet,cars,stocks_and_demands,Sales (thousands)|Cars,Sales (thousands),Cars,2020,147.38,thousands,C:\Users\rashi\ESM_databases\canoe-transportation\inputs\cache\nrcan_ceud_transport\2021_tran_on_e_21.xls
nrcan_ceud_transport_provincial,ON,21,Car Explanatory,car_fleet,cars,stocks_and_demands,Stock (thousands)|Cars,Stock (thousands),Cars,2020,4342.257,thousands,C:\Users\rashi\ESM_databases\canoe-transportation\inputs\cache\nrcan_ceud_transport\2021_tran_on_e_21.xls
nrcan_ceud_transport_provincial,ON,21,Car Explanatory,car_fleet,cars,stocks_and_demands,Average Distance Travelled per Year (km)|Cars,Average Distance Travelled per Year (km),Cars,2020,13256.438,km,C:\Users\rashi\ESM_databases\canoe-transportation\inputs\cache\nrcan_ceud_transport\2021_tran_on_e_21.xls
nrcan_ceud_transport_provincial,ON,21,Car Explanatory,car_fleet,cars,stocks_and_demands,Cars On-Road Average Fuel Consumption (L/100 km)|Motor Gasoline,Cars On-Road Average Fuel Consumption (L/100 km),Motor Gasoline,2020,7.597811,L/100 km,C:\Users\rashi\ESM_databases\canoe-transportation\inputs\cache\nrcan_ceud_transport\2021_tran_on_e_21.xls
nrcan_ceud_transport_provincial,ON,21,Car Explanatory,car_fleet,cars,stocks_and_demands,Cars On-Road Average Fuel Consumption (L/100 km)|Diesel Fuel Oil,Cars On-Road Average Fuel Consumption (L/100 km),Diesel Fuel Oil,2020,6.839009,L/100 km,C:\Users\rashi\ESM_databases\canoe-transportation\inputs\cache\nrcan_ceud_transport\2021_tran_on_e_21.xls
nrcan_ceud_transport_provincial,ON,21,Car Explanatory,car_fleet,cars,stocks_and_demands,Sales (thousands)|Cars,Sales (thousands),Cars,2021,159.944,thousands,C:\Users\rashi\ESM_databases\canoe-transportation\inputs\cache\nrcan_ceud_transport\2021_tran_on_e_21.xls
nrcan_ceud_transport_provincial,ON,21,Car Explanatory,car_fleet,cars,stocks_and_demands,Stock (thousands)|Cars,Stock (thousands),Cars,2021,4119.766,thousands,C:\Users\rashi\ESM_databases\canoe-transportation\inputs\cache\nrcan_ceud_transport\2021_tran_on_e_21.xls
nrcan_ceud_transport_provincial,ON,21,Car Explanatory,car_fleet,cars,stocks_and_demands,Average Distance Travelled per Year (km)|Cars,Average Distance Travelled per Year (km),Cars,2021,13682.717,km,C:\Users\rashi\ESM_databases\canoe-transportation\inputs\cache\nrcan_ceud_transport\2021_tran_on_e_21.xls
nrcan_ceud_transport_provincial,ON,21,Car Explanatory,car_fleet,cars,stocks_and_demands,Cars On-Road Average Fuel Consumption (L/100 km)|Motor Gasoline,Cars On-Road Average Fuel Consumption (L/100 km),Motor Gasoline,2021,7.565882,L/100 km,C:\Users\rashi\ESM_databases\canoe-transportation\inputs\cache\nrcan_ceud_transport\2021_tran_on_e_21.xls
nrcan_ceud_transport_provincial,ON,21,Car Explanatory,car_fleet,cars,stocks_and_demands,Cars On-Road Average Fuel Consumption (L/100 km)|Diesel Fuel Oil,Cars On-Road Average Fuel Consumption (L/100 km),Diesel Fuel Oil,2021,6.857496,L/100 km,C:\Users\rashi\ESM_databases\canoe-transportation\inputs\cache\nrcan_ceud_transport\2021_tran_on_e_21.xls
nrcan_ceud_transport_provincial,ON,28,School Buses,school_buses_activity,school_buses,stocks_and_demands,School Bus Energy Use (PJ),School Bus Energy Use (PJ),School Bus Energy Use (PJ),2000,4.689582,PJ,C:\Users\rashi\ESM_databases\canoe-transportation\inputs\cache\nrcan_ceud_transport\2021_tran_on_e_28.xls
nrcan_ceud_transport_provincial,ON,28,School Buses,school_buses_activity,school_buses,stocks_and_demands,School Buses|Energy Use by Energy Source (PJ)|Natural Gas,School Buses,Energy Use by Energy Source (PJ)|Natural Gas,2000,0.151084,PJ,C:\Users\rashi\ESM_databases\canoe-transportation\inputs\cache\nrcan_ceud_transport\2021_tran_on_e_28.xls
nrcan_ceud_transport_provincial,ON,28,School Buses,school_buses_activity,school_buses,stocks_and_demands,School Buses|Energy Use by Energy Source (PJ)|Motor Gasoline,School Buses,Energy Use by Energy Source (PJ)|Motor Gasoline,2000,0.665755,PJ,C:\Users\rashi\ESM_databases\canoe-transportation\inputs\cache\nrcan_ceud_transport\2021_tran_on_e_28.xls
nrcan_ceud_transport_provincial,ON,28,School Buses,school_buses_activity,school_buses,stocks_and_demands,School Buses|Energy Use by Energy Source (PJ)|Diesel Fuel Oil,School Buses,Energy Use by Energy Source (PJ)|Diesel Fuel Oil,2000,3.872744,PJ,C:\Users\rashi\ESM_databases\canoe-transportation\inputs\cache\nrcan_ceud_transport\2021_tran_on_e_28.xls
nrcan_ceud_transport_provincial,ON,28,School Buses,school_buses_activity,school_buses,stocks_and_demands,School Buses|Energy Use by Energy Source (PJ)|Biodiesel Fuel,School Buses,Energy Use by Energy Source (PJ)|Biodiesel Fuel,2000,0.0,PJ,C:\Users\rashi\ESM_databases\canoe-transportation\inputs\cache\nrcan_ceud_transport\2021_tran_on_e_28.xls
nrcan_ceud_transport_provincial,ON,28,School Buses,school_buses_activity,school_buses,stocks_and_demands,School Buses|Energy Use by Energy Source (PJ)|Propane,School Buses,Energy Use by Energy Source (PJ)|Propane,2000,0.0,PJ,C:\Users\rashi\ESM_databases\canoe-transportation\inputs\cache\nrcan_ceud_transport\2021_tran_on_e_28.xls
nrcan_ceud_transport_provincial,ON,28,School Buses,school_buses_activity,school_buses,stocks_and_demands,School Buses|Activity|Passenger-kilometres (millions),School Buses,Activity|Passenger-kilometres (millions),2000,7629.172802,millions,C:\Users\rashi\ESM_databases\canoe-transportation\inputs\cache\nrcan_ceud_transport\2021_tran_on_e_28.xls
nrcan_ceud_transport_provincial,ON,28,School Buses,school_buses_activity,school_buses,stocks_and_demands,School Buses|Energy Intensity (MJ/Pkm),School Buses,Energy Intensity (MJ/Pkm),2000,0.614691,MJ/Pkm,C:\Users\rashi\ESM_databases\canoe-transportation\inputs\cache\nrcan_ceud_transport\2021_tran_on_e_28.xls
nrcan_ceud_transport_provincial,ON,28,School Buses,school_buses_activity,school_buses,stocks_and_demands,School Bus Energy Use (PJ),School Bus Energy Use (PJ),School Bus Energy Use (PJ),2001,3.644043,PJ,C:\Users\rashi\ESM_databases\canoe-transportation\inputs\cache\nrcan_ceud_transport\2021_tran_on_e_28.xls
nrcan_ceud_transport_provincial,ON,28,School Buses,school_buses_activity,school_buses,stocks_and_demands,School Buses|Energy Use by Energy Source (PJ)|Natural Gas,School Buses,Energy Use by Energy Source (PJ)|Natural Gas,2001,0.163113,PJ,C:\Users\rashi\ESM_databases\canoe-transportation\inputs\cache\nrcan_ceud_transport\2021_tran_on_e_28.xls
nrcan_ceud_transport_provincial,ON,28,School Buses,school_buses_activity,school_buses,stocks_and_demands,School Buses|Energy Use by Energy Source (PJ)|Motor Gasoline,School Buses,Energy Use by Energy Source (PJ)|Motor Gasoline,2001,0.168956,PJ,C:\Users\rashi\ESM_databases\canoe-transportation\inputs\cache\nrcan_ceud_transport\2021_tran_on_e_28.xls
nrcan_ceud_transport_provincial,ON,28,School Buses,school_buses_activity,school_buses,stocks_and_demands,School Buses|Energy Use by Energy Source (PJ)|Diesel Fuel Oil,School Buses,Energy Use by Energy Source (PJ)|Diesel Fuel Oil,2001,3.311974,PJ,C:\Users\rashi\ESM_databases\canoe-transportation\inputs\cache\nrcan_ceud_transport\2021_tran_on_e_28.xls
nrcan_ceud_transport_provincial,ON,28,School Buses,school_buses_activity,school_buses,stocks_and_demands,School Buses|Energy Use by Energy Source (PJ)|Propane,School Buses,Energy Use by Energy Source (PJ)|Propane,2001,0.0,PJ,C:\Users\rashi\ESM_databases\canoe-transportation\inputs\cache\nrcan_ceud_transport\2021_tran_on_e_28.xls
nrcan_ceud_transport_provincial,ON,28,School Buses,school_buses_activity,school_buses,stocks_and_demands,School Buses|Activity|Passenger-kilometres (millions),School Buses,Activity|Passenger-kilometres (millions),2001,6153.294155,millions,C:\Users\rashi\ESM_databases\canoe-transportation\inputs\cache\nrcan_ceud_transport\2021_tran_on_e_28.xls
nrcan_ceud_transport_provincial,ON,28,School Buses,school_buses_activity,school_buses,stocks_and_demands,School Buses|Energy Intensity (MJ/Pkm),School Buses,Energy Intensity (MJ/Pkm),2001,0.59221,MJ/Pkm,C:\Users\rashi\ESM_databases\canoe-transportation\inputs\cache\nrcan_ceud_transport\2021_tran_on_e_28.xls
nrcan_ceud_transport_provincial,ON,28,School Buses,school_buses_activity,school_buses,stocks_and_demands,School Bus Energy Use (PJ),School Bus Energy Use (PJ),School Bus Energy Use (PJ),2002,4.064946,PJ,C:\Users\rashi\ESM_databases\canoe-transportation\inputs\cache\nrcan_ceud_transport\2021_tran_on_e_28.xls
nrcan_ceud_transport_provincial,ON,28,School Buses,school_buses_activity,school_buses,stocks_and_demands,School Buses|Energy Use by Energy Source (PJ)|Natural Gas,School Buses,Energy Use by Energy Source (PJ)|Natural Gas,2002,0.125623,PJ,C:\Users\rashi\ESM_databases\canoe-transportation\inputs\cache\nrcan_ceud_transport\2021_tran_on_e_28.xls
nrcan_ceud_transport_provincial,ON,28,School Buses,school_buses_activity,school_buses,stocks_and_demands,School Buses|Energy Use by Energy Source (PJ)|Motor Gasoline,School Buses,Energy Use by Energy Source (PJ)|Motor Gasoline,2002,0.127441,PJ,C:\Users\rashi\ESM_databases\canoe-transportation\inputs\cache\nrcan_ceud_transport\2021_tran_on_e_28.xls
nrcan_ceud_transport_provincial,ON,28,School Buses,school_buses_activity,school_buses,stocks_and_demands,School Buses|Energy Use by Energy Source (PJ)|Diesel Fuel Oil,School Buses,Energy Use by Energy Source (PJ)|Diesel Fuel Oil,2002,3.811882,PJ,C:\Users\rashi\ESM_databases\canoe-transportation\inputs\cache\nrcan_ceud_transport\2021_tran_on_e_28.xls
nrcan_ceud_transport_provincial,ON,28,School Buses,school_buses_activity,school_buses,stocks_and_demands,School Buses|Energy Use by Energy Source (PJ)|Propane,School Buses,Energy Use by Energy Source (PJ)|Propane,2002,0.0,PJ,C:\Users\rashi\ESM_databases\canoe-transportation\inputs\cache\nrcan_ceud_transport\2021_tran_on_e_28.xls
nrcan_ceud_transport_provincial,ON,28,School Buses,school_buses_activity,school_buses,stocks_and_demands,School Buses|Activity|Passenger-kilometres (millions),School Buses,Activity|Passenger-kilometres (millions),2002,7214.741814,millions,C:\Users\rashi\ESM_databases\canoe-transportation\inputs\cache\nrcan_ceud_transport\2021_tran_on_e_28.xls
nrcan_ceud_transport_provincial,ON,28,School Buses,school_buses_activity,school_buses,stocks_and_demands,School Buses|Energy Intensity (MJ/Pkm),School Buses,Energy Intensity (MJ/Pkm),2002,0.563422,MJ/Pkm,C:\Users\rashi\ESM_databases\canoe-transportation\inputs\cache\nrcan_ceud_transport\2021_tran_on_e_28.xls
nrcan_ceud_transport_provincial,ON,28,School Buses,school_buses_activity,school_buses,stocks_and_demands,School Bus Energy Use (PJ),School Bus Energy Use (PJ),School Bus Energy Use (PJ),2003,4.704545,PJ,C:\Users\rashi\ESM_databases\canoe-transportation\inputs\cache\nrcan_ceud_transport\2021_tran_on_e_28.xls
nrcan_ceud_transport_provincial,ON,28,School Buses,school_buses_activity,school_buses,stocks_and_demands,School Buses|Energy Use by Energy Source (PJ)|Natural Gas,School Buses,Energy Use by Energy Source (PJ)|Natural Gas,2003,0.046521,PJ,C:\Users\rashi\ESM_databases\canoe-transportation\inputs\cache\nrcan_ceud_transport\2021_tran_on_e_28.xls
nrcan_ceud_transport_provincial,ON,28,School Buses,school_buses_activity,school_buses,stocks_and_demands,School Buses|Energy Use by Energy Source (PJ)|Motor Gasoline,School Buses,Energy Use by Energy Source (PJ)|Motor Gasoline,2003,0.290894,PJ,C:\Users\rashi\ESM_databases\canoe-transportation\inputs\cache\nrcan_ceud_transport\2021_tran_on_e_28.xls
nrcan_ceud_transport_provincial,ON,28,School Buses,school_buses_activity,school_buses,stocks_and_demands,School Buses|Energy Use by Energy Source (PJ)|Diesel Fuel Oil,School Buses,Energy Use by Energy Source (PJ)|Diesel Fuel Oil,2003,4.36713,PJ,C:\Users\rashi\ESM_databases\canoe-transportation\inputs\cache\nrcan_ceud_transport\2021_tran_on_e_28.xls
nrcan_ceud_transport_provincial,ON,28,School Buses,school_buses_activity,school_buses,stocks_and_demands,School Buses|Energy Use by Energy Source (PJ)|Propane,School Buses,Energy Use by Energy Source (PJ)|Propane,2003,0.0,PJ,C:\Users\rashi\ESM_databases\canoe-transportation\inputs\cache\nrcan_ceud_transport\2021_tran_on_e_28.xls
nrcan_ceud_transport_provincial,ON,28,School Buses,school_buses_activity,school_buses,stocks_and_demands,School Buses|Activity|Passenger-kilometres (millions),School Buses,Activity|Passenger-kilometres (millions),2003,8470.71183,millions,C:\Users\rashi\ESM_databases\canoe-transportation\inputs\cache\nrcan_ceud_transport\2021_tran_on_e_28.xls
nrcan_ceud_transport_provincial,ON,28,School Buses,school_buses_activity,school_buses,stocks_and_demands,School Buses|Energy Intensity (MJ/Pkm),School Buses,Energy Intensity (MJ/Pkm),2003,0.55539,MJ/Pkm,C:\Users\rashi\ESM_databases\canoe-transportation\inputs\cache\nrcan_ceud_transport\2021_tran_on_e_28.xls
nrcan_ceud_transport_provincial,ON,28,School Buses,school_buses_activity,school_buses,stocks_and_demands,School Bus Energy Use (PJ),School Bus Energy Use (PJ),School Bus Energy Use (PJ),2004,3.949512,PJ,C:\Users\rashi\ESM_databases\canoe-transportation\inputs\cache\nrcan_ceud_transport\2021_tran_on_e_28.xls
nrcan_ceud_transport_provincial,ON,28,School Buses,school_buses_activity,school_buses,stocks_and_demands,School Buses|Energy Use by Energy Source (PJ)|Natural Gas,School Buses,Energy Use by Energy Source (PJ)|Natural Gas,2004,0.034751,PJ,C:\Users\rashi\ESM_databases\canoe-transportation\inputs\cache\nrcan_ceud_transport\2021_tran_on_e_28.xls
nrcan_ceud_transport_provincial,ON,28,School Buses,school_buses_activity,school_buses,stocks_and_demands,School Buses|Energy Use by Energy Source (PJ)|Motor Gasoline,School Buses,Energy Use by Energy Source (PJ)|Motor Gasoline,2004,0.285313,PJ,C:\Users\rashi\ESM_databases\canoe-transportation\inputs\cache\nrcan_ceud_transport\2021_tran_on_e_28.xls
nrcan_ceud_transport_provincial,ON,28,School Buses,school_buses_activity,school_buses,stocks_and_demands,School Buses|Energy Use by Energy Source (PJ)|Diesel Fuel Oil,School Buses,Energy Use by Energy Source (PJ)|Diesel Fuel Oil,2004,3.629447,PJ,C:\Users\rashi\ESM_databases\canoe-transportation\inputs\cache\nrcan_ceud_transport\2021_tran_on_e_28.xls
nrcan_ceud_transport_provincial,ON,28,School Buses,school_buses_activity,school_buses,stocks_and_demands,School Buses|Energy Use by Energy Source (PJ)|Propane,School Buses,Energy Use by Energy Source (PJ)|Propane,2004,0.0,PJ,C:\Users\rashi\ESM_databases\canoe-transportation\inputs\cache\nrcan_ceud_transport\2021_tran_on_e_28.xls
nrcan_ceud_transport_provincial,ON,28,School Buses,school_buses_activity,school_buses,stocks_and_demands,School Buses|Activity|Passenger-kilometres (millions),School Buses,Activity|Passenger-kilometres (millions),2004,7559.033384,millions,C:\Users\rashi\ESM_databases\canoe-transportation\inputs\cache\nrcan_ceud_transport\2021_tran_on_e_28.xls
nrcan_ceud_transport_provincial,ON,28,School Buses,school_buses_activity,school_buses,stocks_and_demands,School Buses|Energy Intensity (MJ/Pkm),School Buses,Energy Intensity (MJ/Pkm),2004,0.522489,MJ/Pkm,C:\Users\rashi\ESM_databases\canoe-transportation\inputs\cache\nrcan_ceud_transport\2021_tran_on_e_28.xls
nrcan_ceud_transport_provincial,ON,28,School Buses,school_buses_activity,school_buses,stocks_and_demands,School Bus Energy Use (PJ),School Bus Energy Use (PJ),School Bus Energy Use (PJ),2005,4.378723,PJ,C:\Users\rashi\ESM_databases\canoe-transportation\inputs\cache\nrcan_ceud_transport\2021_tran_on_e_28.xls
nrcan_ceud_transport_provincial,ON,28,School Buses,school_buses_activity,school_buses,stocks_and_demands,School Buses|Energy Use by Energy Source (PJ)|Natural Gas,School Buses,Energy Use by Energy Source (PJ)|Natural Gas,2005,0.0,PJ,C:\Users\rashi\ESM_databases\canoe-transportation\inputs\cache\nrcan_ceud_transport\2021_tran_on_e_28.xls
nrcan_ceud_transport_provincial,ON,28,School Buses,school_buses_activity,school_buses,stocks_and_demands,School Buses|Energy Use by Energy Source (PJ)|Motor Gasoline,School Buses,Energy Use by Energy Source (PJ)|Motor Gasoline,2005,0.100342,PJ,C:\Users\rashi\ESM_databases\canoe-transportation\inputs\cache\nrcan_ceud_transport\2021_tran_on_e_28.xls
nrcan_ceud_transport_provincial,ON,28,School Buses,school_buses_activity,school_buses,stocks_and_demands,School Buses|Energy Use by Energy Source (PJ)|Diesel Fuel Oil,School Buses,Energy Use by Energy Source (PJ)|Diesel Fuel Oil,2005,4.278381,PJ,C:\Users\rashi\ESM_databases\canoe-transportation\inputs\cache\nrcan_ceud_transport\2021_tran_on_e_28.xls
nrcan_ceud_transport_provincial,ON,28,School Buses,school_buses_activity,school_buses,stocks_and_demands,School Buses|Energy Use by Energy Source (PJ)|Propane,School Buses,Energy Use by Energy Source (PJ)|Propane,2005,0.0,PJ,C:\Users\rashi\ESM_databases\canoe-transportation\inputs\cache\nrcan_ceud_transport\2021_tran_on_e_28.xls
nrcan_ceud_transport_provincial,ON,28,School Buses,school_buses_activity,school_buses,stocks_and_demands,School Buses|Activity|Passenger-kilometres (millions),School Buses,Activity|Passenger-kilometres (millions),2005,8890.139695,millions,C:\Users\rashi\ESM_databases\canoe-transportation\inputs\cache\nrcan_ceud_transport\2021_tran_on_e_28.xls
nrcan_ceud_transport_provincial,ON,28,School Buses,school_buses_activity,school_buses,stocks_and_demands,School Buses|Energy Intensity (MJ/Pkm),School Buses,Energy Intensity (MJ/Pkm),2005,0.492537,MJ/Pkm,C:\Users\rashi\ESM_databases\canoe-transportation\inputs\cache\nrcan_ceud_transport\2021_tran_on_e_28.xls
nrcan_ceud_transport_provincial,ON,28,School Buses,school_buses_activity,school_buses,stocks_and_demands,School Bus Energy Use (PJ),School Bus Energy Use (PJ),School Bus Energy Use (PJ),2006,4.241708,PJ,C:\Users\rashi\ESM_databases\canoe-transportation\inputs\cache\nrcan_ceud_transport\2021_tran_on_e_28.xls
nrcan_ceud_transport_provincial,ON,28,School Buses,school_buses_activity,school_buses,stocks_and_demands,School Buses|Energy Use by Energy Source (PJ)|Natural Gas,School Buses,Energy Use by Energy Source (PJ)|Natural Gas,2006,0.0,PJ,C:\Users\rashi\ESM_databases\canoe-transportation\inputs\cache\nrcan_ceud_transport\2021_tran_on_e_28.xls
nrcan_ceud_transport_provincial,ON,28,School Buses,school_buses_activity,school_buses,stocks_and_demands,School Buses|Energy Use by Energy Source (PJ)|Motor Gasoline,School Buses,Energy Use by Energy Source (PJ)|Motor Gasoline,2006,0.202175,PJ,C:\Users\rashi\ESM_databases\canoe-transportation\inputs\cache\nrcan_ceud_transport\2021_tran_on_e_28.xls
nrcan_ceud_transport_provincial,ON,28,School Buses,school_buses_activity,school_buses,stocks_and_demands,School Buses|Energy Use by Energy Source (PJ)|Diesel Fuel Oil,School Buses,Energy Use by Energy Source (PJ)|Diesel Fuel Oil,2006,4.039533,PJ,C:\Users\rashi\ESM_databases\canoe-transportation\inputs\cache\nrcan_ceud_transport\2021_tran_on_e_28.xls
nrcan_ceud_transport_provincial,ON,28,School Buses,school_buses_activity,school_buses,stocks_and_demands,School Buses|Energy Use by Energy Source (PJ)|Propane,School Buses,Energy Use by Energy Source (PJ)|Propane,2006,0.0,PJ,C:\Users\rashi\ESM_databases\canoe-transportation\inputs\cache\nrcan_ceud_transport\2021_tran_on_e_28.xls
nrcan_ceud_transport_provincial,ON,28,School Buses,school_buses_activity,school_buses,stocks_and_demands,School Buses|Activity|Passenger-kilometres (millions),School Buses,Activity|Passenger-kilometres (millions),2006,9922.051667,millions,C:\Users\rashi\ESM_databases\canoe-transportation\inputs\cache\nrcan_ceud_transport\2021_tran_on_e_28.xls
nrcan_ceud_transport_provincial,ON,28,School Buses,school_buses_activity,school_buses,stocks_and_demands,School Buses|Energy Intensity (MJ/Pkm),School Buses,Energy Intensity (MJ/Pkm),2006,0.427503,MJ/Pkm,C:\Users\rashi\ESM_databases\canoe-transportation\inputs\cache\nrcan_ceud_transport\2021_tran_on_e_28.xls
nrcan_ceud_transport_provincial,ON,28,School Buses,school_buses_activity,school_buses,stocks_and_demands,School Bus Energy Use (PJ),School Bus Energy Use (PJ),School Bus Energy Use (PJ),2007,4.083229,PJ,C:\Users\rashi\ESM_databases\canoe-transportation\inputs\cache\nrcan_ceud_transport\2021_tran_on_e_28.xls
nrcan_ceud_transport_provincial,ON,28,School Buses,school_buses_activity,school_buses,stocks_and_demands,School Buses|Energy Use by Energy Source (PJ)|Natural Gas,School Buses,Energy Use by Energy Source (PJ)|Natural Gas,2007,0.0,PJ,C:\Users\rashi\ESM_databases\canoe-transportation\inputs\cache\nrcan_ceud_transport\2021_tran_on_e_28.xls
nrcan_ceud_transport_provincial,ON,28,School Buses,school_buses_activity,school_buses,stocks_and_demands,School Buses|Energy Use by Energy Source (PJ)|Motor Gasoline,School Buses,Energy Use by Energy Source (PJ)|Motor Gasoline,2007,0.297179,PJ,C:\Users\rashi\ESM_databases\canoe-transportation\inputs\cache\nrcan_ceud_transport\2021_tran_on_e_28.xls
nrcan_ceud_transport_provincial,ON,28,School Buses,school_buses_activity,school_buses,stocks_and_demands,School Buses|Energy Use by Energy Source (PJ)|Diesel Fuel Oil,School Buses,Energy Use by Energy Source (PJ)|Diesel Fuel Oil,2007,3.774925,PJ,C:\Users\rashi\ESM_databases\canoe-transportation\inputs\cache\nrcan_ceud_transport\2021_tran_on_e_28.xls
nrcan_ceud_transport_provincial,ON,28,School Buses,school_buses_activity,school_buses,stocks_and_demands,School Buses|Energy Use by Energy Source (PJ)|Ethanol,School Buses,Energy Use by Energy Source (PJ)|Ethanol,2007,0.011126,PJ,C:\Users\rashi\ESM_databases\canoe-transportation\inputs\cache\nrcan_ceud_transport\2021_tran_on_e_28.xls
nrcan_ceud_transport_provincial,ON,28,School Buses,school_buses_activity,school_buses,stocks_and_demands,School Buses|Energy Use by Energy Source (PJ)|Propane,School Buses,Energy Use by Energy Source (PJ)|Propane,2007,0.0,PJ,C:\Users\rashi\ESM_databases\canoe-transportation\inputs\cache\nrcan_ceud_transport\2021_tran_on_e_28.xls
nrcan_ceud_transport_provincial,ON,28,School Buses,school_buses_activity,school_buses,stocks_and_demands,School Buses|Activity|Passenger-kilometres (millions),School Buses,Activity|Passenger-kilometres (millions),2007,7933.675879,millions,C:\Users\rashi\ESM_databases\canoe-transportation\inputs\cache\nrcan_ceud_transport\2021_tran_on_e_28.xls
nrcan_ceud_transport_provincial,ON,28,School Buses,school_buses_activity,school_buses,stocks_and_demands,School Buses|Energy Intensity (MJ/Pkm),School Buses,Energy Intensity (MJ/Pkm),2007,0.514671,MJ/Pkm,C:\Users\rashi\ESM_databases\canoe-transportation\inputs\cache\nrcan_ceud_transport\2021_tran_on_e_28.xls
nrcan_ceud_transport_provincial,ON,28,School Buses,school_buses_activity,school_buses,stocks_and_demands,School Bus Energy Use (PJ),School Bus Energy Use (PJ),School Bus Energy Use (PJ),2008,4.379859,PJ,C:\Users\rashi\ESM_databases\canoe-transportation\inputs\cache\nrcan_ceud_transport\2021_tran_on_e_28.xls
nrcan_ceud_transport_provincial,ON,28,School Buses,school_buses_activity,school_buses,stocks_and_demands,School Buses|Energy Use by Energy Source (PJ)|Natural Gas,School Buses,Energy Use by Energy Source (PJ)|Natural Gas,2008,0.0,PJ,C:\Users\rashi\ESM_databases\canoe-transportation\inputs\cache\nrcan_ceud_transport\2021_tran_on_e_28.xls
nrcan_ceud_transport_provincial,ON,28,School Buses,school_buses_activity,school_buses,stocks_and_demands,School Buses|Energy Use by Energy Source (PJ)|Motor Gasoline,School Buses,Energy Use by Energy Source (PJ)|Motor Gasoline,2008,0.136022,PJ,C:\Users\rashi\ESM_databases\canoe-transportation\inputs\cache\nrcan_ceud_transport\2021_tran_on_e_28.xls
nrcan_ceud_transport_provincial,ON,28,School Buses,school_buses_activity,school_buses,stocks_and_demands,School Buses|Energy Use by Energy Source (PJ)|Diesel Fuel Oil,School Buses,Energy Use by Energy Source (PJ)|Diesel Fuel Oil,2008,4.237531,PJ,C:\Users\rashi\ESM_databases\canoe-transportation\inputs\cache\nrcan_ceud_transport\2021_tran_on_e_28.xls
nrcan_ceud_transport_provincial,ON,28,School Buses,school_buses_activity,school_buses,stocks_and_demands,School Buses|Energy Use by Energy Source (PJ)|Ethanol,School Buses,Energy Use by Energy Source (PJ)|Ethanol,2008,0.006305,PJ,C:\Users\rashi\ESM_databases\canoe-transportation\inputs\cache\nrcan_ceud_transport\2021_tran_on_e_28.xls
nrcan_ceud_transport_provincial,ON,28,School Buses,school_buses_activity,school_buses,stocks_and_demands,School Buses|Energy Use by Energy Source (PJ)|Propane,School Buses,Energy Use by Energy Source (PJ)|Propane,2008,0.0,PJ,C:\Users\rashi\ESM_databases\canoe-transportation\inputs\cache\nrcan_ceud_transport\2021_tran_on_e_28.xls
nrcan_ceud_transport_provincial,ON,28,School Buses,school_buses_activity,school_buses,stocks_and_demands,School Buses|Activity|Passenger-kilometres (millions),School Buses,Activity|Passenger-kilometres (millions),2008,8221.935898,millions,C:\Users\rashi\ESM_databases\canoe-transportation\inputs\cache\nrcan_ceud_transport\2021_tran_on_e_28.xls
nrcan_ceud_transport_provincial,ON,28,School Buses,school_buses_activity,school_buses,stocks_and_demands,School Buses|Energy Intensity (MJ/Pkm),School Buses,Energy Intensity (MJ/Pkm),2008,0.532704,MJ/Pkm,C:\Users\rashi\ESM_databases\canoe-transportation\inputs\cache\nrcan_ceud_transport\2021_tran_on_e_28.xls
nrcan_ceud_transport_provincial,ON,28,School Buses,school_buses_activity,school_buses,stocks_and_demands,School Bus Energy Use (PJ),School Bus Energy Use (PJ),School Bus Energy Use (PJ),2009,4.922266,PJ,C:\Users\rashi\ESM_databases\canoe-transportation\inputs\cache\nrcan_ceud_transport\2021_tran_on_e_28.xls
nrcan_ceud_transport_provincial,ON,28,School Buses,school_buses_activity,school_buses,stocks_and_demands,School Buses|Energy Use by Energy Source (PJ)|Natural Gas,School Buses,Energy Use by Energy Source (PJ)|Natural Gas,2009,0.168709,PJ,C:\Users\rashi\ESM_databases\canoe-transportation\inputs\cache\nrcan_ceud_transport\2021_tran_on_e_28.xls
nrcan_ceud_transport_provincial,ON,28,School Buses,school_buses_activity,school_buses,stocks_and_demands,School Buses|Energy Use by Energy Source (PJ)|Motor Gasoline,School Buses,Energy Use by Energy Source (PJ)|Motor Gasoline,2009,0.199898,PJ,C:\Users\rashi\ESM_databases\canoe-transportation\inputs\cache\nrcan_ceud_transport\2021_tran_on_e_28.xls
nrcan_ceud_transport_provincial,ON,28,School Buses,school_buses_activity,school_buses,stocks_and_demands,School Buses|Energy Use by Energy Source (PJ)|Diesel Fuel Oil,School Buses,Energy Use by Energy Source (PJ)|Diesel Fuel Oil,2009,4.544702,PJ,C:\Users\rashi\ESM_databases\canoe-transportation\inputs\cache\nrcan_ceud_transport\2021_tran_on_e_28.xls
nrcan_ceud_transport_provincial,ON,28,School Buses,school_buses_activity,school_buses,stocks_and_demands,School Buses|Energy Use by Energy Source (PJ)|Ethanol,School Buses,Energy Use by Energy Source (PJ)|Ethanol,2009,0.008957,PJ,C:\Users\rashi\ESM_databases\canoe-transportation\inputs\cache\nrcan_ceud_transport\2021_tran_on_e_28.xls
nrcan_ceud_transport_provincial,ON,28,School Buses,school_buses_activity,school_buses,stocks_and_demands,School Buses|Energy Use by Energy Source (PJ)|Propane,School Buses,Energy Use by Energy Source (PJ)|Propane,2009,0.0,PJ,C:\Users\rashi\ESM_databases\canoe-transportation\inputs\cache\nrcan_ceud_transport\2021_tran_on_e_28.xls
nrcan_ceud_transport_provincial,ON,28,School Buses,school_buses_activity,school_buses,stocks_and_demands,School Buses|Activity|Passenger-kilometres (millions),School Buses,Activity|Passenger-kilometres (millions),2009,11003.17742,millions,C:\Users\rashi\ESM_databases\canoe-transportation\inputs\cache\nrcan_ceud_transport\2021_tran_on_e_28.xls
nrcan_ceud_transport_provincial,ON,28,School Buses,school_buses_activity,school_buses,stocks_and_demands,School Buses|Energy Intensity (MJ/Pkm),School Buses,Energy Intensity (MJ/Pkm),2009,0.447349,MJ/Pkm,C:\Users\rashi\ESM_databases\canoe-transportation\inputs\cache\nrcan_ceud_transport\2021_tran_on_e_28.xls
nrcan_ceud_transport_provincial,ON,28,School Buses,school_buses_activity,school_buses,stocks_and_demands,School Bus Energy Use (PJ),School Bus Energy Use (PJ),School Bus Energy Use (PJ),2010,5.263609,PJ,C:\Users\rashi\ESM_databases\canoe-transportation\inputs\cache\nrcan_ceud_transport\2021_tran_on_e_28.xls
nrcan_ceud_transport_provincial,ON,28,School Buses,school_buses_activity,school_buses,stocks_and_demands,School Buses|Energy Use by Energy Source (PJ)|Natural Gas,School Buses,Energy Use by Energy Source (PJ)|Natural Gas,2010,0.048298,PJ,C:\Users\rashi\ESM_databases\canoe-transportation\inputs\cache\nrcan_ceud_transport\2021_tran_on_e_28.xls
nrcan_ceud_transport_provincial,ON,28,School Buses,school_buses_activity,school_buses,stocks_and_demands,School Buses|Energy Use by Energy Source (PJ)|Motor Gasoline,School Buses,Energy Use by Energy Source (PJ)|Motor Gasoline,2010,0.183458,PJ,C:\Users\rashi\ESM_databases\canoe-transportation\inputs\cache\nrcan_ceud_transport\2021_tran_on_e_28.xls
nrcan_ceud_transport_provincial,ON,28,School Buses,school_buses_activity,school_buses,stocks_and_demands,School Buses|Energy Use by Energy Source (PJ)|Diesel Fuel Oil,School Buses,Energy Use by Energy Source (PJ)|Diesel Fuel Oil,2010,5.023079,PJ,C:\Users\rashi\ESM_databases\canoe-transportation\inputs\cache\nrcan_ceud_transport\2021_tran_on_e_28.xls
nrcan_ceud_transport_provincial,ON,28,School Buses,school_buses_activity,school_buses,stocks_and_demands,School Buses|Energy Use by Energy Source (PJ)|Ethanol,School Buses,Energy Use by Energy Source (PJ)|Ethanol,2010,0.008775,PJ,C:\Users\rashi\ESM_databases\canoe-transportation\inputs\cache\nrcan_ceud_transport\2021_tran_on_e_28.xls
nrcan_ceud_transport_provincial,ON,28,School Buses,school_buses_activity,school_buses,stocks_and_demands,School Buses|Energy Use by Energy Source (PJ)|Propane,School Buses,Energy Use by Energy Source (PJ)|Propane,2010,0.0,PJ,C:\Users\rashi\ESM_databases\canoe-transportation\inputs\cache\nrcan_ceud_transport\2021_tran_on_e_28.xls
nrcan_ceud_transport_provincial,ON,28,School Buses,school_buses_activity,school_buses,stocks_and_demands,School Buses|Activity|Passenger-kilometres (millions),School Buses,Activity|Passenger-kilometres (millions),2010,12317.75642,millions,C:\Users\rashi\ESM_databases\canoe-transportation\inputs\cache\nrcan_ceud_transport\2021_tran_on_e_28.xls
nrcan_ceud_transport_provincial,ON,28,School Buses,school_buses_activity,school_buses,stocks_and_demands,School Buses|Energy Intensity (MJ/Pkm),School Buses,Energy Intensity (MJ/Pkm),2010,0.427319,MJ/Pkm,C:\Users\rashi\ESM_databases\canoe-transportation\inputs\cache\nrcan_ceud_transport\2021_tran_on_e_28.xls
nrcan_ceud_transport_provincial,ON,28,School Buses,school_buses_activity,school_buses,stocks_and_demands,School Bus Energy Use (PJ),School Bus Energy Use (PJ),School Bus Energy Use (PJ),2011,5.658914,PJ,C:\Users\rashi\ESM_databases\canoe-transportation\inputs\cache\nrcan_ceud_transport\2021_tran_on_e_28.xls
nrcan_ceud_transport_provincial,ON,28,School Buses,school_buses_activity,school_buses,stocks_and_demands,School Buses|Energy Use by Energy Source (PJ)|Natural Gas,School Buses,Energy Use by Energy Source (PJ)|Natural Gas,2011,0.0,PJ,C:\Users\rashi\ESM_databases\canoe-transportation\inputs\cache\nrcan_ceud_transport\2021_tran_on_e_28.xls
nrcan_ceud_transport_provincial,ON,28,School Buses,school_buses_activity,school_buses,stocks_and_demands,School Buses|Energy Use by Energy Source (PJ)|Motor Gasoline,School Buses,Energy Use by Energy Source (PJ)|Motor Gasoline,2011,0.224647,PJ,C:\Users\rashi\ESM_databases\canoe-transportation\inputs\cache\nrcan_ceud_transport\2021_tran_on_e_28.xls
nrcan_ceud_transport_provincial,ON,28,School Buses,school_buses_activity,school_buses,stocks_and_demands,School Buses|Energy Use by Energy Source (PJ)|Diesel Fuel Oil,School Buses,Energy Use by Energy Source (PJ)|Diesel Fuel Oil,2011,5.421873,PJ,C:\Users\rashi\ESM_databases\canoe-transportation\inputs\cache\nrcan_ceud_transport\2021_tran_on_e_28.xls
nrcan_ceud_transport_provincial,ON,28,School Buses,school_buses_activity,school_buses,stocks_and_demands,School Buses|Energy Use by Energy Source (PJ)|Ethanol,School Buses,Energy Use by Energy Source (PJ)|Ethanol,2011,0.012394,PJ,C:\Users\rashi\ESM_databases\canoe-transportation\inputs\cache\nrcan_ceud_transport\2021_tran_on_e_28.xls
nrcan_ceud_transport_provincial,ON,28,School Buses,school_buses_activity,school_buses,stocks_and_demands,School Buses|Energy Use by Energy Source (PJ)|Propane,School Buses,Energy Use by Energy Source (PJ)|Propane,2011,0.0,PJ,C:\Users\rashi\ESM_databases\canoe-transportation\inputs\cache\nrcan_ceud_transport\2021_tran_on_e_28.xls
nrcan_ceud_transport_provincial,ON,28,School Buses,school_buses_activity,school_buses,stocks_and_demands,School Buses|Activity|Passenger-kilometres (millions),School Buses,Activity|Passenger-kilometres (millions),2011,12753.194795,millions,C:\Users\rashi\ESM_databases\canoe-transportation\inputs\cache\nrcan_ceud_transport\2021_tran_on_e_28.xls
nrcan_ceud_transport_provincial,ON,28,School Buses,school_buses_activity,school_buses,stocks_and_demands,School Buses|Energy Intensity (MJ/Pkm),School Buses,Energy Intensity (MJ/Pkm),2011,0.443725,MJ/Pkm,C:\Users\rashi\ESM_databases\canoe-transportation\inputs\cache\nrcan_ceud_transport\2021_tran_on_e_28.xls
nrcan_ceud_transport_provincial,ON,28,School Buses,school_buses_activity,school_buses,stocks_and_demands,School Bus Energy Use (PJ),School Bus Energy Use (PJ),School Bus Energy Use (PJ),2012,5.196162,PJ,C:\Users\rashi\ESM_databases\canoe-transportation\inputs\cache\nrcan_ceud_transport\2021_tran_on_e_28.xls
nrcan_ceud_transport_provincial,ON,28,School Buses,school_buses_activity,school_buses,stocks_and_demands,School Buses|Energy Use by Energy Source (PJ)|Natural Gas,School Buses,Energy Use by Energy Source (PJ)|Natural Gas,2012,0.011582,PJ,C:\Users\rashi\ESM_databases\canoe-transportation\inputs\cache\nrcan_ceud_transport\2021_tran_on_e_28.xls
nrcan_ceud_transport_provincial,ON,28,School Buses,school_buses_activity,school_buses,stocks_and_demands,School Buses|Energy Use by Energy Source (PJ)|Motor Gasoline,School Buses,Energy Use by Energy Source (PJ)|Motor Gasoline,2012,0.266136,PJ,C:\Users\rashi\ESM_databases\canoe-transportation\inputs\cache\nrcan_ceud_transport\2021_tran_on_e_28.xls
nrcan_ceud_transport_provincial,ON,28,School Buses,school_buses_activity,school_buses,stocks_and_demands,School Buses|Energy Use by Energy Source (PJ)|Diesel Fuel Oil,School Buses,Energy Use by Energy Source (PJ)|Diesel Fuel Oil,2012,4.902505,PJ,C:\Users\rashi\ESM_databases\canoe-transportation\inputs\cache\nrcan_ceud_transport\2021_tran_on_e_28.xls
nrcan_ceud_transport_provincial,ON,28,School Buses,school_buses_activity,school_buses,stocks_and_demands,School Buses|Energy Use by Energy Source (PJ)|Ethanol,School Buses,Energy Use by Energy Source (PJ)|Ethanol,2012,0.015939,PJ,C:\Users\rashi\ESM_databases\canoe-transportation\inputs\cache\nrcan_ceud_transport\2021_tran_on_e_28.xls
nrcan_ceud_transport_provincial,ON,28,School Buses,school_buses_activity,school_buses,stocks_and_demands,School Buses|Energy Use by Energy Source (PJ)|Propane,School Buses,Energy Use by Energy Source (PJ)|Propane,2012,0.0,PJ,C:\Users\rashi\ESM_databases\canoe-transportation\inputs\cache\nrcan_ceud_transport\2021_tran_on_e_28.xls
nrcan_ceud_transport_provincial,ON,28,School Buses,school_buses_activity,school_buses,stocks_and_demands,School Buses|Activity|Passenger-kilometres (millions),School Buses,Activity|Passenger-kilometres (millions),2012,12510.020237,millions,C:\Users\rashi\ESM_databases\canoe-transportation\inputs\cache\nrcan_ceud_transport\2021_tran_on_e_28.xls
nrcan_ceud_transport_provincial,ON,28,School Buses,school_buses_activity,school_buses,stocks_and_demands,School Buses|Energy Intensity (MJ/Pkm),School Buses,Energy Intensity (MJ/Pkm),2012,0.41536,MJ/Pkm,C:\Users\rashi\ESM_databases\canoe-transportation\inputs\cache\nrcan_ceud_transport\2021_tran_on_e_28.xls
nrcan_ceud_transport_provincial,ON,28,School Buses,school_buses_activity,school_buses,stocks_and_demands,School Bus Energy Use (PJ),School Bus Energy Use (PJ),School Bus Energy Use (PJ),2013,4.554625,PJ,C:\Users\rashi\ESM_databases\canoe-transportation\inputs\cache\nrcan_ceud_transport\2021_tran_on_e_28.xls
nrcan_ceud_transport_provincial,ON,28,School Buses,school_buses_activity,school_buses,stocks_and_demands,School Buses|Energy Use by Energy Source (PJ)|Natural Gas,School Buses,Energy Use by Energy Source (PJ)|Natural Gas,2013,0.01135,PJ,C:\Users\rashi\ESM_databases\canoe-transportation\inputs\cache\nrcan_ceud_transport\2021_tran_on_e_28.xls
nrcan_ceud_transport_provincial,ON,28,School Buses,school_buses_activity,school_buses,stocks_and_demands,School Buses|Energy Use by Energy Source (PJ)|Motor Gasoline,School Buses,Energy Use by Energy Source (PJ)|Motor Gasoline,2013,0.26896,PJ,C:\Users\rashi\ESM_databases\canoe-transportation\inputs\cache\nrcan_ceud_transport\2021_tran_on_e_28.xls
nrcan_ceud_transport_provincial,ON,28,School Buses,school_buses_activity,school_buses,stocks_and_demands,School Buses|Energy Use by Energy Source (PJ)|Diesel Fuel Oil,School Buses,Energy Use by Energy Source (PJ)|Diesel Fuel Oil,2013,4.259001,PJ,C:\Users\rashi\ESM_databases\canoe-transportation\inputs\cache\nrcan_ceud_transport\2021_tran_on_e_28.xls
nrcan_ceud_transport_provincial,ON,28,School Buses,school_buses_activity,school_buses,stocks_and_demands,School Buses|Energy Use by Energy Source (PJ)|Ethanol,School Buses,Energy Use by Energy Source (PJ)|Ethanol,2013,0.015314,PJ,C:\Users\rashi\ESM_databases\canoe-transportation\inputs\cache\nrcan_ceud_transport\2021_tran_on_e_28.xls
nrcan_ceud_transport_provincial,ON,28,School Buses,school_buses_activity,school_buses,stocks_and_demands,School Buses|Energy Use by Energy Source (PJ)|Propane,School Buses,Energy Use by Energy Source (PJ)|Propane,2013,0.0,PJ,C:\Users\rashi\ESM_databases\canoe-transportation\inputs\cache\nrcan_ceud_transport\2021_tran_on_e_28.xls
nrcan_ceud_transport_provincial,ON,28,School Buses,school_buses_activity,school_buses,stocks_and_demands,School Buses|Activity|Passenger-kilometres (millions),School Buses,Activity|Passenger-kilometres (millions),2013,11216.462652,millions,C:\Users\rashi\ESM_databases\canoe-transportation\inputs\cache\nrcan_ceud_transport\2021_tran_on_e_28.xls
nrcan_ceud_transport_provincial,ON,28,School Buses,school_buses_activity,school_buses,stocks_and_demands,School Buses|Energy Intensity (MJ/Pkm),School Buses,Energy Intensity (MJ/Pkm),2013,0.406066,MJ/Pkm,C:\Users\rashi\ESM_databases\canoe-transportation\inputs\cache\nrcan_ceud_transport\2021_tran_on_e_28.xls
nrcan_ceud_transport_provincial,ON,28,School Buses,school_buses_activity,school_buses,stocks_and_demands,School Bus Energy Use (PJ),School Bus Energy Use (PJ),School Bus Energy Use (PJ),2014,4.215315,PJ,C:\Users\rashi\ESM_databases\canoe-transportation\inputs\cache\nrcan_ceud_transport\2021_tran_on_e_28.xls
nrcan_ceud_transport_provincial,ON,28,School Buses,school_buses_activity,school_buses,stocks_and_demands,School Buses|Energy Use by Energy Source (PJ)|Natural Gas,School Buses,Energy Use by Energy Source (PJ)|Natural Gas,2014,0.034036,PJ,C:\Users\rashi\ESM_databases\canoe-transportation\inputs\cache\nrcan_ceud_transport\2021_tran_on_e_28.xls
nrcan_ceud_transport_provincial,ON,28,School Buses,school_buses_activity,school_buses,stocks_and_demands,School Buses|Energy Use by Energy Source (PJ)|Motor Gasoline,School Buses,Energy Use by Energy Source (PJ)|Motor Gasoline,2014,0.368818,PJ,C:\Users\rashi\ESM_databases\canoe-transportation\inputs\cache\nrcan_ceud_transport\2021_tran_on_e_28.xls
nrcan_ceud_transport_provincial,ON,28,School Buses,school_buses_activity,school_buses,stocks_and_demands,School Buses|Energy Use by Energy Source (PJ)|Diesel Fuel Oil,School Buses,Energy Use by Energy Source (PJ)|Diesel Fuel Oil,2014,3.790031,PJ,C:\Users\rashi\ESM_databases\canoe-transportation\inputs\cache\nrcan_ceud_transport\2021_tran_on_e_28.xls
nrcan_ceud_transport_provincial,ON,28,School Buses,school_buses_activity,school_buses,stocks_and_demands,School Buses|Energy Use by Energy Source (PJ)|Ethanol,School Buses,Energy Use by Energy Source (PJ)|Ethanol,2014,0.02243,PJ,C:\Users\rashi\ESM_databases\canoe-transportation\inputs\cache\nrcan_ceud_transport\2021_tran_on_e_28.xls
nrcan_ceud_transport_provincial,ON,28,School Buses,school_buses_activity,school_buses,stocks_and_demands,School Buses|Energy Use by Energy Source (PJ)|Propane,School Buses,Energy Use by Energy Source (PJ)|Propane,2014,0.0,PJ,C:\Users\rashi\ESM_databases\canoe-transportation\inputs\cache\nrcan_ceud_transport\2021_tran_on_e_28.xls
nrcan_ceud_transport_provincial,ON,28,School Buses,school_buses_activity,school_buses,stocks_and_demands,School Buses|Activity|Passenger-kilometres (millions),School Buses,Activity|Passenger-kilometres (millions),2014,9990.408372,millions,C:\Users\rashi\ESM_databases\canoe-transportation\inputs\cache\nrcan_ceud_transport\2021_tran_on_e_28.xls
nrcan_ceud_transport_provincial,ON,28,School Buses,school_buses_activity,school_buses,stocks_and_demands,School Buses|Energy Intensity (MJ/Pkm),School Buses,Energy Intensity (MJ/Pkm),2014,0.421936,MJ/Pkm,C:\Users\rashi\ESM_databases\canoe-transportation\inputs\cache\nrcan_ceud_transport\2021_tran_on_e_28.xls
nrcan_ceud_transport_provincial,ON,28,School Buses,school_buses_activity,school_buses,stocks_and_demands,School Bus Energy Use (PJ),School Bus Energy Use (PJ),School Bus Energy Use (PJ),2015,4.006012,PJ,C:\Users\rashi\ESM_databases\canoe-transportation\inputs\cache\nrcan_ceud_transport\2021_tran_on_e_28.xls
nrcan_ceud_transport_provincial,ON,28,School Buses,school_buses_activity,school_buses,stocks_and_demands,School Buses|Energy Use by Energy Source (PJ)|Natural Gas,School Buses,Energy Use by Energy Source (PJ)|Natural Gas,2015,0.140108,PJ,C:\Users\rashi\ESM_databases\canoe-transportation\inputs\cache\nrcan_ceud_transport\2021_tran_on_e_28.xls
nrcan_ceud_transport_provincial,ON,28,School Buses,school_buses_activity,school_buses,stocks_and_demands,School Buses|Energy Use by Energy Source (PJ)|Motor Gasoline,School Buses,Energy Use by Energy Source (PJ)|Motor Gasoline,2015,0.371665,PJ,C:\Users\rashi\ESM_databases\canoe-transportation\inputs\cache\nrcan_ceud_transport\2021_tran_on_e_28.xls
nrcan_ceud_transport_provincial,ON,28,School Buses,school_buses_activity,school_buses,stocks_and_demands,School Buses|Energy Use by Energy Source (PJ)|Diesel Fuel Oil,School Buses,Energy Use by Energy Source (PJ)|Diesel Fuel Oil,2015,3.494239,PJ,C:\Users\rashi\ESM_databases\canoe-transportation\inputs\cache\nrcan_ceud_transport\2021_tran_on_e_28.xls
nrcan_ceud_transport_provincial,ON,28,School Buses,school_buses_activity,school_buses,stocks_and_demands,School Buses|Energy Use by Energy Source (PJ)|Propane,School Buses,Energy Use by Energy Source (PJ)|Propane,2015,0.0,PJ,C:\Users\rashi\ESM_databases\canoe-transportation\inputs\cache\nrcan_ceud_transport\2021_tran_on_e_28.xls
nrcan_ceud_transport_provincial,ON,28,School Buses,school_buses_activity,school_buses,stocks_and_demands,School Buses|Activity|Passenger-kilometres (millions),School Buses,Activity|Passenger-kilometres (millions),2015,9295.476457,millions,C:\Users\rashi\ESM_databases\canoe-transportation\inputs\cache\nrcan_ceud_transport\2021_tran_on_e_28.xls
nrcan_ceud_transport_provincial,ON,28,School Buses,school_buses_activity,school_buses,stocks_and_demands,School Buses|Energy Intensity (MJ/Pkm),School Buses,Energy Intensity (MJ/Pkm),2015,0.430964,MJ/Pkm,C:\Users\rashi\ESM_databases\canoe-transportation\inputs\cache\nrcan_ceud_transport\2021_tran_on_e_28.xls
nrcan_ceud_transport_provincial,ON,28,School Buses,school_buses_activity,school_buses,stocks_and_demands,School Bus Energy Use (PJ),School Bus Energy Use (PJ),School Bus Energy Use (PJ),2016,4.163117,PJ,C:\Users\rashi\ESM_databases\canoe-transportation\inputs\cache\nrcan_ceud_transport\2021_tran_on_e_28.xls
nrcan_ceud_transport_provincial,ON,28,School Buses,school_buses_activity,school_buses,stocks_and_demands,School Buses|Energy Use by Energy Source (PJ)|Natural Gas,School Buses,Energy Use by Energy Source (PJ)|Natural Gas,2016,0.187962,PJ,C:\Users\rashi\ESM_databases\canoe-transportation\inputs\cache\nrcan_ceud_transport\2021_tran_on_e_28.xls
nrcan_ceud_transport_provincial,ON,28,School Buses,school_buses_activity,school_buses,stocks_and_demands,School Buses|Energy Use by Energy Source (PJ)|Motor Gasoline,School Buses,Energy Use by Energy Source (PJ)|Motor Gasoline,2016,0.426838,PJ,C:\Users\rashi\ESM_databases\canoe-transportation\inputs\cache\nrcan_ceud_transport\2021_tran_on_e_28.xls
nrcan_ceud_transport_provincial,ON,28,School Buses,school_buses_activity,school_buses,stocks_and_demands,School Buses|Energy Use by Energy Source (PJ)|Diesel Fuel Oil,School Buses,Energy Use by Energy Source (PJ)|Diesel Fuel Oil,2016,3.548317,PJ,C:\Users\rashi\ESM_databases\canoe-transportation\inputs\cache\nrcan_ceud_transport\2021_tran_on_e_28.xls
nrcan_ceud_transport_provincial,ON,28,School Buses,school_buses_activity,school_buses,stocks_and_demands,School Buses|Energy Use by Energy Source (PJ)|Propane,School Buses,Energy Use by Energy Source (PJ)|Propane,2016,0.0,PJ,C:\Users\rashi\ESM_databases\canoe-transportation\inputs\cache\nrcan_ceud_transport\2021_tran_on_e_28.xls
nrcan_ceud_transport_provincial,ON,28,School Buses,school_buses_activity,school_buses,stocks_and_demands,School Buses|Activity|Passenger-kilometres (millions),School Buses,Activity|Passenger-kilometres (millions),2016,9304.426888,millions,C:\Users\rashi\ESM_databases\canoe-transportation\inputs\cache\nrcan_ceud_transport\2021_tran_on_e_28.xls
nrcan_ceud_transport_provincial,ON,28,School Buses,school_buses_activity,school_buses,stocks_and_demands,School Buses|Energy Intensity (MJ/Pkm),School Buses,Energy Intensity (MJ/Pkm),2016,0.447434,MJ/Pkm,C:\Users\rashi\ESM_databases\canoe-transportation\inputs\cache\nrcan_ceud_transport\2021_tran_on_e_28.xls
nrcan_ceud_transport_provincial,ON,28,School Buses,school_buses_activity,school_buses,stocks_and_demands,School Bus Energy Use (PJ),School Bus Energy Use (PJ),School Bus Energy Use (PJ),2017,2.363051,PJ,C:\Users\rashi\ESM_databases\canoe-transportation\inputs\cache\nrcan_ceud_transport\2021_tran_on_e_28.xls
nrcan_ceud_transport_provincial,ON,28,School Buses,school_buses_activity,school_buses,stocks_and_demands,School Buses|Energy Use by Energy Source (PJ)|Natural Gas,School Buses,Energy Use by Energy Source (PJ)|Natural Gas,2017,0.27312,PJ,C:\Users\rashi\ESM_databases\canoe-transportation\inputs\cache\nrcan_ceud_transport\2021_tran_on_e_28.xls
nrcan_ceud_transport_provincial,ON,28,School Buses,school_buses_activity,school_buses,stocks_and_demands,School Buses|Energy Use by Energy Source (PJ)|Motor Gasoline,School Buses,Energy Use by Energy Source (PJ)|Motor Gasoline,2017,0.380279,PJ,C:\Users\rashi\ESM_databases\canoe-transportation\inputs\cache\nrcan_ceud_transport\2021_tran_on_e_28.xls
nrcan_ceud_transport_provincial,ON,28,School Buses,school_buses_activity,school_buses,stocks_and_demands,School Buses|Energy Use by Energy Source (PJ)|Diesel Fuel Oil,School Buses,Energy Use by Energy Source (PJ)|Diesel Fuel Oil,2017,1.709652,PJ,C:\Users\rashi\ESM_databases\canoe-transportation\inputs\cache\nrcan_ceud_transport\2021_tran_on_e_28.xls
nrcan_ceud_transport_provincial,ON,28,School Buses,school_buses_activity,school_buses,stocks_and_demands,School Buses|Energy Use by Energy Source (PJ)|Propane,School Buses,Energy Use by Energy Source (PJ)|Propane,2017,0.0,PJ,C:\Users\rashi\ESM_databases\canoe-transportation\inputs\cache\nrcan_ceud_transport\2021_tran_on_e_28.xls
nrcan_ceud_transport_provincial,ON,28,School Buses,school_buses_activity,school_buses,stocks_and_demands,School Buses|Activity|Passenger-kilometres (millions),School Buses,Activity|Passenger-kilometres (millions),2017,9773.274364,millions,C:\Users\rashi\ESM_databases\canoe-transportation\inputs\cache\nrcan_ceud_transport\2021_tran_on_e_28.xls
nrcan_ceud_transport_provincial,ON,28,School Buses,school_buses_activity,school_buses,stocks_and_demands,School Buses|Energy Intensity (MJ/Pkm),School Buses,Energy Intensity (MJ/Pkm),2017,0.241787,MJ/Pkm,C:\Users\rashi\ESM_databases\canoe-transportation\inputs\cache\nrcan_ceud_transport\2021_tran_on_e_28.xls
nrcan_ceud_transport_provincial,ON,28,School Buses,school_buses_activity,school_buses,stocks_and_demands,School Bus Energy Use (PJ),School Bus Energy Use (PJ),School Bus Energy Use (PJ),2018,3.41708,PJ,C:\Users\rashi\ESM_databases\canoe-transportation\inputs\cache\nrcan_ceud_transport\2021_tran_on_e_28.xls
nrcan_ceud_transport_provincial,ON,28,School Buses,school_buses_activity,school_buses,stocks_and_demands,School Buses|Energy Use by Energy Source (PJ)|Natural Gas,School Buses,Energy Use by Energy Source (PJ)|Natural Gas,2018,0.32593,PJ,C:\Users\rashi\ESM_databases\canoe-transportation\inputs\cache\nrcan_ceud_transport\2021_tran_on_e_28.xls
nrcan_ceud_transport_provincial,ON,28,School Buses,school_buses_activity,school_buses,stocks_and_demands,School Buses|Energy Use by Energy Source (PJ)|Motor Gasoline,School Buses,Energy Use by Energy Source (PJ)|Motor Gasoline,2018,0.312133,PJ,C:\Users\rashi\ESM_databases\canoe-transportation\inputs\cache\nrcan_ceud_transport\2021_tran_on_e_28.xls
nrcan_ceud_transport_provincial,ON,28,School Buses,school_buses_activity,school_buses,stocks_and_demands,School Buses|Energy Use by Energy Source (PJ)|Diesel Fuel Oil,School Buses,Energy Use by Energy Source (PJ)|Diesel Fuel Oil,2018,2.779017,PJ,C:\Users\rashi\ESM_databases\canoe-transportation\inputs\cache\nrcan_ceud_transport\2021_tran_on_e_28.xls
nrcan_ceud_transport_provincial,ON,28,School Buses,school_buses_activity,school_buses,stocks_and_demands,School Buses|Energy Use by Energy Source (PJ)|Propane,School Buses,Energy Use by Energy Source (PJ)|Propane,2018,0.0,PJ,C:\Users\rashi\ESM_databases\canoe-transportation\inputs\cache\nrcan_ceud_transport\2021_tran_on_e_28.xls
nrcan_ceud_transport_provincial,ON,28,School Buses,school_buses_activity,school_buses,stocks_and_demands,School Buses|Activity|Passenger-kilometres (millions),School Buses,Activity|Passenger-kilometres (millions),2018,9825.378418,millions,C:\Users\rashi\ESM_databases\canoe-transportation\inputs\cache\nrcan_ceud_transport\2021_tran_on_e_28.xls
nrcan_ceud_transport_provincial,ON,28,School Buses,school_buses_activity,school_buses,stocks_and_demands,School Buses|Energy Intensity (MJ/Pkm),School Buses,Energy Intensity (MJ/Pkm),2018,0.347781,MJ/Pkm,C:\Users\rashi\ESM_databases\canoe-transportation\inputs\cache\nrcan_ceud_transport\2021_tran_on_e_28.xls
nrcan_ceud_transport_provincial,ON,28,School Buses,school_buses_activity,school_buses,stocks_and_demands,School Bus Energy Use (PJ),School Bus Energy Use (PJ),School Bus Energy Use (PJ),2019,3.953109,PJ,C:\Users\rashi\ESM_databases\canoe-transportation\inputs\cache\nrcan_ceud_transport\2021_tran_on_e_28.xls
nrcan_ceud_transport_provincial,ON,28,School Buses,school_buses_activity,school_buses,stocks_and_demands,School Buses|Energy Use by Energy Source (PJ)|Natural Gas,School Buses,Energy Use by Energy Source (PJ)|Natural Gas,2019,0.334671,PJ,C:\Users\rashi\ESM_databases\canoe-transportation\inputs\cache\nrcan_ceud_transport\2021_tran_on_e_28.xls
nrcan_ceud_transport_provincial,ON,28,School Buses,school_buses_activity,school_buses,stocks_and_demands,School Buses|Energy Use by Energy Source (PJ)|Motor Gasoline,School Buses,Energy Use by Energy Source (PJ)|Motor Gasoline,2019,0.417097,PJ,C:\Users\rashi\ESM_databases\canoe-transportation\inputs\cache\nrcan_ceud_transport\2021_tran_on_e_28.xls
nrcan_ceud_transport_provincial,ON,28,School Buses,school_buses_activity,school_buses,stocks_and_demands,School Buses|Energy Use by Energy Source (PJ)|Diesel Fuel Oil,School Buses,Energy Use by Energy Source (PJ)|Diesel Fuel Oil,2019,3.201341,PJ,C:\Users\rashi\ESM_databases\canoe-transportation\inputs\cache\nrcan_ceud_transport\2021_tran_on_e_28.xls
nrcan_ceud_transport_provincial,ON,28,School Buses,school_buses_activity,school_buses,stocks_and_demands,School Buses|Energy Use by Energy Source (PJ)|Propane,School Buses,Energy Use by Energy Source (PJ)|Propane,2019,0.0,PJ,C:\Users\rashi\ESM_databases\canoe-transportation\inputs\cache\nrcan_ceud_transport\2021_tran_on_e_28.xls
nrcan_ceud_transport_provincial,ON,28,School Buses,school_buses_activity,school_buses,stocks_and_demands,School Buses|Activity|Passenger-kilometres (millions),School Buses,Activity|Passenger-kilometres (millions),2019,9738.895027,millions,C:\Users\rashi\ESM_databases\canoe-transportation\inputs\cache\nrcan_ceud_transport\2021_tran_on_e_28.xls
nrcan_ceud_transport_provincial,ON,28,School Buses,school_buses_activity,school_buses,stocks_and_demands,School Buses|Energy Intensity (MJ/Pkm),School Buses,Energy Intensity (MJ/Pkm),2019,0.405909,MJ/Pkm,C:\Users\rashi\ESM_databases\canoe-transportation\inputs\cache\nrcan_ceud_transport\2021_tran_on_e_28.xls
nrcan_ceud_transport_provincial,ON,28,School Buses,school_buses_activity,school_buses,stocks_and_demands,School Bus Energy Use (PJ),School Bus Energy Use (PJ),School Bus Energy Use (PJ),2020,2.568407,PJ,C:\Users\rashi\ESM_databases\canoe-transportation\inputs\cache\nrcan_ceud_transport\2021_tran_on_e_28.xls
nrcan_ceud_transport_provincial,ON,28,School Buses,school_buses_activity,school_buses,stocks_and_demands,School Buses|Energy Use by Energy Source (PJ)|Natural Gas,School Buses,Energy Use by Energy Source (PJ)|Natural Gas,2020,0.45749,PJ,C:\Users\rashi\ESM_databases\canoe-transportation\inputs\cache\nrcan_ceud_transport\2021_tran_on_e_28.xls
nrcan_ceud_transport_provincial,ON,28,School Buses,school_buses_activity,school_buses,stocks_and_demands,School Buses|Energy Use by Energy Source (PJ)|Motor Gasoline,School Buses,Energy Use by Energy Source (PJ)|Motor Gasoline,2020,0.267198,PJ,C:\Users\rashi\ESM_databases\canoe-transportation\inputs\cache\nrcan_ceud_transport\2021_tran_on_e_28.xls
nrcan_ceud_transport_provincial,ON,28,School Buses,school_buses_activity,school_buses,stocks_and_demands,School Buses|Energy Use by Energy Source (PJ)|Diesel Fuel Oil,School Buses,Energy Use by Energy Source (PJ)|Diesel Fuel Oil,2020,1.843719,PJ,C:\Users\rashi\ESM_databases\canoe-transportation\inputs\cache\nrcan_ceud_transport\2021_tran_on_e_28.xls
nrcan_ceud_transport_provincial,ON,28,School Buses,school_buses_activity,school_buses,stocks_and_demands,School Buses|Energy Use by Energy Source (PJ)|Propane,School Buses,Energy Use by Energy Source (PJ)|Propane,2020,0.0,PJ,C:\Users\rashi\ESM_databases\canoe-transportation\inputs\cache\nrcan_ceud_transport\2021_tran_on_e_28.xls
nrcan_ceud_transport_provincial,ON,28,School Buses,school_buses_activity,school_buses,stocks_and_demands,School Buses|Activity|Passenger-kilometres (millions),School Buses,Activity|Passenger-kilometres (millions),2020,5710.953506,millions,C:\Users\rashi\ESM_databases\canoe-transportation\inputs\cache\nrcan_ceud_transport\2021_tran_on_e_28.xls
nrcan_ceud_transport_provincial,ON,28,School Buses,school_buses_activity,school_buses,stocks_and_demands,School Buses|Energy Intensity (MJ/Pkm),School Buses,Energy Intensity (MJ/Pkm),2020,0.449734,MJ/Pkm,C:\Users\rashi\ESM_databases\canoe-transportation\inputs\cache\nrcan_ceud_transport\2021_tran_on_e_28.xls
nrcan_ceud_transport_provincial,ON,28,School Buses,school_buses_activity,school_buses,stocks_and_demands,School Bus Energy Use (PJ),School Bus Energy Use (PJ),School Bus Energy Use (PJ),2021,2.276878,PJ,C:\Users\rashi\ESM_databases\canoe-transportation\inputs\cache\nrcan_ceud_transport\2021_tran_on_e_28.xls
nrcan_ceud_transport_provincial,ON,28,School Buses,school_buses_activity,school_buses,stocks_and_demands,School Buses|Energy Use by Energy Source (PJ)|Natural Gas,School Buses,Energy Use by Energy Source (PJ)|Natural Gas,2021,0.487188,PJ,C:\Users\rashi\ESM_databases\canoe-transportation\inputs\cache\nrcan_ceud_transport\2021_tran_on_e_28.xls
nrcan_ceud_transport_provincial,ON,28,School Buses,school_buses_activity,school_buses,stocks_and_demands,School Buses|Energy Use by Energy Source (PJ)|Motor Gasoline,School Buses,Energy Use by Energy Source (PJ)|Motor Gasoline,2021,0.268826,PJ,C:\Users\rashi\ESM_databases\canoe-transportation\inputs\cache\nrcan_ceud_transport\2021_tran_on_e_28.xls
nrcan_ceud_transport_provincial,ON,28,School Buses,school_buses_activity,school_buses,stocks_and_demands,School Buses|Energy Use by Energy Source (PJ)|Diesel Fuel Oil,School Buses,Energy Use by Energy Source (PJ)|Diesel Fuel Oil,2021,1.520865,PJ,C:\Users\rashi\ESM_databases\canoe-transportation\inputs\cache\nrcan_ceud_transport\2021_tran_on_e_28.xls
nrcan_ceud_transport_provincial,ON,28,School Buses,school_buses_activity,school_buses,stocks_and_demands,School Buses|Energy Use by Energy Source (PJ)|Propane,School Buses,Energy Use by Energy Source (PJ)|Propane,2021,0.0,PJ,C:\Users\rashi\ESM_databases\canoe-transportation\inputs\cache\nrcan_ceud_transport\2021_tran_on_e_28.xls
nrcan_ceud_transport_provincial,ON,28,School Buses,school_buses_activity,school_buses,stocks_and_demands,School Buses|Activity|Passenger-kilometres (millions),School Buses,Activity|Passenger-kilometres (millions),2021,5210.401901,millions,C:\Users\rashi\ESM_databases\canoe-transportation\inputs\cache\nrcan_ceud_transport\2021_tran_on_e_28.xls
nrcan_ceud_transport_provincial,ON,28,School Buses,school_buses_activity,school_buses,stocks_and_demands,School Buses|Energy Intensity (MJ/Pkm),School Buses,Energy Intensity (MJ/Pkm),2021,0.436987,MJ/Pkm,C:\Users\rashi\ESM_databases\canoe-transportation\inputs\cache\nrcan_ceud_transport\2021_tran_on_e_28.xls
nrcan_ceud_transport_provincial,ON,29,Urban Transit,urban_transit_activity,urban_transit,stocks_and_demands,Urban Transit Energy Use (PJ),Urban Transit Energy Use (PJ),Urban Transit Energy Use (PJ),2000,9.485213,PJ,C:\Users\rashi\ESM_databases\canoe-transportation\inputs\cache\nrcan_ceud_transport\2021_tran_on_e_29.xls
nrcan_ceud_transport_provincial,ON,29,Urban Transit,urban_transit_activity,urban_transit,stocks_and_demands,Urban Transit|Energy Use by Energy Source (PJ)|Electricity,Urban Transit,Energy Use by Energy Source (PJ)|Electricity,2000,1.364,PJ,C:\Users\rashi\ESM_databases\canoe-transportation\inputs\cache\nrcan_ceud_transport\2021_tran_on_e_29.xls
nrcan_ceud_transport_provincial,ON,29,Urban Transit,urban_transit_activity,urban_transit,stocks_and_demands,Urban Transit|Energy Use by Energy Source (PJ)|Natural Gas,Urban Transit,Energy Use by Energy Source (PJ)|Natural Gas,2000,0.685692,PJ,C:\Users\rashi\ESM_databases\canoe-transportation\inputs\cache\nrcan_ceud_transport\2021_tran_on_e_29.xls
nrcan_ceud_transport_provincial,ON,29,Urban Transit,urban_transit_activity,urban_transit,stocks_and_demands,Urban Transit|Energy Use by Energy Source (PJ)|Motor Gasoline,Urban Transit,Energy Use by Energy Source (PJ)|Motor Gasoline,2000,0.016821,PJ,C:\Users\rashi\ESM_databases\canoe-transportation\inputs\cache\nrcan_ceud_transport\2021_tran_on_e_29.xls
nrcan_ceud_transport_provincial,ON,29,Urban Transit,urban_transit_activity,urban_transit,stocks_and_demands,Urban Transit|Energy Use by Energy Source (PJ)|Diesel Fuel Oil,Urban Transit,Energy Use by Energy Source (PJ)|Diesel Fuel Oil,2000,7.418701,PJ,C:\Users\rashi\ESM_databases\canoe-transportation\inputs\cache\nrcan_ceud_transport\2021_tran_on_e_29.xls
nrcan_ceud_transport_provincial,ON,29,Urban Transit,urban_transit_activity,urban_transit,stocks_and_demands,Urban Transit|Energy Use by Energy Source (PJ)|Biodiesel Fuel,Urban Transit,Energy Use by Energy Source (PJ)|Biodiesel Fuel,2000,0.0,PJ,C:\Users\rashi\ESM_databases\canoe-transportation\inputs\cache\nrcan_ceud_transport\2021_tran_on_e_29.xls
nrcan_ceud_transport_provincial,ON,29,Urban Transit,urban_transit_activity,urban_transit,stocks_and_demands,Urban Transit|Energy Use by Energy Source (PJ)|Propane,Urban Transit,Energy Use by Energy Source (PJ)|Propane,2000,0.0,PJ,C:\Users\rashi\ESM_databases\canoe-transportation\inputs\cache\nrcan_ceud_transport\2021_tran_on_e_29.xls
nrcan_ceud_transport_provincial,ON,29,Urban Transit,urban_transit_activity,urban_transit,stocks_and_demands,Urban Transit|Activity|Passenger-kilometres (millions),Urban Transit,Activity|Passenger-kilometres (millions),2000,4864.441892,millions,C:\Users\rashi\ESM_databases\canoe-transportation\inputs\cache\nrcan_ceud_transport\2021_tran_on_e_29.xls
nrcan_ceud_transport_provincial,ON,29,Urban Transit,urban_transit_activity,urban_transit,stocks_and_demands,Urban Transit|Energy Intensity (MJ/Pkm),Urban Transit,Energy Intensity (MJ/Pkm),2000,1.949908,MJ/Pkm,C:\Users\rashi\ESM_databases\canoe-transportation\inputs\cache\nrcan_ceud_transport\2021_tran_on_e_29.xls
nrcan_ceud_transport_provincial,ON,29,Urban Transit,urban_transit_activity,urban_transit,stocks_and_demands,Urban Transit Energy Use (PJ),Urban Transit Energy Use (PJ),Urban Transit Energy Use (PJ),2001,8.54244,PJ,C:\Users\rashi\ESM_databases\canoe-transportation\inputs\cache\nrcan_ceud_transport\2021_tran_on_e_29.xls
nrcan_ceud_transport_provincial,ON,29,Urban Transit,urban_transit_activity,urban_transit,stocks_and_demands,Urban Transit|Energy Use by Energy Source (PJ)|Electricity,Urban Transit,Energy Use by Energy Source (PJ)|Electricity,2001,1.318,PJ,C:\Users\rashi\ESM_databases\canoe-transportation\inputs\cache\nrcan_ceud_transport\2021_tran_on_e_29.xls
nrcan_ceud_transport_provincial,ON,29,Urban Transit,urban_transit_activity,urban_transit,stocks_and_demands,Urban Transit|Energy Use by Energy Source (PJ)|Natural Gas,Urban Transit,Energy Use by Energy Source (PJ)|Natural Gas,2001,0.428298,PJ,C:\Users\rashi\ESM_databases\canoe-transportation\inputs\cache\nrcan_ceud_transport\2021_tran_on_e_29.xls
nrcan_ceud_transport_provincial,ON,29,Urban Transit,urban_transit_activity,urban_transit,stocks_and_demands,Urban Transit|Energy Use by Energy Source (PJ)|Motor Gasoline,Urban Transit,Energy Use by Energy Source (PJ)|Motor Gasoline,2001,0.029723,PJ,C:\Users\rashi\ESM_databases\canoe-transportation\inputs\cache\nrcan_ceud_transport\2021_tran_on_e_29.xls
nrcan_ceud_transport_provincial,ON,29,Urban Transit,urban_transit_activity,urban_transit,stocks_and_demands,Urban Transit|Energy Use by Energy Source (PJ)|Diesel Fuel Oil,Urban Transit,Energy Use by Energy Source (PJ)|Diesel Fuel Oil,2001,6.648067,PJ,C:\Users\rashi\ESM_databases\canoe-transportation\inputs\cache\nrcan_ceud_transport\2021_tran_on_e_29.xls
nrcan_ceud_transport_provincial,ON,29,Urban Transit,urban_transit_activity,urban_transit,stocks_and_demands,Urban Transit|Energy Use by Energy Source (PJ)|Propane,Urban Transit,Energy Use by Energy Source (PJ)|Propane,2001,0.118352,PJ,C:\Users\rashi\ESM_databases\canoe-transportation\inputs\cache\nrcan_ceud_transport\2021_tran_on_e_29.xls
nrcan_ceud_transport_provincial,ON,29,Urban Transit,urban_transit_activity,urban_transit,stocks_and_demands,Urban Transit|Activity|Passenger-kilometres (millions),Urban Transit,Activity|Passenger-kilometres (millions),2001,4827.527721,millions,C:\Users\rashi\ESM_databases\canoe-transportation\inputs\cache\nrcan_ceud_transport\2021_tran_on_e_29.xls
nrcan_ceud_transport_provincial,ON,29,Urban Transit,urban_transit_activity,urban_transit,stocks_and_demands,Urban Transit|Energy Intensity (MJ/Pkm),Urban Transit,Energy Intensity (MJ/Pkm),2001,1.769527,MJ/Pkm,C:\Users\rashi\ESM_databases\canoe-transportation\inputs\cache\nrcan_ceud_transport\2021_tran_on_e_29.xls
nrcan_ceud_transport_provincial,ON,29,Urban Transit,urban_transit_activity,urban_transit,stocks_and_demands,Urban Transit Energy Use (PJ),Urban Transit Energy Use (PJ),Urban Transit Energy Use (PJ),2002,10.274524,PJ,C:\Users\rashi\ESM_databases\canoe-transportation\inputs\cache\nrcan_ceud_transport\2021_tran_on_e_29.xls
nrcan_ceud_transport_provincial,ON,29,Urban Transit,urban_transit_activity,urban_transit,stocks_and_demands,Urban Transit|Energy Use by Energy Source (PJ)|Electricity,Urban Transit,Energy Use by Energy Source (PJ)|Electricity,2002,1.394,PJ,C:\Users\rashi\ESM_databases\canoe-transportation\inputs\cache\nrcan_ceud_transport\2021_tran_on_e_29.xls
nrcan_ceud_transport_provincial,ON,29,Urban Transit,urban_transit_activity,urban_transit,stocks_and_demands,Urban Transit|Energy Use by Energy Source (PJ)|Natural Gas,Urban Transit,Energy Use by Energy Source (PJ)|Natural Gas,2002,0.444599,PJ,C:\Users\rashi\ESM_databases\canoe-transportation\inputs\cache\nrcan_ceud_transport\2021_tran_on_e_29.xls
nrcan_ceud_transport_provincial,ON,29,Urban Transit,urban_transit_activity,urban_transit,stocks_and_demands,Urban Transit|Energy Use by Energy Source (PJ)|Motor Gasoline,Urban Transit,Energy Use by Energy Source (PJ)|Motor Gasoline,2002,0.042961,PJ,C:\Users\rashi\ESM_databases\canoe-transportation\inputs\cache\nrcan_ceud_transport\2021_tran_on_e_29.xls
nrcan_ceud_transport_provincial,ON,29,Urban Transit,urban_transit_activity,urban_transit,stocks_and_demands,Urban Transit|Energy Use by Energy Source (PJ)|Diesel Fuel Oil,Urban Transit,Energy Use by Energy Source (PJ)|Diesel Fuel Oil,2002,8.210051,PJ,C:\Users\rashi\ESM_databases\canoe-transportation\inputs\cache\nrcan_ceud_transport\2021_tran_on_e_29.xls
nrcan_ceud_transport_provincial,ON,29,Urban Transit,urban_transit_activity,urban_transit,stocks_and_demands,Urban Transit|Energy Use by Energy Source (PJ)|Propane,Urban Transit,Energy Use by Energy Source (PJ)|Propane,2002,0.182913,PJ,C:\Users\rashi\ESM_databases\canoe-transportation\inputs\cache\nrcan_ceud_transport\2021_tran_on_e_29.xls
nrcan_ceud_transport_provincial,ON,29,Urban Transit,urban_transit_activity,urban_transit,stocks_and_demands,Urban Transit|Activity|Passenger-kilometres (millions),Urban Transit,Activity|Passenger-kilometres (millions),2002,5741.656194,millions,C:\Users\rashi\ESM_databases\canoe-transportation\inputs\cache\nrcan_ceud_transport\2021_tran_on_e_29.xls
nrcan_ceud_transport_provincial,ON,29,Urban Transit,urban_transit_activity,urban_transit,stocks_and_demands,Urban Transit|Energy Intensity (MJ/Pkm),Urban Transit,Energy Intensity (MJ/Pkm),2002,1.78947,MJ/Pkm,C:\Users\rashi\ESM_databases\canoe-transportation\inputs\cache\nrcan_ceud_transport\2021_tran_on_e_29.xls
nrcan_ceud_transport_provincial,ON,29,Urban Transit,urban_transit_activity,urban_transit,stocks_and_demands,Urban Transit Energy Use (PJ),Urban Transit Energy Use (PJ),Urban Transit Energy Use (PJ),2003,10.71255,PJ,C:\Users\rashi\ESM_databases\canoe-transportation\inputs\cache\nrcan_ceud_transport\2021_tran_on_e_29.xls
nrcan_ceud_transport_provincial,ON,29,Urban Transit,urban_transit_activity,urban_transit,stocks_and_demands,Urban Transit|Energy Use by Energy Source (PJ)|Electricity,Urban Transit,Energy Use by Energy Source (PJ)|Electricity,2003,1.35,PJ,C:\Users\rashi\ESM_databases\canoe-transportation\inputs\cache\nrcan_ceud_transport\2021_tran_on_e_29.xls
nrcan_ceud_transport_provincial,ON,29,Urban Transit,urban_transit_activity,urban_transit,stocks_and_demands,Urban Transit|Energy Use by Energy Source (PJ)|Natural Gas,Urban Transit,Energy Use by Energy Source (PJ)|Natural Gas,2003,0.502166,PJ,C:\Users\rashi\ESM_databases\canoe-transportation\inputs\cache\nrcan_ceud_transport\2021_tran_on_e_29.xls
nrcan_ceud_transport_provincial,ON,29,Urban Transit,urban_transit_activity,urban_transit,stocks_and_demands,Urban Transit|Energy Use by Energy Source (PJ)|Motor Gasoline,Urban Transit,Energy Use by Energy Source (PJ)|Motor Gasoline,2003,0.048108,PJ,C:\Users\rashi\ESM_databases\canoe-transportation\inputs\cache\nrcan_ceud_transport\2021_tran_on_e_29.xls
nrcan_ceud_transport_provincial,ON,29,Urban Transit,urban_transit_activity,urban_transit,stocks_and_demands,Urban Transit|Energy Use by Energy Source (PJ)|Diesel Fuel Oil,Urban Transit,Energy Use by Energy Source (PJ)|Diesel Fuel Oil,2003,8.589929,PJ,C:\Users\rashi\ESM_databases\canoe-transportation\inputs\cache\nrcan_ceud_transport\2021_tran_on_e_29.xls
nrcan_ceud_transport_provincial,ON,29,Urban Transit,urban_transit_activity,urban_transit,stocks_and_demands,Urban Transit|Energy Use by Energy Source (PJ)|Propane,Urban Transit,Energy Use by Energy Source (PJ)|Propane,2003,0.222347,PJ,C:\Users\rashi\ESM_databases\canoe-transportation\inputs\cache\nrcan_ceud_transport\2021_tran_on_e_29.xls
nrcan_ceud_transport_provincial,ON,29,Urban Transit,urban_transit_activity,urban_transit,stocks_and_demands,Urban Transit|Activity|Passenger-kilometres (millions),Urban Transit,Activity|Passenger-kilometres (millions),2003,6004.514356,millions,C:\Users\rashi\ESM_databases\canoe-transportation\inputs\cache\nrcan_ceud_transport\2021_tran_on_e_29.xls
nrcan_ceud_transport_provincial,ON,29,Urban Transit,urban_transit_activity,urban_transit,stocks_and_demands,Urban Transit|Energy Intensity (MJ/Pkm),Urban Transit,Energy Intensity (MJ/Pkm),2003,1.784083,MJ/Pkm,C:\Users\rashi\ESM_databases\canoe-transportation\inputs\cache\nrcan_ceud_transport\2021_tran_on_e_29.xls
nrcan_ceud_transport_provincial,ON,29,Urban Transit,urban_transit_activity,urban_transit,stocks_and_demands,Urban Transit Energy Use (PJ),Urban Transit Energy Use (PJ),Urban Transit Energy Use (PJ),2004,10.853673,PJ,C:\Users\rashi\ESM_databases\canoe-transportation\inputs\cache\nrcan_ceud_transport\2021_tran_on_e_29.xls
nrcan_ceud_transport_provincial,ON,29,Urban Transit,urban_transit_activity,urban_transit,stocks_and_demands,Urban Transit|Energy Use by Energy Source (PJ)|Electricity,Urban Transit,Energy Use by Energy Source (PJ)|Electricity,2004,1.355,PJ,C:\Users\rashi\ESM_databases\canoe-transportation\inputs\cache\nrcan_ceud_transport\2021_tran_on_e_29.xls
nrcan_ceud_transport_provincial,ON,29,Urban Transit,urban_transit_activity,urban_transit,stocks_and_demands,Urban Transit|Energy Use by Energy Source (PJ)|Natural Gas,Urban Transit,Energy Use by Energy Source (PJ)|Natural Gas,2004,0.455997,PJ,C:\Users\rashi\ESM_databases\canoe-transportation\inputs\cache\nrcan_ceud_transport\2021_tran_on_e_29.xls
nrcan_ceud_transport_provincial,ON,29,Urban Transit,urban_transit_activity,urban_transit,stocks_and_demands,Urban Transit|Energy Use by Energy Source (PJ)|Motor Gasoline,Urban Transit,Energy Use by Energy Source (PJ)|Motor Gasoline,2004,0.025139,PJ,C:\Users\rashi\ESM_databases\canoe-transportation\inputs\cache\nrcan_ceud_transport\2021_tran_on_e_29.xls
nrcan_ceud_transport_provincial,ON,29,Urban Transit,urban_transit_activity,urban_transit,stocks_and_demands,Urban Transit|Energy Use by Energy Source (PJ)|Diesel Fuel Oil,Urban Transit,Energy Use by Energy Source (PJ)|Diesel Fuel Oil,2004,8.538102,PJ,C:\Users\rashi\ESM_databases\canoe-transportation\inputs\cache\nrcan_ceud_transport\2021_tran_on_e_29.xls
nrcan_ceud_transport_provincial,ON,29,Urban Transit,urban_transit_activity,urban_transit,stocks_and_demands,Urban Transit|Energy Use by Energy Source (PJ)|Propane,Urban Transit,Energy Use by Energy Source (PJ)|Propane,2004,0.479435,PJ,C:\Users\rashi\ESM_databases\canoe-transportation\inputs\cache\nrcan_ceud_transport\2021_tran_on_e_29.xls
nrcan_ceud_transport_provincial,ON,29,Urban Transit,urban_transit_activity,urban_transit,stocks_and_demands,Urban Transit|Activity|Passenger-kilometres (millions),Urban Transit,Activity|Passenger-kilometres (millions),2004,6210.115058,millions,C:\Users\rashi\ESM_databases\canoe-transportation\inputs\cache\nrcan_ceud_transport\2021_tran_on_e_29.xls
nrcan_ceud_transport_provincial,ON,29,Urban Transit,urban_transit_activity,urban_transit,stocks_and_demands,Urban Transit|Energy Intensity (MJ/Pkm),Urban Transit,Energy Intensity (MJ/Pkm),2004,1.747741,MJ/Pkm,C:\Users\rashi\ESM_databases\canoe-transportation\inputs\cache\nrcan_ceud_transport\2021_tran_on_e_29.xls
nrcan_ceud_transport_provincial,ON,29,Urban Transit,urban_transit_activity,urban_transit,stocks_and_demands,Urban Transit Energy Use (PJ),Urban Transit Energy Use (PJ),Urban Transit Energy Use (PJ),2005,12.391415,PJ,C:\Users\rashi\ESM_databases\canoe-transportation\inputs\cache\nrcan_ceud_transport\2021_tran_on_e_29.xls
nrcan_ceud_transport_provincial,ON,29,Urban Transit,urban_transit_activity,urban_transit,stocks_and_demands,Urban Transit|Energy Use by Energy Source (PJ)|Electricity,Urban Transit,Energy Use by Energy Source (PJ)|Electricity,2005,1.411,PJ,C:\Users\rashi\ESM_databases\canoe-transportation\inputs\cache\nrcan_ceud_transport\2021_tran_on_e_29.xls
nrcan_ceud_transport_provincial,ON,29,Urban Transit,urban_transit_activity,urban_transit,stocks_and_demands,Urban Transit|Energy Use by Energy Source (PJ)|Natural Gas,Urban Transit,Energy Use by Energy Source (PJ)|Natural Gas,2005,0.472165,PJ,C:\Users\rashi\ESM_databases\canoe-transportation\inputs\cache\nrcan_ceud_transport\2021_tran_on_e_29.xls
nrcan_ceud_transport_provincial,ON,29,Urban Transit,urban_transit_activity,urban_transit,stocks_and_demands,Urban Transit|Energy Use by Energy Source (PJ)|Motor Gasoline,Urban Transit,Energy Use by Energy Source (PJ)|Motor Gasoline,2005,0.017239,PJ,C:\Users\rashi\ESM_databases\canoe-transportation\inputs\cache\nrcan_ceud_transport\2021_tran_on_e_29.xls
nrcan_ceud_transport_provincial,ON,29,Urban Transit,urban_transit_activity,urban_transit,stocks_and_demands,Urban Transit|Energy Use by Energy Source (PJ)|Diesel Fuel Oil,Urban Transit,Energy Use by Energy Source (PJ)|Diesel Fuel Oil,2005,9.174611,PJ,C:\Users\rashi\ESM_databases\canoe-transportation\inputs\cache\nrcan_ceud_transport\2021_tran_on_e_29.xls
nrcan_ceud_transport_provincial,ON,29,Urban Transit,urban_transit_activity,urban_transit,stocks_and_demands,Urban Transit|Energy Use by Energy Source (PJ)|Propane,Urban Transit,Energy Use by Energy Source (PJ)|Propane,2005,1.3164,PJ,C:\Users\rashi\ESM_databases\canoe-transportation\inputs\cache\nrcan_ceud_transport\2021_tran_on_e_29.xls
nrcan_ceud_transport_provincial,ON,29,Urban Transit,urban_transit_activity,urban_transit,stocks_and_demands,Urban Transit|Activity|Passenger-kilometres (millions),Urban Transit,Activity|Passenger-kilometres (millions),2005,7267.936928,millions,C:\Users\rashi\ESM_databases\canoe-transportation\inputs\cache\nrcan_ceud_transport\2021_tran_on_e_29.xls
nrcan_ceud_transport_provincial,ON,29,Urban Transit,urban_transit_activity,urban_transit,stocks_and_demands,Urban Transit|Energy Intensity (MJ/Pkm),Urban Transit,Energy Intensity (MJ/Pkm),2005,1.704943,MJ/Pkm,C:\Users\rashi\ESM_databases\canoe-transportation\inputs\cache\nrcan_ceud_transport\2021_tran_on_e_29.xls
nrcan_ceud_transport_provincial,ON,29,Urban Transit,urban_transit_activity,urban_transit,stocks_and_demands,Urban Transit Energy Use (PJ),Urban Transit Energy Use (PJ),Urban Transit Energy Use (PJ),2006,10.146985,PJ,C:\Users\rashi\ESM_databases\canoe-transportation\inputs\cache\nrcan_ceud_transport\2021_tran_on_e_29.xls
nrcan_ceud_transport_provincial,ON,29,Urban Transit,urban_transit_activity,urban_transit,stocks_and_demands,Urban Transit|Energy Use by Energy Source (PJ)|Electricity,Urban Transit,Energy Use by Energy Source (PJ)|Electricity,2006,1.601,PJ,C:\Users\rashi\ESM_databases\canoe-transportation\inputs\cache\nrcan_ceud_transport\2021_tran_on_e_29.xls
nrcan_ceud_transport_provincial,ON,29,Urban Transit,urban_transit_activity,urban_transit,stocks_and_demands,Urban Transit|Energy Use by Energy Source (PJ)|Natural Gas,Urban Transit,Energy Use by Energy Source (PJ)|Natural Gas,2006,0.406993,PJ,C:\Users\rashi\ESM_databases\canoe-transportation\inputs\cache\nrcan_ceud_transport\2021_tran_on_e_29.xls
nrcan_ceud_transport_provincial,ON,29,Urban Transit,urban_transit_activity,urban_transit,stocks_and_demands,Urban Transit|Energy Use by Energy Source (PJ)|Motor Gasoline,Urban Transit,Energy Use by Energy Source (PJ)|Motor Gasoline,2006,0.008171,PJ,C:\Users\rashi\ESM_databases\canoe-transportation\inputs\cache\nrcan_ceud_transport\2021_tran_on_e_29.xls
nrcan_ceud_transport_provincial,ON,29,Urban Transit,urban_transit_activity,urban_transit,stocks_and_demands,Urban Transit|Energy Use by Energy Source (PJ)|Diesel Fuel Oil,Urban Transit,Energy Use by Energy Source (PJ)|Diesel Fuel Oil,2006,8.130821,PJ,C:\Users\rashi\ESM_databases\canoe-transportation\inputs\cache\nrcan_ceud_transport\2021_tran_on_e_29.xls
nrcan_ceud_transport_provincial,ON,29,Urban Transit,urban_transit_activity,urban_transit,stocks_and_demands,Urban Transit|Energy Use by Energy Source (PJ)|Propane,Urban Transit,Energy Use by Energy Source (PJ)|Propane,2006,0.0,PJ,C:\Users\rashi\ESM_databases\canoe-transportation\inputs\cache\nrcan_ceud_transport\2021_tran_on_e_29.xls
nrcan_ceud_transport_provincial,ON,29,Urban Transit,urban_transit_activity,urban_transit,stocks_and_demands,Urban Transit|Activity|Passenger-kilometres (millions),Urban Transit,Activity|Passenger-kilometres (millions),2006,7043.373542,millions,C:\Users\rashi\ESM_databases\canoe-transportation\inputs\cache\nrcan_ceud_transport\2021_tran_on_e_29.xls
nrcan_ceud_transport_provincial,ON,29,Urban Transit,urban_transit_activity,urban_transit,stocks_and_demands,Urban Transit|Energy Intensity (MJ/Pkm),Urban Transit,Energy Intensity (MJ/Pkm),2006,1.440643,MJ/Pkm,C:\Users\rashi\ESM_databases\canoe-transportation\inputs\cache\nrcan_ceud_transport\2021_tran_on_e_29.xls
nrcan_ceud_transport_provincial,ON,29,Urban Transit,urban_transit_activity,urban_transit,stocks_and_demands,Urban Transit Energy Use (PJ),Urban Transit Energy Use (PJ),Urban Transit Energy Use (PJ),2007,10.549375,PJ,C:\Users\rashi\ESM_databases\canoe-transportation\inputs\cache\nrcan_ceud_transport\2021_tran_on_e_29.xls
nrcan_ceud_transport_provincial,ON,29,Urban Transit,urban_transit_activity,urban_transit,stocks_and_demands,Urban Transit|Energy Use by Energy Source (PJ)|Electricity,Urban Transit,Energy Use by Energy Source (PJ)|Electricity,2007,1.17,PJ,C:\Users\rashi\ESM_databases\canoe-transportation\inputs\cache\nrcan_ceud_transport\2021_tran_on_e_29.xls
nrcan_ceud_transport_provincial,ON,29,Urban Transit,urban_transit_activity,urban_transit,stocks_and_demands,Urban Transit|Energy Use by Energy Source (PJ)|Natural Gas,Urban Transit,Energy Use by Energy Source (PJ)|Natural Gas,2007,0.496175,PJ,C:\Users\rashi\ESM_databases\canoe-transportation\inputs\cache\nrcan_ceud_transport\2021_tran_on_e_29.xls
nrcan_ceud_transport_provincial,ON,29,Urban Transit,urban_transit_activity,urban_transit,stocks_and_demands,Urban Transit|Energy Use by Energy Source (PJ)|Motor Gasoline,Urban Transit,Energy Use by Energy Source (PJ)|Motor Gasoline,2007,0.012288,PJ,C:\Users\rashi\ESM_databases\canoe-transportation\inputs\cache\nrcan_ceud_transport\2021_tran_on_e_29.xls
nrcan_ceud_transport_provincial,ON,29,Urban Transit,urban_transit_activity,urban_transit,stocks_and_demands,Urban Transit|Energy Use by Energy Source (PJ)|Diesel Fuel Oil,Urban Transit,Energy Use by Energy Source (PJ)|Diesel Fuel Oil,2007,8.870452,PJ,C:\Users\rashi\ESM_databases\canoe-transportation\inputs\cache\nrcan_ceud_transport\2021_tran_on_e_29.xls
nrcan_ceud_transport_provincial,ON,29,Urban Transit,urban_transit_activity,urban_transit,stocks_and_demands,Urban Transit|Energy Use by Energy Source (PJ)|Ethanol,Urban Transit,Energy Use by Energy Source (PJ)|Ethanol,2007,0.00046,PJ,C:\Users\rashi\ESM_databases\canoe-transportation\inputs\cache\nrcan_ceud_transport\2021_tran_on_e_29.xls
nrcan_ceud_transport_provincial,ON,29,Urban Transit,urban_transit_activity,urban_transit,stocks_and_demands,Urban Transit|Energy Use by Energy Source (PJ)|Propane,Urban Transit,Energy Use by Energy Source (PJ)|Propane,2007,0.0,PJ,C:\Users\rashi\ESM_databases\canoe-transportation\inputs\cache\nrcan_ceud_transport\2021_tran_on_e_29.xls
nrcan_ceud_transport_provincial,ON,29,Urban Transit,urban_transit_activity,urban_transit,stocks_and_demands,Urban Transit|Activity|Passenger-kilometres (millions),Urban Transit,Activity|Passenger-kilometres (millions),2007,5765.504934,millions,C:\Users\rashi\ESM_databases\canoe-transportation\inputs\cache\nrcan_ceud_transport\2021_tran_on_e_29.xls
nrcan_ceud_transport_provincial,ON,29,Urban Transit,urban_transit_activity,urban_transit,stocks_and_demands,Urban Transit|Energy Intensity (MJ/Pkm),Urban Transit,Energy Intensity (MJ/Pkm),2007,1.82974,MJ/Pkm,C:\Users\rashi\ESM_databases\canoe-transportation\inputs\cache\nrcan_ceud_transport\2021_tran_on_e_29.xls
nrcan_ceud_transport_provincial,ON,29,Urban Transit,urban_transit_activity,urban_transit,stocks_and_demands,Urban Transit Energy Use (PJ),Urban Transit Energy Use (PJ),Urban Transit Energy Use (PJ),2008,11.113817,PJ,C:\Users\rashi\ESM_databases\canoe-transportation\inputs\cache\nrcan_ceud_transport\2021_tran_on_e_29.xls
nrcan_ceud_transport_provincial,ON,29,Urban Transit,urban_transit_activity,urban_transit,stocks_and_demands,Urban Transit|Energy Use by Energy Source (PJ)|Electricity,Urban Transit,Energy Use by Energy Source (PJ)|Electricity,2008,1.56,PJ,C:\Users\rashi\ESM_databases\canoe-transportation\inputs\cache\nrcan_ceud_transport\2021_tran_on_e_29.xls
nrcan_ceud_transport_provincial,ON,29,Urban Transit,urban_transit_activity,urban_transit,stocks_and_demands,Urban Transit|Energy Use by Energy Source (PJ)|Natural Gas,Urban Transit,Energy Use by Energy Source (PJ)|Natural Gas,2008,0.494926,PJ,C:\Users\rashi\ESM_databases\canoe-transportation\inputs\cache\nrcan_ceud_transport\2021_tran_on_e_29.xls
nrcan_ceud_transport_provincial,ON,29,Urban Transit,urban_transit_activity,urban_transit,stocks_and_demands,Urban Transit|Energy Use by Energy Source (PJ)|Motor Gasoline,Urban Transit,Energy Use by Energy Source (PJ)|Motor Gasoline,2008,0.019505,PJ,C:\Users\rashi\ESM_databases\canoe-transportation\inputs\cache\nrcan_ceud_transport\2021_tran_on_e_29.xls
nrcan_ceud_transport_provincial,ON,29,Urban Transit,urban_transit_activity,urban_transit,stocks_and_demands,Urban Transit|Energy Use by Energy Source (PJ)|Diesel Fuel Oil,Urban Transit,Energy Use by Energy Source (PJ)|Diesel Fuel Oil,2008,9.038482,PJ,C:\Users\rashi\ESM_databases\canoe-transportation\inputs\cache\nrcan_ceud_transport\2021_tran_on_e_29.xls
nrcan_ceud_transport_provincial,ON,29,Urban Transit,urban_transit_activity,urban_transit,stocks_and_demands,Urban Transit|Energy Use by Energy Source (PJ)|Ethanol,Urban Transit,Energy Use by Energy Source (PJ)|Ethanol,2008,0.000904,PJ,C:\Users\rashi\ESM_databases\canoe-transportation\inputs\cache\nrcan_ceud_transport\2021_tran_on_e_29.xls
nrcan_ceud_transport_provincial,ON,29,Urban Transit,urban_transit_activity,urban_transit,stocks_and_demands,Urban Transit|Energy Use by Energy Source (PJ)|Propane,Urban Transit,Energy Use by Energy Source (PJ)|Propane,2008,0.0,PJ,C:\Users\rashi\ESM_databases\canoe-transportation\inputs\cache\nrcan_ceud_transport\2021_tran_on_e_29.xls
nrcan_ceud_transport_provincial,ON,29,Urban Transit,urban_transit_activity,urban_transit,stocks_and_demands,Urban Transit|Activity|Passenger-kilometres (millions),Urban Transit,Activity|Passenger-kilometres (millions),2008,6208.977738,millions,C:\Users\rashi\ESM_databases\canoe-transportation\inputs\cache\nrcan_ceud_transport\2021_tran_on_e_29.xls
nrcan_ceud_transport_provincial,ON,29,Urban Transit,urban_transit_activity,urban_transit,stocks_and_demands,Urban Transit|Energy Intensity (MJ/Pkm),Urban Transit,Energy Intensity (MJ/Pkm),2008,1.789959,MJ/Pkm,C:\Users\rashi\ESM_databases\canoe-transportation\inputs\cache\nrcan_ceud_transport\2021_tran_on_e_29.xls
nrcan_ceud_transport_provincial,ON,29,Urban Transit,urban_transit_activity,urban_transit,stocks_and_demands,Urban Transit Energy Use (PJ),Urban Transit Energy Use (PJ),Urban Transit Energy Use (PJ),2009,12.038605,PJ,C:\Users\rashi\ESM_databases\canoe-transportation\inputs\cache\nrcan_ceud_transport\2021_tran_on_e_29.xls
nrcan_ceud_transport_provincial,ON,29,Urban Transit,urban_transit_activity,urban_transit,stocks_and_demands,Urban Transit|Energy Use by Energy Source (PJ)|Electricity,Urban Transit,Energy Use by Energy Source (PJ)|Electricity,2009,1.149,PJ,C:\Users\rashi\ESM_databases\canoe-transportation\inputs\cache\nrcan_ceud_transport\2021_tran_on_e_29.xls
nrcan_ceud_transport_provincial,ON,29,Urban Transit,urban_transit_activity,urban_transit,stocks_and_demands,Urban Transit|Energy Use by Energy Source (PJ)|Natural Gas,Urban Transit,Energy Use by Energy Source (PJ)|Natural Gas,2009,0.390816,PJ,C:\Users\rashi\ESM_databases\canoe-transportation\inputs\cache\nrcan_ceud_transport\2021_tran_on_e_29.xls
nrcan_ceud_transport_provincial,ON,29,Urban Transit,urban_transit_activity,urban_transit,stocks_and_demands,Urban Transit|Energy Use by Energy Source (PJ)|Motor Gasoline,Urban Transit,Energy Use by Energy Source (PJ)|Motor Gasoline,2009,0.017649,PJ,C:\Users\rashi\ESM_databases\canoe-transportation\inputs\cache\nrcan_ceud_transport\2021_tran_on_e_29.xls
nrcan_ceud_transport_provincial,ON,29,Urban Transit,urban_transit_activity,urban_transit,stocks_and_demands,Urban Transit|Energy Use by Energy Source (PJ)|Diesel Fuel Oil,Urban Transit,Energy Use by Energy Source (PJ)|Diesel Fuel Oil,2009,10.480349,PJ,C:\Users\rashi\ESM_databases\canoe-transportation\inputs\cache\nrcan_ceud_transport\2021_tran_on_e_29.xls
nrcan_ceud_transport_provincial,ON,29,Urban Transit,urban_transit_activity,urban_transit,stocks_and_demands,Urban Transit|Energy Use by Energy Source (PJ)|Ethanol,Urban Transit,Energy Use by Energy Source (PJ)|Ethanol,2009,0.000791,PJ,C:\Users\rashi\ESM_databases\canoe-transportation\inputs\cache\nrcan_ceud_transport\2021_tran_on_e_29.xls
nrcan_ceud_transport_provincial,ON,29,Urban Transit,urban_transit_activity,urban_transit,stocks_and_demands,Urban Transit|Energy Use by Energy Source (PJ)|Propane,Urban Transit,Energy Use by Energy Source (PJ)|Propane,2009,0.0,PJ,C:\Users\rashi\ESM_databases\canoe-transportation\inputs\cache\nrcan_ceud_transport\2021_tran_on_e_29.xls
nrcan_ceud_transport_provincial,ON,29,Urban Transit,urban_transit_activity,urban_transit,stocks_and_demands,Urban Transit|Activity|Passenger-kilometres (millions),Urban Transit,Activity|Passenger-kilometres (millions),2009,7156.237292,millions,C:\Users\rashi\ESM_databases\canoe-transportation\inputs\cache\nrcan_ceud_transport\2021_tran_on_e_29.xls
nrcan_ceud_transport_provincial,ON,29,Urban Transit,urban_transit_activity,urban_transit,stocks_and_demands,Urban Transit|Energy Intensity (MJ/Pkm),Urban Transit,Energy Intensity (MJ/Pkm),2009,1.682253,MJ/Pkm,C:\Users\rashi\ESM_databases\canoe-transportation\inputs\cache\nrcan_ceud_transport\2021_tran_on_e_29.xls
nrcan_ceud_transport_provincial,ON,29,Urban Transit,urban_transit_activity,urban_transit,stocks_and_demands,Urban Transit Energy Use (PJ),Urban Transit Energy Use (PJ),Urban Transit Energy Use (PJ),2010,13.28627,PJ,C:\Users\rashi\ESM_databases\canoe-transportation\inputs\cache\nrcan_ceud_transport\2021_tran_on_e_29.xls
nrcan_ceud_transport_provincial,ON,29,Urban Transit,urban_transit_activity,urban_transit,stocks_and_demands,Urban Transit|Energy Use by Energy Source (PJ)|Electricity,Urban Transit,Energy Use by Energy Source (PJ)|Electricity,2010,1.171,PJ,C:\Users\rashi\ESM_databases\canoe-transportation\inputs\cache\nrcan_ceud_transport\2021_tran_on_e_29.xls
nrcan_ceud_transport_provincial,ON,29,Urban Transit,urban_transit_activity,urban_transit,stocks_and_demands,Urban Transit|Energy Use by Energy Source (PJ)|Natural Gas,Urban Transit,Energy Use by Energy Source (PJ)|Natural Gas,2010,0.390211,PJ,C:\Users\rashi\ESM_databases\canoe-transportation\inputs\cache\nrcan_ceud_transport\2021_tran_on_e_29.xls
nrcan_ceud_transport_provincial,ON,29,Urban Transit,urban_transit_activity,urban_transit,stocks_and_demands,Urban Transit|Energy Use by Energy Source (PJ)|Motor Gasoline,Urban Transit,Energy Use by Energy Source (PJ)|Motor Gasoline,2010,0.020491,PJ,C:\Users\rashi\ESM_databases\canoe-transportation\inputs\cache\nrcan_ceud_transport\2021_tran_on_e_29.xls
nrcan_ceud_transport_provincial,ON,29,Urban Transit,urban_transit_activity,urban_transit,stocks_and_demands,Urban Transit|Energy Use by Energy Source (PJ)|Diesel Fuel Oil,Urban Transit,Energy Use by Energy Source (PJ)|Diesel Fuel Oil,2010,11.703589,PJ,C:\Users\rashi\ESM_databases\canoe-transportation\inputs\cache\nrcan_ceud_transport\2021_tran_on_e_29.xls
nrcan_ceud_transport_provincial,ON,29,Urban Transit,urban_transit_activity,urban_transit,stocks_and_demands,Urban Transit|Energy Use by Energy Source (PJ)|Ethanol,Urban Transit,Energy Use by Energy Source (PJ)|Ethanol,2010,0.00098,PJ,C:\Users\rashi\ESM_databases\canoe-transportation\inputs\cache\nrcan_ceud_transport\2021_tran_on_e_29.xls
nrcan_ceud_transport_provincial,ON,29,Urban Transit,urban_transit_activity,urban_transit,stocks_and_demands,Urban Transit|Energy Use by Energy Source (PJ)|Propane,Urban Transit,Energy Use by Energy Source (PJ)|Propane,2010,0.0,PJ,C:\Users\rashi\ESM_databases\canoe-transportation\inputs\cache\nrcan_ceud_transport\2021_tran_on_e_29.xls
nrcan_ceud_transport_provincial,ON,29,Urban Transit,urban_transit_activity,urban_transit,stocks_and_demands,Urban Transit|Activity|Passenger-kilometres (millions),Urban Transit,Activity|Passenger-kilometres (millions),2010,7991.516302,millions,C:\Users\rashi\ESM_databases\canoe-transportation\inputs\cache\nrcan_ceud_transport\2021_tran_on_e_29.xls
nrcan_ceud_transport_provincial,ON,29,Urban Transit,urban_transit_activity,urban_transit,stocks_and_demands,Urban Transit|Energy Intensity (MJ/Pkm),Urban Transit,Energy Intensity (MJ/Pkm),2010,1.662547,MJ/Pkm,C:\Users\rashi\ESM_databases\canoe-transportation\inputs\cache\nrcan_ceud_transport\2021_tran_on_e_29.xls
nrcan_ceud_transport_provincial,ON,29,Urban Transit,urban_transit_activity,urban_transit,stocks_and_demands,Urban Transit Energy Use (PJ),Urban Transit Energy Use (PJ),Urban Transit Energy Use (PJ),2011,14.083425,PJ,C:\Users\rashi\ESM_databases\canoe-transportation\inputs\cache\nrcan_ceud_transport\2021_tran_on_e_29.xls
nrcan_ceud_transport_provincial,ON,29,Urban Transit,urban_transit_activity,urban_transit,stocks_and_demands,Urban Transit|Energy Use by Energy Source (PJ)|Electricity,Urban Transit,Energy Use by Energy Source (PJ)|Electricity,2011,1.184,PJ,C:\Users\rashi\ESM_databases\canoe-transportation\inputs\cache\nrcan_ceud_transport\2021_tran_on_e_29.xls
nrcan_ceud_transport_provincial,ON,29,Urban Transit,urban_transit_activity,urban_transit,stocks_and_demands,Urban Transit|Energy Use by Energy Source (PJ)|Natural Gas,Urban Transit,Energy Use by Energy Source (PJ)|Natural Gas,2011,0.140793,PJ,C:\Users\rashi\ESM_databases\canoe-transportation\inputs\cache\nrcan_ceud_transport\2021_tran_on_e_29.xls
nrcan_ceud_transport_provincial,ON,29,Urban Transit,urban_transit_activity,urban_transit,stocks_and_demands,Urban Transit|Energy Use by Energy Source (PJ)|Motor Gasoline,Urban Transit,Energy Use by Energy Source (PJ)|Motor Gasoline,2011,0.025127,PJ,C:\Users\rashi\ESM_databases\canoe-transportation\inputs\cache\nrcan_ceud_transport\2021_tran_on_e_29.xls
nrcan_ceud_transport_provincial,ON,29,Urban Transit,urban_transit_activity,urban_transit,stocks_and_demands,Urban Transit|Energy Use by Energy Source (PJ)|Diesel Fuel Oil,Urban Transit,Energy Use by Energy Source (PJ)|Diesel Fuel Oil,2011,12.732118,PJ,C:\Users\rashi\ESM_databases\canoe-transportation\inputs\cache\nrcan_ceud_transport\2021_tran_on_e_29.xls
nrcan_ceud_transport_provincial,ON,29,Urban Transit,urban_transit_activity,urban_transit,stocks_and_demands,Urban Transit|Energy Use by Energy Source (PJ)|Ethanol,Urban Transit,Energy Use by Energy Source (PJ)|Ethanol,2011,0.001386,PJ,C:\Users\rashi\ESM_databases\canoe-transportation\inputs\cache\nrcan_ceud_transport\2021_tran_on_e_29.xls
nrcan_ceud_transport_provincial,ON,29,Urban Transit,urban_transit_activity,urban_transit,stocks_and_demands,Urban Transit|Energy Use by Energy Source (PJ)|Propane,Urban Transit,Energy Use by Energy Source (PJ)|Propane,2011,0.0,PJ,C:\Users\rashi\ESM_databases\canoe-transportation\inputs\cache\nrcan_ceud_transport\2021_tran_on_e_29.xls
nrcan_ceud_transport_provincial,ON,29,Urban Transit,urban_transit_activity,urban_transit,stocks_and_demands,Urban Transit|Activity|Passenger-kilometres (millions),Urban Transit,Activity|Passenger-kilometres (millions),2011,9154.112814,millions,C:\Users\rashi\ESM_databases\canoe-transportation\inputs\cache\nrcan_ceud_transport\2021_tran_on_e_29.xls
nrcan_ceud_transport_provincial,ON,29,Urban Transit,urban_transit_activity,urban_transit,stocks_and_demands,Urban Transit|Energy Intensity (MJ/Pkm),Urban Transit,Energy Intensity (MJ/Pkm),2011,1.538481,MJ/Pkm,C:\Users\rashi\ESM_databases\canoe-transportation\inputs\cache\nrcan_ceud_transport\2021_tran_on_e_29.xls
nrcan_ceud_transport_provincial,ON,29,Urban Transit,urban_transit_activity,urban_transit,stocks_and_demands,Urban Transit Energy Use (PJ),Urban Transit Energy Use (PJ),Urban Transit Energy Use (PJ),2012,13.356555,PJ,C:\Users\rashi\ESM_databases\canoe-transportation\inputs\cache\nrcan_ceud_transport\2021_tran_on_e_29.xls
nrcan_ceud_transport_provincial,ON,29,Urban Transit,urban_transit_activity,urban_transit,stocks_and_demands,Urban Transit|Energy Use by Energy Source (PJ)|Electricity,Urban Transit,Energy Use by Energy Source (PJ)|Electricity,2012,1.144,PJ,C:\Users\rashi\ESM_databases\canoe-transportation\inputs\cache\nrcan_ceud_transport\2021_tran_on_e_29.xls
nrcan_ceud_transport_provincial,ON,29,Urban Transit,urban_transit_activity,urban_transit,stocks_and_demands,Urban Transit|Energy Use by Energy Source (PJ)|Natural Gas,Urban Transit,Energy Use by Energy Source (PJ)|Natural Gas,2012,0.224402,PJ,C:\Users\rashi\ESM_databases\canoe-transportation\inputs\cache\nrcan_ceud_transport\2021_tran_on_e_29.xls
nrcan_ceud_transport_provincial,ON,29,Urban Transit,urban_transit_activity,urban_transit,stocks_and_demands,Urban Transit|Energy Use by Energy Source (PJ)|Motor Gasoline,Urban Transit,Energy Use by Energy Source (PJ)|Motor Gasoline,2012,0.019821,PJ,C:\Users\rashi\ESM_databases\canoe-transportation\inputs\cache\nrcan_ceud_transport\2021_tran_on_e_29.xls
nrcan_ceud_transport_provincial,ON,29,Urban Transit,urban_transit_activity,urban_transit,stocks_and_demands,Urban Transit|Energy Use by Energy Source (PJ)|Diesel Fuel Oil,Urban Transit,Energy Use by Energy Source (PJ)|Diesel Fuel Oil,2012,11.967146,PJ,C:\Users\rashi\ESM_databases\canoe-transportation\inputs\cache\nrcan_ceud_transport\2021_tran_on_e_29.xls
nrcan_ceud_transport_provincial,ON,29,Urban Transit,urban_transit_activity,urban_transit,stocks_and_demands,Urban Transit|Energy Use by Energy Source (PJ)|Ethanol,Urban Transit,Energy Use by Energy Source (PJ)|Ethanol,2012,0.001187,PJ,C:\Users\rashi\ESM_databases\canoe-transportation\inputs\cache\nrcan_ceud_transport\2021_tran_on_e_29.xls
nrcan_ceud_transport_provincial,ON,29,Urban Transit,urban_transit_activity,urban_transit,stocks_and_demands,Urban Transit|Energy Use by Energy Source (PJ)|Propane,Urban Transit,Energy Use by Energy Source (PJ)|Propane,2012,0.0,PJ,C:\Users\rashi\ESM_databases\canoe-transportation\inputs\cache\nrcan_ceud_transport\2021_tran_on_e_29.xls
nrcan_ceud_transport_provincial,ON,29,Urban Transit,urban_transit_activity,urban_transit,stocks_and_demands,Urban Transit|Activity|Passenger-kilometres (millions),Urban Transit,Activity|Passenger-kilometres (millions),2012,8916.428168,millions,C:\Users\rashi\ESM_databases\canoe-transportation\inputs\cache\nrcan_ceud_transport\2021_tran_on_e_29.xls
nrcan_ceud_transport_provincial,ON,29,Urban Transit,urban_transit_activity,urban_transit,stocks_and_demands,Urban Transit|Energy Intensity (MJ/Pkm),Urban Transit,Energy Intensity (MJ/Pkm),2012,1.497972,MJ/Pkm,C:\Users\rashi\ESM_databases\canoe-transportation\inputs\cache\nrcan_ceud_transport\2021_tran_on_e_29.xls
nrcan_ceud_transport_provincial,ON,29,Urban Transit,urban_transit_activity,urban_transit,stocks_and_demands,Urban Transit Energy Use (PJ),Urban Transit Energy Use (PJ),Urban Transit Energy Use (PJ),2013,14.081361,PJ,C:\Users\rashi\ESM_databases\canoe-transportation\inputs\cache\nrcan_ceud_transport\2021_tran_on_e_29.xls
nrcan_ceud_transport_provincial,ON,29,Urban Transit,urban_transit_activity,urban_transit,stocks_and_demands,Urban Transit|Energy Use by Energy Source (PJ)|Electricity,Urban Transit,Energy Use by Energy Source (PJ)|Electricity,2013,1.177,PJ,C:\Users\rashi\ESM_databases\canoe-transportation\inputs\cache\nrcan_ceud_transport\2021_tran_on_e_29.xls
nrcan_ceud_transport_provincial,ON,29,Urban Transit,urban_transit_activity,urban_transit,stocks_and_demands,Urban Transit|Energy Use by Energy Source (PJ)|Natural Gas,Urban Transit,Energy Use by Energy Source (PJ)|Natural Gas,2013,0.193777,PJ,C:\Users\rashi\ESM_databases\canoe-transportation\inputs\cache\nrcan_ceud_transport\2021_tran_on_e_29.xls
nrcan_ceud_transport_provincial,ON,29,Urban Transit,urban_transit_activity,urban_transit,stocks_and_demands,Urban Transit|Energy Use by Energy Source (PJ)|Motor Gasoline,Urban Transit,Energy Use by Energy Source (PJ)|Motor Gasoline,2013,0.06678,PJ,C:\Users\rashi\ESM_databases\canoe-transportation\inputs\cache\nrcan_ceud_transport\2021_tran_on_e_29.xls
nrcan_ceud_transport_provincial,ON,29,Urban Transit,urban_transit_activity,urban_transit,stocks_and_demands,Urban Transit|Energy Use by Energy Source (PJ)|Diesel Fuel Oil,Urban Transit,Energy Use by Energy Source (PJ)|Diesel Fuel Oil,2013,12.640002,PJ,C:\Users\rashi\ESM_databases\canoe-transportation\inputs\cache\nrcan_ceud_transport\2021_tran_on_e_29.xls
nrcan_ceud_transport_provincial,ON,29,Urban Transit,urban_transit_activity,urban_transit,stocks_and_demands,Urban Transit|Energy Use by Energy Source (PJ)|Ethanol,Urban Transit,Energy Use by Energy Source (PJ)|Ethanol,2013,0.003802,PJ,C:\Users\rashi\ESM_databases\canoe-transportation\inputs\cache\nrcan_ceud_transport\2021_tran_on_e_29.xls
nrcan_ceud_transport_provincial,ON,29,Urban Transit,urban_transit_activity,urban_transit,stocks_and_demands,Urban Transit|Energy Use by Energy Source (PJ)|Propane,Urban Transit,Energy Use by Energy Source (PJ)|Propane,2013,0.0,PJ,C:\Users\rashi\ESM_databases\canoe-transportation\inputs\cache\nrcan_ceud_transport\2021_tran_on_e_29.xls
nrcan_ceud_transport_provincial,ON,29,Urban Transit,urban_transit_activity,urban_transit,stocks_and_demands,Urban Transit|Activity|Passenger-kilometres (millions),Urban Transit,Activity|Passenger-kilometres (millions),2013,8436.096904,millions,C:\Users\rashi\ESM_databases\canoe-transportation\inputs\cache\nrcan_ceud_transport\2021_tran_on_e_29.xls
nrcan_ceud_transport_provincial,ON,29,Urban Transit,urban_transit_activity,urban_transit,stocks_and_demands,Urban Transit|Energy Intensity (MJ/Pkm),Urban Transit,Energy Intensity (MJ/Pkm),2013,1.66918,MJ/Pkm,C:\Users\rashi\ESM_databases\canoe-transportation\inputs\cache\nrcan_ceud_transport\2021_tran_on_e_29.xls
nrcan_ceud_transport_provincial,ON,29,Urban Transit,urban_transit_activity,urban_transit,stocks_and_demands,Urban Transit Energy Use (PJ),Urban Transit Energy Use (PJ),Urban Transit Energy Use (PJ),2014,13.017598,PJ,C:\Users\rashi\ESM_databases\canoe-transportation\inputs\cache\nrcan_ceud_transport\2021_tran_on_e_29.xls
nrcan_ceud_transport_provincial,ON,29,Urban Transit,urban_transit_activity,urban_transit,stocks_and_demands,Urban Transit|Energy Use by Energy Source (PJ)|Electricity,Urban Transit,Energy Use by Energy Source (PJ)|Electricity,2014,1.474,PJ,C:\Users\rashi\ESM_databases\canoe-transportation\inputs\cache\nrcan_ceud_transport\2021_tran_on_e_29.xls
nrcan_ceud_transport_provincial,ON,29,Urban Transit,urban_transit_activity,urban_transit,stocks_and_demands,Urban Transit|Energy Use by Energy Source (PJ)|Natural Gas,Urban Transit,Energy Use by Energy Source (PJ)|Natural Gas,2014,0.309181,PJ,C:\Users\rashi\ESM_databases\canoe-transportation\inputs\cache\nrcan_ceud_transport\2021_tran_on_e_29.xls
nrcan_ceud_transport_provincial,ON,29,Urban Transit,urban_transit_activity,urban_transit,stocks_and_demands,Urban Transit|Energy Use by Energy Source (PJ)|Motor Gasoline,Urban Transit,Energy Use by Energy Source (PJ)|Motor Gasoline,2014,0.075557,PJ,C:\Users\rashi\ESM_databases\canoe-transportation\inputs\cache\nrcan_ceud_transport\2021_tran_on_e_29.xls
nrcan_ceud_transport_provincial,ON,29,Urban Transit,urban_transit_activity,urban_transit,stocks_and_demands,Urban Transit|Energy Use by Energy Source (PJ)|Diesel Fuel Oil,Urban Transit,Energy Use by Energy Source (PJ)|Diesel Fuel Oil,2014,11.154265,PJ,C:\Users\rashi\ESM_databases\canoe-transportation\inputs\cache\nrcan_ceud_transport\2021_tran_on_e_29.xls
nrcan_ceud_transport_provincial,ON,29,Urban Transit,urban_transit_activity,urban_transit,stocks_and_demands,Urban Transit|Energy Use by Energy Source (PJ)|Ethanol,Urban Transit,Energy Use by Energy Source (PJ)|Ethanol,2014,0.004595,PJ,C:\Users\rashi\ESM_databases\canoe-transportation\inputs\cache\nrcan_ceud_transport\2021_tran_on_e_29.xls
nrcan_ceud_transport_provincial,ON,29,Urban Transit,urban_transit_activity,urban_transit,stocks_and_demands,Urban Transit|Energy Use by Energy Source (PJ)|Propane,Urban Transit,Energy Use by Energy Source (PJ)|Propane,2014,0.0,PJ,C:\Users\rashi\ESM_databases\canoe-transportation\inputs\cache\nrcan_ceud_transport\2021_tran_on_e_29.xls
nrcan_ceud_transport_provincial,ON,29,Urban Transit,urban_transit_activity,urban_transit,stocks_and_demands,Urban Transit|Activity|Passenger-kilometres (millions),Urban Transit,Activity|Passenger-kilometres (millions),2014,7791.953419,millions,C:\Users\rashi\ESM_databases\canoe-transportation\inputs\cache\nrcan_ceud_transport\2021_tran_on_e_29.xls
nrcan_ceud_transport_provincial,ON,29,Urban Transit,urban_transit_activity,urban_transit,stocks_and_demands,Urban Transit|Energy Intensity (MJ/Pkm),Urban Transit,Energy Intensity (MJ/Pkm),2014,1.670646,MJ/Pkm,C:\Users\rashi\ESM_databases\canoe-transportation\inputs\cache\nrcan_ceud_transport\2021_tran_on_e_29.xls
nrcan_ceud_transport_provincial,ON,29,Urban Transit,urban_transit_activity,urban_transit,stocks_and_demands,Urban Transit Energy Use (PJ),Urban Transit Energy Use (PJ),Urban Transit Energy Use (PJ),2015,13.027348,PJ,C:\Users\rashi\ESM_databases\canoe-transportation\inputs\cache\nrcan_ceud_transport\2021_tran_on_e_29.xls
nrcan_ceud_transport_provincial,ON,29,Urban Transit,urban_transit_activity,urban_transit,stocks_and_demands,Urban Transit|Energy Use by Energy Source (PJ)|Electricity,Urban Transit,Energy Use by Energy Source (PJ)|Electricity,2015,1.527,PJ,C:\Users\rashi\ESM_databases\canoe-transportation\inputs\cache\nrcan_ceud_transport\2021_tran_on_e_29.xls
nrcan_ceud_transport_provincial,ON,29,Urban Transit,urban_transit_activity,urban_transit,stocks_and_demands,Urban Transit|Energy Use by Energy Source (PJ)|Natural Gas,Urban Transit,Energy Use by Energy Source (PJ)|Natural Gas,2015,0.285787,PJ,C:\Users\rashi\ESM_databases\canoe-transportation\inputs\cache\nrcan_ceud_transport\2021_tran_on_e_29.xls
nrcan_ceud_transport_provincial,ON,29,Urban Transit,urban_transit_activity,urban_transit,stocks_and_demands,Urban Transit|Energy Use by Energy Source (PJ)|Motor Gasoline,Urban Transit,Energy Use by Energy Source (PJ)|Motor Gasoline,2015,0.091785,PJ,C:\Users\rashi\ESM_databases\canoe-transportation\inputs\cache\nrcan_ceud_transport\2021_tran_on_e_29.xls
nrcan_ceud_transport_provincial,ON,29,Urban Transit,urban_transit_activity,urban_transit,stocks_and_demands,Urban Transit|Energy Use by Energy Source (PJ)|Diesel Fuel Oil,Urban Transit,Energy Use by Energy Source (PJ)|Diesel Fuel Oil,2015,11.122775,PJ,C:\Users\rashi\ESM_databases\canoe-transportation\inputs\cache\nrcan_ceud_transport\2021_tran_on_e_29.xls
nrcan_ceud_transport_provincial,ON,29,Urban Transit,urban_transit_activity,urban_transit,stocks_and_demands,Urban Transit|Energy Use by Energy Source (PJ)|Propane,Urban Transit,Energy Use by Energy Source (PJ)|Propane,2015,0.0,PJ,C:\Users\rashi\ESM_databases\canoe-transportation\inputs\cache\nrcan_ceud_transport\2021_tran_on_e_29.xls
nrcan_ceud_transport_provincial,ON,29,Urban Transit,urban_transit_activity,urban_transit,stocks_and_demands,Urban Transit|Activity|Passenger-kilometres (millions),Urban Transit,Activity|Passenger-kilometres (millions),2015,7782.136609,millions,C:\Users\rashi\ESM_databases\canoe-transportation\inputs\cache\nrcan_ceud_transport\2021_tran_on_e_29.xls
nrcan_ceud_transport_provincial,ON,29,Urban Transit,urban_transit_activity,urban_transit,stocks_and_demands,Urban Transit|Energy Intensity (MJ/Pkm),Urban Transit,Energy Intensity (MJ/Pkm),2015,1.674007,MJ/Pkm,C:\Users\rashi\ESM_databases\canoe-transportation\inputs\cache\nrcan_ceud_transport\2021_tran_on_e_29.xls
nrcan_ceud_transport_provincial,ON,29,Urban Transit,urban_transit_activity,urban_transit,stocks_and_demands,Urban Transit Energy Use (PJ),Urban Transit Energy Use (PJ),Urban Transit Energy Use (PJ),2016,11.052968,PJ,C:\Users\rashi\ESM_databases\canoe-transportation\inputs\cache\nrcan_ceud_transport\2021_tran_on_e_29.xls
nrcan_ceud_transport_provincial,ON,29,Urban Transit,urban_transit_activity,urban_transit,stocks_and_demands,Urban Transit|Energy Use by Energy Source (PJ)|Electricity,Urban Transit,Energy Use by Energy Source (PJ)|Electricity,2016,1.541,PJ,C:\Users\rashi\ESM_databases\canoe-transportation\inputs\cache\nrcan_ceud_transport\2021_tran_on_e_29.xls
nrcan_ceud_transport_provincial,ON,29,Urban Transit,urban_transit_activity,urban_transit,stocks_and_demands,Urban Transit|Energy Use by Energy Source (PJ)|Natural Gas,Urban Transit,Energy Use by Energy Source (PJ)|Natural Gas,2016,0.254666,PJ,C:\Users\rashi\ESM_databases\canoe-transportation\inputs\cache\nrcan_ceud_transport\2021_tran_on_e_29.xls
nrcan_ceud_transport_provincial,ON,29,Urban Transit,urban_transit_activity,urban_transit,stocks_and_demands,Urban Transit|Energy Use by Energy Source (PJ)|Motor Gasoline,Urban Transit,Energy Use by Energy Source (PJ)|Motor Gasoline,2016,0.113649,PJ,C:\Users\rashi\ESM_databases\canoe-transportation\inputs\cache\nrcan_ceud_transport\2021_tran_on_e_29.xls
nrcan_ceud_transport_provincial,ON,29,Urban Transit,urban_transit_activity,urban_transit,stocks_and_demands,Urban Transit|Energy Use by Energy Source (PJ)|Diesel Fuel Oil,Urban Transit,Energy Use by Energy Source (PJ)|Diesel Fuel Oil,2016,9.143654,PJ,C:\Users\rashi\ESM_databases\canoe-transportation\inputs\cache\nrcan_ceud_transport\2021_tran_on_e_29.xls
nrcan_ceud_transport_provincial,ON,29,Urban Transit,urban_transit_activity,urban_transit,stocks_and_demands,Urban Transit|Energy Use by Energy Source (PJ)|Propane,Urban Transit,Energy Use by Energy Source (PJ)|Propane,2016,0.0,PJ,C:\Users\rashi\ESM_databases\canoe-transportation\inputs\cache\nrcan_ceud_transport\2021_tran_on_e_29.xls
nrcan_ceud_transport_provincial,ON,29,Urban Transit,urban_transit_activity,urban_transit,stocks_and_demands,Urban Transit|Activity|Passenger-kilometres (millions),Urban Transit,Activity|Passenger-kilometres (millions),2016,5965.923943,millions,C:\Users\rashi\ESM_databases\canoe-transportation\inputs\cache\nrcan_ceud_transport\2021_tran_on_e_29.xls
nrcan_ceud_transport_provincial,ON,29,Urban Transit,urban_transit_activity,urban_transit,stocks_and_demands,Urban Transit|Energy Intensity (MJ/Pkm),Urban Transit,Energy Intensity (MJ/Pkm),2016,1.852683,MJ/Pkm,C:\Users\rashi\ESM_databases\canoe-transportation\inputs\cache\nrcan_ceud_transport\2021_tran_on_e_29.xls
nrcan_ceud_transport_provincial,ON,29,Urban Transit,urban_transit_activity,urban_transit,stocks_and_demands,Urban Transit Energy Use (PJ),Urban Transit Energy Use (PJ),Urban Transit Energy Use (PJ),2017,12.107069,PJ,C:\Users\rashi\ESM_databases\canoe-transportation\inputs\cache\nrcan_ceud_transport\2021_tran_on_e_29.xls
nrcan_ceud_transport_provincial,ON,29,Urban Transit,urban_transit_activity,urban_transit,stocks_and_demands,Urban Transit|Energy Use by Energy Source (PJ)|Electricity,Urban Transit,Energy Use by Energy Source (PJ)|Electricity,2017,1.504,PJ,C:\Users\rashi\ESM_databases\canoe-transportation\inputs\cache\nrcan_ceud_transport\2021_tran_on_e_29.xls
nrcan_ceud_transport_provincial,ON,29,Urban Transit,urban_transit_activity,urban_transit,stocks_and_demands,Urban Transit|Energy Use by Energy Source (PJ)|Natural Gas,Urban Transit,Energy Use by Energy Source (PJ)|Natural Gas,2017,0.274635,PJ,C:\Users\rashi\ESM_databases\canoe-transportation\inputs\cache\nrcan_ceud_transport\2021_tran_on_e_29.xls
nrcan_ceud_transport_provincial,ON,29,Urban Transit,urban_transit_activity,urban_transit,stocks_and_demands,Urban Transit|Energy Use by Energy Source (PJ)|Motor Gasoline,Urban Transit,Energy Use by Energy Source (PJ)|Motor Gasoline,2017,0.176888,PJ,C:\Users\rashi\ESM_databases\canoe-transportation\inputs\cache\nrcan_ceud_transport\2021_tran_on_e_29.xls
nrcan_ceud_transport_provincial,ON,29,Urban Transit,urban_transit_activity,urban_transit,stocks_and_demands,Urban Transit|Energy Use by Energy Source (PJ)|Diesel Fuel Oil,Urban Transit,Energy Use by Energy Source (PJ)|Diesel Fuel Oil,2017,10.151546,PJ,C:\Users\rashi\ESM_databases\canoe-transportation\inputs\cache\nrcan_ceud_transport\2021_tran_on_e_29.xls
nrcan_ceud_transport_provincial,ON,29,Urban Transit,urban_transit_activity,urban_transit,stocks_and_demands,Urban Transit|Energy Use by Energy Source (PJ)|Propane,Urban Transit,Energy Use by Energy Source (PJ)|Propane,2017,0.0,PJ,C:\Users\rashi\ESM_databases\canoe-transportation\inputs\cache\nrcan_ceud_transport\2021_tran_on_e_29.xls
nrcan_ceud_transport_provincial,ON,29,Urban Transit,urban_transit_activity,urban_transit,stocks_and_demands,Urban Transit|Activity|Passenger-kilometres (millions),Urban Transit,Activity|Passenger-kilometres (millions),2017,7320.692704,millions,C:\Users\rashi\ESM_databases\canoe-transportation\inputs\cache\nrcan_ceud_transport\2021_tran_on_e_29.xls
nrcan_ceud_transport_provincial,ON,29,Urban Transit,urban_transit_activity,urban_transit,stocks_and_demands,Urban Transit|Energy Intensity (MJ/Pkm),Urban Transit,Energy Intensity (MJ/Pkm),2017,1.653815,MJ/Pkm,C:\Users\rashi\ESM_databases\canoe-transportation\inputs\cache\nrcan_ceud_transport\2021_tran_on_e_29.xls
nrcan_ceud_transport_provincial,ON,29,Urban Transit,urban_transit_activity,urban_transit,stocks_and_demands,Urban Transit Energy Use (PJ),Urban Transit Energy Use (PJ),Urban Transit Energy Use (PJ),2018,12.689468,PJ,C:\Users\rashi\ESM_databases\canoe-transportation\inputs\cache\nrcan_ceud_transport\2021_tran_on_e_29.xls
nrcan_ceud_transport_provincial,ON,29,Urban Transit,urban_transit_activity,urban_transit,stocks_and_demands,Urban Transit|Energy Use by Energy Source (PJ)|Electricity,Urban Transit,Energy Use by Energy Source (PJ)|Electricity,2018,1.506,PJ,C:\Users\rashi\ESM_databases\canoe-transportation\inputs\cache\nrcan_ceud_transport\2021_tran_on_e_29.xls
nrcan_ceud_transport_provincial,ON,29,Urban Transit,urban_transit_activity,urban_transit,stocks_and_demands,Urban Transit|Energy Use by Energy Source (PJ)|Natural Gas,Urban Transit,Energy Use by Energy Source (PJ)|Natural Gas,2018,0.324818,PJ,C:\Users\rashi\ESM_databases\canoe-transportation\inputs\cache\nrcan_ceud_transport\2021_tran_on_e_29.xls
nrcan_ceud_transport_provincial,ON,29,Urban Transit,urban_transit_activity,urban_transit,stocks_and_demands,Urban Transit|Energy Use by Energy Source (PJ)|Motor Gasoline,Urban Transit,Energy Use by Energy Source (PJ)|Motor Gasoline,2018,0.218005,PJ,C:\Users\rashi\ESM_databases\canoe-transportation\inputs\cache\nrcan_ceud_transport\2021_tran_on_e_29.xls
nrcan_ceud_transport_provincial,ON,29,Urban Transit,urban_transit_activity,urban_transit,stocks_and_demands,Urban Transit|Energy Use by Energy Source (PJ)|Diesel Fuel Oil,Urban Transit,Energy Use by Energy Source (PJ)|Diesel Fuel Oil,2018,10.640645,PJ,C:\Users\rashi\ESM_databases\canoe-transportation\inputs\cache\nrcan_ceud_transport\2021_tran_on_e_29.xls
nrcan_ceud_transport_provincial,ON,29,Urban Transit,urban_transit_activity,urban_transit,stocks_and_demands,Urban Transit|Energy Use by Energy Source (PJ)|Propane,Urban Transit,Energy Use by Energy Source (PJ)|Propane,2018,0.0,PJ,C:\Users\rashi\ESM_databases\canoe-transportation\inputs\cache\nrcan_ceud_transport\2021_tran_on_e_29.xls
nrcan_ceud_transport_provincial,ON,29,Urban Transit,urban_transit_activity,urban_transit,stocks_and_demands,Urban Transit|Activity|Passenger-kilometres (millions),Urban Transit,Activity|Passenger-kilometres (millions),2018,7314.008888,millions,C:\Users\rashi\ESM_databases\canoe-transportation\inputs\cache\nrcan_ceud_transport\2021_tran_on_e_29.xls
nrcan_ceud_transport_provincial,ON,29,Urban Transit,urban_transit_activity,urban_transit,stocks_and_demands,Urban Transit|Energy Intensity (MJ/Pkm),Urban Transit,Energy Intensity (MJ/Pkm),2018,1.734954,MJ/Pkm,C:\Users\rashi\ESM_databases\canoe-transportation\inputs\cache\nrcan_ceud_transport\2021_tran_on_e_29.xls
nrcan_ceud_transport_provincial,ON,29,Urban Transit,urban_transit_activity,urban_transit,stocks_and_demands,Urban Transit Energy Use (PJ),Urban Transit Energy Use (PJ),Urban Transit Energy Use (PJ),2019,12.853429,PJ,C:\Users\rashi\ESM_databases\canoe-transportation\inputs\cache\nrcan_ceud_transport\2021_tran_on_e_29.xls
nrcan_ceud_transport_provincial,ON,29,Urban Transit,urban_transit_activity,urban_transit,stocks_and_demands,Urban Transit|Energy Use by Energy Source (PJ)|Electricity,Urban Transit,Energy Use by Energy Source (PJ)|Electricity,2019,1.521,PJ,C:\Users\rashi\ESM_databases\canoe-transportation\inputs\cache\nrcan_ceud_transport\2021_tran_on_e_29.xls
nrcan_ceud_transport_provincial,ON,29,Urban Transit,urban_transit_activity,urban_transit,stocks_and_demands,Urban Transit|Energy Use by Energy Source (PJ)|Natural Gas,Urban Transit,Energy Use by Energy Source (PJ)|Natural Gas,2019,0.305597,PJ,C:\Users\rashi\ESM_databases\canoe-transportation\inputs\cache\nrcan_ceud_transport\2021_tran_on_e_29.xls
nrcan_ceud_transport_provincial,ON,29,Urban Transit,urban_transit_activity,urban_transit,stocks_and_demands,Urban Transit|Energy Use by Energy Source (PJ)|Motor Gasoline,Urban Transit,Energy Use by Energy Source (PJ)|Motor Gasoline,2019,0.242925,PJ,C:\Users\rashi\ESM_databases\canoe-transportation\inputs\cache\nrcan_ceud_transport\2021_tran_on_e_29.xls
nrcan_ceud_transport_provincial,ON,29,Urban Transit,urban_transit_activity,urban_transit,stocks_and_demands,Urban Transit|Energy Use by Energy Source (PJ)|Diesel Fuel Oil,Urban Transit,Energy Use by Energy Source (PJ)|Diesel Fuel Oil,2019,10.783907,PJ,C:\Users\rashi\ESM_databases\canoe-transportation\inputs\cache\nrcan_ceud_transport\2021_tran_on_e_29.xls
nrcan_ceud_transport_provincial,ON,29,Urban Transit,urban_transit_activity,urban_transit,stocks_and_demands,Urban Transit|Energy Use by Energy Source (PJ)|Propane,Urban Transit,Energy Use by Energy Source (PJ)|Propane,2019,0.0,PJ,C:\Users\rashi\ESM_databases\canoe-transportation\inputs\cache\nrcan_ceud_transport\2021_tran_on_e_29.xls
nrcan_ceud_transport_provincial,ON,29,Urban Transit,urban_transit_activity,urban_transit,stocks_and_demands,Urban Transit|Activity|Passenger-kilometres (millions),Urban Transit,Activity|Passenger-kilometres (millions),2019,7441.138595,millions,C:\Users\rashi\ESM_databases\canoe-transportation\inputs\cache\nrcan_ceud_transport\2021_tran_on_e_29.xls
nrcan_ceud_transport_provincial,ON,29,Urban Transit,urban_transit_activity,urban_transit,stocks_and_demands,Urban Transit|Energy Intensity (MJ/Pkm),Urban Transit,Energy Intensity (MJ/Pkm),2019,1.727347,MJ/Pkm,C:\Users\rashi\ESM_databases\canoe-transportation\inputs\cache\nrcan_ceud_transport\2021_tran_on_e_29.xls
nrcan_ceud_transport_provincial,ON,29,Urban Transit,urban_transit_activity,urban_transit,stocks_and_demands,Urban Transit Energy Use (PJ),Urban Transit Energy Use (PJ),Urban Transit Energy Use (PJ),2020,7.92479,PJ,C:\Users\rashi\ESM_databases\canoe-transportation\inputs\cache\nrcan_ceud_transport\2021_tran_on_e_29.xls
nrcan_ceud_transport_provincial,ON,29,Urban Transit,urban_transit_activity,urban_transit,stocks_and_demands,Urban Transit|Energy Use by Energy Source (PJ)|Electricity,Urban Transit,Energy Use by Energy Source (PJ)|Electricity,2020,1.477,PJ,C:\Users\rashi\ESM_databases\canoe-transportation\inputs\cache\nrcan_ceud_transport\2021_tran_on_e_29.xls
nrcan_ceud_transport_provincial,ON,29,Urban Transit,urban_transit_activity,urban_transit,stocks_and_demands,Urban Transit|Energy Use by Energy Source (PJ)|Natural Gas,Urban Transit,Energy Use by Energy Source (PJ)|Natural Gas,2020,0.220044,PJ,C:\Users\rashi\ESM_databases\canoe-transportation\inputs\cache\nrcan_ceud_transport\2021_tran_on_e_29.xls
nrcan_ceud_transport_provincial,ON,29,Urban Transit,urban_transit_activity,urban_transit,stocks_and_demands,Urban Transit|Energy Use by Energy Source (PJ)|Motor Gasoline,Urban Transit,Energy Use by Energy Source (PJ)|Motor Gasoline,2020,0.158549,PJ,C:\Users\rashi\ESM_databases\canoe-transportation\inputs\cache\nrcan_ceud_transport\2021_tran_on_e_29.xls
nrcan_ceud_transport_provincial,ON,29,Urban Transit,urban_transit_activity,urban_transit,stocks_and_demands,Urban Transit|Energy Use by Energy Source (PJ)|Diesel Fuel Oil,Urban Transit,Energy Use by Energy Source (PJ)|Diesel Fuel Oil,2020,6.069198,PJ,C:\Users\rashi\ESM_databases\canoe-transportation\inputs\cache\nrcan_ceud_transport\2021_tran_on_e_29.xls
nrcan_ceud_transport_provincial,ON,29,Urban Transit,urban_transit_activity,urban_transit,stocks_and_demands,Urban Transit|Energy Use by Energy Source (PJ)|Propane,Urban Transit,Energy Use by Energy Source (PJ)|Propane,2020,0.0,PJ,C:\Users\rashi\ESM_databases\canoe-transportation\inputs\cache\nrcan_ceud_transport\2021_tran_on_e_29.xls
nrcan_ceud_transport_provincial,ON,29,Urban Transit,urban_transit_activity,urban_transit,stocks_and_demands,Urban Transit|Activity|Passenger-kilometres (millions),Urban Transit,Activity|Passenger-kilometres (millions),2020,4113.27014,millions,C:\Users\rashi\ESM_databases\canoe-transportation\inputs\cache\nrcan_ceud_transport\2021_tran_on_e_29.xls
nrcan_ceud_transport_provincial,ON,29,Urban Transit,urban_transit_activity,urban_transit,stocks_and_demands,Urban Transit|Energy Intensity (MJ/Pkm),Urban Transit,Energy Intensity (MJ/Pkm),2020,1.92664,MJ/Pkm,C:\Users\rashi\ESM_databases\canoe-transportation\inputs\cache\nrcan_ceud_transport\2021_tran_on_e_29.xls
nrcan_ceud_transport_provincial,ON,29,Urban Transit,urban_transit_activity,urban_transit,stocks_and_demands,Urban Transit Energy Use (PJ),Urban Transit Energy Use (PJ),Urban Transit Energy Use (PJ),2021,7.221302,PJ,C:\Users\rashi\ESM_databases\canoe-transportation\inputs\cache\nrcan_ceud_transport\2021_tran_on_e_29.xls
nrcan_ceud_transport_provincial,ON,29,Urban Transit,urban_transit_activity,urban_transit,stocks_and_demands,Urban Transit|Energy Use by Energy Source (PJ)|Electricity,Urban Transit,Energy Use by Energy Source (PJ)|Electricity,2021,1.557,PJ,C:\Users\rashi\ESM_databases\canoe-transportation\inputs\cache\nrcan_ceud_transport\2021_tran_on_e_29.xls
nrcan_ceud_transport_provincial,ON,29,Urban Transit,urban_transit_activity,urban_transit,stocks_and_demands,Urban Transit|Energy Use by Energy Source (PJ)|Natural Gas,Urban Transit,Energy Use by Energy Source (PJ)|Natural Gas,2021,0.172664,PJ,C:\Users\rashi\ESM_databases\canoe-transportation\inputs\cache\nrcan_ceud_transport\2021_tran_on_e_29.xls
nrcan_ceud_transport_provincial,ON,29,Urban Transit,urban_transit_activity,urban_transit,stocks_and_demands,Urban Transit|Energy Use by Energy Source (PJ)|Motor Gasoline,Urban Transit,Energy Use by Energy Source (PJ)|Motor Gasoline,2021,0.163075,PJ,C:\Users\rashi\ESM_databases\canoe-transportation\inputs\cache\nrcan_ceud_transport\2021_tran_on_e_29.xls
nrcan_ceud_transport_provincial,ON,29,Urban Transit,urban_transit_activity,urban_transit,stocks_and_demands,Urban Transit|Energy Use by Energy Source (PJ)|Diesel Fuel Oil,Urban Transit,Energy Use by Energy Source (PJ)|Diesel Fuel Oil,2021,5.328563,PJ,C:\Users\rashi\ESM_databases\canoe-transportation\inputs\cache\nrcan_ceud_transport\2021_tran_on_e_29.xls
nrcan_ceud_transport_provincial,ON,29,Urban Transit,urban_transit_activity,urban_transit,stocks_and_demands,Urban Transit|Energy Use by Energy Source (PJ)|Propane,Urban Transit,Energy Use by Energy Source (PJ)|Propane,2021,0.0,PJ,C:\Users\rashi\ESM_databases\canoe-transportation\inputs\cache\nrcan_ceud_transport\2021_tran_on_e_29.xls
nrcan_ceud_transport_provincial,ON,29,Urban Transit,urban_transit_activity,urban_transit,stocks_and_demands,Urban Transit|Activity|Passenger-kilometres (millions),Urban Transit,Activity|Passenger-kilometres (millions),2021,3506.421745,millions,C:\Users\rashi\ESM_databases\canoe-transportation\inputs\cache\nrcan_ceud_transport\2021_tran_on_e_29.xls
nrcan_ceud_transport_provincial,ON,29,Urban Transit,urban_transit_activity,urban_transit,stocks_and_demands,Urban Transit|Energy Intensity (MJ/Pkm),Urban Transit,Energy Intensity (MJ/Pkm),2021,2.059451,MJ/Pkm,C:\Users\rashi\ESM_databases\canoe-transportation\inputs\cache\nrcan_ceud_transport\2021_tran_on_e_29.xls
nrcan_ceud_transport_provincial,ON,30,Inter-City Buses,inter_city_buses_activity,inter_city_buses,stocks_and_demands,Inter-City Bus Energy Use (PJ),Inter-City Bus Energy Use (PJ),Inter-City Bus Energy Use (PJ),2000,2.236648,PJ,C:\Users\rashi\ESM_databases\canoe-transportation\inputs\cache\nrcan_ceud_transport\2021_tran_on_e_30.xls
nrcan_ceud_transport_provincial,ON,30,Inter-City Buses,inter_city_buses_activity,inter_city_buses,stocks_and_demands,Inter-City Buses|Energy Use by Energy Source (PJ)|Motor Gasoline,Inter-City Buses,Energy Use by Energy Source (PJ)|Motor Gasoline,2000,0.300469,PJ,C:\Users\rashi\ESM_databases\canoe-transportation\inputs\cache\nrcan_ceud_transport\2021_tran_on_e_30.xls
nrcan_ceud_transport_provincial,ON,30,Inter-City Buses,inter_city_buses_activity,inter_city_buses,stocks_and_demands,Inter-City Buses|Energy Use by Energy Source (PJ)|Diesel Fuel Oil,Inter-City Buses,Energy Use by Energy Source (PJ)|Diesel Fuel Oil,2000,1.936179,PJ,C:\Users\rashi\ESM_databases\canoe-transportation\inputs\cache\nrcan_ceud_transport\2021_tran_on_e_30.xls
nrcan_ceud_transport_provincial,ON,30,Inter-City Buses,inter_city_buses_activity,inter_city_buses,stocks_and_demands,Inter-City Buses|Energy Use by Energy Source (PJ)|Biodiesel Fuel,Inter-City Buses,Energy Use by Energy Source (PJ)|Biodiesel Fuel,2000,0.0,PJ,C:\Users\rashi\ESM_databases\canoe-transportation\inputs\cache\nrcan_ceud_transport\2021_tran_on_e_30.xls
nrcan_ceud_transport_provincial,ON,30,Inter-City Buses,inter_city_buses_activity,inter_city_buses,stocks_and_demands,Inter-City Buses|Activity|Passenger-kilometres (millions),Inter-City Buses,Activity|Passenger-kilometres (millions),2000,2813.195271,millions,C:\Users\rashi\ESM_databases\canoe-transportation\inputs\cache\nrcan_ceud_transport\2021_tran_on_e_30.xls
nrcan_ceud_transport_provincial,ON,30,Inter-City Buses,inter_city_buses_activity,inter_city_buses,stocks_and_demands,Inter-City Buses|Energy Intensity (MJ/Pkm),Inter-City Buses,Energy Intensity (MJ/Pkm),2000,0.795056,MJ/Pkm,C:\Users\rashi\ESM_databases\canoe-transportation\inputs\cache\nrcan_ceud_transport\2021_tran_on_e_30.xls
nrcan_ceud_transport_provincial,ON,30,Inter-City Buses,inter_city_buses_activity,inter_city_buses,stocks_and_demands,Inter-City Bus Energy Use (PJ),Inter-City Bus Energy Use (PJ),Inter-City Bus Energy Use (PJ),2001,1.973639,PJ,C:\Users\rashi\ESM_databases\canoe-transportation\inputs\cache\nrcan_ceud_transport\2021_tran_on_e_30.xls
nrcan_ceud_transport_provincial,ON,30,Inter-City Buses,inter_city_buses_activity,inter_city_buses,stocks_and_demands,Inter-City Buses|Energy Use by Energy Source (PJ)|Motor Gasoline,Inter-City Buses,Energy Use by Energy Source (PJ)|Motor Gasoline,2001,0.026842,PJ,C:\Users\rashi\ESM_databases\canoe-transportation\inputs\cache\nrcan_ceud_transport\2021_tran_on_e_30.xls
nrcan_ceud_transport_provincial,ON,30,Inter-City Buses,inter_city_buses_activity,inter_city_buses,stocks_and_demands,Inter-City Buses|Energy Use by Energy Source (PJ)|Diesel Fuel Oil,Inter-City Buses,Energy Use by Energy Source (PJ)|Diesel Fuel Oil,2001,1.946797,PJ,C:\Users\rashi\ESM_databases\canoe-transportation\inputs\cache\nrcan_ceud_transport\2021_tran_on_e_30.xls
nrcan_ceud_transport_provincial,ON,30,Inter-City Buses,inter_city_buses_activity,inter_city_buses,stocks_and_demands,Inter-City Buses|Activity|Passenger-kilometres (millions),Inter-City Buses,Activity|Passenger-kilometres (millions),2001,2441.656306,millions,C:\Users\rashi\ESM_databases\canoe-transportation\inputs\cache\nrcan_ceud_transport\2021_tran_on_e_30.xls
nrcan_ceud_transport_provincial,ON,30,Inter-City Buses,inter_city_buses_activity,inter_city_buses,stocks_and_demands,Inter-City Buses|Energy Intensity (MJ/Pkm),Inter-City Buses,Energy Intensity (MJ/Pkm),2001,0.80832,MJ/Pkm,C:\Users\rashi\ESM_databases\canoe-transportation\inputs\cache\nrcan_ceud_transport\2021_tran_on_e_30.xls
nrcan_ceud_transport_provincial,ON,30,Inter-City Buses,inter_city_buses_activity,inter_city_buses,stocks_and_demands,Inter-City Bus Energy Use (PJ),Inter-City Bus Energy Use (PJ),Inter-City Bus Energy Use (PJ),2002,2.39861,PJ,C:\Users\rashi\ESM_databases\canoe-transportation\inputs\cache\nrcan_ceud_transport\2021_tran_on_e_30.xls
nrcan_ceud_transport_provincial,ON,30,Inter-City Buses,inter_city_buses_activity,inter_city_buses,stocks_and_demands,Inter-City Buses|Energy Use by Energy Source (PJ)|Motor Gasoline,Inter-City Buses,Energy Use by Energy Source (PJ)|Motor Gasoline,2002,0.068661,PJ,C:\Users\rashi\ESM_databases\canoe-transportation\inputs\cache\nrcan_ceud_transport\2021_tran_on_e_30.xls
nrcan_ceud_transport_provincial,ON,30,Inter-City Buses,inter_city_buses_activity,inter_city_buses,stocks_and_demands,Inter-City Buses|Energy Use by Energy Source (PJ)|Diesel Fuel Oil,Inter-City Buses,Energy Use by Energy Source (PJ)|Diesel Fuel Oil,2002,2.329949,PJ,C:\Users\rashi\ESM_databases\canoe-transportation\inputs\cache\nrcan_ceud_transport\2021_tran_on_e_30.xls
nrcan_ceud_transport_provincial,ON,30,Inter-City Buses,inter_city_buses_activity,inter_city_buses,stocks_and_demands,Inter-City Buses|Activity|Passenger-kilometres (millions),Inter-City Buses,Activity|Passenger-kilometres (millions),2002,3086.9595,millions,C:\Users\rashi\ESM_databases\canoe-transportation\inputs\cache\nrcan_ceud_transport\2021_tran_on_e_30.xls
nrcan_ceud_transport_provincial,ON,30,Inter-City Buses,inter_city_buses_activity,inter_city_buses,stocks_and_demands,Inter-City Buses|Energy Intensity (MJ/Pkm),Inter-City Buses,Energy Intensity (MJ/Pkm),2002,0.777014,MJ/Pkm,C:\Users\rashi\ESM_databases\canoe-transportation\inputs\cache\nrcan_ceud_transport\2021_tran_on_e_30.xls
nrcan_ceud_transport_provincial,ON,30,Inter-City Buses,inter_city_buses_activity,inter_city_buses,stocks_and_demands,Inter-City Bus Energy Use (PJ),Inter-City Bus Energy Use (PJ),Inter-City Bus Energy Use (PJ),2003,2.242375,PJ,C:\Users\rashi\ESM_databases\canoe-transportation\inputs\cache\nrcan_ceud_transport\2021_tran_on_e_30.xls
nrcan_ceud_transport_provincial,ON,30,Inter-City Buses,inter_city_buses_activity,inter_city_buses,stocks_and_demands,Inter-City Buses|Energy Use by Energy Source (PJ)|Motor Gasoline,Inter-City Buses,Energy Use by Energy Source (PJ)|Motor Gasoline,2003,0.048211,PJ,C:\Users\rashi\ESM_databases\canoe-transportation\inputs\cache\nrcan_ceud_transport\2021_tran_on_e_30.xls
nrcan_ceud_transport_provincial,ON,30,Inter-City Buses,inter_city_buses_activity,inter_city_buses,stocks_and_demands,Inter-City Buses|Energy Use by Energy Source (PJ)|Diesel Fuel Oil,Inter-City Buses,Energy Use by Energy Source (PJ)|Diesel Fuel Oil,2003,2.194164,PJ,C:\Users\rashi\ESM_databases\canoe-transportation\inputs\cache\nrcan_ceud_transport\2021_tran_on_e_30.xls
nrcan_ceud_transport_provincial,ON,30,Inter-City Buses,inter_city_buses_activity,inter_city_buses,stocks_and_demands,Inter-City Buses|Activity|Passenger-kilometres (millions),Inter-City Buses,Activity|Passenger-kilometres (millions),2003,2895.799162,millions,C:\Users\rashi\ESM_databases\canoe-transportation\inputs\cache\nrcan_ceud_transport\2021_tran_on_e_30.xls
nrcan_ceud_transport_provincial,ON,30,Inter-City Buses,inter_city_buses_activity,inter_city_buses,stocks_and_demands,Inter-City Buses|Energy Intensity (MJ/Pkm),Inter-City Buses,Energy Intensity (MJ/Pkm),2003,0.774354,MJ/Pkm,C:\Users\rashi\ESM_databases\canoe-transportation\inputs\cache\nrcan_ceud_transport\2021_tran_on_e_30.xls
nrcan_ceud_transport_provincial,ON,30,Inter-City Buses,inter_city_buses_activity,inter_city_buses,stocks_and_demands,Inter-City Bus Energy Use (PJ),Inter-City Bus Energy Use (PJ),Inter-City Bus Energy Use (PJ),2004,1.996468,PJ,C:\Users\rashi\ESM_databases\canoe-transportation\inputs\cache\nrcan_ceud_transport\2021_tran_on_e_30.xls
nrcan_ceud_transport_provincial,ON,30,Inter-City Buses,inter_city_buses_activity,inter_city_buses,stocks_and_demands,Inter-City Buses|Energy Use by Energy Source (PJ)|Motor Gasoline,Inter-City Buses,Energy Use by Energy Source (PJ)|Motor Gasoline,2004,0.042181,PJ,C:\Users\rashi\ESM_databases\canoe-transportation\inputs\cache\nrcan_ceud_transport\2021_tran_on_e_30.xls
nrcan_ceud_transport_provincial,ON,30,Inter-City Buses,inter_city_buses_activity,inter_city_buses,stocks_and_demands,Inter-City Buses|Energy Use by Energy Source (PJ)|Diesel Fuel Oil,Inter-City Buses,Energy Use by Energy Source (PJ)|Diesel Fuel Oil,2004,1.954286,PJ,C:\Users\rashi\ESM_databases\canoe-transportation\inputs\cache\nrcan_ceud_transport\2021_tran_on_e_30.xls
nrcan_ceud_transport_provincial,ON,30,Inter-City Buses,inter_city_buses_activity,inter_city_buses,stocks_and_demands,Inter-City Buses|Activity|Passenger-kilometres (millions),Inter-City Buses,Activity|Passenger-kilometres (millions),2004,2629.009202,millions,C:\Users\rashi\ESM_databases\canoe-transportation\inputs\cache\nrcan_ceud_transport\2021_tran_on_e_30.xls
nrcan_ceud_transport_provincial,ON,30,Inter-City Buses,inter_city_buses_activity,inter_city_buses,stocks_and_demands,Inter-City Buses|Energy Intensity (MJ/Pkm),Inter-City Buses,Energy Intensity (MJ/Pkm),2004,0.759399,MJ/Pkm,C:\Users\rashi\ESM_databases\canoe-transportation\inputs\cache\nrcan_ceud_transport\2021_tran_on_e_30.xls
nrcan_ceud_transport_provincial,ON,30,Inter-City Buses,inter_city_buses_activity,inter_city_buses,stocks_and_demands,Inter-City Bus Energy Use (PJ),Inter-City Bus Energy Use (PJ),Inter-City Bus Energy Use (PJ),2005,2.358961,PJ,C:\Users\rashi\ESM_databases\canoe-transportation\inputs\cache\nrcan_ceud_transport\2021_tran_on_e_30.xls
nrcan_ceud_transport_provincial,ON,30,Inter-City Buses,inter_city_buses_activity,inter_city_buses,stocks_and_demands,Inter-City Buses|Energy Use by Energy Source (PJ)|Motor Gasoline,Inter-City Buses,Energy Use by Energy Source (PJ)|Motor Gasoline,2005,0.072048,PJ,C:\Users\rashi\ESM_databases\canoe-transportation\inputs\cache\nrcan_ceud_transport\2021_tran_on_e_30.xls
nrcan_ceud_transport_provincial,ON,30,Inter-City Buses,inter_city_buses_activity,inter_city_buses,stocks_and_demands,Inter-City Buses|Energy Use by Energy Source (PJ)|Diesel Fuel Oil,Inter-City Buses,Energy Use by Energy Source (PJ)|Diesel Fuel Oil,2005,2.286913,PJ,C:\Users\rashi\ESM_databases\canoe-transportation\inputs\cache\nrcan_ceud_transport\2021_tran_on_e_30.xls
nrcan_ceud_transport_provincial,ON,30,Inter-City Buses,inter_city_buses_activity,inter_city_buses,stocks_and_demands,Inter-City Buses|Activity|Passenger-kilometres (millions),Inter-City Buses,Activity|Passenger-kilometres (millions),2005,3165.530403,millions,C:\Users\rashi\ESM_databases\canoe-transportation\inputs\cache\nrcan_ceud_transport\2021_tran_on_e_30.xls
nrcan_ceud_transport_provincial,ON,30,Inter-City Buses,inter_city_buses_activity,inter_city_buses,stocks_and_demands,Inter-City Buses|Energy Intensity (MJ/Pkm),Inter-City Buses,Energy Intensity (MJ/Pkm),2005,0.745202,MJ/Pkm,C:\Users\rashi\ESM_databases\canoe-transportation\inputs\cache\nrcan_ceud_transport\2021_tran_on_e_30.xls
nrcan_ceud_transport_provincial,ON,30,Inter-City Buses,inter_city_buses_activity,inter_city_buses,stocks_and_demands,Inter-City Bus Energy Use (PJ),Inter-City Bus Energy Use (PJ),Inter-City Bus Energy Use (PJ),2006,2.034595,PJ,C:\Users\rashi\ESM_databases\canoe-transportation\inputs\cache\nrcan_ceud_transport\2021_tran_on_e_30.xls
nrcan_ceud_transport_provincial,ON,30,Inter-City Buses,inter_city_buses_activity,inter_city_buses,stocks_and_demands,Inter-City Buses|Energy Use by Energy Source (PJ)|Motor Gasoline,Inter-City Buses,Energy Use by Energy Source (PJ)|Motor Gasoline,2006,0.05845,PJ,C:\Users\rashi\ESM_databases\canoe-transportation\inputs\cache\nrcan_ceud_transport\2021_tran_on_e_30.xls
nrcan_ceud_transport_provincial,ON,30,Inter-City Buses,inter_city_buses_activity,inter_city_buses,stocks_and_demands,Inter-City Buses|Energy Use by Energy Source (PJ)|Diesel Fuel Oil,Inter-City Buses,Energy Use by Energy Source (PJ)|Diesel Fuel Oil,2006,1.976144,PJ,C:\Users\rashi\ESM_databases\canoe-transportation\inputs\cache\nrcan_ceud_transport\2021_tran_on_e_30.xls
nrcan_ceud_transport_provincial,ON,30,Inter-City Buses,inter_city_buses_activity,inter_city_buses,stocks_and_demands,Inter-City Buses|Activity|Passenger-kilometres (millions),Inter-City Buses,Activity|Passenger-kilometres (millions),2006,2402.971781,millions,C:\Users\rashi\ESM_databases\canoe-transportation\inputs\cache\nrcan_ceud_transport\2021_tran_on_e_30.xls
nrcan_ceud_transport_provincial,ON,30,Inter-City Buses,inter_city_buses_activity,inter_city_buses,stocks_and_demands,Inter-City Buses|Energy Intensity (MJ/Pkm),Inter-City Buses,Energy Intensity (MJ/Pkm),2006,0.846699,MJ/Pkm,C:\Users\rashi\ESM_databases\canoe-transportation\inputs\cache\nrcan_ceud_transport\2021_tran_on_e_30.xls
nrcan_ceud_transport_provincial,ON,30,Inter-City Buses,inter_city_buses_activity,inter_city_buses,stocks_and_demands,Inter-City Bus Energy Use (PJ),Inter-City Bus Energy Use (PJ),Inter-City Bus Energy Use (PJ),2007,2.095583,PJ,C:\Users\rashi\ESM_databases\canoe-transportation\inputs\cache\nrcan_ceud_transport\2021_tran_on_e_30.xls
nrcan_ceud_transport_provincial,ON,30,Inter-City Buses,inter_city_buses_activity,inter_city_buses,stocks_and_demands,Inter-City Buses|Energy Use by Energy Source (PJ)|Motor Gasoline,Inter-City Buses,Energy Use by Energy Source (PJ)|Motor Gasoline,2007,0.068435,PJ,C:\Users\rashi\ESM_databases\canoe-transportation\inputs\cache\nrcan_ceud_transport\2021_tran_on_e_30.xls
nrcan_ceud_transport_provincial,ON,30,Inter-City Buses,inter_city_buses_activity,inter_city_buses,stocks_and_demands,Inter-City Buses|Energy Use by Energy Source (PJ)|Diesel Fuel Oil,Inter-City Buses,Energy Use by Energy Source (PJ)|Diesel Fuel Oil,2007,2.024585,PJ,C:\Users\rashi\ESM_databases\canoe-transportation\inputs\cache\nrcan_ceud_transport\2021_tran_on_e_30.xls
nrcan_ceud_transport_provincial,ON,30,Inter-City Buses,inter_city_buses_activity,inter_city_buses,stocks_and_demands,Inter-City Buses|Energy Use by Energy Source (PJ)|Ethanol,Inter-City Buses,Energy Use by Energy Source (PJ)|Ethanol,2007,0.002562,PJ,C:\Users\rashi\ESM_databases\canoe-transportation\inputs\cache\nrcan_ceud_transport\2021_tran_on_e_30.xls
nrcan_ceud_transport_provincial,ON,30,Inter-City Buses,inter_city_buses_activity,inter_city_buses,stocks_and_demands,Inter-City Buses|Activity|Passenger-kilometres (millions),Inter-City Buses,Activity|Passenger-kilometres (millions),2007,2717.80001,millions,C:\Users\rashi\ESM_databases\canoe-transportation\inputs\cache\nrcan_ceud_transport\2021_tran_on_e_30.xls
nrcan_ceud_transport_provincial,ON,30,Inter-City Buses,inter_city_buses_activity,inter_city_buses,stocks_and_demands,Inter-City Buses|Energy Intensity (MJ/Pkm),Inter-City Buses,Energy Intensity (MJ/Pkm),2007,0.771058,MJ/Pkm,C:\Users\rashi\ESM_databases\canoe-transportation\inputs\cache\nrcan_ceud_transport\2021_tran_on_e_30.xls
nrcan_ceud_transport_provincial,ON,30,Inter-City Buses,inter_city_buses_activity,inter_city_buses,stocks_and_demands,Inter-City Bus Energy Use (PJ),Inter-City Bus Energy Use (PJ),Inter-City Bus Energy Use (PJ),2008,2.093659,PJ,C:\Users\rashi\ESM_databases\canoe-transportation\inputs\cache\nrcan_ceud_transport\2021_tran_on_e_30.xls
nrcan_ceud_transport_provincial,ON,30,Inter-City Buses,inter_city_buses_activity,inter_city_buses,stocks_and_demands,Inter-City Buses|Energy Use by Energy Source (PJ)|Motor Gasoline,Inter-City Buses,Energy Use by Energy Source (PJ)|Motor Gasoline,2008,0.076173,PJ,C:\Users\rashi\ESM_databases\canoe-transportation\inputs\cache\nrcan_ceud_transport\2021_tran_on_e_30.xls
nrcan_ceud_transport_provincial,ON,30,Inter-City Buses,inter_city_buses_activity,inter_city_buses,stocks_and_demands,Inter-City Buses|Energy Use by Energy Source (PJ)|Diesel Fuel Oil,Inter-City Buses,Energy Use by Energy Source (PJ)|Diesel Fuel Oil,2008,2.013954,PJ,C:\Users\rashi\ESM_databases\canoe-transportation\inputs\cache\nrcan_ceud_transport\2021_tran_on_e_30.xls
nrcan_ceud_transport_provincial,ON,30,Inter-City Buses,inter_city_buses_activity,inter_city_buses,stocks_and_demands,Inter-City Buses|Energy Use by Energy Source (PJ)|Ethanol,Inter-City Buses,Energy Use by Energy Source (PJ)|Ethanol,2008,0.003531,PJ,C:\Users\rashi\ESM_databases\canoe-transportation\inputs\cache\nrcan_ceud_transport\2021_tran_on_e_30.xls
nrcan_ceud_transport_provincial,ON,30,Inter-City Buses,inter_city_buses_activity,inter_city_buses,stocks_and_demands,Inter-City Buses|Activity|Passenger-kilometres (millions),Inter-City Buses,Activity|Passenger-kilometres (millions),2008,2540.005044,millions,C:\Users\rashi\ESM_databases\canoe-transportation\inputs\cache\nrcan_ceud_transport\2021_tran_on_e_30.xls
nrcan_ceud_transport_provincial,ON,30,Inter-City Buses,inter_city_buses_activity,inter_city_buses,stocks_and_demands,Inter-City Buses|Energy Intensity (MJ/Pkm),Inter-City Buses,Energy Intensity (MJ/Pkm),2008,0.824273,MJ/Pkm,C:\Users\rashi\ESM_databases\canoe-transportation\inputs\cache\nrcan_ceud_transport\2021_tran_on_e_30.xls
nrcan_ceud_transport_provincial,ON,30,Inter-City Buses,inter_city_buses_activity,inter_city_buses,stocks_and_demands,Inter-City Bus Energy Use (PJ),Inter-City Bus Energy Use (PJ),Inter-City Bus Energy Use (PJ),2009,1.752729,PJ,C:\Users\rashi\ESM_databases\canoe-transportation\inputs\cache\nrcan_ceud_transport\2021_tran_on_e_30.xls
nrcan_ceud_transport_provincial,ON,30,Inter-City Buses,inter_city_buses_activity,inter_city_buses,stocks_and_demands,Inter-City Buses|Energy Use by Energy Source (PJ)|Motor Gasoline,Inter-City Buses,Energy Use by Energy Source (PJ)|Motor Gasoline,2009,0.067117,PJ,C:\Users\rashi\ESM_databases\canoe-transportation\inputs\cache\nrcan_ceud_transport\2021_tran_on_e_30.xls
nrcan_ceud_transport_provincial,ON,30,Inter-City Buses,inter_city_buses_activity,inter_city_buses,stocks_and_demands,Inter-City Buses|Energy Use by Energy Source (PJ)|Diesel Fuel Oil,Inter-City Buses,Energy Use by Energy Source (PJ)|Diesel Fuel Oil,2009,1.682604,PJ,C:\Users\rashi\ESM_databases\canoe-transportation\inputs\cache\nrcan_ceud_transport\2021_tran_on_e_30.xls
nrcan_ceud_transport_provincial,ON,30,Inter-City Buses,inter_city_buses_activity,inter_city_buses,stocks_and_demands,Inter-City Buses|Energy Use by Energy Source (PJ)|Ethanol,Inter-City Buses,Energy Use by Energy Source (PJ)|Ethanol,2009,0.003007,PJ,C:\Users\rashi\ESM_databases\canoe-transportation\inputs\cache\nrcan_ceud_transport\2021_tran_on_e_30.xls
nrcan_ceud_transport_provincial,ON,30,Inter-City Buses,inter_city_buses_activity,inter_city_buses,stocks_and_demands,Inter-City Buses|Activity|Passenger-kilometres (millions),Inter-City Buses,Activity|Passenger-kilometres (millions),2009,2542.161454,millions,C:\Users\rashi\ESM_databases\canoe-transportation\inputs\cache\nrcan_ceud_transport\2021_tran_on_e_30.xls
nrcan_ceud_transport_provincial,ON,30,Inter-City Buses,inter_city_buses_activity,inter_city_buses,stocks_and_demands,Inter-City Buses|Energy Intensity (MJ/Pkm),Inter-City Buses,Energy Intensity (MJ/Pkm),2009,0.689464,MJ/Pkm,C:\Users\rashi\ESM_databases\canoe-transportation\inputs\cache\nrcan_ceud_transport\2021_tran_on_e_30.xls
nrcan_ceud_transport_provincial,ON,30,Inter-City Buses,inter_city_buses_activity,inter_city_buses,stocks_and_demands,Inter-City Bus Energy Use (PJ),Inter-City Bus Energy Use (PJ),Inter-City Bus Energy Use (PJ),2010,1.862377,PJ,C:\Users\rashi\ESM_databases\canoe-transportation\inputs\cache\nrcan_ceud_transport\2021_tran_on_e_30.xls
nrcan_ceud_transport_provincial,ON,30,Inter-City Buses,inter_city_buses_activity,inter_city_buses,stocks_and_demands,Inter-City Buses|Energy Use by Energy Source (PJ)|Motor Gasoline,Inter-City Buses,Energy Use by Energy Source (PJ)|Motor Gasoline,2010,0.06656,PJ,C:\Users\rashi\ESM_databases\canoe-transportation\inputs\cache\nrcan_ceud_transport\2021_tran_on_e_30.xls
nrcan_ceud_transport_provincial,ON,30,Inter-City Buses,inter_city_buses_activity,inter_city_buses,stocks_and_demands,Inter-City Buses|Energy Use by Energy Source (PJ)|Diesel Fuel Oil,Inter-City Buses,Energy Use by Energy Source (PJ)|Diesel Fuel Oil,2010,1.792634,PJ,C:\Users\rashi\ESM_databases\canoe-transportation\inputs\cache\nrcan_ceud_transport\2021_tran_on_e_30.xls
nrcan_ceud_transport_provincial,ON,30,Inter-City Buses,inter_city_buses_activity,inter_city_buses,stocks_and_demands,Inter-City Buses|Energy Use by Energy Source (PJ)|Ethanol,Inter-City Buses,Energy Use by Energy Source (PJ)|Ethanol,2010,0.003183,PJ,C:\Users\rashi\ESM_databases\canoe-transportation\inputs\cache\nrcan_ceud_transport\2021_tran_on_e_30.xls
nrcan_ceud_transport_provincial,ON,30,Inter-City Buses,inter_city_buses_activity,inter_city_buses,stocks_and_demands,Inter-City Buses|Activity|Passenger-kilometres (millions),Inter-City Buses,Activity|Passenger-kilometres (millions),2010,2427.386645,millions,C:\Users\rashi\ESM_databases\canoe-transportation\inputs\cache\nrcan_ceud_transport\2021_tran_on_e_30.xls
nrcan_ceud_transport_provincial,ON,30,Inter-City Buses,inter_city_buses_activity,inter_city_buses,stocks_and_demands,Inter-City Buses|Energy Intensity (MJ/Pkm),Inter-City Buses,Energy Intensity (MJ/Pkm),2010,0.767236,MJ/Pkm,C:\Users\rashi\ESM_databases\canoe-transportation\inputs\cache\nrcan_ceud_transport\2021_tran_on_e_30.xls
nrcan_ceud_transport_provincial,ON,30,Inter-City Buses,inter_city_buses_activity,inter_city_buses,stocks_and_demands,Inter-City Bus Energy Use (PJ),Inter-City Bus Energy Use (PJ),Inter-City Bus Energy Use (PJ),2011,1.885595,PJ,C:\Users\rashi\ESM_databases\canoe-transportation\inputs\cache\nrcan_ceud_transport\2021_tran_on_e_30.xls
nrcan_ceud_transport_provincial,ON,30,Inter-City Buses,inter_city_buses_activity,inter_city_buses,stocks_and_demands,Inter-City Buses|Energy Use by Energy Source (PJ)|Motor Gasoline,Inter-City Buses,Energy Use by Energy Source (PJ)|Motor Gasoline,2011,0.069053,PJ,C:\Users\rashi\ESM_databases\canoe-transportation\inputs\cache\nrcan_ceud_transport\2021_tran_on_e_30.xls
nrcan_ceud_transport_provincial,ON,30,Inter-City Buses,inter_city_buses_activity,inter_city_buses,stocks_and_demands,Inter-City Buses|Energy Use by Energy Source (PJ)|Diesel Fuel Oil,Inter-City Buses,Energy Use by Energy Source (PJ)|Diesel Fuel Oil,2011,1.812732,PJ,C:\Users\rashi\ESM_databases\canoe-transportation\inputs\cache\nrcan_ceud_transport\2021_tran_on_e_30.xls
nrcan_ceud_transport_provincial,ON,30,Inter-City Buses,inter_city_buses_activity,inter_city_buses,stocks_and_demands,Inter-City Buses|Energy Use by Energy Source (PJ)|Ethanol,Inter-City Buses,Energy Use by Energy Source (PJ)|Ethanol,2011,0.00381,PJ,C:\Users\rashi\ESM_databases\canoe-transportation\inputs\cache\nrcan_ceud_transport\2021_tran_on_e_30.xls
nrcan_ceud_transport_provincial,ON,30,Inter-City Buses,inter_city_buses_activity,inter_city_buses,stocks_and_demands,Inter-City Buses|Activity|Passenger-kilometres (millions),Inter-City Buses,Activity|Passenger-kilometres (millions),2011,2671.763558,millions,C:\Users\rashi\ESM_databases\canoe-transportation\inputs\cache\nrcan_ceud_transport\2021_tran_on_e_30.xls
nrcan_ceud_transport_provincial,ON,30,Inter-City Buses,inter_city_buses_activity,inter_city_buses,stocks_and_demands,Inter-City Buses|Energy Intensity (MJ/Pkm),Inter-City Buses,Energy Intensity (MJ/Pkm),2011,0.705749,MJ/Pkm,C:\Users\rashi\ESM_databases\canoe-transportation\inputs\cache\nrcan_ceud_transport\2021_tran_on_e_30.xls
nrcan_ceud_transport_provincial,ON,30,Inter-City Buses,inter_city_buses_activity,inter_city_buses,stocks_and_demands,Inter-City Bus Energy Use (PJ),Inter-City Bus Energy Use (PJ),Inter-City Bus Energy Use (PJ),2012,1.883689,PJ,C:\Users\rashi\ESM_databases\canoe-transportation\inputs\cache\nrcan_ceud_transport\2021_tran_on_e_30.xls
nrcan_ceud_transport_provincial,ON,30,Inter-City Buses,inter_city_buses_activity,inter_city_buses,stocks_and_demands,Inter-City Buses|Energy Use by Energy Source (PJ)|Motor Gasoline,Inter-City Buses,Energy Use by Energy Source (PJ)|Motor Gasoline,2012,0.074391,PJ,C:\Users\rashi\ESM_databases\canoe-transportation\inputs\cache\nrcan_ceud_transport\2021_tran_on_e_30.xls
nrcan_ceud_transport_provincial,ON,30,Inter-City Buses,inter_city_buses_activity,inter_city_buses,stocks_and_demands,Inter-City Buses|Energy Use by Energy Source (PJ)|Diesel Fuel Oil,Inter-City Buses,Energy Use by Energy Source (PJ)|Diesel Fuel Oil,2012,1.804842,PJ,C:\Users\rashi\ESM_databases\canoe-transportation\inputs\cache\nrcan_ceud_transport\2021_tran_on_e_30.xls
nrcan_ceud_transport_provincial,ON,30,Inter-City Buses,inter_city_buses_activity,inter_city_buses,stocks_and_demands,Inter-City Buses|Energy Use by Energy Source (PJ)|Ethanol,Inter-City Buses,Energy Use by Energy Source (PJ)|Ethanol,2012,0.004455,PJ,C:\Users\rashi\ESM_databases\canoe-transportation\inputs\cache\nrcan_ceud_transport\2021_tran_on_e_30.xls
nrcan_ceud_transport_provincial,ON,30,Inter-City Buses,inter_city_buses_activity,inter_city_buses,stocks_and_demands,Inter-City Buses|Activity|Passenger-kilometres (millions),Inter-City Buses,Activity|Passenger-kilometres (millions),2012,2407.983204,millions,C:\Users\rashi\ESM_databases\canoe-transportation\inputs\cache\nrcan_ceud_transport\2021_tran_on_e_30.xls
nrcan_ceud_transport_provincial,ON,30,Inter-City Buses,inter_city_buses_activity,inter_city_buses,stocks_and_demands,Inter-City Buses|Energy Intensity (MJ/Pkm),Inter-City Buses,Energy Intensity (MJ/Pkm),2012,0.782268,MJ/Pkm,C:\Users\rashi\ESM_databases\canoe-transportation\inputs\cache\nrcan_ceud_transport\2021_tran_on_e_30.xls
nrcan_ceud_transport_provincial,ON,30,Inter-City Buses,inter_city_buses_activity,inter_city_buses,stocks_and_demands,Inter-City Bus Energy Use (PJ),Inter-City Bus Energy Use (PJ),Inter-City Bus Energy Use (PJ),2013,2.081327,PJ,C:\Users\rashi\ESM_databases\canoe-transportation\inputs\cache\nrcan_ceud_transport\2021_tran_on_e_30.xls
nrcan_ceud_transport_provincial,ON,30,Inter-City Buses,inter_city_buses_activity,inter_city_buses,stocks_and_demands,Inter-City Buses|Energy Use by Energy Source (PJ)|Motor Gasoline,Inter-City Buses,Energy Use by Energy Source (PJ)|Motor Gasoline,2013,0.115545,PJ,C:\Users\rashi\ESM_databases\canoe-transportation\inputs\cache\nrcan_ceud_transport\2021_tran_on_e_30.xls
nrcan_ceud_transport_provincial,ON,30,Inter-City Buses,inter_city_buses_activity,inter_city_buses,stocks_and_demands,Inter-City Buses|Energy Use by Energy Source (PJ)|Diesel Fuel Oil,Inter-City Buses,Energy Use by Energy Source (PJ)|Diesel Fuel Oil,2013,1.959204,PJ,C:\Users\rashi\ESM_databases\canoe-transportation\inputs\cache\nrcan_ceud_transport\2021_tran_on_e_30.xls
nrcan_ceud_transport_provincial,ON,30,Inter-City Buses,inter_city_buses_activity,inter_city_buses,stocks_and_demands,Inter-City Buses|Energy Use by Energy Source (PJ)|Ethanol,Inter-City Buses,Energy Use by Energy Source (PJ)|Ethanol,2013,0.006579,PJ,C:\Users\rashi\ESM_databases\canoe-transportation\inputs\cache\nrcan_ceud_transport\2021_tran_on_e_30.xls
nrcan_ceud_transport_provincial,ON,30,Inter-City Buses,inter_city_buses_activity,inter_city_buses,stocks_and_demands,Inter-City Buses|Activity|Passenger-kilometres (millions),Inter-City Buses,Activity|Passenger-kilometres (millions),2013,2829.180749,millions,C:\Users\rashi\ESM_databases\canoe-transportation\inputs\cache\nrcan_ceud_transport\2021_tran_on_e_30.xls
nrcan_ceud_transport_provincial,ON,30,Inter-City Buses,inter_city_buses_activity,inter_city_buses,stocks_and_demands,Inter-City Buses|Energy Intensity (MJ/Pkm),Inter-City Buses,Energy Intensity (MJ/Pkm),2013,0.735664,MJ/Pkm,C:\Users\rashi\ESM_databases\canoe-transportation\inputs\cache\nrcan_ceud_transport\2021_tran_on_e_30.xls
nrcan_ceud_transport_provincial,ON,30,Inter-City Buses,inter_city_buses_activity,inter_city_buses,stocks_and_demands,Inter-City Bus Energy Use (PJ),Inter-City Bus Energy Use (PJ),Inter-City Bus Energy Use (PJ),2014,2.079203,PJ,C:\Users\rashi\ESM_databases\canoe-transportation\inputs\cache\nrcan_ceud_transport\2021_tran_on_e_30.xls
nrcan_ceud_transport_provincial,ON,30,Inter-City Buses,inter_city_buses_activity,inter_city_buses,stocks_and_demands,Inter-City Buses|Energy Use by Energy Source (PJ)|Motor Gasoline,Inter-City Buses,Energy Use by Energy Source (PJ)|Motor Gasoline,2014,0.113921,PJ,C:\Users\rashi\ESM_databases\canoe-transportation\inputs\cache\nrcan_ceud_transport\2021_tran_on_e_30.xls
nrcan_ceud_transport_provincial,ON,30,Inter-City Buses,inter_city_buses_activity,inter_city_buses,stocks_and_demands,Inter-City Buses|Energy Use by Energy Source (PJ)|Diesel Fuel Oil,Inter-City Buses,Energy Use by Energy Source (PJ)|Diesel Fuel Oil,2014,1.958354,PJ,C:\Users\rashi\ESM_databases\canoe-transportation\inputs\cache\nrcan_ceud_transport\2021_tran_on_e_30.xls
nrcan_ceud_transport_provincial,ON,30,Inter-City Buses,inter_city_buses_activity,inter_city_buses,stocks_and_demands,Inter-City Buses|Energy Use by Energy Source (PJ)|Ethanol,Inter-City Buses,Energy Use by Energy Source (PJ)|Ethanol,2014,0.006928,PJ,C:\Users\rashi\ESM_databases\canoe-transportation\inputs\cache\nrcan_ceud_transport\2021_tran_on_e_30.xls
nrcan_ceud_transport_provincial,ON,30,Inter-City Buses,inter_city_buses_activity,inter_city_buses,stocks_and_demands,Inter-City Buses|Activity|Passenger-kilometres (millions),Inter-City Buses,Activity|Passenger-kilometres (millions),2014,2285.682003,millions,C:\Users\rashi\ESM_databases\canoe-transportation\inputs\cache\nrcan_ceud_transport\2021_tran_on_e_30.xls
nrcan_ceud_transport_provincial,ON,30,Inter-City Buses,inter_city_buses_activity,inter_city_buses,stocks_and_demands,Inter-City Buses|Energy Intensity (MJ/Pkm),Inter-City Buses,Energy Intensity (MJ/Pkm),2014,0.909664,MJ/Pkm,C:\Users\rashi\ESM_databases\canoe-transportation\inputs\cache\nrcan_ceud_transport\2021_tran_on_e_30.xls
nrcan_ceud_transport_provincial,ON,30,Inter-City Buses,inter_city_buses_activity,inter_city_buses,stocks_and_demands,Inter-City Bus Energy Use (PJ),Inter-City Bus Energy Use (PJ),Inter-City Bus Energy Use (PJ),2015,1.762483,PJ,C:\Users\rashi\ESM_databases\canoe-transportation\inputs\cache\nrcan_ceud_transport\2021_tran_on_e_30.xls
nrcan_ceud_transport_provincial,ON,30,Inter-City Buses,inter_city_buses_activity,inter_city_buses,stocks_and_demands,Inter-City Buses|Energy Use by Energy Source (PJ)|Motor Gasoline,Inter-City Buses,Energy Use by Energy Source (PJ)|Motor Gasoline,2015,0.128264,PJ,C:\Users\rashi\ESM_databases\canoe-transportation\inputs\cache\nrcan_ceud_transport\2021_tran_on_e_30.xls
nrcan_ceud_transport_provincial,ON,30,Inter-City Buses,inter_city_buses_activity,inter_city_buses,stocks_and_demands,Inter-City Buses|Energy Use by Energy Source (PJ)|Diesel Fuel Oil,Inter-City Buses,Energy Use by Energy Source (PJ)|Diesel Fuel Oil,2015,1.634219,PJ,C:\Users\rashi\ESM_databases\canoe-transportation\inputs\cache\nrcan_ceud_transport\2021_tran_on_e_30.xls
nrcan_ceud_transport_provincial,ON,30,Inter-City Buses,inter_city_buses_activity,inter_city_buses,stocks_and_demands,Inter-City Buses|Activity|Passenger-kilometres (millions),Inter-City Buses,Activity|Passenger-kilometres (millions),2015,2161.073504,millions,C:\Users\rashi\ESM_databases\canoe-transportation\inputs\cache\nrcan_ceud_transport\2021_tran_on_e_30.xls
nrcan_ceud_transport_provincial,ON,30,Inter-City Buses,inter_city_buses_activity,inter_city_buses,stocks_and_demands,Inter-City Buses|Energy Intensity (MJ/Pkm),Inter-City Buses,Energy Intensity (MJ/Pkm),2015,0.815559,MJ/Pkm,C:\Users\rashi\ESM_databases\canoe-transportation\inputs\cache\nrcan_ceud_transport\2021_tran_on_e_30.xls
nrcan_ceud_transport_provincial,ON,30,Inter-City Buses,inter_city_buses_activity,inter_city_buses,stocks_and_demands,Inter-City Bus Energy Use (PJ),Inter-City Bus Energy Use (PJ),Inter-City Bus Energy Use (PJ),2016,1.438337,PJ,C:\Users\rashi\ESM_databases\canoe-transportation\inputs\cache\nrcan_ceud_transport\2021_tran_on_e_30.xls
nrcan_ceud_transport_provincial,ON,30,Inter-City Buses,inter_city_buses_activity,inter_city_buses,stocks_and_demands,Inter-City Buses|Energy Use by Energy Source (PJ)|Motor Gasoline,Inter-City Buses,Energy Use by Energy Source (PJ)|Motor Gasoline,2016,0.147976,PJ,C:\Users\rashi\ESM_databases\canoe-transportation\inputs\cache\nrcan_ceud_transport\2021_tran_on_e_30.xls
nrcan_ceud_transport_provincial,ON,30,Inter-City Buses,inter_city_buses_activity,inter_city_buses,stocks_and_demands,Inter-City Buses|Energy Use by Energy Source (PJ)|Diesel Fuel Oil,Inter-City Buses,Energy Use by Energy Source (PJ)|Diesel Fuel Oil,2016,1.290361,PJ,C:\Users\rashi\ESM_databases\canoe-transportation\inputs\cache\nrcan_ceud_transport\2021_tran_on_e_30.xls
nrcan_ceud_transport_provincial,ON,30,Inter-City Buses,inter_city_buses_activity,inter_city_buses,stocks_and_demands,Inter-City Buses|Activity|Passenger-kilometres (millions),Inter-City Buses,Activity|Passenger-kilometres (millions),2016,1912.347551,millions,C:\Users\rashi\ESM_databases\canoe-transportation\inputs\cache\nrcan_ceud_transport\2021_tran_on_e_30.xls
nrcan_ceud_transport_provincial,ON,30,Inter-City Buses,inter_city_buses_activity,inter_city_buses,stocks_and_demands,Inter-City Buses|Energy Intensity (MJ/Pkm),Inter-City Buses,Energy Intensity (MJ/Pkm),2016,0.752132,MJ/Pkm,C:\Users\rashi\ESM_databases\canoe-transportation\inputs\cache\nrcan_ceud_transport\2021_tran_on_e_30.xls
nrcan_ceud_transport_provincial,ON,30,Inter-City Buses,inter_city_buses_activity,inter_city_buses,stocks_and_demands,Inter-City Bus Energy Use (PJ),Inter-City Bus Energy Use (PJ),Inter-City Bus Energy Use (PJ),2017,0.976251,PJ,C:\Users\rashi\ESM_databases\canoe-transportation\inputs\cache\nrcan_ceud_transport\2021_tran_on_e_30.xls
nrcan_ceud_transport_provincial,ON,30,Inter-City Buses,inter_city_buses_activity,inter_city_buses,stocks_and_demands,Inter-City Buses|Energy Use by Energy Source (PJ)|Motor Gasoline,Inter-City Buses,Energy Use by Energy Source (PJ)|Motor Gasoline,2017,0.162291,PJ,C:\Users\rashi\ESM_databases\canoe-transportation\inputs\cache\nrcan_ceud_transport\2021_tran_on_e_30.xls
nrcan_ceud_transport_provincial,ON,30,Inter-City Buses,inter_city_buses_activity,inter_city_buses,stocks_and_demands,Inter-City Buses|Energy Use by Energy Source (PJ)|Diesel Fuel Oil,Inter-City Buses,Energy Use by Energy Source (PJ)|Diesel Fuel Oil,2017,0.81396,PJ,C:\Users\rashi\ESM_databases\canoe-transportation\inputs\cache\nrcan_ceud_transport\2021_tran_on_e_30.xls
nrcan_ceud_transport_provincial,ON,30,Inter-City Buses,inter_city_buses_activity,inter_city_buses,stocks_and_demands,Inter-City Buses|Activity|Passenger-kilometres (millions),Inter-City Buses,Activity|Passenger-kilometres (millions),2017,1862.100552,millions,C:\Users\rashi\ESM_databases\canoe-transportation\inputs\cache\nrcan_ceud_transport\2021_tran_on_e_30.xls
nrcan_ceud_transport_provincial,ON,30,Inter-City Buses,inter_city_buses_activity,inter_city_buses,stocks_and_demands,Inter-City Buses|Energy Intensity (MJ/Pkm),Inter-City Buses,Energy Intensity (MJ/Pkm),2017,0.524274,MJ/Pkm,C:\Users\rashi\ESM_databases\canoe-transportation\inputs\cache\nrcan_ceud_transport\2021_tran_on_e_30.xls
nrcan_ceud_transport_provincial,ON,30,Inter-City Buses,inter_city_buses_activity,inter_city_buses,stocks_and_demands,Inter-City Bus Energy Use (PJ),Inter-City Bus Energy Use (PJ),Inter-City Bus Energy Use (PJ),2018,0.83515,PJ,C:\Users\rashi\ESM_databases\canoe-transportation\inputs\cache\nrcan_ceud_transport\2021_tran_on_e_30.xls
nrcan_ceud_transport_provincial,ON,30,Inter-City Buses,inter_city_buses_activity,inter_city_buses,stocks_and_demands,Inter-City Buses|Energy Use by Energy Source (PJ)|Motor Gasoline,Inter-City Buses,Energy Use by Energy Source (PJ)|Motor Gasoline,2018,0.15033,PJ,C:\Users\rashi\ESM_databases\canoe-transportation\inputs\cache\nrcan_ceud_transport\2021_tran_on_e_30.xls
nrcan_ceud_transport_provincial,ON,30,Inter-City Buses,inter_city_buses_activity,inter_city_buses,stocks_and_demands,Inter-City Buses|Energy Use by Energy Source (PJ)|Diesel Fuel Oil,Inter-City Buses,Energy Use by Energy Source (PJ)|Diesel Fuel Oil,2018,0.68482,PJ,C:\Users\rashi\ESM_databases\canoe-transportation\inputs\cache\nrcan_ceud_transport\2021_tran_on_e_30.xls
nrcan_ceud_transport_provincial,ON,30,Inter-City Buses,inter_city_buses_activity,inter_city_buses,stocks_and_demands,Inter-City Buses|Activity|Passenger-kilometres (millions),Inter-City Buses,Activity|Passenger-kilometres (millions),2018,1863.465516,millions,C:\Users\rashi\ESM_databases\canoe-transportation\inputs\cache\nrcan_ceud_transport\2021_tran_on_e_30.xls
nrcan_ceud_transport_provincial,ON,30,Inter-City Buses,inter_city_buses_activity,inter_city_buses,stocks_and_demands,Inter-City Buses|Energy Intensity (MJ/Pkm),Inter-City Buses,Energy Intensity (MJ/Pkm),2018,0.44817,MJ/Pkm,C:\Users\rashi\ESM_databases\canoe-transportation\inputs\cache\nrcan_ceud_transport\2021_tran_on_e_30.xls
nrcan_ceud_transport_provincial,ON,30,Inter-City Buses,inter_city_buses_activity,inter_city_buses,stocks_and_demands,Inter-City Bus Energy Use (PJ),Inter-City Bus Energy Use (PJ),Inter-City Bus Energy Use (PJ),2019,0.82424,PJ,C:\Users\rashi\ESM_databases\canoe-transportation\inputs\cache\nrcan_ceud_transport\2021_tran_on_e_30.xls
nrcan_ceud_transport_provincial,ON,30,Inter-City Buses,inter_city_buses_activity,inter_city_buses,stocks_and_demands,Inter-City Buses|Energy Use by Energy Source (PJ)|Motor Gasoline,Inter-City Buses,Energy Use by Energy Source (PJ)|Motor Gasoline,2019,0.179507,PJ,C:\Users\rashi\ESM_databases\canoe-transportation\inputs\cache\nrcan_ceud_transport\2021_tran_on_e_30.xls
nrcan_ceud_transport_provincial,ON,30,Inter-City Buses,inter_city_buses_activity,inter_city_buses,stocks_and_demands,Inter-City Buses|Energy Use by Energy Source (PJ)|Diesel Fuel Oil,Inter-City Buses,Energy Use by Energy Source (PJ)|Diesel Fuel Oil,2019,0.644733,PJ,C:\Users\rashi\ESM_databases\canoe-transportation\inputs\cache\nrcan_ceud_transport\2021_tran_on_e_30.xls
nrcan_ceud_transport_provincial,ON,30,Inter-City Buses,inter_city_buses_activity,inter_city_buses,stocks_and_demands,Inter-City Buses|Activity|Passenger-kilometres (millions),Inter-City Buses,Activity|Passenger-kilometres (millions),2019,1818.914767,millions,C:\Users\rashi\ESM_databases\canoe-transportation\inputs\cache\nrcan_ceud_transport\2021_tran_on_e_30.xls
nrcan_ceud_transport_provincial,ON,30,Inter-City Buses,inter_city_buses_activity,inter_city_buses,stocks_and_demands,Inter-City Buses|Energy Intensity (MJ/Pkm),Inter-City Buses,Energy Intensity (MJ/Pkm),2019,0.453149,MJ/Pkm,C:\Users\rashi\ESM_databases\canoe-transportation\inputs\cache\nrcan_ceud_transport\2021_tran_on_e_30.xls
nrcan_ceud_transport_provincial,ON,30,Inter-City Buses,inter_city_buses_activity,inter_city_buses,stocks_and_demands,Inter-City Bus Energy Use (PJ),Inter-City Bus Energy Use (PJ),Inter-City Bus Energy Use (PJ),2020,0.508537,PJ,C:\Users\rashi\ESM_databases\canoe-transportation\inputs\cache\nrcan_ceud_transport\2021_tran_on_e_30.xls
nrcan_ceud_transport_provincial,ON,30,Inter-City Buses,inter_city_buses_activity,inter_city_buses,stocks_and_demands,Inter-City Buses|Energy Use by Energy Source (PJ)|Motor Gasoline,Inter-City Buses,Energy Use by Energy Source (PJ)|Motor Gasoline,2020,0.096997,PJ,C:\Users\rashi\ESM_databases\canoe-transportation\inputs\cache\nrcan_ceud_transport\2021_tran_on_e_30.xls
nrcan_ceud_transport_provincial,ON,30,Inter-City Buses,inter_city_buses_activity,inter_city_buses,stocks_and_demands,Inter-City Buses|Energy Use by Energy Source (PJ)|Diesel Fuel Oil,Inter-City Buses,Energy Use by Energy Source (PJ)|Diesel Fuel Oil,2020,0.41154,PJ,C:\Users\rashi\ESM_databases\canoe-transportation\inputs\cache\nrcan_ceud_transport\2021_tran_on_e_30.xls
nrcan_ceud_transport_provincial,ON,30,Inter-City Buses,inter_city_buses_activity,inter_city_buses,stocks_and_demands,Inter-City Buses|Activity|Passenger-kilometres (millions),Inter-City Buses,Activity|Passenger-kilometres (millions),2020,798.488844,millions,C:\Users\rashi\ESM_databases\canoe-transportation\inputs\cache\nrcan_ceud_transport\2021_tran_on_e_30.xls
nrcan_ceud_transport_provincial,ON,30,Inter-City Buses,inter_city_buses_activity,inter_city_buses,stocks_and_demands,Inter-City Buses|Energy Intensity (MJ/Pkm),Inter-City Buses,Energy Intensity (MJ/Pkm),2020,0.636874,MJ/Pkm,C:\Users\rashi\ESM_databases\canoe-transportation\inputs\cache\nrcan_ceud_transport\2021_tran_on_e_30.xls
nrcan_ceud_transport_provincial,ON,30,Inter-City Buses,inter_city_buses_activity,inter_city_buses,stocks_and_demands,Inter-City Bus Energy Use (PJ),Inter-City Bus Energy Use (PJ),Inter-City Bus Energy Use (PJ),2021,0.315576,PJ,C:\Users\rashi\ESM_databases\canoe-transportation\inputs\cache\nrcan_ceud_transport\2021_tran_on_e_30.xls
nrcan_ceud_transport_provincial,ON,30,Inter-City Buses,inter_city_buses_activity,inter_city_buses,stocks_and_demands,Inter-City Buses|Energy Use by Energy Source (PJ)|Motor Gasoline,Inter-City Buses,Energy Use by Energy Source (PJ)|Motor Gasoline,2021,0.061744,PJ,C:\Users\rashi\ESM_databases\canoe-transportation\inputs\cache\nrcan_ceud_transport\2021_tran_on_e_30.xls
nrcan_ceud_transport_provincial,ON,30,Inter-City Buses,inter_city_buses_activity,inter_city_buses,stocks_and_demands,Inter-City Buses|Energy Use by Energy Source (PJ)|Diesel Fuel Oil,Inter-City Buses,Energy Use by Energy Source (PJ)|Diesel Fuel Oil,2021,0.253832,PJ,C:\Users\rashi\ESM_databases\canoe-transportation\inputs\cache\nrcan_ceud_transport\2021_tran_on_e_30.xls
nrcan_ceud_transport_provincial,ON,30,Inter-City Buses,inter_city_buses_activity,inter_city_buses,stocks_and_demands,Inter-City Buses|Activity|Passenger-kilometres (millions),Inter-City Buses,Activity|Passenger-kilometres (millions),2021,595.134039,millions,C:\Users\rashi\ESM_databases\canoe-transportation\inputs\cache\nrcan_ceud_transport\2021_tran_on_e_30.xls
nrcan_ceud_transport_provincial,ON,30,Inter-City Buses,inter_city_buses_activity,inter_city_buses,stocks_and_demands,Inter-City Buses|Energy Intensity (MJ/Pkm),Inter-City Buses,Energy Intensity (MJ/Pkm),2021,0.53026,MJ/Pkm,C:\Users\rashi\ESM_databases\canoe-transportation\inputs\cache\nrcan_ceud_transport\2021_tran_on_e_30.xls
nrcan_ceud_transport_provincial,ON,31,Bus Explanatory,bus_fleet,school_buses|urban_transit|inter_city_buses,stocks_and_demands,Stock (thousands)|School Buses,Stock (thousands),School Buses,2000,16.415,thousands,C:\Users\rashi\ESM_databases\canoe-transportation\inputs\cache\nrcan_ceud_transport\2021_tran_on_e_31.xls
nrcan_ceud_transport_provincial,ON,31,Bus Explanatory,bus_fleet,school_buses|urban_transit|inter_city_buses,stocks_and_demands,Stock (thousands)|Urban Transit,Stock (thousands),Urban Transit,2000,8.186,thousands,C:\Users\rashi\ESM_databases\canoe-transportation\inputs\cache\nrcan_ceud_transport\2021_tran_on_e_31.xls
nrcan_ceud_transport_provincial,ON,31,Bus Explanatory,bus_fleet,school_buses|urban_transit|inter_city_buses,stocks_and_demands,Stock (thousands)|Inter-City Buses,Stock (thousands),Inter-City Buses,2000,2.427,thousands,C:\Users\rashi\ESM_databases\canoe-transportation\inputs\cache\nrcan_ceud_transport\2021_tran_on_e_31.xls
nrcan_ceud_transport_provincial,ON,31,Bus Explanatory,bus_fleet,school_buses|urban_transit|inter_city_buses,stocks_and_demands,Average Distance Travelled per Year (km)|School Buses,Average Distance Travelled per Year (km),School Buses,2000,23809.855047,km,C:\Users\rashi\ESM_databases\canoe-transportation\inputs\cache\nrcan_ceud_transport\2021_tran_on_e_31.xls
nrcan_ceud_transport_provincial,ON,31,Bus Explanatory,bus_fleet,school_buses|urban_transit|inter_city_buses,stocks_and_demands,Average Distance Travelled per Year (km)|Urban Transit,Average Distance Travelled per Year (km),Urban Transit,2000,53104.483972,km,C:\Users\rashi\ESM_databases\canoe-transportation\inputs\cache\nrcan_ceud_transport\2021_tran_on_e_31.xls
nrcan_ceud_transport_provincial,ON,31,Bus Explanatory,bus_fleet,school_buses|urban_transit|inter_city_buses,stocks_and_demands,Average Distance Travelled per Year (km)|Inter-City Buses,Average Distance Travelled per Year (km),Inter-City Buses,2000,68668.515711,km,C:\Users\rashi\ESM_databases\canoe-transportation\inputs\cache\nrcan_ceud_transport\2021_tran_on_e_31.xls
nrcan_ceud_transport_provincial,ON,31,Bus Explanatory,bus_fleet,school_buses|urban_transit|inter_city_buses,stocks_and_demands,Stock (thousands)|School Buses,Stock (thousands),School Buses,2001,14.441,thousands,C:\Users\rashi\ESM_databases\canoe-transportation\inputs\cache\nrcan_ceud_transport\2021_tran_on_e_31.xls
nrcan_ceud_transport_provincial,ON,31,Bus Explanatory,bus_fleet,school_buses|urban_transit|inter_city_buses,stocks_and_demands,Stock (thousands)|Urban Transit,Stock (thousands),Urban Transit,2001,7.793,thousands,C:\Users\rashi\ESM_databases\canoe-transportation\inputs\cache\nrcan_ceud_transport\2021_tran_on_e_31.xls
nrcan_ceud_transport_provincial,ON,31,Bus Explanatory,bus_fleet,school_buses|urban_transit|inter_city_buses,stocks_and_demands,Stock (thousands)|Inter-City Buses,Stock (thousands),Inter-City Buses,2001,2.632,thousands,C:\Users\rashi\ESM_databases\canoe-transportation\inputs\cache\nrcan_ceud_transport\2021_tran_on_e_31.xls
nrcan_ceud_transport_provincial,ON,31,Bus Explanatory,bus_fleet,school_buses|urban_transit|inter_city_buses,stocks_and_demands,Average Distance Travelled per Year (km)|School Buses,Average Distance Travelled per Year (km),School Buses,2001,21574.627637,km,C:\Users\rashi\ESM_databases\canoe-transportation\inputs\cache\nrcan_ceud_transport\2021_tran_on_e_31.xls
nrcan_ceud_transport_provincial,ON,31,Bus Explanatory,bus_fleet,school_buses|urban_transit|inter_city_buses,stocks_and_demands,Average Distance Travelled per Year (km)|Urban Transit,Average Distance Travelled per Year (km),Urban Transit,2001,54868.887937,km,C:\Users\rashi\ESM_databases\canoe-transportation\inputs\cache\nrcan_ceud_transport\2021_tran_on_e_31.xls
nrcan_ceud_transport_provincial,ON,31,Bus Explanatory,bus_fleet,school_buses|urban_transit|inter_city_buses,stocks_and_demands,Average Distance Travelled per Year (km)|Inter-City Buses,Average Distance Travelled per Year (km),Inter-City Buses,2001,54957.403271,km,C:\Users\rashi\ESM_databases\canoe-transportation\inputs\cache\nrcan_ceud_transport\2021_tran_on_e_31.xls
nrcan_ceud_transport_provincial,ON,31,Bus Explanatory,bus_fleet,school_buses|urban_transit|inter_city_buses,stocks_and_demands,Stock (thousands)|School Buses,Stock (thousands),School Buses,2002,16.258,thousands,C:\Users\rashi\ESM_databases\canoe-transportation\inputs\cache\nrcan_ceud_transport\2021_tran_on_e_31.xls
nrcan_ceud_transport_provincial,ON,31,Bus Explanatory,bus_fleet,school_buses|urban_transit|inter_city_buses,stocks_and_demands,Stock (thousands)|Urban Transit,Stock (thousands),Urban Transit,2002,8.71,thousands,C:\Users\rashi\ESM_databases\canoe-transportation\inputs\cache\nrcan_ceud_transport\2021_tran_on_e_31.xls
nrcan_ceud_transport_provincial,ON,31,Bus Explanatory,bus_fleet,school_buses|urban_transit|inter_city_buses,stocks_and_demands,Stock (thousands)|Inter-City Buses,Stock (thousands),Inter-City Buses,2002,2.912,thousands,C:\Users\rashi\ESM_databases\canoe-transportation\inputs\cache\nrcan_ceud_transport\2021_tran_on_e_31.xls
nrcan_ceud_transport_provincial,ON,31,Bus Explanatory,bus_fleet,school_buses|urban_transit|inter_city_buses,stocks_and_demands,Average Distance Travelled per Year (km)|School Buses,Average Distance Travelled per Year (km),School Buses,2002,22210.492613,km,C:\Users\rashi\ESM_databases\canoe-transportation\inputs\cache\nrcan_ceud_transport\2021_tran_on_e_31.xls
nrcan_ceud_transport_provincial,ON,31,Bus Explanatory,bus_fleet,school_buses|urban_transit|inter_city_buses,stocks_and_demands,Average Distance Travelled per Year (km)|Urban Transit,Average Distance Travelled per Year (km),Urban Transit,2002,57875.573111,km,C:\Users\rashi\ESM_databases\canoe-transportation\inputs\cache\nrcan_ceud_transport\2021_tran_on_e_31.xls
nrcan_ceud_transport_provincial,ON,31,Bus Explanatory,bus_fleet,school_buses|urban_transit|inter_city_buses,stocks_and_demands,Average Distance Travelled per Year (km)|Inter-City Buses,Average Distance Travelled per Year (km),Inter-City Buses,2002,62801.080917,km,C:\Users\rashi\ESM_databases\canoe-transportation\inputs\cache\nrcan_ceud_transport\2021_tran_on_e_31.xls
nrcan_ceud_transport_provincial,ON,31,Bus Explanatory,bus_fleet,school_buses|urban_transit|inter_city_buses,stocks_and_demands,Stock (thousands)|School Buses,Stock (thousands),School Buses,2003,16.761,thousands,C:\Users\rashi\ESM_databases\canoe-transportation\inputs\cache\nrcan_ceud_transport\2021_tran_on_e_31.xls
nrcan_ceud_transport_provincial,ON,31,Bus Explanatory,bus_fleet,school_buses|urban_transit|inter_city_buses,stocks_and_demands,Stock (thousands)|Urban Transit,Stock (thousands),Urban Transit,2003,8.497,thousands,C:\Users\rashi\ESM_databases\canoe-transportation\inputs\cache\nrcan_ceud_transport\2021_tran_on_e_31.xls
nrcan_ceud_transport_provincial,ON,31,Bus Explanatory,bus_fleet,school_buses|urban_transit|inter_city_buses,stocks_and_demands,Stock (thousands)|Inter-City Buses,Stock (thousands),Inter-City Buses,2003,2.921,thousands,C:\Users\rashi\ESM_databases\canoe-transportation\inputs\cache\nrcan_ceud_transport\2021_tran_on_e_31.xls
nrcan_ceud_transport_provincial,ON,31,Bus Explanatory,bus_fleet,school_buses|urban_transit|inter_city_buses,stocks_and_demands,Average Distance Travelled per Year (km)|School Buses,Average Distance Travelled per Year (km),School Buses,2003,25006.543605,km,C:\Users\rashi\ESM_databases\canoe-transportation\inputs\cache\nrcan_ceud_transport\2021_tran_on_e_31.xls
nrcan_ceud_transport_provincial,ON,31,Bus Explanatory,bus_fleet,school_buses|urban_transit|inter_city_buses,stocks_and_demands,Average Distance Travelled per Year (km)|Urban Transit,Average Distance Travelled per Year (km),Urban Transit,2003,61555.998611,km,C:\Users\rashi\ESM_databases\canoe-transportation\inputs\cache\nrcan_ceud_transport\2021_tran_on_e_31.xls
nrcan_ceud_transport_provincial,ON,31,Bus Explanatory,bus_fleet,school_buses|urban_transit|inter_city_buses,stocks_and_demands,Average Distance Travelled per Year (km)|Inter-City Buses,Average Distance Travelled per Year (km),Inter-City Buses,2003,58730.600152,km,C:\Users\rashi\ESM_databases\canoe-transportation\inputs\cache\nrcan_ceud_transport\2021_tran_on_e_31.xls
nrcan_ceud_transport_provincial,ON,31,Bus Explanatory,bus_fleet,school_buses|urban_transit|inter_city_buses,stocks_and_demands,Stock (thousands)|School Buses,Stock (thousands),School Buses,2004,15.461,thousands,C:\Users\rashi\ESM_databases\canoe-transportation\inputs\cache\nrcan_ceud_transport\2021_tran_on_e_31.xls
nrcan_ceud_transport_provincial,ON,31,Bus Explanatory,bus_fleet,school_buses|urban_transit|inter_city_buses,stocks_and_demands,Stock (thousands)|Urban Transit,Stock (thousands),Urban Transit,2004,7.751,thousands,C:\Users\rashi\ESM_databases\canoe-transportation\inputs\cache\nrcan_ceud_transport\2021_tran_on_e_31.xls
nrcan_ceud_transport_provincial,ON,31,Bus Explanatory,bus_fleet,school_buses|urban_transit|inter_city_buses,stocks_and_demands,Stock (thousands)|Inter-City Buses,Stock (thousands),Inter-City Buses,2004,2.455,thousands,C:\Users\rashi\ESM_databases\canoe-transportation\inputs\cache\nrcan_ceud_transport\2021_tran_on_e_31.xls
nrcan_ceud_transport_provincial,ON,31,Bus Explanatory,bus_fleet,school_buses|urban_transit|inter_city_buses,stocks_and_demands,Average Distance Travelled per Year (km)|School Buses,Average Distance Travelled per Year (km),School Buses,2004,23919.262873,km,C:\Users\rashi\ESM_databases\canoe-transportation\inputs\cache\nrcan_ceud_transport\2021_tran_on_e_31.xls
nrcan_ceud_transport_provincial,ON,31,Bus Explanatory,bus_fleet,school_buses|urban_transit|inter_city_buses,stocks_and_demands,Average Distance Travelled per Year (km)|Urban Transit,Average Distance Travelled per Year (km),Urban Transit,2004,69188.410005,km,C:\Users\rashi\ESM_databases\canoe-transportation\inputs\cache\nrcan_ceud_transport\2021_tran_on_e_31.xls
nrcan_ceud_transport_provincial,ON,31,Bus Explanatory,bus_fleet,school_buses|urban_transit|inter_city_buses,stocks_and_demands,Average Distance Travelled per Year (km)|Inter-City Buses,Average Distance Travelled per Year (km),Inter-City Buses,2004,63440.729383,km,C:\Users\rashi\ESM_databases\canoe-transportation\inputs\cache\nrcan_ceud_transport\2021_tran_on_e_31.xls
nrcan_ceud_transport_provincial,ON,31,Bus Explanatory,bus_fleet,school_buses|urban_transit|inter_city_buses,stocks_and_demands,Stock (thousands)|School Buses,Stock (thousands),School Buses,2005,15.542,thousands,C:\Users\rashi\ESM_databases\canoe-transportation\inputs\cache\nrcan_ceud_transport\2021_tran_on_e_31.xls
nrcan_ceud_transport_provincial,ON,31,Bus Explanatory,bus_fleet,school_buses|urban_transit|inter_city_buses,stocks_and_demands,Stock (thousands)|Urban Transit,Stock (thousands),Urban Transit,2005,7.955,thousands,C:\Users\rashi\ESM_databases\canoe-transportation\inputs\cache\nrcan_ceud_transport\2021_tran_on_e_31.xls
nrcan_ceud_transport_provincial,ON,31,Bus Explanatory,bus_fleet,school_buses|urban_transit|inter_city_buses,stocks_and_demands,Stock (thousands)|Inter-City Buses,Stock (thousands),Inter-City Buses,2005,2.655,thousands,C:\Users\rashi\ESM_databases\canoe-transportation\inputs\cache\nrcan_ceud_transport\2021_tran_on_e_31.xls
nrcan_ceud_transport_provincial,ON,31,Bus Explanatory,bus_fleet,school_buses|urban_transit|inter_city_buses,stocks_and_demands,Average Distance Travelled per Year (km)|School Buses,Average Distance Travelled per Year (km),School Buses,2005,27673.316111,km,C:\Users\rashi\ESM_databases\canoe-transportation\inputs\cache\nrcan_ceud_transport\2021_tran_on_e_31.xls
nrcan_ceud_transport_provincial,ON,31,Bus Explanatory,bus_fleet,school_buses|urban_transit|inter_city_buses,stocks_and_demands,Average Distance Travelled per Year (km)|Urban Transit,Average Distance Travelled per Year (km),Urban Transit,2005,78221.857197,km,C:\Users\rashi\ESM_databases\canoe-transportation\inputs\cache\nrcan_ceud_transport\2021_tran_on_e_31.xls
nrcan_ceud_transport_provincial,ON,31,Bus Explanatory,bus_fleet,school_buses|urban_transit|inter_city_buses,stocks_and_demands,Average Distance Travelled per Year (km)|Inter-City Buses,Average Distance Travelled per Year (km),Inter-City Buses,2005,70633.303947,km,C:\Users\rashi\ESM_databases\canoe-transportation\inputs\cache\nrcan_ceud_transport\2021_tran_on_e_31.xls
nrcan_ceud_transport_provincial,ON,31,Bus Explanatory,bus_fleet,school_buses|urban_transit|inter_city_buses,stocks_and_demands,Stock (thousands)|School Buses,Stock (thousands),School Buses,2006,16.406,thousands,C:\Users\rashi\ESM_databases\canoe-transportation\inputs\cache\nrcan_ceud_transport\2021_tran_on_e_31.xls
nrcan_ceud_transport_provincial,ON,31,Bus Explanatory,bus_fleet,school_buses|urban_transit|inter_city_buses,stocks_and_demands,Stock (thousands)|Urban Transit,Stock (thousands),Urban Transit,2006,7.664,thousands,C:\Users\rashi\ESM_databases\canoe-transportation\inputs\cache\nrcan_ceud_transport\2021_tran_on_e_31.xls
nrcan_ceud_transport_provincial,ON,31,Bus Explanatory,bus_fleet,school_buses|urban_transit|inter_city_buses,stocks_and_demands,Stock (thousands)|Inter-City Buses,Stock (thousands),Inter-City Buses,2006,2.746,thousands,C:\Users\rashi\ESM_databases\canoe-transportation\inputs\cache\nrcan_ceud_transport\2021_tran_on_e_31.xls
nrcan_ceud_transport_provincial,ON,31,Bus Explanatory,bus_fleet,school_buses|urban_transit|inter_city_buses,stocks_and_demands,Average Distance Travelled per Year (km)|School Buses,Average Distance Travelled per Year (km),School Buses,2006,28936.932475,km,C:\Users\rashi\ESM_databases\canoe-transportation\inputs\cache\nrcan_ceud_transport\2021_tran_on_e_31.xls
nrcan_ceud_transport_provincial,ON,31,Bus Explanatory,bus_fleet,school_buses|urban_transit|inter_city_buses,stocks_and_demands,Average Distance Travelled per Year (km)|Urban Transit,Average Distance Travelled per Year (km),Urban Transit,2006,78015.327343,km,C:\Users\rashi\ESM_databases\canoe-transportation\inputs\cache\nrcan_ceud_transport\2021_tran_on_e_31.xls
nrcan_ceud_transport_provincial,ON,31,Bus Explanatory,bus_fleet,school_buses|urban_transit|inter_city_buses,stocks_and_demands,Average Distance Travelled per Year (km)|Inter-City Buses,Average Distance Travelled per Year (km),Inter-City Buses,2006,51841.277555,km,C:\Users\rashi\ESM_databases\canoe-transportation\inputs\cache\nrcan_ceud_transport\2021_tran_on_e_31.xls
nrcan_ceud_transport_provincial,ON,31,Bus Explanatory,bus_fleet,school_buses|urban_transit|inter_city_buses,stocks_and_demands,Stock (thousands)|School Buses,Stock (thousands),School Buses,2007,15.95,thousands,C:\Users\rashi\ESM_databases\canoe-transportation\inputs\cache\nrcan_ceud_transport\2021_tran_on_e_31.xls
nrcan_ceud_transport_provincial,ON,31,Bus Explanatory,bus_fleet,school_buses|urban_transit|inter_city_buses,stocks_and_demands,Stock (thousands)|Urban Transit,Stock (thousands),Urban Transit,2007,8.604,thousands,C:\Users\rashi\ESM_databases\canoe-transportation\inputs\cache\nrcan_ceud_transport\2021_tran_on_e_31.xls
nrcan_ceud_transport_provincial,ON,31,Bus Explanatory,bus_fleet,school_buses|urban_transit|inter_city_buses,stocks_and_demands,Stock (thousands)|Inter-City Buses,Stock (thousands),Inter-City Buses,2007,2.903,thousands,C:\Users\rashi\ESM_databases\canoe-transportation\inputs\cache\nrcan_ceud_transport\2021_tran_on_e_31.xls
nrcan_ceud_transport_provincial,ON,31,Bus Explanatory,bus_fleet,school_buses|urban_transit|inter_city_buses,stocks_and_demands,Average Distance Travelled per Year (km)|School Buses,Average Distance Travelled per Year (km),School Buses,2007,23540.423381,km,C:\Users\rashi\ESM_databases\canoe-transportation\inputs\cache\nrcan_ceud_transport\2021_tran_on_e_31.xls
nrcan_ceud_transport_provincial,ON,31,Bus Explanatory,bus_fleet,school_buses|urban_transit|inter_city_buses,stocks_and_demands,Average Distance Travelled per Year (km)|Urban Transit,Average Distance Travelled per Year (km),Urban Transit,2007,56405.376935,km,C:\Users\rashi\ESM_databases\canoe-transportation\inputs\cache\nrcan_ceud_transport\2021_tran_on_e_31.xls
nrcan_ceud_transport_provincial,ON,31,Bus Explanatory,bus_fleet,school_buses|urban_transit|inter_city_buses,stocks_and_demands,Average Distance Travelled per Year (km)|Inter-City Buses,Average Distance Travelled per Year (km),Inter-City Buses,2007,55462.318159,km,C:\Users\rashi\ESM_databases\canoe-transportation\inputs\cache\nrcan_ceud_transport\2021_tran_on_e_31.xls
nrcan_ceud_transport_provincial,ON,31,Bus Explanatory,bus_fleet,school_buses|urban_transit|inter_city_buses,stocks_and_demands,Stock (thousands)|School Buses,Stock (thousands),School Buses,2008,16.214,thousands,C:\Users\rashi\ESM_databases\canoe-transportation\inputs\cache\nrcan_ceud_transport\2021_tran_on_e_31.xls
nrcan_ceud_transport_provincial,ON,31,Bus Explanatory,bus_fleet,school_buses|urban_transit|inter_city_buses,stocks_and_demands,Stock (thousands)|Urban Transit,Stock (thousands),Urban Transit,2008,9.058,thousands,C:\Users\rashi\ESM_databases\canoe-transportation\inputs\cache\nrcan_ceud_transport\2021_tran_on_e_31.xls
nrcan_ceud_transport_provincial,ON,31,Bus Explanatory,bus_fleet,school_buses|urban_transit|inter_city_buses,stocks_and_demands,Stock (thousands)|Inter-City Buses,Stock (thousands),Inter-City Buses,2008,2.892,thousands,C:\Users\rashi\ESM_databases\canoe-transportation\inputs\cache\nrcan_ceud_transport\2021_tran_on_e_31.xls
nrcan_ceud_transport_provincial,ON,31,Bus Explanatory,bus_fleet,school_buses|urban_transit|inter_city_buses,stocks_and_demands,Average Distance Travelled per Year (km)|School Buses,Average Distance Travelled per Year (km),School Buses,2008,23740.106858,km,C:\Users\rashi\ESM_databases\canoe-transportation\inputs\cache\nrcan_ceud_transport\2021_tran_on_e_31.xls
nrcan_ceud_transport_provincial,ON,31,Bus Explanatory,bus_fleet,school_buses|urban_transit|inter_city_buses,stocks_and_demands,Average Distance Travelled per Year (km)|Urban Transit,Average Distance Travelled per Year (km),Urban Transit,2008,57217.775357,km,C:\Users\rashi\ESM_databases\canoe-transportation\inputs\cache\nrcan_ceud_transport\2021_tran_on_e_31.xls
nrcan_ceud_transport_provincial,ON,31,Bus Explanatory,bus_fleet,school_buses|urban_transit|inter_city_buses,stocks_and_demands,Average Distance Travelled per Year (km)|Inter-City Buses,Average Distance Travelled per Year (km),Inter-City Buses,2008,52031.200713,km,C:\Users\rashi\ESM_databases\canoe-transportation\inputs\cache\nrcan_ceud_transport\2021_tran_on_e_31.xls
nrcan_ceud_transport_provincial,ON,31,Bus Explanatory,bus_fleet,school_buses|urban_transit|inter_city_buses,stocks_and_demands,Stock (thousands)|School Buses,Stock (thousands),School Buses,2009,16.562,thousands,C:\Users\rashi\ESM_databases\canoe-transportation\inputs\cache\nrcan_ceud_transport\2021_tran_on_e_31.xls
nrcan_ceud_transport_provincial,ON,31,Bus Explanatory,bus_fleet,school_buses|urban_transit|inter_city_buses,stocks_and_demands,Stock (thousands)|Urban Transit,Stock (thousands),Urban Transit,2009,9.4,thousands,C:\Users\rashi\ESM_databases\canoe-transportation\inputs\cache\nrcan_ceud_transport\2021_tran_on_e_31.xls
nrcan_ceud_transport_provincial,ON,31,Bus Explanatory,bus_fleet,school_buses|urban_transit|inter_city_buses,stocks_and_demands,Stock (thousands)|Inter-City Buses,Stock (thousands),Inter-City Buses,2009,2.687,thousands,C:\Users\rashi\ESM_databases\canoe-transportation\inputs\cache\nrcan_ceud_transport\2021_tran_on_e_31.xls
nrcan_ceud_transport_provincial,ON,31,Bus Explanatory,bus_fleet,school_buses|urban_transit|inter_city_buses,stocks_and_demands,Average Distance Travelled per Year (km)|School Buses,Average Distance Travelled per Year (km),School Buses,2009,30771.785263,km,C:\Users\rashi\ESM_databases\canoe-transportation\inputs\cache\nrcan_ceud_transport\2021_tran_on_e_31.xls
nrcan_ceud_transport_provincial,ON,31,Bus Explanatory,bus_fleet,school_buses|urban_transit|inter_city_buses,stocks_and_demands,Average Distance Travelled per Year (km)|Urban Transit,Average Distance Travelled per Year (km),Urban Transit,2009,63021.675464,km,C:\Users\rashi\ESM_databases\canoe-transportation\inputs\cache\nrcan_ceud_transport\2021_tran_on_e_31.xls
nrcan_ceud_transport_provincial,ON,31,Bus Explanatory,bus_fleet,school_buses|urban_transit|inter_city_buses,stocks_and_demands,Average Distance Travelled per Year (km)|Inter-City Buses,Average Distance Travelled per Year (km),Inter-City Buses,2009,56048.37434,km,C:\Users\rashi\ESM_databases\canoe-transportation\inputs\cache\nrcan_ceud_transport\2021_tran_on_e_31.xls
nrcan_ceud_transport_provincial,ON,31,Bus Explanatory,bus_fleet,school_buses|urban_transit|inter_city_buses,stocks_and_demands,Stock (thousands)|School Buses,Stock (thousands),School Buses,2010,16.679,thousands,C:\Users\rashi\ESM_databases\canoe-transportation\inputs\cache\nrcan_ceud_transport\2021_tran_on_e_31.xls
nrcan_ceud_transport_provincial,ON,31,Bus Explanatory,bus_fleet,school_buses|urban_transit|inter_city_buses,stocks_and_demands,Stock (thousands)|Urban Transit,Stock (thousands),Urban Transit,2010,9.4,thousands,C:\Users\rashi\ESM_databases\canoe-transportation\inputs\cache\nrcan_ceud_transport\2021_tran_on_e_31.xls
nrcan_ceud_transport_provincial,ON,31,Bus Explanatory,bus_fleet,school_buses|urban_transit|inter_city_buses,stocks_and_demands,Stock (thousands)|Inter-City Buses,Stock (thousands),Inter-City Buses,2010,2.696,thousands,C:\Users\rashi\ESM_databases\canoe-transportation\inputs\cache\nrcan_ceud_transport\2021_tran_on_e_31.xls
nrcan_ceud_transport_provincial,ON,31,Bus Explanatory,bus_fleet,school_buses|urban_transit|inter_city_buses,stocks_and_demands,Average Distance Travelled per Year (km)|School Buses,Average Distance Travelled per Year (km),School Buses,2010,33845.96156,km,C:\Users\rashi\ESM_databases\canoe-transportation\inputs\cache\nrcan_ceud_transport\2021_tran_on_e_31.xls
nrcan_ceud_transport_provincial,ON,31,Bus Explanatory,bus_fleet,school_buses|urban_transit|inter_city_buses,stocks_and_demands,Average Distance Travelled per Year (km)|Urban Transit,Average Distance Travelled per Year (km),Urban Transit,2010,69799.779043,km,C:\Users\rashi\ESM_databases\canoe-transportation\inputs\cache\nrcan_ceud_transport\2021_tran_on_e_31.xls
nrcan_ceud_transport_provincial,ON,31,Bus Explanatory,bus_fleet,school_buses|urban_transit|inter_city_buses,stocks_and_demands,Average Distance Travelled per Year (km)|Inter-City Buses,Average Distance Travelled per Year (km),Inter-City Buses,2010,53339.216003,km,C:\Users\rashi\ESM_databases\canoe-transportation\inputs\cache\nrcan_ceud_transport\2021_tran_on_e_31.xls
nrcan_ceud_transport_provincial,ON,31,Bus Explanatory,bus_fleet,school_buses|urban_transit|inter_city_buses,stocks_and_demands,Stock (thousands)|School Buses,Stock (thousands),School Buses,2011,16.732,thousands,C:\Users\rashi\ESM_databases\canoe-transportation\inputs\cache\nrcan_ceud_transport\2021_tran_on_e_31.xls
nrcan_ceud_transport_provincial,ON,31,Bus Explanatory,bus_fleet,school_buses|urban_transit|inter_city_buses,stocks_and_demands,Stock (thousands)|Urban Transit,Stock (thousands),Urban Transit,2011,9.668,thousands,C:\Users\rashi\ESM_databases\canoe-transportation\inputs\cache\nrcan_ceud_transport\2021_tran_on_e_31.xls
nrcan_ceud_transport_provincial,ON,31,Bus Explanatory,bus_fleet,school_buses|urban_transit|inter_city_buses,stocks_and_demands,Stock (thousands)|Inter-City Buses,Stock (thousands),Inter-City Buses,2011,2.679,thousands,C:\Users\rashi\ESM_databases\canoe-transportation\inputs\cache\nrcan_ceud_transport\2021_tran_on_e_31.xls
nrcan_ceud_transport_provincial,ON,31,Bus Explanatory,bus_fleet,school_buses|urban_transit|inter_city_buses,stocks_and_demands,Average Distance Travelled per Year (km)|School Buses,Average Distance Travelled per Year (km),School Buses,2011,34567.067963,km,C:\Users\rashi\ESM_databases\canoe-transportation\inputs\cache\nrcan_ceud_transport\2021_tran_on_e_31.xls
nrcan_ceud_transport_provincial,ON,31,Bus Explanatory,bus_fleet,school_buses|urban_transit|inter_city_buses,stocks_and_demands,Average Distance Travelled per Year (km)|Urban Transit,Average Distance Travelled per Year (km),Urban Transit,2011,77042.03321,km,C:\Users\rashi\ESM_databases\canoe-transportation\inputs\cache\nrcan_ceud_transport\2021_tran_on_e_31.xls
nrcan_ceud_transport_provincial,ON,31,Bus Explanatory,bus_fleet,school_buses|urban_transit|inter_city_buses,stocks_and_demands,Average Distance Travelled per Year (km)|Inter-City Buses,Average Distance Travelled per Year (km),Inter-City Buses,2011,59081.684074,km,C:\Users\rashi\ESM_databases\canoe-transportation\inputs\cache\nrcan_ceud_transport\2021_tran_on_e_31.xls
nrcan_ceud_transport_provincial,ON,31,Bus Explanatory,bus_fleet,school_buses|urban_transit|inter_city_buses,stocks_and_demands,Stock (thousands)|School Buses,Stock (thousands),School Buses,2012,16.817,thousands,C:\Users\rashi\ESM_databases\canoe-transportation\inputs\cache\nrcan_ceud_transport\2021_tran_on_e_31.xls
nrcan_ceud_transport_provincial,ON,31,Bus Explanatory,bus_fleet,school_buses|urban_transit|inter_city_buses,stocks_and_demands,Stock (thousands)|Urban Transit,Stock (thousands),Urban Transit,2012,9.967,thousands,C:\Users\rashi\ESM_databases\canoe-transportation\inputs\cache\nrcan_ceud_transport\2021_tran_on_e_31.xls
nrcan_ceud_transport_provincial,ON,31,Bus Explanatory,bus_fleet,school_buses|urban_transit|inter_city_buses,stocks_and_demands,Stock (thousands)|Inter-City Buses,Stock (thousands),Inter-City Buses,2012,2.787,thousands,C:\Users\rashi\ESM_databases\canoe-transportation\inputs\cache\nrcan_ceud_transport\2021_tran_on_e_31.xls
nrcan_ceud_transport_provincial,ON,31,Bus Explanatory,bus_fleet,school_buses|urban_transit|inter_city_buses,stocks_and_demands,Average Distance Travelled per Year (km)|School Buses,Average Distance Travelled per Year (km),School Buses,2012,33388.299575,km,C:\Users\rashi\ESM_databases\canoe-transportation\inputs\cache\nrcan_ceud_transport\2021_tran_on_e_31.xls
nrcan_ceud_transport_provincial,ON,31,Bus Explanatory,bus_fleet,school_buses|urban_transit|inter_city_buses,stocks_and_demands,Average Distance Travelled per Year (km)|Urban Transit,Average Distance Travelled per Year (km),Urban Transit,2012,72202.984683,km,C:\Users\rashi\ESM_databases\canoe-transportation\inputs\cache\nrcan_ceud_transport\2021_tran_on_e_31.xls
nrcan_ceud_transport_provincial,ON,31,Bus Explanatory,bus_fleet,school_buses|urban_transit|inter_city_buses,stocks_and_demands,Average Distance Travelled per Year (km)|Inter-City Buses,Average Distance Travelled per Year (km),Inter-City Buses,2012,51185.157301,km,C:\Users\rashi\ESM_databases\canoe-transportation\inputs\cache\nrcan_ceud_transport\2021_tran_on_e_31.xls
nrcan_ceud_transport_provincial,ON,31,Bus Explanatory,bus_fleet,school_buses|urban_transit|inter_city_buses,stocks_and_demands,Stock (thousands)|School Buses,Stock (thousands),School Buses,2013,16.627,thousands,C:\Users\rashi\ESM_databases\canoe-transportation\inputs\cache\nrcan_ceud_transport\2021_tran_on_e_31.xls
nrcan_ceud_transport_provincial,ON,31,Bus Explanatory,bus_fleet,school_buses|urban_transit|inter_city_buses,stocks_and_demands,Stock (thousands)|Urban Transit,Stock (thousands),Urban Transit,2013,9.637,thousands,C:\Users\rashi\ESM_databases\canoe-transportation\inputs\cache\nrcan_ceud_transport\2021_tran_on_e_31.xls
nrcan_ceud_transport_provincial,ON,31,Bus Explanatory,bus_fleet,school_buses|urban_transit|inter_city_buses,stocks_and_demands,Stock (thousands)|Inter-City Buses,Stock (thousands),Inter-City Buses,2013,3.251,thousands,C:\Users\rashi\ESM_databases\canoe-transportation\inputs\cache\nrcan_ceud_transport\2021_tran_on_e_31.xls
nrcan_ceud_transport_provincial,ON,31,Bus Explanatory,bus_fleet,school_buses|urban_transit|inter_city_buses,stocks_and_demands,Average Distance Travelled per Year (km)|School Buses,Average Distance Travelled per Year (km),School Buses,2013,30277.975365,km,C:\Users\rashi\ESM_databases\canoe-transportation\inputs\cache\nrcan_ceud_transport\2021_tran_on_e_31.xls
nrcan_ceud_transport_provincial,ON,31,Bus Explanatory,bus_fleet,school_buses|urban_transit|inter_city_buses,stocks_and_demands,Average Distance Travelled per Year (km)|Urban Transit,Average Distance Travelled per Year (km),Urban Transit,2013,70652.64002,km,C:\Users\rashi\ESM_databases\canoe-transportation\inputs\cache\nrcan_ceud_transport\2021_tran_on_e_31.xls
nrcan_ceud_transport_provincial,ON,31,Bus Explanatory,bus_fleet,school_buses|urban_transit|inter_city_buses,stocks_and_demands,Average Distance Travelled per Year (km)|Inter-City Buses,Average Distance Travelled per Year (km),Inter-City Buses,2013,51555.058322,km,C:\Users\rashi\ESM_databases\canoe-transportation\inputs\cache\nrcan_ceud_transport\2021_tran_on_e_31.xls
nrcan_ceud_transport_provincial,ON,31,Bus Explanatory,bus_fleet,school_buses|urban_transit|inter_city_buses,stocks_and_demands,Stock (thousands)|School Buses,Stock (thousands),School Buses,2014,17.444,thousands,C:\Users\rashi\ESM_databases\canoe-transportation\inputs\cache\nrcan_ceud_transport\2021_tran_on_e_31.xls
nrcan_ceud_transport_provincial,ON,31,Bus Explanatory,bus_fleet,school_buses|urban_transit|inter_city_buses,stocks_and_demands,Stock (thousands)|Urban Transit,Stock (thousands),Urban Transit,2014,9.246,thousands,C:\Users\rashi\ESM_databases\canoe-transportation\inputs\cache\nrcan_ceud_transport\2021_tran_on_e_31.xls
nrcan_ceud_transport_provincial,ON,31,Bus Explanatory,bus_fleet,school_buses|urban_transit|inter_city_buses,stocks_and_demands,Stock (thousands)|Inter-City Buses,Stock (thousands),Inter-City Buses,2014,3.017,thousands,C:\Users\rashi\ESM_databases\canoe-transportation\inputs\cache\nrcan_ceud_transport\2021_tran_on_e_31.xls
nrcan_ceud_transport_provincial,ON,31,Bus Explanatory,bus_fleet,school_buses|urban_transit|inter_city_buses,stocks_and_demands,Average Distance Travelled per Year (km)|School Buses,Average Distance Travelled per Year (km),School Buses,2014,25705.258552,km,C:\Users\rashi\ESM_databases\canoe-transportation\inputs\cache\nrcan_ceud_transport\2021_tran_on_e_31.xls
nrcan_ceud_transport_provincial,ON,31,Bus Explanatory,bus_fleet,school_buses|urban_transit|inter_city_buses,stocks_and_demands,Average Distance Travelled per Year (km)|Urban Transit,Average Distance Travelled per Year (km),Urban Transit,2014,68017.576252,km,C:\Users\rashi\ESM_databases\canoe-transportation\inputs\cache\nrcan_ceud_transport\2021_tran_on_e_31.xls
nrcan_ceud_transport_provincial,ON,31,Bus Explanatory,bus_fleet,school_buses|urban_transit|inter_city_buses,stocks_and_demands,Average Distance Travelled per Year (km)|Inter-City Buses,Average Distance Travelled per Year (km),Inter-City Buses,2014,44881.571631,km,C:\Users\rashi\ESM_databases\canoe-transportation\inputs\cache\nrcan_ceud_transport\2021_tran_on_e_31.xls
nrcan_ceud_transport_provincial,ON,31,Bus Explanatory,bus_fleet,school_buses|urban_transit|inter_city_buses,stocks_and_demands,Stock (thousands)|School Buses,Stock (thousands),School Buses,2015,16.629,thousands,C:\Users\rashi\ESM_databases\canoe-transportation\inputs\cache\nrcan_ceud_transport\2021_tran_on_e_31.xls
nrcan_ceud_transport_provincial,ON,31,Bus Explanatory,bus_fleet,school_buses|urban_transit|inter_city_buses,stocks_and_demands,Stock (thousands)|Urban Transit,Stock (thousands),Urban Transit,2015,10.2,thousands,C:\Users\rashi\ESM_databases\canoe-transportation\inputs\cache\nrcan_ceud_transport\2021_tran_on_e_31.xls
nrcan_ceud_transport_provincial,ON,31,Bus Explanatory,bus_fleet,school_buses|urban_transit|inter_city_buses,stocks_and_demands,Stock (thousands)|Inter-City Buses,Stock (thousands),Inter-City Buses,2015,3.009,thousands,C:\Users\rashi\ESM_databases\canoe-transportation\inputs\cache\nrcan_ceud_transport\2021_tran_on_e_31.xls
nrcan_ceud_transport_provincial,ON,31,Bus Explanatory,bus_fleet,school_buses|urban_transit|inter_city_buses,stocks_and_demands,Average Distance Travelled per Year (km)|School Buses,Average Distance Travelled per Year (km),School Buses,2015,25089.403462,km,C:\Users\rashi\ESM_databases\canoe-transportation\inputs\cache\nrcan_ceud_transport\2021_tran_on_e_31.xls
nrcan_ceud_transport_provincial,ON,31,Bus Explanatory,bus_fleet,school_buses|urban_transit|inter_city_buses,stocks_and_demands,Average Distance Travelled per Year (km)|Urban Transit,Average Distance Travelled per Year (km),Urban Transit,2015,61578.254201,km,C:\Users\rashi\ESM_databases\canoe-transportation\inputs\cache\nrcan_ceud_transport\2021_tran_on_e_31.xls
nrcan_ceud_transport_provincial,ON,31,Bus Explanatory,bus_fleet,school_buses|urban_transit|inter_city_buses,stocks_and_demands,Average Distance Travelled per Year (km)|Inter-City Buses,Average Distance Travelled per Year (km),Inter-City Buses,2015,42547.584428,km,C:\Users\rashi\ESM_databases\canoe-transportation\inputs\cache\nrcan_ceud_transport\2021_tran_on_e_31.xls
nrcan_ceud_transport_provincial,ON,31,Bus Explanatory,bus_fleet,school_buses|urban_transit|inter_city_buses,stocks_and_demands,Stock (thousands)|School Buses,Stock (thousands),School Buses,2016,16.831,thousands,C:\Users\rashi\ESM_databases\canoe-transportation\inputs\cache\nrcan_ceud_transport\2021_tran_on_e_31.xls
nrcan_ceud_transport_provincial,ON,31,Bus Explanatory,bus_fleet,school_buses|urban_transit|inter_city_buses,stocks_and_demands,Stock (thousands)|Urban Transit,Stock (thousands),Urban Transit,2016,9.645,thousands,C:\Users\rashi\ESM_databases\canoe-transportation\inputs\cache\nrcan_ceud_transport\2021_tran_on_e_31.xls
nrcan_ceud_transport_provincial,ON,31,Bus Explanatory,bus_fleet,school_buses|urban_transit|inter_city_buses,stocks_and_demands,Stock (thousands)|Inter-City Buses,Stock (thousands),Inter-City Buses,2016,3.567,thousands,C:\Users\rashi\ESM_databases\canoe-transportation\inputs\cache\nrcan_ceud_transport\2021_tran_on_e_31.xls
nrcan_ceud_transport_provincial,ON,31,Bus Explanatory,bus_fleet,school_buses|urban_transit|inter_city_buses,stocks_and_demands,Average Distance Travelled per Year (km)|School Buses,Average Distance Travelled per Year (km),School Buses,2016,24812.157036,km,C:\Users\rashi\ESM_databases\canoe-transportation\inputs\cache\nrcan_ceud_transport\2021_tran_on_e_31.xls
nrcan_ceud_transport_provincial,ON,31,Bus Explanatory,bus_fleet,school_buses|urban_transit|inter_city_buses,stocks_and_demands,Average Distance Travelled per Year (km)|Urban Transit,Average Distance Travelled per Year (km),Urban Transit,2016,49923.402187,km,C:\Users\rashi\ESM_databases\canoe-transportation\inputs\cache\nrcan_ceud_transport\2021_tran_on_e_31.xls
nrcan_ceud_transport_provincial,ON,31,Bus Explanatory,bus_fleet,school_buses|urban_transit|inter_city_buses,stocks_and_demands,Average Distance Travelled per Year (km)|Inter-City Buses,Average Distance Travelled per Year (km),Inter-City Buses,2016,31760.788247,km,C:\Users\rashi\ESM_databases\canoe-transportation\inputs\cache\nrcan_ceud_transport\2021_tran_on_e_31.xls
nrcan_ceud_transport_provincial,ON,31,Bus Explanatory,bus_fleet,school_buses|urban_transit|inter_city_buses,stocks_and_demands,Stock (thousands)|School Buses,Stock (thousands),School Buses,2017,18.339,thousands,C:\Users\rashi\ESM_databases\canoe-transportation\inputs\cache\nrcan_ceud_transport\2021_tran_on_e_31.xls
nrcan_ceud_transport_provincial,ON,31,Bus Explanatory,bus_fleet,school_buses|urban_transit|inter_city_buses,stocks_and_demands,Stock (thousands)|Urban Transit,Stock (thousands),Urban Transit,2017,9.844,thousands,C:\Users\rashi\ESM_databases\canoe-transportation\inputs\cache\nrcan_ceud_transport\2021_tran_on_e_31.xls
nrcan_ceud_transport_provincial,ON,31,Bus Explanatory,bus_fleet,school_buses|urban_transit|inter_city_buses,stocks_and_demands,Stock (thousands)|Inter-City Buses,Stock (thousands),Inter-City Buses,2017,2.135,thousands,C:\Users\rashi\ESM_databases\canoe-transportation\inputs\cache\nrcan_ceud_transport\2021_tran_on_e_31.xls
nrcan_ceud_transport_provincial,ON,31,Bus Explanatory,bus_fleet,school_buses|urban_transit|inter_city_buses,stocks_and_demands,Average Distance Travelled per Year (km)|School Buses,Average Distance Travelled per Year (km),School Buses,2017,23919.3434,km,C:\Users\rashi\ESM_databases\canoe-transportation\inputs\cache\nrcan_ceud_transport\2021_tran_on_e_31.xls
nrcan_ceud_transport_provincial,ON,31,Bus Explanatory,bus_fleet,school_buses|urban_transit|inter_city_buses,stocks_and_demands,Average Distance Travelled per Year (km)|Urban Transit,Average Distance Travelled per Year (km),Urban Transit,2017,60021.834599,km,C:\Users\rashi\ESM_databases\canoe-transportation\inputs\cache\nrcan_ceud_transport\2021_tran_on_e_31.xls
nrcan_ceud_transport_provincial,ON,31,Bus Explanatory,bus_fleet,school_buses|urban_transit|inter_city_buses,stocks_and_demands,Average Distance Travelled per Year (km)|Inter-City Buses,Average Distance Travelled per Year (km),Inter-City Buses,2017,51669.327287,km,C:\Users\rashi\ESM_databases\canoe-transportation\inputs\cache\nrcan_ceud_transport\2021_tran_on_e_31.xls
nrcan_ceud_transport_provincial,ON,31,Bus Explanatory,bus_fleet,school_buses|urban_transit|inter_city_buses,stocks_and_demands,Stock (thousands)|School Buses,Stock (thousands),School Buses,2018,17.855,thousands,C:\Users\rashi\ESM_databases\canoe-transportation\inputs\cache\nrcan_ceud_transport\2021_tran_on_e_31.xls
nrcan_ceud_transport_provincial,ON,31,Bus Explanatory,bus_fleet,school_buses|urban_transit|inter_city_buses,stocks_and_demands,Stock (thousands)|Urban Transit,Stock (thousands),Urban Transit,2018,10.635,thousands,C:\Users\rashi\ESM_databases\canoe-transportation\inputs\cache\nrcan_ceud_transport\2021_tran_on_e_31.xls
nrcan_ceud_transport_provincial,ON,31,Bus Explanatory,bus_fleet,school_buses|urban_transit|inter_city_buses,stocks_and_demands,Stock (thousands)|Inter-City Buses,Stock (thousands),Inter-City Buses,2018,2.156,thousands,C:\Users\rashi\ESM_databases\canoe-transportation\inputs\cache\nrcan_ceud_transport\2021_tran_on_e_31.xls
nrcan_ceud_transport_provincial,ON,31,Bus Explanatory,bus_fleet,school_buses|urban_transit|inter_city_buses,stocks_and_demands,Average Distance Travelled per Year (km)|School Buses,Average Distance Travelled per Year (km),School Buses,2018,24698.708521,km,C:\Users\rashi\ESM_databases\canoe-transportation\inputs\cache\nrcan_ceud_transport\2021_tran_on_e_31.xls
nrcan_ceud_transport_provincial,ON,31,Bus Explanatory,bus_fleet,school_buses|urban_transit|inter_city_buses,stocks_and_demands,Average Distance Travelled per Year (km)|Urban Transit,Average Distance Travelled per Year (km),Urban Transit,2018,55506.862938,km,C:\Users\rashi\ESM_databases\canoe-transportation\inputs\cache\nrcan_ceud_transport\2021_tran_on_e_31.xls
nrcan_ceud_transport_provincial,ON,31,Bus Explanatory,bus_fleet,school_buses|urban_transit|inter_city_buses,stocks_and_demands,Average Distance Travelled per Year (km)|Inter-City Buses,Average Distance Travelled per Year (km),Inter-City Buses,2018,51203.560543,km,C:\Users\rashi\ESM_databases\canoe-transportation\inputs\cache\nrcan_ceud_transport\2021_tran_on_e_31.xls
nrcan_ceud_transport_provincial,ON,31,Bus Explanatory,bus_fleet,school_buses|urban_transit|inter_city_buses,stocks_and_demands,Stock (thousands)|School Buses,Stock (thousands),School Buses,2019,17.819,thousands,C:\Users\rashi\ESM_databases\canoe-transportation\inputs\cache\nrcan_ceud_transport\2021_tran_on_e_31.xls
nrcan_ceud_transport_provincial,ON,31,Bus Explanatory,bus_fleet,school_buses|urban_transit|inter_city_buses,stocks_and_demands,Stock (thousands)|Urban Transit,Stock (thousands),Urban Transit,2019,10.744,thousands,C:\Users\rashi\ESM_databases\canoe-transportation\inputs\cache\nrcan_ceud_transport\2021_tran_on_e_31.xls
nrcan_ceud_transport_provincial,ON,31,Bus Explanatory,bus_fleet,school_buses|urban_transit|inter_city_buses,stocks_and_demands,Stock (thousands)|Inter-City Buses,Stock (thousands),Inter-City Buses,2019,2.189,thousands,C:\Users\rashi\ESM_databases\canoe-transportation\inputs\cache\nrcan_ceud_transport\2021_tran_on_e_31.xls
nrcan_ceud_transport_provincial,ON,31,Bus Explanatory,bus_fleet,school_buses|urban_transit|inter_city_buses,stocks_and_demands,Average Distance Travelled per Year (km)|School Buses,Average Distance Travelled per Year (km),School Buses,2019,24530.769426,km,C:\Users\rashi\ESM_databases\canoe-transportation\inputs\cache\nrcan_ceud_transport\2021_tran_on_e_31.xls
nrcan_ceud_transport_provincial,ON,31,Bus Explanatory,bus_fleet,school_buses|urban_transit|inter_city_buses,stocks_and_demands,Average Distance Travelled per Year (km)|Urban Transit,Average Distance Travelled per Year (km),Urban Transit,2019,55898.748866,km,C:\Users\rashi\ESM_databases\canoe-transportation\inputs\cache\nrcan_ceud_transport\2021_tran_on_e_31.xls
nrcan_ceud_transport_provincial,ON,31,Bus Explanatory,bus_fleet,school_buses|urban_transit|inter_city_buses,stocks_and_demands,Average Distance Travelled per Year (km)|Inter-City Buses,Average Distance Travelled per Year (km),Inter-City Buses,2019,49225.954379,km,C:\Users\rashi\ESM_databases\canoe-transportation\inputs\cache\nrcan_ceud_transport\2021_tran_on_e_31.xls
nrcan_ceud_transport_provincial,ON,31,Bus Explanatory,bus_fleet,school_buses|urban_transit|inter_city_buses,stocks_and_demands,Stock (thousands)|School Buses,Stock (thousands),School Buses,2020,14.278,thousands,C:\Users\rashi\ESM_databases\canoe-transportation\inputs\cache\nrcan_ceud_transport\2021_tran_on_e_31.xls
nrcan_ceud_transport_provincial,ON,31,Bus Explanatory,bus_fleet,school_buses|urban_transit|inter_city_buses,stocks_and_demands,Stock (thousands)|Urban Transit,Stock (thousands),Urban Transit,2020,8.082,thousands,C:\Users\rashi\ESM_databases\canoe-transportation\inputs\cache\nrcan_ceud_transport\2021_tran_on_e_31.xls
nrcan_ceud_transport_provincial,ON,31,Bus Explanatory,bus_fleet,school_buses|urban_transit|inter_city_buses,stocks_and_demands,Stock (thousands)|Inter-City Buses,Stock (thousands),Inter-City Buses,2020,1.391,thousands,C:\Users\rashi\ESM_databases\canoe-transportation\inputs\cache\nrcan_ceud_transport\2021_tran_on_e_31.xls
nrcan_ceud_transport_provincial,ON,31,Bus Explanatory,bus_fleet,school_buses|urban_transit|inter_city_buses,stocks_and_demands,Average Distance Travelled per Year (km)|School Buses,Average Distance Travelled per Year (km),School Buses,2020,17952.546503,km,C:\Users\rashi\ESM_databases\canoe-transportation\inputs\cache\nrcan_ceud_transport\2021_tran_on_e_31.xls
nrcan_ceud_transport_provincial,ON,31,Bus Explanatory,bus_fleet,school_buses|urban_transit|inter_city_buses,stocks_and_demands,Average Distance Travelled per Year (km)|Urban Transit,Average Distance Travelled per Year (km),Urban Transit,2020,41076.845102,km,C:\Users\rashi\ESM_databases\canoe-transportation\inputs\cache\nrcan_ceud_transport\2021_tran_on_e_31.xls
nrcan_ceud_transport_provincial,ON,31,Bus Explanatory,bus_fleet,school_buses|urban_transit|inter_city_buses,stocks_and_demands,Average Distance Travelled per Year (km)|Inter-City Buses,Average Distance Travelled per Year (km),Inter-City Buses,2020,34007.075121,km,C:\Users\rashi\ESM_databases\canoe-transportation\inputs\cache\nrcan_ceud_transport\2021_tran_on_e_31.xls
nrcan_ceud_transport_provincial,ON,31,Bus Explanatory,bus_fleet,school_buses|urban_transit|inter_city_buses,stocks_and_demands,Stock (thousands)|School Buses,Stock (thousands),School Buses,2021,12.626,thousands,C:\Users\rashi\ESM_databases\canoe-transportation\inputs\cache\nrcan_ceud_transport\2021_tran_on_e_31.xls
nrcan_ceud_transport_provincial,ON,31,Bus Explanatory,bus_fleet,school_buses|urban_transit|inter_city_buses,stocks_and_demands,Stock (thousands)|Urban Transit,Stock (thousands),Urban Transit,2021,6.603,thousands,C:\Users\rashi\ESM_databases\canoe-transportation\inputs\cache\nrcan_ceud_transport\2021_tran_on_e_31.xls
nrcan_ceud_transport_provincial,ON,31,Bus Explanatory,bus_fleet,school_buses|urban_transit|inter_city_buses,stocks_and_demands,Stock (thousands)|Inter-City Buses,Stock (thousands),Inter-City Buses,2021,1.028,thousands,C:\Users\rashi\ESM_databases\canoe-transportation\inputs\cache\nrcan_ceud_transport\2021_tran_on_e_31.xls
nrcan_ceud_transport_provincial,ON,31,Bus Explanatory,bus_fleet,school_buses|urban_transit|inter_city_buses,stocks_and_demands,Average Distance Travelled per Year (km)|School Buses,Average Distance Travelled per Year (km),School Buses,2021,18522.101175,km,C:\Users\rashi\ESM_databases\canoe-transportation\inputs\cache\nrcan_ceud_transport\2021_tran_on_e_31.xls
nrcan_ceud_transport_provincial,ON,31,Bus Explanatory,bus_fleet,school_buses|urban_transit|inter_city_buses,stocks_and_demands,Average Distance Travelled per Year (km)|Urban Transit,Average Distance Travelled per Year (km),Urban Transit,2021,42859.938864,km,C:\Users\rashi\ESM_databases\canoe-transportation\inputs\cache\nrcan_ceud_transport\2021_tran_on_e_31.xls
nrcan_ceud_transport_provincial,ON,31,Bus Explanatory,bus_fleet,school_buses|urban_transit|inter_city_buses,stocks_and_demands,Average Distance Travelled per Year (km)|Inter-City Buses,Average Distance Travelled per Year (km),Inter-City Buses,2021,34296.455117,km,C:\Users\rashi\ESM_databases\canoe-transportation\inputs\cache\nrcan_ceud_transport\2021_tran_on_e_31.xls
nrcan_ceud_transport_provincial,ON,32,Motorcycle,motorcycle_fleet_activity,motorcycles,stocks_and_demands,Motorcycle Energy Use1 (PJ),Motorcycle Energy Use1 (PJ),Motorcycle Energy Use1 (PJ),2000,0.705183,PJ,C:\Users\rashi\ESM_databases\canoe-transportation\inputs\cache\nrcan_ceud_transport\2021_tran_on_e_32.xls
nrcan_ceud_transport_provincial,ON,32,Motorcycle,motorcycle_fleet_activity,motorcycles,stocks_and_demands,Motorcycle|Activity|Passenger-kilometres (millions),Motorcycle,Activity|Passenger-kilometres (millions),2000,471.555441,millions,C:\Users\rashi\ESM_databases\canoe-transportation\inputs\cache\nrcan_ceud_transport\2021_tran_on_e_32.xls
nrcan_ceud_transport_provincial,ON,32,Motorcycle,motorcycle_fleet_activity,motorcycles,stocks_and_demands,Motorcycle|Energy Intensity (MJ/Pkm),Motorcycle,Energy Intensity (MJ/Pkm),2000,1.495441,MJ/Pkm,C:\Users\rashi\ESM_databases\canoe-transportation\inputs\cache\nrcan_ceud_transport\2021_tran_on_e_32.xls
nrcan_ceud_transport_provincial,ON,32,Motorcycle,motorcycle_fleet_activity,motorcycles,stocks_and_demands,Motorcycle Explanatory Variables|Stock (thousands),Motorcycle Explanatory Variables,Stock (thousands),2000,83.955,thousands,C:\Users\rashi\ESM_databases\canoe-transportation\inputs\cache\nrcan_ceud_transport\2021_tran_on_e_32.xls
nrcan_ceud_transport_provincial,ON,32,Motorcycle,motorcycle_fleet_activity,motorcycles,stocks_and_demands,Motorcycle Explanatory Variables|Average Distance Travelled per Year (km),Motorcycle Explanatory Variables,Average Distance Travelled per Year (km),2000,5106.102886,km,C:\Users\rashi\ESM_databases\canoe-transportation\inputs\cache\nrcan_ceud_transport\2021_tran_on_e_32.xls
nrcan_ceud_transport_provincial,ON,32,Motorcycle,motorcycle_fleet_activity,motorcycles,stocks_and_demands,Motorcycle Explanatory Variables|Motorcycle On-Road Average Fuel Consumption (L/100 km),Motorcycle Explanatory Variables,Motorcycle On-Road Average Fuel Consumption (L/100 km),2000,4.7,L/100 km,C:\Users\rashi\ESM_databases\canoe-transportation\inputs\cache\nrcan_ceud_transport\2021_tran_on_e_32.xls
nrcan_ceud_transport_provincial,ON,32,Motorcycle,motorcycle_fleet_activity,motorcycles,stocks_and_demands,Motorcycle Energy Use1 (PJ),Motorcycle Energy Use1 (PJ),Motorcycle Energy Use1 (PJ),2001,0.790409,PJ,C:\Users\rashi\ESM_databases\canoe-transportation\inputs\cache\nrcan_ceud_transport\2021_tran_on_e_32.xls
nrcan_ceud_transport_provincial,ON,32,Motorcycle,motorcycle_fleet_activity,motorcycles,stocks_and_demands,Motorcycle|Activity|Passenger-kilometres (millions),Motorcycle,Activity|Passenger-kilometres (millions),2001,586.221179,millions,C:\Users\rashi\ESM_databases\canoe-transportation\inputs\cache\nrcan_ceud_transport\2021_tran_on_e_32.xls
nrcan_ceud_transport_provincial,ON,32,Motorcycle,motorcycle_fleet_activity,motorcycles,stocks_and_demands,Motorcycle|Energy Intensity (MJ/Pkm),Motorcycle,Energy Intensity (MJ/Pkm),2001,1.348312,MJ/Pkm,C:\Users\rashi\ESM_databases\canoe-transportation\inputs\cache\nrcan_ceud_transport\2021_tran_on_e_32.xls
nrcan_ceud_transport_provincial,ON,32,Motorcycle,motorcycle_fleet_activity,motorcycles,stocks_and_demands,Motorcycle Explanatory Variables|Stock (thousands),Motorcycle Explanatory Variables,Stock (thousands),2001,96.11,thousands,C:\Users\rashi\ESM_databases\canoe-transportation\inputs\cache\nrcan_ceud_transport\2021_tran_on_e_32.xls
nrcan_ceud_transport_provincial,ON,32,Motorcycle,motorcycle_fleet_activity,motorcycles,stocks_and_demands,Motorcycle Explanatory Variables|Average Distance Travelled per Year (km),Motorcycle Explanatory Variables,Average Distance Travelled per Year (km),2001,4999.3948,km,C:\Users\rashi\ESM_databases\canoe-transportation\inputs\cache\nrcan_ceud_transport\2021_tran_on_e_32.xls
nrcan_ceud_transport_provincial,ON,32,Motorcycle,motorcycle_fleet_activity,motorcycles,stocks_and_demands,Motorcycle Explanatory Variables|Motorcycle On-Road Average Fuel Consumption (L/100 km),Motorcycle Explanatory Variables,Motorcycle On-Road Average Fuel Consumption (L/100 km),2001,4.7,L/100 km,C:\Users\rashi\ESM_databases\canoe-transportation\inputs\cache\nrcan_ceud_transport\2021_tran_on_e_32.xls
nrcan_ceud_transport_provincial,ON,32,Motorcycle,motorcycle_fleet_activity,motorcycles,stocks_and_demands,Motorcycle Energy Use1 (PJ),Motorcycle Energy Use1 (PJ),Motorcycle Energy Use1 (PJ),2002,0.941814,PJ,C:\Users\rashi\ESM_databases\canoe-transportation\inputs\cache\nrcan_ceud_transport\2021_tran_on_e_32.xls
nrcan_ceud_transport_provincial,ON,32,Motorcycle,motorcycle_fleet_activity,motorcycles,stocks_and_demands,Motorcycle|Activity|Passenger-kilometres (millions),Motorcycle,Activity|Passenger-kilometres (millions),2002,727.112508,millions,C:\Users\rashi\ESM_databases\canoe-transportation\inputs\cache\nrcan_ceud_transport\2021_tran_on_e_32.xls
nrcan_ceud_transport_provincial,ON,32,Motorcycle,motorcycle_fleet_activity,motorcycles,stocks_and_demands,Motorcycle|Energy Intensity (MJ/Pkm),Motorcycle,Energy Intensity (MJ/Pkm),2002,1.29528,MJ/Pkm,C:\Users\rashi\ESM_databases\canoe-transportation\inputs\cache\nrcan_ceud_transport\2021_tran_on_e_32.xls
nrcan_ceud_transport_provincial,ON,32,Motorcycle,motorcycle_fleet_activity,motorcycles,stocks_and_demands,Motorcycle Explanatory Variables|Stock (thousands),Motorcycle Explanatory Variables,Stock (thousands),2002,107.53,thousands,C:\Users\rashi\ESM_databases\canoe-transportation\inputs\cache\nrcan_ceud_transport\2021_tran_on_e_32.xls
nrcan_ceud_transport_provincial,ON,32,Motorcycle,motorcycle_fleet_activity,motorcycles,stocks_and_demands,Motorcycle Explanatory Variables|Average Distance Travelled per Year (km),Motorcycle Explanatory Variables,Average Distance Travelled per Year (km),2002,5324.387031,km,C:\Users\rashi\ESM_databases\canoe-transportation\inputs\cache\nrcan_ceud_transport\2021_tran_on_e_32.xls
nrcan_ceud_transport_provincial,ON,32,Motorcycle,motorcycle_fleet_activity,motorcycles,stocks_and_demands,Motorcycle Explanatory Variables|Motorcycle On-Road Average Fuel Consumption (L/100 km),Motorcycle Explanatory Variables,Motorcycle On-Road Average Fuel Consumption (L/100 km),2002,4.7,L/100 km,C:\Users\rashi\ESM_databases\canoe-transportation\inputs\cache\nrcan_ceud_transport\2021_tran_on_e_32.xls
nrcan_ceud_transport_provincial,ON,32,Motorcycle,motorcycle_fleet_activity,motorcycles,stocks_and_demands,Motorcycle Energy Use1 (PJ),Motorcycle Energy Use1 (PJ),Motorcycle Energy Use1 (PJ),2003,0.990303,PJ,C:\Users\rashi\ESM_databases\canoe-transportation\inputs\cache\nrcan_ceud_transport\2021_tran_on_e_32.xls
nrcan_ceud_transport_provincial,ON,32,Motorcycle,motorcycle_fleet_activity,motorcycles,stocks_and_demands,Motorcycle|Activity|Passenger-kilometres (millions),Motorcycle,Activity|Passenger-kilometres (millions),2003,764.562904,millions,C:\Users\rashi\ESM_databases\canoe-transportation\inputs\cache\nrcan_ceud_transport\2021_tran_on_e_32.xls
nrcan_ceud_transport_provincial,ON,32,Motorcycle,motorcycle_fleet_activity,motorcycles,stocks_and_demands,Motorcycle|Energy Intensity (MJ/Pkm),Motorcycle,Energy Intensity (MJ/Pkm),2003,1.295253,MJ/Pkm,C:\Users\rashi\ESM_databases\canoe-transportation\inputs\cache\nrcan_ceud_transport\2021_tran_on_e_32.xls
nrcan_ceud_transport_provincial,ON,32,Motorcycle,motorcycle_fleet_activity,motorcycles,stocks_and_demands,Motorcycle Explanatory Variables|Stock (thousands),Motorcycle Explanatory Variables,Stock (thousands),2003,112.567,thousands,C:\Users\rashi\ESM_databases\canoe-transportation\inputs\cache\nrcan_ceud_transport\2021_tran_on_e_32.xls
nrcan_ceud_transport_provincial,ON,32,Motorcycle,motorcycle_fleet_activity,motorcycles,stocks_and_demands,Motorcycle Explanatory Variables|Average Distance Travelled per Year (km),Motorcycle Explanatory Variables,Average Distance Travelled per Year (km),2003,5347.993691,km,C:\Users\rashi\ESM_databases\canoe-transportation\inputs\cache\nrcan_ceud_transport\2021_tran_on_e_32.xls
nrcan_ceud_transport_provincial,ON,32,Motorcycle,motorcycle_fleet_activity,motorcycles,stocks_and_demands,Motorcycle Explanatory Variables|Motorcycle On-Road Average Fuel Consumption (L/100 km),Motorcycle Explanatory Variables,Motorcycle On-Road Average Fuel Consumption (L/100 km),2003,4.7,L/100 km,C:\Users\rashi\ESM_databases\canoe-transportation\inputs\cache\nrcan_ceud_transport\2021_tran_on_e_32.xls
nrcan_ceud_transport_provincial,ON,32,Motorcycle,motorcycle_fleet_activity,motorcycles,stocks_and_demands,Motorcycle Energy Use1 (PJ),Motorcycle Energy Use1 (PJ),Motorcycle Energy Use1 (PJ),2004,1.069202,PJ,C:\Users\rashi\ESM_databases\canoe-transportation\inputs\cache\nrcan_ceud_transport\2021_tran_on_e_32.xls
nrcan_ceud_transport_provincial,ON,32,Motorcycle,motorcycle_fleet_activity,motorcycles,stocks_and_demands,Motorcycle|Activity|Passenger-kilometres (millions),Motorcycle,Activity|Passenger-kilometres (millions),2004,825.466537,millions,C:\Users\rashi\ESM_databases\canoe-transportation\inputs\cache\nrcan_ceud_transport\2021_tran_on_e_32.xls
nrcan_ceud_transport_provincial,ON,32,Motorcycle,motorcycle_fleet_activity,motorcycles,stocks_and_demands,Motorcycle|Energy Intensity (MJ/Pkm),Motorcycle,Energy Intensity (MJ/Pkm),2004,1.295269,MJ/Pkm,C:\Users\rashi\ESM_databases\canoe-transportation\inputs\cache\nrcan_ceud_transport\2021_tran_on_e_32.xls
nrcan_ceud_transport_provincial,ON,32,Motorcycle,motorcycle_fleet_activity,motorcycles,stocks_and_demands,Motorcycle Explanatory Variables|Stock (thousands),Motorcycle Explanatory Variables,Stock (thousands),2004,119.633,thousands,C:\Users\rashi\ESM_databases\canoe-transportation\inputs\cache\nrcan_ceud_transport\2021_tran_on_e_32.xls
nrcan_ceud_transport_provincial,ON,32,Motorcycle,motorcycle_fleet_activity,motorcycles,stocks_and_demands,Motorcycle Explanatory Variables|Average Distance Travelled per Year (km),Motorcycle Explanatory Variables,Average Distance Travelled per Year (km),2004,5433.037545,km,C:\Users\rashi\ESM_databases\canoe-transportation\inputs\cache\nrcan_ceud_transport\2021_tran_on_e_32.xls
nrcan_ceud_transport_provincial,ON,32,Motorcycle,motorcycle_fleet_activity,motorcycles,stocks_and_demands,Motorcycle Explanatory Variables|Motorcycle On-Road Average Fuel Consumption (L/100 km),Motorcycle Explanatory Variables,Motorcycle On-Road Average Fuel Consumption (L/100 km),2004,4.7,L/100 km,C:\Users\rashi\ESM_databases\canoe-transportation\inputs\cache\nrcan_ceud_transport\2021_tran_on_e_32.xls
nrcan_ceud_transport_provincial,ON,32,Motorcycle,motorcycle_fleet_activity,motorcycles,stocks_and_demands,Motorcycle Energy Use1 (PJ),Motorcycle Energy Use1 (PJ),Motorcycle Energy Use1 (PJ),2005,1.068323,PJ,C:\Users\rashi\ESM_databases\canoe-transportation\inputs\cache\nrcan_ceud_transport\2021_tran_on_e_32.xls
nrcan_ceud_transport_provincial,ON,32,Motorcycle,motorcycle_fleet_activity,motorcycles,stocks_and_demands,Motorcycle|Activity|Passenger-kilometres (millions),Motorcycle,Activity|Passenger-kilometres (millions),2005,901.536724,millions,C:\Users\rashi\ESM_databases\canoe-transportation\inputs\cache\nrcan_ceud_transport\2021_tran_on_e_32.xls
nrcan_ceud_transport_provincial,ON,32,Motorcycle,motorcycle_fleet_activity,motorcycles,stocks_and_demands,Motorcycle|Energy Intensity (MJ/Pkm),Motorcycle,Energy Intensity (MJ/Pkm),2005,1.185002,MJ/Pkm,C:\Users\rashi\ESM_databases\canoe-transportation\inputs\cache\nrcan_ceud_transport\2021_tran_on_e_32.xls
nrcan_ceud_transport_provincial,ON,32,Motorcycle,motorcycle_fleet_activity,motorcycles,stocks_and_demands,Motorcycle Explanatory Variables|Stock (thousands),Motorcycle Explanatory Variables,Stock (thousands),2005,128.143,thousands,C:\Users\rashi\ESM_databases\canoe-transportation\inputs\cache\nrcan_ceud_transport\2021_tran_on_e_32.xls
nrcan_ceud_transport_provincial,ON,32,Motorcycle,motorcycle_fleet_activity,motorcycles,stocks_and_demands,Motorcycle Explanatory Variables|Average Distance Travelled per Year (km),Motorcycle Explanatory Variables,Average Distance Travelled per Year (km),2005,5539.507257,km,C:\Users\rashi\ESM_databases\canoe-transportation\inputs\cache\nrcan_ceud_transport\2021_tran_on_e_32.xls
nrcan_ceud_transport_provincial,ON,32,Motorcycle,motorcycle_fleet_activity,motorcycles,stocks_and_demands,Motorcycle Explanatory Variables|Motorcycle On-Road Average Fuel Consumption (L/100 km),Motorcycle Explanatory Variables,Motorcycle On-Road Average Fuel Consumption (L/100 km),2005,4.3,L/100 km,C:\Users\rashi\ESM_databases\canoe-transportation\inputs\cache\nrcan_ceud_transport\2021_tran_on_e_32.xls
nrcan_ceud_transport_provincial,ON,32,Motorcycle,motorcycle_fleet_activity,motorcycles,stocks_and_demands,Motorcycle Energy Use1 (PJ),Motorcycle Energy Use1 (PJ),Motorcycle Energy Use1 (PJ),2006,1.144101,PJ,C:\Users\rashi\ESM_databases\canoe-transportation\inputs\cache\nrcan_ceud_transport\2021_tran_on_e_32.xls
nrcan_ceud_transport_provincial,ON,32,Motorcycle,motorcycle_fleet_activity,motorcycles,stocks_and_demands,Motorcycle|Activity|Passenger-kilometres (millions),Motorcycle,Activity|Passenger-kilometres (millions),2006,965.502626,millions,C:\Users\rashi\ESM_databases\canoe-transportation\inputs\cache\nrcan_ceud_transport\2021_tran_on_e_32.xls
nrcan_ceud_transport_provincial,ON,32,Motorcycle,motorcycle_fleet_activity,motorcycles,stocks_and_demands,Motorcycle|Energy Intensity (MJ/Pkm),Motorcycle,Energy Intensity (MJ/Pkm),2006,1.18498,MJ/Pkm,C:\Users\rashi\ESM_databases\canoe-transportation\inputs\cache\nrcan_ceud_transport\2021_tran_on_e_32.xls
nrcan_ceud_transport_provincial,ON,32,Motorcycle,motorcycle_fleet_activity,motorcycles,stocks_and_demands,Motorcycle Explanatory Variables|Stock (thousands),Motorcycle Explanatory Variables,Stock (thousands),2006,140.875,thousands,C:\Users\rashi\ESM_databases\canoe-transportation\inputs\cache\nrcan_ceud_transport\2021_tran_on_e_32.xls
nrcan_ceud_transport_provincial,ON,32,Motorcycle,motorcycle_fleet_activity,motorcycles,stocks_and_demands,Motorcycle Explanatory Variables|Average Distance Travelled per Year (km),Motorcycle Explanatory Variables,Average Distance Travelled per Year (km),2006,5396.273141,km,C:\Users\rashi\ESM_databases\canoe-transportation\inputs\cache\nrcan_ceud_transport\2021_tran_on_e_32.xls
nrcan_ceud_transport_provincial,ON,32,Motorcycle,motorcycle_fleet_activity,motorcycles,stocks_and_demands,Motorcycle Explanatory Variables|Motorcycle On-Road Average Fuel Consumption (L/100 km),Motorcycle Explanatory Variables,Motorcycle On-Road Average Fuel Consumption (L/100 km),2006,4.3,L/100 km,C:\Users\rashi\ESM_databases\canoe-transportation\inputs\cache\nrcan_ceud_transport\2021_tran_on_e_32.xls
nrcan_ceud_transport_provincial,ON,32,Motorcycle,motorcycle_fleet_activity,motorcycles,stocks_and_demands,Motorcycle Energy Use1 (PJ),Motorcycle Energy Use1 (PJ),Motorcycle Energy Use1 (PJ),2007,1.219684,PJ,C:\Users\rashi\ESM_databases\canoe-transportation\inputs\cache\nrcan_ceud_transport\2021_tran_on_e_32.xls
nrcan_ceud_transport_provincial,ON,32,Motorcycle,motorcycle_fleet_activity,motorcycles,stocks_and_demands,Motorcycle|Activity|Passenger-kilometres (millions),Motorcycle,Activity|Passenger-kilometres (millions),2007,1053.700086,millions,C:\Users\rashi\ESM_databases\canoe-transportation\inputs\cache\nrcan_ceud_transport\2021_tran_on_e_32.xls
nrcan_ceud_transport_provincial,ON,32,Motorcycle,motorcycle_fleet_activity,motorcycles,stocks_and_demands,Motorcycle|Energy Intensity (MJ/Pkm),Motorcycle,Energy Intensity (MJ/Pkm),2007,1.157525,MJ/Pkm,C:\Users\rashi\ESM_databases\canoe-transportation\inputs\cache\nrcan_ceud_transport\2021_tran_on_e_32.xls
nrcan_ceud_transport_provincial,ON,32,Motorcycle,motorcycle_fleet_activity,motorcycles,stocks_and_demands,Motorcycle Explanatory Variables|Stock (thousands),Motorcycle Explanatory Variables,Stock (thousands),2007,153.441,thousands,C:\Users\rashi\ESM_databases\canoe-transportation\inputs\cache\nrcan_ceud_transport\2021_tran_on_e_32.xls
nrcan_ceud_transport_provincial,ON,32,Motorcycle,motorcycle_fleet_activity,motorcycles,stocks_and_demands,Motorcycle Explanatory Variables|Average Distance Travelled per Year (km),Motorcycle Explanatory Variables,Average Distance Travelled per Year (km),2007,5407.401668,km,C:\Users\rashi\ESM_databases\canoe-transportation\inputs\cache\nrcan_ceud_transport\2021_tran_on_e_32.xls
nrcan_ceud_transport_provincial,ON,32,Motorcycle,motorcycle_fleet_activity,motorcycles,stocks_and_demands,Motorcycle Explanatory Variables|Motorcycle On-Road Average Fuel Consumption (L/100 km),Motorcycle Explanatory Variables,Motorcycle On-Road Average Fuel Consumption (L/100 km),2007,4.2,L/100 km,C:\Users\rashi\ESM_databases\canoe-transportation\inputs\cache\nrcan_ceud_transport\2021_tran_on_e_32.xls
nrcan_ceud_transport_provincial,ON,32,Motorcycle,motorcycle_fleet_activity,motorcycles,stocks_and_demands,Motorcycle Energy Use1 (PJ),Motorcycle Energy Use1 (PJ),Motorcycle Energy Use1 (PJ),2008,1.306358,PJ,C:\Users\rashi\ESM_databases\canoe-transportation\inputs\cache\nrcan_ceud_transport\2021_tran_on_e_32.xls
nrcan_ceud_transport_provincial,ON,32,Motorcycle,motorcycle_fleet_activity,motorcycles,stocks_and_demands,Motorcycle|Activity|Passenger-kilometres (millions),Motorcycle,Activity|Passenger-kilometres (millions),2008,1128.641751,millions,C:\Users\rashi\ESM_databases\canoe-transportation\inputs\cache\nrcan_ceud_transport\2021_tran_on_e_32.xls
nrcan_ceud_transport_provincial,ON,32,Motorcycle,motorcycle_fleet_activity,motorcycles,stocks_and_demands,Motorcycle|Energy Intensity (MJ/Pkm),Motorcycle,Energy Intensity (MJ/Pkm),2008,1.15746,MJ/Pkm,C:\Users\rashi\ESM_databases\canoe-transportation\inputs\cache\nrcan_ceud_transport\2021_tran_on_e_32.xls
nrcan_ceud_transport_provincial,ON,32,Motorcycle,motorcycle_fleet_activity,motorcycles,stocks_and_demands,Motorcycle Explanatory Variables|Stock (thousands),Motorcycle Explanatory Variables,Stock (thousands),2008,168.125,thousands,C:\Users\rashi\ESM_databases\canoe-transportation\inputs\cache\nrcan_ceud_transport\2021_tran_on_e_32.xls
nrcan_ceud_transport_provincial,ON,32,Motorcycle,motorcycle_fleet_activity,motorcycles,stocks_and_demands,Motorcycle Explanatory Variables|Average Distance Travelled per Year (km),Motorcycle Explanatory Variables,Average Distance Travelled per Year (km),2008,5285.822442,km,C:\Users\rashi\ESM_databases\canoe-transportation\inputs\cache\nrcan_ceud_transport\2021_tran_on_e_32.xls
nrcan_ceud_transport_provincial,ON,32,Motorcycle,motorcycle_fleet_activity,motorcycles,stocks_and_demands,Motorcycle Explanatory Variables|Motorcycle On-Road Average Fuel Consumption (L/100 km),Motorcycle Explanatory Variables,Motorcycle On-Road Average Fuel Consumption (L/100 km),2008,4.2,L/100 km,C:\Users\rashi\ESM_databases\canoe-transportation\inputs\cache\nrcan_ceud_transport\2021_tran_on_e_32.xls
nrcan_ceud_transport_provincial,ON,32,Motorcycle,motorcycle_fleet_activity,motorcycles,stocks_and_demands,Motorcycle Energy Use1 (PJ),Motorcycle Energy Use1 (PJ),Motorcycle Energy Use1 (PJ),2009,1.875718,PJ,C:\Users\rashi\ESM_databases\canoe-transportation\inputs\cache\nrcan_ceud_transport\2021_tran_on_e_32.xls
nrcan_ceud_transport_provincial,ON,32,Motorcycle,motorcycle_fleet_activity,motorcycles,stocks_and_demands,Motorcycle|Activity|Passenger-kilometres (millions),Motorcycle,Activity|Passenger-kilometres (millions),2009,1068.990633,millions,C:\Users\rashi\ESM_databases\canoe-transportation\inputs\cache\nrcan_ceud_transport\2021_tran_on_e_32.xls
nrcan_ceud_transport_provincial,ON,32,Motorcycle,motorcycle_fleet_activity,motorcycles,stocks_and_demands,Motorcycle|Energy Intensity (MJ/Pkm),Motorcycle,Energy Intensity (MJ/Pkm),2009,1.754663,MJ/Pkm,C:\Users\rashi\ESM_databases\canoe-transportation\inputs\cache\nrcan_ceud_transport\2021_tran_on_e_32.xls
nrcan_ceud_transport_provincial,ON,32,Motorcycle,motorcycle_fleet_activity,motorcycles,stocks_and_demands,Motorcycle Explanatory Variables|Stock (thousands),Motorcycle Explanatory Variables,Stock (thousands),2009,181.305,thousands,C:\Users\rashi\ESM_databases\canoe-transportation\inputs\cache\nrcan_ceud_transport\2021_tran_on_e_32.xls
nrcan_ceud_transport_provincial,ON,32,Motorcycle,motorcycle_fleet_activity,motorcycles,stocks_and_demands,Motorcycle Explanatory Variables|Average Distance Travelled per Year (km),Motorcycle Explanatory Variables,Average Distance Travelled per Year (km),2009,5473.889129,km,C:\Users\rashi\ESM_databases\canoe-transportation\inputs\cache\nrcan_ceud_transport\2021_tran_on_e_32.xls
nrcan_ceud_transport_provincial,ON,32,Motorcycle,motorcycle_fleet_activity,motorcycles,stocks_and_demands,Motorcycle Explanatory Variables|Motorcycle On-Road Average Fuel Consumption (L/100 km),Motorcycle Explanatory Variables,Motorcycle On-Road Average Fuel Consumption (L/100 km),2009,5.4,L/100 km,C:\Users\rashi\ESM_databases\canoe-transportation\inputs\cache\nrcan_ceud_transport\2021_tran_on_e_32.xls
nrcan_ceud_transport_provincial,ON,32,Motorcycle,motorcycle_fleet_activity,motorcycles,stocks_and_demands,Motorcycle Energy Use1 (PJ),Motorcycle Energy Use1 (PJ),Motorcycle Energy Use1 (PJ),2010,2.005689,PJ,C:\Users\rashi\ESM_databases\canoe-transportation\inputs\cache\nrcan_ceud_transport\2021_tran_on_e_32.xls
nrcan_ceud_transport_provincial,ON,32,Motorcycle,motorcycle_fleet_activity,motorcycles,stocks_and_demands,Motorcycle|Activity|Passenger-kilometres (millions),Motorcycle,Activity|Passenger-kilometres (millions),2010,1143.067654,millions,C:\Users\rashi\ESM_databases\canoe-transportation\inputs\cache\nrcan_ceud_transport\2021_tran_on_e_32.xls
nrcan_ceud_transport_provincial,ON,32,Motorcycle,motorcycle_fleet_activity,motorcycles,stocks_and_demands,Motorcycle|Energy Intensity (MJ/Pkm),Motorcycle,Energy Intensity (MJ/Pkm),2010,1.754655,MJ/Pkm,C:\Users\rashi\ESM_databases\canoe-transportation\inputs\cache\nrcan_ceud_transport\2021_tran_on_e_32.xls
nrcan_ceud_transport_provincial,ON,32,Motorcycle,motorcycle_fleet_activity,motorcycles,stocks_and_demands,Motorcycle Explanatory Variables|Stock (thousands),Motorcycle Explanatory Variables,Stock (thousands),2010,190.694,thousands,C:\Users\rashi\ESM_databases\canoe-transportation\inputs\cache\nrcan_ceud_transport\2021_tran_on_e_32.xls
nrcan_ceud_transport_provincial,ON,32,Motorcycle,motorcycle_fleet_activity,motorcycles,stocks_and_demands,Motorcycle Explanatory Variables|Average Distance Travelled per Year (km),Motorcycle Explanatory Variables,Average Distance Travelled per Year (km),2010,5564.994876,km,C:\Users\rashi\ESM_databases\canoe-transportation\inputs\cache\nrcan_ceud_transport\2021_tran_on_e_32.xls
nrcan_ceud_transport_provincial,ON,32,Motorcycle,motorcycle_fleet_activity,motorcycles,stocks_and_demands,Motorcycle Explanatory Variables|Motorcycle On-Road Average Fuel Consumption (L/100 km),Motorcycle Explanatory Variables,Motorcycle On-Road Average Fuel Consumption (L/100 km),2010,5.4,L/100 km,C:\Users\rashi\ESM_databases\canoe-transportation\inputs\cache\nrcan_ceud_transport\2021_tran_on_e_32.xls
nrcan_ceud_transport_provincial,ON,32,Motorcycle,motorcycle_fleet_activity,motorcycles,stocks_and_demands,Motorcycle Energy Use1 (PJ),Motorcycle Energy Use1 (PJ),Motorcycle Energy Use1 (PJ),2011,2.05632,PJ,C:\Users\rashi\ESM_databases\canoe-transportation\inputs\cache\nrcan_ceud_transport\2021_tran_on_e_32.xls
nrcan_ceud_transport_provincial,ON,32,Motorcycle,motorcycle_fleet_activity,motorcycles,stocks_and_demands,Motorcycle|Activity|Passenger-kilometres (millions),Motorcycle,Activity|Passenger-kilometres (millions),2011,1171.908836,millions,C:\Users\rashi\ESM_databases\canoe-transportation\inputs\cache\nrcan_ceud_transport\2021_tran_on_e_32.xls
nrcan_ceud_transport_provincial,ON,32,Motorcycle,motorcycle_fleet_activity,motorcycles,stocks_and_demands,Motorcycle|Energy Intensity (MJ/Pkm),Motorcycle,Energy Intensity (MJ/Pkm),2011,1.754676,MJ/Pkm,C:\Users\rashi\ESM_databases\canoe-transportation\inputs\cache\nrcan_ceud_transport\2021_tran_on_e_32.xls
nrcan_ceud_transport_provincial,ON,32,Motorcycle,motorcycle_fleet_activity,motorcycles,stocks_and_demands,Motorcycle Explanatory Variables|Stock (thousands),Motorcycle Explanatory Variables,Stock (thousands),2011,198.242,thousands,C:\Users\rashi\ESM_databases\canoe-transportation\inputs\cache\nrcan_ceud_transport\2021_tran_on_e_32.xls
nrcan_ceud_transport_provincial,ON,32,Motorcycle,motorcycle_fleet_activity,motorcycles,stocks_and_demands,Motorcycle Explanatory Variables|Average Distance Travelled per Year (km),Motorcycle Explanatory Variables,Average Distance Travelled per Year (km),2011,5488.242114,km,C:\Users\rashi\ESM_databases\canoe-transportation\inputs\cache\nrcan_ceud_transport\2021_tran_on_e_32.xls
nrcan_ceud_transport_provincial,ON,32,Motorcycle,motorcycle_fleet_activity,motorcycles,stocks_and_demands,Motorcycle Explanatory Variables|Motorcycle On-Road Average Fuel Consumption (L/100 km),Motorcycle Explanatory Variables,Motorcycle On-Road Average Fuel Consumption (L/100 km),2011,5.4,L/100 km,C:\Users\rashi\ESM_databases\canoe-transportation\inputs\cache\nrcan_ceud_transport\2021_tran_on_e_32.xls
nrcan_ceud_transport_provincial,ON,32,Motorcycle,motorcycle_fleet_activity,motorcycles,stocks_and_demands,Motorcycle Energy Use1 (PJ),Motorcycle Energy Use1 (PJ),Motorcycle Energy Use1 (PJ),2012,2.026352,PJ,C:\Users\rashi\ESM_databases\canoe-transportation\inputs\cache\nrcan_ceud_transport\2021_tran_on_e_32.xls
nrcan_ceud_transport_provincial,ON,32,Motorcycle,motorcycle_fleet_activity,motorcycles,stocks_and_demands,Motorcycle|Activity|Passenger-kilometres (millions),Motorcycle,Activity|Passenger-kilometres (millions),2012,1154.817087,millions,C:\Users\rashi\ESM_databases\canoe-transportation\inputs\cache\nrcan_ceud_transport\2021_tran_on_e_32.xls
nrcan_ceud_transport_provincial,ON,32,Motorcycle,motorcycle_fleet_activity,motorcycles,stocks_and_demands,Motorcycle|Energy Intensity (MJ/Pkm),Motorcycle,Energy Intensity (MJ/Pkm),2012,1.754695,MJ/Pkm,C:\Users\rashi\ESM_databases\canoe-transportation\inputs\cache\nrcan_ceud_transport\2021_tran_on_e_32.xls
nrcan_ceud_transport_provincial,ON,32,Motorcycle,motorcycle_fleet_activity,motorcycles,stocks_and_demands,Motorcycle Explanatory Variables|Stock (thousands),Motorcycle Explanatory Variables,Stock (thousands),2012,209.412,thousands,C:\Users\rashi\ESM_databases\canoe-transportation\inputs\cache\nrcan_ceud_transport\2021_tran_on_e_32.xls
nrcan_ceud_transport_provincial,ON,32,Motorcycle,motorcycle_fleet_activity,motorcycles,stocks_and_demands,Motorcycle Explanatory Variables|Average Distance Travelled per Year (km),Motorcycle Explanatory Variables,Average Distance Travelled per Year (km),2012,5119.78329,km,C:\Users\rashi\ESM_databases\canoe-transportation\inputs\cache\nrcan_ceud_transport\2021_tran_on_e_32.xls
nrcan_ceud_transport_provincial,ON,32,Motorcycle,motorcycle_fleet_activity,motorcycles,stocks_and_demands,Motorcycle Explanatory Variables|Motorcycle On-Road Average Fuel Consumption (L/100 km),Motorcycle Explanatory Variables,Motorcycle On-Road Average Fuel Consumption (L/100 km),2012,5.4,L/100 km,C:\Users\rashi\ESM_databases\canoe-transportation\inputs\cache\nrcan_ceud_transport\2021_tran_on_e_32.xls
nrcan_ceud_transport_provincial,ON,32,Motorcycle,motorcycle_fleet_activity,motorcycles,stocks_and_demands,Motorcycle Energy Use1 (PJ),Motorcycle Energy Use1 (PJ),Motorcycle Energy Use1 (PJ),2013,2.137326,PJ,C:\Users\rashi\ESM_databases\canoe-transportation\inputs\cache\nrcan_ceud_transport\2021_tran_on_e_32.xls
nrcan_ceud_transport_provincial,ON,32,Motorcycle,motorcycle_fleet_activity,motorcycles,stocks_and_demands,Motorcycle|Activity|Passenger-kilometres (millions),Motorcycle,Activity|Passenger-kilometres (millions),2013,1218.092642,millions,C:\Users\rashi\ESM_databases\canoe-transportation\inputs\cache\nrcan_ceud_transport\2021_tran_on_e_32.xls
nrcan_ceud_transport_provincial,ON,32,Motorcycle,motorcycle_fleet_activity,motorcycles,stocks_and_demands,Motorcycle|Energy Intensity (MJ/Pkm),Motorcycle,Energy Intensity (MJ/Pkm),2013,1.75465,MJ/Pkm,C:\Users\rashi\ESM_databases\canoe-transportation\inputs\cache\nrcan_ceud_transport\2021_tran_on_e_32.xls
nrcan_ceud_transport_provincial,ON,32,Motorcycle,motorcycle_fleet_activity,motorcycles,stocks_and_demands,Motorcycle Explanatory Variables|Stock (thousands),Motorcycle Explanatory Variables,Stock (thousands),2013,211.294,thousands,C:\Users\rashi\ESM_databases\canoe-transportation\inputs\cache\nrcan_ceud_transport\2021_tran_on_e_32.xls
nrcan_ceud_transport_provincial,ON,32,Motorcycle,motorcycle_fleet_activity,motorcycles,stocks_and_demands,Motorcycle Explanatory Variables|Average Distance Travelled per Year (km),Motorcycle Explanatory Variables,Average Distance Travelled per Year (km),2013,5352.070279,km,C:\Users\rashi\ESM_databases\canoe-transportation\inputs\cache\nrcan_ceud_transport\2021_tran_on_e_32.xls
nrcan_ceud_transport_provincial,ON,32,Motorcycle,motorcycle_fleet_activity,motorcycles,stocks_and_demands,Motorcycle Explanatory Variables|Motorcycle On-Road Average Fuel Consumption (L/100 km),Motorcycle Explanatory Variables,Motorcycle On-Road Average Fuel Consumption (L/100 km),2013,5.4,L/100 km,C:\Users\rashi\ESM_databases\canoe-transportation\inputs\cache\nrcan_ceud_transport\2021_tran_on_e_32.xls
nrcan_ceud_transport_provincial,ON,32,Motorcycle,motorcycle_fleet_activity,motorcycles,stocks_and_demands,Motorcycle Energy Use1 (PJ),Motorcycle Energy Use1 (PJ),Motorcycle Energy Use1 (PJ),2014,2.045936,PJ,C:\Users\rashi\ESM_databases\canoe-transportation\inputs\cache\nrcan_ceud_transport\2021_tran_on_e_32.xls
nrcan_ceud_transport_provincial,ON,32,Motorcycle,motorcycle_fleet_activity,motorcycles,stocks_and_demands,Motorcycle|Activity|Passenger-kilometres (millions),Motorcycle,Activity|Passenger-kilometres (millions),2014,1165.984371,millions,C:\Users\rashi\ESM_databases\canoe-transportation\inputs\cache\nrcan_ceud_transport\2021_tran_on_e_32.xls
nrcan_ceud_transport_provincial,ON,32,Motorcycle,motorcycle_fleet_activity,motorcycles,stocks_and_demands,Motorcycle|Energy Intensity (MJ/Pkm),Motorcycle,Energy Intensity (MJ/Pkm),2014,1.754686,MJ/Pkm,C:\Users\rashi\ESM_databases\canoe-transportation\inputs\cache\nrcan_ceud_transport\2021_tran_on_e_32.xls
nrcan_ceud_transport_provincial,ON,32,Motorcycle,motorcycle_fleet_activity,motorcycles,stocks_and_demands,Motorcycle Explanatory Variables|Stock (thousands),Motorcycle Explanatory Variables,Stock (thousands),2014,213.283,thousands,C:\Users\rashi\ESM_databases\canoe-transportation\inputs\cache\nrcan_ceud_transport\2021_tran_on_e_32.xls
nrcan_ceud_transport_provincial,ON,32,Motorcycle,motorcycle_fleet_activity,motorcycles,stocks_and_demands,Motorcycle Explanatory Variables|Average Distance Travelled per Year (km),Motorcycle Explanatory Variables,Average Distance Travelled per Year (km),2014,5075.443659,km,C:\Users\rashi\ESM_databases\canoe-transportation\inputs\cache\nrcan_ceud_transport\2021_tran_on_e_32.xls
nrcan_ceud_transport_provincial,ON,32,Motorcycle,motorcycle_fleet_activity,motorcycles,stocks_and_demands,Motorcycle Explanatory Variables|Motorcycle On-Road Average Fuel Consumption (L/100 km),Motorcycle Explanatory Variables,Motorcycle On-Road Average Fuel Consumption (L/100 km),2014,5.4,L/100 km,C:\Users\rashi\ESM_databases\canoe-transportation\inputs\cache\nrcan_ceud_transport\2021_tran_on_e_32.xls
nrcan_ceud_transport_provincial,ON,32,Motorcycle,motorcycle_fleet_activity,motorcycles,stocks_and_demands,Motorcycle Energy Use1 (PJ),Motorcycle Energy Use1 (PJ),Motorcycle Energy Use1 (PJ),2015,2.04967,PJ,C:\Users\rashi\ESM_databases\canoe-transportation\inputs\cache\nrcan_ceud_transport\2021_tran_on_e_32.xls
nrcan_ceud_transport_provincial,ON,32,Motorcycle,motorcycle_fleet_activity,motorcycles,stocks_and_demands,Motorcycle|Activity|Passenger-kilometres (millions),Motorcycle,Activity|Passenger-kilometres (millions),2015,1168.115664,millions,C:\Users\rashi\ESM_databases\canoe-transportation\inputs\cache\nrcan_ceud_transport\2021_tran_on_e_32.xls
nrcan_ceud_transport_provincial,ON,32,Motorcycle,motorcycle_fleet_activity,motorcycles,stocks_and_demands,Motorcycle|Energy Intensity (MJ/Pkm),Motorcycle,Energy Intensity (MJ/Pkm),2015,1.754681,MJ/Pkm,C:\Users\rashi\ESM_databases\canoe-transportation\inputs\cache\nrcan_ceud_transport\2021_tran_on_e_32.xls
nrcan_ceud_transport_provincial,ON,32,Motorcycle,motorcycle_fleet_activity,motorcycles,stocks_and_demands,Motorcycle Explanatory Variables|Stock (thousands),Motorcycle Explanatory Variables,Stock (thousands),2015,217.049,thousands,C:\Users\rashi\ESM_databases\canoe-transportation\inputs\cache\nrcan_ceud_transport\2021_tran_on_e_32.xls
nrcan_ceud_transport_provincial,ON,32,Motorcycle,motorcycle_fleet_activity,motorcycles,stocks_and_demands,Motorcycle Explanatory Variables|Average Distance Travelled per Year (km),Motorcycle Explanatory Variables,Average Distance Travelled per Year (km),2015,4996.482512,km,C:\Users\rashi\ESM_databases\canoe-transportation\inputs\cache\nrcan_ceud_transport\2021_tran_on_e_32.xls
nrcan_ceud_transport_provincial,ON,32,Motorcycle,motorcycle_fleet_activity,motorcycles,stocks_and_demands,Motorcycle Explanatory Variables|Motorcycle On-Road Average Fuel Consumption (L/100 km),Motorcycle Explanatory Variables,Motorcycle On-Road Average Fuel Consumption (L/100 km),2015,5.4,L/100 km,C:\Users\rashi\ESM_databases\canoe-transportation\inputs\cache\nrcan_ceud_transport\2021_tran_on_e_32.xls
nrcan_ceud_transport_provincial,ON,32,Motorcycle,motorcycle_fleet_activity,motorcycles,stocks_and_demands,Motorcycle Energy Use1 (PJ),Motorcycle Energy Use1 (PJ),Motorcycle Energy Use1 (PJ),2016,2.032079,PJ,C:\Users\rashi\ESM_databases\canoe-transportation\inputs\cache\nrcan_ceud_transport\2021_tran_on_e_32.xls
nrcan_ceud_transport_provincial,ON,32,Motorcycle,motorcycle_fleet_activity,motorcycles,stocks_and_demands,Motorcycle|Activity|Passenger-kilometres (millions),Motorcycle,Activity|Passenger-kilometres (millions),2016,1231.888083,millions,C:\Users\rashi\ESM_databases\canoe-transportation\inputs\cache\nrcan_ceud_transport\2021_tran_on_e_32.xls
nrcan_ceud_transport_provincial,ON,32,Motorcycle,motorcycle_fleet_activity,motorcycles,stocks_and_demands,Motorcycle|Energy Intensity (MJ/Pkm),Motorcycle,Energy Intensity (MJ/Pkm),2016,1.649564,MJ/Pkm,C:\Users\rashi\ESM_databases\canoe-transportation\inputs\cache\nrcan_ceud_transport\2021_tran_on_e_32.xls
nrcan_ceud_transport_provincial,ON,32,Motorcycle,motorcycle_fleet_activity,motorcycles,stocks_and_demands,Motorcycle Explanatory Variables|Stock (thousands),Motorcycle Explanatory Variables,Stock (thousands),2016,219.933,thousands,C:\Users\rashi\ESM_databases\canoe-transportation\inputs\cache\nrcan_ceud_transport\2021_tran_on_e_32.xls
nrcan_ceud_transport_provincial,ON,32,Motorcycle,motorcycle_fleet_activity,motorcycles,stocks_and_demands,Motorcycle Explanatory Variables|Average Distance Travelled per Year (km),Motorcycle Explanatory Variables,Average Distance Travelled per Year (km),2016,4888.643145,km,C:\Users\rashi\ESM_databases\canoe-transportation\inputs\cache\nrcan_ceud_transport\2021_tran_on_e_32.xls
nrcan_ceud_transport_provincial,ON,32,Motorcycle,motorcycle_fleet_activity,motorcycles,stocks_and_demands,Motorcycle Explanatory Variables|Motorcycle On-Road Average Fuel Consumption (L/100 km),Motorcycle Explanatory Variables,Motorcycle On-Road Average Fuel Consumption (L/100 km),2016,5.4,L/100 km,C:\Users\rashi\ESM_databases\canoe-transportation\inputs\cache\nrcan_ceud_transport\2021_tran_on_e_32.xls
nrcan_ceud_transport_provincial,ON,32,Motorcycle,motorcycle_fleet_activity,motorcycles,stocks_and_demands,Motorcycle Energy Use1 (PJ),Motorcycle Energy Use1 (PJ),Motorcycle Energy Use1 (PJ),2017,1.928129,PJ,C:\Users\rashi\ESM_databases\canoe-transportation\inputs\cache\nrcan_ceud_transport\2021_tran_on_e_32.xls
nrcan_ceud_transport_provincial,ON,32,Motorcycle,motorcycle_fleet_activity,motorcycles,stocks_and_demands,Motorcycle|Activity|Passenger-kilometres (millions),Motorcycle,Activity|Passenger-kilometres (millions),2017,1206.20349,millions,C:\Users\rashi\ESM_databases\canoe-transportation\inputs\cache\nrcan_ceud_transport\2021_tran_on_e_32.xls
nrcan_ceud_transport_provincial,ON,32,Motorcycle,motorcycle_fleet_activity,motorcycles,stocks_and_demands,Motorcycle|Energy Intensity (MJ/Pkm),Motorcycle,Energy Intensity (MJ/Pkm),2017,1.598511,MJ/Pkm,C:\Users\rashi\ESM_databases\canoe-transportation\inputs\cache\nrcan_ceud_transport\2021_tran_on_e_32.xls
nrcan_ceud_transport_provincial,ON,32,Motorcycle,motorcycle_fleet_activity,motorcycles,stocks_and_demands,Motorcycle Explanatory Variables|Stock (thousands),Motorcycle Explanatory Variables,Stock (thousands),2017,222.935,thousands,C:\Users\rashi\ESM_databases\canoe-transportation\inputs\cache\nrcan_ceud_transport\2021_tran_on_e_32.xls
nrcan_ceud_transport_provincial,ON,32,Motorcycle,motorcycle_fleet_activity,motorcycles,stocks_and_demands,Motorcycle Explanatory Variables|Average Distance Travelled per Year (km),Motorcycle Explanatory Variables,Average Distance Travelled per Year (km),2017,4662.448203,km,C:\Users\rashi\ESM_databases\canoe-transportation\inputs\cache\nrcan_ceud_transport\2021_tran_on_e_32.xls
nrcan_ceud_transport_provincial,ON,32,Motorcycle,motorcycle_fleet_activity,motorcycles,stocks_and_demands,Motorcycle Explanatory Variables|Motorcycle On-Road Average Fuel Consumption (L/100 km),Motorcycle Explanatory Variables,Motorcycle On-Road Average Fuel Consumption (L/100 km),2017,5.3,L/100 km,C:\Users\rashi\ESM_databases\canoe-transportation\inputs\cache\nrcan_ceud_transport\2021_tran_on_e_32.xls
nrcan_ceud_transport_provincial,ON,32,Motorcycle,motorcycle_fleet_activity,motorcycles,stocks_and_demands,Motorcycle Energy Use1 (PJ),Motorcycle Energy Use1 (PJ),Motorcycle Energy Use1 (PJ),2018,1.885747,PJ,C:\Users\rashi\ESM_databases\canoe-transportation\inputs\cache\nrcan_ceud_transport\2021_tran_on_e_32.xls
nrcan_ceud_transport_provincial,ON,32,Motorcycle,motorcycle_fleet_activity,motorcycles,stocks_and_demands,Motorcycle|Activity|Passenger-kilometres (millions),Motorcycle,Activity|Passenger-kilometres (millions),2018,1179.674624,millions,C:\Users\rashi\ESM_databases\canoe-transportation\inputs\cache\nrcan_ceud_transport\2021_tran_on_e_32.xls
nrcan_ceud_transport_provincial,ON,32,Motorcycle,motorcycle_fleet_activity,motorcycles,stocks_and_demands,Motorcycle|Energy Intensity (MJ/Pkm),Motorcycle,Energy Intensity (MJ/Pkm),2018,1.598532,MJ/Pkm,C:\Users\rashi\ESM_databases\canoe-transportation\inputs\cache\nrcan_ceud_transport\2021_tran_on_e_32.xls
nrcan_ceud_transport_provincial,ON,32,Motorcycle,motorcycle_fleet_activity,motorcycles,stocks_and_demands,Motorcycle Explanatory Variables|Stock (thousands),Motorcycle Explanatory Variables,Stock (thousands),2018,222.139,thousands,C:\Users\rashi\ESM_databases\canoe-transportation\inputs\cache\nrcan_ceud_transport\2021_tran_on_e_32.xls
nrcan_ceud_transport_provincial,ON,32,Motorcycle,motorcycle_fleet_activity,motorcycles,stocks_and_demands,Motorcycle Explanatory Variables|Average Distance Travelled per Year (km),Motorcycle Explanatory Variables,Average Distance Travelled per Year (km),2018,4576.302609,km,C:\Users\rashi\ESM_databases\canoe-transportation\inputs\cache\nrcan_ceud_transport\2021_tran_on_e_32.xls
nrcan_ceud_transport_provincial,ON,32,Motorcycle,motorcycle_fleet_activity,motorcycles,stocks_and_demands,Motorcycle Explanatory Variables|Motorcycle On-Road Average Fuel Consumption (L/100 km),Motorcycle Explanatory Variables,Motorcycle On-Road Average Fuel Consumption (L/100 km),2018,5.3,L/100 km,C:\Users\rashi\ESM_databases\canoe-transportation\inputs\cache\nrcan_ceud_transport\2021_tran_on_e_32.xls
nrcan_ceud_transport_provincial,ON,32,Motorcycle,motorcycle_fleet_activity,motorcycles,stocks_and_demands,Motorcycle Energy Use1 (PJ),Motorcycle Energy Use1 (PJ),Motorcycle Energy Use1 (PJ),2019,1.928194,PJ,C:\Users\rashi\ESM_databases\canoe-transportation\inputs\cache\nrcan_ceud_transport\2021_tran_on_e_32.xls
nrcan_ceud_transport_provincial,ON,32,Motorcycle,motorcycle_fleet_activity,motorcycles,stocks_and_demands,Motorcycle|Activity|Passenger-kilometres (millions),Motorcycle,Activity|Passenger-kilometres (millions),2019,1208.301133,millions,C:\Users\rashi\ESM_databases\canoe-transportation\inputs\cache\nrcan_ceud_transport\2021_tran_on_e_32.xls
nrcan_ceud_transport_provincial,ON,32,Motorcycle,motorcycle_fleet_activity,motorcycles,stocks_and_demands,Motorcycle|Energy Intensity (MJ/Pkm),Motorcycle,Energy Intensity (MJ/Pkm),2019,1.59579,MJ/Pkm,C:\Users\rashi\ESM_databases\canoe-transportation\inputs\cache\nrcan_ceud_transport\2021_tran_on_e_32.xls
nrcan_ceud_transport_provincial,ON,32,Motorcycle,motorcycle_fleet_activity,motorcycles,stocks_and_demands,Motorcycle Explanatory Variables|Stock (thousands),Motorcycle Explanatory Variables,Stock (thousands),2019,220.575,thousands,C:\Users\rashi\ESM_databases\canoe-transportation\inputs\cache\nrcan_ceud_transport\2021_tran_on_e_32.xls
nrcan_ceud_transport_provincial,ON,32,Motorcycle,motorcycle_fleet_activity,motorcycles,stocks_and_demands,Motorcycle Explanatory Variables|Average Distance Travelled per Year (km),Motorcycle Explanatory Variables,Average Distance Travelled per Year (km),2019,4712.491618,km,C:\Users\rashi\ESM_databases\canoe-transportation\inputs\cache\nrcan_ceud_transport\2021_tran_on_e_32.xls
nrcan_ceud_transport_provincial,ON,32,Motorcycle,motorcycle_fleet_activity,motorcycles,stocks_and_demands,Motorcycle Explanatory Variables|Motorcycle On-Road Average Fuel Consumption (L/100 km),Motorcycle Explanatory Variables,Motorcycle On-Road Average Fuel Consumption (L/100 km),2019,5.3,L/100 km,C:\Users\rashi\ESM_databases\canoe-transportation\inputs\cache\nrcan_ceud_transport\2021_tran_on_e_32.xls
nrcan_ceud_transport_provincial,ON,32,Motorcycle,motorcycle_fleet_activity,motorcycles,stocks_and_demands,Motorcycle Energy Use1 (PJ),Motorcycle Energy Use1 (PJ),Motorcycle Energy Use1 (PJ),2020,1.495376,PJ,C:\Users\rashi\ESM_databases\canoe-transportation\inputs\cache\nrcan_ceud_transport\2021_tran_on_e_32.xls
nrcan_ceud_transport_provincial,ON,32,Motorcycle,motorcycle_fleet_activity,motorcycles,stocks_and_demands,Motorcycle|Activity|Passenger-kilometres (millions),Motorcycle,Activity|Passenger-kilometres (millions),2020,1022.801686,millions,C:\Users\rashi\ESM_databases\canoe-transportation\inputs\cache\nrcan_ceud_transport\2021_tran_on_e_32.xls
nrcan_ceud_transport_provincial,ON,32,Motorcycle,motorcycle_fleet_activity,motorcycles,stocks_and_demands,Motorcycle|Energy Intensity (MJ/Pkm),Motorcycle,Energy Intensity (MJ/Pkm),2020,1.462039,MJ/Pkm,C:\Users\rashi\ESM_databases\canoe-transportation\inputs\cache\nrcan_ceud_transport\2021_tran_on_e_32.xls
nrcan_ceud_transport_provincial,ON,32,Motorcycle,motorcycle_fleet_activity,motorcycles,stocks_and_demands,Motorcycle Explanatory Variables|Stock (thousands),Motorcycle Explanatory Variables,Stock (thousands),2020,225.823,thousands,C:\Users\rashi\ESM_databases\canoe-transportation\inputs\cache\nrcan_ceud_transport\2021_tran_on_e_32.xls
nrcan_ceud_transport_provincial,ON,32,Motorcycle,motorcycle_fleet_activity,motorcycles,stocks_and_demands,Motorcycle Explanatory Variables|Average Distance Travelled per Year (km),Motorcycle Explanatory Variables,Average Distance Travelled per Year (km),2020,3735.169846,km,C:\Users\rashi\ESM_databases\canoe-transportation\inputs\cache\nrcan_ceud_transport\2021_tran_on_e_32.xls
nrcan_ceud_transport_provincial,ON,32,Motorcycle,motorcycle_fleet_activity,motorcycles,stocks_and_demands,Motorcycle Explanatory Variables|Motorcycle On-Road Average Fuel Consumption (L/100 km),Motorcycle Explanatory Variables,Motorcycle On-Road Average Fuel Consumption (L/100 km),2020,5.3,L/100 km,C:\Users\rashi\ESM_databases\canoe-transportation\inputs\cache\nrcan_ceud_transport\2021_tran_on_e_32.xls
nrcan_ceud_transport_provincial,ON,32,Motorcycle,motorcycle_fleet_activity,motorcycles,stocks_and_demands,Motorcycle Energy Use1 (PJ),Motorcycle Energy Use1 (PJ),Motorcycle Energy Use1 (PJ),2021,1.71987,PJ,C:\Users\rashi\ESM_databases\canoe-transportation\inputs\cache\nrcan_ceud_transport\2021_tran_on_e_32.xls
nrcan_ceud_transport_provincial,ON,32,Motorcycle,motorcycle_fleet_activity,motorcycles,stocks_and_demands,Motorcycle|Activity|Passenger-kilometres (millions),Motorcycle,Activity|Passenger-kilometres (millions),2021,1542.159927,millions,C:\Users\rashi\ESM_databases\canoe-transportation\inputs\cache\nrcan_ceud_transport\2021_tran_on_e_32.xls
nrcan_ceud_transport_provincial,ON,32,Motorcycle,motorcycle_fleet_activity,motorcycles,stocks_and_demands,Motorcycle|Energy Intensity (MJ/Pkm),Motorcycle,Energy Intensity (MJ/Pkm),2021,1.115234,MJ/Pkm,C:\Users\rashi\ESM_databases\canoe-transportation\inputs\cache\nrcan_ceud_transport\2021_tran_on_e_32.xls
nrcan_ceud_transport_provincial,ON,32,Motorcycle,motorcycle_fleet_activity,motorcycles,stocks_and_demands,Motorcycle Explanatory Variables|Stock (thousands),Motorcycle Explanatory Variables,Stock (thousands),2021,243.996,thousands,C:\Users\rashi\ESM_databases\canoe-transportation\inputs\cache\nrcan_ceud_transport\2021_tran_on_e_32.xls
nrcan_ceud_transport_provincial,ON,32,Motorcycle,motorcycle_fleet_activity,motorcycles,stocks_and_demands,Motorcycle Explanatory Variables|Average Distance Travelled per Year (km),Motorcycle Explanatory Variables,Average Distance Travelled per Year (km),2021,3975.94915,km,C:\Users\rashi\ESM_databases\canoe-transportation\inputs\cache\nrcan_ceud_transport\2021_tran_on_e_32.xls
nrcan_ceud_transport_provincial,ON,32,Motorcycle,motorcycle_fleet_activity,motorcycles,stocks_and_demands,Motorcycle Explanatory Variables|Motorcycle On-Road Average Fuel Consumption (L/100 km),Motorcycle Explanatory Variables,Motorcycle On-Road Average Fuel Consumption (L/100 km),2021,5.3,L/100 km,C:\Users\rashi\ESM_databases\canoe-transportation\inputs\cache\nrcan_ceud_transport\2021_tran_on_e_32.xls
nrcan_ceud_transport_provincial,ON,34,Passenger Light Trucks,passenger_light_trucks_activity,passenger_light_trucks,stocks_and_demands,Passenger Light Truck Energy Use (PJ),Passenger Light Truck Energy Use (PJ),Passenger Light Truck Energy Use (PJ),2000,131.740621,PJ,C:\Users\rashi\ESM_databases\canoe-transportation\inputs\cache\nrcan_ceud_transport\2021_tran_on_e_34.xls
nrcan_ceud_transport_provincial,ON,34,Passenger Light Trucks,passenger_light_trucks_activity,passenger_light_trucks,stocks_and_demands,Passenger Light Trucks|Energy Use by Energy Source (PJ)|Natural Gas,Passenger Light Trucks,Energy Use by Energy Source (PJ)|Natural Gas,2000,0.001648,PJ,C:\Users\rashi\ESM_databases\canoe-transportation\inputs\cache\nrcan_ceud_transport\2021_tran_on_e_34.xls
nrcan_ceud_transport_provincial,ON,34,Passenger Light Trucks,passenger_light_trucks_activity,passenger_light_trucks,stocks_and_demands,Passenger Light Trucks|Energy Use by Energy Source (PJ)|Motor Gasoline,Passenger Light Trucks,Energy Use by Energy Source (PJ)|Motor Gasoline,2000,129.879407,PJ,C:\Users\rashi\ESM_databases\canoe-transportation\inputs\cache\nrcan_ceud_transport\2021_tran_on_e_34.xls
nrcan_ceud_transport_provincial,ON,34,Passenger Light Trucks,passenger_light_trucks_activity,passenger_light_trucks,stocks_and_demands,Passenger Light Trucks|Energy Use by Energy Source (PJ)|Diesel Fuel Oil,Passenger Light Trucks,Energy Use by Energy Source (PJ)|Diesel Fuel Oil,2000,1.412575,PJ,C:\Users\rashi\ESM_databases\canoe-transportation\inputs\cache\nrcan_ceud_transport\2021_tran_on_e_34.xls
nrcan_ceud_transport_provincial,ON,34,Passenger Light Trucks,passenger_light_trucks_activity,passenger_light_trucks,stocks_and_demands,Passenger Light Trucks|Energy Use by Energy Source (PJ)|Biodiesel Fuel,Passenger Light Trucks,Energy Use by Energy Source (PJ)|Biodiesel Fuel,2000,0.0,PJ,C:\Users\rashi\ESM_databases\canoe-transportation\inputs\cache\nrcan_ceud_transport\2021_tran_on_e_34.xls
nrcan_ceud_transport_provincial,ON,34,Passenger Light Trucks,passenger_light_trucks_activity,passenger_light_trucks,stocks_and_demands,Passenger Light Trucks|Energy Use by Energy Source (PJ)|Propane,Passenger Light Trucks,Energy Use by Energy Source (PJ)|Propane,2000,0.446991,PJ,C:\Users\rashi\ESM_databases\canoe-transportation\inputs\cache\nrcan_ceud_transport\2021_tran_on_e_34.xls
nrcan_ceud_transport_provincial,ON,34,Passenger Light Trucks,passenger_light_trucks_activity,passenger_light_trucks,stocks_and_demands,Passenger Light Trucks|Activity|Passenger-kilometres (millions),Passenger Light Trucks,Activity|Passenger-kilometres (millions),2000,56790.016723,millions,C:\Users\rashi\ESM_databases\canoe-transportation\inputs\cache\nrcan_ceud_transport\2021_tran_on_e_34.xls
nrcan_ceud_transport_provincial,ON,34,Passenger Light Trucks,passenger_light_trucks_activity,passenger_light_trucks,stocks_and_demands,Passenger Light Trucks|Energy Intensity (MJ/Pkm),Passenger Light Trucks,Energy Intensity (MJ/Pkm),2000,2.319785,MJ/Pkm,C:\Users\rashi\ESM_databases\canoe-transportation\inputs\cache\nrcan_ceud_transport\2021_tran_on_e_34.xls
nrcan_ceud_transport_provincial,ON,34,Passenger Light Trucks,passenger_light_trucks_activity,passenger_light_trucks,stocks_and_demands,Passenger Light Truck Energy Use (PJ),Passenger Light Truck Energy Use (PJ),Passenger Light Truck Energy Use (PJ),2001,132.639267,PJ,C:\Users\rashi\ESM_databases\canoe-transportation\inputs\cache\nrcan_ceud_transport\2021_tran_on_e_34.xls
nrcan_ceud_transport_provincial,ON,34,Passenger Light Trucks,passenger_light_trucks_activity,passenger_light_trucks,stocks_and_demands,Passenger Light Trucks|Energy Use by Energy Source (PJ)|Natural Gas,Passenger Light Trucks,Energy Use by Energy Source (PJ)|Natural Gas,2001,0.001877,PJ,C:\Users\rashi\ESM_databases\canoe-transportation\inputs\cache\nrcan_ceud_transport\2021_tran_on_e_34.xls
nrcan_ceud_transport_provincial,ON,34,Passenger Light Trucks,passenger_light_trucks_activity,passenger_light_trucks,stocks_and_demands,Passenger Light Trucks|Energy Use by Energy Source (PJ)|Motor Gasoline,Passenger Light Trucks,Energy Use by Energy Source (PJ)|Motor Gasoline,2001,130.787963,PJ,C:\Users\rashi\ESM_databases\canoe-transportation\inputs\cache\nrcan_ceud_transport\2021_tran_on_e_34.xls
nrcan_ceud_transport_provincial,ON,34,Passenger Light Trucks,passenger_light_trucks_activity,passenger_light_trucks,stocks_and_demands,Passenger Light Trucks|Energy Use by Energy Source (PJ)|Diesel Fuel Oil,Passenger Light Trucks,Energy Use by Energy Source (PJ)|Diesel Fuel Oil,2001,1.360914,PJ,C:\Users\rashi\ESM_databases\canoe-transportation\inputs\cache\nrcan_ceud_transport\2021_tran_on_e_34.xls
nrcan_ceud_transport_provincial,ON,34,Passenger Light Trucks,passenger_light_trucks_activity,passenger_light_trucks,stocks_and_demands,Passenger Light Trucks|Energy Use by Energy Source (PJ)|Propane,Passenger Light Trucks,Energy Use by Energy Source (PJ)|Propane,2001,0.488513,PJ,C:\Users\rashi\ESM_databases\canoe-transportation\inputs\cache\nrcan_ceud_transport\2021_tran_on_e_34.xls
nrcan_ceud_transport_provincial,ON,34,Passenger Light Trucks,passenger_light_trucks_activity,passenger_light_trucks,stocks_and_demands,Passenger Light Trucks|Activity|Passenger-kilometres (millions),Passenger Light Trucks,Activity|Passenger-kilometres (millions),2001,58077.240127,millions,C:\Users\rashi\ESM_databases\canoe-transportation\inputs\cache\nrcan_ceud_transport\2021_tran_on_e_34.xls
nrcan_ceud_transport_provincial,ON,34,Passenger Light Trucks,passenger_light_trucks_activity,passenger_light_trucks,stocks_and_demands,Passenger Light Trucks|Energy Intensity (MJ/Pkm),Passenger Light Trucks,Energy Intensity (MJ/Pkm),2001,2.283842,MJ/Pkm,C:\Users\rashi\ESM_databases\canoe-transportation\inputs\cache\nrcan_ceud_transport\2021_tran_on_e_34.xls
nrcan_ceud_transport_provincial,ON,34,Passenger Light Trucks,passenger_light_trucks_activity,passenger_light_trucks,stocks_and_demands,Passenger Light Truck Energy Use (PJ),Passenger Light Truck Energy Use (PJ),Passenger Light Truck Energy Use (PJ),2002,141.345746,PJ,C:\Users\rashi\ESM_databases\canoe-transportation\inputs\cache\nrcan_ceud_transport\2021_tran_on_e_34.xls
nrcan_ceud_transport_provincial,ON,34,Passenger Light Trucks,passenger_light_trucks_activity,passenger_light_trucks,stocks_and_demands,Passenger Light Trucks|Energy Use by Energy Source (PJ)|Natural Gas,Passenger Light Trucks,Energy Use by Energy Source (PJ)|Natural Gas,2002,0.00211,PJ,C:\Users\rashi\ESM_databases\canoe-transportation\inputs\cache\nrcan_ceud_transport\2021_tran_on_e_34.xls
nrcan_ceud_transport_provincial,ON,34,Passenger Light Trucks,passenger_light_trucks_activity,passenger_light_trucks,stocks_and_demands,Passenger Light Trucks|Energy Use by Energy Source (PJ)|Motor Gasoline,Passenger Light Trucks,Energy Use by Energy Source (PJ)|Motor Gasoline,2002,139.704463,PJ,C:\Users\rashi\ESM_databases\canoe-transportation\inputs\cache\nrcan_ceud_transport\2021_tran_on_e_34.xls
nrcan_ceud_transport_provincial,ON,34,Passenger Light Trucks,passenger_light_trucks_activity,passenger_light_trucks,stocks_and_demands,Passenger Light Trucks|Energy Use by Energy Source (PJ)|Diesel Fuel Oil,Passenger Light Trucks,Energy Use by Energy Source (PJ)|Diesel Fuel Oil,2002,1.38146,PJ,C:\Users\rashi\ESM_databases\canoe-transportation\inputs\cache\nrcan_ceud_transport\2021_tran_on_e_34.xls
nrcan_ceud_transport_provincial,ON,34,Passenger Light Trucks,passenger_light_trucks_activity,passenger_light_trucks,stocks_and_demands,Passenger Light Trucks|Energy Use by Energy Source (PJ)|Propane,Passenger Light Trucks,Energy Use by Energy Source (PJ)|Propane,2002,0.257713,PJ,C:\Users\rashi\ESM_databases\canoe-transportation\inputs\cache\nrcan_ceud_transport\2021_tran_on_e_34.xls
nrcan_ceud_transport_provincial,ON,34,Passenger Light Trucks,passenger_light_trucks_activity,passenger_light_trucks,stocks_and_demands,Passenger Light Trucks|Activity|Passenger-kilometres (millions),Passenger Light Trucks,Activity|Passenger-kilometres (millions),2002,62187.732307,millions,C:\Users\rashi\ESM_databases\canoe-transportation\inputs\cache\nrcan_ceud_transport\2021_tran_on_e_34.xls
nrcan_ceud_transport_provincial,ON,34,Passenger Light Trucks,passenger_light_trucks_activity,passenger_light_trucks,stocks_and_demands,Passenger Light Trucks|Energy Intensity (MJ/Pkm),Passenger Light Trucks,Energy Intensity (MJ/Pkm),2002,2.272888,MJ/Pkm,C:\Users\rashi\ESM_databases\canoe-transportation\inputs\cache\nrcan_ceud_transport\2021_tran_on_e_34.xls
nrcan_ceud_transport_provincial,ON,34,Passenger Light Trucks,passenger_light_trucks_activity,passenger_light_trucks,stocks_and_demands,Passenger Light Truck Energy Use (PJ),Passenger Light Truck Energy Use (PJ),Passenger Light Truck Energy Use (PJ),2003,146.205093,PJ,C:\Users\rashi\ESM_databases\canoe-transportation\inputs\cache\nrcan_ceud_transport\2021_tran_on_e_34.xls
nrcan_ceud_transport_provincial,ON,34,Passenger Light Trucks,passenger_light_trucks_activity,passenger_light_trucks,stocks_and_demands,Passenger Light Trucks|Energy Use by Energy Source (PJ)|Natural Gas,Passenger Light Trucks,Energy Use by Energy Source (PJ)|Natural Gas,2003,0.002297,PJ,C:\Users\rashi\ESM_databases\canoe-transportation\inputs\cache\nrcan_ceud_transport\2021_tran_on_e_34.xls
nrcan_ceud_transport_provincial,ON,34,Passenger Light Trucks,passenger_light_trucks_activity,passenger_light_trucks,stocks_and_demands,Passenger Light Trucks|Energy Use by Energy Source (PJ)|Motor Gasoline,Passenger Light Trucks,Energy Use by Energy Source (PJ)|Motor Gasoline,2003,144.486658,PJ,C:\Users\rashi\ESM_databases\canoe-transportation\inputs\cache\nrcan_ceud_transport\2021_tran_on_e_34.xls
nrcan_ceud_transport_provincial,ON,34,Passenger Light Trucks,passenger_light_trucks_activity,passenger_light_trucks,stocks_and_demands,Passenger Light Trucks|Energy Use by Energy Source (PJ)|Diesel Fuel Oil,Passenger Light Trucks,Energy Use by Energy Source (PJ)|Diesel Fuel Oil,2003,1.427988,PJ,C:\Users\rashi\ESM_databases\canoe-transportation\inputs\cache\nrcan_ceud_transport\2021_tran_on_e_34.xls
nrcan_ceud_transport_provincial,ON,34,Passenger Light Trucks,passenger_light_trucks_activity,passenger_light_trucks,stocks_and_demands,Passenger Light Trucks|Energy Use by Energy Source (PJ)|Propane,Passenger Light Trucks,Energy Use by Energy Source (PJ)|Propane,2003,0.28815,PJ,C:\Users\rashi\ESM_databases\canoe-transportation\inputs\cache\nrcan_ceud_transport\2021_tran_on_e_34.xls
nrcan_ceud_transport_provincial,ON,34,Passenger Light Trucks,passenger_light_trucks_activity,passenger_light_trucks,stocks_and_demands,Passenger Light Trucks|Activity|Passenger-kilometres (millions),Passenger Light Trucks,Activity|Passenger-kilometres (millions),2003,64810.999015,millions,C:\Users\rashi\ESM_databases\canoe-transportation\inputs\cache\nrcan_ceud_transport\2021_tran_on_e_34.xls
nrcan_ceud_transport_provincial,ON,34,Passenger Light Trucks,passenger_light_trucks_activity,passenger_light_trucks,stocks_and_demands,Passenger Light Trucks|Energy Intensity (MJ/Pkm),Passenger Light Trucks,Energy Intensity (MJ/Pkm),2003,2.255869,MJ/Pkm,C:\Users\rashi\ESM_databases\canoe-transportation\inputs\cache\nrcan_ceud_transport\2021_tran_on_e_34.xls
nrcan_ceud_transport_provincial,ON,34,Passenger Light Trucks,passenger_light_trucks_activity,passenger_light_trucks,stocks_and_demands,Passenger Light Truck Energy Use (PJ),Passenger Light Truck Energy Use (PJ),Passenger Light Truck Energy Use (PJ),2004,154.545828,PJ,C:\Users\rashi\ESM_databases\canoe-transportation\inputs\cache\nrcan_ceud_transport\2021_tran_on_e_34.xls
nrcan_ceud_transport_provincial,ON,34,Passenger Light Trucks,passenger_light_trucks_activity,passenger_light_trucks,stocks_and_demands,Passenger Light Trucks|Energy Use by Energy Source (PJ)|Natural Gas,Passenger Light Trucks,Energy Use by Energy Source (PJ)|Natural Gas,2004,0.002504,PJ,C:\Users\rashi\ESM_databases\canoe-transportation\inputs\cache\nrcan_ceud_transport\2021_tran_on_e_34.xls
nrcan_ceud_transport_provincial,ON,34,Passenger Light Trucks,passenger_light_trucks_activity,passenger_light_trucks,stocks_and_demands,Passenger Light Trucks|Energy Use by Energy Source (PJ)|Motor Gasoline,Passenger Light Trucks,Energy Use by Energy Source (PJ)|Motor Gasoline,2004,152.726986,PJ,C:\Users\rashi\ESM_databases\canoe-transportation\inputs\cache\nrcan_ceud_transport\2021_tran_on_e_34.xls
nrcan_ceud_transport_provincial,ON,34,Passenger Light Trucks,passenger_light_trucks_activity,passenger_light_trucks,stocks_and_demands,Passenger Light Trucks|Energy Use by Energy Source (PJ)|Diesel Fuel Oil,Passenger Light Trucks,Energy Use by Energy Source (PJ)|Diesel Fuel Oil,2004,1.4926,PJ,C:\Users\rashi\ESM_databases\canoe-transportation\inputs\cache\nrcan_ceud_transport\2021_tran_on_e_34.xls
nrcan_ceud_transport_provincial,ON,34,Passenger Light Trucks,passenger_light_trucks_activity,passenger_light_trucks,stocks_and_demands,Passenger Light Trucks|Energy Use by Energy Source (PJ)|Propane,Passenger Light Trucks,Energy Use by Energy Source (PJ)|Propane,2004,0.323738,PJ,C:\Users\rashi\ESM_databases\canoe-transportation\inputs\cache\nrcan_ceud_transport\2021_tran_on_e_34.xls
nrcan_ceud_transport_provincial,ON,34,Passenger Light Trucks,passenger_light_trucks_activity,passenger_light_trucks,stocks_and_demands,Passenger Light Trucks|Activity|Passenger-kilometres (millions),Passenger Light Trucks,Activity|Passenger-kilometres (millions),2004,68786.827324,millions,C:\Users\rashi\ESM_databases\canoe-transportation\inputs\cache\nrcan_ceud_transport\2021_tran_on_e_34.xls
nrcan_ceud_transport_provincial,ON,34,Passenger Light Trucks,passenger_light_trucks_activity,passenger_light_trucks,stocks_and_demands,Passenger Light Trucks|Energy Intensity (MJ/Pkm),Passenger Light Trucks,Energy Intensity (MJ/Pkm),2004,2.246736,MJ/Pkm,C:\Users\rashi\ESM_databases\canoe-transportation\inputs\cache\nrcan_ceud_transport\2021_tran_on_e_34.xls
nrcan_ceud_transport_provincial,ON,34,Passenger Light Trucks,passenger_light_trucks_activity,passenger_light_trucks,stocks_and_demands,Passenger Light Truck Energy Use (PJ),Passenger Light Truck Energy Use (PJ),Passenger Light Truck Energy Use (PJ),2005,163.04723,PJ,C:\Users\rashi\ESM_databases\canoe-transportation\inputs\cache\nrcan_ceud_transport\2021_tran_on_e_34.xls
nrcan_ceud_transport_provincial,ON,34,Passenger Light Trucks,passenger_light_trucks_activity,passenger_light_trucks,stocks_and_demands,Passenger Light Trucks|Energy Use by Energy Source (PJ)|Natural Gas,Passenger Light Trucks,Energy Use by Energy Source (PJ)|Natural Gas,2005,0.002989,PJ,C:\Users\rashi\ESM_databases\canoe-transportation\inputs\cache\nrcan_ceud_transport\2021_tran_on_e_34.xls
nrcan_ceud_transport_provincial,ON,34,Passenger Light Trucks,passenger_light_trucks_activity,passenger_light_trucks,stocks_and_demands,Passenger Light Trucks|Energy Use by Energy Source (PJ)|Motor Gasoline,Passenger Light Trucks,Energy Use by Energy Source (PJ)|Motor Gasoline,2005,160.960612,PJ,C:\Users\rashi\ESM_databases\canoe-transportation\inputs\cache\nrcan_ceud_transport\2021_tran_on_e_34.xls
nrcan_ceud_transport_provincial,ON,34,Passenger Light Trucks,passenger_light_trucks_activity,passenger_light_trucks,stocks_and_demands,Passenger Light Trucks|Energy Use by Energy Source (PJ)|Diesel Fuel Oil,Passenger Light Trucks,Energy Use by Energy Source (PJ)|Diesel Fuel Oil,2005,1.812968,PJ,C:\Users\rashi\ESM_databases\canoe-transportation\inputs\cache\nrcan_ceud_transport\2021_tran_on_e_34.xls
nrcan_ceud_transport_provincial,ON,34,Passenger Light Trucks,passenger_light_trucks_activity,passenger_light_trucks,stocks_and_demands,Passenger Light Trucks|Energy Use by Energy Source (PJ)|Propane,Passenger Light Trucks,Energy Use by Energy Source (PJ)|Propane,2005,0.270661,PJ,C:\Users\rashi\ESM_databases\canoe-transportation\inputs\cache\nrcan_ceud_transport\2021_tran_on_e_34.xls
nrcan_ceud_transport_provincial,ON,34,Passenger Light Trucks,passenger_light_trucks_activity,passenger_light_trucks,stocks_and_demands,Passenger Light Trucks|Activity|Passenger-kilometres (millions),Passenger Light Trucks,Activity|Passenger-kilometres (millions),2005,73115.482914,millions,C:\Users\rashi\ESM_databases\canoe-transportation\inputs\cache\nrcan_ceud_transport\2021_tran_on_e_34.xls
nrcan_ceud_transport_provincial,ON,34,Passenger Light Trucks,passenger_light_trucks_activity,passenger_light_trucks,stocks_and_demands,Passenger Light Trucks|Energy Intensity (MJ/Pkm),Passenger Light Trucks,Energy Intensity (MJ/Pkm),2005,2.229996,MJ/Pkm,C:\Users\rashi\ESM_databases\canoe-transportation\inputs\cache\nrcan_ceud_transport\2021_tran_on_e_34.xls
nrcan_ceud_transport_provincial,ON,34,Passenger Light Trucks,passenger_light_trucks_activity,passenger_light_trucks,stocks_and_demands,Passenger Light Truck Energy Use (PJ),Passenger Light Truck Energy Use (PJ),Passenger Light Truck Energy Use (PJ),2006,161.755524,PJ,C:\Users\rashi\ESM_databases\canoe-transportation\inputs\cache\nrcan_ceud_transport\2021_tran_on_e_34.xls
nrcan_ceud_transport_provincial,ON,34,Passenger Light Trucks,passenger_light_trucks_activity,passenger_light_trucks,stocks_and_demands,Passenger Light Trucks|Energy Use by Energy Source (PJ)|Natural Gas,Passenger Light Trucks,Energy Use by Energy Source (PJ)|Natural Gas,2006,0.004538,PJ,C:\Users\rashi\ESM_databases\canoe-transportation\inputs\cache\nrcan_ceud_transport\2021_tran_on_e_34.xls
nrcan_ceud_transport_provincial,ON,34,Passenger Light Trucks,passenger_light_trucks_activity,passenger_light_trucks,stocks_and_demands,Passenger Light Trucks|Energy Use by Energy Source (PJ)|Motor Gasoline,Passenger Light Trucks,Energy Use by Energy Source (PJ)|Motor Gasoline,2006,160.773833,PJ,C:\Users\rashi\ESM_databases\canoe-transportation\inputs\cache\nrcan_ceud_transport\2021_tran_on_e_34.xls
nrcan_ceud_transport_provincial,ON,34,Passenger Light Trucks,passenger_light_trucks_activity,passenger_light_trucks,stocks_and_demands,Passenger Light Trucks|Energy Use by Energy Source (PJ)|Diesel Fuel Oil,Passenger Light Trucks,Energy Use by Energy Source (PJ)|Diesel Fuel Oil,2006,0.440987,PJ,C:\Users\rashi\ESM_databases\canoe-transportation\inputs\cache\nrcan_ceud_transport\2021_tran_on_e_34.xls
nrcan_ceud_transport_provincial,ON,34,Passenger Light Trucks,passenger_light_trucks_activity,passenger_light_trucks,stocks_and_demands,Passenger Light Trucks|Energy Use by Energy Source (PJ)|Propane,Passenger Light Trucks,Energy Use by Energy Source (PJ)|Propane,2006,0.536166,PJ,C:\Users\rashi\ESM_databases\canoe-transportation\inputs\cache\nrcan_ceud_transport\2021_tran_on_e_34.xls
nrcan_ceud_transport_provincial,ON,34,Passenger Light Trucks,passenger_light_trucks_activity,passenger_light_trucks,stocks_and_demands,Passenger Light Trucks|Activity|Passenger-kilometres (millions),Passenger Light Trucks,Activity|Passenger-kilometres (millions),2006,72848.495015,millions,C:\Users\rashi\ESM_databases\canoe-transportation\inputs\cache\nrcan_ceud_transport\2021_tran_on_e_34.xls
nrcan_ceud_transport_provincial,ON,34,Passenger Light Trucks,passenger_light_trucks_activity,passenger_light_trucks,stocks_and_demands,Passenger Light Trucks|Energy Intensity (MJ/Pkm),Passenger Light Trucks,Energy Intensity (MJ/Pkm),2006,2.220437,MJ/Pkm,C:\Users\rashi\ESM_databases\canoe-transportation\inputs\cache\nrcan_ceud_transport\2021_tran_on_e_34.xls
nrcan_ceud_transport_provincial,ON,34,Passenger Light Trucks,passenger_light_trucks_activity,passenger_light_trucks,stocks_and_demands,Passenger Light Truck Energy Use (PJ),Passenger Light Truck Energy Use (PJ),Passenger Light Truck Energy Use (PJ),2007,167.039466,PJ,C:\Users\rashi\ESM_databases\canoe-transportation\inputs\cache\nrcan_ceud_transport\2021_tran_on_e_34.xls
nrcan_ceud_transport_provincial,ON,34,Passenger Light Trucks,passenger_light_trucks_activity,passenger_light_trucks,stocks_and_demands,Passenger Light Trucks|Energy Use by Energy Source (PJ)|Natural Gas,Passenger Light Trucks,Energy Use by Energy Source (PJ)|Natural Gas,2007,0.004511,PJ,C:\Users\rashi\ESM_databases\canoe-transportation\inputs\cache\nrcan_ceud_transport\2021_tran_on_e_34.xls
nrcan_ceud_transport_provincial,ON,34,Passenger Light Trucks,passenger_light_trucks_activity,passenger_light_trucks,stocks_and_demands,Passenger Light Trucks|Energy Use by Energy Source (PJ)|Motor Gasoline,Passenger Light Trucks,Energy Use by Energy Source (PJ)|Motor Gasoline,2007,160.021942,PJ,C:\Users\rashi\ESM_databases\canoe-transportation\inputs\cache\nrcan_ceud_transport\2021_tran_on_e_34.xls
nrcan_ceud_transport_provincial,ON,34,Passenger Light Trucks,passenger_light_trucks_activity,passenger_light_trucks,stocks_and_demands,Passenger Light Trucks|Energy Use by Energy Source (PJ)|Diesel Fuel Oil,Passenger Light Trucks,Energy Use by Energy Source (PJ)|Diesel Fuel Oil,2007,0.423301,PJ,C:\Users\rashi\ESM_databases\canoe-transportation\inputs\cache\nrcan_ceud_transport\2021_tran_on_e_34.xls
nrcan_ceud_transport_provincial,ON,34,Passenger Light Trucks,passenger_light_trucks_activity,passenger_light_trucks,stocks_and_demands,Passenger Light Trucks|Energy Use by Energy Source (PJ)|Ethanol,Passenger Light Trucks,Energy Use by Energy Source (PJ)|Ethanol,2007,5.990779,PJ,C:\Users\rashi\ESM_databases\canoe-transportation\inputs\cache\nrcan_ceud_transport\2021_tran_on_e_34.xls
nrcan_ceud_transport_provincial,ON,34,Passenger Light Trucks,passenger_light_trucks_activity,passenger_light_trucks,stocks_and_demands,Passenger Light Trucks|Energy Use by Energy Source (PJ)|Propane,Passenger Light Trucks,Energy Use by Energy Source (PJ)|Propane,2007,0.598933,PJ,C:\Users\rashi\ESM_databases\canoe-transportation\inputs\cache\nrcan_ceud_transport\2021_tran_on_e_34.xls
nrcan_ceud_transport_provincial,ON,34,Passenger Light Trucks,passenger_light_trucks_activity,passenger_light_trucks,stocks_and_demands,Passenger Light Trucks|Activity|Passenger-kilometres (millions),Passenger Light Trucks,Activity|Passenger-kilometres (millions),2007,75894.909419,millions,C:\Users\rashi\ESM_databases\canoe-transportation\inputs\cache\nrcan_ceud_transport\2021_tran_on_e_34.xls
nrcan_ceud_transport_provincial,ON,34,Passenger Light Trucks,passenger_light_trucks_activity,passenger_light_trucks,stocks_and_demands,Passenger Light Trucks|Energy Intensity (MJ/Pkm),Passenger Light Trucks,Energy Intensity (MJ/Pkm),2007,2.200931,MJ/Pkm,C:\Users\rashi\ESM_databases\canoe-transportation\inputs\cache\nrcan_ceud_transport\2021_tran_on_e_34.xls
nrcan_ceud_transport_provincial,ON,34,Passenger Light Trucks,passenger_light_trucks_activity,passenger_light_trucks,stocks_and_demands,Passenger Light Truck Energy Use (PJ),Passenger Light Truck Energy Use (PJ),Passenger Light Truck Energy Use (PJ),2008,168.034907,PJ,C:\Users\rashi\ESM_databases\canoe-transportation\inputs\cache\nrcan_ceud_transport\2021_tran_on_e_34.xls
nrcan_ceud_transport_provincial,ON,34,Passenger Light Trucks,passenger_light_trucks_activity,passenger_light_trucks,stocks_and_demands,Passenger Light Trucks|Energy Use by Energy Source (PJ)|Natural Gas,Passenger Light Trucks,Energy Use by Energy Source (PJ)|Natural Gas,2008,0.004916,PJ,C:\Users\rashi\ESM_databases\canoe-transportation\inputs\cache\nrcan_ceud_transport\2021_tran_on_e_34.xls
nrcan_ceud_transport_provincial,ON,34,Passenger Light Trucks,passenger_light_trucks_activity,passenger_light_trucks,stocks_and_demands,Passenger Light Trucks|Energy Use by Energy Source (PJ)|Motor Gasoline,Passenger Light Trucks,Energy Use by Energy Source (PJ)|Motor Gasoline,2008,159.495549,PJ,C:\Users\rashi\ESM_databases\canoe-transportation\inputs\cache\nrcan_ceud_transport\2021_tran_on_e_34.xls
nrcan_ceud_transport_provincial,ON,34,Passenger Light Trucks,passenger_light_trucks_activity,passenger_light_trucks,stocks_and_demands,Passenger Light Trucks|Energy Use by Energy Source (PJ)|Diesel Fuel Oil,Passenger Light Trucks,Energy Use by Energy Source (PJ)|Diesel Fuel Oil,2008,0.503565,PJ,C:\Users\rashi\ESM_databases\canoe-transportation\inputs\cache\nrcan_ceud_transport\2021_tran_on_e_34.xls
nrcan_ceud_transport_provincial,ON,34,Passenger Light Trucks,passenger_light_trucks_activity,passenger_light_trucks,stocks_and_demands,Passenger Light Trucks|Energy Use by Energy Source (PJ)|Ethanol,Passenger Light Trucks,Energy Use by Energy Source (PJ)|Ethanol,2008,7.393488,PJ,C:\Users\rashi\ESM_databases\canoe-transportation\inputs\cache\nrcan_ceud_transport\2021_tran_on_e_34.xls
nrcan_ceud_transport_provincial,ON,34,Passenger Light Trucks,passenger_light_trucks_activity,passenger_light_trucks,stocks_and_demands,Passenger Light Trucks|Energy Use by Energy Source (PJ)|Propane,Passenger Light Trucks,Energy Use by Energy Source (PJ)|Propane,2008,0.637389,PJ,C:\Users\rashi\ESM_databases\canoe-transportation\inputs\cache\nrcan_ceud_transport\2021_tran_on_e_34.xls
nrcan_ceud_transport_provincial,ON,34,Passenger Light Trucks,passenger_light_trucks_activity,passenger_light_trucks,stocks_and_demands,Passenger Light Trucks|Activity|Passenger-kilometres (millions),Passenger Light Trucks,Activity|Passenger-kilometres (millions),2008,77196.616465,millions,C:\Users\rashi\ESM_databases\canoe-transportation\inputs\cache\nrcan_ceud_transport\2021_tran_on_e_34.xls
nrcan_ceud_transport_provincial,ON,34,Passenger Light Trucks,passenger_light_trucks_activity,passenger_light_trucks,stocks_and_demands,Passenger Light Trucks|Energy Intensity (MJ/Pkm),Passenger Light Trucks,Energy Intensity (MJ/Pkm),2008,2.176713,MJ/Pkm,C:\Users\rashi\ESM_databases\canoe-transportation\inputs\cache\nrcan_ceud_transport\2021_tran_on_e_34.xls
nrcan_ceud_transport_provincial,ON,34,Passenger Light Trucks,passenger_light_trucks_activity,passenger_light_trucks,stocks_and_demands,Passenger Light Truck Energy Use (PJ),Passenger Light Truck Energy Use (PJ),Passenger Light Truck Energy Use (PJ),2009,177.520388,PJ,C:\Users\rashi\ESM_databases\canoe-transportation\inputs\cache\nrcan_ceud_transport\2021_tran_on_e_34.xls
nrcan_ceud_transport_provincial,ON,34,Passenger Light Trucks,passenger_light_trucks_activity,passenger_light_trucks,stocks_and_demands,Passenger Light Trucks|Energy Use by Energy Source (PJ)|Natural Gas,Passenger Light Trucks,Energy Use by Energy Source (PJ)|Natural Gas,2009,0.003621,PJ,C:\Users\rashi\ESM_databases\canoe-transportation\inputs\cache\nrcan_ceud_transport\2021_tran_on_e_34.xls
nrcan_ceud_transport_provincial,ON,34,Passenger Light Trucks,passenger_light_trucks_activity,passenger_light_trucks,stocks_and_demands,Passenger Light Trucks|Energy Use by Energy Source (PJ)|Motor Gasoline,Passenger Light Trucks,Energy Use by Energy Source (PJ)|Motor Gasoline,2009,168.764979,PJ,C:\Users\rashi\ESM_databases\canoe-transportation\inputs\cache\nrcan_ceud_transport\2021_tran_on_e_34.xls
nrcan_ceud_transport_provincial,ON,34,Passenger Light Trucks,passenger_light_trucks_activity,passenger_light_trucks,stocks_and_demands,Passenger Light Trucks|Energy Use by Energy Source (PJ)|Diesel Fuel Oil,Passenger Light Trucks,Energy Use by Energy Source (PJ)|Diesel Fuel Oil,2009,0.670692,PJ,C:\Users\rashi\ESM_databases\canoe-transportation\inputs\cache\nrcan_ceud_transport\2021_tran_on_e_34.xls
nrcan_ceud_transport_provincial,ON,34,Passenger Light Trucks,passenger_light_trucks_activity,passenger_light_trucks,stocks_and_demands,Passenger Light Trucks|Energy Use by Energy Source (PJ)|Ethanol,Passenger Light Trucks,Energy Use by Energy Source (PJ)|Ethanol,2009,7.561919,PJ,C:\Users\rashi\ESM_databases\canoe-transportation\inputs\cache\nrcan_ceud_transport\2021_tran_on_e_34.xls
nrcan_ceud_transport_provincial,ON,34,Passenger Light Trucks,passenger_light_trucks_activity,passenger_light_trucks,stocks_and_demands,Passenger Light Trucks|Energy Use by Energy Source (PJ)|Propane,Passenger Light Trucks,Energy Use by Energy Source (PJ)|Propane,2009,0.519177,PJ,C:\Users\rashi\ESM_databases\canoe-transportation\inputs\cache\nrcan_ceud_transport\2021_tran_on_e_34.xls
nrcan_ceud_transport_provincial,ON,34,Passenger Light Trucks,passenger_light_trucks_activity,passenger_light_trucks,stocks_and_demands,Passenger Light Trucks|Activity|Passenger-kilometres (millions),Passenger Light Trucks,Activity|Passenger-kilometres (millions),2009,82089.957588,millions,C:\Users\rashi\ESM_databases\canoe-transportation\inputs\cache\nrcan_ceud_transport\2021_tran_on_e_34.xls
nrcan_ceud_transport_provincial,ON,34,Passenger Light Trucks,passenger_light_trucks_activity,passenger_light_trucks,stocks_and_demands,Passenger Light Trucks|Energy Intensity (MJ/Pkm),Passenger Light Trucks,Energy Intensity (MJ/Pkm),2009,2.16251,MJ/Pkm,C:\Users\rashi\ESM_databases\canoe-transportation\inputs\cache\nrcan_ceud_transport\2021_tran_on_e_34.xls
nrcan_ceud_transport_provincial,ON,34,Passenger Light Trucks,passenger_light_trucks_activity,passenger_light_trucks,stocks_and_demands,Passenger Light Truck Energy Use (PJ),Passenger Light Truck Energy Use (PJ),Passenger Light Truck Energy Use (PJ),2010,185.445829,PJ,C:\Users\rashi\ESM_databases\canoe-transportation\inputs\cache\nrcan_ceud_transport\2021_tran_on_e_34.xls
nrcan_ceud_transport_provincial,ON,34,Passenger Light Trucks,passenger_light_trucks_activity,passenger_light_trucks,stocks_and_demands,Passenger Light Trucks|Energy Use by Energy Source (PJ)|Natural Gas,Passenger Light Trucks,Energy Use by Energy Source (PJ)|Natural Gas,2010,0.00382,PJ,C:\Users\rashi\ESM_databases\canoe-transportation\inputs\cache\nrcan_ceud_transport\2021_tran_on_e_34.xls
nrcan_ceud_transport_provincial,ON,34,Passenger Light Trucks,passenger_light_trucks_activity,passenger_light_trucks,stocks_and_demands,Passenger Light Trucks|Energy Use by Energy Source (PJ)|Motor Gasoline,Passenger Light Trucks,Energy Use by Energy Source (PJ)|Motor Gasoline,2010,175.662688,PJ,C:\Users\rashi\ESM_databases\canoe-transportation\inputs\cache\nrcan_ceud_transport\2021_tran_on_e_34.xls
nrcan_ceud_transport_provincial,ON,34,Passenger Light Trucks,passenger_light_trucks_activity,passenger_light_trucks,stocks_and_demands,Passenger Light Trucks|Energy Use by Energy Source (PJ)|Diesel Fuel Oil,Passenger Light Trucks,Energy Use by Energy Source (PJ)|Diesel Fuel Oil,2010,0.816314,PJ,C:\Users\rashi\ESM_databases\canoe-transportation\inputs\cache\nrcan_ceud_transport\2021_tran_on_e_34.xls
nrcan_ceud_transport_provincial,ON,34,Passenger Light Trucks,passenger_light_trucks_activity,passenger_light_trucks,stocks_and_demands,Passenger Light Trucks|Energy Use by Energy Source (PJ)|Ethanol,Passenger Light Trucks,Energy Use by Energy Source (PJ)|Ethanol,2010,8.401765,PJ,C:\Users\rashi\ESM_databases\canoe-transportation\inputs\cache\nrcan_ceud_transport\2021_tran_on_e_34.xls
nrcan_ceud_transport_provincial,ON,34,Passenger Light Trucks,passenger_light_trucks_activity,passenger_light_trucks,stocks_and_demands,Passenger Light Trucks|Energy Use by Energy Source (PJ)|Propane,Passenger Light Trucks,Energy Use by Energy Source (PJ)|Propane,2010,0.561241,PJ,C:\Users\rashi\ESM_databases\canoe-transportation\inputs\cache\nrcan_ceud_transport\2021_tran_on_e_34.xls
nrcan_ceud_transport_provincial,ON,34,Passenger Light Trucks,passenger_light_trucks_activity,passenger_light_trucks,stocks_and_demands,Passenger Light Trucks|Activity|Passenger-kilometres (millions),Passenger Light Trucks,Activity|Passenger-kilometres (millions),2010,86545.975993,millions,C:\Users\rashi\ESM_databases\canoe-transportation\inputs\cache\nrcan_ceud_transport\2021_tran_on_e_34.xls
nrcan_ceud_transport_provincial,ON,34,Passenger Light Trucks,passenger_light_trucks_activity,passenger_light_trucks,stocks_and_demands,Passenger Light Trucks|Energy Intensity (MJ/Pkm),Passenger Light Trucks,Energy Intensity (MJ/Pkm),2010,2.142744,MJ/Pkm,C:\Users\rashi\ESM_databases\canoe-transportation\inputs\cache\nrcan_ceud_transport\2021_tran_on_e_34.xls
nrcan_ceud_transport_provincial,ON,34,Passenger Light Trucks,passenger_light_trucks_activity,passenger_light_trucks,stocks_and_demands,Passenger Light Truck Energy Use (PJ),Passenger Light Truck Energy Use (PJ),Passenger Light Truck Energy Use (PJ),2011,188.460511,PJ,C:\Users\rashi\ESM_databases\canoe-transportation\inputs\cache\nrcan_ceud_transport\2021_tran_on_e_34.xls
nrcan_ceud_transport_provincial,ON,34,Passenger Light Trucks,passenger_light_trucks_activity,passenger_light_trucks,stocks_and_demands,Passenger Light Trucks|Energy Use by Energy Source (PJ)|Natural Gas,Passenger Light Trucks,Energy Use by Energy Source (PJ)|Natural Gas,2011,0.002452,PJ,C:\Users\rashi\ESM_databases\canoe-transportation\inputs\cache\nrcan_ceud_transport\2021_tran_on_e_34.xls
nrcan_ceud_transport_provincial,ON,34,Passenger Light Trucks,passenger_light_trucks_activity,passenger_light_trucks,stocks_and_demands,Passenger Light Trucks|Energy Use by Energy Source (PJ)|Motor Gasoline,Passenger Light Trucks,Energy Use by Energy Source (PJ)|Motor Gasoline,2011,177.037588,PJ,C:\Users\rashi\ESM_databases\canoe-transportation\inputs\cache\nrcan_ceud_transport\2021_tran_on_e_34.xls
nrcan_ceud_transport_provincial,ON,34,Passenger Light Trucks,passenger_light_trucks_activity,passenger_light_trucks,stocks_and_demands,Passenger Light Trucks|Energy Use by Energy Source (PJ)|Diesel Fuel Oil,Passenger Light Trucks,Energy Use by Energy Source (PJ)|Diesel Fuel Oil,2011,0.976385,PJ,C:\Users\rashi\ESM_databases\canoe-transportation\inputs\cache\nrcan_ceud_transport\2021_tran_on_e_34.xls
nrcan_ceud_transport_provincial,ON,34,Passenger Light Trucks,passenger_light_trucks_activity,passenger_light_trucks,stocks_and_demands,Passenger Light Trucks|Energy Use by Energy Source (PJ)|Ethanol,Passenger Light Trucks,Energy Use by Energy Source (PJ)|Ethanol,2011,9.767666,PJ,C:\Users\rashi\ESM_databases\canoe-transportation\inputs\cache\nrcan_ceud_transport\2021_tran_on_e_34.xls
nrcan_ceud_transport_provincial,ON,34,Passenger Light Trucks,passenger_light_trucks_activity,passenger_light_trucks,stocks_and_demands,Passenger Light Trucks|Energy Use by Energy Source (PJ)|Propane,Passenger Light Trucks,Energy Use by Energy Source (PJ)|Propane,2011,0.67642,PJ,C:\Users\rashi\ESM_databases\canoe-transportation\inputs\cache\nrcan_ceud_transport\2021_tran_on_e_34.xls
nrcan_ceud_transport_provincial,ON,34,Passenger Light Trucks,passenger_light_trucks_activity,passenger_light_trucks,stocks_and_demands,Passenger Light Trucks|Activity|Passenger-kilometres (millions),Passenger Light Trucks,Activity|Passenger-kilometres (millions),2011,88673.173087,millions,C:\Users\rashi\ESM_databases\canoe-transportation\inputs\cache\nrcan_ceud_transport\2021_tran_on_e_34.xls
nrcan_ceud_transport_provincial,ON,34,Passenger Light Trucks,passenger_light_trucks_activity,passenger_light_trucks,stocks_and_demands,Passenger Light Trucks|Energy Intensity (MJ/Pkm),Passenger Light Trucks,Energy Intensity (MJ/Pkm),2011,2.125339,MJ/Pkm,C:\Users\rashi\ESM_databases\canoe-transportation\inputs\cache\nrcan_ceud_transport\2021_tran_on_e_34.xls
nrcan_ceud_transport_provincial,ON,34,Passenger Light Trucks,passenger_light_trucks_activity,passenger_light_trucks,stocks_and_demands,Passenger Light Truck Energy Use (PJ),Passenger Light Truck Energy Use (PJ),Passenger Light Truck Energy Use (PJ),2012,178.906213,PJ,C:\Users\rashi\ESM_databases\canoe-transportation\inputs\cache\nrcan_ceud_transport\2021_tran_on_e_34.xls
nrcan_ceud_transport_provincial,ON,34,Passenger Light Trucks,passenger_light_trucks_activity,passenger_light_trucks,stocks_and_demands,Passenger Light Trucks|Energy Use by Energy Source (PJ)|Natural Gas,Passenger Light Trucks,Energy Use by Energy Source (PJ)|Natural Gas,2012,0.001897,PJ,C:\Users\rashi\ESM_databases\canoe-transportation\inputs\cache\nrcan_ceud_transport\2021_tran_on_e_34.xls
nrcan_ceud_transport_provincial,ON,34,Passenger Light Trucks,passenger_light_trucks_activity,passenger_light_trucks,stocks_and_demands,Passenger Light Trucks|Energy Use by Energy Source (PJ)|Motor Gasoline,Passenger Light Trucks,Energy Use by Energy Source (PJ)|Motor Gasoline,2012,167.026637,PJ,C:\Users\rashi\ESM_databases\canoe-transportation\inputs\cache\nrcan_ceud_transport\2021_tran_on_e_34.xls
nrcan_ceud_transport_provincial,ON,34,Passenger Light Trucks,passenger_light_trucks_activity,passenger_light_trucks,stocks_and_demands,Passenger Light Trucks|Energy Use by Energy Source (PJ)|Diesel Fuel Oil,Passenger Light Trucks,Energy Use by Energy Source (PJ)|Diesel Fuel Oil,2012,1.082058,PJ,C:\Users\rashi\ESM_databases\canoe-transportation\inputs\cache\nrcan_ceud_transport\2021_tran_on_e_34.xls
nrcan_ceud_transport_provincial,ON,34,Passenger Light Trucks,passenger_light_trucks_activity,passenger_light_trucks,stocks_and_demands,Passenger Light Trucks|Energy Use by Energy Source (PJ)|Ethanol,Passenger Light Trucks,Energy Use by Energy Source (PJ)|Ethanol,2012,10.003358,PJ,C:\Users\rashi\ESM_databases\canoe-transportation\inputs\cache\nrcan_ceud_transport\2021_tran_on_e_34.xls
nrcan_ceud_transport_provincial,ON,34,Passenger Light Trucks,passenger_light_trucks_activity,passenger_light_trucks,stocks_and_demands,Passenger Light Trucks|Energy Use by Energy Source (PJ)|Propane,Passenger Light Trucks,Energy Use by Energy Source (PJ)|Propane,2012,0.792263,PJ,C:\Users\rashi\ESM_databases\canoe-transportation\inputs\cache\nrcan_ceud_transport\2021_tran_on_e_34.xls
nrcan_ceud_transport_provincial,ON,34,Passenger Light Trucks,passenger_light_trucks_activity,passenger_light_trucks,stocks_and_demands,Passenger Light Trucks|Activity|Passenger-kilometres (millions),Passenger Light Trucks,Activity|Passenger-kilometres (millions),2012,84806.728302,millions,C:\Users\rashi\ESM_databases\canoe-transportation\inputs\cache\nrcan_ceud_transport\2021_tran_on_e_34.xls
nrcan_ceud_transport_provincial,ON,34,Passenger Light Trucks,passenger_light_trucks_activity,passenger_light_trucks,stocks_and_demands,Passenger Light Trucks|Energy Intensity (MJ/Pkm),Passenger Light Trucks,Energy Intensity (MJ/Pkm),2012,2.109576,MJ/Pkm,C:\Users\rashi\ESM_databases\canoe-transportation\inputs\cache\nrcan_ceud_transport\2021_tran_on_e_34.xls
nrcan_ceud_transport_provincial,ON,34,Passenger Light Trucks,passenger_light_trucks_activity,passenger_light_trucks,stocks_and_demands,Passenger Light Truck Energy Use (PJ),Passenger Light Truck Energy Use (PJ),Passenger Light Truck Energy Use (PJ),2013,194.621869,PJ,C:\Users\rashi\ESM_databases\canoe-transportation\inputs\cache\nrcan_ceud_transport\2021_tran_on_e_34.xls
nrcan_ceud_transport_provincial,ON,34,Passenger Light Trucks,passenger_light_trucks_activity,passenger_light_trucks,stocks_and_demands,Passenger Light Trucks|Energy Use by Energy Source (PJ)|Natural Gas,Passenger Light Trucks,Energy Use by Energy Source (PJ)|Natural Gas,2013,0.001285,PJ,C:\Users\rashi\ESM_databases\canoe-transportation\inputs\cache\nrcan_ceud_transport\2021_tran_on_e_34.xls
nrcan_ceud_transport_provincial,ON,34,Passenger Light Trucks,passenger_light_trucks_activity,passenger_light_trucks,stocks_and_demands,Passenger Light Trucks|Energy Use by Energy Source (PJ)|Motor Gasoline,Passenger Light Trucks,Energy Use by Energy Source (PJ)|Motor Gasoline,2013,182.370034,PJ,C:\Users\rashi\ESM_databases\canoe-transportation\inputs\cache\nrcan_ceud_transport\2021_tran_on_e_34.xls
nrcan_ceud_transport_provincial,ON,34,Passenger Light Trucks,passenger_light_trucks_activity,passenger_light_trucks,stocks_and_demands,Passenger Light Trucks|Energy Use by Energy Source (PJ)|Diesel Fuel Oil,Passenger Light Trucks,Energy Use by Energy Source (PJ)|Diesel Fuel Oil,2013,1.305531,PJ,C:\Users\rashi\ESM_databases\canoe-transportation\inputs\cache\nrcan_ceud_transport\2021_tran_on_e_34.xls
nrcan_ceud_transport_provincial,ON,34,Passenger Light Trucks,passenger_light_trucks_activity,passenger_light_trucks,stocks_and_demands,Passenger Light Trucks|Energy Use by Energy Source (PJ)|Ethanol,Passenger Light Trucks,Energy Use by Energy Source (PJ)|Ethanol,2013,10.384087,PJ,C:\Users\rashi\ESM_databases\canoe-transportation\inputs\cache\nrcan_ceud_transport\2021_tran_on_e_34.xls
nrcan_ceud_transport_provincial,ON,34,Passenger Light Trucks,passenger_light_trucks_activity,passenger_light_trucks,stocks_and_demands,Passenger Light Trucks|Energy Use by Energy Source (PJ)|Propane,Passenger Light Trucks,Energy Use by Energy Source (PJ)|Propane,2013,0.560932,PJ,C:\Users\rashi\ESM_databases\canoe-transportation\inputs\cache\nrcan_ceud_transport\2021_tran_on_e_34.xls
nrcan_ceud_transport_provincial,ON,34,Passenger Light Trucks,passenger_light_trucks_activity,passenger_light_trucks,stocks_and_demands,Passenger Light Trucks|Activity|Passenger-kilometres (millions),Passenger Light Trucks,Activity|Passenger-kilometres (millions),2013,92973.007651,millions,C:\Users\rashi\ESM_databases\canoe-transportation\inputs\cache\nrcan_ceud_transport\2021_tran_on_e_34.xls
nrcan_ceud_transport_provincial,ON,34,Passenger Light Trucks,passenger_light_trucks_activity,passenger_light_trucks,stocks_and_demands,Passenger Light Trucks|Energy Intensity (MJ/Pkm),Passenger Light Trucks,Energy Intensity (MJ/Pkm),2013,2.093316,MJ/Pkm,C:\Users\rashi\ESM_databases\canoe-transportation\inputs\cache\nrcan_ceud_transport\2021_tran_on_e_34.xls
nrcan_ceud_transport_provincial,ON,34,Passenger Light Trucks,passenger_light_trucks_activity,passenger_light_trucks,stocks_and_demands,Passenger Light Truck Energy Use (PJ),Passenger Light Truck Energy Use (PJ),Passenger Light Truck Energy Use (PJ),2014,193.260778,PJ,C:\Users\rashi\ESM_databases\canoe-transportation\inputs\cache\nrcan_ceud_transport\2021_tran_on_e_34.xls
nrcan_ceud_transport_provincial,ON,34,Passenger Light Trucks,passenger_light_trucks_activity,passenger_light_trucks,stocks_and_demands,Passenger Light Trucks|Energy Use by Energy Source (PJ)|Natural Gas,Passenger Light Trucks,Energy Use by Energy Source (PJ)|Natural Gas,2014,0.00185,PJ,C:\Users\rashi\ESM_databases\canoe-transportation\inputs\cache\nrcan_ceud_transport\2021_tran_on_e_34.xls
nrcan_ceud_transport_provincial,ON,34,Passenger Light Trucks,passenger_light_trucks_activity,passenger_light_trucks,stocks_and_demands,Passenger Light Trucks|Energy Use by Energy Source (PJ)|Motor Gasoline,Passenger Light Trucks,Energy Use by Energy Source (PJ)|Motor Gasoline,2014,180.173222,PJ,C:\Users\rashi\ESM_databases\canoe-transportation\inputs\cache\nrcan_ceud_transport\2021_tran_on_e_34.xls
nrcan_ceud_transport_provincial,ON,34,Passenger Light Trucks,passenger_light_trucks_activity,passenger_light_trucks,stocks_and_demands,Passenger Light Trucks|Energy Use by Energy Source (PJ)|Diesel Fuel Oil,Passenger Light Trucks,Energy Use by Energy Source (PJ)|Diesel Fuel Oil,2014,1.625346,PJ,C:\Users\rashi\ESM_databases\canoe-transportation\inputs\cache\nrcan_ceud_transport\2021_tran_on_e_34.xls
nrcan_ceud_transport_provincial,ON,34,Passenger Light Trucks,passenger_light_trucks_activity,passenger_light_trucks,stocks_and_demands,Passenger Light Trucks|Energy Use by Energy Source (PJ)|Ethanol,Passenger Light Trucks,Energy Use by Energy Source (PJ)|Ethanol,2014,10.957284,PJ,C:\Users\rashi\ESM_databases\canoe-transportation\inputs\cache\nrcan_ceud_transport\2021_tran_on_e_34.xls
nrcan_ceud_transport_provincial,ON,34,Passenger Light Trucks,passenger_light_trucks_activity,passenger_light_trucks,stocks_and_demands,Passenger Light Trucks|Energy Use by Energy Source (PJ)|Propane,Passenger Light Trucks,Energy Use by Energy Source (PJ)|Propane,2014,0.503076,PJ,C:\Users\rashi\ESM_databases\canoe-transportation\inputs\cache\nrcan_ceud_transport\2021_tran_on_e_34.xls
nrcan_ceud_transport_provincial,ON,34,Passenger Light Trucks,passenger_light_trucks_activity,passenger_light_trucks,stocks_and_demands,Passenger Light Trucks|Activity|Passenger-kilometres (millions),Passenger Light Trucks,Activity|Passenger-kilometres (millions),2014,92963.631956,millions,C:\Users\rashi\ESM_databases\canoe-transportation\inputs\cache\nrcan_ceud_transport\2021_tran_on_e_34.xls
nrcan_ceud_transport_provincial,ON,34,Passenger Light Trucks,passenger_light_trucks_activity,passenger_light_trucks,stocks_and_demands,Passenger Light Trucks|Energy Intensity (MJ/Pkm),Passenger Light Trucks,Energy Intensity (MJ/Pkm),2014,2.078886,MJ/Pkm,C:\Users\rashi\ESM_databases\canoe-transportation\inputs\cache\nrcan_ceud_transport\2021_tran_on_e_34.xls
nrcan_ceud_transport_provincial,ON,34,Passenger Light Trucks,passenger_light_trucks_activity,passenger_light_trucks,stocks_and_demands,Passenger Light Truck Energy Use (PJ),Passenger Light Truck Energy Use (PJ),Passenger Light Truck Energy Use (PJ),2015,201.093813,PJ,C:\Users\rashi\ESM_databases\canoe-transportation\inputs\cache\nrcan_ceud_transport\2021_tran_on_e_34.xls
nrcan_ceud_transport_provincial,ON,34,Passenger Light Trucks,passenger_light_trucks_activity,passenger_light_trucks,stocks_and_demands,Passenger Light Trucks|Energy Use by Energy Source (PJ)|Natural Gas,Passenger Light Trucks,Energy Use by Energy Source (PJ)|Natural Gas,2015,0.001329,PJ,C:\Users\rashi\ESM_databases\canoe-transportation\inputs\cache\nrcan_ceud_transport\2021_tran_on_e_34.xls
nrcan_ceud_transport_provincial,ON,34,Passenger Light Trucks,passenger_light_trucks_activity,passenger_light_trucks,stocks_and_demands,Passenger Light Trucks|Energy Use by Energy Source (PJ)|Motor Gasoline,Passenger Light Trucks,Energy Use by Energy Source (PJ)|Motor Gasoline,2015,198.482833,PJ,C:\Users\rashi\ESM_databases\canoe-transportation\inputs\cache\nrcan_ceud_transport\2021_tran_on_e_34.xls
nrcan_ceud_transport_provincial,ON,34,Passenger Light Trucks,passenger_light_trucks_activity,passenger_light_trucks,stocks_and_demands,Passenger Light Trucks|Energy Use by Energy Source (PJ)|Diesel Fuel Oil,Passenger Light Trucks,Energy Use by Energy Source (PJ)|Diesel Fuel Oil,2015,2.106309,PJ,C:\Users\rashi\ESM_databases\canoe-transportation\inputs\cache\nrcan_ceud_transport\2021_tran_on_e_34.xls
nrcan_ceud_transport_provincial,ON,34,Passenger Light Trucks,passenger_light_trucks_activity,passenger_light_trucks,stocks_and_demands,Passenger Light Trucks|Energy Use by Energy Source (PJ)|Propane,Passenger Light Trucks,Energy Use by Energy Source (PJ)|Propane,2015,0.503342,PJ,C:\Users\rashi\ESM_databases\canoe-transportation\inputs\cache\nrcan_ceud_transport\2021_tran_on_e_34.xls
nrcan_ceud_transport_provincial,ON,34,Passenger Light Trucks,passenger_light_trucks_activity,passenger_light_trucks,stocks_and_demands,Passenger Light Trucks|Activity|Passenger-kilometres (millions),Passenger Light Trucks,Activity|Passenger-kilometres (millions),2015,97750.728391,millions,C:\Users\rashi\ESM_databases\canoe-transportation\inputs\cache\nrcan_ceud_transport\2021_tran_on_e_34.xls
nrcan_ceud_transport_provincial,ON,34,Passenger Light Trucks,passenger_light_trucks_activity,passenger_light_trucks,stocks_and_demands,Passenger Light Trucks|Energy Intensity (MJ/Pkm),Passenger Light Trucks,Energy Intensity (MJ/Pkm),2015,2.05721,MJ/Pkm,C:\Users\rashi\ESM_databases\canoe-transportation\inputs\cache\nrcan_ceud_transport\2021_tran_on_e_34.xls
nrcan_ceud_transport_provincial,ON,34,Passenger Light Trucks,passenger_light_trucks_activity,passenger_light_trucks,stocks_and_demands,Passenger Light Truck Energy Use (PJ),Passenger Light Truck Energy Use (PJ),Passenger Light Truck Energy Use (PJ),2016,212.810017,PJ,C:\Users\rashi\ESM_databases\canoe-transportation\inputs\cache\nrcan_ceud_transport\2021_tran_on_e_34.xls
nrcan_ceud_transport_provincial,ON,34,Passenger Light Trucks,passenger_light_trucks_activity,passenger_light_trucks,stocks_and_demands,Passenger Light Trucks|Energy Use by Energy Source (PJ)|Natural Gas,Passenger Light Trucks,Energy Use by Energy Source (PJ)|Natural Gas,2016,0.000858,PJ,C:\Users\rashi\ESM_databases\canoe-transportation\inputs\cache\nrcan_ceud_transport\2021_tran_on_e_34.xls
nrcan_ceud_transport_provincial,ON,34,Passenger Light Trucks,passenger_light_trucks_activity,passenger_light_trucks,stocks_and_demands,Passenger Light Trucks|Energy Use by Energy Source (PJ)|Motor Gasoline,Passenger Light Trucks,Energy Use by Energy Source (PJ)|Motor Gasoline,2016,209.751816,PJ,C:\Users\rashi\ESM_databases\canoe-transportation\inputs\cache\nrcan_ceud_transport\2021_tran_on_e_34.xls
nrcan_ceud_transport_provincial,ON,34,Passenger Light Trucks,passenger_light_trucks_activity,passenger_light_trucks,stocks_and_demands,Passenger Light Trucks|Energy Use by Energy Source (PJ)|Diesel Fuel Oil,Passenger Light Trucks,Energy Use by Energy Source (PJ)|Diesel Fuel Oil,2016,2.360803,PJ,C:\Users\rashi\ESM_databases\canoe-transportation\inputs\cache\nrcan_ceud_transport\2021_tran_on_e_34.xls
nrcan_ceud_transport_provincial,ON,34,Passenger Light Trucks,passenger_light_trucks_activity,passenger_light_trucks,stocks_and_demands,Passenger Light Trucks|Energy Use by Energy Source (PJ)|Propane,Passenger Light Trucks,Energy Use by Energy Source (PJ)|Propane,2016,0.69654,PJ,C:\Users\rashi\ESM_databases\canoe-transportation\inputs\cache\nrcan_ceud_transport\2021_tran_on_e_34.xls
nrcan_ceud_transport_provincial,ON,34,Passenger Light Trucks,passenger_light_trucks_activity,passenger_light_trucks,stocks_and_demands,Passenger Light Trucks|Activity|Passenger-kilometres (millions),Passenger Light Trucks,Activity|Passenger-kilometres (millions),2016,104436.208087,millions,C:\Users\rashi\ESM_databases\canoe-transportation\inputs\cache\nrcan_ceud_transport\2021_tran_on_e_34.xls
nrcan_ceud_transport_provincial,ON,34,Passenger Light Trucks,passenger_light_trucks_activity,passenger_light_trucks,stocks_and_demands,Passenger Light Trucks|Energy Intensity (MJ/Pkm),Passenger Light Trucks,Energy Intensity (MJ/Pkm),2016,2.037703,MJ/Pkm,C:\Users\rashi\ESM_databases\canoe-transportation\inputs\cache\nrcan_ceud_transport\2021_tran_on_e_34.xls
nrcan_ceud_transport_provincial,ON,34,Passenger Light Trucks,passenger_light_trucks_activity,passenger_light_trucks,stocks_and_demands,Passenger Light Truck Energy Use (PJ),Passenger Light Truck Energy Use (PJ),Passenger Light Truck Energy Use (PJ),2017,217.822236,PJ,C:\Users\rashi\ESM_databases\canoe-transportation\inputs\cache\nrcan_ceud_transport\2021_tran_on_e_34.xls
nrcan_ceud_transport_provincial,ON,34,Passenger Light Trucks,passenger_light_trucks_activity,passenger_light_trucks,stocks_and_demands,Passenger Light Trucks|Energy Use by Energy Source (PJ)|Natural Gas,Passenger Light Trucks,Energy Use by Energy Source (PJ)|Natural Gas,2017,0.00058,PJ,C:\Users\rashi\ESM_databases\canoe-transportation\inputs\cache\nrcan_ceud_transport\2021_tran_on_e_34.xls
nrcan_ceud_transport_provincial,ON,34,Passenger Light Trucks,passenger_light_trucks_activity,passenger_light_trucks,stocks_and_demands,Passenger Light Trucks|Energy Use by Energy Source (PJ)|Motor Gasoline,Passenger Light Trucks,Energy Use by Energy Source (PJ)|Motor Gasoline,2017,214.501115,PJ,C:\Users\rashi\ESM_databases\canoe-transportation\inputs\cache\nrcan_ceud_transport\2021_tran_on_e_34.xls
nrcan_ceud_transport_provincial,ON,34,Passenger Light Trucks,passenger_light_trucks_activity,passenger_light_trucks,stocks_and_demands,Passenger Light Trucks|Energy Use by Energy Source (PJ)|Diesel Fuel Oil,Passenger Light Trucks,Energy Use by Energy Source (PJ)|Diesel Fuel Oil,2017,2.624429,PJ,C:\Users\rashi\ESM_databases\canoe-transportation\inputs\cache\nrcan_ceud_transport\2021_tran_on_e_34.xls
nrcan_ceud_transport_provincial,ON,34,Passenger Light Trucks,passenger_light_trucks_activity,passenger_light_trucks,stocks_and_demands,Passenger Light Trucks|Energy Use by Energy Source (PJ)|Propane,Passenger Light Trucks,Energy Use by Energy Source (PJ)|Propane,2017,0.696112,PJ,C:\Users\rashi\ESM_databases\canoe-transportation\inputs\cache\nrcan_ceud_transport\2021_tran_on_e_34.xls
nrcan_ceud_transport_provincial,ON,34,Passenger Light Trucks,passenger_light_trucks_activity,passenger_light_trucks,stocks_and_demands,Passenger Light Trucks|Activity|Passenger-kilometres (millions),Passenger Light Trucks,Activity|Passenger-kilometres (millions),2017,108039.270145,millions,C:\Users\rashi\ESM_databases\canoe-transportation\inputs\cache\nrcan_ceud_transport\2021_tran_on_e_34.xls
nrcan_ceud_transport_provincial,ON,34,Passenger Light Trucks,passenger_light_trucks_activity,passenger_light_trucks,stocks_and_demands,Passenger Light Trucks|Energy Intensity (MJ/Pkm),Passenger Light Trucks,Energy Intensity (MJ/Pkm),2017,2.016139,MJ/Pkm,C:\Users\rashi\ESM_databases\canoe-transportation\inputs\cache\nrcan_ceud_transport\2021_tran_on_e_34.xls
nrcan_ceud_transport_provincial,ON,34,Passenger Light Trucks,passenger_light_trucks_activity,passenger_light_trucks,stocks_and_demands,Passenger Light Truck Energy Use (PJ),Passenger Light Truck Energy Use (PJ),Passenger Light Truck Energy Use (PJ),2018,230.497243,PJ,C:\Users\rashi\ESM_databases\canoe-transportation\inputs\cache\nrcan_ceud_transport\2021_tran_on_e_34.xls
nrcan_ceud_transport_provincial,ON,34,Passenger Light Trucks,passenger_light_trucks_activity,passenger_light_trucks,stocks_and_demands,Passenger Light Trucks|Energy Use by Energy Source (PJ)|Natural Gas,Passenger Light Trucks,Energy Use by Energy Source (PJ)|Natural Gas,2018,0.000558,PJ,C:\Users\rashi\ESM_databases\canoe-transportation\inputs\cache\nrcan_ceud_transport\2021_tran_on_e_34.xls
nrcan_ceud_transport_provincial,ON,34,Passenger Light Trucks,passenger_light_trucks_activity,passenger_light_trucks,stocks_and_demands,Passenger Light Trucks|Energy Use by Energy Source (PJ)|Motor Gasoline,Passenger Light Trucks,Energy Use by Energy Source (PJ)|Motor Gasoline,2018,226.806219,PJ,C:\Users\rashi\ESM_databases\canoe-transportation\inputs\cache\nrcan_ceud_transport\2021_tran_on_e_34.xls
nrcan_ceud_transport_provincial,ON,34,Passenger Light Trucks,passenger_light_trucks_activity,passenger_light_trucks,stocks_and_demands,Passenger Light Trucks|Energy Use by Energy Source (PJ)|Diesel Fuel Oil,Passenger Light Trucks,Energy Use by Energy Source (PJ)|Diesel Fuel Oil,2018,3.1754,PJ,C:\Users\rashi\ESM_databases\canoe-transportation\inputs\cache\nrcan_ceud_transport\2021_tran_on_e_34.xls
nrcan_ceud_transport_provincial,ON,34,Passenger Light Trucks,passenger_light_trucks_activity,passenger_light_trucks,stocks_and_demands,Passenger Light Trucks|Energy Use by Energy Source (PJ)|Propane,Passenger Light Trucks,Energy Use by Energy Source (PJ)|Propane,2018,0.515065,PJ,C:\Users\rashi\ESM_databases\canoe-transportation\inputs\cache\nrcan_ceud_transport\2021_tran_on_e_34.xls
nrcan_ceud_transport_provincial,ON,34,Passenger Light Trucks,passenger_light_trucks_activity,passenger_light_trucks,stocks_and_demands,Passenger Light Trucks|Activity|Passenger-kilometres (millions),Passenger Light Trucks,Activity|Passenger-kilometres (millions),2018,115776.994916,millions,C:\Users\rashi\ESM_databases\canoe-transportation\inputs\cache\nrcan_ceud_transport\2021_tran_on_e_34.xls
nrcan_ceud_transport_provincial,ON,34,Passenger Light Trucks,passenger_light_trucks_activity,passenger_light_trucks,stocks_and_demands,Passenger Light Trucks|Energy Intensity (MJ/Pkm),Passenger Light Trucks,Energy Intensity (MJ/Pkm),2018,1.990873,MJ/Pkm,C:\Users\rashi\ESM_databases\canoe-transportation\inputs\cache\nrcan_ceud_transport\2021_tran_on_e_34.xls
nrcan_ceud_transport_provincial,ON,34,Passenger Light Trucks,passenger_light_trucks_activity,passenger_light_trucks,stocks_and_demands,Passenger Light Truck Energy Use (PJ),Passenger Light Truck Energy Use (PJ),Passenger Light Truck Energy Use (PJ),2019,241.110812,PJ,C:\Users\rashi\ESM_databases\canoe-transportation\inputs\cache\nrcan_ceud_transport\2021_tran_on_e_34.xls
nrcan_ceud_transport_provincial,ON,34,Passenger Light Trucks,passenger_light_trucks_activity,passenger_light_trucks,stocks_and_demands,Passenger Light Trucks|Energy Use by Energy Source (PJ)|Natural Gas,Passenger Light Trucks,Energy Use by Energy Source (PJ)|Natural Gas,2019,0.000283,PJ,C:\Users\rashi\ESM_databases\canoe-transportation\inputs\cache\nrcan_ceud_transport\2021_tran_on_e_34.xls
nrcan_ceud_transport_provincial,ON,34,Passenger Light Trucks,passenger_light_trucks_activity,passenger_light_trucks,stocks_and_demands,Passenger Light Trucks|Energy Use by Energy Source (PJ)|Motor Gasoline,Passenger Light Trucks,Energy Use by Energy Source (PJ)|Motor Gasoline,2019,237.466536,PJ,C:\Users\rashi\ESM_databases\canoe-transportation\inputs\cache\nrcan_ceud_transport\2021_tran_on_e_34.xls
nrcan_ceud_transport_provincial,ON,34,Passenger Light Trucks,passenger_light_trucks_activity,passenger_light_trucks,stocks_and_demands,Passenger Light Trucks|Energy Use by Energy Source (PJ)|Diesel Fuel Oil,Passenger Light Trucks,Energy Use by Energy Source (PJ)|Diesel Fuel Oil,2019,3.122752,PJ,C:\Users\rashi\ESM_databases\canoe-transportation\inputs\cache\nrcan_ceud_transport\2021_tran_on_e_34.xls
nrcan_ceud_transport_provincial,ON,34,Passenger Light Trucks,passenger_light_trucks_activity,passenger_light_trucks,stocks_and_demands,Passenger Light Trucks|Energy Use by Energy Source (PJ)|Propane,Passenger Light Trucks,Energy Use by Energy Source (PJ)|Propane,2019,0.521241,PJ,C:\Users\rashi\ESM_databases\canoe-transportation\inputs\cache\nrcan_ceud_transport\2021_tran_on_e_34.xls
nrcan_ceud_transport_provincial,ON,34,Passenger Light Trucks,passenger_light_trucks_activity,passenger_light_trucks,stocks_and_demands,Passenger Light Trucks|Activity|Passenger-kilometres (millions),Passenger Light Trucks,Activity|Passenger-kilometres (millions),2019,122430.205469,millions,C:\Users\rashi\ESM_databases\canoe-transportation\inputs\cache\nrcan_ceud_transport\2021_tran_on_e_34.xls
nrcan_ceud_transport_provincial,ON,34,Passenger Light Trucks,passenger_light_trucks_activity,passenger_light_trucks,stocks_and_demands,Passenger Light Trucks|Energy Intensity (MJ/Pkm),Passenger Light Trucks,Energy Intensity (MJ/Pkm),2019,1.969374,MJ/Pkm,C:\Users\rashi\ESM_databases\canoe-transportation\inputs\cache\nrcan_ceud_transport\2021_tran_on_e_34.xls
nrcan_ceud_transport_provincial,ON,34,Passenger Light Trucks,passenger_light_trucks_activity,passenger_light_trucks,stocks_and_demands,Passenger Light Truck Energy Use (PJ),Passenger Light Truck Energy Use (PJ),Passenger Light Truck Energy Use (PJ),2020,186.046534,PJ,C:\Users\rashi\ESM_databases\canoe-transportation\inputs\cache\nrcan_ceud_transport\2021_tran_on_e_34.xls
nrcan_ceud_transport_provincial,ON,34,Passenger Light Trucks,passenger_light_trucks_activity,passenger_light_trucks,stocks_and_demands,Passenger Light Trucks|Energy Use by Energy Source (PJ)|Natural Gas,Passenger Light Trucks,Energy Use by Energy Source (PJ)|Natural Gas,2020,0.000331,PJ,C:\Users\rashi\ESM_databases\canoe-transportation\inputs\cache\nrcan_ceud_transport\2021_tran_on_e_34.xls
nrcan_ceud_transport_provincial,ON,34,Passenger Light Trucks,passenger_light_trucks_activity,passenger_light_trucks,stocks_and_demands,Passenger Light Trucks|Energy Use by Energy Source (PJ)|Motor Gasoline,Passenger Light Trucks,Energy Use by Energy Source (PJ)|Motor Gasoline,2020,182.304212,PJ,C:\Users\rashi\ESM_databases\canoe-transportation\inputs\cache\nrcan_ceud_transport\2021_tran_on_e_34.xls
nrcan_ceud_transport_provincial,ON,34,Passenger Light Trucks,passenger_light_trucks_activity,passenger_light_trucks,stocks_and_demands,Passenger Light Trucks|Energy Use by Energy Source (PJ)|Diesel Fuel Oil,Passenger Light Trucks,Energy Use by Energy Source (PJ)|Diesel Fuel Oil,2020,3.217002,PJ,C:\Users\rashi\ESM_databases\canoe-transportation\inputs\cache\nrcan_ceud_transport\2021_tran_on_e_34.xls
nrcan_ceud_transport_provincial,ON,34,Passenger Light Trucks,passenger_light_trucks_activity,passenger_light_trucks,stocks_and_demands,Passenger Light Trucks|Energy Use by Energy Source (PJ)|Propane,Passenger Light Trucks,Energy Use by Energy Source (PJ)|Propane,2020,0.52499,PJ,C:\Users\rashi\ESM_databases\canoe-transportation\inputs\cache\nrcan_ceud_transport\2021_tran_on_e_34.xls
nrcan_ceud_transport_provincial,ON,34,Passenger Light Trucks,passenger_light_trucks_activity,passenger_light_trucks,stocks_and_demands,Passenger Light Trucks|Activity|Passenger-kilometres (millions),Passenger Light Trucks,Activity|Passenger-kilometres (millions),2020,99944.976169,millions,C:\Users\rashi\ESM_databases\canoe-transportation\inputs\cache\nrcan_ceud_transport\2021_tran_on_e_34.xls
nrcan_ceud_transport_provincial,ON,34,Passenger Light Trucks,passenger_light_trucks_activity,passenger_light_trucks,stocks_and_demands,Passenger Light Trucks|Energy Intensity (MJ/Pkm),Passenger Light Trucks,Energy Intensity (MJ/Pkm),2020,1.86149,MJ/Pkm,C:\Users\rashi\ESM_databases\canoe-transportation\inputs\cache\nrcan_ceud_transport\2021_tran_on_e_34.xls
nrcan_ceud_transport_provincial,ON,34,Passenger Light Trucks,passenger_light_trucks_activity,passenger_light_trucks,stocks_and_demands,Passenger Light Truck Energy Use (PJ),Passenger Light Truck Energy Use (PJ),Passenger Light Truck Energy Use (PJ),2021,190.204448,PJ,C:\Users\rashi\ESM_databases\canoe-transportation\inputs\cache\nrcan_ceud_transport\2021_tran_on_e_34.xls
nrcan_ceud_transport_provincial,ON,34,Passenger Light Trucks,passenger_light_trucks_activity,passenger_light_trucks,stocks_and_demands,Passenger Light Trucks|Energy Use by Energy Source (PJ)|Natural Gas,Passenger Light Trucks,Energy Use by Energy Source (PJ)|Natural Gas,2021,0.000176,PJ,C:\Users\rashi\ESM_databases\canoe-transportation\inputs\cache\nrcan_ceud_transport\2021_tran_on_e_34.xls
nrcan_ceud_transport_provincial,ON,34,Passenger Light Trucks,passenger_light_trucks_activity,passenger_light_trucks,stocks_and_demands,Passenger Light Trucks|Energy Use by Energy Source (PJ)|Motor Gasoline,Passenger Light Trucks,Energy Use by Energy Source (PJ)|Motor Gasoline,2021,186.466092,PJ,C:\Users\rashi\ESM_databases\canoe-transportation\inputs\cache\nrcan_ceud_transport\2021_tran_on_e_34.xls
nrcan_ceud_transport_provincial,ON,34,Passenger Light Trucks,passenger_light_trucks_activity,passenger_light_trucks,stocks_and_demands,Passenger Light Trucks|Energy Use by Energy Source (PJ)|Diesel Fuel Oil,Passenger Light Trucks,Energy Use by Energy Source (PJ)|Diesel Fuel Oil,2021,3.141834,PJ,C:\Users\rashi\ESM_databases\canoe-transportation\inputs\cache\nrcan_ceud_transport\2021_tran_on_e_34.xls
nrcan_ceud_transport_provincial,ON,34,Passenger Light Trucks,passenger_light_trucks_activity,passenger_light_trucks,stocks_and_demands,Passenger Light Trucks|Energy Use by Energy Source (PJ)|Propane,Passenger Light Trucks,Energy Use by Energy Source (PJ)|Propane,2021,0.596345,PJ,C:\Users\rashi\ESM_databases\canoe-transportation\inputs\cache\nrcan_ceud_transport\2021_tran_on_e_34.xls
nrcan_ceud_transport_provincial,ON,34,Passenger Light Trucks,passenger_light_trucks_activity,passenger_light_trucks,stocks_and_demands,Passenger Light Trucks|Activity|Passenger-kilometres (millions),Passenger Light Trucks,Activity|Passenger-kilometres (millions),2021,102845.402925,millions,C:\Users\rashi\ESM_databases\canoe-transportation\inputs\cache\nrcan_ceud_transport\2021_tran_on_e_34.xls
nrcan_ceud_transport_provincial,ON,34,Passenger Light Trucks,passenger_light_trucks_activity,passenger_light_trucks,stocks_and_demands,Passenger Light Trucks|Energy Intensity (MJ/Pkm),Passenger Light Trucks,Energy Intensity (MJ/Pkm),2021,1.849421,MJ/Pkm,C:\Users\rashi\ESM_databases\canoe-transportation\inputs\cache\nrcan_ceud_transport\2021_tran_on_e_34.xls
nrcan_ceud_transport_provincial,ON,35,Freight Light Trucks,freight_light_trucks_activity,freight_light_trucks,stocks_and_demands,Freight Light Truck Energy Use (PJ),Freight Light Truck Energy Use (PJ),Freight Light Truck Energy Use (PJ),2000,44.619221,PJ,C:\Users\rashi\ESM_databases\canoe-transportation\inputs\cache\nrcan_ceud_transport\2021_tran_on_e_35.xls
nrcan_ceud_transport_provincial,ON,35,Freight Light Trucks,freight_light_trucks_activity,freight_light_trucks,stocks_and_demands,Freight Light Trucks|Energy Use by Energy Source (PJ)|Natural Gas,Freight Light Trucks,Energy Use by Energy Source (PJ)|Natural Gas,2000,0.036903,PJ,C:\Users\rashi\ESM_databases\canoe-transportation\inputs\cache\nrcan_ceud_transport\2021_tran_on_e_35.xls
nrcan_ceud_transport_provincial,ON,35,Freight Light Trucks,freight_light_trucks_activity,freight_light_trucks,stocks_and_demands,Freight Light Trucks|Energy Use by Energy Source (PJ)|Motor Gasoline,Freight Light Trucks,Energy Use by Energy Source (PJ)|Motor Gasoline,2000,42.009222,PJ,C:\Users\rashi\ESM_databases\canoe-transportation\inputs\cache\nrcan_ceud_transport\2021_tran_on_e_35.xls
nrcan_ceud_transport_provincial,ON,35,Freight Light Trucks,freight_light_trucks_activity,freight_light_trucks,stocks_and_demands,Freight Light Trucks|Energy Use by Energy Source (PJ)|Diesel Fuel Oil,Freight Light Trucks,Energy Use by Energy Source (PJ)|Diesel Fuel Oil,2000,0.46573,PJ,C:\Users\rashi\ESM_databases\canoe-transportation\inputs\cache\nrcan_ceud_transport\2021_tran_on_e_35.xls
nrcan_ceud_transport_provincial,ON,35,Freight Light Trucks,freight_light_trucks_activity,freight_light_trucks,stocks_and_demands,Freight Light Trucks|Energy Use by Energy Source (PJ)|Biodiesel Fuel,Freight Light Trucks,Energy Use by Energy Source (PJ)|Biodiesel Fuel,2000,0.0,PJ,C:\Users\rashi\ESM_databases\canoe-transportation\inputs\cache\nrcan_ceud_transport\2021_tran_on_e_35.xls
nrcan_ceud_transport_provincial,ON,35,Freight Light Trucks,freight_light_trucks_activity,freight_light_trucks,stocks_and_demands,Freight Light Trucks|Energy Use by Energy Source (PJ)|Propane,Freight Light Trucks,Energy Use by Energy Source (PJ)|Propane,2000,2.107366,PJ,C:\Users\rashi\ESM_databases\canoe-transportation\inputs\cache\nrcan_ceud_transport\2021_tran_on_e_35.xls
nrcan_ceud_transport_provincial,ON,35,Freight Light Trucks,freight_light_trucks_activity,freight_light_trucks,stocks_and_demands,Freight Light Trucks|Activity|Tonne-kilometres (millions),Freight Light Trucks,Activity|Tonne-kilometres (millions),2000,5933.233484,millions,C:\Users\rashi\ESM_databases\canoe-transportation\inputs\cache\nrcan_ceud_transport\2021_tran_on_e_35.xls
nrcan_ceud_transport_provincial,ON,35,Freight Light Trucks,freight_light_trucks_activity,freight_light_trucks,stocks_and_demands,Freight Light Trucks|Energy Intensity (MJ/Tkm),Freight Light Trucks,Energy Intensity (MJ/Tkm),2000,7.52022,MJ/Tkm,C:\Users\rashi\ESM_databases\canoe-transportation\inputs\cache\nrcan_ceud_transport\2021_tran_on_e_35.xls
nrcan_ceud_transport_provincial,ON,35,Freight Light Trucks,freight_light_trucks_activity,freight_light_trucks,stocks_and_demands,Freight Light Truck Energy Use (PJ),Freight Light Truck Energy Use (PJ),Freight Light Truck Energy Use (PJ),2001,45.121087,PJ,C:\Users\rashi\ESM_databases\canoe-transportation\inputs\cache\nrcan_ceud_transport\2021_tran_on_e_35.xls
nrcan_ceud_transport_provincial,ON,35,Freight Light Trucks,freight_light_trucks_activity,freight_light_trucks,stocks_and_demands,Freight Light Trucks|Energy Use by Energy Source (PJ)|Natural Gas,Freight Light Trucks,Energy Use by Energy Source (PJ)|Natural Gas,2001,0.042028,PJ,C:\Users\rashi\ESM_databases\canoe-transportation\inputs\cache\nrcan_ceud_transport\2021_tran_on_e_35.xls
nrcan_ceud_transport_provincial,ON,35,Freight Light Trucks,freight_light_trucks_activity,freight_light_trucks,stocks_and_demands,Freight Light Trucks|Energy Use by Energy Source (PJ)|Motor Gasoline,Freight Light Trucks,Energy Use by Energy Source (PJ)|Motor Gasoline,2001,42.325236,PJ,C:\Users\rashi\ESM_databases\canoe-transportation\inputs\cache\nrcan_ceud_transport\2021_tran_on_e_35.xls
nrcan_ceud_transport_provincial,ON,35,Freight Light Trucks,freight_light_trucks_activity,freight_light_trucks,stocks_and_demands,Freight Light Trucks|Energy Use by Energy Source (PJ)|Diesel Fuel Oil,Freight Light Trucks,Energy Use by Energy Source (PJ)|Diesel Fuel Oil,2001,0.4507,PJ,C:\Users\rashi\ESM_databases\canoe-transportation\inputs\cache\nrcan_ceud_transport\2021_tran_on_e_35.xls
nrcan_ceud_transport_provincial,ON,35,Freight Light Trucks,freight_light_trucks_activity,freight_light_trucks,stocks_and_demands,Freight Light Trucks|Energy Use by Energy Source (PJ)|Propane,Freight Light Trucks,Energy Use by Energy Source (PJ)|Propane,2001,2.303124,PJ,C:\Users\rashi\ESM_databases\canoe-transportation\inputs\cache\nrcan_ceud_transport\2021_tran_on_e_35.xls
nrcan_ceud_transport_provincial,ON,35,Freight Light Trucks,freight_light_trucks_activity,freight_light_trucks,stocks_and_demands,Freight Light Trucks|Activity|Tonne-kilometres (millions),Freight Light Trucks,Activity|Tonne-kilometres (millions),2001,6122.160129,millions,C:\Users\rashi\ESM_databases\canoe-transportation\inputs\cache\nrcan_ceud_transport\2021_tran_on_e_35.xls
nrcan_ceud_transport_provincial,ON,35,Freight Light Trucks,freight_light_trucks_activity,freight_light_trucks,stocks_and_demands,Freight Light Trucks|Energy Intensity (MJ/Tkm),Freight Light Trucks,Energy Intensity (MJ/Tkm),2001,7.370125,MJ/Tkm,C:\Users\rashi\ESM_databases\canoe-transportation\inputs\cache\nrcan_ceud_transport\2021_tran_on_e_35.xls
nrcan_ceud_transport_provincial,ON,35,Freight Light Trucks,freight_light_trucks_activity,freight_light_trucks,stocks_and_demands,Freight Light Truck Energy Use (PJ),Freight Light Truck Energy Use (PJ),Freight Light Truck Energy Use (PJ),2002,46.980968,PJ,C:\Users\rashi\ESM_databases\canoe-transportation\inputs\cache\nrcan_ceud_transport\2021_tran_on_e_35.xls
nrcan_ceud_transport_provincial,ON,35,Freight Light Trucks,freight_light_trucks_activity,freight_light_trucks,stocks_and_demands,Freight Light Trucks|Energy Use by Energy Source (PJ)|Natural Gas,Freight Light Trucks,Energy Use by Energy Source (PJ)|Natural Gas,2002,0.047246,PJ,C:\Users\rashi\ESM_databases\canoe-transportation\inputs\cache\nrcan_ceud_transport\2021_tran_on_e_35.xls
nrcan_ceud_transport_provincial,ON,35,Freight Light Trucks,freight_light_trucks_activity,freight_light_trucks,stocks_and_demands,Freight Light Trucks|Energy Use by Energy Source (PJ)|Motor Gasoline,Freight Light Trucks,Energy Use by Energy Source (PJ)|Motor Gasoline,2002,45.257431,PJ,C:\Users\rashi\ESM_databases\canoe-transportation\inputs\cache\nrcan_ceud_transport\2021_tran_on_e_35.xls
nrcan_ceud_transport_provincial,ON,35,Freight Light Trucks,freight_light_trucks_activity,freight_light_trucks,stocks_and_demands,Freight Light Trucks|Energy Use by Energy Source (PJ)|Diesel Fuel Oil,Freight Light Trucks,Energy Use by Energy Source (PJ)|Diesel Fuel Oil,2002,0.461285,PJ,C:\Users\rashi\ESM_databases\canoe-transportation\inputs\cache\nrcan_ceud_transport\2021_tran_on_e_35.xls
nrcan_ceud_transport_provincial,ON,35,Freight Light Trucks,freight_light_trucks_activity,freight_light_trucks,stocks_and_demands,Freight Light Trucks|Energy Use by Energy Source (PJ)|Propane,Freight Light Trucks,Energy Use by Energy Source (PJ)|Propane,2002,1.215005,PJ,C:\Users\rashi\ESM_databases\canoe-transportation\inputs\cache\nrcan_ceud_transport\2021_tran_on_e_35.xls
nrcan_ceud_transport_provincial,ON,35,Freight Light Trucks,freight_light_trucks_activity,freight_light_trucks,stocks_and_demands,Freight Light Trucks|Activity|Tonne-kilometres (millions),Freight Light Trucks,Activity|Tonne-kilometres (millions),2002,6464.568548,millions,C:\Users\rashi\ESM_databases\canoe-transportation\inputs\cache\nrcan_ceud_transport\2021_tran_on_e_35.xls
nrcan_ceud_transport_provincial,ON,35,Freight Light Trucks,freight_light_trucks_activity,freight_light_trucks,stocks_and_demands,Freight Light Trucks|Energy Intensity (MJ/Tkm),Freight Light Trucks,Energy Intensity (MJ/Tkm),2002,7.267456,MJ/Tkm,C:\Users\rashi\ESM_databases\canoe-transportation\inputs\cache\nrcan_ceud_transport\2021_tran_on_e_35.xls
nrcan_ceud_transport_provincial,ON,35,Freight Light Trucks,freight_light_trucks_activity,freight_light_trucks,stocks_and_demands,Freight Light Truck Energy Use (PJ),Freight Light Truck Energy Use (PJ),Freight Light Truck Energy Use (PJ),2003,48.675887,PJ,C:\Users\rashi\ESM_databases\canoe-transportation\inputs\cache\nrcan_ceud_transport\2021_tran_on_e_35.xls
nrcan_ceud_transport_provincial,ON,35,Freight Light Trucks,freight_light_trucks_activity,freight_light_trucks,stocks_and_demands,Freight Light Trucks|Energy Use by Energy Source (PJ)|Natural Gas,Freight Light Trucks,Energy Use by Energy Source (PJ)|Natural Gas,2003,0.051446,PJ,C:\Users\rashi\ESM_databases\canoe-transportation\inputs\cache\nrcan_ceud_transport\2021_tran_on_e_35.xls
nrcan_ceud_transport_provincial,ON,35,Freight Light Trucks,freight_light_trucks_activity,freight_light_trucks,stocks_and_demands,Freight Light Trucks|Energy Use by Energy Source (PJ)|Motor Gasoline,Freight Light Trucks,Energy Use by Energy Source (PJ)|Motor Gasoline,2003,46.787402,PJ,C:\Users\rashi\ESM_databases\canoe-transportation\inputs\cache\nrcan_ceud_transport\2021_tran_on_e_35.xls
nrcan_ceud_transport_provincial,ON,35,Freight Light Trucks,freight_light_trucks_activity,freight_light_trucks,stocks_and_demands,Freight Light Trucks|Energy Use by Energy Source (PJ)|Diesel Fuel Oil,Freight Light Trucks,Energy Use by Energy Source (PJ)|Diesel Fuel Oil,2003,0.478538,PJ,C:\Users\rashi\ESM_databases\canoe-transportation\inputs\cache\nrcan_ceud_transport\2021_tran_on_e_35.xls
nrcan_ceud_transport_provincial,ON,35,Freight Light Trucks,freight_light_trucks_activity,freight_light_trucks,stocks_and_demands,Freight Light Trucks|Energy Use by Energy Source (PJ)|Propane,Freight Light Trucks,Energy Use by Energy Source (PJ)|Propane,2003,1.358502,PJ,C:\Users\rashi\ESM_databases\canoe-transportation\inputs\cache\nrcan_ceud_transport\2021_tran_on_e_35.xls
nrcan_ceud_transport_provincial,ON,35,Freight Light Trucks,freight_light_trucks_activity,freight_light_trucks,stocks_and_demands,Freight Light Trucks|Activity|Tonne-kilometres (millions),Freight Light Trucks,Activity|Tonne-kilometres (millions),2003,6785.09352,millions,C:\Users\rashi\ESM_databases\canoe-transportation\inputs\cache\nrcan_ceud_transport\2021_tran_on_e_35.xls
nrcan_ceud_transport_provincial,ON,35,Freight Light Trucks,freight_light_trucks_activity,freight_light_trucks,stocks_and_demands,Freight Light Trucks|Energy Intensity (MJ/Tkm),Freight Light Trucks,Energy Intensity (MJ/Tkm),2003,7.173945,MJ/Tkm,C:\Users\rashi\ESM_databases\canoe-transportation\inputs\cache\nrcan_ceud_transport\2021_tran_on_e_35.xls
nrcan_ceud_transport_provincial,ON,35,Freight Light Trucks,freight_light_trucks_activity,freight_light_trucks,stocks_and_demands,Freight Light Truck Energy Use (PJ),Freight Light Truck Energy Use (PJ),Freight Light Truck Energy Use (PJ),2004,51.590581,PJ,C:\Users\rashi\ESM_databases\canoe-transportation\inputs\cache\nrcan_ceud_transport\2021_tran_on_e_35.xls
nrcan_ceud_transport_provincial,ON,35,Freight Light Trucks,freight_light_trucks_activity,freight_light_trucks,stocks_and_demands,Freight Light Trucks|Energy Use by Energy Source (PJ)|Natural Gas,Freight Light Trucks,Energy Use by Energy Source (PJ)|Natural Gas,2004,0.056079,PJ,C:\Users\rashi\ESM_databases\canoe-transportation\inputs\cache\nrcan_ceud_transport\2021_tran_on_e_35.xls
nrcan_ceud_transport_provincial,ON,35,Freight Light Trucks,freight_light_trucks_activity,freight_light_trucks,stocks_and_demands,Freight Light Trucks|Energy Use by Energy Source (PJ)|Motor Gasoline,Freight Light Trucks,Energy Use by Energy Source (PJ)|Motor Gasoline,2004,49.506238,PJ,C:\Users\rashi\ESM_databases\canoe-transportation\inputs\cache\nrcan_ceud_transport\2021_tran_on_e_35.xls
nrcan_ceud_transport_provincial,ON,35,Freight Light Trucks,freight_light_trucks_activity,freight_light_trucks,stocks_and_demands,Freight Light Trucks|Energy Use by Energy Source (PJ)|Diesel Fuel Oil,Freight Light Trucks,Energy Use by Energy Source (PJ)|Diesel Fuel Oil,2004,0.501982,PJ,C:\Users\rashi\ESM_databases\canoe-transportation\inputs\cache\nrcan_ceud_transport\2021_tran_on_e_35.xls
nrcan_ceud_transport_provincial,ON,35,Freight Light Trucks,freight_light_trucks_activity,freight_light_trucks,stocks_and_demands,Freight Light Trucks|Energy Use by Energy Source (PJ)|Propane,Freight Light Trucks,Energy Use by Energy Source (PJ)|Propane,2004,1.526283,PJ,C:\Users\rashi\ESM_databases\canoe-transportation\inputs\cache\nrcan_ceud_transport\2021_tran_on_e_35.xls
nrcan_ceud_transport_provincial,ON,35,Freight Light Trucks,freight_light_trucks_activity,freight_light_trucks,stocks_and_demands,Freight Light Trucks|Activity|Tonne-kilometres (millions),Freight Light Trucks,Activity|Tonne-kilometres (millions),2004,7262.407523,millions,C:\Users\rashi\ESM_databases\canoe-transportation\inputs\cache\nrcan_ceud_transport\2021_tran_on_e_35.xls
nrcan_ceud_transport_provincial,ON,35,Freight Light Trucks,freight_light_trucks_activity,freight_light_trucks,stocks_and_demands,Freight Light Trucks|Energy Intensity (MJ/Tkm),Freight Light Trucks,Energy Intensity (MJ/Tkm),2004,7.103785,MJ/Tkm,C:\Users\rashi\ESM_databases\canoe-transportation\inputs\cache\nrcan_ceud_transport\2021_tran_on_e_35.xls
nrcan_ceud_transport_provincial,ON,35,Freight Light Trucks,freight_light_trucks_activity,freight_light_trucks,stocks_and_demands,Freight Light Truck Energy Use (PJ),Freight Light Truck Energy Use (PJ),Freight Light Truck Energy Use (PJ),2005,54.148838,PJ,C:\Users\rashi\ESM_databases\canoe-transportation\inputs\cache\nrcan_ceud_transport\2021_tran_on_e_35.xls
nrcan_ceud_transport_provincial,ON,35,Freight Light Trucks,freight_light_trucks_activity,freight_light_trucks,stocks_and_demands,Freight Light Trucks|Energy Use by Energy Source (PJ)|Natural Gas,Freight Light Trucks,Energy Use by Energy Source (PJ)|Natural Gas,2005,0.066935,PJ,C:\Users\rashi\ESM_databases\canoe-transportation\inputs\cache\nrcan_ceud_transport\2021_tran_on_e_35.xls
nrcan_ceud_transport_provincial,ON,35,Freight Light Trucks,freight_light_trucks_activity,freight_light_trucks,stocks_and_demands,Freight Light Trucks|Energy Use by Energy Source (PJ)|Motor Gasoline,Freight Light Trucks,Energy Use by Energy Source (PJ)|Motor Gasoline,2005,52.198872,PJ,C:\Users\rashi\ESM_databases\canoe-transportation\inputs\cache\nrcan_ceud_transport\2021_tran_on_e_35.xls
nrcan_ceud_transport_provincial,ON,35,Freight Light Trucks,freight_light_trucks_activity,freight_light_trucks,stocks_and_demands,Freight Light Trucks|Energy Use by Energy Source (PJ)|Diesel Fuel Oil,Freight Light Trucks,Energy Use by Energy Source (PJ)|Diesel Fuel Oil,2005,0.606983,PJ,C:\Users\rashi\ESM_databases\canoe-transportation\inputs\cache\nrcan_ceud_transport\2021_tran_on_e_35.xls
nrcan_ceud_transport_provincial,ON,35,Freight Light Trucks,freight_light_trucks_activity,freight_light_trucks,stocks_and_demands,Freight Light Trucks|Energy Use by Energy Source (PJ)|Propane,Freight Light Trucks,Energy Use by Energy Source (PJ)|Propane,2005,1.276048,PJ,C:\Users\rashi\ESM_databases\canoe-transportation\inputs\cache\nrcan_ceud_transport\2021_tran_on_e_35.xls
nrcan_ceud_transport_provincial,ON,35,Freight Light Trucks,freight_light_trucks_activity,freight_light_trucks,stocks_and_demands,Freight Light Trucks|Activity|Tonne-kilometres (millions),Freight Light Trucks,Activity|Tonne-kilometres (millions),2005,7729.404382,millions,C:\Users\rashi\ESM_databases\canoe-transportation\inputs\cache\nrcan_ceud_transport\2021_tran_on_e_35.xls
nrcan_ceud_transport_provincial,ON,35,Freight Light Trucks,freight_light_trucks_activity,freight_light_trucks,stocks_and_demands,Freight Light Trucks|Energy Intensity (MJ/Tkm),Freight Light Trucks,Energy Intensity (MJ/Tkm),2005,7.005564,MJ/Tkm,C:\Users\rashi\ESM_databases\canoe-transportation\inputs\cache\nrcan_ceud_transport\2021_tran_on_e_35.xls
nrcan_ceud_transport_provincial,ON,35,Freight Light Trucks,freight_light_trucks_activity,freight_light_trucks,stocks_and_demands,Freight Light Truck Energy Use (PJ),Freight Light Truck Energy Use (PJ),Freight Light Truck Energy Use (PJ),2006,54.959694,PJ,C:\Users\rashi\ESM_databases\canoe-transportation\inputs\cache\nrcan_ceud_transport\2021_tran_on_e_35.xls
nrcan_ceud_transport_provincial,ON,35,Freight Light Trucks,freight_light_trucks_activity,freight_light_trucks,stocks_and_demands,Freight Light Trucks|Energy Use by Energy Source (PJ)|Natural Gas,Freight Light Trucks,Energy Use by Energy Source (PJ)|Natural Gas,2006,0.101629,PJ,C:\Users\rashi\ESM_databases\canoe-transportation\inputs\cache\nrcan_ceud_transport\2021_tran_on_e_35.xls
nrcan_ceud_transport_provincial,ON,35,Freight Light Trucks,freight_light_trucks_activity,freight_light_trucks,stocks_and_demands,Freight Light Trucks|Energy Use by Energy Source (PJ)|Motor Gasoline,Freight Light Trucks,Energy Use by Energy Source (PJ)|Motor Gasoline,2006,52.176158,PJ,C:\Users\rashi\ESM_databases\canoe-transportation\inputs\cache\nrcan_ceud_transport\2021_tran_on_e_35.xls
nrcan_ceud_transport_provincial,ON,35,Freight Light Trucks,freight_light_trucks_activity,freight_light_trucks,stocks_and_demands,Freight Light Trucks|Energy Use by Energy Source (PJ)|Diesel Fuel Oil,Freight Light Trucks,Energy Use by Energy Source (PJ)|Diesel Fuel Oil,2006,0.154117,PJ,C:\Users\rashi\ESM_databases\canoe-transportation\inputs\cache\nrcan_ceud_transport\2021_tran_on_e_35.xls
nrcan_ceud_transport_provincial,ON,35,Freight Light Trucks,freight_light_trucks_activity,freight_light_trucks,stocks_and_demands,Freight Light Trucks|Energy Use by Energy Source (PJ)|Propane,Freight Light Trucks,Energy Use by Energy Source (PJ)|Propane,2006,2.527791,PJ,C:\Users\rashi\ESM_databases\canoe-transportation\inputs\cache\nrcan_ceud_transport\2021_tran_on_e_35.xls
nrcan_ceud_transport_provincial,ON,35,Freight Light Trucks,freight_light_trucks_activity,freight_light_trucks,stocks_and_demands,Freight Light Trucks|Activity|Tonne-kilometres (millions),Freight Light Trucks,Activity|Tonne-kilometres (millions),2006,7906.703978,millions,C:\Users\rashi\ESM_databases\canoe-transportation\inputs\cache\nrcan_ceud_transport\2021_tran_on_e_35.xls
nrcan_ceud_transport_provincial,ON,35,Freight Light Trucks,freight_light_trucks_activity,freight_light_trucks,stocks_and_demands,Freight Light Trucks|Energy Intensity (MJ/Tkm),Freight Light Trucks,Energy Intensity (MJ/Tkm),2006,6.951025,MJ/Tkm,C:\Users\rashi\ESM_databases\canoe-transportation\inputs\cache\nrcan_ceud_transport\2021_tran_on_e_35.xls
nrcan_ceud_transport_provincial,ON,35,Freight Light Trucks,freight_light_trucks_activity,freight_light_trucks,stocks_and_demands,Freight Light Truck Energy Use (PJ),Freight Light Truck Energy Use (PJ),Freight Light Truck Energy Use (PJ),2007,57.00908,PJ,C:\Users\rashi\ESM_databases\canoe-transportation\inputs\cache\nrcan_ceud_transport\2021_tran_on_e_35.xls
nrcan_ceud_transport_provincial,ON,35,Freight Light Trucks,freight_light_trucks_activity,freight_light_trucks,stocks_and_demands,Freight Light Trucks|Energy Use by Energy Source (PJ)|Natural Gas,Freight Light Trucks,Energy Use by Energy Source (PJ)|Natural Gas,2007,0.101031,PJ,C:\Users\rashi\ESM_databases\canoe-transportation\inputs\cache\nrcan_ceud_transport\2021_tran_on_e_35.xls
nrcan_ceud_transport_provincial,ON,35,Freight Light Trucks,freight_light_trucks_activity,freight_light_trucks,stocks_and_demands,Freight Light Trucks|Energy Use by Energy Source (PJ)|Motor Gasoline,Freight Light Trucks,Energy Use by Energy Source (PJ)|Motor Gasoline,2007,51.990787,PJ,C:\Users\rashi\ESM_databases\canoe-transportation\inputs\cache\nrcan_ceud_transport\2021_tran_on_e_35.xls
nrcan_ceud_transport_provincial,ON,35,Freight Light Trucks,freight_light_trucks_activity,freight_light_trucks,stocks_and_demands,Freight Light Trucks|Energy Use by Energy Source (PJ)|Diesel Fuel Oil,Freight Light Trucks,Energy Use by Energy Source (PJ)|Diesel Fuel Oil,2007,0.147163,PJ,C:\Users\rashi\ESM_databases\canoe-transportation\inputs\cache\nrcan_ceud_transport\2021_tran_on_e_35.xls
nrcan_ceud_transport_provincial,ON,35,Freight Light Trucks,freight_light_trucks_activity,freight_light_trucks,stocks_and_demands,Freight Light Trucks|Energy Use by Energy Source (PJ)|Ethanol,Freight Light Trucks,Energy Use by Energy Source (PJ)|Ethanol,2007,1.946391,PJ,C:\Users\rashi\ESM_databases\canoe-transportation\inputs\cache\nrcan_ceud_transport\2021_tran_on_e_35.xls
nrcan_ceud_transport_provincial,ON,35,Freight Light Trucks,freight_light_trucks_activity,freight_light_trucks,stocks_and_demands,Freight Light Trucks|Energy Use by Energy Source (PJ)|Propane,Freight Light Trucks,Energy Use by Energy Source (PJ)|Propane,2007,2.823707,PJ,C:\Users\rashi\ESM_databases\canoe-transportation\inputs\cache\nrcan_ceud_transport\2021_tran_on_e_35.xls
nrcan_ceud_transport_provincial,ON,35,Freight Light Trucks,freight_light_trucks_activity,freight_light_trucks,stocks_and_demands,Freight Light Trucks|Activity|Tonne-kilometres (millions),Freight Light Trucks,Activity|Tonne-kilometres (millions),2007,8319.066548,millions,C:\Users\rashi\ESM_databases\canoe-transportation\inputs\cache\nrcan_ceud_transport\2021_tran_on_e_35.xls
nrcan_ceud_transport_provincial,ON,35,Freight Light Trucks,freight_light_trucks_activity,freight_light_trucks,stocks_and_demands,Freight Light Trucks|Energy Intensity (MJ/Tkm),Freight Light Trucks,Energy Intensity (MJ/Tkm),2007,6.852822,MJ/Tkm,C:\Users\rashi\ESM_databases\canoe-transportation\inputs\cache\nrcan_ceud_transport\2021_tran_on_e_35.xls
nrcan_ceud_transport_provincial,ON,35,Freight Light Trucks,freight_light_trucks_activity,freight_light_trucks,stocks_and_demands,Freight Light Truck Energy Use (PJ),Freight Light Truck Energy Use (PJ),Freight Light Truck Energy Use (PJ),2008,57.532909,PJ,C:\Users\rashi\ESM_databases\canoe-transportation\inputs\cache\nrcan_ceud_transport\2021_tran_on_e_35.xls
nrcan_ceud_transport_provincial,ON,35,Freight Light Trucks,freight_light_trucks_activity,freight_light_trucks,stocks_and_demands,Freight Light Trucks|Energy Use by Energy Source (PJ)|Natural Gas,Freight Light Trucks,Energy Use by Energy Source (PJ)|Natural Gas,2008,0.110088,PJ,C:\Users\rashi\ESM_databases\canoe-transportation\inputs\cache\nrcan_ceud_transport\2021_tran_on_e_35.xls
nrcan_ceud_transport_provincial,ON,35,Freight Light Trucks,freight_light_trucks_activity,freight_light_trucks,stocks_and_demands,Freight Light Trucks|Energy Use by Energy Source (PJ)|Motor Gasoline,Freight Light Trucks,Energy Use by Energy Source (PJ)|Motor Gasoline,2008,51.843406,PJ,C:\Users\rashi\ESM_databases\canoe-transportation\inputs\cache\nrcan_ceud_transport\2021_tran_on_e_35.xls
nrcan_ceud_transport_provincial,ON,35,Freight Light Trucks,freight_light_trucks_activity,freight_light_trucks,stocks_and_demands,Freight Light Trucks|Energy Use by Energy Source (PJ)|Diesel Fuel Oil,Freight Light Trucks,Energy Use by Energy Source (PJ)|Diesel Fuel Oil,2008,0.171178,PJ,C:\Users\rashi\ESM_databases\canoe-transportation\inputs\cache\nrcan_ceud_transport\2021_tran_on_e_35.xls
nrcan_ceud_transport_provincial,ON,35,Freight Light Trucks,freight_light_trucks_activity,freight_light_trucks,stocks_and_demands,Freight Light Trucks|Energy Use by Energy Source (PJ)|Ethanol,Freight Light Trucks,Energy Use by Energy Source (PJ)|Ethanol,2008,2.403225,PJ,C:\Users\rashi\ESM_databases\canoe-transportation\inputs\cache\nrcan_ceud_transport\2021_tran_on_e_35.xls
nrcan_ceud_transport_provincial,ON,35,Freight Light Trucks,freight_light_trucks_activity,freight_light_trucks,stocks_and_demands,Freight Light Trucks|Energy Use by Energy Source (PJ)|Propane,Freight Light Trucks,Energy Use by Energy Source (PJ)|Propane,2008,3.005012,PJ,C:\Users\rashi\ESM_databases\canoe-transportation\inputs\cache\nrcan_ceud_transport\2021_tran_on_e_35.xls
nrcan_ceud_transport_provincial,ON,35,Freight Light Trucks,freight_light_trucks_activity,freight_light_trucks,stocks_and_demands,Freight Light Trucks|Activity|Tonne-kilometres (millions),Freight Light Trucks,Activity|Tonne-kilometres (millions),2008,8484.844023,millions,C:\Users\rashi\ESM_databases\canoe-transportation\inputs\cache\nrcan_ceud_transport\2021_tran_on_e_35.xls
nrcan_ceud_transport_provincial,ON,35,Freight Light Trucks,freight_light_trucks_activity,freight_light_trucks,stocks_and_demands,Freight Light Trucks|Energy Intensity (MJ/Tkm),Freight Light Trucks,Energy Intensity (MJ/Tkm),2008,6.780668,MJ/Tkm,C:\Users\rashi\ESM_databases\canoe-transportation\inputs\cache\nrcan_ceud_transport\2021_tran_on_e_35.xls
nrcan_ceud_transport_provincial,ON,35,Freight Light Trucks,freight_light_trucks_activity,freight_light_trucks,stocks_and_demands,Freight Light Truck Energy Use (PJ),Freight Light Truck Energy Use (PJ),Freight Light Truck Energy Use (PJ),2009,60.215049,PJ,C:\Users\rashi\ESM_databases\canoe-transportation\inputs\cache\nrcan_ceud_transport\2021_tran_on_e_35.xls
nrcan_ceud_transport_provincial,ON,35,Freight Light Trucks,freight_light_trucks_activity,freight_light_trucks,stocks_and_demands,Freight Light Trucks|Energy Use by Energy Source (PJ)|Natural Gas,Freight Light Trucks,Energy Use by Energy Source (PJ)|Natural Gas,2009,0.081083,PJ,C:\Users\rashi\ESM_databases\canoe-transportation\inputs\cache\nrcan_ceud_transport\2021_tran_on_e_35.xls
nrcan_ceud_transport_provincial,ON,35,Freight Light Trucks,freight_light_trucks_activity,freight_light_trucks,stocks_and_demands,Freight Light Trucks|Energy Use by Energy Source (PJ)|Motor Gasoline,Freight Light Trucks,Energy Use by Energy Source (PJ)|Motor Gasoline,2009,54.998253,PJ,C:\Users\rashi\ESM_databases\canoe-transportation\inputs\cache\nrcan_ceud_transport\2021_tran_on_e_35.xls
nrcan_ceud_transport_provincial,ON,35,Freight Light Trucks,freight_light_trucks_activity,freight_light_trucks,stocks_and_demands,Freight Light Trucks|Energy Use by Energy Source (PJ)|Diesel Fuel Oil,Freight Light Trucks,Energy Use by Energy Source (PJ)|Diesel Fuel Oil,2009,0.22369,PJ,C:\Users\rashi\ESM_databases\canoe-transportation\inputs\cache\nrcan_ceud_transport\2021_tran_on_e_35.xls
nrcan_ceud_transport_provincial,ON,35,Freight Light Trucks,freight_light_trucks_activity,freight_light_trucks,stocks_and_demands,Freight Light Trucks|Energy Use by Energy Source (PJ)|Ethanol,Freight Light Trucks,Energy Use by Energy Source (PJ)|Ethanol,2009,2.464328,PJ,C:\Users\rashi\ESM_databases\canoe-transportation\inputs\cache\nrcan_ceud_transport\2021_tran_on_e_35.xls
nrcan_ceud_transport_provincial,ON,35,Freight Light Trucks,freight_light_trucks_activity,freight_light_trucks,stocks_and_demands,Freight Light Trucks|Energy Use by Energy Source (PJ)|Propane,Freight Light Trucks,Energy Use by Energy Source (PJ)|Propane,2009,2.447695,PJ,C:\Users\rashi\ESM_databases\canoe-transportation\inputs\cache\nrcan_ceud_transport\2021_tran_on_e_35.xls
nrcan_ceud_transport_provincial,ON,35,Freight Light Trucks,freight_light_trucks_activity,freight_light_trucks,stocks_and_demands,Freight Light Trucks|Activity|Tonne-kilometres (millions),Freight Light Trucks,Activity|Tonne-kilometres (millions),2009,8947.430155,millions,C:\Users\rashi\ESM_databases\canoe-transportation\inputs\cache\nrcan_ceud_transport\2021_tran_on_e_35.xls
nrcan_ceud_transport_provincial,ON,35,Freight Light Trucks,freight_light_trucks_activity,freight_light_trucks,stocks_and_demands,Freight Light Trucks|Energy Intensity (MJ/Tkm),Freight Light Trucks,Energy Intensity (MJ/Tkm),2009,6.729871,MJ/Tkm,C:\Users\rashi\ESM_databases\canoe-transportation\inputs\cache\nrcan_ceud_transport\2021_tran_on_e_35.xls
nrcan_ceud_transport_provincial,ON,35,Freight Light Trucks,freight_light_trucks_activity,freight_light_trucks,stocks_and_demands,Freight Light Truck Energy Use (PJ),Freight Light Truck Energy Use (PJ),Freight Light Truck Energy Use (PJ),2010,63.036977,PJ,C:\Users\rashi\ESM_databases\canoe-transportation\inputs\cache\nrcan_ceud_transport\2021_tran_on_e_35.xls
nrcan_ceud_transport_provincial,ON,35,Freight Light Trucks,freight_light_trucks_activity,freight_light_trucks,stocks_and_demands,Freight Light Trucks|Energy Use by Energy Source (PJ)|Natural Gas,Freight Light Trucks,Energy Use by Energy Source (PJ)|Natural Gas,2010,0.085552,PJ,C:\Users\rashi\ESM_databases\canoe-transportation\inputs\cache\nrcan_ceud_transport\2021_tran_on_e_35.xls
nrcan_ceud_transport_provincial,ON,35,Freight Light Trucks,freight_light_trucks_activity,freight_light_trucks,stocks_and_demands,Freight Light Trucks|Energy Use by Energy Source (PJ)|Motor Gasoline,Freight Light Trucks,Energy Use by Energy Source (PJ)|Motor Gasoline,2010,57.296594,PJ,C:\Users\rashi\ESM_databases\canoe-transportation\inputs\cache\nrcan_ceud_transport\2021_tran_on_e_35.xls
nrcan_ceud_transport_provincial,ON,35,Freight Light Trucks,freight_light_trucks_activity,freight_light_trucks,stocks_and_demands,Freight Light Trucks|Energy Use by Energy Source (PJ)|Diesel Fuel Oil,Freight Light Trucks,Energy Use by Energy Source (PJ)|Diesel Fuel Oil,2010,0.268386,PJ,C:\Users\rashi\ESM_databases\canoe-transportation\inputs\cache\nrcan_ceud_transport\2021_tran_on_e_35.xls
nrcan_ceud_transport_provincial,ON,35,Freight Light Trucks,freight_light_trucks_activity,freight_light_trucks,stocks_and_demands,Freight Light Trucks|Energy Use by Energy Source (PJ)|Ethanol,Freight Light Trucks,Energy Use by Energy Source (PJ)|Ethanol,2010,2.740437,PJ,C:\Users\rashi\ESM_databases\canoe-transportation\inputs\cache\nrcan_ceud_transport\2021_tran_on_e_35.xls
nrcan_ceud_transport_provincial,ON,35,Freight Light Trucks,freight_light_trucks_activity,freight_light_trucks,stocks_and_demands,Freight Light Trucks|Energy Use by Energy Source (PJ)|Propane,Freight Light Trucks,Energy Use by Energy Source (PJ)|Propane,2010,2.646007,PJ,C:\Users\rashi\ESM_databases\canoe-transportation\inputs\cache\nrcan_ceud_transport\2021_tran_on_e_35.xls
nrcan_ceud_transport_provincial,ON,35,Freight Light Trucks,freight_light_trucks_activity,freight_light_trucks,stocks_and_demands,Freight Light Trucks|Activity|Tonne-kilometres (millions),Freight Light Trucks,Activity|Tonne-kilometres (millions),2010,9448.820192,millions,C:\Users\rashi\ESM_databases\canoe-transportation\inputs\cache\nrcan_ceud_transport\2021_tran_on_e_35.xls
nrcan_ceud_transport_provincial,ON,35,Freight Light Trucks,freight_light_trucks_activity,freight_light_trucks,stocks_and_demands,Freight Light Trucks|Energy Intensity (MJ/Tkm),Freight Light Trucks,Energy Intensity (MJ/Tkm),2010,6.671412,MJ/Tkm,C:\Users\rashi\ESM_databases\canoe-transportation\inputs\cache\nrcan_ceud_transport\2021_tran_on_e_35.xls
nrcan_ceud_transport_provincial,ON,35,Freight Light Trucks,freight_light_trucks_activity,freight_light_trucks,stocks_and_demands,Freight Light Truck Energy Use (PJ),Freight Light Truck Energy Use (PJ),Freight Light Truck Energy Use (PJ),2011,64.500492,PJ,C:\Users\rashi\ESM_databases\canoe-transportation\inputs\cache\nrcan_ceud_transport\2021_tran_on_e_35.xls
nrcan_ceud_transport_provincial,ON,35,Freight Light Trucks,freight_light_trucks_activity,freight_light_trucks,stocks_and_demands,Freight Light Trucks|Energy Use by Energy Source (PJ)|Natural Gas,Freight Light Trucks,Energy Use by Energy Source (PJ)|Natural Gas,2011,0.054906,PJ,C:\Users\rashi\ESM_databases\canoe-transportation\inputs\cache\nrcan_ceud_transport\2021_tran_on_e_35.xls
nrcan_ceud_transport_provincial,ON,35,Freight Light Trucks,freight_light_trucks_activity,freight_light_trucks,stocks_and_demands,Freight Light Trucks|Energy Use by Energy Source (PJ)|Motor Gasoline,Freight Light Trucks,Energy Use by Energy Source (PJ)|Motor Gasoline,2011,57.753761,PJ,C:\Users\rashi\ESM_databases\canoe-transportation\inputs\cache\nrcan_ceud_transport\2021_tran_on_e_35.xls
nrcan_ceud_transport_provincial,ON,35,Freight Light Trucks,freight_light_trucks_activity,freight_light_trucks,stocks_and_demands,Freight Light Trucks|Energy Use by Energy Source (PJ)|Diesel Fuel Oil,Freight Light Trucks,Energy Use by Energy Source (PJ)|Diesel Fuel Oil,2011,0.316358,PJ,C:\Users\rashi\ESM_databases\canoe-transportation\inputs\cache\nrcan_ceud_transport\2021_tran_on_e_35.xls
nrcan_ceud_transport_provincial,ON,35,Freight Light Trucks,freight_light_trucks_activity,freight_light_trucks,stocks_and_demands,Freight Light Trucks|Energy Use by Energy Source (PJ)|Ethanol,Freight Light Trucks,Energy Use by Energy Source (PJ)|Ethanol,2011,3.186439,PJ,C:\Users\rashi\ESM_databases\canoe-transportation\inputs\cache\nrcan_ceud_transport\2021_tran_on_e_35.xls
nrcan_ceud_transport_provincial,ON,35,Freight Light Trucks,freight_light_trucks_activity,freight_light_trucks,stocks_and_demands,Freight Light Trucks|Energy Use by Energy Source (PJ)|Propane,Freight Light Trucks,Energy Use by Energy Source (PJ)|Propane,2011,3.189027,PJ,C:\Users\rashi\ESM_databases\canoe-transportation\inputs\cache\nrcan_ceud_transport\2021_tran_on_e_35.xls
nrcan_ceud_transport_provincial,ON,35,Freight Light Trucks,freight_light_trucks_activity,freight_light_trucks,stocks_and_demands,Freight Light Trucks|Activity|Tonne-kilometres (millions),Freight Light Trucks,Activity|Tonne-kilometres (millions),2011,9738.144339,millions,C:\Users\rashi\ESM_databases\canoe-transportation\inputs\cache\nrcan_ceud_transport\2021_tran_on_e_35.xls
nrcan_ceud_transport_provincial,ON,35,Freight Light Trucks,freight_light_trucks_activity,freight_light_trucks,stocks_and_demands,Freight Light Trucks|Energy Intensity (MJ/Tkm),Freight Light Trucks,Energy Intensity (MJ/Tkm),2011,6.623489,MJ/Tkm,C:\Users\rashi\ESM_databases\canoe-transportation\inputs\cache\nrcan_ceud_transport\2021_tran_on_e_35.xls
nrcan_ceud_transport_provincial,ON,35,Freight Light Trucks,freight_light_trucks_activity,freight_light_trucks,stocks_and_demands,Freight Light Truck Energy Use (PJ),Freight Light Truck Energy Use (PJ),Freight Light Truck Energy Use (PJ),2012,61.90806,PJ,C:\Users\rashi\ESM_databases\canoe-transportation\inputs\cache\nrcan_ceud_transport\2021_tran_on_e_35.xls
nrcan_ceud_transport_provincial,ON,35,Freight Light Trucks,freight_light_trucks_activity,freight_light_trucks,stocks_and_demands,Freight Light Trucks|Energy Use by Energy Source (PJ)|Natural Gas,Freight Light Trucks,Energy Use by Energy Source (PJ)|Natural Gas,2012,0.042473,PJ,C:\Users\rashi\ESM_databases\canoe-transportation\inputs\cache\nrcan_ceud_transport\2021_tran_on_e_35.xls
nrcan_ceud_transport_provincial,ON,35,Freight Light Trucks,freight_light_trucks_activity,freight_light_trucks,stocks_and_demands,Freight Light Trucks|Energy Use by Energy Source (PJ)|Motor Gasoline,Freight Light Trucks,Energy Use by Energy Source (PJ)|Motor Gasoline,2012,54.519332,PJ,C:\Users\rashi\ESM_databases\canoe-transportation\inputs\cache\nrcan_ceud_transport\2021_tran_on_e_35.xls
nrcan_ceud_transport_provincial,ON,35,Freight Light Trucks,freight_light_trucks_activity,freight_light_trucks,stocks_and_demands,Freight Light Trucks|Energy Use by Energy Source (PJ)|Diesel Fuel Oil,Freight Light Trucks,Energy Use by Energy Source (PJ)|Diesel Fuel Oil,2012,0.345875,PJ,C:\Users\rashi\ESM_databases\canoe-transportation\inputs\cache\nrcan_ceud_transport\2021_tran_on_e_35.xls
nrcan_ceud_transport_provincial,ON,35,Freight Light Trucks,freight_light_trucks_activity,freight_light_trucks,stocks_and_demands,Freight Light Trucks|Energy Use by Energy Source (PJ)|Ethanol,Freight Light Trucks,Energy Use by Energy Source (PJ)|Ethanol,2012,3.265206,PJ,C:\Users\rashi\ESM_databases\canoe-transportation\inputs\cache\nrcan_ceud_transport\2021_tran_on_e_35.xls
nrcan_ceud_transport_provincial,ON,35,Freight Light Trucks,freight_light_trucks_activity,freight_light_trucks,stocks_and_demands,Freight Light Trucks|Energy Use by Energy Source (PJ)|Propane,Freight Light Trucks,Energy Use by Energy Source (PJ)|Propane,2012,3.735174,PJ,C:\Users\rashi\ESM_databases\canoe-transportation\inputs\cache\nrcan_ceud_transport\2021_tran_on_e_35.xls
nrcan_ceud_transport_provincial,ON,35,Freight Light Trucks,freight_light_trucks_activity,freight_light_trucks,stocks_and_demands,Freight Light Trucks|Activity|Tonne-kilometres (millions),Freight Light Trucks,Activity|Tonne-kilometres (millions),2012,9410.150492,millions,C:\Users\rashi\ESM_databases\canoe-transportation\inputs\cache\nrcan_ceud_transport\2021_tran_on_e_35.xls
nrcan_ceud_transport_provincial,ON,35,Freight Light Trucks,freight_light_trucks_activity,freight_light_trucks,stocks_and_demands,Freight Light Trucks|Energy Intensity (MJ/Tkm),Freight Light Trucks,Energy Intensity (MJ/Tkm),2012,6.57886,MJ/Tkm,C:\Users\rashi\ESM_databases\canoe-transportation\inputs\cache\nrcan_ceud_transport\2021_tran_on_e_35.xls
nrcan_ceud_transport_provincial,ON,35,Freight Light Trucks,freight_light_trucks_activity,freight_light_trucks,stocks_and_demands,Freight Light Truck Energy Use (PJ),Freight Light Truck Energy Use (PJ),Freight Light Truck Energy Use (PJ),2013,66.093468,PJ,C:\Users\rashi\ESM_databases\canoe-transportation\inputs\cache\nrcan_ceud_transport\2021_tran_on_e_35.xls
nrcan_ceud_transport_provincial,ON,35,Freight Light Trucks,freight_light_trucks_activity,freight_light_trucks,stocks_and_demands,Freight Light Trucks|Energy Use by Energy Source (PJ)|Natural Gas,Freight Light Trucks,Energy Use by Energy Source (PJ)|Natural Gas,2013,0.028774,PJ,C:\Users\rashi\ESM_databases\canoe-transportation\inputs\cache\nrcan_ceud_transport\2021_tran_on_e_35.xls
nrcan_ceud_transport_provincial,ON,35,Freight Light Trucks,freight_light_trucks_activity,freight_light_trucks,stocks_and_demands,Freight Light Trucks|Energy Use by Energy Source (PJ)|Motor Gasoline,Freight Light Trucks,Energy Use by Energy Source (PJ)|Motor Gasoline,2013,59.612807,PJ,C:\Users\rashi\ESM_databases\canoe-transportation\inputs\cache\nrcan_ceud_transport\2021_tran_on_e_35.xls
nrcan_ceud_transport_provincial,ON,35,Freight Light Trucks,freight_light_trucks_activity,freight_light_trucks,stocks_and_demands,Freight Light Trucks|Energy Use by Energy Source (PJ)|Diesel Fuel Oil,Freight Light Trucks,Energy Use by Energy Source (PJ)|Diesel Fuel Oil,2013,0.413005,PJ,C:\Users\rashi\ESM_databases\canoe-transportation\inputs\cache\nrcan_ceud_transport\2021_tran_on_e_35.xls
nrcan_ceud_transport_provincial,ON,35,Freight Light Trucks,freight_light_trucks_activity,freight_light_trucks,stocks_and_demands,Freight Light Trucks|Energy Use by Energy Source (PJ)|Ethanol,Freight Light Trucks,Energy Use by Energy Source (PJ)|Ethanol,2013,3.394333,PJ,C:\Users\rashi\ESM_databases\canoe-transportation\inputs\cache\nrcan_ceud_transport\2021_tran_on_e_35.xls
nrcan_ceud_transport_provincial,ON,35,Freight Light Trucks,freight_light_trucks_activity,freight_light_trucks,stocks_and_demands,Freight Light Trucks|Energy Use by Energy Source (PJ)|Propane,Freight Light Trucks,Energy Use by Energy Source (PJ)|Propane,2013,2.64455,PJ,C:\Users\rashi\ESM_databases\canoe-transportation\inputs\cache\nrcan_ceud_transport\2021_tran_on_e_35.xls
nrcan_ceud_transport_provincial,ON,35,Freight Light Trucks,freight_light_trucks_activity,freight_light_trucks,stocks_and_demands,Freight Light Trucks|Activity|Tonne-kilometres (millions),Freight Light Trucks,Activity|Tonne-kilometres (millions),2013,10136.36417,millions,C:\Users\rashi\ESM_databases\canoe-transportation\inputs\cache\nrcan_ceud_transport\2021_tran_on_e_35.xls
nrcan_ceud_transport_provincial,ON,35,Freight Light Trucks,freight_light_trucks_activity,freight_light_trucks,stocks_and_demands,Freight Light Trucks|Energy Intensity (MJ/Tkm),Freight Light Trucks,Energy Intensity (MJ/Tkm),2013,6.520431,MJ/Tkm,C:\Users\rashi\ESM_databases\canoe-transportation\inputs\cache\nrcan_ceud_transport\2021_tran_on_e_35.xls
nrcan_ceud_transport_provincial,ON,35,Freight Light Trucks,freight_light_trucks_activity,freight_light_trucks,stocks_and_demands,Freight Light Truck Energy Use (PJ),Freight Light Truck Energy Use (PJ),Freight Light Truck Energy Use (PJ),2014,65.468821,PJ,C:\Users\rashi\ESM_databases\canoe-transportation\inputs\cache\nrcan_ceud_transport\2021_tran_on_e_35.xls
nrcan_ceud_transport_provincial,ON,35,Freight Light Trucks,freight_light_trucks_activity,freight_light_trucks,stocks_and_demands,Freight Light Trucks|Energy Use by Energy Source (PJ)|Natural Gas,Freight Light Trucks,Energy Use by Energy Source (PJ)|Natural Gas,2014,0.041423,PJ,C:\Users\rashi\ESM_databases\canoe-transportation\inputs\cache\nrcan_ceud_transport\2021_tran_on_e_35.xls
nrcan_ceud_transport_provincial,ON,35,Freight Light Trucks,freight_light_trucks_activity,freight_light_trucks,stocks_and_demands,Freight Light Trucks|Energy Use by Energy Source (PJ)|Motor Gasoline,Freight Light Trucks,Energy Use by Energy Source (PJ)|Motor Gasoline,2014,58.96028,PJ,C:\Users\rashi\ESM_databases\canoe-transportation\inputs\cache\nrcan_ceud_transport\2021_tran_on_e_35.xls
nrcan_ceud_transport_provincial,ON,35,Freight Light Trucks,freight_light_trucks_activity,freight_light_trucks,stocks_and_demands,Freight Light Trucks|Energy Use by Energy Source (PJ)|Diesel Fuel Oil,Freight Light Trucks,Energy Use by Energy Source (PJ)|Diesel Fuel Oil,2014,0.509648,PJ,C:\Users\rashi\ESM_databases\canoe-transportation\inputs\cache\nrcan_ceud_transport\2021_tran_on_e_35.xls
nrcan_ceud_transport_provincial,ON,35,Freight Light Trucks,freight_light_trucks_activity,freight_light_trucks,stocks_and_demands,Freight Light Trucks|Energy Use by Energy Source (PJ)|Ethanol,Freight Light Trucks,Energy Use by Energy Source (PJ)|Ethanol,2014,3.585686,PJ,C:\Users\rashi\ESM_databases\canoe-transportation\inputs\cache\nrcan_ceud_transport\2021_tran_on_e_35.xls
nrcan_ceud_transport_provincial,ON,35,Freight Light Trucks,freight_light_trucks_activity,freight_light_trucks,stocks_and_demands,Freight Light Trucks|Energy Use by Energy Source (PJ)|Propane,Freight Light Trucks,Energy Use by Energy Source (PJ)|Propane,2014,2.371784,PJ,C:\Users\rashi\ESM_databases\canoe-transportation\inputs\cache\nrcan_ceud_transport\2021_tran_on_e_35.xls
nrcan_ceud_transport_provincial,ON,35,Freight Light Trucks,freight_light_trucks_activity,freight_light_trucks,stocks_and_demands,Freight Light Trucks|Activity|Tonne-kilometres (millions),Freight Light Trucks,Activity|Tonne-kilometres (millions),2014,10108.026809,millions,C:\Users\rashi\ESM_databases\canoe-transportation\inputs\cache\nrcan_ceud_transport\2021_tran_on_e_35.xls
nrcan_ceud_transport_provincial,ON,35,Freight Light Trucks,freight_light_trucks_activity,freight_light_trucks,stocks_and_demands,Freight Light Trucks|Energy Intensity (MJ/Tkm),Freight Light Trucks,Energy Intensity (MJ/Tkm),2014,6.476914,MJ/Tkm,C:\Users\rashi\ESM_databases\canoe-transportation\inputs\cache\nrcan_ceud_transport\2021_tran_on_e_35.xls
nrcan_ceud_transport_provincial,ON,35,Freight Light Trucks,freight_light_trucks_activity,freight_light_trucks,stocks_and_demands,Freight Light Truck Energy Use (PJ),Freight Light Truck Energy Use (PJ),Freight Light Truck Energy Use (PJ),2015,68.001588,PJ,C:\Users\rashi\ESM_databases\canoe-transportation\inputs\cache\nrcan_ceud_transport\2021_tran_on_e_35.xls
nrcan_ceud_transport_provincial,ON,35,Freight Light Trucks,freight_light_trucks_activity,freight_light_trucks,stocks_and_demands,Freight Light Trucks|Energy Use by Energy Source (PJ)|Natural Gas,Freight Light Trucks,Energy Use by Energy Source (PJ)|Natural Gas,2015,0.029752,PJ,C:\Users\rashi\ESM_databases\canoe-transportation\inputs\cache\nrcan_ceud_transport\2021_tran_on_e_35.xls
nrcan_ceud_transport_provincial,ON,35,Freight Light Trucks,freight_light_trucks_activity,freight_light_trucks,stocks_and_demands,Freight Light Trucks|Energy Use by Energy Source (PJ)|Motor Gasoline,Freight Light Trucks,Energy Use by Energy Source (PJ)|Motor Gasoline,2015,64.944003,PJ,C:\Users\rashi\ESM_databases\canoe-transportation\inputs\cache\nrcan_ceud_transport\2021_tran_on_e_35.xls
nrcan_ceud_transport_provincial,ON,35,Freight Light Trucks,freight_light_trucks_activity,freight_light_trucks,stocks_and_demands,Freight Light Trucks|Energy Use by Energy Source (PJ)|Diesel Fuel Oil,Freight Light Trucks,Energy Use by Energy Source (PJ)|Diesel Fuel Oil,2015,0.654795,PJ,C:\Users\rashi\ESM_databases\canoe-transportation\inputs\cache\nrcan_ceud_transport\2021_tran_on_e_35.xls
nrcan_ceud_transport_provincial,ON,35,Freight Light Trucks,freight_light_trucks_activity,freight_light_trucks,stocks_and_demands,Freight Light Trucks|Energy Use by Energy Source (PJ)|Propane,Freight Light Trucks,Energy Use by Energy Source (PJ)|Propane,2015,2.373037,PJ,C:\Users\rashi\ESM_databases\canoe-transportation\inputs\cache\nrcan_ceud_transport\2021_tran_on_e_35.xls
nrcan_ceud_transport_provincial,ON,35,Freight Light Trucks,freight_light_trucks_activity,freight_light_trucks,stocks_and_demands,Freight Light Trucks|Activity|Tonne-kilometres (millions),Freight Light Trucks,Activity|Tonne-kilometres (millions),2015,10607.864171,millions,C:\Users\rashi\ESM_databases\canoe-transportation\inputs\cache\nrcan_ceud_transport\2021_tran_on_e_35.xls
nrcan_ceud_transport_provincial,ON,35,Freight Light Trucks,freight_light_trucks_activity,freight_light_trucks,stocks_and_demands,Freight Light Trucks|Energy Intensity (MJ/Tkm),Freight Light Trucks,Energy Intensity (MJ/Tkm),2015,6.410488,MJ/Tkm,C:\Users\rashi\ESM_databases\canoe-transportation\inputs\cache\nrcan_ceud_transport\2021_tran_on_e_35.xls
nrcan_ceud_transport_provincial,ON,35,Freight Light Trucks,freight_light_trucks_activity,freight_light_trucks,stocks_and_demands,Freight Light Truck Energy Use (PJ),Freight Light Truck Energy Use (PJ),Freight Light Truck Energy Use (PJ),2016,72.549881,PJ,C:\Users\rashi\ESM_databases\canoe-transportation\inputs\cache\nrcan_ceud_transport\2021_tran_on_e_35.xls
nrcan_ceud_transport_provincial,ON,35,Freight Light Trucks,freight_light_trucks_activity,freight_light_trucks,stocks_and_demands,Freight Light Trucks|Energy Use by Energy Source (PJ)|Natural Gas,Freight Light Trucks,Energy Use by Energy Source (PJ)|Natural Gas,2016,0.019218,PJ,C:\Users\rashi\ESM_databases\canoe-transportation\inputs\cache\nrcan_ceud_transport\2021_tran_on_e_35.xls
nrcan_ceud_transport_provincial,ON,35,Freight Light Trucks,freight_light_trucks_activity,freight_light_trucks,stocks_and_demands,Freight Light Trucks|Energy Use by Energy Source (PJ)|Motor Gasoline,Freight Light Trucks,Energy Use by Energy Source (PJ)|Motor Gasoline,2016,68.512614,PJ,C:\Users\rashi\ESM_databases\canoe-transportation\inputs\cache\nrcan_ceud_transport\2021_tran_on_e_35.xls
nrcan_ceud_transport_provincial,ON,35,Freight Light Trucks,freight_light_trucks_activity,freight_light_trucks,stocks_and_demands,Freight Light Trucks|Energy Use by Energy Source (PJ)|Diesel Fuel Oil,Freight Light Trucks,Energy Use by Energy Source (PJ)|Diesel Fuel Oil,2016,0.734165,PJ,C:\Users\rashi\ESM_databases\canoe-transportation\inputs\cache\nrcan_ceud_transport\2021_tran_on_e_35.xls
nrcan_ceud_transport_provincial,ON,35,Freight Light Trucks,freight_light_trucks_activity,freight_light_trucks,stocks_and_demands,Freight Light Trucks|Energy Use by Energy Source (PJ)|Propane,Freight Light Trucks,Energy Use by Energy Source (PJ)|Propane,2016,3.283884,PJ,C:\Users\rashi\ESM_databases\canoe-transportation\inputs\cache\nrcan_ceud_transport\2021_tran_on_e_35.xls
nrcan_ceud_transport_provincial,ON,35,Freight Light Trucks,freight_light_trucks_activity,freight_light_trucks,stocks_and_demands,Freight Light Trucks|Activity|Tonne-kilometres (millions),Freight Light Trucks,Activity|Tonne-kilometres (millions),2016,11413.47813,millions,C:\Users\rashi\ESM_databases\canoe-transportation\inputs\cache\nrcan_ceud_transport\2021_tran_on_e_35.xls
nrcan_ceud_transport_provincial,ON,35,Freight Light Trucks,freight_light_trucks_activity,freight_light_trucks,stocks_and_demands,Freight Light Trucks|Energy Intensity (MJ/Tkm),Freight Light Trucks,Energy Intensity (MJ/Tkm),2016,6.356509,MJ/Tkm,C:\Users\rashi\ESM_databases\canoe-transportation\inputs\cache\nrcan_ceud_transport\2021_tran_on_e_35.xls
nrcan_ceud_transport_provincial,ON,35,Freight Light Trucks,freight_light_trucks_activity,freight_light_trucks,stocks_and_demands,Freight Light Truck Energy Use (PJ),Freight Light Truck Energy Use (PJ),Freight Light Truck Energy Use (PJ),2017,74.104777,PJ,C:\Users\rashi\ESM_databases\canoe-transportation\inputs\cache\nrcan_ceud_transport\2021_tran_on_e_35.xls
nrcan_ceud_transport_provincial,ON,35,Freight Light Trucks,freight_light_trucks_activity,freight_light_trucks,stocks_and_demands,Freight Light Trucks|Energy Use by Energy Source (PJ)|Natural Gas,Freight Light Trucks,Energy Use by Energy Source (PJ)|Natural Gas,2017,0.012997,PJ,C:\Users\rashi\ESM_databases\canoe-transportation\inputs\cache\nrcan_ceud_transport\2021_tran_on_e_35.xls
nrcan_ceud_transport_provincial,ON,35,Freight Light Trucks,freight_light_trucks_activity,freight_light_trucks,stocks_and_demands,Freight Light Trucks|Energy Use by Energy Source (PJ)|Motor Gasoline,Freight Light Trucks,Energy Use by Energy Source (PJ)|Motor Gasoline,2017,69.985073,PJ,C:\Users\rashi\ESM_databases\canoe-transportation\inputs\cache\nrcan_ceud_transport\2021_tran_on_e_35.xls
nrcan_ceud_transport_provincial,ON,35,Freight Light Trucks,freight_light_trucks_activity,freight_light_trucks,stocks_and_demands,Freight Light Trucks|Energy Use by Energy Source (PJ)|Diesel Fuel Oil,Freight Light Trucks,Energy Use by Energy Source (PJ)|Diesel Fuel Oil,2017,0.824844,PJ,C:\Users\rashi\ESM_databases\canoe-transportation\inputs\cache\nrcan_ceud_transport\2021_tran_on_e_35.xls
nrcan_ceud_transport_provincial,ON,35,Freight Light Trucks,freight_light_trucks_activity,freight_light_trucks,stocks_and_demands,Freight Light Trucks|Energy Use by Energy Source (PJ)|Propane,Freight Light Trucks,Energy Use by Energy Source (PJ)|Propane,2017,3.281863,PJ,C:\Users\rashi\ESM_databases\canoe-transportation\inputs\cache\nrcan_ceud_transport\2021_tran_on_e_35.xls
nrcan_ceud_transport_provincial,ON,35,Freight Light Trucks,freight_light_trucks_activity,freight_light_trucks,stocks_and_demands,Freight Light Trucks|Activity|Tonne-kilometres (millions),Freight Light Trucks,Activity|Tonne-kilometres (millions),2017,11778.947073,millions,C:\Users\rashi\ESM_databases\canoe-transportation\inputs\cache\nrcan_ceud_transport\2021_tran_on_e_35.xls
nrcan_ceud_transport_provincial,ON,35,Freight Light Trucks,freight_light_trucks_activity,freight_light_trucks,stocks_and_demands,Freight Light Trucks|Energy Intensity (MJ/Tkm),Freight Light Trucks,Energy Intensity (MJ/Tkm),2017,6.29129,MJ/Tkm,C:\Users\rashi\ESM_databases\canoe-transportation\inputs\cache\nrcan_ceud_transport\2021_tran_on_e_35.xls
nrcan_ceud_transport_provincial,ON,35,Freight Light Trucks,freight_light_trucks_activity,freight_light_trucks,stocks_and_demands,Freight Light Truck Energy Use (PJ),Freight Light Truck Energy Use (PJ),Freight Light Truck Energy Use (PJ),2018,77.34472,PJ,C:\Users\rashi\ESM_databases\canoe-transportation\inputs\cache\nrcan_ceud_transport\2021_tran_on_e_35.xls
nrcan_ceud_transport_provincial,ON,35,Freight Light Trucks,freight_light_trucks_activity,freight_light_trucks,stocks_and_demands,Freight Light Trucks|Energy Use by Energy Source (PJ)|Natural Gas,Freight Light Trucks,Energy Use by Energy Source (PJ)|Natural Gas,2018,0.012497,PJ,C:\Users\rashi\ESM_databases\canoe-transportation\inputs\cache\nrcan_ceud_transport\2021_tran_on_e_35.xls
nrcan_ceud_transport_provincial,ON,35,Freight Light Trucks,freight_light_trucks_activity,freight_light_trucks,stocks_and_demands,Freight Light Trucks|Energy Use by Energy Source (PJ)|Motor Gasoline,Freight Light Trucks,Energy Use by Energy Source (PJ)|Motor Gasoline,2018,73.898899,PJ,C:\Users\rashi\ESM_databases\canoe-transportation\inputs\cache\nrcan_ceud_transport\2021_tran_on_e_35.xls
nrcan_ceud_transport_provincial,ON,35,Freight Light Trucks,freight_light_trucks_activity,freight_light_trucks,stocks_and_demands,Freight Light Trucks|Energy Use by Energy Source (PJ)|Diesel Fuel Oil,Freight Light Trucks,Energy Use by Energy Source (PJ)|Diesel Fuel Oil,2018,1.005015,PJ,C:\Users\rashi\ESM_databases\canoe-transportation\inputs\cache\nrcan_ceud_transport\2021_tran_on_e_35.xls
nrcan_ceud_transport_provincial,ON,35,Freight Light Trucks,freight_light_trucks_activity,freight_light_trucks,stocks_and_demands,Freight Light Trucks|Energy Use by Energy Source (PJ)|Propane,Freight Light Trucks,Energy Use by Energy Source (PJ)|Propane,2018,2.428308,PJ,C:\Users\rashi\ESM_databases\canoe-transportation\inputs\cache\nrcan_ceud_transport\2021_tran_on_e_35.xls
nrcan_ceud_transport_provincial,ON,35,Freight Light Trucks,freight_light_trucks_activity,freight_light_trucks,stocks_and_demands,Freight Light Trucks|Activity|Tonne-kilometres (millions),Freight Light Trucks,Activity|Tonne-kilometres (millions),2018,12456.855742,millions,C:\Users\rashi\ESM_databases\canoe-transportation\inputs\cache\nrcan_ceud_transport\2021_tran_on_e_35.xls
nrcan_ceud_transport_provincial,ON,35,Freight Light Trucks,freight_light_trucks_activity,freight_light_trucks,stocks_and_demands,Freight Light Trucks|Energy Intensity (MJ/Tkm),Freight Light Trucks,Energy Intensity (MJ/Tkm),2018,6.209008,MJ/Tkm,C:\Users\rashi\ESM_databases\canoe-transportation\inputs\cache\nrcan_ceud_transport\2021_tran_on_e_35.xls
nrcan_ceud_transport_provincial,ON,35,Freight Light Trucks,freight_light_trucks_activity,freight_light_trucks,stocks_and_demands,Freight Light Truck Energy Use (PJ),Freight Light Truck Energy Use (PJ),Freight Light Truck Energy Use (PJ),2019,80.741664,PJ,C:\Users\rashi\ESM_databases\canoe-transportation\inputs\cache\nrcan_ceud_transport\2021_tran_on_e_35.xls
nrcan_ceud_transport_provincial,ON,35,Freight Light Trucks,freight_light_trucks_activity,freight_light_trucks,stocks_and_demands,Freight Light Trucks|Energy Use by Energy Source (PJ)|Natural Gas,Freight Light Trucks,Energy Use by Energy Source (PJ)|Natural Gas,2019,0.006348,PJ,C:\Users\rashi\ESM_databases\canoe-transportation\inputs\cache\nrcan_ceud_transport\2021_tran_on_e_35.xls
nrcan_ceud_transport_provincial,ON,35,Freight Light Trucks,freight_light_trucks_activity,freight_light_trucks,stocks_and_demands,Freight Light Trucks|Energy Use by Energy Source (PJ)|Motor Gasoline,Freight Light Trucks,Energy Use by Energy Source (PJ)|Motor Gasoline,2019,77.283016,PJ,C:\Users\rashi\ESM_databases\canoe-transportation\inputs\cache\nrcan_ceud_transport\2021_tran_on_e_35.xls
nrcan_ceud_transport_provincial,ON,35,Freight Light Trucks,freight_light_trucks_activity,freight_light_trucks,stocks_and_demands,Freight Light Trucks|Energy Use by Energy Source (PJ)|Diesel Fuel Oil,Freight Light Trucks,Energy Use by Energy Source (PJ)|Diesel Fuel Oil,2019,0.994878,PJ,C:\Users\rashi\ESM_databases\canoe-transportation\inputs\cache\nrcan_ceud_transport\2021_tran_on_e_35.xls
nrcan_ceud_transport_provincial,ON,35,Freight Light Trucks,freight_light_trucks_activity,freight_light_trucks,stocks_and_demands,Freight Light Trucks|Energy Use by Energy Source (PJ)|Propane,Freight Light Trucks,Energy Use by Energy Source (PJ)|Propane,2019,2.457422,PJ,C:\Users\rashi\ESM_databases\canoe-transportation\inputs\cache\nrcan_ceud_transport\2021_tran_on_e_35.xls
nrcan_ceud_transport_provincial,ON,35,Freight Light Trucks,freight_light_trucks_activity,freight_light_trucks,stocks_and_demands,Freight Light Trucks|Activity|Tonne-kilometres (millions),Freight Light Trucks,Activity|Tonne-kilometres (millions),2019,13147.171443,millions,C:\Users\rashi\ESM_databases\canoe-transportation\inputs\cache\nrcan_ceud_transport\2021_tran_on_e_35.xls
nrcan_ceud_transport_provincial,ON,35,Freight Light Trucks,freight_light_trucks_activity,freight_light_trucks,stocks_and_demands,Freight Light Trucks|Energy Intensity (MJ/Tkm),Freight Light Trucks,Energy Intensity (MJ/Tkm),2019,6.141371,MJ/Tkm,C:\Users\rashi\ESM_databases\canoe-transportation\inputs\cache\nrcan_ceud_transport\2021_tran_on_e_35.xls
nrcan_ceud_transport_provincial,ON,35,Freight Light Trucks,freight_light_trucks_activity,freight_light_trucks,stocks_and_demands,Freight Light Truck Energy Use (PJ),Freight Light Truck Energy Use (PJ),Freight Light Truck Energy Use (PJ),2020,62.82993,PJ,C:\Users\rashi\ESM_databases\canoe-transportation\inputs\cache\nrcan_ceud_transport\2021_tran_on_e_35.xls
nrcan_ceud_transport_provincial,ON,35,Freight Light Trucks,freight_light_trucks_activity,freight_light_trucks,stocks_and_demands,Freight Light Trucks|Energy Use by Energy Source (PJ)|Natural Gas,Freight Light Trucks,Energy Use by Energy Source (PJ)|Natural Gas,2020,0.007403,PJ,C:\Users\rashi\ESM_databases\canoe-transportation\inputs\cache\nrcan_ceud_transport\2021_tran_on_e_35.xls
nrcan_ceud_transport_provincial,ON,35,Freight Light Trucks,freight_light_trucks_activity,freight_light_trucks,stocks_and_demands,Freight Light Trucks|Energy Use by Energy Source (PJ)|Motor Gasoline,Freight Light Trucks,Energy Use by Energy Source (PJ)|Motor Gasoline,2020,59.313529,PJ,C:\Users\rashi\ESM_databases\canoe-transportation\inputs\cache\nrcan_ceud_transport\2021_tran_on_e_35.xls
nrcan_ceud_transport_provincial,ON,35,Freight Light Trucks,freight_light_trucks_activity,freight_light_trucks,stocks_and_demands,Freight Light Trucks|Energy Use by Energy Source (PJ)|Diesel Fuel Oil,Freight Light Trucks,Energy Use by Energy Source (PJ)|Diesel Fuel Oil,2020,1.033901,PJ,C:\Users\rashi\ESM_databases\canoe-transportation\inputs\cache\nrcan_ceud_transport\2021_tran_on_e_35.xls
nrcan_ceud_transport_provincial,ON,35,Freight Light Trucks,freight_light_trucks_activity,freight_light_trucks,stocks_and_demands,Freight Light Trucks|Energy Use by Energy Source (PJ)|Propane,Freight Light Trucks,Energy Use by Energy Source (PJ)|Propane,2020,2.475097,PJ,C:\Users\rashi\ESM_databases\canoe-transportation\inputs\cache\nrcan_ceud_transport\2021_tran_on_e_35.xls
nrcan_ceud_transport_provincial,ON,35,Freight Light Trucks,freight_light_trucks_activity,freight_light_trucks,stocks_and_demands,Freight Light Trucks|Activity|Tonne-kilometres (millions),Freight Light Trucks,Activity|Tonne-kilometres (millions),2020,10802.359422,millions,C:\Users\rashi\ESM_databases\canoe-transportation\inputs\cache\nrcan_ceud_transport\2021_tran_on_e_35.xls
nrcan_ceud_transport_provincial,ON,35,Freight Light Trucks,freight_light_trucks_activity,freight_light_trucks,stocks_and_demands,Freight Light Trucks|Energy Intensity (MJ/Tkm),Freight Light Trucks,Energy Intensity (MJ/Tkm),2020,5.816315,MJ/Tkm,C:\Users\rashi\ESM_databases\canoe-transportation\inputs\cache\nrcan_ceud_transport\2021_tran_on_e_35.xls
nrcan_ceud_transport_provincial,ON,35,Freight Light Trucks,freight_light_trucks_activity,freight_light_trucks,stocks_and_demands,Freight Light Truck Energy Use (PJ),Freight Light Truck Energy Use (PJ),Freight Light Truck Energy Use (PJ),2021,64.812074,PJ,C:\Users\rashi\ESM_databases\canoe-transportation\inputs\cache\nrcan_ceud_transport\2021_tran_on_e_35.xls
nrcan_ceud_transport_provincial,ON,35,Freight Light Trucks,freight_light_trucks_activity,freight_light_trucks,stocks_and_demands,Freight Light Trucks|Energy Use by Energy Source (PJ)|Natural Gas,Freight Light Trucks,Energy Use by Energy Source (PJ)|Natural Gas,2021,0.003947,PJ,C:\Users\rashi\ESM_databases\canoe-transportation\inputs\cache\nrcan_ceud_transport\2021_tran_on_e_35.xls
nrcan_ceud_transport_provincial,ON,35,Freight Light Trucks,freight_light_trucks_activity,freight_light_trucks,stocks_and_demands,Freight Light Trucks|Energy Use by Energy Source (PJ)|Motor Gasoline,Freight Light Trucks,Energy Use by Energy Source (PJ)|Motor Gasoline,2021,60.976968,PJ,C:\Users\rashi\ESM_databases\canoe-transportation\inputs\cache\nrcan_ceud_transport\2021_tran_on_e_35.xls
nrcan_ceud_transport_provincial,ON,35,Freight Light Trucks,freight_light_trucks_activity,freight_light_trucks,stocks_and_demands,Freight Light Trucks|Energy Use by Energy Source (PJ)|Diesel Fuel Oil,Freight Light Trucks,Energy Use by Energy Source (PJ)|Diesel Fuel Oil,2021,1.019653,PJ,C:\Users\rashi\ESM_databases\canoe-transportation\inputs\cache\nrcan_ceud_transport\2021_tran_on_e_35.xls
nrcan_ceud_transport_provincial,ON,35,Freight Light Trucks,freight_light_trucks_activity,freight_light_trucks,stocks_and_demands,Freight Light Trucks|Energy Use by Energy Source (PJ)|Propane,Freight Light Trucks,Energy Use by Energy Source (PJ)|Propane,2021,2.811505,PJ,C:\Users\rashi\ESM_databases\canoe-transportation\inputs\cache\nrcan_ceud_transport\2021_tran_on_e_35.xls
nrcan_ceud_transport_provincial,ON,35,Freight Light Trucks,freight_light_trucks_activity,freight_light_trucks,stocks_and_demands,Freight Light Trucks|Activity|Tonne-kilometres (millions),Freight Light Trucks,Activity|Tonne-kilometres (millions),2021,11208.711519,millions,C:\Users\rashi\ESM_databases\canoe-transportation\inputs\cache\nrcan_ceud_transport\2021_tran_on_e_35.xls
nrcan_ceud_transport_provincial,ON,35,Freight Light Trucks,freight_light_trucks_activity,freight_light_trucks,stocks_and_demands,Freight Light Trucks|Energy Intensity (MJ/Tkm),Freight Light Trucks,Energy Intensity (MJ/Tkm),2021,5.782295,MJ/Tkm,C:\Users\rashi\ESM_databases\canoe-transportation\inputs\cache\nrcan_ceud_transport\2021_tran_on_e_35.xls
nrcan_ceud_transport_provincial,ON,36,Medium Trucks|Heavy Trucks,medium_heavy_trucks_activity,medium_trucks|heavy_trucks,stocks_and_demands,Medium Truck Energy Use (PJ),Medium Truck Energy Use (PJ),Medium Truck Energy Use (PJ),2000,57.600023,PJ,C:\Users\rashi\ESM_databases\canoe-transportation\inputs\cache\nrcan_ceud_transport\2021_tran_on_e_36.xls
nrcan_ceud_transport_provincial,ON,36,Medium Trucks|Heavy Trucks,medium_heavy_trucks_activity,medium_trucks|heavy_trucks,stocks_and_demands,Medium Trucks|Energy Use by Energy Source (PJ)|Motor Gasoline,Medium Trucks,Energy Use by Energy Source (PJ)|Motor Gasoline,2000,36.225898,PJ,C:\Users\rashi\ESM_databases\canoe-transportation\inputs\cache\nrcan_ceud_transport\2021_tran_on_e_36.xls
nrcan_ceud_transport_provincial,ON,36,Medium Trucks|Heavy Trucks,medium_heavy_trucks_activity,medium_trucks|heavy_trucks,stocks_and_demands,Medium Trucks|Energy Use by Energy Source (PJ)|Diesel Fuel Oil,Medium Trucks,Energy Use by Energy Source (PJ)|Diesel Fuel Oil,2000,20.981803,PJ,C:\Users\rashi\ESM_databases\canoe-transportation\inputs\cache\nrcan_ceud_transport\2021_tran_on_e_36.xls
nrcan_ceud_transport_provincial,ON,36,Medium Trucks|Heavy Trucks,medium_heavy_trucks_activity,medium_trucks|heavy_trucks,stocks_and_demands,Medium Trucks|Energy Use by Energy Source (PJ)|Biodiesel Fuel,Medium Trucks,Energy Use by Energy Source (PJ)|Biodiesel Fuel,2000,0.0,PJ,C:\Users\rashi\ESM_databases\canoe-transportation\inputs\cache\nrcan_ceud_transport\2021_tran_on_e_36.xls
nrcan_ceud_transport_provincial,ON,36,Medium Trucks|Heavy Trucks,medium_heavy_trucks_activity,medium_trucks|heavy_trucks,stocks_and_demands,Medium Trucks|Activity|Tonne-kilometres (millions),Medium Trucks,Activity|Tonne-kilometres (millions),2000,7401.942608,millions,C:\Users\rashi\ESM_databases\canoe-transportation\inputs\cache\nrcan_ceud_transport\2021_tran_on_e_36.xls
nrcan_ceud_transport_provincial,ON,36,Medium Trucks|Heavy Trucks,medium_heavy_trucks_activity,medium_trucks|heavy_trucks,stocks_and_demands,Medium Trucks|Energy Intensity (MJ/Tkm),Medium Trucks,Energy Intensity (MJ/Tkm),2000,7.781744,MJ/Tkm,C:\Users\rashi\ESM_databases\canoe-transportation\inputs\cache\nrcan_ceud_transport\2021_tran_on_e_36.xls
nrcan_ceud_transport_provincial,ON,36,Medium Trucks|Heavy Trucks,medium_heavy_trucks_activity,medium_trucks|heavy_trucks,stocks_and_demands,Heavy Truck Energy Use1 (PJ),Heavy Truck Energy Use1 (PJ),Heavy Truck Energy Use1 (PJ),2000,140.98036,PJ,C:\Users\rashi\ESM_databases\canoe-transportation\inputs\cache\nrcan_ceud_transport\2021_tran_on_e_36.xls
nrcan_ceud_transport_provincial,ON,36,Medium Trucks|Heavy Trucks,medium_heavy_trucks_activity,medium_trucks|heavy_trucks,stocks_and_demands,Heavy Trucks|Activity|Tonne-kilometres (millions),Heavy Trucks,Activity|Tonne-kilometres (millions),2000,71039.600268,millions,C:\Users\rashi\ESM_databases\canoe-transportation\inputs\cache\nrcan_ceud_transport\2021_tran_on_e_36.xls
nrcan_ceud_transport_provincial,ON,36,Medium Trucks|Heavy Trucks,medium_heavy_trucks_activity,medium_trucks|heavy_trucks,stocks_and_demands,Heavy Trucks|Energy Intensity (MJ/Tkm),Heavy Trucks,Energy Intensity (MJ/Tkm),2000,1.984532,MJ/Tkm,C:\Users\rashi\ESM_databases\canoe-transportation\inputs\cache\nrcan_ceud_transport\2021_tran_on_e_36.xls
nrcan_ceud_transport_provincial,ON,36,Medium Trucks|Heavy Trucks,medium_heavy_trucks_activity,medium_trucks|heavy_trucks,stocks_and_demands,Medium Truck Energy Use (PJ),Medium Truck Energy Use (PJ),Medium Truck Energy Use (PJ),2001,63.318105,PJ,C:\Users\rashi\ESM_databases\canoe-transportation\inputs\cache\nrcan_ceud_transport\2021_tran_on_e_36.xls
nrcan_ceud_transport_provincial,ON,36,Medium Trucks|Heavy Trucks,medium_heavy_trucks_activity,medium_trucks|heavy_trucks,stocks_and_demands,Medium Trucks|Energy Use by Energy Source (PJ)|Motor Gasoline,Medium Trucks,Energy Use by Energy Source (PJ)|Motor Gasoline,2001,37.938322,PJ,C:\Users\rashi\ESM_databases\canoe-transportation\inputs\cache\nrcan_ceud_transport\2021_tran_on_e_36.xls
nrcan_ceud_transport_provincial,ON,36,Medium Trucks|Heavy Trucks,medium_heavy_trucks_activity,medium_trucks|heavy_trucks,stocks_and_demands,Medium Trucks|Energy Use by Energy Source (PJ)|Diesel Fuel Oil,Medium Trucks,Energy Use by Energy Source (PJ)|Diesel Fuel Oil,2001,24.795946,PJ,C:\Users\rashi\ESM_databases\canoe-transportation\inputs\cache\nrcan_ceud_transport\2021_tran_on_e_36.xls
nrcan_ceud_transport_provincial,ON,36,Medium Trucks|Heavy Trucks,medium_heavy_trucks_activity,medium_trucks|heavy_trucks,stocks_and_demands,Medium Trucks|Activity|Tonne-kilometres (millions),Medium Trucks,Activity|Tonne-kilometres (millions),2001,8150.144078,millions,C:\Users\rashi\ESM_databases\canoe-transportation\inputs\cache\nrcan_ceud_transport\2021_tran_on_e_36.xls
nrcan_ceud_transport_provincial,ON,36,Medium Trucks|Heavy Trucks,medium_heavy_trucks_activity,medium_trucks|heavy_trucks,stocks_and_demands,Medium Trucks|Energy Intensity (MJ/Tkm),Medium Trucks,Energy Intensity (MJ/Tkm),2001,7.768955,MJ/Tkm,C:\Users\rashi\ESM_databases\canoe-transportation\inputs\cache\nrcan_ceud_transport\2021_tran_on_e_36.xls
nrcan_ceud_transport_provincial,ON,36,Medium Trucks|Heavy Trucks,medium_heavy_trucks_activity,medium_trucks|heavy_trucks,stocks_and_demands,Heavy Truck Energy Use1 (PJ),Heavy Truck Energy Use1 (PJ),Heavy Truck Energy Use1 (PJ),2001,130.208028,PJ,C:\Users\rashi\ESM_databases\canoe-transportation\inputs\cache\nrcan_ceud_transport\2021_tran_on_e_36.xls
nrcan_ceud_transport_provincial,ON,36,Medium Trucks|Heavy Trucks,medium_heavy_trucks_activity,medium_trucks|heavy_trucks,stocks_and_demands,Heavy Trucks|Activity|Tonne-kilometres (millions),Heavy Trucks,Activity|Tonne-kilometres (millions),2001,66738.674277,millions,C:\Users\rashi\ESM_databases\canoe-transportation\inputs\cache\nrcan_ceud_transport\2021_tran_on_e_36.xls
nrcan_ceud_transport_provincial,ON,36,Medium Trucks|Heavy Trucks,medium_heavy_trucks_activity,medium_trucks|heavy_trucks,stocks_and_demands,Heavy Trucks|Energy Intensity (MJ/Tkm),Heavy Trucks,Energy Intensity (MJ/Tkm),2001,1.951013,MJ/Tkm,C:\Users\rashi\ESM_databases\canoe-transportation\inputs\cache\nrcan_ceud_transport\2021_tran_on_e_36.xls
nrcan_ceud_transport_provincial,ON,36,Medium Trucks|Heavy Trucks,medium_heavy_trucks_activity,medium_trucks|heavy_trucks,stocks_and_demands,Medium Truck Energy Use (PJ),Medium Truck Energy Use (PJ),Medium Truck Energy Use (PJ),2002,60.35779,PJ,C:\Users\rashi\ESM_databases\canoe-transportation\inputs\cache\nrcan_ceud_transport\2021_tran_on_e_36.xls
nrcan_ceud_transport_provincial,ON,36,Medium Trucks|Heavy Trucks,medium_heavy_trucks_activity,medium_trucks|heavy_trucks,stocks_and_demands,Medium Trucks|Energy Use by Energy Source (PJ)|Motor Gasoline,Medium Trucks,Energy Use by Energy Source (PJ)|Motor Gasoline,2002,35.393807,PJ,C:\Users\rashi\ESM_databases\canoe-transportation\inputs\cache\nrcan_ceud_transport\2021_tran_on_e_36.xls
nrcan_ceud_transport_provincial,ON,36,Medium Trucks|Heavy Trucks,medium_heavy_trucks_activity,medium_trucks|heavy_trucks,stocks_and_demands,Medium Trucks|Energy Use by Energy Source (PJ)|Diesel Fuel Oil,Medium Trucks,Energy Use by Energy Source (PJ)|Diesel Fuel Oil,2002,24.623517,PJ,C:\Users\rashi\ESM_databases\canoe-transportation\inputs\cache\nrcan_ceud_transport\2021_tran_on_e_36.xls
nrcan_ceud_transport_provincial,ON,36,Medium Trucks|Heavy Trucks,medium_heavy_trucks_activity,medium_trucks|heavy_trucks,stocks_and_demands,Medium Trucks|Activity|Tonne-kilometres (millions),Medium Trucks,Activity|Tonne-kilometres (millions),2002,7844.086301,millions,C:\Users\rashi\ESM_databases\canoe-transportation\inputs\cache\nrcan_ceud_transport\2021_tran_on_e_36.xls
nrcan_ceud_transport_provincial,ON,36,Medium Trucks|Heavy Trucks,medium_heavy_trucks_activity,medium_trucks|heavy_trucks,stocks_and_demands,Medium Trucks|Energy Intensity (MJ/Tkm),Medium Trucks,Energy Intensity (MJ/Tkm),2002,7.694687,MJ/Tkm,C:\Users\rashi\ESM_databases\canoe-transportation\inputs\cache\nrcan_ceud_transport\2021_tran_on_e_36.xls
nrcan_ceud_transport_provincial,ON,36,Medium Trucks|Heavy Trucks,medium_heavy_trucks_activity,medium_trucks|heavy_trucks,stocks_and_demands,Heavy Truck Energy Use1 (PJ),Heavy Truck Energy Use1 (PJ),Heavy Truck Energy Use1 (PJ),2002,128.840653,PJ,C:\Users\rashi\ESM_databases\canoe-transportation\inputs\cache\nrcan_ceud_transport\2021_tran_on_e_36.xls
nrcan_ceud_transport_provincial,ON,36,Medium Trucks|Heavy Trucks,medium_heavy_trucks_activity,medium_trucks|heavy_trucks,stocks_and_demands,Heavy Trucks|Activity|Tonne-kilometres (millions),Heavy Trucks,Activity|Tonne-kilometres (millions),2002,67210.8488,millions,C:\Users\rashi\ESM_databases\canoe-transportation\inputs\cache\nrcan_ceud_transport\2021_tran_on_e_36.xls
nrcan_ceud_transport_provincial,ON,36,Medium Trucks|Heavy Trucks,medium_heavy_trucks_activity,medium_trucks|heavy_trucks,stocks_and_demands,Heavy Trucks|Energy Intensity (MJ/Tkm),Heavy Trucks,Energy Intensity (MJ/Tkm),2002,1.916962,MJ/Tkm,C:\Users\rashi\ESM_databases\canoe-transportation\inputs\cache\nrcan_ceud_transport\2021_tran_on_e_36.xls
nrcan_ceud_transport_provincial,ON,36,Medium Trucks|Heavy Trucks,medium_heavy_trucks_activity,medium_trucks|heavy_trucks,stocks_and_demands,Medium Truck Energy Use (PJ),Medium Truck Energy Use (PJ),Medium Truck Energy Use (PJ),2003,70.701006,PJ,C:\Users\rashi\ESM_databases\canoe-transportation\inputs\cache\nrcan_ceud_transport\2021_tran_on_e_36.xls
nrcan_ceud_transport_provincial,ON,36,Medium Trucks|Heavy Trucks,medium_heavy_trucks_activity,medium_trucks|heavy_trucks,stocks_and_demands,Medium Trucks|Energy Use by Energy Source (PJ)|Motor Gasoline,Medium Trucks,Energy Use by Energy Source (PJ)|Motor Gasoline,2003,40.482395,PJ,C:\Users\rashi\ESM_databases\canoe-transportation\inputs\cache\nrcan_ceud_transport\2021_tran_on_e_36.xls
nrcan_ceud_transport_provincial,ON,36,Medium Trucks|Heavy Trucks,medium_heavy_trucks_activity,medium_trucks|heavy_trucks,stocks_and_demands,Medium Trucks|Energy Use by Energy Source (PJ)|Diesel Fuel Oil,Medium Trucks,Energy Use by Energy Source (PJ)|Diesel Fuel Oil,2003,29.734596,PJ,C:\Users\rashi\ESM_databases\canoe-transportation\inputs\cache\nrcan_ceud_transport\2021_tran_on_e_36.xls
nrcan_ceud_transport_provincial,ON,36,Medium Trucks|Heavy Trucks,medium_heavy_trucks_activity,medium_trucks|heavy_trucks,stocks_and_demands,Medium Trucks|Activity|Tonne-kilometres (millions),Medium Trucks,Activity|Tonne-kilometres (millions),2003,9305.128838,millions,C:\Users\rashi\ESM_databases\canoe-transportation\inputs\cache\nrcan_ceud_transport\2021_tran_on_e_36.xls
nrcan_ceud_transport_provincial,ON,36,Medium Trucks|Heavy Trucks,medium_heavy_trucks_activity,medium_trucks|heavy_trucks,stocks_and_demands,Medium Trucks|Energy Intensity (MJ/Tkm),Medium Trucks,Energy Intensity (MJ/Tkm),2003,7.598068,MJ/Tkm,C:\Users\rashi\ESM_databases\canoe-transportation\inputs\cache\nrcan_ceud_transport\2021_tran_on_e_36.xls
nrcan_ceud_transport_provincial,ON,36,Medium Trucks|Heavy Trucks,medium_heavy_trucks_activity,medium_trucks|heavy_trucks,stocks_and_demands,Heavy Truck Energy Use1 (PJ),Heavy Truck Energy Use1 (PJ),Heavy Truck Energy Use1 (PJ),2003,134.942958,PJ,C:\Users\rashi\ESM_databases\canoe-transportation\inputs\cache\nrcan_ceud_transport\2021_tran_on_e_36.xls
nrcan_ceud_transport_provincial,ON,36,Medium Trucks|Heavy Trucks,medium_heavy_trucks_activity,medium_trucks|heavy_trucks,stocks_and_demands,Heavy Trucks|Activity|Tonne-kilometres (millions),Heavy Trucks,Activity|Tonne-kilometres (millions),2003,71646.947069,millions,C:\Users\rashi\ESM_databases\canoe-transportation\inputs\cache\nrcan_ceud_transport\2021_tran_on_e_36.xls
nrcan_ceud_transport_provincial,ON,36,Medium Trucks|Heavy Trucks,medium_heavy_trucks_activity,medium_trucks|heavy_trucks,stocks_and_demands,Heavy Trucks|Energy Intensity (MJ/Tkm),Heavy Trucks,Energy Intensity (MJ/Tkm),2003,1.883443,MJ/Tkm,C:\Users\rashi\ESM_databases\canoe-transportation\inputs\cache\nrcan_ceud_transport\2021_tran_on_e_36.xls
nrcan_ceud_transport_provincial,ON,36,Medium Trucks|Heavy Trucks,medium_heavy_trucks_activity,medium_trucks|heavy_trucks,stocks_and_demands,Medium Truck Energy Use (PJ),Medium Truck Energy Use (PJ),Medium Truck Energy Use (PJ),2004,65.899385,PJ,C:\Users\rashi\ESM_databases\canoe-transportation\inputs\cache\nrcan_ceud_transport\2021_tran_on_e_36.xls
nrcan_ceud_transport_provincial,ON,36,Medium Trucks|Heavy Trucks,medium_heavy_trucks_activity,medium_trucks|heavy_trucks,stocks_and_demands,Medium Trucks|Energy Use by Energy Source (PJ)|Motor Gasoline,Medium Trucks,Energy Use by Energy Source (PJ)|Motor Gasoline,2004,36.861935,PJ,C:\Users\rashi\ESM_databases\canoe-transportation\inputs\cache\nrcan_ceud_transport\2021_tran_on_e_36.xls
nrcan_ceud_transport_provincial,ON,36,Medium Trucks|Heavy Trucks,medium_heavy_trucks_activity,medium_trucks|heavy_trucks,stocks_and_demands,Medium Trucks|Energy Use by Energy Source (PJ)|Diesel Fuel Oil,Medium Trucks,Energy Use by Energy Source (PJ)|Diesel Fuel Oil,2004,28.462147,PJ,C:\Users\rashi\ESM_databases\canoe-transportation\inputs\cache\nrcan_ceud_transport\2021_tran_on_e_36.xls
nrcan_ceud_transport_provincial,ON,36,Medium Trucks|Heavy Trucks,medium_heavy_trucks_activity,medium_trucks|heavy_trucks,stocks_and_demands,Medium Trucks|Activity|Tonne-kilometres (millions),Medium Trucks,Activity|Tonne-kilometres (millions),2004,8756.042403,millions,C:\Users\rashi\ESM_databases\canoe-transportation\inputs\cache\nrcan_ceud_transport\2021_tran_on_e_36.xls
nrcan_ceud_transport_provincial,ON,36,Medium Trucks|Heavy Trucks,medium_heavy_trucks_activity,medium_trucks|heavy_trucks,stocks_and_demands,Medium Trucks|Energy Intensity (MJ/Tkm),Medium Trucks,Energy Intensity (MJ/Tkm),2004,7.526161,MJ/Tkm,C:\Users\rashi\ESM_databases\canoe-transportation\inputs\cache\nrcan_ceud_transport\2021_tran_on_e_36.xls
nrcan_ceud_transport_provincial,ON,36,Medium Trucks|Heavy Trucks,medium_heavy_trucks_activity,medium_trucks|heavy_trucks,stocks_and_demands,Heavy Truck Energy Use1 (PJ),Heavy Truck Energy Use1 (PJ),Heavy Truck Energy Use1 (PJ),2004,140.271656,PJ,C:\Users\rashi\ESM_databases\canoe-transportation\inputs\cache\nrcan_ceud_transport\2021_tran_on_e_36.xls
nrcan_ceud_transport_provincial,ON,36,Medium Trucks|Heavy Trucks,medium_heavy_trucks_activity,medium_trucks|heavy_trucks,stocks_and_demands,Heavy Trucks|Activity|Tonne-kilometres (millions),Heavy Trucks,Activity|Tonne-kilometres (millions),2004,75847.431715,millions,C:\Users\rashi\ESM_databases\canoe-transportation\inputs\cache\nrcan_ceud_transport\2021_tran_on_e_36.xls
nrcan_ceud_transport_provincial,ON,36,Medium Trucks|Heavy Trucks,medium_heavy_trucks_activity,medium_trucks|heavy_trucks,stocks_and_demands,Heavy Trucks|Energy Intensity (MJ/Tkm),Heavy Trucks,Energy Intensity (MJ/Tkm),2004,1.849392,MJ/Tkm,C:\Users\rashi\ESM_databases\canoe-transportation\inputs\cache\nrcan_ceud_transport\2021_tran_on_e_36.xls
nrcan_ceud_transport_provincial,ON,36,Medium Trucks|Heavy Trucks,medium_heavy_trucks_activity,medium_trucks|heavy_trucks,stocks_and_demands,Medium Truck Energy Use (PJ),Medium Truck Energy Use (PJ),Medium Truck Energy Use (PJ),2005,56.416268,PJ,C:\Users\rashi\ESM_databases\canoe-transportation\inputs\cache\nrcan_ceud_transport\2021_tran_on_e_36.xls
nrcan_ceud_transport_provincial,ON,36,Medium Trucks|Heavy Trucks,medium_heavy_trucks_activity,medium_trucks|heavy_trucks,stocks_and_demands,Medium Trucks|Energy Use by Energy Source (PJ)|Motor Gasoline,Medium Trucks,Energy Use by Energy Source (PJ)|Motor Gasoline,2005,30.279741,PJ,C:\Users\rashi\ESM_databases\canoe-transportation\inputs\cache\nrcan_ceud_transport\2021_tran_on_e_36.xls
nrcan_ceud_transport_provincial,ON,36,Medium Trucks|Heavy Trucks,medium_heavy_trucks_activity,medium_trucks|heavy_trucks,stocks_and_demands,Medium Trucks|Energy Use by Energy Source (PJ)|Diesel Fuel Oil,Medium Trucks,Energy Use by Energy Source (PJ)|Diesel Fuel Oil,2005,25.672586,PJ,C:\Users\rashi\ESM_databases\canoe-transportation\inputs\cache\nrcan_ceud_transport\2021_tran_on_e_36.xls
nrcan_ceud_transport_provincial,ON,36,Medium Trucks|Heavy Trucks,medium_heavy_trucks_activity,medium_trucks|heavy_trucks,stocks_and_demands,Medium Trucks|Activity|Tonne-kilometres (millions),Medium Trucks,Activity|Tonne-kilometres (millions),2005,7569.282563,millions,C:\Users\rashi\ESM_databases\canoe-transportation\inputs\cache\nrcan_ceud_transport\2021_tran_on_e_36.xls
nrcan_ceud_transport_provincial,ON,36,Medium Trucks|Heavy Trucks,medium_heavy_trucks_activity,medium_trucks|heavy_trucks,stocks_and_demands,Medium Trucks|Energy Intensity (MJ/Tkm),Medium Trucks,Energy Intensity (MJ/Tkm),2005,7.453318,MJ/Tkm,C:\Users\rashi\ESM_databases\canoe-transportation\inputs\cache\nrcan_ceud_transport\2021_tran_on_e_36.xls
nrcan_ceud_transport_provincial,ON,36,Medium Trucks|Heavy Trucks,medium_heavy_trucks_activity,medium_trucks|heavy_trucks,stocks_and_demands,Heavy Truck Energy Use1 (PJ),Heavy Truck Energy Use1 (PJ),Heavy Truck Energy Use1 (PJ),2005,157.371072,PJ,C:\Users\rashi\ESM_databases\canoe-transportation\inputs\cache\nrcan_ceud_transport\2021_tran_on_e_36.xls
nrcan_ceud_transport_provincial,ON,36,Medium Trucks|Heavy Trucks,medium_heavy_trucks_activity,medium_trucks|heavy_trucks,stocks_and_demands,Heavy Trucks|Activity|Tonne-kilometres (millions),Heavy Trucks,Activity|Tonne-kilometres (millions),2005,83065.659929,millions,C:\Users\rashi\ESM_databases\canoe-transportation\inputs\cache\nrcan_ceud_transport\2021_tran_on_e_36.xls
nrcan_ceud_transport_provincial,ON,36,Medium Trucks|Heavy Trucks,medium_heavy_trucks_activity,medium_trucks|heavy_trucks,stocks_and_demands,Heavy Trucks|Energy Intensity (MJ/Tkm),Heavy Trucks,Energy Intensity (MJ/Tkm),2005,1.894538,MJ/Tkm,C:\Users\rashi\ESM_databases\canoe-transportation\inputs\cache\nrcan_ceud_transport\2021_tran_on_e_36.xls
nrcan_ceud_transport_provincial,ON,36,Medium Trucks|Heavy Trucks,medium_heavy_trucks_activity,medium_trucks|heavy_trucks,stocks_and_demands,Medium Truck Energy Use (PJ),Medium Truck Energy Use (PJ),Medium Truck Energy Use (PJ),2006,57.775388,PJ,C:\Users\rashi\ESM_databases\canoe-transportation\inputs\cache\nrcan_ceud_transport\2021_tran_on_e_36.xls
nrcan_ceud_transport_provincial,ON,36,Medium Trucks|Heavy Trucks,medium_heavy_trucks_activity,medium_trucks|heavy_trucks,stocks_and_demands,Medium Trucks|Energy Use by Energy Source (PJ)|Motor Gasoline,Medium Trucks,Energy Use by Energy Source (PJ)|Motor Gasoline,2006,32.507576,PJ,C:\Users\rashi\ESM_databases\canoe-transportation\inputs\cache\nrcan_ceud_transport\2021_tran_on_e_36.xls
nrcan_ceud_transport_provincial,ON,36,Medium Trucks|Heavy Trucks,medium_heavy_trucks_activity,medium_trucks|heavy_trucks,stocks_and_demands,Medium Trucks|Energy Use by Energy Source (PJ)|Diesel Fuel Oil,Medium Trucks,Energy Use by Energy Source (PJ)|Diesel Fuel Oil,2006,25.267812,PJ,C:\Users\rashi\ESM_databases\canoe-transportation\inputs\cache\nrcan_ceud_transport\2021_tran_on_e_36.xls
nrcan_ceud_transport_provincial,ON,36,Medium Trucks|Heavy Trucks,medium_heavy_trucks_activity,medium_trucks|heavy_trucks,stocks_and_demands,Medium Trucks|Activity|Tonne-kilometres (millions),Medium Trucks,Activity|Tonne-kilometres (millions),2006,8641.363176,millions,C:\Users\rashi\ESM_databases\canoe-transportation\inputs\cache\nrcan_ceud_transport\2021_tran_on_e_36.xls
nrcan_ceud_transport_provincial,ON,36,Medium Trucks|Heavy Trucks,medium_heavy_trucks_activity,medium_trucks|heavy_trucks,stocks_and_demands,Medium Trucks|Energy Intensity (MJ/Tkm),Medium Trucks,Energy Intensity (MJ/Tkm),2006,6.685911,MJ/Tkm,C:\Users\rashi\ESM_databases\canoe-transportation\inputs\cache\nrcan_ceud_transport\2021_tran_on_e_36.xls
nrcan_ceud_transport_provincial,ON,36,Medium Trucks|Heavy Trucks,medium_heavy_trucks_activity,medium_trucks|heavy_trucks,stocks_and_demands,Heavy Truck Energy Use1 (PJ),Heavy Truck Energy Use1 (PJ),Heavy Truck Energy Use1 (PJ),2006,147.698449,PJ,C:\Users\rashi\ESM_databases\canoe-transportation\inputs\cache\nrcan_ceud_transport\2021_tran_on_e_36.xls
nrcan_ceud_transport_provincial,ON,36,Medium Trucks|Heavy Trucks,medium_heavy_trucks_activity,medium_trucks|heavy_trucks,stocks_and_demands,Heavy Trucks|Activity|Tonne-kilometres (millions),Heavy Trucks,Activity|Tonne-kilometres (millions),2006,76786.743927,millions,C:\Users\rashi\ESM_databases\canoe-transportation\inputs\cache\nrcan_ceud_transport\2021_tran_on_e_36.xls
nrcan_ceud_transport_provincial,ON,36,Medium Trucks|Heavy Trucks,medium_heavy_trucks_activity,medium_trucks|heavy_trucks,stocks_and_demands,Heavy Trucks|Energy Intensity (MJ/Tkm),Heavy Trucks,Energy Intensity (MJ/Tkm),2006,1.923489,MJ/Tkm,C:\Users\rashi\ESM_databases\canoe-transportation\inputs\cache\nrcan_ceud_transport\2021_tran_on_e_36.xls
nrcan_ceud_transport_provincial,ON,36,Medium Trucks|Heavy Trucks,medium_heavy_trucks_activity,medium_trucks|heavy_trucks,stocks_and_demands,Medium Truck Energy Use (PJ),Medium Truck Energy Use (PJ),Medium Truck Energy Use (PJ),2007,62.899836,PJ,C:\Users\rashi\ESM_databases\canoe-transportation\inputs\cache\nrcan_ceud_transport\2021_tran_on_e_36.xls
nrcan_ceud_transport_provincial,ON,36,Medium Trucks|Heavy Trucks,medium_heavy_trucks_activity,medium_trucks|heavy_trucks,stocks_and_demands,Medium Trucks|Energy Use by Energy Source (PJ)|Motor Gasoline,Medium Trucks,Energy Use by Energy Source (PJ)|Motor Gasoline,2007,33.819627,PJ,C:\Users\rashi\ESM_databases\canoe-transportation\inputs\cache\nrcan_ceud_transport\2021_tran_on_e_36.xls
nrcan_ceud_transport_provincial,ON,36,Medium Trucks|Heavy Trucks,medium_heavy_trucks_activity,medium_trucks|heavy_trucks,stocks_and_demands,Medium Trucks|Energy Use by Energy Source (PJ)|Diesel Fuel Oil,Medium Trucks,Energy Use by Energy Source (PJ)|Diesel Fuel Oil,2007,27.814095,PJ,C:\Users\rashi\ESM_databases\canoe-transportation\inputs\cache\nrcan_ceud_transport\2021_tran_on_e_36.xls
nrcan_ceud_transport_provincial,ON,36,Medium Trucks|Heavy Trucks,medium_heavy_trucks_activity,medium_trucks|heavy_trucks,stocks_and_demands,Medium Trucks|Energy Use by Energy Source (PJ)|Ethanol,Medium Trucks,Energy Use by Energy Source (PJ)|Ethanol,2007,1.266113,PJ,C:\Users\rashi\ESM_databases\canoe-transportation\inputs\cache\nrcan_ceud_transport\2021_tran_on_e_36.xls
nrcan_ceud_transport_provincial,ON,36,Medium Trucks|Heavy Trucks,medium_heavy_trucks_activity,medium_trucks|heavy_trucks,stocks_and_demands,Medium Trucks|Activity|Tonne-kilometres (millions),Medium Trucks,Activity|Tonne-kilometres (millions),2007,9662.265457,millions,C:\Users\rashi\ESM_databases\canoe-transportation\inputs\cache\nrcan_ceud_transport\2021_tran_on_e_36.xls
nrcan_ceud_transport_provincial,ON,36,Medium Trucks|Heavy Trucks,medium_heavy_trucks_activity,medium_trucks|heavy_trucks,stocks_and_demands,Medium Trucks|Energy Intensity (MJ/Tkm),Medium Trucks,Energy Intensity (MJ/Tkm),2007,6.509843,MJ/Tkm,C:\Users\rashi\ESM_databases\canoe-transportation\inputs\cache\nrcan_ceud_transport\2021_tran_on_e_36.xls
nrcan_ceud_transport_provincial,ON,36,Medium Trucks|Heavy Trucks,medium_heavy_trucks_activity,medium_trucks|heavy_trucks,stocks_and_demands,Heavy Truck Energy Use1 (PJ),Heavy Truck Energy Use1 (PJ),Heavy Truck Energy Use1 (PJ),2007,148.299916,PJ,C:\Users\rashi\ESM_databases\canoe-transportation\inputs\cache\nrcan_ceud_transport\2021_tran_on_e_36.xls
nrcan_ceud_transport_provincial,ON,36,Medium Trucks|Heavy Trucks,medium_heavy_trucks_activity,medium_trucks|heavy_trucks,stocks_and_demands,Heavy Trucks|Activity|Tonne-kilometres (millions),Heavy Trucks,Activity|Tonne-kilometres (millions),2007,74504.584785,millions,C:\Users\rashi\ESM_databases\canoe-transportation\inputs\cache\nrcan_ceud_transport\2021_tran_on_e_36.xls
nrcan_ceud_transport_provincial,ON,36,Medium Trucks|Heavy Trucks,medium_heavy_trucks_activity,medium_trucks|heavy_trucks,stocks_and_demands,Heavy Trucks|Energy Intensity (MJ/Tkm),Heavy Trucks,Energy Intensity (MJ/Tkm),2007,1.99048,MJ/Tkm,C:\Users\rashi\ESM_databases\canoe-transportation\inputs\cache\nrcan_ceud_transport\2021_tran_on_e_36.xls
nrcan_ceud_transport_provincial,ON,36,Medium Trucks|Heavy Trucks,medium_heavy_trucks_activity,medium_trucks|heavy_trucks,stocks_and_demands,Medium Truck Energy Use (PJ),Medium Truck Energy Use (PJ),Medium Truck Energy Use (PJ),2008,61.813147,PJ,C:\Users\rashi\ESM_databases\canoe-transportation\inputs\cache\nrcan_ceud_transport\2021_tran_on_e_36.xls
nrcan_ceud_transport_provincial,ON,36,Medium Trucks|Heavy Trucks,medium_heavy_trucks_activity,medium_trucks|heavy_trucks,stocks_and_demands,Medium Trucks|Energy Use by Energy Source (PJ)|Motor Gasoline,Medium Trucks,Energy Use by Energy Source (PJ)|Motor Gasoline,2008,33.598665,PJ,C:\Users\rashi\ESM_databases\canoe-transportation\inputs\cache\nrcan_ceud_transport\2021_tran_on_e_36.xls
nrcan_ceud_transport_provincial,ON,36,Medium Trucks|Heavy Trucks,medium_heavy_trucks_activity,medium_trucks|heavy_trucks,stocks_and_demands,Medium Trucks|Energy Use by Energy Source (PJ)|Diesel Fuel Oil,Medium Trucks,Energy Use by Energy Source (PJ)|Diesel Fuel Oil,2008,26.657,PJ,C:\Users\rashi\ESM_databases\canoe-transportation\inputs\cache\nrcan_ceud_transport\2021_tran_on_e_36.xls
nrcan_ceud_transport_provincial,ON,36,Medium Trucks|Heavy Trucks,medium_heavy_trucks_activity,medium_trucks|heavy_trucks,stocks_and_demands,Medium Trucks|Energy Use by Energy Source (PJ)|Ethanol,Medium Trucks,Energy Use by Energy Source (PJ)|Ethanol,2008,1.557481,PJ,C:\Users\rashi\ESM_databases\canoe-transportation\inputs\cache\nrcan_ceud_transport\2021_tran_on_e_36.xls
nrcan_ceud_transport_provincial,ON,36,Medium Trucks|Heavy Trucks,medium_heavy_trucks_activity,medium_trucks|heavy_trucks,stocks_and_demands,Medium Trucks|Activity|Tonne-kilometres (millions),Medium Trucks,Activity|Tonne-kilometres (millions),2008,9274.478256,millions,C:\Users\rashi\ESM_databases\canoe-transportation\inputs\cache\nrcan_ceud_transport\2021_tran_on_e_36.xls
nrcan_ceud_transport_provincial,ON,36,Medium Trucks|Heavy Trucks,medium_heavy_trucks_activity,medium_trucks|heavy_trucks,stocks_and_demands,Medium Trucks|Energy Intensity (MJ/Tkm),Medium Trucks,Energy Intensity (MJ/Tkm),2008,6.664865,MJ/Tkm,C:\Users\rashi\ESM_databases\canoe-transportation\inputs\cache\nrcan_ceud_transport\2021_tran_on_e_36.xls
nrcan_ceud_transport_provincial,ON,36,Medium Trucks|Heavy Trucks,medium_heavy_trucks_activity,medium_trucks|heavy_trucks,stocks_and_demands,Heavy Truck Energy Use1 (PJ),Heavy Truck Energy Use1 (PJ),Heavy Truck Energy Use1 (PJ),2008,147.637922,PJ,C:\Users\rashi\ESM_databases\canoe-transportation\inputs\cache\nrcan_ceud_transport\2021_tran_on_e_36.xls
nrcan_ceud_transport_provincial,ON,36,Medium Trucks|Heavy Trucks,medium_heavy_trucks_activity,medium_trucks|heavy_trucks,stocks_and_demands,Heavy Trucks|Activity|Tonne-kilometres (millions),Heavy Trucks,Activity|Tonne-kilometres (millions),2008,73229.639171,millions,C:\Users\rashi\ESM_databases\canoe-transportation\inputs\cache\nrcan_ceud_transport\2021_tran_on_e_36.xls
nrcan_ceud_transport_provincial,ON,36,Medium Trucks|Heavy Trucks,medium_heavy_trucks_activity,medium_trucks|heavy_trucks,stocks_and_demands,Heavy Trucks|Energy Intensity (MJ/Tkm),Heavy Trucks,Energy Intensity (MJ/Tkm),2008,2.016095,MJ/Tkm,C:\Users\rashi\ESM_databases\canoe-transportation\inputs\cache\nrcan_ceud_transport\2021_tran_on_e_36.xls
nrcan_ceud_transport_provincial,ON,36,Medium Trucks|Heavy Trucks,medium_heavy_trucks_activity,medium_trucks|heavy_trucks,stocks_and_demands,Medium Truck Energy Use (PJ),Medium Truck Energy Use (PJ),Medium Truck Energy Use (PJ),2009,68.353279,PJ,C:\Users\rashi\ESM_databases\canoe-transportation\inputs\cache\nrcan_ceud_transport\2021_tran_on_e_36.xls
nrcan_ceud_transport_provincial,ON,36,Medium Trucks|Heavy Trucks,medium_heavy_trucks_activity,medium_trucks|heavy_trucks,stocks_and_demands,Medium Trucks|Energy Use by Energy Source (PJ)|Motor Gasoline,Medium Trucks,Energy Use by Energy Source (PJ)|Motor Gasoline,2009,35.281088,PJ,C:\Users\rashi\ESM_databases\canoe-transportation\inputs\cache\nrcan_ceud_transport\2021_tran_on_e_36.xls
nrcan_ceud_transport_provincial,ON,36,Medium Trucks|Heavy Trucks,medium_heavy_trucks_activity,medium_trucks|heavy_trucks,stocks_and_demands,Medium Trucks|Energy Use by Energy Source (PJ)|Diesel Fuel Oil,Medium Trucks,Energy Use by Energy Source (PJ)|Diesel Fuel Oil,2009,31.014404,PJ,C:\Users\rashi\ESM_databases\canoe-transportation\inputs\cache\nrcan_ceud_transport\2021_tran_on_e_36.xls
nrcan_ceud_transport_provincial,ON,36,Medium Trucks|Heavy Trucks,medium_heavy_trucks_activity,medium_trucks|heavy_trucks,stocks_and_demands,Medium Trucks|Energy Use by Energy Source (PJ)|Ethanol,Medium Trucks,Energy Use by Energy Source (PJ)|Ethanol,2009,1.580854,PJ,C:\Users\rashi\ESM_databases\canoe-transportation\inputs\cache\nrcan_ceud_transport\2021_tran_on_e_36.xls
nrcan_ceud_transport_provincial,ON,36,Medium Trucks|Heavy Trucks,medium_heavy_trucks_activity,medium_trucks|heavy_trucks,stocks_and_demands,Medium Trucks|Activity|Tonne-kilometres (millions),Medium Trucks,Activity|Tonne-kilometres (millions),2009,9545.789169,millions,C:\Users\rashi\ESM_databases\canoe-transportation\inputs\cache\nrcan_ceud_transport\2021_tran_on_e_36.xls
nrcan_ceud_transport_provincial,ON,36,Medium Trucks|Heavy Trucks,medium_heavy_trucks_activity,medium_trucks|heavy_trucks,stocks_and_demands,Medium Trucks|Energy Intensity (MJ/Tkm),Medium Trucks,Energy Intensity (MJ/Tkm),2009,7.160569,MJ/Tkm,C:\Users\rashi\ESM_databases\canoe-transportation\inputs\cache\nrcan_ceud_transport\2021_tran_on_e_36.xls
nrcan_ceud_transport_provincial,ON,36,Medium Trucks|Heavy Trucks,medium_heavy_trucks_activity,medium_trucks|heavy_trucks,stocks_and_demands,Heavy Truck Energy Use1 (PJ),Heavy Truck Energy Use1 (PJ),Heavy Truck Energy Use1 (PJ),2009,145.237468,PJ,C:\Users\rashi\ESM_databases\canoe-transportation\inputs\cache\nrcan_ceud_transport\2021_tran_on_e_36.xls
nrcan_ceud_transport_provincial,ON,36,Medium Trucks|Heavy Trucks,medium_heavy_trucks_activity,medium_trucks|heavy_trucks,stocks_and_demands,Heavy Trucks|Activity|Tonne-kilometres (millions),Heavy Trucks,Activity|Tonne-kilometres (millions),2009,67802.292652,millions,C:\Users\rashi\ESM_databases\canoe-transportation\inputs\cache\nrcan_ceud_transport\2021_tran_on_e_36.xls
nrcan_ceud_transport_provincial,ON,36,Medium Trucks|Heavy Trucks,medium_heavy_trucks_activity,medium_trucks|heavy_trucks,stocks_and_demands,Heavy Trucks|Energy Intensity (MJ/Tkm),Heavy Trucks,Energy Intensity (MJ/Tkm),2009,2.142073,MJ/Tkm,C:\Users\rashi\ESM_databases\canoe-transportation\inputs\cache\nrcan_ceud_transport\2021_tran_on_e_36.xls
nrcan_ceud_transport_provincial,ON,36,Medium Trucks|Heavy Trucks,medium_heavy_trucks_activity,medium_trucks|heavy_trucks,stocks_and_demands,Medium Truck Energy Use (PJ),Medium Truck Energy Use (PJ),Medium Truck Energy Use (PJ),2010,72.849367,PJ,C:\Users\rashi\ESM_databases\canoe-transportation\inputs\cache\nrcan_ceud_transport\2021_tran_on_e_36.xls
nrcan_ceud_transport_provincial,ON,36,Medium Trucks|Heavy Trucks,medium_heavy_trucks_activity,medium_trucks|heavy_trucks,stocks_and_demands,Medium Trucks|Energy Use by Energy Source (PJ)|Motor Gasoline,Medium Trucks,Energy Use by Energy Source (PJ)|Motor Gasoline,2010,35.786166,PJ,C:\Users\rashi\ESM_databases\canoe-transportation\inputs\cache\nrcan_ceud_transport\2021_tran_on_e_36.xls
nrcan_ceud_transport_provincial,ON,36,Medium Trucks|Heavy Trucks,medium_heavy_trucks_activity,medium_trucks|heavy_trucks,stocks_and_demands,Medium Trucks|Energy Use by Energy Source (PJ)|Diesel Fuel Oil,Medium Trucks,Energy Use by Energy Source (PJ)|Diesel Fuel Oil,2010,34.966346,PJ,C:\Users\rashi\ESM_databases\canoe-transportation\inputs\cache\nrcan_ceud_transport\2021_tran_on_e_36.xls
nrcan_ceud_transport_provincial,ON,36,Medium Trucks|Heavy Trucks,medium_heavy_trucks_activity,medium_trucks|heavy_trucks,stocks_and_demands,Medium Trucks|Energy Use by Energy Source (PJ)|Ethanol,Medium Trucks,Energy Use by Energy Source (PJ)|Ethanol,2010,1.711615,PJ,C:\Users\rashi\ESM_databases\canoe-transportation\inputs\cache\nrcan_ceud_transport\2021_tran_on_e_36.xls
nrcan_ceud_transport_provincial,ON,36,Medium Trucks|Heavy Trucks,medium_heavy_trucks_activity,medium_trucks|heavy_trucks,stocks_and_demands,Medium Trucks|Activity|Tonne-kilometres (millions),Medium Trucks,Activity|Tonne-kilometres (millions),2010,10921.922121,millions,C:\Users\rashi\ESM_databases\canoe-transportation\inputs\cache\nrcan_ceud_transport\2021_tran_on_e_36.xls
nrcan_ceud_transport_provincial,ON,36,Medium Trucks|Heavy Trucks,medium_heavy_trucks_activity,medium_trucks|heavy_trucks,stocks_and_demands,Medium Trucks|Energy Intensity (MJ/Tkm),Medium Trucks,Energy Intensity (MJ/Tkm),2010,6.670013,MJ/Tkm,C:\Users\rashi\ESM_databases\canoe-transportation\inputs\cache\nrcan_ceud_transport\2021_tran_on_e_36.xls
nrcan_ceud_transport_provincial,ON,36,Medium Trucks|Heavy Trucks,medium_heavy_trucks_activity,medium_trucks|heavy_trucks,stocks_and_demands,Heavy Truck Energy Use1 (PJ),Heavy Truck Energy Use1 (PJ),Heavy Truck Energy Use1 (PJ),2010,151.502874,PJ,C:\Users\rashi\ESM_databases\canoe-transportation\inputs\cache\nrcan_ceud_transport\2021_tran_on_e_36.xls
nrcan_ceud_transport_provincial,ON,36,Medium Trucks|Heavy Trucks,medium_heavy_trucks_activity,medium_trucks|heavy_trucks,stocks_and_demands,Heavy Trucks|Activity|Tonne-kilometres (millions),Heavy Trucks,Activity|Tonne-kilometres (millions),2010,73632.270696,millions,C:\Users\rashi\ESM_databases\canoe-transportation\inputs\cache\nrcan_ceud_transport\2021_tran_on_e_36.xls
nrcan_ceud_transport_provincial,ON,36,Medium Trucks|Heavy Trucks,medium_heavy_trucks_activity,medium_trucks|heavy_trucks,stocks_and_demands,Heavy Trucks|Energy Intensity (MJ/Tkm),Heavy Trucks,Energy Intensity (MJ/Tkm),2010,2.057561,MJ/Tkm,C:\Users\rashi\ESM_databases\canoe-transportation\inputs\cache\nrcan_ceud_transport\2021_tran_on_e_36.xls
nrcan_ceud_transport_provincial,ON,36,Medium Trucks|Heavy Trucks,medium_heavy_trucks_activity,medium_trucks|heavy_trucks,stocks_and_demands,Medium Truck Energy Use (PJ),Medium Truck Energy Use (PJ),Medium Truck Energy Use (PJ),2011,71.19801,PJ,C:\Users\rashi\ESM_databases\canoe-transportation\inputs\cache\nrcan_ceud_transport\2021_tran_on_e_36.xls
nrcan_ceud_transport_provincial,ON,36,Medium Trucks|Heavy Trucks,medium_heavy_trucks_activity,medium_trucks|heavy_trucks,stocks_and_demands,Medium Trucks|Energy Use by Energy Source (PJ)|Motor Gasoline,Medium Trucks,Energy Use by Energy Source (PJ)|Motor Gasoline,2011,33.526353,PJ,C:\Users\rashi\ESM_databases\canoe-transportation\inputs\cache\nrcan_ceud_transport\2021_tran_on_e_36.xls
nrcan_ceud_transport_provincial,ON,36,Medium Trucks|Heavy Trucks,medium_heavy_trucks_activity,medium_trucks|heavy_trucks,stocks_and_demands,Medium Trucks|Energy Use by Energy Source (PJ)|Diesel Fuel Oil,Medium Trucks,Energy Use by Energy Source (PJ)|Diesel Fuel Oil,2011,35.458737,PJ,C:\Users\rashi\ESM_databases\canoe-transportation\inputs\cache\nrcan_ceud_transport\2021_tran_on_e_36.xls
nrcan_ceud_transport_provincial,ON,36,Medium Trucks|Heavy Trucks,medium_heavy_trucks_activity,medium_trucks|heavy_trucks,stocks_and_demands,Medium Trucks|Energy Use by Energy Source (PJ)|Ethanol,Medium Trucks,Energy Use by Energy Source (PJ)|Ethanol,2011,1.849744,PJ,C:\Users\rashi\ESM_databases\canoe-transportation\inputs\cache\nrcan_ceud_transport\2021_tran_on_e_36.xls
nrcan_ceud_transport_provincial,ON,36,Medium Trucks|Heavy Trucks,medium_heavy_trucks_activity,medium_trucks|heavy_trucks,stocks_and_demands,Medium Trucks|Activity|Tonne-kilometres (millions),Medium Trucks,Activity|Tonne-kilometres (millions),2011,10811.625769,millions,C:\Users\rashi\ESM_databases\canoe-transportation\inputs\cache\nrcan_ceud_transport\2021_tran_on_e_36.xls
nrcan_ceud_transport_provincial,ON,36,Medium Trucks|Heavy Trucks,medium_heavy_trucks_activity,medium_trucks|heavy_trucks,stocks_and_demands,Medium Trucks|Energy Intensity (MJ/Tkm),Medium Trucks,Energy Intensity (MJ/Tkm),2011,6.58532,MJ/Tkm,C:\Users\rashi\ESM_databases\canoe-transportation\inputs\cache\nrcan_ceud_transport\2021_tran_on_e_36.xls
nrcan_ceud_transport_provincial,ON,36,Medium Trucks|Heavy Trucks,medium_heavy_trucks_activity,medium_trucks|heavy_trucks,stocks_and_demands,Heavy Truck Energy Use1 (PJ),Heavy Truck Energy Use1 (PJ),Heavy Truck Energy Use1 (PJ),2011,161.837423,PJ,C:\Users\rashi\ESM_databases\canoe-transportation\inputs\cache\nrcan_ceud_transport\2021_tran_on_e_36.xls
nrcan_ceud_transport_provincial,ON,36,Medium Trucks|Heavy Trucks,medium_heavy_trucks_activity,medium_trucks|heavy_trucks,stocks_and_demands,Heavy Trucks|Activity|Tonne-kilometres (millions),Heavy Trucks,Activity|Tonne-kilometres (millions),2011,78289.511331,millions,C:\Users\rashi\ESM_databases\canoe-transportation\inputs\cache\nrcan_ceud_transport\2021_tran_on_e_36.xls
nrcan_ceud_transport_provincial,ON,36,Medium Trucks|Heavy Trucks,medium_heavy_trucks_activity,medium_trucks|heavy_trucks,stocks_and_demands,Heavy Trucks|Energy Intensity (MJ/Tkm),Heavy Trucks,Energy Intensity (MJ/Tkm),2011,2.067166,MJ/Tkm,C:\Users\rashi\ESM_databases\canoe-transportation\inputs\cache\nrcan_ceud_transport\2021_tran_on_e_36.xls
nrcan_ceud_transport_provincial,ON,36,Medium Trucks|Heavy Trucks,medium_heavy_trucks_activity,medium_trucks|heavy_trucks,stocks_and_demands,Medium Truck Energy Use (PJ),Medium Truck Energy Use (PJ),Medium Truck Energy Use (PJ),2012,64.43928,PJ,C:\Users\rashi\ESM_databases\canoe-transportation\inputs\cache\nrcan_ceud_transport\2021_tran_on_e_36.xls
nrcan_ceud_transport_provincial,ON,36,Medium Trucks|Heavy Trucks,medium_heavy_trucks_activity,medium_trucks|heavy_trucks,stocks_and_demands,Medium Trucks|Energy Use by Energy Source (PJ)|Motor Gasoline,Medium Trucks,Energy Use by Energy Source (PJ)|Motor Gasoline,2012,29.358922,PJ,C:\Users\rashi\ESM_databases\canoe-transportation\inputs\cache\nrcan_ceud_transport\2021_tran_on_e_36.xls
nrcan_ceud_transport_provincial,ON,36,Medium Trucks|Heavy Trucks,medium_heavy_trucks_activity,medium_trucks|heavy_trucks,stocks_and_demands,Medium Trucks|Energy Use by Energy Source (PJ)|Diesel Fuel Oil,Medium Trucks,Energy Use by Energy Source (PJ)|Diesel Fuel Oil,2012,32.960799,PJ,C:\Users\rashi\ESM_databases\canoe-transportation\inputs\cache\nrcan_ceud_transport\2021_tran_on_e_36.xls
nrcan_ceud_transport_provincial,ON,36,Medium Trucks|Heavy Trucks,medium_heavy_trucks_activity,medium_trucks|heavy_trucks,stocks_and_demands,Medium Trucks|Energy Use by Energy Source (PJ)|Ethanol,Medium Trucks,Energy Use by Energy Source (PJ)|Ethanol,2012,1.758329,PJ,C:\Users\rashi\ESM_databases\canoe-transportation\inputs\cache\nrcan_ceud_transport\2021_tran_on_e_36.xls
nrcan_ceud_transport_provincial,ON,36,Medium Trucks|Heavy Trucks,medium_heavy_trucks_activity,medium_trucks|heavy_trucks,stocks_and_demands,Medium Trucks|Activity|Tonne-kilometres (millions),Medium Trucks,Activity|Tonne-kilometres (millions),2012,9917.66317,millions,C:\Users\rashi\ESM_databases\canoe-transportation\inputs\cache\nrcan_ceud_transport\2021_tran_on_e_36.xls
nrcan_ceud_transport_provincial,ON,36,Medium Trucks|Heavy Trucks,medium_heavy_trucks_activity,medium_trucks|heavy_trucks,stocks_and_demands,Medium Trucks|Energy Intensity (MJ/Tkm),Medium Trucks,Energy Intensity (MJ/Tkm),2012,6.497426,MJ/Tkm,C:\Users\rashi\ESM_databases\canoe-transportation\inputs\cache\nrcan_ceud_transport\2021_tran_on_e_36.xls
nrcan_ceud_transport_provincial,ON,36,Medium Trucks|Heavy Trucks,medium_heavy_trucks_activity,medium_trucks|heavy_trucks,stocks_and_demands,Heavy Truck Energy Use1 (PJ),Heavy Truck Energy Use1 (PJ),Heavy Truck Energy Use1 (PJ),2012,162.381803,PJ,C:\Users\rashi\ESM_databases\canoe-transportation\inputs\cache\nrcan_ceud_transport\2021_tran_on_e_36.xls
nrcan_ceud_transport_provincial,ON,36,Medium Trucks|Heavy Trucks,medium_heavy_trucks_activity,medium_trucks|heavy_trucks,stocks_and_demands,Heavy Trucks|Activity|Tonne-kilometres (millions),Heavy Trucks,Activity|Tonne-kilometres (millions),2012,81846.844923,millions,C:\Users\rashi\ESM_databases\canoe-transportation\inputs\cache\nrcan_ceud_transport\2021_tran_on_e_36.xls
nrcan_ceud_transport_provincial,ON,36,Medium Trucks|Heavy Trucks,medium_heavy_trucks_activity,medium_trucks|heavy_trucks,stocks_and_demands,Heavy Trucks|Energy Intensity (MJ/Tkm),Heavy Trucks,Energy Intensity (MJ/Tkm),2012,1.983971,MJ/Tkm,C:\Users\rashi\ESM_databases\canoe-transportation\inputs\cache\nrcan_ceud_transport\2021_tran_on_e_36.xls
nrcan_ceud_transport_provincial,ON,36,Medium Trucks|Heavy Trucks,medium_heavy_trucks_activity,medium_trucks|heavy_trucks,stocks_and_demands,Medium Truck Energy Use (PJ),Medium Truck Energy Use (PJ),Medium Truck Energy Use (PJ),2013,63.577227,PJ,C:\Users\rashi\ESM_databases\canoe-transportation\inputs\cache\nrcan_ceud_transport\2021_tran_on_e_36.xls
nrcan_ceud_transport_provincial,ON,36,Medium Trucks|Heavy Trucks,medium_heavy_trucks_activity,medium_trucks|heavy_trucks,stocks_and_demands,Medium Trucks|Energy Use by Energy Source (PJ)|Motor Gasoline,Medium Trucks,Energy Use by Energy Source (PJ)|Motor Gasoline,2013,30.602589,PJ,C:\Users\rashi\ESM_databases\canoe-transportation\inputs\cache\nrcan_ceud_transport\2021_tran_on_e_36.xls
nrcan_ceud_transport_provincial,ON,36,Medium Trucks|Heavy Trucks,medium_heavy_trucks_activity,medium_trucks|heavy_trucks,stocks_and_demands,Medium Trucks|Energy Use by Energy Source (PJ)|Diesel Fuel Oil,Medium Trucks,Energy Use by Energy Source (PJ)|Diesel Fuel Oil,2013,31.062139,PJ,C:\Users\rashi\ESM_databases\canoe-transportation\inputs\cache\nrcan_ceud_transport\2021_tran_on_e_36.xls
nrcan_ceud_transport_provincial,ON,36,Medium Trucks|Heavy Trucks,medium_heavy_trucks_activity,medium_trucks|heavy_trucks,stocks_and_demands,Medium Trucks|Energy Use by Energy Source (PJ)|Ethanol,Medium Trucks,Energy Use by Energy Source (PJ)|Ethanol,2013,1.742501,PJ,C:\Users\rashi\ESM_databases\canoe-transportation\inputs\cache\nrcan_ceud_transport\2021_tran_on_e_36.xls
nrcan_ceud_transport_provincial,ON,36,Medium Trucks|Heavy Trucks,medium_heavy_trucks_activity,medium_trucks|heavy_trucks,stocks_and_demands,Medium Trucks|Activity|Tonne-kilometres (millions),Medium Trucks,Activity|Tonne-kilometres (millions),2013,9958.304239,millions,C:\Users\rashi\ESM_databases\canoe-transportation\inputs\cache\nrcan_ceud_transport\2021_tran_on_e_36.xls
nrcan_ceud_transport_provincial,ON,36,Medium Trucks|Heavy Trucks,medium_heavy_trucks_activity,medium_trucks|heavy_trucks,stocks_and_demands,Medium Trucks|Energy Intensity (MJ/Tkm),Medium Trucks,Energy Intensity (MJ/Tkm),2013,6.384343,MJ/Tkm,C:\Users\rashi\ESM_databases\canoe-transportation\inputs\cache\nrcan_ceud_transport\2021_tran_on_e_36.xls
nrcan_ceud_transport_provincial,ON,36,Medium Trucks|Heavy Trucks,medium_heavy_trucks_activity,medium_trucks|heavy_trucks,stocks_and_demands,Heavy Truck Energy Use1 (PJ),Heavy Truck Energy Use1 (PJ),Heavy Truck Energy Use1 (PJ),2013,161.523924,PJ,C:\Users\rashi\ESM_databases\canoe-transportation\inputs\cache\nrcan_ceud_transport\2021_tran_on_e_36.xls
nrcan_ceud_transport_provincial,ON,36,Medium Trucks|Heavy Trucks,medium_heavy_trucks_activity,medium_trucks|heavy_trucks,stocks_and_demands,Heavy Trucks|Activity|Tonne-kilometres (millions),Heavy Trucks,Activity|Tonne-kilometres (millions),2013,84745.802636,millions,C:\Users\rashi\ESM_databases\canoe-transportation\inputs\cache\nrcan_ceud_transport\2021_tran_on_e_36.xls
nrcan_ceud_transport_provincial,ON,36,Medium Trucks|Heavy Trucks,medium_heavy_trucks_activity,medium_trucks|heavy_trucks,stocks_and_demands,Heavy Trucks|Energy Intensity (MJ/Tkm),Heavy Trucks,Energy Intensity (MJ/Tkm),2013,1.905981,MJ/Tkm,C:\Users\rashi\ESM_databases\canoe-transportation\inputs\cache\nrcan_ceud_transport\2021_tran_on_e_36.xls
nrcan_ceud_transport_provincial,ON,36,Medium Trucks|Heavy Trucks,medium_heavy_trucks_activity,medium_trucks|heavy_trucks,stocks_and_demands,Medium Truck Energy Use (PJ),Medium Truck Energy Use (PJ),Medium Truck Energy Use (PJ),2014,62.355649,PJ,C:\Users\rashi\ESM_databases\canoe-transportation\inputs\cache\nrcan_ceud_transport\2021_tran_on_e_36.xls
nrcan_ceud_transport_provincial,ON,36,Medium Trucks|Heavy Trucks,medium_heavy_trucks_activity,medium_trucks|heavy_trucks,stocks_and_demands,Medium Trucks|Energy Use by Energy Source (PJ)|Motor Gasoline,Medium Trucks,Energy Use by Energy Source (PJ)|Motor Gasoline,2014,30.830187,PJ,C:\Users\rashi\ESM_databases\canoe-transportation\inputs\cache\nrcan_ceud_transport\2021_tran_on_e_36.xls
nrcan_ceud_transport_provincial,ON,36,Medium Trucks|Heavy Trucks,medium_heavy_trucks_activity,medium_trucks|heavy_trucks,stocks_and_demands,Medium Trucks|Energy Use by Energy Source (PJ)|Diesel Fuel Oil,Medium Trucks,Energy Use by Energy Source (PJ)|Diesel Fuel Oil,2014,29.461202,PJ,C:\Users\rashi\ESM_databases\canoe-transportation\inputs\cache\nrcan_ceud_transport\2021_tran_on_e_36.xls
nrcan_ceud_transport_provincial,ON,36,Medium Trucks|Heavy Trucks,medium_heavy_trucks_activity,medium_trucks|heavy_trucks,stocks_and_demands,Medium Trucks|Energy Use by Energy Source (PJ)|Ethanol,Medium Trucks,Energy Use by Energy Source (PJ)|Ethanol,2014,1.874946,PJ,C:\Users\rashi\ESM_databases\canoe-transportation\inputs\cache\nrcan_ceud_transport\2021_tran_on_e_36.xls
nrcan_ceud_transport_provincial,ON,36,Medium Trucks|Heavy Trucks,medium_heavy_trucks_activity,medium_trucks|heavy_trucks,stocks_and_demands,Medium Trucks|Activity|Tonne-kilometres (millions),Medium Trucks,Activity|Tonne-kilometres (millions),2014,9931.678899,millions,C:\Users\rashi\ESM_databases\canoe-transportation\inputs\cache\nrcan_ceud_transport\2021_tran_on_e_36.xls
nrcan_ceud_transport_provincial,ON,36,Medium Trucks|Heavy Trucks,medium_heavy_trucks_activity,medium_trucks|heavy_trucks,stocks_and_demands,Medium Trucks|Energy Intensity (MJ/Tkm),Medium Trucks,Energy Intensity (MJ/Tkm),2014,6.27846,MJ/Tkm,C:\Users\rashi\ESM_databases\canoe-transportation\inputs\cache\nrcan_ceud_transport\2021_tran_on_e_36.xls
nrcan_ceud_transport_provincial,ON,36,Medium Trucks|Heavy Trucks,medium_heavy_trucks_activity,medium_trucks|heavy_trucks,stocks_and_demands,Heavy Truck Energy Use1 (PJ),Heavy Truck Energy Use1 (PJ),Heavy Truck Energy Use1 (PJ),2014,154.837057,PJ,C:\Users\rashi\ESM_databases\canoe-transportation\inputs\cache\nrcan_ceud_transport\2021_tran_on_e_36.xls
nrcan_ceud_transport_provincial,ON,36,Medium Trucks|Heavy Trucks,medium_heavy_trucks_activity,medium_trucks|heavy_trucks,stocks_and_demands,Heavy Trucks|Activity|Tonne-kilometres (millions),Heavy Trucks,Activity|Tonne-kilometres (millions),2014,86679.827827,millions,C:\Users\rashi\ESM_databases\canoe-transportation\inputs\cache\nrcan_ceud_transport\2021_tran_on_e_36.xls
nrcan_ceud_transport_provincial,ON,36,Medium Trucks|Heavy Trucks,medium_heavy_trucks_activity,medium_trucks|heavy_trucks,stocks_and_demands,Heavy Trucks|Energy Intensity (MJ/Tkm),Heavy Trucks,Energy Intensity (MJ/Tkm),2014,1.78631,MJ/Tkm,C:\Users\rashi\ESM_databases\canoe-transportation\inputs\cache\nrcan_ceud_transport\2021_tran_on_e_36.xls
nrcan_ceud_transport_provincial,ON,36,Medium Trucks|Heavy Trucks,medium_heavy_trucks_activity,medium_trucks|heavy_trucks,stocks_and_demands,Medium Truck Energy Use (PJ),Medium Truck Energy Use (PJ),Medium Truck Energy Use (PJ),2015,60.312856,PJ,C:\Users\rashi\ESM_databases\canoe-transportation\inputs\cache\nrcan_ceud_transport\2021_tran_on_e_36.xls
nrcan_ceud_transport_provincial,ON,36,Medium Trucks|Heavy Trucks,medium_heavy_trucks_activity,medium_trucks|heavy_trucks,stocks_and_demands,Medium Trucks|Energy Use by Energy Source (PJ)|Motor Gasoline,Medium Trucks,Energy Use by Energy Source (PJ)|Motor Gasoline,2015,33.158904,PJ,C:\Users\rashi\ESM_databases\canoe-transportation\inputs\cache\nrcan_ceud_transport\2021_tran_on_e_36.xls
nrcan_ceud_transport_provincial,ON,36,Medium Trucks|Heavy Trucks,medium_heavy_trucks_activity,medium_trucks|heavy_trucks,stocks_and_demands,Medium Trucks|Energy Use by Energy Source (PJ)|Diesel Fuel Oil,Medium Trucks,Energy Use by Energy Source (PJ)|Diesel Fuel Oil,2015,27.060301,PJ,C:\Users\rashi\ESM_databases\canoe-transportation\inputs\cache\nrcan_ceud_transport\2021_tran_on_e_36.xls
nrcan_ceud_transport_provincial,ON,36,Medium Trucks|Heavy Trucks,medium_heavy_trucks_activity,medium_trucks|heavy_trucks,stocks_and_demands,Medium Trucks|Activity|Tonne-kilometres (millions),Medium Trucks,Activity|Tonne-kilometres (millions),2015,9778.502615,millions,C:\Users\rashi\ESM_databases\canoe-transportation\inputs\cache\nrcan_ceud_transport\2021_tran_on_e_36.xls
nrcan_ceud_transport_provincial,ON,36,Medium Trucks|Heavy Trucks,medium_heavy_trucks_activity,medium_trucks|heavy_trucks,stocks_and_demands,Medium Trucks|Energy Intensity (MJ/Tkm),Medium Trucks,Energy Intensity (MJ/Tkm),2015,6.167903,MJ/Tkm,C:\Users\rashi\ESM_databases\canoe-transportation\inputs\cache\nrcan_ceud_transport\2021_tran_on_e_36.xls
nrcan_ceud_transport_provincial,ON,36,Medium Trucks|Heavy Trucks,medium_heavy_trucks_activity,medium_trucks|heavy_trucks,stocks_and_demands,Heavy Truck Energy Use1 (PJ),Heavy Truck Energy Use1 (PJ),Heavy Truck Energy Use1 (PJ),2015,147.529496,PJ,C:\Users\rashi\ESM_databases\canoe-transportation\inputs\cache\nrcan_ceud_transport\2021_tran_on_e_36.xls
nrcan_ceud_transport_provincial,ON,36,Medium Trucks|Heavy Trucks,medium_heavy_trucks_activity,medium_trucks|heavy_trucks,stocks_and_demands,Heavy Trucks|Activity|Tonne-kilometres (millions),Heavy Trucks,Activity|Tonne-kilometres (millions),2015,90666.548158,millions,C:\Users\rashi\ESM_databases\canoe-transportation\inputs\cache\nrcan_ceud_transport\2021_tran_on_e_36.xls
nrcan_ceud_transport_provincial,ON,36,Medium Trucks|Heavy Trucks,medium_heavy_trucks_activity,medium_trucks|heavy_trucks,stocks_and_demands,Heavy Trucks|Energy Intensity (MJ/Tkm),Heavy Trucks,Energy Intensity (MJ/Tkm),2015,1.627166,MJ/Tkm,C:\Users\rashi\ESM_databases\canoe-transportation\inputs\cache\nrcan_ceud_transport\2021_tran_on_e_36.xls
nrcan_ceud_transport_provincial,ON,36,Medium Trucks|Heavy Trucks,medium_heavy_trucks_activity,medium_trucks|heavy_trucks,stocks_and_demands,Medium Truck Energy Use (PJ),Medium Truck Energy Use (PJ),Medium Truck Energy Use (PJ),2016,58.567443,PJ,C:\Users\rashi\ESM_databases\canoe-transportation\inputs\cache\nrcan_ceud_transport\2021_tran_on_e_36.xls
nrcan_ceud_transport_provincial,ON,36,Medium Trucks|Heavy Trucks,medium_heavy_trucks_activity,medium_trucks|heavy_trucks,stocks_and_demands,Medium Trucks|Energy Use by Energy Source (PJ)|Motor Gasoline,Medium Trucks,Energy Use by Energy Source (PJ)|Motor Gasoline,2016,34.026482,PJ,C:\Users\rashi\ESM_databases\canoe-transportation\inputs\cache\nrcan_ceud_transport\2021_tran_on_e_36.xls
nrcan_ceud_transport_provincial,ON,36,Medium Trucks|Heavy Trucks,medium_heavy_trucks_activity,medium_trucks|heavy_trucks,stocks_and_demands,Medium Trucks|Energy Use by Energy Source (PJ)|Diesel Fuel Oil,Medium Trucks,Energy Use by Energy Source (PJ)|Diesel Fuel Oil,2016,24.391475,PJ,C:\Users\rashi\ESM_databases\canoe-transportation\inputs\cache\nrcan_ceud_transport\2021_tran_on_e_36.xls
nrcan_ceud_transport_provincial,ON,36,Medium Trucks|Heavy Trucks,medium_heavy_trucks_activity,medium_trucks|heavy_trucks,stocks_and_demands,Medium Trucks|Activity|Tonne-kilometres (millions),Medium Trucks,Activity|Tonne-kilometres (millions),2016,9671.86605,millions,C:\Users\rashi\ESM_databases\canoe-transportation\inputs\cache\nrcan_ceud_transport\2021_tran_on_e_36.xls
nrcan_ceud_transport_provincial,ON,36,Medium Trucks|Heavy Trucks,medium_heavy_trucks_activity,medium_trucks|heavy_trucks,stocks_and_demands,Medium Trucks|Energy Intensity (MJ/Tkm),Medium Trucks,Energy Intensity (MJ/Tkm),2016,6.055444,MJ/Tkm,C:\Users\rashi\ESM_databases\canoe-transportation\inputs\cache\nrcan_ceud_transport\2021_tran_on_e_36.xls
nrcan_ceud_transport_provincial,ON,36,Medium Trucks|Heavy Trucks,medium_heavy_trucks_activity,medium_trucks|heavy_trucks,stocks_and_demands,Heavy Truck Energy Use1 (PJ),Heavy Truck Energy Use1 (PJ),Heavy Truck Energy Use1 (PJ),2016,135.543869,PJ,C:\Users\rashi\ESM_databases\canoe-transportation\inputs\cache\nrcan_ceud_transport\2021_tran_on_e_36.xls
nrcan_ceud_transport_provincial,ON,36,Medium Trucks|Heavy Trucks,medium_heavy_trucks_activity,medium_trucks|heavy_trucks,stocks_and_demands,Heavy Trucks|Activity|Tonne-kilometres (millions),Heavy Trucks,Activity|Tonne-kilometres (millions),2016,94459.427645,millions,C:\Users\rashi\ESM_databases\canoe-transportation\inputs\cache\nrcan_ceud_transport\2021_tran_on_e_36.xls
nrcan_ceud_transport_provincial,ON,36,Medium Trucks|Heavy Trucks,medium_heavy_trucks_activity,medium_trucks|heavy_trucks,stocks_and_demands,Heavy Trucks|Energy Intensity (MJ/Tkm),Heavy Trucks,Energy Intensity (MJ/Tkm),2016,1.434943,MJ/Tkm,C:\Users\rashi\ESM_databases\canoe-transportation\inputs\cache\nrcan_ceud_transport\2021_tran_on_e_36.xls
nrcan_ceud_transport_provincial,ON,36,Medium Trucks|Heavy Trucks,medium_heavy_trucks_activity,medium_trucks|heavy_trucks,stocks_and_demands,Medium Truck Energy Use (PJ),Medium Truck Energy Use (PJ),Medium Truck Energy Use (PJ),2017,59.695085,PJ,C:\Users\rashi\ESM_databases\canoe-transportation\inputs\cache\nrcan_ceud_transport\2021_tran_on_e_36.xls
nrcan_ceud_transport_provincial,ON,36,Medium Trucks|Heavy Trucks,medium_heavy_trucks_activity,medium_trucks|heavy_trucks,stocks_and_demands,Medium Trucks|Energy Use by Energy Source (PJ)|Motor Gasoline,Medium Trucks,Energy Use by Energy Source (PJ)|Motor Gasoline,2017,33.367633,PJ,C:\Users\rashi\ESM_databases\canoe-transportation\inputs\cache\nrcan_ceud_transport\2021_tran_on_e_36.xls
nrcan_ceud_transport_provincial,ON,36,Medium Trucks|Heavy Trucks,medium_heavy_trucks_activity,medium_trucks|heavy_trucks,stocks_and_demands,Medium Trucks|Energy Use by Energy Source (PJ)|Diesel Fuel Oil,Medium Trucks,Energy Use by Energy Source (PJ)|Diesel Fuel Oil,2017,26.190605,PJ,C:\Users\rashi\ESM_databases\canoe-transportation\inputs\cache\nrcan_ceud_transport\2021_tran_on_e_36.xls
nrcan_ceud_transport_provincial,ON,36,Medium Trucks|Heavy Trucks,medium_heavy_trucks_activity,medium_trucks|heavy_trucks,stocks_and_demands,Medium Trucks|Activity|Tonne-kilometres (millions),Medium Trucks,Activity|Tonne-kilometres (millions),2017,9996.358662,millions,C:\Users\rashi\ESM_databases\canoe-transportation\inputs\cache\nrcan_ceud_transport\2021_tran_on_e_36.xls
nrcan_ceud_transport_provincial,ON,36,Medium Trucks|Heavy Trucks,medium_heavy_trucks_activity,medium_trucks|heavy_trucks,stocks_and_demands,Medium Trucks|Energy Intensity (MJ/Tkm),Medium Trucks,Energy Intensity (MJ/Tkm),2017,5.971683,MJ/Tkm,C:\Users\rashi\ESM_databases\canoe-transportation\inputs\cache\nrcan_ceud_transport\2021_tran_on_e_36.xls
nrcan_ceud_transport_provincial,ON,36,Medium Trucks|Heavy Trucks,medium_heavy_trucks_activity,medium_trucks|heavy_trucks,stocks_and_demands,Heavy Truck Energy Use1 (PJ),Heavy Truck Energy Use1 (PJ),Heavy Truck Energy Use1 (PJ),2017,143.68582,PJ,C:\Users\rashi\ESM_databases\canoe-transportation\inputs\cache\nrcan_ceud_transport\2021_tran_on_e_36.xls
nrcan_ceud_transport_provincial,ON,36,Medium Trucks|Heavy Trucks,medium_heavy_trucks_activity,medium_trucks|heavy_trucks,stocks_and_demands,Heavy Trucks|Activity|Tonne-kilometres (millions),Heavy Trucks,Activity|Tonne-kilometres (millions),2017,95303.646189,millions,C:\Users\rashi\ESM_databases\canoe-transportation\inputs\cache\nrcan_ceud_transport\2021_tran_on_e_36.xls
nrcan_ceud_transport_provincial,ON,36,Medium Trucks|Heavy Trucks,medium_heavy_trucks_activity,medium_trucks|heavy_trucks,stocks_and_demands,Heavy Trucks|Energy Intensity (MJ/Tkm),Heavy Trucks,Energy Intensity (MJ/Tkm),2017,1.507663,MJ/Tkm,C:\Users\rashi\ESM_databases\canoe-transportation\inputs\cache\nrcan_ceud_transport\2021_tran_on_e_36.xls
nrcan_ceud_transport_provincial,ON,36,Medium Trucks|Heavy Trucks,medium_heavy_trucks_activity,medium_trucks|heavy_trucks,stocks_and_demands,Medium Truck Energy Use (PJ),Medium Truck Energy Use (PJ),Medium Truck Energy Use (PJ),2018,63.648761,PJ,C:\Users\rashi\ESM_databases\canoe-transportation\inputs\cache\nrcan_ceud_transport\2021_tran_on_e_36.xls
nrcan_ceud_transport_provincial,ON,36,Medium Trucks|Heavy Trucks,medium_heavy_trucks_activity,medium_trucks|heavy_trucks,stocks_and_demands,Medium Trucks|Energy Use by Energy Source (PJ)|Motor Gasoline,Medium Trucks,Energy Use by Energy Source (PJ)|Motor Gasoline,2018,33.739985,PJ,C:\Users\rashi\ESM_databases\canoe-transportation\inputs\cache\nrcan_ceud_transport\2021_tran_on_e_36.xls
nrcan_ceud_transport_provincial,ON,36,Medium Trucks|Heavy Trucks,medium_heavy_trucks_activity,medium_trucks|heavy_trucks,stocks_and_demands,Medium Trucks|Energy Use by Energy Source (PJ)|Diesel Fuel Oil,Medium Trucks,Energy Use by Energy Source (PJ)|Diesel Fuel Oil,2018,29.785913,PJ,C:\Users\rashi\ESM_databases\canoe-transportation\inputs\cache\nrcan_ceud_transport\2021_tran_on_e_36.xls
nrcan_ceud_transport_provincial,ON,36,Medium Trucks|Heavy Trucks,medium_heavy_trucks_activity,medium_trucks|heavy_trucks,stocks_and_demands,Medium Trucks|Activity|Tonne-kilometres (millions),Medium Trucks,Activity|Tonne-kilometres (millions),2018,10805.505336,millions,C:\Users\rashi\ESM_databases\canoe-transportation\inputs\cache\nrcan_ceud_transport\2021_tran_on_e_36.xls
nrcan_ceud_transport_provincial,ON,36,Medium Trucks|Heavy Trucks,medium_heavy_trucks_activity,medium_trucks|heavy_trucks,stocks_and_demands,Medium Trucks|Energy Intensity (MJ/Tkm),Medium Trucks,Energy Intensity (MJ/Tkm),2018,5.890401,MJ/Tkm,C:\Users\rashi\ESM_databases\canoe-transportation\inputs\cache\nrcan_ceud_transport\2021_tran_on_e_36.xls
nrcan_ceud_transport_provincial,ON,36,Medium Trucks|Heavy Trucks,medium_heavy_trucks_activity,medium_trucks|heavy_trucks,stocks_and_demands,Heavy Truck Energy Use1 (PJ),Heavy Truck Energy Use1 (PJ),Heavy Truck Energy Use1 (PJ),2018,153.701394,PJ,C:\Users\rashi\ESM_databases\canoe-transportation\inputs\cache\nrcan_ceud_transport\2021_tran_on_e_36.xls
nrcan_ceud_transport_provincial,ON,36,Medium Trucks|Heavy Trucks,medium_heavy_trucks_activity,medium_trucks|heavy_trucks,stocks_and_demands,Heavy Trucks|Activity|Tonne-kilometres (millions),Heavy Trucks,Activity|Tonne-kilometres (millions),2018,88045.736763,millions,C:\Users\rashi\ESM_databases\canoe-transportation\inputs\cache\nrcan_ceud_transport\2021_tran_on_e_36.xls
nrcan_ceud_transport_provincial,ON,36,Medium Trucks|Heavy Trucks,medium_heavy_trucks_activity,medium_trucks|heavy_trucks,stocks_and_demands,Heavy Trucks|Energy Intensity (MJ/Tkm),Heavy Trucks,Energy Intensity (MJ/Tkm),2018,1.745699,MJ/Tkm,C:\Users\rashi\ESM_databases\canoe-transportation\inputs\cache\nrcan_ceud_transport\2021_tran_on_e_36.xls
nrcan_ceud_transport_provincial,ON,36,Medium Trucks|Heavy Trucks,medium_heavy_trucks_activity,medium_trucks|heavy_trucks,stocks_and_demands,Medium Truck Energy Use (PJ),Medium Truck Energy Use (PJ),Medium Truck Energy Use (PJ),2019,62.857477,PJ,C:\Users\rashi\ESM_databases\canoe-transportation\inputs\cache\nrcan_ceud_transport\2021_tran_on_e_36.xls
nrcan_ceud_transport_provincial,ON,36,Medium Trucks|Heavy Trucks,medium_heavy_trucks_activity,medium_trucks|heavy_trucks,stocks_and_demands,Medium Trucks|Energy Use by Energy Source (PJ)|Motor Gasoline,Medium Trucks,Energy Use by Energy Source (PJ)|Motor Gasoline,2019,34.565495,PJ,C:\Users\rashi\ESM_databases\canoe-transportation\inputs\cache\nrcan_ceud_transport\2021_tran_on_e_36.xls
nrcan_ceud_transport_provincial,ON,36,Medium Trucks|Heavy Trucks,medium_heavy_trucks_activity,medium_trucks|heavy_trucks,stocks_and_demands,Medium Trucks|Energy Use by Energy Source (PJ)|Diesel Fuel Oil,Medium Trucks,Energy Use by Energy Source (PJ)|Diesel Fuel Oil,2019,28.122057,PJ,C:\Users\rashi\ESM_databases\canoe-transportation\inputs\cache\nrcan_ceud_transport\2021_tran_on_e_36.xls
nrcan_ceud_transport_provincial,ON,36,Medium Trucks|Heavy Trucks,medium_heavy_trucks_activity,medium_trucks|heavy_trucks,stocks_and_demands,Medium Trucks|Activity|Tonne-kilometres (millions),Medium Trucks,Activity|Tonne-kilometres (millions),2019,10865.533859,millions,C:\Users\rashi\ESM_databases\canoe-transportation\inputs\cache\nrcan_ceud_transport\2021_tran_on_e_36.xls
nrcan_ceud_transport_provincial,ON,36,Medium Trucks|Heavy Trucks,medium_heavy_trucks_activity,medium_trucks|heavy_trucks,stocks_and_demands,Medium Trucks|Energy Intensity (MJ/Tkm),Medium Trucks,Energy Intensity (MJ/Tkm),2019,5.785033,MJ/Tkm,C:\Users\rashi\ESM_databases\canoe-transportation\inputs\cache\nrcan_ceud_transport\2021_tran_on_e_36.xls
nrcan_ceud_transport_provincial,ON,36,Medium Trucks|Heavy Trucks,medium_heavy_trucks_activity,medium_trucks|heavy_trucks,stocks_and_demands,Heavy Truck Energy Use1 (PJ),Heavy Truck Energy Use1 (PJ),Heavy Truck Energy Use1 (PJ),2019,152.363857,PJ,C:\Users\rashi\ESM_databases\canoe-transportation\inputs\cache\nrcan_ceud_transport\2021_tran_on_e_36.xls
nrcan_ceud_transport_provincial,ON,36,Medium Trucks|Heavy Trucks,medium_heavy_trucks_activity,medium_trucks|heavy_trucks,stocks_and_demands,Heavy Trucks|Activity|Tonne-kilometres (millions),Heavy Trucks,Activity|Tonne-kilometres (millions),2019,90977.726709,millions,C:\Users\rashi\ESM_databases\canoe-transportation\inputs\cache\nrcan_ceud_transport\2021_tran_on_e_36.xls
nrcan_ceud_transport_provincial,ON,36,Medium Trucks|Heavy Trucks,medium_heavy_trucks_activity,medium_trucks|heavy_trucks,stocks_and_demands,Heavy Trucks|Energy Intensity (MJ/Tkm),Heavy Trucks,Energy Intensity (MJ/Tkm),2019,1.674738,MJ/Tkm,C:\Users\rashi\ESM_databases\canoe-transportation\inputs\cache\nrcan_ceud_transport\2021_tran_on_e_36.xls
nrcan_ceud_transport_provincial,ON,36,Medium Trucks|Heavy Trucks,medium_heavy_trucks_activity,medium_trucks|heavy_trucks,stocks_and_demands,Medium Truck Energy Use (PJ),Medium Truck Energy Use (PJ),Medium Truck Energy Use (PJ),2020,51.965636,PJ,C:\Users\rashi\ESM_databases\canoe-transportation\inputs\cache\nrcan_ceud_transport\2021_tran_on_e_36.xls
nrcan_ceud_transport_provincial,ON,36,Medium Trucks|Heavy Trucks,medium_heavy_trucks_activity,medium_trucks|heavy_trucks,stocks_and_demands,Medium Trucks|Energy Use by Energy Source (PJ)|Motor Gasoline,Medium Trucks,Energy Use by Energy Source (PJ)|Motor Gasoline,2020,25.172776,PJ,C:\Users\rashi\ESM_databases\canoe-transportation\inputs\cache\nrcan_ceud_transport\2021_tran_on_e_36.xls
nrcan_ceud_transport_provincial,ON,36,Medium Trucks|Heavy Trucks,medium_heavy_trucks_activity,medium_trucks|heavy_trucks,stocks_and_demands,Medium Trucks|Energy Use by Energy Source (PJ)|Diesel Fuel Oil,Medium Trucks,Energy Use by Energy Source (PJ)|Diesel Fuel Oil,2020,26.651478,PJ,C:\Users\rashi\ESM_databases\canoe-transportation\inputs\cache\nrcan_ceud_transport\2021_tran_on_e_36.xls
nrcan_ceud_transport_provincial,ON,36,Medium Trucks|Heavy Trucks,medium_heavy_trucks_activity,medium_trucks|heavy_trucks,stocks_and_demands,Medium Trucks|Activity|Tonne-kilometres (millions),Medium Trucks,Activity|Tonne-kilometres (millions),2020,9293.422308,millions,C:\Users\rashi\ESM_databases\canoe-transportation\inputs\cache\nrcan_ceud_transport\2021_tran_on_e_36.xls
nrcan_ceud_transport_provincial,ON,36,Medium Trucks|Heavy Trucks,medium_heavy_trucks_activity,medium_trucks|heavy_trucks,stocks_and_demands,Medium Trucks|Energy Intensity (MJ/Tkm),Medium Trucks,Energy Intensity (MJ/Tkm),2020,5.591658,MJ/Tkm,C:\Users\rashi\ESM_databases\canoe-transportation\inputs\cache\nrcan_ceud_transport\2021_tran_on_e_36.xls
nrcan_ceud_transport_provincial,ON,36,Medium Trucks|Heavy Trucks,medium_heavy_trucks_activity,medium_trucks|heavy_trucks,stocks_and_demands,Heavy Truck Energy Use1 (PJ),Heavy Truck Energy Use1 (PJ),Heavy Truck Energy Use1 (PJ),2020,135.566916,PJ,C:\Users\rashi\ESM_databases\canoe-transportation\inputs\cache\nrcan_ceud_transport\2021_tran_on_e_36.xls
nrcan_ceud_transport_provincial,ON,36,Medium Trucks|Heavy Trucks,medium_heavy_trucks_activity,medium_trucks|heavy_trucks,stocks_and_demands,Heavy Trucks|Activity|Tonne-kilometres (millions),Heavy Trucks,Activity|Tonne-kilometres (millions),2020,81995.758437,millions,C:\Users\rashi\ESM_databases\canoe-transportation\inputs\cache\nrcan_ceud_transport\2021_tran_on_e_36.xls
nrcan_ceud_transport_provincial,ON,36,Medium Trucks|Heavy Trucks,medium_heavy_trucks_activity,medium_trucks|heavy_trucks,stocks_and_demands,Heavy Trucks|Energy Intensity (MJ/Tkm),Heavy Trucks,Energy Intensity (MJ/Tkm),2020,1.653341,MJ/Tkm,C:\Users\rashi\ESM_databases\canoe-transportation\inputs\cache\nrcan_ceud_transport\2021_tran_on_e_36.xls
nrcan_ceud_transport_provincial,ON,36,Medium Trucks|Heavy Trucks,medium_heavy_trucks_activity,medium_trucks|heavy_trucks,stocks_and_demands,Medium Truck Energy Use (PJ),Medium Truck Energy Use (PJ),Medium Truck Energy Use (PJ),2021,56.134754,PJ,C:\Users\rashi\ESM_databases\canoe-transportation\inputs\cache\nrcan_ceud_transport\2021_tran_on_e_36.xls
nrcan_ceud_transport_provincial,ON,36,Medium Trucks|Heavy Trucks,medium_heavy_trucks_activity,medium_trucks|heavy_trucks,stocks_and_demands,Medium Trucks|Energy Use by Energy Source (PJ)|Motor Gasoline,Medium Trucks,Energy Use by Energy Source (PJ)|Motor Gasoline,2021,27.547359,PJ,C:\Users\rashi\ESM_databases\canoe-transportation\inputs\cache\nrcan_ceud_transport\2021_tran_on_e_36.xls
nrcan_ceud_transport_provincial,ON,36,Medium Trucks|Heavy Trucks,medium_heavy_trucks_activity,medium_trucks|heavy_trucks,stocks_and_demands,Medium Trucks|Energy Use by Energy Source (PJ)|Diesel Fuel Oil,Medium Trucks,Energy Use by Energy Source (PJ)|Diesel Fuel Oil,2021,28.429193,PJ,C:\Users\rashi\ESM_databases\canoe-transportation\inputs\cache\nrcan_ceud_transport\2021_tran_on_e_36.xls
nrcan_ceud_transport_provincial,ON,36,Medium Trucks|Heavy Trucks,medium_heavy_trucks_activity,medium_trucks|heavy_trucks,stocks_and_demands,Medium Trucks|Activity|Tonne-kilometres (millions),Medium Trucks,Activity|Tonne-kilometres (millions),2021,10220.497416,millions,C:\Users\rashi\ESM_databases\canoe-transportation\inputs\cache\nrcan_ceud_transport\2021_tran_on_e_36.xls
nrcan_ceud_transport_provincial,ON,36,Medium Trucks|Heavy Trucks,medium_heavy_trucks_activity,medium_trucks|heavy_trucks,stocks_and_demands,Medium Trucks|Energy Intensity (MJ/Tkm),Medium Trucks,Energy Intensity (MJ/Tkm),2021,5.49237,MJ/Tkm,C:\Users\rashi\ESM_databases\canoe-transportation\inputs\cache\nrcan_ceud_transport\2021_tran_on_e_36.xls
nrcan_ceud_transport_provincial,ON,36,Medium Trucks|Heavy Trucks,medium_heavy_trucks_activity,medium_trucks|heavy_trucks,stocks_and_demands,Heavy Truck Energy Use1 (PJ),Heavy Truck Energy Use1 (PJ),Heavy Truck Energy Use1 (PJ),2021,154.774636,PJ,C:\Users\rashi\ESM_databases\canoe-transportation\inputs\cache\nrcan_ceud_transport\2021_tran_on_e_36.xls
nrcan_ceud_transport_provincial,ON,36,Medium Trucks|Heavy Trucks,medium_heavy_trucks_activity,medium_trucks|heavy_trucks,stocks_and_demands,Heavy Trucks|Activity|Tonne-kilometres (millions),Heavy Trucks,Activity|Tonne-kilometres (millions),2021,91973.421832,millions,C:\Users\rashi\ESM_databases\canoe-transportation\inputs\cache\nrcan_ceud_transport\2021_tran_on_e_36.xls
nrcan_ceud_transport_provincial,ON,36,Medium Trucks|Heavy Trucks,medium_heavy_trucks_activity,medium_trucks|heavy_trucks,stocks_and_demands,Heavy Trucks|Energy Intensity (MJ/Tkm),Heavy Trucks,Energy Intensity (MJ/Tkm),2021,1.682819,MJ/Tkm,C:\Users\rashi\ESM_databases\canoe-transportation\inputs\cache\nrcan_ceud_transport\2021_tran_on_e_36.xls
nrcan_ceud_transport_provincial,ON,37,Truck Explanatory,truck_fleet,passenger_light_trucks|freight_light_trucks|medium_trucks|heavy_trucks,stocks_and_demands|on_road_effs_and_costs,Sales (thousands)|Passenger Light Trucks,Sales (thousands),Passenger Light Trucks,2000,207.275,thousands,C:\Users\rashi\ESM_databases\canoe-transportation\inputs\cache\nrcan_ceud_transport\2021_tran_on_e_37.xls
nrcan_ceud_transport_provincial,ON,37,Truck Explanatory,truck_fleet,passenger_light_trucks|freight_light_trucks|medium_trucks|heavy_trucks,stocks_and_demands|on_road_effs_and_costs,Sales (thousands)|Freight Light Trucks,Sales (thousands),Freight Light Trucks,2000,58.768,thousands,C:\Users\rashi\ESM_databases\canoe-transportation\inputs\cache\nrcan_ceud_transport\2021_tran_on_e_37.xls
nrcan_ceud_transport_provincial,ON,37,Truck Explanatory,truck_fleet,passenger_light_trucks|freight_light_trucks|medium_trucks|heavy_trucks,stocks_and_demands|on_road_effs_and_costs,Sales (thousands)|Medium Trucks,Sales (thousands),Medium Trucks,2000,23.595,thousands,C:\Users\rashi\ESM_databases\canoe-transportation\inputs\cache\nrcan_ceud_transport\2021_tran_on_e_37.xls
nrcan_ceud_transport_provincial,ON,37,Truck Explanatory,truck_fleet,passenger_light_trucks|freight_light_trucks|medium_trucks|heavy_trucks,stocks_and_demands|on_road_effs_and_costs,Sales (thousands)|Heavy Trucks,Sales (thousands),Heavy Trucks,2000,11.301,thousands,C:\Users\rashi\ESM_databases\canoe-transportation\inputs\cache\nrcan_ceud_transport\2021_tran_on_e_37.xls
nrcan_ceud_transport_provincial,ON,37,Truck Explanatory,truck_fleet,passenger_light_trucks|freight_light_trucks|medium_trucks|heavy_trucks,stocks_and_demands|on_road_effs_and_costs,Stock (thousands)|Passenger Light Trucks,Stock (thousands),Passenger Light Trucks,2000,1642.666,thousands,C:\Users\rashi\ESM_databases\canoe-transportation\inputs\cache\nrcan_ceud_transport\2021_tran_on_e_37.xls
nrcan_ceud_transport_provincial,ON,37,Truck Explanatory,truck_fleet,passenger_light_trucks|freight_light_trucks|medium_trucks|heavy_trucks,stocks_and_demands|on_road_effs_and_costs,Stock (thousands)|Freight Light Trucks,Stock (thousands),Freight Light Trucks,2000,465.744,thousands,C:\Users\rashi\ESM_databases\canoe-transportation\inputs\cache\nrcan_ceud_transport\2021_tran_on_e_37.xls
nrcan_ceud_transport_provincial,ON,37,Truck Explanatory,truck_fleet,passenger_light_trucks|freight_light_trucks|medium_trucks|heavy_trucks,stocks_and_demands|on_road_effs_and_costs,Stock (thousands)|Medium Trucks,Stock (thousands),Medium Trucks,2000,203.289,thousands,C:\Users\rashi\ESM_databases\canoe-transportation\inputs\cache\nrcan_ceud_transport\2021_tran_on_e_37.xls
nrcan_ceud_transport_provincial,ON,37,Truck Explanatory,truck_fleet,passenger_light_trucks|freight_light_trucks|medium_trucks|heavy_trucks,stocks_and_demands|on_road_effs_and_costs,Stock (thousands)|Heavy Trucks,Stock (thousands),Heavy Trucks,2000,98.753,thousands,C:\Users\rashi\ESM_databases\canoe-transportation\inputs\cache\nrcan_ceud_transport\2021_tran_on_e_37.xls
nrcan_ceud_transport_provincial,ON,37,Truck Explanatory,truck_fleet,passenger_light_trucks|freight_light_trucks|medium_trucks|heavy_trucks,stocks_and_demands|on_road_effs_and_costs,Average Distance Travelled per Year (km)|Passenger Light Trucks,Average Distance Travelled per Year (km),Passenger Light Trucks,2000,20280.312278,km,C:\Users\rashi\ESM_databases\canoe-transportation\inputs\cache\nrcan_ceud_transport\2021_tran_on_e_37.xls
nrcan_ceud_transport_provincial,ON,37,Truck Explanatory,truck_fleet,passenger_light_trucks|freight_light_trucks|medium_trucks|heavy_trucks,stocks_and_demands|on_road_effs_and_costs,Average Distance Travelled per Year (km)|Freight Light Trucks,Average Distance Travelled per Year (km),Freight Light Trucks,2000,23886.135855,km,C:\Users\rashi\ESM_databases\canoe-transportation\inputs\cache\nrcan_ceud_transport\2021_tran_on_e_37.xls
nrcan_ceud_transport_provincial,ON,37,Truck Explanatory,truck_fleet,passenger_light_trucks|freight_light_trucks|medium_trucks|heavy_trucks,stocks_and_demands|on_road_effs_and_costs,Average Distance Travelled per Year (km)|Medium Trucks,Average Distance Travelled per Year (km),Medium Trucks,2000,30342.448344,km,C:\Users\rashi\ESM_databases\canoe-transportation\inputs\cache\nrcan_ceud_transport\2021_tran_on_e_37.xls
nrcan_ceud_transport_provincial,ON,37,Truck Explanatory,truck_fleet,passenger_light_trucks|freight_light_trucks|medium_trucks|heavy_trucks,stocks_and_demands|on_road_effs_and_costs,Average Distance Travelled per Year (km)|Heavy Trucks,Average Distance Travelled per Year (km),Heavy Trucks,2000,99931.110235,km,C:\Users\rashi\ESM_databases\canoe-transportation\inputs\cache\nrcan_ceud_transport\2021_tran_on_e_37.xls
nrcan_ceud_transport_provincial,ON,37,Truck Explanatory,truck_fleet,passenger_light_trucks|freight_light_trucks|medium_trucks|heavy_trucks,stocks_and_demands|on_road_effs_and_costs,Passenger Light Truck On-Road Average Fuel Consumption (L/100 km)|Motor Gasoline,Passenger Light Truck On-Road Average Fuel Consumption (L/100 km),Motor Gasoline,2000,11.284625,L/100 km,C:\Users\rashi\ESM_databases\canoe-transportation\inputs\cache\nrcan_ceud_transport\2021_tran_on_e_37.xls
nrcan_ceud_transport_provincial,ON,37,Truck Explanatory,truck_fleet,passenger_light_trucks|freight_light_trucks|medium_trucks|heavy_trucks,stocks_and_demands|on_road_effs_and_costs,Passenger Light Truck On-Road Average Fuel Consumption (L/100 km)|Diesel Fuel Oil,Passenger Light Truck On-Road Average Fuel Consumption (L/100 km),Diesel Fuel Oil,2000,11.074307,L/100 km,C:\Users\rashi\ESM_databases\canoe-transportation\inputs\cache\nrcan_ceud_transport\2021_tran_on_e_37.xls
nrcan_ceud_transport_provincial,ON,37,Truck Explanatory,truck_fleet,passenger_light_trucks|freight_light_trucks|medium_trucks|heavy_trucks,stocks_and_demands|on_road_effs_and_costs,Freight Light Truck On-Road Average Fuel Consumption (L/100 km)|Motor Gasoline,Freight Light Truck On-Road Average Fuel Consumption (L/100 km),Motor Gasoline,2000,11.373111,L/100 km,C:\Users\rashi\ESM_databases\canoe-transportation\inputs\cache\nrcan_ceud_transport\2021_tran_on_e_37.xls
nrcan_ceud_transport_provincial,ON,37,Truck Explanatory,truck_fleet,passenger_light_trucks|freight_light_trucks|medium_trucks|heavy_trucks,stocks_and_demands|on_road_effs_and_costs,Freight Light Truck On-Road Average Fuel Consumption (L/100 km)|Diesel Fuel Oil,Freight Light Truck On-Road Average Fuel Consumption (L/100 km),Diesel Fuel Oil,2000,11.075118,L/100 km,C:\Users\rashi\ESM_databases\canoe-transportation\inputs\cache\nrcan_ceud_transport\2021_tran_on_e_37.xls
nrcan_ceud_transport_provincial,ON,37,Truck Explanatory,truck_fleet,passenger_light_trucks|freight_light_trucks|medium_trucks|heavy_trucks,stocks_and_demands|on_road_effs_and_costs,Medium Truck On-Road Average Fuel Consumption (L/100 km)|Motor Gasoline,Medium Truck On-Road Average Fuel Consumption (L/100 km),Motor Gasoline,2000,25.59,L/100 km,C:\Users\rashi\ESM_databases\canoe-transportation\inputs\cache\nrcan_ceud_transport\2021_tran_on_e_37.xls
nrcan_ceud_transport_provincial,ON,37,Truck Explanatory,truck_fleet,passenger_light_trucks|freight_light_trucks|medium_trucks|heavy_trucks,stocks_and_demands|on_road_effs_and_costs,Medium Truck On-Road Average Fuel Consumption (L/100 km)|Diesel Fuel Oil,Medium Truck On-Road Average Fuel Consumption (L/100 km),Diesel Fuel Oil,2000,26.29,L/100 km,C:\Users\rashi\ESM_databases\canoe-transportation\inputs\cache\nrcan_ceud_transport\2021_tran_on_e_37.xls
nrcan_ceud_transport_provincial,ON,37,Truck Explanatory,truck_fleet,passenger_light_trucks|freight_light_trucks|medium_trucks|heavy_trucks,stocks_and_demands|on_road_effs_and_costs,Heavy Truck On-Road Average Fuel Consumption (L/100 km)|Diesel Fuel Oil,Heavy Truck On-Road Average Fuel Consumption (L/100 km),Diesel Fuel Oil,2000,37.3,L/100 km,C:\Users\rashi\ESM_databases\canoe-transportation\inputs\cache\nrcan_ceud_transport\2021_tran_on_e_37.xls
nrcan_ceud_transport_provincial,ON,37,Truck Explanatory,truck_fleet,passenger_light_trucks|freight_light_trucks|medium_trucks|heavy_trucks,stocks_and_demands|on_road_effs_and_costs,Sales (thousands)|Passenger Light Trucks,Sales (thousands),Passenger Light Trucks,2001,203.662,thousands,C:\Users\rashi\ESM_databases\canoe-transportation\inputs\cache\nrcan_ceud_transport\2021_tran_on_e_37.xls
nrcan_ceud_transport_provincial,ON,37,Truck Explanatory,truck_fleet,passenger_light_trucks|freight_light_trucks|medium_trucks|heavy_trucks,stocks_and_demands|on_road_effs_and_costs,Sales (thousands)|Freight Light Trucks,Sales (thousands),Freight Light Trucks,2001,57.412,thousands,C:\Users\rashi\ESM_databases\canoe-transportation\inputs\cache\nrcan_ceud_transport\2021_tran_on_e_37.xls
nrcan_ceud_transport_provincial,ON,37,Truck Explanatory,truck_fleet,passenger_light_trucks|freight_light_trucks|medium_trucks|heavy_trucks,stocks_and_demands|on_road_effs_and_costs,Sales (thousands)|Medium Trucks,Sales (thousands),Medium Trucks,2001,22.551,thousands,C:\Users\rashi\ESM_databases\canoe-transportation\inputs\cache\nrcan_ceud_transport\2021_tran_on_e_37.xls
nrcan_ceud_transport_provincial,ON,37,Truck Explanatory,truck_fleet,passenger_light_trucks|freight_light_trucks|medium_trucks|heavy_trucks,stocks_and_demands|on_road_effs_and_costs,Sales (thousands)|Heavy Trucks,Sales (thousands),Heavy Trucks,2001,7.97,thousands,C:\Users\rashi\ESM_databases\canoe-transportation\inputs\cache\nrcan_ceud_transport\2021_tran_on_e_37.xls
nrcan_ceud_transport_provincial,ON,37,Truck Explanatory,truck_fleet,passenger_light_trucks|freight_light_trucks|medium_trucks|heavy_trucks,stocks_and_demands|on_road_effs_and_costs,Stock (thousands)|Passenger Light Trucks,Stock (thousands),Passenger Light Trucks,2001,1742.415,thousands,C:\Users\rashi\ESM_databases\canoe-transportation\inputs\cache\nrcan_ceud_transport\2021_tran_on_e_37.xls
nrcan_ceud_transport_provincial,ON,37,Truck Explanatory,truck_fleet,passenger_light_trucks|freight_light_trucks|medium_trucks|heavy_trucks,stocks_and_demands|on_road_effs_and_costs,Stock (thousands)|Freight Light Trucks,Stock (thousands),Freight Light Trucks,2001,491.182,thousands,C:\Users\rashi\ESM_databases\canoe-transportation\inputs\cache\nrcan_ceud_transport\2021_tran_on_e_37.xls
nrcan_ceud_transport_provincial,ON,37,Truck Explanatory,truck_fleet,passenger_light_trucks|freight_light_trucks|medium_trucks|heavy_trucks,stocks_and_demands|on_road_effs_and_costs,Stock (thousands)|Medium Trucks,Stock (thousands),Medium Trucks,2001,208.058,thousands,C:\Users\rashi\ESM_databases\canoe-transportation\inputs\cache\nrcan_ceud_transport\2021_tran_on_e_37.xls
nrcan_ceud_transport_provincial,ON,37,Truck Explanatory,truck_fleet,passenger_light_trucks|freight_light_trucks|medium_trucks|heavy_trucks,stocks_and_demands|on_road_effs_and_costs,Stock (thousands)|Heavy Trucks,Stock (thousands),Heavy Trucks,2001,101.898,thousands,C:\Users\rashi\ESM_databases\canoe-transportation\inputs\cache\nrcan_ceud_transport\2021_tran_on_e_37.xls
nrcan_ceud_transport_provincial,ON,37,Truck Explanatory,truck_fleet,passenger_light_trucks|freight_light_trucks|medium_trucks|heavy_trucks,stocks_and_demands|on_road_effs_and_costs,Average Distance Travelled per Year (km)|Passenger Light Trucks,Average Distance Travelled per Year (km),Passenger Light Trucks,2001,19548.100362,km,C:\Users\rashi\ESM_databases\canoe-transportation\inputs\cache\nrcan_ceud_transport\2021_tran_on_e_37.xls
nrcan_ceud_transport_provincial,ON,37,Truck Explanatory,truck_fleet,passenger_light_trucks|freight_light_trucks|medium_trucks|heavy_trucks,stocks_and_demands|on_road_effs_and_costs,Average Distance Travelled per Year (km)|Freight Light Trucks,Average Distance Travelled per Year (km),Freight Light Trucks,2001,23225.092855,km,C:\Users\rashi\ESM_databases\canoe-transportation\inputs\cache\nrcan_ceud_transport\2021_tran_on_e_37.xls
nrcan_ceud_transport_provincial,ON,37,Truck Explanatory,truck_fleet,passenger_light_trucks|freight_light_trucks|medium_trucks|heavy_trucks,stocks_and_demands|on_road_effs_and_costs,Average Distance Travelled per Year (km)|Medium Trucks,Average Distance Travelled per Year (km),Medium Trucks,2001,32373.93768,km,C:\Users\rashi\ESM_databases\canoe-transportation\inputs\cache\nrcan_ceud_transport\2021_tran_on_e_37.xls
nrcan_ceud_transport_provincial,ON,37,Truck Explanatory,truck_fleet,passenger_light_trucks|freight_light_trucks|medium_trucks|heavy_trucks,stocks_and_demands|on_road_effs_and_costs,Average Distance Travelled per Year (km)|Heavy Trucks,Average Distance Travelled per Year (km),Heavy Trucks,2001,90983.453111,km,C:\Users\rashi\ESM_databases\canoe-transportation\inputs\cache\nrcan_ceud_transport\2021_tran_on_e_37.xls
nrcan_ceud_transport_provincial,ON,37,Truck Explanatory,truck_fleet,passenger_light_trucks|freight_light_trucks|medium_trucks|heavy_trucks,stocks_and_demands|on_road_effs_and_costs,Passenger Light Truck On-Road Average Fuel Consumption (L/100 km)|Motor Gasoline,Passenger Light Truck On-Road Average Fuel Consumption (L/100 km),Motor Gasoline,2001,11.109552,L/100 km,C:\Users\rashi\ESM_databases\canoe-transportation\inputs\cache\nrcan_ceud_transport\2021_tran_on_e_37.xls
nrcan_ceud_transport_provincial,ON,37,Truck Explanatory,truck_fleet,passenger_light_trucks|freight_light_trucks|medium_trucks|heavy_trucks,stocks_and_demands|on_road_effs_and_costs,Passenger Light Truck On-Road Average Fuel Consumption (L/100 km)|Diesel Fuel Oil,Passenger Light Truck On-Road Average Fuel Consumption (L/100 km),Diesel Fuel Oil,2001,11.133014,L/100 km,C:\Users\rashi\ESM_databases\canoe-transportation\inputs\cache\nrcan_ceud_transport\2021_tran_on_e_37.xls
nrcan_ceud_transport_provincial,ON,37,Truck Explanatory,truck_fleet,passenger_light_trucks|freight_light_trucks|medium_trucks|heavy_trucks,stocks_and_demands|on_road_effs_and_costs,Freight Light Truck On-Road Average Fuel Consumption (L/100 km)|Motor Gasoline,Freight Light Truck On-Road Average Fuel Consumption (L/100 km),Motor Gasoline,2001,11.20052,L/100 km,C:\Users\rashi\ESM_databases\canoe-transportation\inputs\cache\nrcan_ceud_transport\2021_tran_on_e_37.xls
nrcan_ceud_transport_provincial,ON,37,Truck Explanatory,truck_fleet,passenger_light_trucks|freight_light_trucks|medium_trucks|heavy_trucks,stocks_and_demands|on_road_effs_and_costs,Freight Light Truck On-Road Average Fuel Consumption (L/100 km)|Diesel Fuel Oil,Freight Light Truck On-Road Average Fuel Consumption (L/100 km),Diesel Fuel Oil,2001,11.139199,L/100 km,C:\Users\rashi\ESM_databases\canoe-transportation\inputs\cache\nrcan_ceud_transport\2021_tran_on_e_37.xls
nrcan_ceud_transport_provincial,ON,37,Truck Explanatory,truck_fleet,passenger_light_trucks|freight_light_trucks|medium_trucks|heavy_trucks,stocks_and_demands|on_road_effs_and_costs,Medium Truck On-Road Average Fuel Consumption (L/100 km)|Motor Gasoline,Medium Truck On-Road Average Fuel Consumption (L/100 km),Motor Gasoline,2001,25.75,L/100 km,C:\Users\rashi\ESM_databases\canoe-transportation\inputs\cache\nrcan_ceud_transport\2021_tran_on_e_37.xls
nrcan_ceud_transport_provincial,ON,37,Truck Explanatory,truck_fleet,passenger_light_trucks|freight_light_trucks|medium_trucks|heavy_trucks,stocks_and_demands|on_road_effs_and_costs,Medium Truck On-Road Average Fuel Consumption (L/100 km)|Diesel Fuel Oil,Medium Truck On-Road Average Fuel Consumption (L/100 km),Diesel Fuel Oil,2001,26.24,L/100 km,C:\Users\rashi\ESM_databases\canoe-transportation\inputs\cache\nrcan_ceud_transport\2021_tran_on_e_37.xls
nrcan_ceud_transport_provincial,ON,37,Truck Explanatory,truck_fleet,passenger_light_trucks|freight_light_trucks|medium_trucks|heavy_trucks,stocks_and_demands|on_road_effs_and_costs,Heavy Truck On-Road Average Fuel Consumption (L/100 km)|Diesel Fuel Oil,Heavy Truck On-Road Average Fuel Consumption (L/100 km),Diesel Fuel Oil,2001,36.67,L/100 km,C:\Users\rashi\ESM_databases\canoe-transportation\inputs\cache\nrcan_ceud_transport\2021_tran_on_e_37.xls
nrcan_ceud_transport_provincial,ON,37,Truck Explanatory,truck_fleet,passenger_light_trucks|freight_light_trucks|medium_trucks|heavy_trucks,stocks_and_demands|on_road_effs_and_costs,Sales (thousands)|Passenger Light Trucks,Sales (thousands),Passenger Light Trucks,2002,220.07,thousands,C:\Users\rashi\ESM_databases\canoe-transportation\inputs\cache\nrcan_ceud_transport\2021_tran_on_e_37.xls
nrcan_ceud_transport_provincial,ON,37,Truck Explanatory,truck_fleet,passenger_light_trucks|freight_light_trucks|medium_trucks|heavy_trucks,stocks_and_demands|on_road_effs_and_costs,Sales (thousands)|Freight Light Trucks,Sales (thousands),Freight Light Trucks,2002,61.799,thousands,C:\Users\rashi\ESM_databases\canoe-transportation\inputs\cache\nrcan_ceud_transport\2021_tran_on_e_37.xls
nrcan_ceud_transport_provincial,ON,37,Truck Explanatory,truck_fleet,passenger_light_trucks|freight_light_trucks|medium_trucks|heavy_trucks,stocks_and_demands|on_road_effs_and_costs,Sales (thousands)|Medium Trucks,Sales (thousands),Medium Trucks,2002,23.609,thousands,C:\Users\rashi\ESM_databases\canoe-transportation\inputs\cache\nrcan_ceud_transport\2021_tran_on_e_37.xls
nrcan_ceud_transport_provincial,ON,37,Truck Explanatory,truck_fleet,passenger_light_trucks|freight_light_trucks|medium_trucks|heavy_trucks,stocks_and_demands|on_road_effs_and_costs,Sales (thousands)|Heavy Trucks,Sales (thousands),Heavy Trucks,2002,9.635,thousands,C:\Users\rashi\ESM_databases\canoe-transportation\inputs\cache\nrcan_ceud_transport\2021_tran_on_e_37.xls
nrcan_ceud_transport_provincial,ON,37,Truck Explanatory,truck_fleet,passenger_light_trucks|freight_light_trucks|medium_trucks|heavy_trucks,stocks_and_demands|on_road_effs_and_costs,Stock (thousands)|Passenger Light Trucks,Stock (thousands),Passenger Light Trucks,2002,1786.546,thousands,C:\Users\rashi\ESM_databases\canoe-transportation\inputs\cache\nrcan_ceud_transport\2021_tran_on_e_37.xls
nrcan_ceud_transport_provincial,ON,37,Truck Explanatory,truck_fleet,passenger_light_trucks|freight_light_trucks|medium_trucks|heavy_trucks,stocks_and_demands|on_road_effs_and_costs,Stock (thousands)|Freight Light Trucks,Stock (thousands),Freight Light Trucks,2002,501.69,thousands,C:\Users\rashi\ESM_databases\canoe-transportation\inputs\cache\nrcan_ceud_transport\2021_tran_on_e_37.xls
nrcan_ceud_transport_provincial,ON,37,Truck Explanatory,truck_fleet,passenger_light_trucks|freight_light_trucks|medium_trucks|heavy_trucks,stocks_and_demands|on_road_effs_and_costs,Stock (thousands)|Medium Trucks,Stock (thousands),Medium Trucks,2002,213.446,thousands,C:\Users\rashi\ESM_databases\canoe-transportation\inputs\cache\nrcan_ceud_transport\2021_tran_on_e_37.xls
nrcan_ceud_transport_provincial,ON,37,Truck Explanatory,truck_fleet,passenger_light_trucks|freight_light_trucks|medium_trucks|heavy_trucks,stocks_and_demands|on_road_effs_and_costs,Stock (thousands)|Heavy Trucks,Stock (thousands),Heavy Trucks,2002,104.539,thousands,C:\Users\rashi\ESM_databases\canoe-transportation\inputs\cache\nrcan_ceud_transport\2021_tran_on_e_37.xls
nrcan_ceud_transport_provincial,ON,37,Truck Explanatory,truck_fleet,passenger_light_trucks|freight_light_trucks|medium_trucks|heavy_trucks,stocks_and_demands|on_road_effs_and_costs,Average Distance Travelled per Year (km)|Passenger Light Trucks,Average Distance Travelled per Year (km),Passenger Light Trucks,2002,20409.800646,km,C:\Users\rashi\ESM_databases\canoe-transportation\inputs\cache\nrcan_ceud_transport\2021_tran_on_e_37.xls
nrcan_ceud_transport_provincial,ON,37,Truck Explanatory,truck_fleet,passenger_light_trucks|freight_light_trucks|medium_trucks|heavy_trucks,stocks_and_demands|on_road_effs_and_costs,Average Distance Travelled per Year (km)|Freight Light Trucks,Average Distance Travelled per Year (km),Freight Light Trucks,2002,23862.19834,km,C:\Users\rashi\ESM_databases\canoe-transportation\inputs\cache\nrcan_ceud_transport\2021_tran_on_e_37.xls
nrcan_ceud_transport_provincial,ON,37,Truck Explanatory,truck_fleet,passenger_light_trucks|freight_light_trucks|medium_trucks|heavy_trucks,stocks_and_demands|on_road_effs_and_costs,Average Distance Travelled per Year (km)|Medium Trucks,Average Distance Travelled per Year (km),Medium Trucks,2002,30122.7446,km,C:\Users\rashi\ESM_databases\canoe-transportation\inputs\cache\nrcan_ceud_transport\2021_tran_on_e_37.xls
nrcan_ceud_transport_provincial,ON,37,Truck Explanatory,truck_fleet,passenger_light_trucks|freight_light_trucks|medium_trucks|heavy_trucks,stocks_and_demands|on_road_effs_and_costs,Average Distance Travelled per Year (km)|Heavy Trucks,Average Distance Travelled per Year (km),Heavy Trucks,2002,89312.354439,km,C:\Users\rashi\ESM_databases\canoe-transportation\inputs\cache\nrcan_ceud_transport\2021_tran_on_e_37.xls
nrcan_ceud_transport_provincial,ON,37,Truck Explanatory,truck_fleet,passenger_light_trucks|freight_light_trucks|medium_trucks|heavy_trucks,stocks_and_demands|on_road_effs_and_costs,Passenger Light Truck On-Road Average Fuel Consumption (L/100 km)|Motor Gasoline,Passenger Light Truck On-Road Average Fuel Consumption (L/100 km),Motor Gasoline,2002,11.061535,L/100 km,C:\Users\rashi\ESM_databases\canoe-transportation\inputs\cache\nrcan_ceud_transport\2021_tran_on_e_37.xls
nrcan_ceud_transport_provincial,ON,37,Truck Explanatory,truck_fleet,passenger_light_trucks|freight_light_trucks|medium_trucks|heavy_trucks,stocks_and_demands|on_road_effs_and_costs,Passenger Light Truck On-Road Average Fuel Consumption (L/100 km)|Diesel Fuel Oil,Passenger Light Truck On-Road Average Fuel Consumption (L/100 km),Diesel Fuel Oil,2002,11.216759,L/100 km,C:\Users\rashi\ESM_databases\canoe-transportation\inputs\cache\nrcan_ceud_transport\2021_tran_on_e_37.xls
nrcan_ceud_transport_provincial,ON,37,Truck Explanatory,truck_fleet,passenger_light_trucks|freight_light_trucks|medium_trucks|heavy_trucks,stocks_and_demands|on_road_effs_and_costs,Freight Light Truck On-Road Average Fuel Consumption (L/100 km)|Motor Gasoline,Freight Light Truck On-Road Average Fuel Consumption (L/100 km),Motor Gasoline,2002,11.156221,L/100 km,C:\Users\rashi\ESM_databases\canoe-transportation\inputs\cache\nrcan_ceud_transport\2021_tran_on_e_37.xls
nrcan_ceud_transport_provincial,ON,37,Truck Explanatory,truck_fleet,passenger_light_trucks|freight_light_trucks|medium_trucks|heavy_trucks,stocks_and_demands|on_road_effs_and_costs,Freight Light Truck On-Road Average Fuel Consumption (L/100 km)|Diesel Fuel Oil,Freight Light Truck On-Road Average Fuel Consumption (L/100 km),Diesel Fuel Oil,2002,11.229827,L/100 km,C:\Users\rashi\ESM_databases\canoe-transportation\inputs\cache\nrcan_ceud_transport\2021_tran_on_e_37.xls
nrcan_ceud_transport_provincial,ON,37,Truck Explanatory,truck_fleet,passenger_light_trucks|freight_light_trucks|medium_trucks|heavy_trucks,stocks_and_demands|on_road_effs_and_costs,Medium Truck On-Road Average Fuel Consumption (L/100 km)|Motor Gasoline,Medium Truck On-Road Average Fuel Consumption (L/100 km),Motor Gasoline,2002,25.67,L/100 km,C:\Users\rashi\ESM_databases\canoe-transportation\inputs\cache\nrcan_ceud_transport\2021_tran_on_e_37.xls
nrcan_ceud_transport_provincial,ON,37,Truck Explanatory,truck_fleet,passenger_light_trucks|freight_light_trucks|medium_trucks|heavy_trucks,stocks_and_demands|on_road_effs_and_costs,Medium Truck On-Road Average Fuel Consumption (L/100 km)|Diesel Fuel Oil,Medium Truck On-Road Average Fuel Consumption (L/100 km),Diesel Fuel Oil,2002,26.18,L/100 km,C:\Users\rashi\ESM_databases\canoe-transportation\inputs\cache\nrcan_ceud_transport\2021_tran_on_e_37.xls
nrcan_ceud_transport_provincial,ON,37,Truck Explanatory,truck_fleet,passenger_light_trucks|freight_light_trucks|medium_trucks|heavy_trucks,stocks_and_demands|on_road_effs_and_costs,Heavy Truck On-Road Average Fuel Consumption (L/100 km)|Diesel Fuel Oil,Heavy Truck On-Road Average Fuel Consumption (L/100 km),Diesel Fuel Oil,2002,36.03,L/100 km,C:\Users\rashi\ESM_databases\canoe-transportation\inputs\cache\nrcan_ceud_transport\2021_tran_on_e_37.xls
nrcan_ceud_transport_provincial,ON,37,Truck Explanatory,truck_fleet,passenger_light_trucks|freight_light_trucks|medium_trucks|heavy_trucks,stocks_and_demands|on_road_effs_and_costs,Sales (thousands)|Passenger Light Trucks,Sales (thousands),Passenger Light Trucks,2003,210.281,thousands,C:\Users\rashi\ESM_databases\canoe-transportation\inputs\cache\nrcan_ceud_transport\2021_tran_on_e_37.xls
nrcan_ceud_transport_provincial,ON,37,Truck Explanatory,truck_fleet,passenger_light_trucks|freight_light_trucks|medium_trucks|heavy_trucks,stocks_and_demands|on_road_effs_and_costs,Sales (thousands)|Freight Light Trucks,Sales (thousands),Freight Light Trucks,2003,58.778,thousands,C:\Users\rashi\ESM_databases\canoe-transportation\inputs\cache\nrcan_ceud_transport\2021_tran_on_e_37.xls
nrcan_ceud_transport_provincial,ON,37,Truck Explanatory,truck_fleet,passenger_light_trucks|freight_light_trucks|medium_trucks|heavy_trucks,stocks_and_demands|on_road_effs_and_costs,Sales (thousands)|Medium Trucks,Sales (thousands),Medium Trucks,2003,23.013,thousands,C:\Users\rashi\ESM_databases\canoe-transportation\inputs\cache\nrcan_ceud_transport\2021_tran_on_e_37.xls
nrcan_ceud_transport_provincial,ON,37,Truck Explanatory,truck_fleet,passenger_light_trucks|freight_light_trucks|medium_trucks|heavy_trucks,stocks_and_demands|on_road_effs_and_costs,Sales (thousands)|Heavy Trucks,Sales (thousands),Heavy Trucks,2003,9.08,thousands,C:\Users\rashi\ESM_databases\canoe-transportation\inputs\cache\nrcan_ceud_transport\2021_tran_on_e_37.xls
nrcan_ceud_transport_provincial,ON,37,Truck Explanatory,truck_fleet,passenger_light_trucks|freight_light_trucks|medium_trucks|heavy_trucks,stocks_and_demands|on_road_effs_and_costs,Stock (thousands)|Passenger Light Trucks,Stock (thousands),Passenger Light Trucks,2003,1869.016,thousands,C:\Users\rashi\ESM_databases\canoe-transportation\inputs\cache\nrcan_ceud_transport\2021_tran_on_e_37.xls
nrcan_ceud_transport_provincial,ON,37,Truck Explanatory,truck_fleet,passenger_light_trucks|freight_light_trucks|medium_trucks|heavy_trucks,stocks_and_demands|on_road_effs_and_costs,Stock (thousands)|Freight Light Trucks,Stock (thousands),Freight Light Trucks,2003,522.426,thousands,C:\Users\rashi\ESM_databases\canoe-transportation\inputs\cache\nrcan_ceud_transport\2021_tran_on_e_37.xls
nrcan_ceud_transport_provincial,ON,37,Truck Explanatory,truck_fleet,passenger_light_trucks|freight_light_trucks|medium_trucks|heavy_trucks,stocks_and_demands|on_road_effs_and_costs,Stock (thousands)|Medium Trucks,Stock (thousands),Medium Trucks,2003,221.486,thousands,C:\Users\rashi\ESM_databases\canoe-transportation\inputs\cache\nrcan_ceud_transport\2021_tran_on_e_37.xls
nrcan_ceud_transport_provincial,ON,37,Truck Explanatory,truck_fleet,passenger_light_trucks|freight_light_trucks|medium_trucks|heavy_trucks,stocks_and_demands|on_road_effs_and_costs,Stock (thousands)|Heavy Trucks,Stock (thousands),Heavy Trucks,2003,106.925,thousands,C:\Users\rashi\ESM_databases\canoe-transportation\inputs\cache\nrcan_ceud_transport\2021_tran_on_e_37.xls
nrcan_ceud_transport_provincial,ON,37,Truck Explanatory,truck_fleet,passenger_light_trucks|freight_light_trucks|medium_trucks|heavy_trucks,stocks_and_demands|on_road_effs_and_costs,Average Distance Travelled per Year (km)|Passenger Light Trucks,Average Distance Travelled per Year (km),Passenger Light Trucks,2003,20327.410541,km,C:\Users\rashi\ESM_databases\canoe-transportation\inputs\cache\nrcan_ceud_transport\2021_tran_on_e_37.xls
nrcan_ceud_transport_provincial,ON,37,Truck Explanatory,truck_fleet,passenger_light_trucks|freight_light_trucks|medium_trucks|heavy_trucks,stocks_and_demands|on_road_effs_and_costs,Average Distance Travelled per Year (km)|Freight Light Trucks,Average Distance Travelled per Year (km),Freight Light Trucks,2003,23903.69024,km,C:\Users\rashi\ESM_databases\canoe-transportation\inputs\cache\nrcan_ceud_transport\2021_tran_on_e_37.xls
nrcan_ceud_transport_provincial,ON,37,Truck Explanatory,truck_fleet,passenger_light_trucks|freight_light_trucks|medium_trucks|heavy_trucks,stocks_and_demands|on_road_effs_and_costs,Average Distance Travelled per Year (km)|Medium Trucks,Average Distance Travelled per Year (km),Medium Trucks,2003,34156.314135,km,C:\Users\rashi\ESM_databases\canoe-transportation\inputs\cache\nrcan_ceud_transport\2021_tran_on_e_37.xls
nrcan_ceud_transport_provincial,ON,37,Truck Explanatory,truck_fleet,passenger_light_trucks|freight_light_trucks|medium_trucks|heavy_trucks,stocks_and_demands|on_road_effs_and_costs,Average Distance Travelled per Year (km)|Heavy Trucks,Average Distance Travelled per Year (km),Heavy Trucks,2003,93082.691113,km,C:\Users\rashi\ESM_databases\canoe-transportation\inputs\cache\nrcan_ceud_transport\2021_tran_on_e_37.xls
nrcan_ceud_transport_provincial,ON,37,Truck Explanatory,truck_fleet,passenger_light_trucks|freight_light_trucks|medium_trucks|heavy_trucks,stocks_and_demands|on_road_effs_and_costs,Passenger Light Truck On-Road Average Fuel Consumption (L/100 km)|Motor Gasoline,Passenger Light Truck On-Road Average Fuel Consumption (L/100 km),Motor Gasoline,2003,10.980301,L/100 km,C:\Users\rashi\ESM_databases\canoe-transportation\inputs\cache\nrcan_ceud_transport\2021_tran_on_e_37.xls
nrcan_ceud_transport_provincial,ON,37,Truck Explanatory,truck_fleet,passenger_light_trucks|freight_light_trucks|medium_trucks|heavy_trucks,stocks_and_demands|on_road_effs_and_costs,Passenger Light Truck On-Road Average Fuel Consumption (L/100 km)|Diesel Fuel Oil,Passenger Light Truck On-Road Average Fuel Consumption (L/100 km),Diesel Fuel Oil,2003,11.223629,L/100 km,C:\Users\rashi\ESM_databases\canoe-transportation\inputs\cache\nrcan_ceud_transport\2021_tran_on_e_37.xls
nrcan_ceud_transport_provincial,ON,37,Truck Explanatory,truck_fleet,passenger_light_trucks|freight_light_trucks|medium_trucks|heavy_trucks,stocks_and_demands|on_road_effs_and_costs,Freight Light Truck On-Road Average Fuel Consumption (L/100 km)|Motor Gasoline,Freight Light Truck On-Road Average Fuel Consumption (L/100 km),Motor Gasoline,2003,11.076651,L/100 km,C:\Users\rashi\ESM_databases\canoe-transportation\inputs\cache\nrcan_ceud_transport\2021_tran_on_e_37.xls
nrcan_ceud_transport_provincial,ON,37,Truck Explanatory,truck_fleet,passenger_light_trucks|freight_light_trucks|medium_trucks|heavy_trucks,stocks_and_demands|on_road_effs_and_costs,Freight Light Truck On-Road Average Fuel Consumption (L/100 km)|Diesel Fuel Oil,Freight Light Truck On-Road Average Fuel Consumption (L/100 km),Diesel Fuel Oil,2003,11.260097,L/100 km,C:\Users\rashi\ESM_databases\canoe-transportation\inputs\cache\nrcan_ceud_transport\2021_tran_on_e_37.xls
nrcan_ceud_transport_provincial,ON,37,Truck Explanatory,truck_fleet,passenger_light_trucks|freight_light_trucks|medium_trucks|heavy_trucks,stocks_and_demands|on_road_effs_and_costs,Medium Truck On-Road Average Fuel Consumption (L/100 km)|Motor Gasoline,Medium Truck On-Road Average Fuel Consumption (L/100 km),Motor Gasoline,2003,25.47,L/100 km,C:\Users\rashi\ESM_databases\canoe-transportation\inputs\cache\nrcan_ceud_transport\2021_tran_on_e_37.xls
nrcan_ceud_transport_provincial,ON,37,Truck Explanatory,truck_fleet,passenger_light_trucks|freight_light_trucks|medium_trucks|heavy_trucks,stocks_and_demands|on_road_effs_and_costs,Medium Truck On-Road Average Fuel Consumption (L/100 km)|Diesel Fuel Oil,Medium Truck On-Road Average Fuel Consumption (L/100 km),Diesel Fuel Oil,2003,26.1,L/100 km,C:\Users\rashi\ESM_databases\canoe-transportation\inputs\cache\nrcan_ceud_transport\2021_tran_on_e_37.xls
nrcan_ceud_transport_provincial,ON,37,Truck Explanatory,truck_fleet,passenger_light_trucks|freight_light_trucks|medium_trucks|heavy_trucks,stocks_and_demands|on_road_effs_and_costs,Heavy Truck On-Road Average Fuel Consumption (L/100 km)|Diesel Fuel Oil,Heavy Truck On-Road Average Fuel Consumption (L/100 km),Diesel Fuel Oil,2003,35.4,L/100 km,C:\Users\rashi\ESM_databases\canoe-transportation\inputs\cache\nrcan_ceud_transport\2021_tran_on_e_37.xls
nrcan_ceud_transport_provincial,ON,37,Truck Explanatory,truck_fleet,passenger_light_trucks|freight_light_trucks|medium_trucks|heavy_trucks,stocks_and_demands|on_road_effs_and_costs,Sales (thousands)|Passenger Light Trucks,Sales (thousands),Passenger Light Trucks,2004,199.634,thousands,C:\Users\rashi\ESM_databases\canoe-transportation\inputs\cache\nrcan_ceud_transport\2021_tran_on_e_37.xls
nrcan_ceud_transport_provincial,ON,37,Truck Explanatory,truck_fleet,passenger_light_trucks|freight_light_trucks|medium_trucks|heavy_trucks,stocks_and_demands|on_road_effs_and_costs,Sales (thousands)|Freight Light Trucks,Sales (thousands),Freight Light Trucks,2004,55.687,thousands,C:\Users\rashi\ESM_databases\canoe-transportation\inputs\cache\nrcan_ceud_transport\2021_tran_on_e_37.xls
nrcan_ceud_transport_provincial,ON,37,Truck Explanatory,truck_fleet,passenger_light_trucks|freight_light_trucks|medium_trucks|heavy_trucks,stocks_and_demands|on_road_effs_and_costs,Sales (thousands)|Medium Trucks,Sales (thousands),Medium Trucks,2004,21.845,thousands,C:\Users\rashi\ESM_databases\canoe-transportation\inputs\cache\nrcan_ceud_transport\2021_tran_on_e_37.xls
nrcan_ceud_transport_provincial,ON,37,Truck Explanatory,truck_fleet,passenger_light_trucks|freight_light_trucks|medium_trucks|heavy_trucks,stocks_and_demands|on_road_effs_and_costs,Sales (thousands)|Heavy Trucks,Sales (thousands),Heavy Trucks,2004,10.907,thousands,C:\Users\rashi\ESM_databases\canoe-transportation\inputs\cache\nrcan_ceud_transport\2021_tran_on_e_37.xls
nrcan_ceud_transport_provincial,ON,37,Truck Explanatory,truck_fleet,passenger_light_trucks|freight_light_trucks|medium_trucks|heavy_trucks,stocks_and_demands|on_road_effs_and_costs,Stock (thousands)|Passenger Light Trucks,Stock (thousands),Passenger Light Trucks,2004,1971.606,thousands,C:\Users\rashi\ESM_databases\canoe-transportation\inputs\cache\nrcan_ceud_transport\2021_tran_on_e_37.xls
nrcan_ceud_transport_provincial,ON,37,Truck Explanatory,truck_fleet,passenger_light_trucks|freight_light_trucks|medium_trucks|heavy_trucks,stocks_and_demands|on_road_effs_and_costs,Stock (thousands)|Freight Light Trucks,Stock (thousands),Freight Light Trucks,2004,549.968,thousands,C:\Users\rashi\ESM_databases\canoe-transportation\inputs\cache\nrcan_ceud_transport\2021_tran_on_e_37.xls
nrcan_ceud_transport_provincial,ON,37,Truck Explanatory,truck_fleet,passenger_light_trucks|freight_light_trucks|medium_trucks|heavy_trucks,stocks_and_demands|on_road_effs_and_costs,Stock (thousands)|Medium Trucks,Stock (thousands),Medium Trucks,2004,231.162,thousands,C:\Users\rashi\ESM_databases\canoe-transportation\inputs\cache\nrcan_ceud_transport\2021_tran_on_e_37.xls
nrcan_ceud_transport_provincial,ON,37,Truck Explanatory,truck_fleet,passenger_light_trucks|freight_light_trucks|medium_trucks|heavy_trucks,stocks_and_demands|on_road_effs_and_costs,Stock (thousands)|Heavy Trucks,Stock (thousands),Heavy Trucks,2004,106.984,thousands,C:\Users\rashi\ESM_databases\canoe-transportation\inputs\cache\nrcan_ceud_transport\2021_tran_on_e_37.xls
nrcan_ceud_transport_provincial,ON,37,Truck Explanatory,truck_fleet,passenger_light_trucks|freight_light_trucks|medium_trucks|heavy_trucks,stocks_and_demands|on_road_effs_and_costs,Average Distance Travelled per Year (km)|Passenger Light Trucks,Average Distance Travelled per Year (km),Passenger Light Trucks,2004,20447.010329,km,C:\Users\rashi\ESM_databases\canoe-transportation\inputs\cache\nrcan_ceud_transport\2021_tran_on_e_37.xls
nrcan_ceud_transport_provincial,ON,37,Truck Explanatory,truck_fleet,passenger_light_trucks|freight_light_trucks|medium_trucks|heavy_trucks,stocks_and_demands|on_road_effs_and_costs,Average Distance Travelled per Year (km)|Freight Light Trucks,Average Distance Travelled per Year (km),Freight Light Trucks,2004,24155.742315,km,C:\Users\rashi\ESM_databases\canoe-transportation\inputs\cache\nrcan_ceud_transport\2021_tran_on_e_37.xls
nrcan_ceud_transport_provincial,ON,37,Truck Explanatory,truck_fleet,passenger_light_trucks|freight_light_trucks|medium_trucks|heavy_trucks,stocks_and_demands|on_road_effs_and_costs,Average Distance Travelled per Year (km)|Medium Trucks,Average Distance Travelled per Year (km),Medium Trucks,2004,30547.081711,km,C:\Users\rashi\ESM_databases\canoe-transportation\inputs\cache\nrcan_ceud_transport\2021_tran_on_e_37.xls
nrcan_ceud_transport_provincial,ON,37,Truck Explanatory,truck_fleet,passenger_light_trucks|freight_light_trucks|medium_trucks|heavy_trucks,stocks_and_demands|on_road_effs_and_costs,Average Distance Travelled per Year (km)|Heavy Trucks,Average Distance Travelled per Year (km),Heavy Trucks,2004,98485.558575,km,C:\Users\rashi\ESM_databases\canoe-transportation\inputs\cache\nrcan_ceud_transport\2021_tran_on_e_37.xls
nrcan_ceud_transport_provincial,ON,37,Truck Explanatory,truck_fleet,passenger_light_trucks|freight_light_trucks|medium_trucks|heavy_trucks,stocks_and_demands|on_road_effs_and_costs,Passenger Light Truck On-Road Average Fuel Consumption (L/100 km)|Motor Gasoline,Passenger Light Truck On-Road Average Fuel Consumption (L/100 km),Motor Gasoline,2004,10.939783,L/100 km,C:\Users\rashi\ESM_databases\canoe-transportation\inputs\cache\nrcan_ceud_transport\2021_tran_on_e_37.xls
nrcan_ceud_transport_provincial,ON,37,Truck Explanatory,truck_fleet,passenger_light_trucks|freight_light_trucks|medium_trucks|heavy_trucks,stocks_and_demands|on_road_effs_and_costs,Passenger Light Truck On-Road Average Fuel Consumption (L/100 km)|Diesel Fuel Oil,Passenger Light Truck On-Road Average Fuel Consumption (L/100 km),Diesel Fuel Oil,2004,11.039913,L/100 km,C:\Users\rashi\ESM_databases\canoe-transportation\inputs\cache\nrcan_ceud_transport\2021_tran_on_e_37.xls
nrcan_ceud_transport_provincial,ON,37,Truck Explanatory,truck_fleet,passenger_light_trucks|freight_light_trucks|medium_trucks|heavy_trucks,stocks_and_demands|on_road_effs_and_costs,Freight Light Truck On-Road Average Fuel Consumption (L/100 km)|Motor Gasoline,Freight Light Truck On-Road Average Fuel Consumption (L/100 km),Motor Gasoline,2004,11.037283,L/100 km,C:\Users\rashi\ESM_databases\canoe-transportation\inputs\cache\nrcan_ceud_transport\2021_tran_on_e_37.xls
nrcan_ceud_transport_provincial,ON,37,Truck Explanatory,truck_fleet,passenger_light_trucks|freight_light_trucks|medium_trucks|heavy_trucks,stocks_and_demands|on_road_effs_and_costs,Freight Light Truck On-Road Average Fuel Consumption (L/100 km)|Diesel Fuel Oil,Freight Light Truck On-Road Average Fuel Consumption (L/100 km),Diesel Fuel Oil,2004,11.112514,L/100 km,C:\Users\rashi\ESM_databases\canoe-transportation\inputs\cache\nrcan_ceud_transport\2021_tran_on_e_37.xls
nrcan_ceud_transport_provincial,ON,37,Truck Explanatory,truck_fleet,passenger_light_trucks|freight_light_trucks|medium_trucks|heavy_trucks,stocks_and_demands|on_road_effs_and_costs,Medium Truck On-Road Average Fuel Consumption (L/100 km)|Motor Gasoline,Medium Truck On-Road Average Fuel Consumption (L/100 km),Motor Gasoline,2004,25.38,L/100 km,C:\Users\rashi\ESM_databases\canoe-transportation\inputs\cache\nrcan_ceud_transport\2021_tran_on_e_37.xls
nrcan_ceud_transport_provincial,ON,37,Truck Explanatory,truck_fleet,passenger_light_trucks|freight_light_trucks|medium_trucks|heavy_trucks,stocks_and_demands|on_road_effs_and_costs,Medium Truck On-Road Average Fuel Consumption (L/100 km)|Diesel Fuel Oil,Medium Truck On-Road Average Fuel Consumption (L/100 km),Diesel Fuel Oil,2004,26.05,L/100 km,C:\Users\rashi\ESM_databases\canoe-transportation\inputs\cache\nrcan_ceud_transport\2021_tran_on_e_37.xls
nrcan_ceud_transport_provincial,ON,37,Truck Explanatory,truck_fleet,passenger_light_trucks|freight_light_trucks|medium_trucks|heavy_trucks,stocks_and_demands|on_road_effs_and_costs,Heavy Truck On-Road Average Fuel Consumption (L/100 km)|Diesel Fuel Oil,Heavy Truck On-Road Average Fuel Consumption (L/100 km),Diesel Fuel Oil,2004,34.76,L/100 km,C:\Users\rashi\ESM_databases\canoe-transportation\inputs\cache\nrcan_ceud_transport\2021_tran_on_e_37.xls
nrcan_ceud_transport_provincial,ON,37,Truck Explanatory,truck_fleet,passenger_light_trucks|freight_light_trucks|medium_trucks|heavy_trucks,stocks_and_demands|on_road_effs_and_costs,Sales (thousands)|Passenger Light Trucks,Sales (thousands),Passenger Light Trucks,2005,204.684,thousands,C:\Users\rashi\ESM_databases\canoe-transportation\inputs\cache\nrcan_ceud_transport\2021_tran_on_e_37.xls
nrcan_ceud_transport_provincial,ON,37,Truck Explanatory,truck_fleet,passenger_light_trucks|freight_light_trucks|medium_trucks|heavy_trucks,stocks_and_demands|on_road_effs_and_costs,Sales (thousands)|Freight Light Trucks,Sales (thousands),Freight Light Trucks,2005,56.999,thousands,C:\Users\rashi\ESM_databases\canoe-transportation\inputs\cache\nrcan_ceud_transport\2021_tran_on_e_37.xls
nrcan_ceud_transport_provincial,ON,37,Truck Explanatory,truck_fleet,passenger_light_trucks|freight_light_trucks|medium_trucks|heavy_trucks,stocks_and_demands|on_road_effs_and_costs,Sales (thousands)|Medium Trucks,Sales (thousands),Medium Trucks,2005,21.929,thousands,C:\Users\rashi\ESM_databases\canoe-transportation\inputs\cache\nrcan_ceud_transport\2021_tran_on_e_37.xls
nrcan_ceud_transport_provincial,ON,37,Truck Explanatory,truck_fleet,passenger_light_trucks|freight_light_trucks|medium_trucks|heavy_trucks,stocks_and_demands|on_road_effs_and_costs,Sales (thousands)|Heavy Trucks,Sales (thousands),Heavy Trucks,2005,12.056,thousands,C:\Users\rashi\ESM_databases\canoe-transportation\inputs\cache\nrcan_ceud_transport\2021_tran_on_e_37.xls
nrcan_ceud_transport_provincial,ON,37,Truck Explanatory,truck_fleet,passenger_light_trucks|freight_light_trucks|medium_trucks|heavy_trucks,stocks_and_demands|on_road_effs_and_costs,Stock (thousands)|Passenger Light Trucks,Stock (thousands),Passenger Light Trucks,2005,2062.37,thousands,C:\Users\rashi\ESM_databases\canoe-transportation\inputs\cache\nrcan_ceud_transport\2021_tran_on_e_37.xls
nrcan_ceud_transport_provincial,ON,37,Truck Explanatory,truck_fleet,passenger_light_trucks|freight_light_trucks|medium_trucks|heavy_trucks,stocks_and_demands|on_road_effs_and_costs,Stock (thousands)|Freight Light Trucks,Stock (thousands),Freight Light Trucks,2005,574.312,thousands,C:\Users\rashi\ESM_databases\canoe-transportation\inputs\cache\nrcan_ceud_transport\2021_tran_on_e_37.xls
nrcan_ceud_transport_provincial,ON,37,Truck Explanatory,truck_fleet,passenger_light_trucks|freight_light_trucks|medium_trucks|heavy_trucks,stocks_and_demands|on_road_effs_and_costs,Stock (thousands)|Medium Trucks,Stock (thousands),Medium Trucks,2005,235.125,thousands,C:\Users\rashi\ESM_databases\canoe-transportation\inputs\cache\nrcan_ceud_transport\2021_tran_on_e_37.xls
nrcan_ceud_transport_provincial,ON,37,Truck Explanatory,truck_fleet,passenger_light_trucks|freight_light_trucks|medium_trucks|heavy_trucks,stocks_and_demands|on_road_effs_and_costs,Stock (thousands)|Heavy Trucks,Stock (thousands),Heavy Trucks,2005,111.546,thousands,C:\Users\rashi\ESM_databases\canoe-transportation\inputs\cache\nrcan_ceud_transport\2021_tran_on_e_37.xls
nrcan_ceud_transport_provincial,ON,37,Truck Explanatory,truck_fleet,passenger_light_trucks|freight_light_trucks|medium_trucks|heavy_trucks,stocks_and_demands|on_road_effs_and_costs,Average Distance Travelled per Year (km)|Passenger Light Trucks,Average Distance Travelled per Year (km),Passenger Light Trucks,2005,20772.351751,km,C:\Users\rashi\ESM_databases\canoe-transportation\inputs\cache\nrcan_ceud_transport\2021_tran_on_e_37.xls
nrcan_ceud_transport_provincial,ON,37,Truck Explanatory,truck_fleet,passenger_light_trucks|freight_light_trucks|medium_trucks|heavy_trucks,stocks_and_demands|on_road_effs_and_costs,Average Distance Travelled per Year (km)|Freight Light Trucks,Average Distance Travelled per Year (km),Freight Light Trucks,2005,24470.065851,km,C:\Users\rashi\ESM_databases\canoe-transportation\inputs\cache\nrcan_ceud_transport\2021_tran_on_e_37.xls
nrcan_ceud_transport_provincial,ON,37,Truck Explanatory,truck_fleet,passenger_light_trucks|freight_light_trucks|medium_trucks|heavy_trucks,stocks_and_demands|on_road_effs_and_costs,Average Distance Travelled per Year (km)|Medium Trucks,Average Distance Travelled per Year (km),Medium Trucks,2005,25754.071549,km,C:\Users\rashi\ESM_databases\canoe-transportation\inputs\cache\nrcan_ceud_transport\2021_tran_on_e_37.xls
nrcan_ceud_transport_provincial,ON,37,Truck Explanatory,truck_fleet,passenger_light_trucks|freight_light_trucks|medium_trucks|heavy_trucks,stocks_and_demands|on_road_effs_and_costs,Average Distance Travelled per Year (km)|Heavy Trucks,Average Distance Travelled per Year (km),Heavy Trucks,2005,107928.424152,km,C:\Users\rashi\ESM_databases\canoe-transportation\inputs\cache\nrcan_ceud_transport\2021_tran_on_e_37.xls
nrcan_ceud_transport_provincial,ON,37,Truck Explanatory,truck_fleet,passenger_light_trucks|freight_light_trucks|medium_trucks|heavy_trucks,stocks_and_demands|on_road_effs_and_costs,Passenger Light Truck On-Road Average Fuel Consumption (L/100 km)|Motor Gasoline,Passenger Light Truck On-Road Average Fuel Consumption (L/100 km),Motor Gasoline,2005,10.861494,L/100 km,C:\Users\rashi\ESM_databases\canoe-transportation\inputs\cache\nrcan_ceud_transport\2021_tran_on_e_37.xls
nrcan_ceud_transport_provincial,ON,37,Truck Explanatory,truck_fleet,passenger_light_trucks|freight_light_trucks|medium_trucks|heavy_trucks,stocks_and_demands|on_road_effs_and_costs,Passenger Light Truck On-Road Average Fuel Consumption (L/100 km)|Diesel Fuel Oil,Passenger Light Truck On-Road Average Fuel Consumption (L/100 km),Diesel Fuel Oil,2005,10.829471,L/100 km,C:\Users\rashi\ESM_databases\canoe-transportation\inputs\cache\nrcan_ceud_transport\2021_tran_on_e_37.xls
nrcan_ceud_transport_provincial,ON,37,Truck Explanatory,truck_fleet,passenger_light_trucks|freight_light_trucks|medium_trucks|heavy_trucks,stocks_and_demands|on_road_effs_and_costs,Freight Light Truck On-Road Average Fuel Consumption (L/100 km)|Motor Gasoline,Freight Light Truck On-Road Average Fuel Consumption (L/100 km),Motor Gasoline,2005,10.961627,L/100 km,C:\Users\rashi\ESM_databases\canoe-transportation\inputs\cache\nrcan_ceud_transport\2021_tran_on_e_37.xls
nrcan_ceud_transport_provincial,ON,37,Truck Explanatory,truck_fleet,passenger_light_trucks|freight_light_trucks|medium_trucks|heavy_trucks,stocks_and_demands|on_road_effs_and_costs,Freight Light Truck On-Road Average Fuel Consumption (L/100 km)|Diesel Fuel Oil,Freight Light Truck On-Road Average Fuel Consumption (L/100 km),Diesel Fuel Oil,2005,10.940898,L/100 km,C:\Users\rashi\ESM_databases\canoe-transportation\inputs\cache\nrcan_ceud_transport\2021_tran_on_e_37.xls
nrcan_ceud_transport_provincial,ON,37,Truck Explanatory,truck_fleet,passenger_light_trucks|freight_light_trucks|medium_trucks|heavy_trucks,stocks_and_demands|on_road_effs_and_costs,Medium Truck On-Road Average Fuel Consumption (L/100 km)|Motor Gasoline,Medium Truck On-Road Average Fuel Consumption (L/100 km),Motor Gasoline,2005,25.24,L/100 km,C:\Users\rashi\ESM_databases\canoe-transportation\inputs\cache\nrcan_ceud_transport\2021_tran_on_e_37.xls
nrcan_ceud_transport_provincial,ON,37,Truck Explanatory,truck_fleet,passenger_light_trucks|freight_light_trucks|medium_trucks|heavy_trucks,stocks_and_demands|on_road_effs_and_costs,Medium Truck On-Road Average Fuel Consumption (L/100 km)|Diesel Fuel Oil,Medium Truck On-Road Average Fuel Consumption (L/100 km),Diesel Fuel Oil,2005,25.98,L/100 km,C:\Users\rashi\ESM_databases\canoe-transportation\inputs\cache\nrcan_ceud_transport\2021_tran_on_e_37.xls
nrcan_ceud_transport_provincial,ON,37,Truck Explanatory,truck_fleet,passenger_light_trucks|freight_light_trucks|medium_trucks|heavy_trucks,stocks_and_demands|on_road_effs_and_costs,Heavy Truck On-Road Average Fuel Consumption (L/100 km)|Diesel Fuel Oil,Heavy Truck On-Road Average Fuel Consumption (L/100 km),Diesel Fuel Oil,2005,34.13,L/100 km,C:\Users\rashi\ESM_databases\canoe-transportation\inputs\cache\nrcan_ceud_transport\2021_tran_on_e_37.xls
nrcan_ceud_transport_provincial,ON,37,Truck Explanatory,truck_fleet,passenger_light_trucks|freight_light_trucks|medium_trucks|heavy_trucks,stocks_and_demands|on_road_effs_and_costs,Sales (thousands)|Passenger Light Trucks,Sales (thousands),Passenger Light Trucks,2006,202.793,thousands,C:\Users\rashi\ESM_databases\canoe-transportation\inputs\cache\nrcan_ceud_transport\2021_tran_on_e_37.xls
nrcan_ceud_transport_provincial,ON,37,Truck Explanatory,truck_fleet,passenger_light_trucks|freight_light_trucks|medium_trucks|heavy_trucks,stocks_and_demands|on_road_effs_and_costs,Sales (thousands)|Freight Light Trucks,Sales (thousands),Freight Light Trucks,2006,56.434,thousands,C:\Users\rashi\ESM_databases\canoe-transportation\inputs\cache\nrcan_ceud_transport\2021_tran_on_e_37.xls
nrcan_ceud_transport_provincial,ON,37,Truck Explanatory,truck_fleet,passenger_light_trucks|freight_light_trucks|medium_trucks|heavy_trucks,stocks_and_demands|on_road_effs_and_costs,Sales (thousands)|Medium Trucks,Sales (thousands),Medium Trucks,2006,25.878,thousands,C:\Users\rashi\ESM_databases\canoe-transportation\inputs\cache\nrcan_ceud_transport\2021_tran_on_e_37.xls
nrcan_ceud_transport_provincial,ON,37,Truck Explanatory,truck_fleet,passenger_light_trucks|freight_light_trucks|medium_trucks|heavy_trucks,stocks_and_demands|on_road_effs_and_costs,Sales (thousands)|Heavy Trucks,Sales (thousands),Heavy Trucks,2006,12.255,thousands,C:\Users\rashi\ESM_databases\canoe-transportation\inputs\cache\nrcan_ceud_transport\2021_tran_on_e_37.xls
nrcan_ceud_transport_provincial,ON,37,Truck Explanatory,truck_fleet,passenger_light_trucks|freight_light_trucks|medium_trucks|heavy_trucks,stocks_and_demands|on_road_effs_and_costs,Stock (thousands)|Passenger Light Trucks,Stock (thousands),Passenger Light Trucks,2006,2104.406,thousands,C:\Users\rashi\ESM_databases\canoe-transportation\inputs\cache\nrcan_ceud_transport\2021_tran_on_e_37.xls
nrcan_ceud_transport_provincial,ON,37,Truck Explanatory,truck_fleet,passenger_light_trucks|freight_light_trucks|medium_trucks|heavy_trucks,stocks_and_demands|on_road_effs_and_costs,Stock (thousands)|Freight Light Trucks,Stock (thousands),Freight Light Trucks,2006,585.618,thousands,C:\Users\rashi\ESM_databases\canoe-transportation\inputs\cache\nrcan_ceud_transport\2021_tran_on_e_37.xls
nrcan_ceud_transport_provincial,ON,37,Truck Explanatory,truck_fleet,passenger_light_trucks|freight_light_trucks|medium_trucks|heavy_trucks,stocks_and_demands|on_road_effs_and_costs,Stock (thousands)|Medium Trucks,Stock (thousands),Medium Trucks,2006,234.504,thousands,C:\Users\rashi\ESM_databases\canoe-transportation\inputs\cache\nrcan_ceud_transport\2021_tran_on_e_37.xls
nrcan_ceud_transport_provincial,ON,37,Truck Explanatory,truck_fleet,passenger_light_trucks|freight_light_trucks|medium_trucks|heavy_trucks,stocks_and_demands|on_road_effs_and_costs,Stock (thousands)|Heavy Trucks,Stock (thousands),Heavy Trucks,2006,117.622,thousands,C:\Users\rashi\ESM_databases\canoe-transportation\inputs\cache\nrcan_ceud_transport\2021_tran_on_e_37.xls
nrcan_ceud_transport_provincial,ON,37,Truck Explanatory,truck_fleet,passenger_light_trucks|freight_light_trucks|medium_trucks|heavy_trucks,stocks_and_demands|on_road_effs_and_costs,Average Distance Travelled per Year (km)|Passenger Light Trucks,Average Distance Travelled per Year (km),Passenger Light Trucks,2006,20278.321715,km,C:\Users\rashi\ESM_databases\canoe-transportation\inputs\cache\nrcan_ceud_transport\2021_tran_on_e_37.xls
nrcan_ceud_transport_provincial,ON,37,Truck Explanatory,truck_fleet,passenger_light_trucks|freight_light_trucks|medium_trucks|heavy_trucks,stocks_and_demands|on_road_effs_and_costs,Average Distance Travelled per Year (km)|Freight Light Trucks,Average Distance Travelled per Year (km),Freight Light Trucks,2006,24400.263818,km,C:\Users\rashi\ESM_databases\canoe-transportation\inputs\cache\nrcan_ceud_transport\2021_tran_on_e_37.xls
nrcan_ceud_transport_provincial,ON,37,Truck Explanatory,truck_fleet,passenger_light_trucks|freight_light_trucks|medium_trucks|heavy_trucks,stocks_and_demands|on_road_effs_and_costs,Average Distance Travelled per Year (km)|Medium Trucks,Average Distance Travelled per Year (km),Medium Trucks,2006,29362.128799,km,C:\Users\rashi\ESM_databases\canoe-transportation\inputs\cache\nrcan_ceud_transport\2021_tran_on_e_37.xls
nrcan_ceud_transport_provincial,ON,37,Truck Explanatory,truck_fleet,passenger_light_trucks|freight_light_trucks|medium_trucks|heavy_trucks,stocks_and_demands|on_road_effs_and_costs,Average Distance Travelled per Year (km)|Heavy Trucks,Average Distance Travelled per Year (km),Heavy Trucks,2006,94784.656191,km,C:\Users\rashi\ESM_databases\canoe-transportation\inputs\cache\nrcan_ceud_transport\2021_tran_on_e_37.xls
nrcan_ceud_transport_provincial,ON,37,Truck Explanatory,truck_fleet,passenger_light_trucks|freight_light_trucks|medium_trucks|heavy_trucks,stocks_and_demands|on_road_effs_and_costs,Passenger Light Truck On-Road Average Fuel Consumption (L/100 km)|Motor Gasoline,Passenger Light Truck On-Road Average Fuel Consumption (L/100 km),Motor Gasoline,2006,10.82221,L/100 km,C:\Users\rashi\ESM_databases\canoe-transportation\inputs\cache\nrcan_ceud_transport\2021_tran_on_e_37.xls
nrcan_ceud_transport_provincial,ON,37,Truck Explanatory,truck_fleet,passenger_light_trucks|freight_light_trucks|medium_trucks|heavy_trucks,stocks_and_demands|on_road_effs_and_costs,Passenger Light Truck On-Road Average Fuel Consumption (L/100 km)|Diesel Fuel Oil,Passenger Light Truck On-Road Average Fuel Consumption (L/100 km),Diesel Fuel Oil,2006,11.148723,L/100 km,C:\Users\rashi\ESM_databases\canoe-transportation\inputs\cache\nrcan_ceud_transport\2021_tran_on_e_37.xls
nrcan_ceud_transport_provincial,ON,37,Truck Explanatory,truck_fleet,passenger_light_trucks|freight_light_trucks|medium_trucks|heavy_trucks,stocks_and_demands|on_road_effs_and_costs,Freight Light Truck On-Road Average Fuel Consumption (L/100 km)|Motor Gasoline,Freight Light Truck On-Road Average Fuel Consumption (L/100 km),Motor Gasoline,2006,10.922918,L/100 km,C:\Users\rashi\ESM_databases\canoe-transportation\inputs\cache\nrcan_ceud_transport\2021_tran_on_e_37.xls
nrcan_ceud_transport_provincial,ON,37,Truck Explanatory,truck_fleet,passenger_light_trucks|freight_light_trucks|medium_trucks|heavy_trucks,stocks_and_demands|on_road_effs_and_costs,Freight Light Truck On-Road Average Fuel Consumption (L/100 km)|Diesel Fuel Oil,Freight Light Truck On-Road Average Fuel Consumption (L/100 km),Diesel Fuel Oil,2006,11.218559,L/100 km,C:\Users\rashi\ESM_databases\canoe-transportation\inputs\cache\nrcan_ceud_transport\2021_tran_on_e_37.xls
nrcan_ceud_transport_provincial,ON,37,Truck Explanatory,truck_fleet,passenger_light_trucks|freight_light_trucks|medium_trucks|heavy_trucks,stocks_and_demands|on_road_effs_and_costs,Medium Truck On-Road Average Fuel Consumption (L/100 km)|Motor Gasoline,Medium Truck On-Road Average Fuel Consumption (L/100 km),Motor Gasoline,2006,22.91,L/100 km,C:\Users\rashi\ESM_databases\canoe-transportation\inputs\cache\nrcan_ceud_transport\2021_tran_on_e_37.xls
nrcan_ceud_transport_provincial,ON,37,Truck Explanatory,truck_fleet,passenger_light_trucks|freight_light_trucks|medium_trucks|heavy_trucks,stocks_and_demands|on_road_effs_and_costs,Medium Truck On-Road Average Fuel Consumption (L/100 km)|Diesel Fuel Oil,Medium Truck On-Road Average Fuel Consumption (L/100 km),Diesel Fuel Oil,2006,23.3,L/100 km,C:\Users\rashi\ESM_databases\canoe-transportation\inputs\cache\nrcan_ceud_transport\2021_tran_on_e_37.xls
nrcan_ceud_transport_provincial,ON,37,Truck Explanatory,truck_fleet,passenger_light_trucks|freight_light_trucks|medium_trucks|heavy_trucks,stocks_and_demands|on_road_effs_and_costs,Heavy Truck On-Road Average Fuel Consumption (L/100 km)|Diesel Fuel Oil,Heavy Truck On-Road Average Fuel Consumption (L/100 km),Diesel Fuel Oil,2006,34.59,L/100 km,C:\Users\rashi\ESM_databases\canoe-transportation\inputs\cache\nrcan_ceud_transport\2021_tran_on_e_37.xls
nrcan_ceud_transport_provincial,ON,37,Truck Explanatory,truck_fleet,passenger_light_trucks|freight_light_trucks|medium_trucks|heavy_trucks,stocks_and_demands|on_road_effs_and_costs,Sales (thousands)|Passenger Light Trucks,Sales (thousands),Passenger Light Trucks,2007,213.121,thousands,C:\Users\rashi\ESM_databases\canoe-transportation\inputs\cache\nrcan_ceud_transport\2021_tran_on_e_37.xls
nrcan_ceud_transport_provincial,ON,37,Truck Explanatory,truck_fleet,passenger_light_trucks|freight_light_trucks|medium_trucks|heavy_trucks,stocks_and_demands|on_road_effs_and_costs,Sales (thousands)|Freight Light Trucks,Sales (thousands),Freight Light Trucks,2007,59.31,thousands,C:\Users\rashi\ESM_databases\canoe-transportation\inputs\cache\nrcan_ceud_transport\2021_tran_on_e_37.xls
nrcan_ceud_transport_provincial,ON,37,Truck Explanatory,truck_fleet,passenger_light_trucks|freight_light_trucks|medium_trucks|heavy_trucks,stocks_and_demands|on_road_effs_and_costs,Sales (thousands)|Medium Trucks,Sales (thousands),Medium Trucks,2007,27.357,thousands,C:\Users\rashi\ESM_databases\canoe-transportation\inputs\cache\nrcan_ceud_transport\2021_tran_on_e_37.xls
nrcan_ceud_transport_provincial,ON,37,Truck Explanatory,truck_fleet,passenger_light_trucks|freight_light_trucks|medium_trucks|heavy_trucks,stocks_and_demands|on_road_effs_and_costs,Sales (thousands)|Heavy Trucks,Sales (thousands),Heavy Trucks,2007,8.65,thousands,C:\Users\rashi\ESM_databases\canoe-transportation\inputs\cache\nrcan_ceud_transport\2021_tran_on_e_37.xls
nrcan_ceud_transport_provincial,ON,37,Truck Explanatory,truck_fleet,passenger_light_trucks|freight_light_trucks|medium_trucks|heavy_trucks,stocks_and_demands|on_road_effs_and_costs,Stock (thousands)|Passenger Light Trucks,Stock (thousands),Passenger Light Trucks,2007,2192.291,thousands,C:\Users\rashi\ESM_databases\canoe-transportation\inputs\cache\nrcan_ceud_transport\2021_tran_on_e_37.xls
nrcan_ceud_transport_provincial,ON,37,Truck Explanatory,truck_fleet,passenger_light_trucks|freight_light_trucks|medium_trucks|heavy_trucks,stocks_and_demands|on_road_effs_and_costs,Stock (thousands)|Freight Light Trucks,Stock (thousands),Freight Light Trucks,2007,610.103,thousands,C:\Users\rashi\ESM_databases\canoe-transportation\inputs\cache\nrcan_ceud_transport\2021_tran_on_e_37.xls
nrcan_ceud_transport_provincial,ON,37,Truck Explanatory,truck_fleet,passenger_light_trucks|freight_light_trucks|medium_trucks|heavy_trucks,stocks_and_demands|on_road_effs_and_costs,Stock (thousands)|Medium Trucks,Stock (thousands),Medium Trucks,2007,257.959,thousands,C:\Users\rashi\ESM_databases\canoe-transportation\inputs\cache\nrcan_ceud_transport\2021_tran_on_e_37.xls
nrcan_ceud_transport_provincial,ON,37,Truck Explanatory,truck_fleet,passenger_light_trucks|freight_light_trucks|medium_trucks|heavy_trucks,stocks_and_demands|on_road_effs_and_costs,Stock (thousands)|Heavy Trucks,Stock (thousands),Heavy Trucks,2007,118.556,thousands,C:\Users\rashi\ESM_databases\canoe-transportation\inputs\cache\nrcan_ceud_transport\2021_tran_on_e_37.xls
nrcan_ceud_transport_provincial,ON,37,Truck Explanatory,truck_fleet,passenger_light_trucks|freight_light_trucks|medium_trucks|heavy_trucks,stocks_and_demands|on_road_effs_and_costs,Average Distance Travelled per Year (km)|Passenger Light Trucks,Average Distance Travelled per Year (km),Passenger Light Trucks,2007,20274.663128,km,C:\Users\rashi\ESM_databases\canoe-transportation\inputs\cache\nrcan_ceud_transport\2021_tran_on_e_37.xls
nrcan_ceud_transport_provincial,ON,37,Truck Explanatory,truck_fleet,passenger_light_trucks|freight_light_trucks|medium_trucks|heavy_trucks,stocks_and_demands|on_road_effs_and_costs,Average Distance Travelled per Year (km)|Freight Light Trucks,Average Distance Travelled per Year (km),Freight Light Trucks,2007,24494.948631,km,C:\Users\rashi\ESM_databases\canoe-transportation\inputs\cache\nrcan_ceud_transport\2021_tran_on_e_37.xls
nrcan_ceud_transport_provincial,ON,37,Truck Explanatory,truck_fleet,passenger_light_trucks|freight_light_trucks|medium_trucks|heavy_trucks,stocks_and_demands|on_road_effs_and_costs,Average Distance Travelled per Year (km)|Medium Trucks,Average Distance Travelled per Year (km),Medium Trucks,2007,29727.431891,km,C:\Users\rashi\ESM_databases\canoe-transportation\inputs\cache\nrcan_ceud_transport\2021_tran_on_e_37.xls
nrcan_ceud_transport_provincial,ON,37,Truck Explanatory,truck_fleet,passenger_light_trucks|freight_light_trucks|medium_trucks|heavy_trucks,stocks_and_demands|on_road_effs_and_costs,Average Distance Travelled per Year (km)|Heavy Trucks,Average Distance Travelled per Year (km),Heavy Trucks,2007,94339.05637,km,C:\Users\rashi\ESM_databases\canoe-transportation\inputs\cache\nrcan_ceud_transport\2021_tran_on_e_37.xls
nrcan_ceud_transport_provincial,ON,37,Truck Explanatory,truck_fleet,passenger_light_trucks|freight_light_trucks|medium_trucks|heavy_trucks,stocks_and_demands|on_road_effs_and_costs,Passenger Light Truck On-Road Average Fuel Consumption (L/100 km)|Motor Gasoline,Passenger Light Truck On-Road Average Fuel Consumption (L/100 km),Motor Gasoline,2007,10.922297,L/100 km,C:\Users\rashi\ESM_databases\canoe-transportation\inputs\cache\nrcan_ceud_transport\2021_tran_on_e_37.xls
nrcan_ceud_transport_provincial,ON,37,Truck Explanatory,truck_fleet,passenger_light_trucks|freight_light_trucks|medium_trucks|heavy_trucks,stocks_and_demands|on_road_effs_and_costs,Passenger Light Truck On-Road Average Fuel Consumption (L/100 km)|Diesel Fuel Oil,Passenger Light Truck On-Road Average Fuel Consumption (L/100 km),Diesel Fuel Oil,2007,10.603055,L/100 km,C:\Users\rashi\ESM_databases\canoe-transportation\inputs\cache\nrcan_ceud_transport\2021_tran_on_e_37.xls
nrcan_ceud_transport_provincial,ON,37,Truck Explanatory,truck_fleet,passenger_light_trucks|freight_light_trucks|medium_trucks|heavy_trucks,stocks_and_demands|on_road_effs_and_costs,Freight Light Truck On-Road Average Fuel Consumption (L/100 km)|Motor Gasoline,Freight Light Truck On-Road Average Fuel Consumption (L/100 km),Motor Gasoline,2007,11.02749,L/100 km,C:\Users\rashi\ESM_databases\canoe-transportation\inputs\cache\nrcan_ceud_transport\2021_tran_on_e_37.xls
nrcan_ceud_transport_provincial,ON,37,Truck Explanatory,truck_fleet,passenger_light_trucks|freight_light_trucks|medium_trucks|heavy_trucks,stocks_and_demands|on_road_effs_and_costs,Freight Light Truck On-Road Average Fuel Consumption (L/100 km)|Diesel Fuel Oil,Freight Light Truck On-Road Average Fuel Consumption (L/100 km),Diesel Fuel Oil,2007,10.750714,L/100 km,C:\Users\rashi\ESM_databases\canoe-transportation\inputs\cache\nrcan_ceud_transport\2021_tran_on_e_37.xls
nrcan_ceud_transport_provincial,ON,37,Truck Explanatory,truck_fleet,passenger_light_trucks|freight_light_trucks|medium_trucks|heavy_trucks,stocks_and_demands|on_road_effs_and_costs,Medium Truck On-Road Average Fuel Consumption (L/100 km)|Motor Gasoline,Medium Truck On-Road Average Fuel Consumption (L/100 km),Motor Gasoline,2007,22.229687,L/100 km,C:\Users\rashi\ESM_databases\canoe-transportation\inputs\cache\nrcan_ceud_transport\2021_tran_on_e_37.xls
nrcan_ceud_transport_provincial,ON,37,Truck Explanatory,truck_fleet,passenger_light_trucks|freight_light_trucks|medium_trucks|heavy_trucks,stocks_and_demands|on_road_effs_and_costs,Medium Truck On-Road Average Fuel Consumption (L/100 km)|Diesel Fuel Oil,Medium Truck On-Road Average Fuel Consumption (L/100 km),Diesel Fuel Oil,2007,23.59,L/100 km,C:\Users\rashi\ESM_databases\canoe-transportation\inputs\cache\nrcan_ceud_transport\2021_tran_on_e_37.xls
nrcan_ceud_transport_provincial,ON,37,Truck Explanatory,truck_fleet,passenger_light_trucks|freight_light_trucks|medium_trucks|heavy_trucks,stocks_and_demands|on_road_effs_and_costs,Heavy Truck On-Road Average Fuel Consumption (L/100 km)|Diesel Fuel Oil,Heavy Truck On-Road Average Fuel Consumption (L/100 km),Diesel Fuel Oil,2007,34.62,L/100 km,C:\Users\rashi\ESM_databases\canoe-transportation\inputs\cache\nrcan_ceud_transport\2021_tran_on_e_37.xls
nrcan_ceud_transport_provincial,ON,37,Truck Explanatory,truck_fleet,passenger_light_trucks|freight_light_trucks|medium_trucks|heavy_trucks,stocks_and_demands|on_road_effs_and_costs,Sales (thousands)|Passenger Light Trucks,Sales (thousands),Passenger Light Trucks,2008,207.775,thousands,C:\Users\rashi\ESM_databases\canoe-transportation\inputs\cache\nrcan_ceud_transport\2021_tran_on_e_37.xls
nrcan_ceud_transport_provincial,ON,37,Truck Explanatory,truck_fleet,passenger_light_trucks|freight_light_trucks|medium_trucks|heavy_trucks,stocks_and_demands|on_road_effs_and_costs,Sales (thousands)|Freight Light Trucks,Sales (thousands),Freight Light Trucks,2008,57.783,thousands,C:\Users\rashi\ESM_databases\canoe-transportation\inputs\cache\nrcan_ceud_transport\2021_tran_on_e_37.xls
nrcan_ceud_transport_provincial,ON,37,Truck Explanatory,truck_fleet,passenger_light_trucks|freight_light_trucks|medium_trucks|heavy_trucks,stocks_and_demands|on_road_effs_and_costs,Sales (thousands)|Medium Trucks,Sales (thousands),Medium Trucks,2008,25.965,thousands,C:\Users\rashi\ESM_databases\canoe-transportation\inputs\cache\nrcan_ceud_transport\2021_tran_on_e_37.xls
nrcan_ceud_transport_provincial,ON,37,Truck Explanatory,truck_fleet,passenger_light_trucks|freight_light_trucks|medium_trucks|heavy_trucks,stocks_and_demands|on_road_effs_and_costs,Sales (thousands)|Heavy Trucks,Sales (thousands),Heavy Trucks,2008,7.736,thousands,C:\Users\rashi\ESM_databases\canoe-transportation\inputs\cache\nrcan_ceud_transport\2021_tran_on_e_37.xls
nrcan_ceud_transport_provincial,ON,37,Truck Explanatory,truck_fleet,passenger_light_trucks|freight_light_trucks|medium_trucks|heavy_trucks,stocks_and_demands|on_road_effs_and_costs,Stock (thousands)|Passenger Light Trucks,Stock (thousands),Passenger Light Trucks,2008,2279.721,thousands,C:\Users\rashi\ESM_databases\canoe-transportation\inputs\cache\nrcan_ceud_transport\2021_tran_on_e_37.xls
nrcan_ceud_transport_provincial,ON,37,Truck Explanatory,truck_fleet,passenger_light_trucks|freight_light_trucks|medium_trucks|heavy_trucks,stocks_and_demands|on_road_effs_and_costs,Stock (thousands)|Freight Light Trucks,Stock (thousands),Freight Light Trucks,2008,633.993,thousands,C:\Users\rashi\ESM_databases\canoe-transportation\inputs\cache\nrcan_ceud_transport\2021_tran_on_e_37.xls
nrcan_ceud_transport_provincial,ON,37,Truck Explanatory,truck_fleet,passenger_light_trucks|freight_light_trucks|medium_trucks|heavy_trucks,stocks_and_demands|on_road_effs_and_costs,Stock (thousands)|Medium Trucks,Stock (thousands),Medium Trucks,2008,277.054,thousands,C:\Users\rashi\ESM_databases\canoe-transportation\inputs\cache\nrcan_ceud_transport\2021_tran_on_e_37.xls
nrcan_ceud_transport_provincial,ON,37,Truck Explanatory,truck_fleet,passenger_light_trucks|freight_light_trucks|medium_trucks|heavy_trucks,stocks_and_demands|on_road_effs_and_costs,Stock (thousands)|Heavy Trucks,Stock (thousands),Heavy Trucks,2008,117.463,thousands,C:\Users\rashi\ESM_databases\canoe-transportation\inputs\cache\nrcan_ceud_transport\2021_tran_on_e_37.xls
nrcan_ceud_transport_provincial,ON,37,Truck Explanatory,truck_fleet,passenger_light_trucks|freight_light_trucks|medium_trucks|heavy_trucks,stocks_and_demands|on_road_effs_and_costs,Average Distance Travelled per Year (km)|Passenger Light Trucks,Average Distance Travelled per Year (km),Passenger Light Trucks,2008,19826.871379,km,C:\Users\rashi\ESM_databases\canoe-transportation\inputs\cache\nrcan_ceud_transport\2021_tran_on_e_37.xls
nrcan_ceud_transport_provincial,ON,37,Truck Explanatory,truck_fleet,passenger_light_trucks|freight_light_trucks|medium_trucks|heavy_trucks,stocks_and_demands|on_road_effs_and_costs,Average Distance Travelled per Year (km)|Freight Light Trucks,Average Distance Travelled per Year (km),Freight Light Trucks,2008,24041.63287,km,C:\Users\rashi\ESM_databases\canoe-transportation\inputs\cache\nrcan_ceud_transport\2021_tran_on_e_37.xls
nrcan_ceud_transport_provincial,ON,37,Truck Explanatory,truck_fleet,passenger_light_trucks|freight_light_trucks|medium_trucks|heavy_trucks,stocks_and_demands|on_road_effs_and_costs,Average Distance Travelled per Year (km)|Medium Trucks,Average Distance Travelled per Year (km),Medium Trucks,2008,26567.695983,km,C:\Users\rashi\ESM_databases\canoe-transportation\inputs\cache\nrcan_ceud_transport\2021_tran_on_e_37.xls
nrcan_ceud_transport_provincial,ON,37,Truck Explanatory,truck_fleet,passenger_light_trucks|freight_light_trucks|medium_trucks|heavy_trucks,stocks_and_demands|on_road_effs_and_costs,Average Distance Travelled per Year (km)|Heavy Trucks,Average Distance Travelled per Year (km),Heavy Trucks,2008,93843.118624,km,C:\Users\rashi\ESM_databases\canoe-transportation\inputs\cache\nrcan_ceud_transport\2021_tran_on_e_37.xls
nrcan_ceud_transport_provincial,ON,37,Truck Explanatory,truck_fleet,passenger_light_trucks|freight_light_trucks|medium_trucks|heavy_trucks,stocks_and_demands|on_road_effs_and_costs,Passenger Light Truck On-Road Average Fuel Consumption (L/100 km)|Motor Gasoline,Passenger Light Truck On-Road Average Fuel Consumption (L/100 km),Motor Gasoline,2008,10.850388,L/100 km,C:\Users\rashi\ESM_databases\canoe-transportation\inputs\cache\nrcan_ceud_transport\2021_tran_on_e_37.xls
nrcan_ceud_transport_provincial,ON,37,Truck Explanatory,truck_fleet,passenger_light_trucks|freight_light_trucks|medium_trucks|heavy_trucks,stocks_and_demands|on_road_effs_and_costs,Passenger Light Truck On-Road Average Fuel Consumption (L/100 km)|Diesel Fuel Oil,Passenger Light Truck On-Road Average Fuel Consumption (L/100 km),Diesel Fuel Oil,2008,9.588018,L/100 km,C:\Users\rashi\ESM_databases\canoe-transportation\inputs\cache\nrcan_ceud_transport\2021_tran_on_e_37.xls
nrcan_ceud_transport_provincial,ON,37,Truck Explanatory,truck_fleet,passenger_light_trucks|freight_light_trucks|medium_trucks|heavy_trucks,stocks_and_demands|on_road_effs_and_costs,Freight Light Truck On-Road Average Fuel Consumption (L/100 km)|Motor Gasoline,Freight Light Truck On-Road Average Fuel Consumption (L/100 km),Motor Gasoline,2008,10.959564,L/100 km,C:\Users\rashi\ESM_databases\canoe-transportation\inputs\cache\nrcan_ceud_transport\2021_tran_on_e_37.xls
nrcan_ceud_transport_provincial,ON,37,Truck Explanatory,truck_fleet,passenger_light_trucks|freight_light_trucks|medium_trucks|heavy_trucks,stocks_and_demands|on_road_effs_and_costs,Freight Light Truck On-Road Average Fuel Consumption (L/100 km)|Diesel Fuel Oil,Freight Light Truck On-Road Average Fuel Consumption (L/100 km),Diesel Fuel Oil,2008,9.838067,L/100 km,C:\Users\rashi\ESM_databases\canoe-transportation\inputs\cache\nrcan_ceud_transport\2021_tran_on_e_37.xls
nrcan_ceud_transport_provincial,ON,37,Truck Explanatory,truck_fleet,passenger_light_trucks|freight_light_trucks|medium_trucks|heavy_trucks,stocks_and_demands|on_road_effs_and_costs,Medium Truck On-Road Average Fuel Consumption (L/100 km)|Motor Gasoline,Medium Truck On-Road Average Fuel Consumption (L/100 km),Motor Gasoline,2008,23.462939,L/100 km,C:\Users\rashi\ESM_databases\canoe-transportation\inputs\cache\nrcan_ceud_transport\2021_tran_on_e_37.xls
nrcan_ceud_transport_provincial,ON,37,Truck Explanatory,truck_fleet,passenger_light_trucks|freight_light_trucks|medium_trucks|heavy_trucks,stocks_and_demands|on_road_effs_and_costs,Medium Truck On-Road Average Fuel Consumption (L/100 km)|Diesel Fuel Oil,Medium Truck On-Road Average Fuel Consumption (L/100 km),Diesel Fuel Oil,2008,23.31,L/100 km,C:\Users\rashi\ESM_databases\canoe-transportation\inputs\cache\nrcan_ceud_transport\2021_tran_on_e_37.xls
nrcan_ceud_transport_provincial,ON,37,Truck Explanatory,truck_fleet,passenger_light_trucks|freight_light_trucks|medium_trucks|heavy_trucks,stocks_and_demands|on_road_effs_and_costs,Heavy Truck On-Road Average Fuel Consumption (L/100 km)|Diesel Fuel Oil,Heavy Truck On-Road Average Fuel Consumption (L/100 km),Diesel Fuel Oil,2008,34.97,L/100 km,C:\Users\rashi\ESM_databases\canoe-transportation\inputs\cache\nrcan_ceud_transport\2021_tran_on_e_37.xls
nrcan_ceud_transport_provincial,ON,37,Truck Explanatory,truck_fleet,passenger_light_trucks|freight_light_trucks|medium_trucks|heavy_trucks,stocks_and_demands|on_road_effs_and_costs,Sales (thousands)|Passenger Light Trucks,Sales (thousands),Passenger Light Trucks,2009,193.341,thousands,C:\Users\rashi\ESM_databases\canoe-transportation\inputs\cache\nrcan_ceud_transport\2021_tran_on_e_37.xls
nrcan_ceud_transport_provincial,ON,37,Truck Explanatory,truck_fleet,passenger_light_trucks|freight_light_trucks|medium_trucks|heavy_trucks,stocks_and_demands|on_road_effs_and_costs,Sales (thousands)|Freight Light Trucks,Sales (thousands),Freight Light Trucks,2009,53.855,thousands,C:\Users\rashi\ESM_databases\canoe-transportation\inputs\cache\nrcan_ceud_transport\2021_tran_on_e_37.xls
nrcan_ceud_transport_provincial,ON,37,Truck Explanatory,truck_fleet,passenger_light_trucks|freight_light_trucks|medium_trucks|heavy_trucks,stocks_and_demands|on_road_effs_and_costs,Sales (thousands)|Medium Trucks,Sales (thousands),Medium Trucks,2009,21.799,thousands,C:\Users\rashi\ESM_databases\canoe-transportation\inputs\cache\nrcan_ceud_transport\2021_tran_on_e_37.xls
nrcan_ceud_transport_provincial,ON,37,Truck Explanatory,truck_fleet,passenger_light_trucks|freight_light_trucks|medium_trucks|heavy_trucks,stocks_and_demands|on_road_effs_and_costs,Sales (thousands)|Heavy Trucks,Sales (thousands),Heavy Trucks,2009,4.546,thousands,C:\Users\rashi\ESM_databases\canoe-transportation\inputs\cache\nrcan_ceud_transport\2021_tran_on_e_37.xls
nrcan_ceud_transport_provincial,ON,37,Truck Explanatory,truck_fleet,passenger_light_trucks|freight_light_trucks|medium_trucks|heavy_trucks,stocks_and_demands|on_road_effs_and_costs,Stock (thousands)|Passenger Light Trucks,Stock (thousands),Passenger Light Trucks,2009,2358.539,thousands,C:\Users\rashi\ESM_databases\canoe-transportation\inputs\cache\nrcan_ceud_transport\2021_tran_on_e_37.xls
nrcan_ceud_transport_provincial,ON,37,Truck Explanatory,truck_fleet,passenger_light_trucks|freight_light_trucks|medium_trucks|heavy_trucks,stocks_and_demands|on_road_effs_and_costs,Stock (thousands)|Freight Light Trucks,Stock (thousands),Freight Light Trucks,2009,656.972,thousands,C:\Users\rashi\ESM_databases\canoe-transportation\inputs\cache\nrcan_ceud_transport\2021_tran_on_e_37.xls
nrcan_ceud_transport_provincial,ON,37,Truck Explanatory,truck_fleet,passenger_light_trucks|freight_light_trucks|medium_trucks|heavy_trucks,stocks_and_demands|on_road_effs_and_costs,Stock (thousands)|Medium Trucks,Stock (thousands),Medium Trucks,2009,293.548,thousands,C:\Users\rashi\ESM_databases\canoe-transportation\inputs\cache\nrcan_ceud_transport\2021_tran_on_e_37.xls
nrcan_ceud_transport_provincial,ON,37,Truck Explanatory,truck_fleet,passenger_light_trucks|freight_light_trucks|medium_trucks|heavy_trucks,stocks_and_demands|on_road_effs_and_costs,Stock (thousands)|Heavy Trucks,Stock (thousands),Heavy Trucks,2009,112.796,thousands,C:\Users\rashi\ESM_databases\canoe-transportation\inputs\cache\nrcan_ceud_transport\2021_tran_on_e_37.xls
nrcan_ceud_transport_provincial,ON,37,Truck Explanatory,truck_fleet,passenger_light_trucks|freight_light_trucks|medium_trucks|heavy_trucks,stocks_and_demands|on_road_effs_and_costs,Average Distance Travelled per Year (km)|Passenger Light Trucks,Average Distance Travelled per Year (km),Passenger Light Trucks,2009,20374.309915,km,C:\Users\rashi\ESM_databases\canoe-transportation\inputs\cache\nrcan_ceud_transport\2021_tran_on_e_37.xls
nrcan_ceud_transport_provincial,ON,37,Truck Explanatory,truck_fleet,passenger_light_trucks|freight_light_trucks|medium_trucks|heavy_trucks,stocks_and_demands|on_road_effs_and_costs,Average Distance Travelled per Year (km)|Freight Light Trucks,Average Distance Travelled per Year (km),Freight Light Trucks,2009,24465.604706,km,C:\Users\rashi\ESM_databases\canoe-transportation\inputs\cache\nrcan_ceud_transport\2021_tran_on_e_37.xls
nrcan_ceud_transport_provincial,ON,37,Truck Explanatory,truck_fleet,passenger_light_trucks|freight_light_trucks|medium_trucks|heavy_trucks,stocks_and_demands|on_road_effs_and_costs,Average Distance Travelled per Year (km)|Medium Trucks,Average Distance Travelled per Year (km),Medium Trucks,2009,25808.455603,km,C:\Users\rashi\ESM_databases\canoe-transportation\inputs\cache\nrcan_ceud_transport\2021_tran_on_e_37.xls
nrcan_ceud_transport_provincial,ON,37,Truck Explanatory,truck_fleet,passenger_light_trucks|freight_light_trucks|medium_trucks|heavy_trucks,stocks_and_demands|on_road_effs_and_costs,Average Distance Travelled per Year (km)|Heavy Trucks,Average Distance Travelled per Year (km),Heavy Trucks,2009,101415.109087,km,C:\Users\rashi\ESM_databases\canoe-transportation\inputs\cache\nrcan_ceud_transport\2021_tran_on_e_37.xls
nrcan_ceud_transport_provincial,ON,37,Truck Explanatory,truck_fleet,passenger_light_trucks|freight_light_trucks|medium_trucks|heavy_trucks,stocks_and_demands|on_road_effs_and_costs,Passenger Light Truck On-Road Average Fuel Consumption (L/100 km)|Motor Gasoline,Passenger Light Truck On-Road Average Fuel Consumption (L/100 km),Motor Gasoline,2009,10.779102,L/100 km,C:\Users\rashi\ESM_databases\canoe-transportation\inputs\cache\nrcan_ceud_transport\2021_tran_on_e_37.xls
nrcan_ceud_transport_provincial,ON,37,Truck Explanatory,truck_fleet,passenger_light_trucks|freight_light_trucks|medium_trucks|heavy_trucks,stocks_and_demands|on_road_effs_and_costs,Passenger Light Truck On-Road Average Fuel Consumption (L/100 km)|Diesel Fuel Oil,Passenger Light Truck On-Road Average Fuel Consumption (L/100 km),Diesel Fuel Oil,2009,8.861622,L/100 km,C:\Users\rashi\ESM_databases\canoe-transportation\inputs\cache\nrcan_ceud_transport\2021_tran_on_e_37.xls
nrcan_ceud_transport_provincial,ON,37,Truck Explanatory,truck_fleet,passenger_light_trucks|freight_light_trucks|medium_trucks|heavy_trucks,stocks_and_demands|on_road_effs_and_costs,Freight Light Truck On-Road Average Fuel Consumption (L/100 km)|Motor Gasoline,Freight Light Truck On-Road Average Fuel Consumption (L/100 km),Motor Gasoline,2009,10.888795,L/100 km,C:\Users\rashi\ESM_databases\canoe-transportation\inputs\cache\nrcan_ceud_transport\2021_tran_on_e_37.xls
nrcan_ceud_transport_provincial,ON,37,Truck Explanatory,truck_fleet,passenger_light_trucks|freight_light_trucks|medium_trucks|heavy_trucks,stocks_and_demands|on_road_effs_and_costs,Freight Light Truck On-Road Average Fuel Consumption (L/100 km)|Diesel Fuel Oil,Freight Light Truck On-Road Average Fuel Consumption (L/100 km),Diesel Fuel Oil,2009,9.11626,L/100 km,C:\Users\rashi\ESM_databases\canoe-transportation\inputs\cache\nrcan_ceud_transport\2021_tran_on_e_37.xls
nrcan_ceud_transport_provincial,ON,37,Truck Explanatory,truck_fleet,passenger_light_trucks|freight_light_trucks|medium_trucks|heavy_trucks,stocks_and_demands|on_road_effs_and_costs,Medium Truck On-Road Average Fuel Consumption (L/100 km)|Motor Gasoline,Medium Truck On-Road Average Fuel Consumption (L/100 km),Motor Gasoline,2009,25.601605,L/100 km,C:\Users\rashi\ESM_databases\canoe-transportation\inputs\cache\nrcan_ceud_transport\2021_tran_on_e_37.xls
nrcan_ceud_transport_provincial,ON,37,Truck Explanatory,truck_fleet,passenger_light_trucks|freight_light_trucks|medium_trucks|heavy_trucks,stocks_and_demands|on_road_effs_and_costs,Medium Truck On-Road Average Fuel Consumption (L/100 km)|Diesel Fuel Oil,Medium Truck On-Road Average Fuel Consumption (L/100 km),Diesel Fuel Oil,2009,24.35,L/100 km,C:\Users\rashi\ESM_databases\canoe-transportation\inputs\cache\nrcan_ceud_transport\2021_tran_on_e_37.xls
nrcan_ceud_transport_provincial,ON,37,Truck Explanatory,truck_fleet,passenger_light_trucks|freight_light_trucks|medium_trucks|heavy_trucks,stocks_and_demands|on_road_effs_and_costs,Heavy Truck On-Road Average Fuel Consumption (L/100 km)|Diesel Fuel Oil,Heavy Truck On-Road Average Fuel Consumption (L/100 km),Diesel Fuel Oil,2009,33.15,L/100 km,C:\Users\rashi\ESM_databases\canoe-transportation\inputs\cache\nrcan_ceud_transport\2021_tran_on_e_37.xls
nrcan_ceud_transport_provincial,ON,37,Truck Explanatory,truck_fleet,passenger_light_trucks|freight_light_trucks|medium_trucks|heavy_trucks,stocks_and_demands|on_road_effs_and_costs,Sales (thousands)|Passenger Light Trucks,Sales (thousands),Passenger Light Trucks,2010,232.059,thousands,C:\Users\rashi\ESM_databases\canoe-transportation\inputs\cache\nrcan_ceud_transport\2021_tran_on_e_37.xls
nrcan_ceud_transport_provincial,ON,37,Truck Explanatory,truck_fleet,passenger_light_trucks|freight_light_trucks|medium_trucks|heavy_trucks,stocks_and_demands|on_road_effs_and_costs,Sales (thousands)|Freight Light Trucks,Sales (thousands),Freight Light Trucks,2010,64.665,thousands,C:\Users\rashi\ESM_databases\canoe-transportation\inputs\cache\nrcan_ceud_transport\2021_tran_on_e_37.xls
nrcan_ceud_transport_provincial,ON,37,Truck Explanatory,truck_fleet,passenger_light_trucks|freight_light_trucks|medium_trucks|heavy_trucks,stocks_and_demands|on_road_effs_and_costs,Sales (thousands)|Medium Trucks,Sales (thousands),Medium Trucks,2010,25.828,thousands,C:\Users\rashi\ESM_databases\canoe-transportation\inputs\cache\nrcan_ceud_transport\2021_tran_on_e_37.xls
nrcan_ceud_transport_provincial,ON,37,Truck Explanatory,truck_fleet,passenger_light_trucks|freight_light_trucks|medium_trucks|heavy_trucks,stocks_and_demands|on_road_effs_and_costs,Sales (thousands)|Heavy Trucks,Sales (thousands),Heavy Trucks,2010,6.347,thousands,C:\Users\rashi\ESM_databases\canoe-transportation\inputs\cache\nrcan_ceud_transport\2021_tran_on_e_37.xls
nrcan_ceud_transport_provincial,ON,37,Truck Explanatory,truck_fleet,passenger_light_trucks|freight_light_trucks|medium_trucks|heavy_trucks,stocks_and_demands|on_road_effs_and_costs,Stock (thousands)|Passenger Light Trucks,Stock (thousands),Passenger Light Trucks,2010,2447.074,thousands,C:\Users\rashi\ESM_databases\canoe-transportation\inputs\cache\nrcan_ceud_transport\2021_tran_on_e_37.xls
nrcan_ceud_transport_provincial,ON,37,Truck Explanatory,truck_fleet,passenger_light_trucks|freight_light_trucks|medium_trucks|heavy_trucks,stocks_and_demands|on_road_effs_and_costs,Stock (thousands)|Freight Light Trucks,Stock (thousands),Freight Light Trucks,2010,681.902,thousands,C:\Users\rashi\ESM_databases\canoe-transportation\inputs\cache\nrcan_ceud_transport\2021_tran_on_e_37.xls
nrcan_ceud_transport_provincial,ON,37,Truck Explanatory,truck_fleet,passenger_light_trucks|freight_light_trucks|medium_trucks|heavy_trucks,stocks_and_demands|on_road_effs_and_costs,Stock (thousands)|Medium Trucks,Stock (thousands),Medium Trucks,2010,314.23,thousands,C:\Users\rashi\ESM_databases\canoe-transportation\inputs\cache\nrcan_ceud_transport\2021_tran_on_e_37.xls
nrcan_ceud_transport_provincial,ON,37,Truck Explanatory,truck_fleet,passenger_light_trucks|freight_light_trucks|medium_trucks|heavy_trucks,stocks_and_demands|on_road_effs_and_costs,Stock (thousands)|Heavy Trucks,Stock (thousands),Heavy Trucks,2010,110.595,thousands,C:\Users\rashi\ESM_databases\canoe-transportation\inputs\cache\nrcan_ceud_transport\2021_tran_on_e_37.xls
nrcan_ceud_transport_provincial,ON,37,Truck Explanatory,truck_fleet,passenger_light_trucks|freight_light_trucks|medium_trucks|heavy_trucks,stocks_and_demands|on_road_effs_and_costs,Average Distance Travelled per Year (km)|Passenger Light Trucks,Average Distance Travelled per Year (km),Passenger Light Trucks,2010,20698.262454,km,C:\Users\rashi\ESM_databases\canoe-transportation\inputs\cache\nrcan_ceud_transport\2021_tran_on_e_37.xls
nrcan_ceud_transport_provincial,ON,37,Truck Explanatory,truck_fleet,passenger_light_trucks|freight_light_trucks|medium_trucks|heavy_trucks,stocks_and_demands|on_road_effs_and_costs,Average Distance Travelled per Year (km)|Freight Light Trucks,Average Distance Travelled per Year (km),Freight Light Trucks,2010,24892.049095,km,C:\Users\rashi\ESM_databases\canoe-transportation\inputs\cache\nrcan_ceud_transport\2021_tran_on_e_37.xls
nrcan_ceud_transport_provincial,ON,37,Truck Explanatory,truck_fleet,passenger_light_trucks|freight_light_trucks|medium_trucks|heavy_trucks,stocks_and_demands|on_road_effs_and_costs,Average Distance Travelled per Year (km)|Medium Trucks,Average Distance Travelled per Year (km),Medium Trucks,2010,27585.501656,km,C:\Users\rashi\ESM_databases\canoe-transportation\inputs\cache\nrcan_ceud_transport\2021_tran_on_e_37.xls
nrcan_ceud_transport_provincial,ON,37,Truck Explanatory,truck_fleet,passenger_light_trucks|freight_light_trucks|medium_trucks|heavy_trucks,stocks_and_demands|on_road_effs_and_costs,Average Distance Travelled per Year (km)|Heavy Trucks,Average Distance Travelled per Year (km),Heavy Trucks,2010,107797.881327,km,C:\Users\rashi\ESM_databases\canoe-transportation\inputs\cache\nrcan_ceud_transport\2021_tran_on_e_37.xls
nrcan_ceud_transport_provincial,ON,37,Truck Explanatory,truck_fleet,passenger_light_trucks|freight_light_trucks|medium_trucks|heavy_trucks,stocks_and_demands|on_road_effs_and_costs,Passenger Light Truck On-Road Average Fuel Consumption (L/100 km)|Motor Gasoline,Passenger Light Truck On-Road Average Fuel Consumption (L/100 km),Motor Gasoline,2010,10.699865,L/100 km,C:\Users\rashi\ESM_databases\canoe-transportation\inputs\cache\nrcan_ceud_transport\2021_tran_on_e_37.xls
nrcan_ceud_transport_provincial,ON,37,Truck Explanatory,truck_fleet,passenger_light_trucks|freight_light_trucks|medium_trucks|heavy_trucks,stocks_and_demands|on_road_effs_and_costs,Passenger Light Truck On-Road Average Fuel Consumption (L/100 km)|Diesel Fuel Oil,Passenger Light Truck On-Road Average Fuel Consumption (L/100 km),Diesel Fuel Oil,2010,8.478514,L/100 km,C:\Users\rashi\ESM_databases\canoe-transportation\inputs\cache\nrcan_ceud_transport\2021_tran_on_e_37.xls
nrcan_ceud_transport_provincial,ON,37,Truck Explanatory,truck_fleet,passenger_light_trucks|freight_light_trucks|medium_trucks|heavy_trucks,stocks_and_demands|on_road_effs_and_costs,Freight Light Truck On-Road Average Fuel Consumption (L/100 km)|Motor Gasoline,Freight Light Truck On-Road Average Fuel Consumption (L/100 km),Motor Gasoline,2010,10.812199,L/100 km,C:\Users\rashi\ESM_databases\canoe-transportation\inputs\cache\nrcan_ceud_transport\2021_tran_on_e_37.xls
nrcan_ceud_transport_provincial,ON,37,Truck Explanatory,truck_fleet,passenger_light_trucks|freight_light_trucks|medium_trucks|heavy_trucks,stocks_and_demands|on_road_effs_and_costs,Freight Light Truck On-Road Average Fuel Consumption (L/100 km)|Diesel Fuel Oil,Freight Light Truck On-Road Average Fuel Consumption (L/100 km),Diesel Fuel Oil,2010,8.710846,L/100 km,C:\Users\rashi\ESM_databases\canoe-transportation\inputs\cache\nrcan_ceud_transport\2021_tran_on_e_37.xls
nrcan_ceud_transport_provincial,ON,37,Truck Explanatory,truck_fleet,passenger_light_trucks|freight_light_trucks|medium_trucks|heavy_trucks,stocks_and_demands|on_road_effs_and_costs,Medium Truck On-Road Average Fuel Consumption (L/100 km)|Motor Gasoline,Medium Truck On-Road Average Fuel Consumption (L/100 km),Motor Gasoline,2010,23.396391,L/100 km,C:\Users\rashi\ESM_databases\canoe-transportation\inputs\cache\nrcan_ceud_transport\2021_tran_on_e_37.xls
nrcan_ceud_transport_provincial,ON,37,Truck Explanatory,truck_fleet,passenger_light_trucks|freight_light_trucks|medium_trucks|heavy_trucks,stocks_and_demands|on_road_effs_and_costs,Medium Truck On-Road Average Fuel Consumption (L/100 km)|Diesel Fuel Oil,Medium Truck On-Road Average Fuel Consumption (L/100 km),Diesel Fuel Oil,2010,23.16,L/100 km,C:\Users\rashi\ESM_databases\canoe-transportation\inputs\cache\nrcan_ceud_transport\2021_tran_on_e_37.xls
nrcan_ceud_transport_provincial,ON,37,Truck Explanatory,truck_fleet,passenger_light_trucks|freight_light_trucks|medium_trucks|heavy_trucks,stocks_and_demands|on_road_effs_and_costs,Heavy Truck On-Road Average Fuel Consumption (L/100 km)|Diesel Fuel Oil,Heavy Truck On-Road Average Fuel Consumption (L/100 km),Diesel Fuel Oil,2010,33.18,L/100 km,C:\Users\rashi\ESM_databases\canoe-transportation\inputs\cache\nrcan_ceud_transport\2021_tran_on_e_37.xls
nrcan_ceud_transport_provincial,ON,37,Truck Explanatory,truck_fleet,passenger_light_trucks|freight_light_trucks|medium_trucks|heavy_trucks,stocks_and_demands|on_road_effs_and_costs,Sales (thousands)|Passenger Light Trucks,Sales (thousands),Passenger Light Trucks,2011,231.805,thousands,C:\Users\rashi\ESM_databases\canoe-transportation\inputs\cache\nrcan_ceud_transport\2021_tran_on_e_37.xls
nrcan_ceud_transport_provincial,ON,37,Truck Explanatory,truck_fleet,passenger_light_trucks|freight_light_trucks|medium_trucks|heavy_trucks,stocks_and_demands|on_road_effs_and_costs,Sales (thousands)|Freight Light Trucks,Sales (thousands),Freight Light Trucks,2011,64.575,thousands,C:\Users\rashi\ESM_databases\canoe-transportation\inputs\cache\nrcan_ceud_transport\2021_tran_on_e_37.xls
nrcan_ceud_transport_provincial,ON,37,Truck Explanatory,truck_fleet,passenger_light_trucks|freight_light_trucks|medium_trucks|heavy_trucks,stocks_and_demands|on_road_effs_and_costs,Sales (thousands)|Medium Trucks,Sales (thousands),Medium Trucks,2011,26.568,thousands,C:\Users\rashi\ESM_databases\canoe-transportation\inputs\cache\nrcan_ceud_transport\2021_tran_on_e_37.xls
nrcan_ceud_transport_provincial,ON,37,Truck Explanatory,truck_fleet,passenger_light_trucks|freight_light_trucks|medium_trucks|heavy_trucks,stocks_and_demands|on_road_effs_and_costs,Sales (thousands)|Heavy Trucks,Sales (thousands),Heavy Trucks,2011,8.194,thousands,C:\Users\rashi\ESM_databases\canoe-transportation\inputs\cache\nrcan_ceud_transport\2021_tran_on_e_37.xls
nrcan_ceud_transport_provincial,ON,37,Truck Explanatory,truck_fleet,passenger_light_trucks|freight_light_trucks|medium_trucks|heavy_trucks,stocks_and_demands|on_road_effs_and_costs,Stock (thousands)|Passenger Light Trucks,Stock (thousands),Passenger Light Trucks,2011,2539.029,thousands,C:\Users\rashi\ESM_databases\canoe-transportation\inputs\cache\nrcan_ceud_transport\2021_tran_on_e_37.xls
nrcan_ceud_transport_provincial,ON,37,Truck Explanatory,truck_fleet,passenger_light_trucks|freight_light_trucks|medium_trucks|heavy_trucks,stocks_and_demands|on_road_effs_and_costs,Stock (thousands)|Freight Light Trucks,Stock (thousands),Freight Light Trucks,2011,707.305,thousands,C:\Users\rashi\ESM_databases\canoe-transportation\inputs\cache\nrcan_ceud_transport\2021_tran_on_e_37.xls
nrcan_ceud_transport_provincial,ON,37,Truck Explanatory,truck_fleet,passenger_light_trucks|freight_light_trucks|medium_trucks|heavy_trucks,stocks_and_demands|on_road_effs_and_costs,Stock (thousands)|Medium Trucks,Stock (thousands),Medium Trucks,2011,317.724,thousands,C:\Users\rashi\ESM_databases\canoe-transportation\inputs\cache\nrcan_ceud_transport\2021_tran_on_e_37.xls
nrcan_ceud_transport_provincial,ON,37,Truck Explanatory,truck_fleet,passenger_light_trucks|freight_light_trucks|medium_trucks|heavy_trucks,stocks_and_demands|on_road_effs_and_costs,Stock (thousands)|Heavy Trucks,Stock (thousands),Heavy Trucks,2011,114.242,thousands,C:\Users\rashi\ESM_databases\canoe-transportation\inputs\cache\nrcan_ceud_transport\2021_tran_on_e_37.xls
nrcan_ceud_transport_provincial,ON,37,Truck Explanatory,truck_fleet,passenger_light_trucks|freight_light_trucks|medium_trucks|heavy_trucks,stocks_and_demands|on_road_effs_and_costs,Average Distance Travelled per Year (km)|Passenger Light Trucks,Average Distance Travelled per Year (km),Passenger Light Trucks,2011,20434.173476,km,C:\Users\rashi\ESM_databases\canoe-transportation\inputs\cache\nrcan_ceud_transport\2021_tran_on_e_37.xls
nrcan_ceud_transport_provincial,ON,37,Truck Explanatory,truck_fleet,passenger_light_trucks|freight_light_trucks|medium_trucks|heavy_trucks,stocks_and_demands|on_road_effs_and_costs,Average Distance Travelled per Year (km)|Freight Light Trucks,Average Distance Travelled per Year (km),Freight Light Trucks,2011,24732.863441,km,C:\Users\rashi\ESM_databases\canoe-transportation\inputs\cache\nrcan_ceud_transport\2021_tran_on_e_37.xls
nrcan_ceud_transport_provincial,ON,37,Truck Explanatory,truck_fleet,passenger_light_trucks|freight_light_trucks|medium_trucks|heavy_trucks,stocks_and_demands|on_road_effs_and_costs,Average Distance Travelled per Year (km)|Medium Trucks,Average Distance Travelled per Year (km),Medium Trucks,2011,27006.632751,km,C:\Users\rashi\ESM_databases\canoe-transportation\inputs\cache\nrcan_ceud_transport\2021_tran_on_e_37.xls
nrcan_ceud_transport_provincial,ON,37,Truck Explanatory,truck_fleet,passenger_light_trucks|freight_light_trucks|medium_trucks|heavy_trucks,stocks_and_demands|on_road_effs_and_costs,Average Distance Travelled per Year (km)|Heavy Trucks,Average Distance Travelled per Year (km),Heavy Trucks,2011,112697.896135,km,C:\Users\rashi\ESM_databases\canoe-transportation\inputs\cache\nrcan_ceud_transport\2021_tran_on_e_37.xls
nrcan_ceud_transport_provincial,ON,37,Truck Explanatory,truck_fleet,passenger_light_trucks|freight_light_trucks|medium_trucks|heavy_trucks,stocks_and_demands|on_road_effs_and_costs,Passenger Light Truck On-Road Average Fuel Consumption (L/100 km)|Motor Gasoline,Passenger Light Truck On-Road Average Fuel Consumption (L/100 km),Motor Gasoline,2011,10.652596,L/100 km,C:\Users\rashi\ESM_databases\canoe-transportation\inputs\cache\nrcan_ceud_transport\2021_tran_on_e_37.xls
nrcan_ceud_transport_provincial,ON,37,Truck Explanatory,truck_fleet,passenger_light_trucks|freight_light_trucks|medium_trucks|heavy_trucks,stocks_and_demands|on_road_effs_and_costs,Passenger Light Truck On-Road Average Fuel Consumption (L/100 km)|Diesel Fuel Oil,Passenger Light Truck On-Road Average Fuel Consumption (L/100 km),Diesel Fuel Oil,2011,8.083199,L/100 km,C:\Users\rashi\ESM_databases\canoe-transportation\inputs\cache\nrcan_ceud_transport\2021_tran_on_e_37.xls
nrcan_ceud_transport_provincial,ON,37,Truck Explanatory,truck_fleet,passenger_light_trucks|freight_light_trucks|medium_trucks|heavy_trucks,stocks_and_demands|on_road_effs_and_costs,Freight Light Truck On-Road Average Fuel Consumption (L/100 km)|Motor Gasoline,Freight Light Truck On-Road Average Fuel Consumption (L/100 km),Motor Gasoline,2011,10.767234,L/100 km,C:\Users\rashi\ESM_databases\canoe-transportation\inputs\cache\nrcan_ceud_transport\2021_tran_on_e_37.xls
nrcan_ceud_transport_provincial,ON,37,Truck Explanatory,truck_fleet,passenger_light_trucks|freight_light_trucks|medium_trucks|heavy_trucks,stocks_and_demands|on_road_effs_and_costs,Freight Light Truck On-Road Average Fuel Consumption (L/100 km)|Diesel Fuel Oil,Freight Light Truck On-Road Average Fuel Consumption (L/100 km),Diesel Fuel Oil,2011,8.280212,L/100 km,C:\Users\rashi\ESM_databases\canoe-transportation\inputs\cache\nrcan_ceud_transport\2021_tran_on_e_37.xls
nrcan_ceud_transport_provincial,ON,37,Truck Explanatory,truck_fleet,passenger_light_trucks|freight_light_trucks|medium_trucks|heavy_trucks,stocks_and_demands|on_road_effs_and_costs,Medium Truck On-Road Average Fuel Consumption (L/100 km)|Motor Gasoline,Medium Truck On-Road Average Fuel Consumption (L/100 km),Motor Gasoline,2011,23.153519,L/100 km,C:\Users\rashi\ESM_databases\canoe-transportation\inputs\cache\nrcan_ceud_transport\2021_tran_on_e_37.xls
nrcan_ceud_transport_provincial,ON,37,Truck Explanatory,truck_fleet,passenger_light_trucks|freight_light_trucks|medium_trucks|heavy_trucks,stocks_and_demands|on_road_effs_and_costs,Medium Truck On-Road Average Fuel Consumption (L/100 km)|Diesel Fuel Oil,Medium Truck On-Road Average Fuel Consumption (L/100 km),Diesel Fuel Oil,2011,22.8,L/100 km,C:\Users\rashi\ESM_databases\canoe-transportation\inputs\cache\nrcan_ceud_transport\2021_tran_on_e_37.xls
nrcan_ceud_transport_provincial,ON,37,Truck Explanatory,truck_fleet,passenger_light_trucks|freight_light_trucks|medium_trucks|heavy_trucks,stocks_and_demands|on_road_effs_and_costs,Heavy Truck On-Road Average Fuel Consumption (L/100 km)|Diesel Fuel Oil,Heavy Truck On-Road Average Fuel Consumption (L/100 km),Diesel Fuel Oil,2011,32.82,L/100 km,C:\Users\rashi\ESM_databases\canoe-transportation\inputs\cache\nrcan_ceud_transport\2021_tran_on_e_37.xls
nrcan_ceud_transport_provincial,ON,37,Truck Explanatory,truck_fleet,passenger_light_trucks|freight_light_trucks|medium_trucks|heavy_trucks,stocks_and_demands|on_road_effs_and_costs,Sales (thousands)|Passenger Light Trucks,Sales (thousands),Passenger Light Trucks,2012,229.675,thousands,C:\Users\rashi\ESM_databases\canoe-transportation\inputs\cache\nrcan_ceud_transport\2021_tran_on_e_37.xls
nrcan_ceud_transport_provincial,ON,37,Truck Explanatory,truck_fleet,passenger_light_trucks|freight_light_trucks|medium_trucks|heavy_trucks,stocks_and_demands|on_road_effs_and_costs,Sales (thousands)|Freight Light Trucks,Sales (thousands),Freight Light Trucks,2012,63.997,thousands,C:\Users\rashi\ESM_databases\canoe-transportation\inputs\cache\nrcan_ceud_transport\2021_tran_on_e_37.xls
nrcan_ceud_transport_provincial,ON,37,Truck Explanatory,truck_fleet,passenger_light_trucks|freight_light_trucks|medium_trucks|heavy_trucks,stocks_and_demands|on_road_effs_and_costs,Sales (thousands)|Medium Trucks,Sales (thousands),Medium Trucks,2012,26.096,thousands,C:\Users\rashi\ESM_databases\canoe-transportation\inputs\cache\nrcan_ceud_transport\2021_tran_on_e_37.xls
nrcan_ceud_transport_provincial,ON,37,Truck Explanatory,truck_fleet,passenger_light_trucks|freight_light_trucks|medium_trucks|heavy_trucks,stocks_and_demands|on_road_effs_and_costs,Sales (thousands)|Heavy Trucks,Sales (thousands),Heavy Trucks,2012,9.585,thousands,C:\Users\rashi\ESM_databases\canoe-transportation\inputs\cache\nrcan_ceud_transport\2021_tran_on_e_37.xls
nrcan_ceud_transport_provincial,ON,37,Truck Explanatory,truck_fleet,passenger_light_trucks|freight_light_trucks|medium_trucks|heavy_trucks,stocks_and_demands|on_road_effs_and_costs,Stock (thousands)|Passenger Light Trucks,Stock (thousands),Passenger Light Trucks,2012,2600.886,thousands,C:\Users\rashi\ESM_databases\canoe-transportation\inputs\cache\nrcan_ceud_transport\2021_tran_on_e_37.xls
nrcan_ceud_transport_provincial,ON,37,Truck Explanatory,truck_fleet,passenger_light_trucks|freight_light_trucks|medium_trucks|heavy_trucks,stocks_and_demands|on_road_effs_and_costs,Stock (thousands)|Freight Light Trucks,Stock (thousands),Freight Light Trucks,2012,724.715,thousands,C:\Users\rashi\ESM_databases\canoe-transportation\inputs\cache\nrcan_ceud_transport\2021_tran_on_e_37.xls
nrcan_ceud_transport_provincial,ON,37,Truck Explanatory,truck_fleet,passenger_light_trucks|freight_light_trucks|medium_trucks|heavy_trucks,stocks_and_demands|on_road_effs_and_costs,Stock (thousands)|Medium Trucks,Stock (thousands),Medium Trucks,2012,317.974,thousands,C:\Users\rashi\ESM_databases\canoe-transportation\inputs\cache\nrcan_ceud_transport\2021_tran_on_e_37.xls
nrcan_ceud_transport_provincial,ON,37,Truck Explanatory,truck_fleet,passenger_light_trucks|freight_light_trucks|medium_trucks|heavy_trucks,stocks_and_demands|on_road_effs_and_costs,Stock (thousands)|Heavy Trucks,Stock (thousands),Heavy Trucks,2012,116.125,thousands,C:\Users\rashi\ESM_databases\canoe-transportation\inputs\cache\nrcan_ceud_transport\2021_tran_on_e_37.xls
nrcan_ceud_transport_provincial,ON,37,Truck Explanatory,truck_fleet,passenger_light_trucks|freight_light_trucks|medium_trucks|heavy_trucks,stocks_and_demands|on_road_effs_and_costs,Average Distance Travelled per Year (km)|Passenger Light Trucks,Average Distance Travelled per Year (km),Passenger Light Trucks,2012,19073.914884,km,C:\Users\rashi\ESM_databases\canoe-transportation\inputs\cache\nrcan_ceud_transport\2021_tran_on_e_37.xls
nrcan_ceud_transport_provincial,ON,37,Truck Explanatory,truck_fleet,passenger_light_trucks|freight_light_trucks|medium_trucks|heavy_trucks,stocks_and_demands|on_road_effs_and_costs,Average Distance Travelled per Year (km)|Freight Light Trucks,Average Distance Travelled per Year (km),Freight Light Trucks,2012,23325.677682,km,C:\Users\rashi\ESM_databases\canoe-transportation\inputs\cache\nrcan_ceud_transport\2021_tran_on_e_37.xls
nrcan_ceud_transport_provincial,ON,37,Truck Explanatory,truck_fleet,passenger_light_trucks|freight_light_trucks|medium_trucks|heavy_trucks,stocks_and_demands|on_road_effs_and_costs,Average Distance Travelled per Year (km)|Medium Trucks,Average Distance Travelled per Year (km),Medium Trucks,2012,24754.103327,km,C:\Users\rashi\ESM_databases\canoe-transportation\inputs\cache\nrcan_ceud_transport\2021_tran_on_e_37.xls
nrcan_ceud_transport_provincial,ON,37,Truck Explanatory,truck_fleet,passenger_light_trucks|freight_light_trucks|medium_trucks|heavy_trucks,stocks_and_demands|on_road_effs_and_costs,Average Distance Travelled per Year (km)|Heavy Trucks,Average Distance Travelled per Year (km),Heavy Trucks,2012,112477.160467,km,C:\Users\rashi\ESM_databases\canoe-transportation\inputs\cache\nrcan_ceud_transport\2021_tran_on_e_37.xls
nrcan_ceud_transport_provincial,ON,37,Truck Explanatory,truck_fleet,passenger_light_trucks|freight_light_trucks|medium_trucks|heavy_trucks,stocks_and_demands|on_road_effs_and_costs,Passenger Light Truck On-Road Average Fuel Consumption (L/100 km)|Motor Gasoline,Passenger Light Truck On-Road Average Fuel Consumption (L/100 km),Motor Gasoline,2012,10.599635,L/100 km,C:\Users\rashi\ESM_databases\canoe-transportation\inputs\cache\nrcan_ceud_transport\2021_tran_on_e_37.xls
nrcan_ceud_transport_provincial,ON,37,Truck Explanatory,truck_fleet,passenger_light_trucks|freight_light_trucks|medium_trucks|heavy_trucks,stocks_and_demands|on_road_effs_and_costs,Passenger Light Truck On-Road Average Fuel Consumption (L/100 km)|Diesel Fuel Oil,Passenger Light Truck On-Road Average Fuel Consumption (L/100 km),Diesel Fuel Oil,2012,7.904897,L/100 km,C:\Users\rashi\ESM_databases\canoe-transportation\inputs\cache\nrcan_ceud_transport\2021_tran_on_e_37.xls
nrcan_ceud_transport_provincial,ON,37,Truck Explanatory,truck_fleet,passenger_light_trucks|freight_light_trucks|medium_trucks|heavy_trucks,stocks_and_demands|on_road_effs_and_costs,Freight Light Truck On-Road Average Fuel Consumption (L/100 km)|Motor Gasoline,Freight Light Truck On-Road Average Fuel Consumption (L/100 km),Motor Gasoline,2012,10.711401,L/100 km,C:\Users\rashi\ESM_databases\canoe-transportation\inputs\cache\nrcan_ceud_transport\2021_tran_on_e_37.xls
nrcan_ceud_transport_provincial,ON,37,Truck Explanatory,truck_fleet,passenger_light_trucks|freight_light_trucks|medium_trucks|heavy_trucks,stocks_and_demands|on_road_effs_and_costs,Freight Light Truck On-Road Average Fuel Consumption (L/100 km)|Diesel Fuel Oil,Freight Light Truck On-Road Average Fuel Consumption (L/100 km),Diesel Fuel Oil,2012,8.057605,L/100 km,C:\Users\rashi\ESM_databases\canoe-transportation\inputs\cache\nrcan_ceud_transport\2021_tran_on_e_37.xls
nrcan_ceud_transport_provincial,ON,37,Truck Explanatory,truck_fleet,passenger_light_trucks|freight_light_trucks|medium_trucks|heavy_trucks,stocks_and_demands|on_road_effs_and_costs,Medium Truck On-Road Average Fuel Consumption (L/100 km)|Motor Gasoline,Medium Truck On-Road Average Fuel Consumption (L/100 km),Motor Gasoline,2012,22.881936,L/100 km,C:\Users\rashi\ESM_databases\canoe-transportation\inputs\cache\nrcan_ceud_transport\2021_tran_on_e_37.xls
nrcan_ceud_transport_provincial,ON,37,Truck Explanatory,truck_fleet,passenger_light_trucks|freight_light_trucks|medium_trucks|heavy_trucks,stocks_and_demands|on_road_effs_and_costs,Medium Truck On-Road Average Fuel Consumption (L/100 km)|Diesel Fuel Oil,Medium Truck On-Road Average Fuel Consumption (L/100 km),Diesel Fuel Oil,2012,22.44,L/100 km,C:\Users\rashi\ESM_databases\canoe-transportation\inputs\cache\nrcan_ceud_transport\2021_tran_on_e_37.xls
nrcan_ceud_transport_provincial,ON,37,Truck Explanatory,truck_fleet,passenger_light_trucks|freight_light_trucks|medium_trucks|heavy_trucks,stocks_and_demands|on_road_effs_and_costs,Heavy Truck On-Road Average Fuel Consumption (L/100 km)|Diesel Fuel Oil,Heavy Truck On-Road Average Fuel Consumption (L/100 km),Diesel Fuel Oil,2012,32.46,L/100 km,C:\Users\rashi\ESM_databases\canoe-transportation\inputs\cache\nrcan_ceud_transport\2021_tran_on_e_37.xls
nrcan_ceud_transport_provincial,ON,37,Truck Explanatory,truck_fleet,passenger_light_trucks|freight_light_trucks|medium_trucks|heavy_trucks,stocks_and_demands|on_road_effs_and_costs,Sales (thousands)|Passenger Light Trucks,Sales (thousands),Passenger Light Trucks,2013,245.554,thousands,C:\Users\rashi\ESM_databases\canoe-transportation\inputs\cache\nrcan_ceud_transport\2021_tran_on_e_37.xls
nrcan_ceud_transport_provincial,ON,37,Truck Explanatory,truck_fleet,passenger_light_trucks|freight_light_trucks|medium_trucks|heavy_trucks,stocks_and_demands|on_road_effs_and_costs,Sales (thousands)|Freight Light Trucks,Sales (thousands),Freight Light Trucks,2013,68.533,thousands,C:\Users\rashi\ESM_databases\canoe-transportation\inputs\cache\nrcan_ceud_transport\2021_tran_on_e_37.xls
nrcan_ceud_transport_provincial,ON,37,Truck Explanatory,truck_fleet,passenger_light_trucks|freight_light_trucks|medium_trucks|heavy_trucks,stocks_and_demands|on_road_effs_and_costs,Sales (thousands)|Medium Trucks,Sales (thousands),Medium Trucks,2013,26.707,thousands,C:\Users\rashi\ESM_databases\canoe-transportation\inputs\cache\nrcan_ceud_transport\2021_tran_on_e_37.xls
nrcan_ceud_transport_provincial,ON,37,Truck Explanatory,truck_fleet,passenger_light_trucks|freight_light_trucks|medium_trucks|heavy_trucks,stocks_and_demands|on_road_effs_and_costs,Sales (thousands)|Heavy Trucks,Sales (thousands),Heavy Trucks,2013,8.687,thousands,C:\Users\rashi\ESM_databases\canoe-transportation\inputs\cache\nrcan_ceud_transport\2021_tran_on_e_37.xls
nrcan_ceud_transport_provincial,ON,37,Truck Explanatory,truck_fleet,passenger_light_trucks|freight_light_trucks|medium_trucks|heavy_trucks,stocks_and_demands|on_road_effs_and_costs,Stock (thousands)|Passenger Light Trucks,Stock (thousands),Passenger Light Trucks,2013,2745.83,thousands,C:\Users\rashi\ESM_databases\canoe-transportation\inputs\cache\nrcan_ceud_transport\2021_tran_on_e_37.xls
nrcan_ceud_transport_provincial,ON,37,Truck Explanatory,truck_fleet,passenger_light_trucks|freight_light_trucks|medium_trucks|heavy_trucks,stocks_and_demands|on_road_effs_and_costs,Stock (thousands)|Freight Light Trucks,Stock (thousands),Freight Light Trucks,2013,766.345,thousands,C:\Users\rashi\ESM_databases\canoe-transportation\inputs\cache\nrcan_ceud_transport\2021_tran_on_e_37.xls
nrcan_ceud_transport_provincial,ON,37,Truck Explanatory,truck_fleet,passenger_light_trucks|freight_light_trucks|medium_trucks|heavy_trucks,stocks_and_demands|on_road_effs_and_costs,Stock (thousands)|Medium Trucks,Stock (thousands),Medium Trucks,2013,327.849,thousands,C:\Users\rashi\ESM_databases\canoe-transportation\inputs\cache\nrcan_ceud_transport\2021_tran_on_e_37.xls
nrcan_ceud_transport_provincial,ON,37,Truck Explanatory,truck_fleet,passenger_light_trucks|freight_light_trucks|medium_trucks|heavy_trucks,stocks_and_demands|on_road_effs_and_costs,Stock (thousands)|Heavy Trucks,Stock (thousands),Heavy Trucks,2013,117.84,thousands,C:\Users\rashi\ESM_databases\canoe-transportation\inputs\cache\nrcan_ceud_transport\2021_tran_on_e_37.xls
nrcan_ceud_transport_provincial,ON,37,Truck Explanatory,truck_fleet,passenger_light_trucks|freight_light_trucks|medium_trucks|heavy_trucks,stocks_and_demands|on_road_effs_and_costs,Average Distance Travelled per Year (km)|Passenger Light Trucks,Average Distance Travelled per Year (km),Passenger Light Trucks,2013,19802.15583,km,C:\Users\rashi\ESM_databases\canoe-transportation\inputs\cache\nrcan_ceud_transport\2021_tran_on_e_37.xls
nrcan_ceud_transport_provincial,ON,37,Truck Explanatory,truck_fleet,passenger_light_trucks|freight_light_trucks|medium_trucks|heavy_trucks,stocks_and_demands|on_road_effs_and_costs,Average Distance Travelled per Year (km)|Freight Light Trucks,Average Distance Travelled per Year (km),Freight Light Trucks,2013,23760.897179,km,C:\Users\rashi\ESM_databases\canoe-transportation\inputs\cache\nrcan_ceud_transport\2021_tran_on_e_37.xls
nrcan_ceud_transport_provincial,ON,37,Truck Explanatory,truck_fleet,passenger_light_trucks|freight_light_trucks|medium_trucks|heavy_trucks,stocks_and_demands|on_road_effs_and_costs,Average Distance Travelled per Year (km)|Medium Trucks,Average Distance Travelled per Year (km),Medium Trucks,2013,24106.878639,km,C:\Users\rashi\ESM_databases\canoe-transportation\inputs\cache\nrcan_ceud_transport\2021_tran_on_e_37.xls
nrcan_ceud_transport_provincial,ON,37,Truck Explanatory,truck_fleet,passenger_light_trucks|freight_light_trucks|medium_trucks|heavy_trucks,stocks_and_demands|on_road_effs_and_costs,Average Distance Travelled per Year (km)|Heavy Trucks,Average Distance Travelled per Year (km),Heavy Trucks,2013,111456.408367,km,C:\Users\rashi\ESM_databases\canoe-transportation\inputs\cache\nrcan_ceud_transport\2021_tran_on_e_37.xls
nrcan_ceud_transport_provincial,ON,37,Truck Explanatory,truck_fleet,passenger_light_trucks|freight_light_trucks|medium_trucks|heavy_trucks,stocks_and_demands|on_road_effs_and_costs,Passenger Light Truck On-Road Average Fuel Consumption (L/100 km)|Motor Gasoline,Passenger Light Truck On-Road Average Fuel Consumption (L/100 km),Motor Gasoline,2013,10.511321,L/100 km,C:\Users\rashi\ESM_databases\canoe-transportation\inputs\cache\nrcan_ceud_transport\2021_tran_on_e_37.xls
nrcan_ceud_transport_provincial,ON,37,Truck Explanatory,truck_fleet,passenger_light_trucks|freight_light_trucks|medium_trucks|heavy_trucks,stocks_and_demands|on_road_effs_and_costs,Passenger Light Truck On-Road Average Fuel Consumption (L/100 km)|Diesel Fuel Oil,Passenger Light Truck On-Road Average Fuel Consumption (L/100 km),Diesel Fuel Oil,2013,7.727518,L/100 km,C:\Users\rashi\ESM_databases\canoe-transportation\inputs\cache\nrcan_ceud_transport\2021_tran_on_e_37.xls
nrcan_ceud_transport_provincial,ON,37,Truck Explanatory,truck_fleet,passenger_light_trucks|freight_light_trucks|medium_trucks|heavy_trucks,stocks_and_demands|on_road_effs_and_costs,Freight Light Truck On-Road Average Fuel Consumption (L/100 km)|Motor Gasoline,Freight Light Truck On-Road Average Fuel Consumption (L/100 km),Motor Gasoline,2013,10.625908,L/100 km,C:\Users\rashi\ESM_databases\canoe-transportation\inputs\cache\nrcan_ceud_transport\2021_tran_on_e_37.xls
nrcan_ceud_transport_provincial,ON,37,Truck Explanatory,truck_fleet,passenger_light_trucks|freight_light_trucks|medium_trucks|heavy_trucks,stocks_and_demands|on_road_effs_and_costs,Freight Light Truck On-Road Average Fuel Consumption (L/100 km)|Diesel Fuel Oil,Freight Light Truck On-Road Average Fuel Consumption (L/100 km),Diesel Fuel Oil,2013,7.83875,L/100 km,C:\Users\rashi\ESM_databases\canoe-transportation\inputs\cache\nrcan_ceud_transport\2021_tran_on_e_37.xls
nrcan_ceud_transport_provincial,ON,37,Truck Explanatory,truck_fleet,passenger_light_trucks|freight_light_trucks|medium_trucks|heavy_trucks,stocks_and_demands|on_road_effs_and_costs,Medium Truck On-Road Average Fuel Consumption (L/100 km)|Motor Gasoline,Medium Truck On-Road Average Fuel Consumption (L/100 km),Motor Gasoline,2013,22.534683,L/100 km,C:\Users\rashi\ESM_databases\canoe-transportation\inputs\cache\nrcan_ceud_transport\2021_tran_on_e_37.xls
nrcan_ceud_transport_provincial,ON,37,Truck Explanatory,truck_fleet,passenger_light_trucks|freight_light_trucks|medium_trucks|heavy_trucks,stocks_and_demands|on_road_effs_and_costs,Medium Truck On-Road Average Fuel Consumption (L/100 km)|Diesel Fuel Oil,Medium Truck On-Road Average Fuel Consumption (L/100 km),Diesel Fuel Oil,2013,22.08,L/100 km,C:\Users\rashi\ESM_databases\canoe-transportation\inputs\cache\nrcan_ceud_transport\2021_tran_on_e_37.xls
nrcan_ceud_transport_provincial,ON,37,Truck Explanatory,truck_fleet,passenger_light_trucks|freight_light_trucks|medium_trucks|heavy_trucks,stocks_and_demands|on_road_effs_and_costs,Heavy Truck On-Road Average Fuel Consumption (L/100 km)|Diesel Fuel Oil,Heavy Truck On-Road Average Fuel Consumption (L/100 km),Diesel Fuel Oil,2013,32.11,L/100 km,C:\Users\rashi\ESM_databases\canoe-transportation\inputs\cache\nrcan_ceud_transport\2021_tran_on_e_37.xls
nrcan_ceud_transport_provincial,ON,37,Truck Explanatory,truck_fleet,passenger_light_trucks|freight_light_trucks|medium_trucks|heavy_trucks,stocks_and_demands|on_road_effs_and_costs,Sales (thousands)|Passenger Light Trucks,Sales (thousands),Passenger Light Trucks,2014,282.346,thousands,C:\Users\rashi\ESM_databases\canoe-transportation\inputs\cache\nrcan_ceud_transport\2021_tran_on_e_37.xls
nrcan_ceud_transport_provincial,ON,37,Truck Explanatory,truck_fleet,passenger_light_trucks|freight_light_trucks|medium_trucks|heavy_trucks,stocks_and_demands|on_road_effs_and_costs,Sales (thousands)|Freight Light Trucks,Sales (thousands),Freight Light Trucks,2014,78.911,thousands,C:\Users\rashi\ESM_databases\canoe-transportation\inputs\cache\nrcan_ceud_transport\2021_tran_on_e_37.xls
nrcan_ceud_transport_provincial,ON,37,Truck Explanatory,truck_fleet,passenger_light_trucks|freight_light_trucks|medium_trucks|heavy_trucks,stocks_and_demands|on_road_effs_and_costs,Sales (thousands)|Medium Trucks,Sales (thousands),Medium Trucks,2014,30.106,thousands,C:\Users\rashi\ESM_databases\canoe-transportation\inputs\cache\nrcan_ceud_transport\2021_tran_on_e_37.xls
nrcan_ceud_transport_provincial,ON,37,Truck Explanatory,truck_fleet,passenger_light_trucks|freight_light_trucks|medium_trucks|heavy_trucks,stocks_and_demands|on_road_effs_and_costs,Sales (thousands)|Heavy Trucks,Sales (thousands),Heavy Trucks,2014,9.596,thousands,C:\Users\rashi\ESM_databases\canoe-transportation\inputs\cache\nrcan_ceud_transport\2021_tran_on_e_37.xls
nrcan_ceud_transport_provincial,ON,37,Truck Explanatory,truck_fleet,passenger_light_trucks|freight_light_trucks|medium_trucks|heavy_trucks,stocks_and_demands|on_road_effs_and_costs,Stock (thousands)|Passenger Light Trucks,Stock (thousands),Passenger Light Trucks,2014,2911.405,thousands,C:\Users\rashi\ESM_databases\canoe-transportation\inputs\cache\nrcan_ceud_transport\2021_tran_on_e_37.xls
nrcan_ceud_transport_provincial,ON,37,Truck Explanatory,truck_fleet,passenger_light_trucks|freight_light_trucks|medium_trucks|heavy_trucks,stocks_and_demands|on_road_effs_and_costs,Stock (thousands)|Freight Light Trucks,Stock (thousands),Freight Light Trucks,2014,813.686,thousands,C:\Users\rashi\ESM_databases\canoe-transportation\inputs\cache\nrcan_ceud_transport\2021_tran_on_e_37.xls
nrcan_ceud_transport_provincial,ON,37,Truck Explanatory,truck_fleet,passenger_light_trucks|freight_light_trucks|medium_trucks|heavy_trucks,stocks_and_demands|on_road_effs_and_costs,Stock (thousands)|Medium Trucks,Stock (thousands),Medium Trucks,2014,341.763,thousands,C:\Users\rashi\ESM_databases\canoe-transportation\inputs\cache\nrcan_ceud_transport\2021_tran_on_e_37.xls
nrcan_ceud_transport_provincial,ON,37,Truck Explanatory,truck_fleet,passenger_light_trucks|freight_light_trucks|medium_trucks|heavy_trucks,stocks_and_demands|on_road_effs_and_costs,Stock (thousands)|Heavy Trucks,Stock (thousands),Heavy Trucks,2014,118.941,thousands,C:\Users\rashi\ESM_databases\canoe-transportation\inputs\cache\nrcan_ceud_transport\2021_tran_on_e_37.xls
nrcan_ceud_transport_provincial,ON,37,Truck Explanatory,truck_fleet,passenger_light_trucks|freight_light_trucks|medium_trucks|heavy_trucks,stocks_and_demands|on_road_effs_and_costs,Average Distance Travelled per Year (km)|Passenger Light Trucks,Average Distance Travelled per Year (km),Passenger Light Trucks,2014,18669.736369,km,C:\Users\rashi\ESM_databases\canoe-transportation\inputs\cache\nrcan_ceud_transport\2021_tran_on_e_37.xls
nrcan_ceud_transport_provincial,ON,37,Truck Explanatory,truck_fleet,passenger_light_trucks|freight_light_trucks|medium_trucks|heavy_trucks,stocks_and_demands|on_road_effs_and_costs,Average Distance Travelled per Year (km)|Freight Light Trucks,Average Distance Travelled per Year (km),Freight Light Trucks,2014,22315.891755,km,C:\Users\rashi\ESM_databases\canoe-transportation\inputs\cache\nrcan_ceud_transport\2021_tran_on_e_37.xls
nrcan_ceud_transport_provincial,ON,37,Truck Explanatory,truck_fleet,passenger_light_trucks|freight_light_trucks|medium_trucks|heavy_trucks,stocks_and_demands|on_road_effs_and_costs,Average Distance Travelled per Year (km)|Medium Trucks,Average Distance Travelled per Year (km),Medium Trucks,2014,23063.599188,km,C:\Users\rashi\ESM_databases\canoe-transportation\inputs\cache\nrcan_ceud_transport\2021_tran_on_e_37.xls
nrcan_ceud_transport_provincial,ON,37,Truck Explanatory,truck_fleet,passenger_light_trucks|freight_light_trucks|medium_trucks|heavy_trucks,stocks_and_demands|on_road_effs_and_costs,Average Distance Travelled per Year (km)|Heavy Trucks,Average Distance Travelled per Year (km),Heavy Trucks,2014,107053.487995,km,C:\Users\rashi\ESM_databases\canoe-transportation\inputs\cache\nrcan_ceud_transport\2021_tran_on_e_37.xls
nrcan_ceud_transport_provincial,ON,37,Truck Explanatory,truck_fleet,passenger_light_trucks|freight_light_trucks|medium_trucks|heavy_trucks,stocks_and_demands|on_road_effs_and_costs,Passenger Light Truck On-Road Average Fuel Consumption (L/100 km)|Motor Gasoline,Passenger Light Truck On-Road Average Fuel Consumption (L/100 km),Motor Gasoline,2014,10.461592,L/100 km,C:\Users\rashi\ESM_databases\canoe-transportation\inputs\cache\nrcan_ceud_transport\2021_tran_on_e_37.xls
nrcan_ceud_transport_provincial,ON,37,Truck Explanatory,truck_fleet,passenger_light_trucks|freight_light_trucks|medium_trucks|heavy_trucks,stocks_and_demands|on_road_effs_and_costs,Passenger Light Truck On-Road Average Fuel Consumption (L/100 km)|Diesel Fuel Oil,Passenger Light Truck On-Road Average Fuel Consumption (L/100 km),Diesel Fuel Oil,2014,7.760445,L/100 km,C:\Users\rashi\ESM_databases\canoe-transportation\inputs\cache\nrcan_ceud_transport\2021_tran_on_e_37.xls
nrcan_ceud_transport_provincial,ON,37,Truck Explanatory,truck_fleet,passenger_light_trucks|freight_light_trucks|medium_trucks|heavy_trucks,stocks_and_demands|on_road_effs_and_costs,Freight Light Truck On-Road Average Fuel Consumption (L/100 km)|Motor Gasoline,Freight Light Truck On-Road Average Fuel Consumption (L/100 km),Motor Gasoline,2014,10.578174,L/100 km,C:\Users\rashi\ESM_databases\canoe-transportation\inputs\cache\nrcan_ceud_transport\2021_tran_on_e_37.xls
nrcan_ceud_transport_provincial,ON,37,Truck Explanatory,truck_fleet,passenger_light_trucks|freight_light_trucks|medium_trucks|heavy_trucks,stocks_and_demands|on_road_effs_and_costs,Freight Light Truck On-Road Average Fuel Consumption (L/100 km)|Diesel Fuel Oil,Freight Light Truck On-Road Average Fuel Consumption (L/100 km),Diesel Fuel Oil,2014,7.846105,L/100 km,C:\Users\rashi\ESM_databases\canoe-transportation\inputs\cache\nrcan_ceud_transport\2021_tran_on_e_37.xls
nrcan_ceud_transport_provincial,ON,37,Truck Explanatory,truck_fleet,passenger_light_trucks|freight_light_trucks|medium_trucks|heavy_trucks,stocks_and_demands|on_road_effs_and_costs,Medium Truck On-Road Average Fuel Consumption (L/100 km)|Motor Gasoline,Medium Truck On-Road Average Fuel Consumption (L/100 km),Motor Gasoline,2014,22.253411,L/100 km,C:\Users\rashi\ESM_databases\canoe-transportation\inputs\cache\nrcan_ceud_transport\2021_tran_on_e_37.xls
nrcan_ceud_transport_provincial,ON,37,Truck Explanatory,truck_fleet,passenger_light_trucks|freight_light_trucks|medium_trucks|heavy_trucks,stocks_and_demands|on_road_effs_and_costs,Medium Truck On-Road Average Fuel Consumption (L/100 km)|Diesel Fuel Oil,Medium Truck On-Road Average Fuel Consumption (L/100 km),Diesel Fuel Oil,2014,21.72,L/100 km,C:\Users\rashi\ESM_databases\canoe-transportation\inputs\cache\nrcan_ceud_transport\2021_tran_on_e_37.xls
nrcan_ceud_transport_provincial,ON,37,Truck Explanatory,truck_fleet,passenger_light_trucks|freight_light_trucks|medium_trucks|heavy_trucks,stocks_and_demands|on_road_effs_and_costs,Heavy Truck On-Road Average Fuel Consumption (L/100 km)|Diesel Fuel Oil,Heavy Truck On-Road Average Fuel Consumption (L/100 km),Diesel Fuel Oil,2014,31.75,L/100 km,C:\Users\rashi\ESM_databases\canoe-transportation\inputs\cache\nrcan_ceud_transport\2021_tran_on_e_37.xls
nrcan_ceud_transport_provincial,ON,37,Truck Explanatory,truck_fleet,passenger_light_trucks|freight_light_trucks|medium_trucks|heavy_trucks,stocks_and_demands|on_road_effs_and_costs,Sales (thousands)|Passenger Light Trucks,Sales (thousands),Passenger Light Trucks,2015,330.395,thousands,C:\Users\rashi\ESM_databases\canoe-transportation\inputs\cache\nrcan_ceud_transport\2021_tran_on_e_37.xls
nrcan_ceud_transport_provincial,ON,37,Truck Explanatory,truck_fleet,passenger_light_trucks|freight_light_trucks|medium_trucks|heavy_trucks,stocks_and_demands|on_road_effs_and_costs,Sales (thousands)|Freight Light Trucks,Sales (thousands),Freight Light Trucks,2015,92.336,thousands,C:\Users\rashi\ESM_databases\canoe-transportation\inputs\cache\nrcan_ceud_transport\2021_tran_on_e_37.xls
nrcan_ceud_transport_provincial,ON,37,Truck Explanatory,truck_fleet,passenger_light_trucks|freight_light_trucks|medium_trucks|heavy_trucks,stocks_and_demands|on_road_effs_and_costs,Sales (thousands)|Medium Trucks,Sales (thousands),Medium Trucks,2015,34.606,thousands,C:\Users\rashi\ESM_databases\canoe-transportation\inputs\cache\nrcan_ceud_transport\2021_tran_on_e_37.xls
nrcan_ceud_transport_provincial,ON,37,Truck Explanatory,truck_fleet,passenger_light_trucks|freight_light_trucks|medium_trucks|heavy_trucks,stocks_and_demands|on_road_effs_and_costs,Sales (thousands)|Heavy Trucks,Sales (thousands),Heavy Trucks,2015,11.362,thousands,C:\Users\rashi\ESM_databases\canoe-transportation\inputs\cache\nrcan_ceud_transport\2021_tran_on_e_37.xls
nrcan_ceud_transport_provincial,ON,37,Truck Explanatory,truck_fleet,passenger_light_trucks|freight_light_trucks|medium_trucks|heavy_trucks,stocks_and_demands|on_road_effs_and_costs,Stock (thousands)|Passenger Light Trucks,Stock (thousands),Passenger Light Trucks,2015,3113.814,thousands,C:\Users\rashi\ESM_databases\canoe-transportation\inputs\cache\nrcan_ceud_transport\2021_tran_on_e_37.xls
nrcan_ceud_transport_provincial,ON,37,Truck Explanatory,truck_fleet,passenger_light_trucks|freight_light_trucks|medium_trucks|heavy_trucks,stocks_and_demands|on_road_effs_and_costs,Stock (thousands)|Freight Light Trucks,Stock (thousands),Freight Light Trucks,2015,870.228,thousands,C:\Users\rashi\ESM_databases\canoe-transportation\inputs\cache\nrcan_ceud_transport\2021_tran_on_e_37.xls
nrcan_ceud_transport_provincial,ON,37,Truck Explanatory,truck_fleet,passenger_light_trucks|freight_light_trucks|medium_trucks|heavy_trucks,stocks_and_demands|on_road_effs_and_costs,Stock (thousands)|Medium Trucks,Stock (thousands),Medium Trucks,2015,354.969,thousands,C:\Users\rashi\ESM_databases\canoe-transportation\inputs\cache\nrcan_ceud_transport\2021_tran_on_e_37.xls
nrcan_ceud_transport_provincial,ON,37,Truck Explanatory,truck_fleet,passenger_light_trucks|freight_light_trucks|medium_trucks|heavy_trucks,stocks_and_demands|on_road_effs_and_costs,Stock (thousands)|Heavy Trucks,Stock (thousands),Heavy Trucks,2015,122.462,thousands,C:\Users\rashi\ESM_databases\canoe-transportation\inputs\cache\nrcan_ceud_transport\2021_tran_on_e_37.xls
nrcan_ceud_transport_provincial,ON,37,Truck Explanatory,truck_fleet,passenger_light_trucks|freight_light_trucks|medium_trucks|heavy_trucks,stocks_and_demands|on_road_effs_and_costs,Average Distance Travelled per Year (km)|Passenger Light Trucks,Average Distance Travelled per Year (km),Passenger Light Trucks,2015,18350.733147,km,C:\Users\rashi\ESM_databases\canoe-transportation\inputs\cache\nrcan_ceud_transport\2021_tran_on_e_37.xls
nrcan_ceud_transport_provincial,ON,37,Truck Explanatory,truck_fleet,passenger_light_trucks|freight_light_trucks|medium_trucks|heavy_trucks,stocks_and_demands|on_road_effs_and_costs,Average Distance Travelled per Year (km)|Freight Light Trucks,Average Distance Travelled per Year (km),Freight Light Trucks,2015,21897.770298,km,C:\Users\rashi\ESM_databases\canoe-transportation\inputs\cache\nrcan_ceud_transport\2021_tran_on_e_37.xls
nrcan_ceud_transport_provincial,ON,37,Truck Explanatory,truck_fleet,passenger_light_trucks|freight_light_trucks|medium_trucks|heavy_trucks,stocks_and_demands|on_road_effs_and_costs,Average Distance Travelled per Year (km)|Medium Trucks,Average Distance Travelled per Year (km),Medium Trucks,2015,21863.081979,km,C:\Users\rashi\ESM_databases\canoe-transportation\inputs\cache\nrcan_ceud_transport\2021_tran_on_e_37.xls
nrcan_ceud_transport_provincial,ON,37,Truck Explanatory,truck_fleet,passenger_light_trucks|freight_light_trucks|medium_trucks|heavy_trucks,stocks_and_demands|on_road_effs_and_costs,Average Distance Travelled per Year (km)|Heavy Trucks,Average Distance Travelled per Year (km),Heavy Trucks,2015,100204.546226,km,C:\Users\rashi\ESM_databases\canoe-transportation\inputs\cache\nrcan_ceud_transport\2021_tran_on_e_37.xls
nrcan_ceud_transport_provincial,ON,37,Truck Explanatory,truck_fleet,passenger_light_trucks|freight_light_trucks|medium_trucks|heavy_trucks,stocks_and_demands|on_road_effs_and_costs,Passenger Light Truck On-Road Average Fuel Consumption (L/100 km)|Motor Gasoline,Passenger Light Truck On-Road Average Fuel Consumption (L/100 km),Motor Gasoline,2015,10.071543,L/100 km,C:\Users\rashi\ESM_databases\canoe-transportation\inputs\cache\nrcan_ceud_transport\2021_tran_on_e_37.xls
nrcan_ceud_transport_provincial,ON,37,Truck Explanatory,truck_fleet,passenger_light_trucks|freight_light_trucks|medium_trucks|heavy_trucks,stocks_and_demands|on_road_effs_and_costs,Passenger Light Truck On-Road Average Fuel Consumption (L/100 km)|Diesel Fuel Oil,Passenger Light Truck On-Road Average Fuel Consumption (L/100 km),Diesel Fuel Oil,2015,7.817141,L/100 km,C:\Users\rashi\ESM_databases\canoe-transportation\inputs\cache\nrcan_ceud_transport\2021_tran_on_e_37.xls
nrcan_ceud_transport_provincial,ON,37,Truck Explanatory,truck_fleet,passenger_light_trucks|freight_light_trucks|medium_trucks|heavy_trucks,stocks_and_demands|on_road_effs_and_costs,Freight Light Truck On-Road Average Fuel Consumption (L/100 km)|Motor Gasoline,Freight Light Truck On-Road Average Fuel Consumption (L/100 km),Motor Gasoline,2015,10.184843,L/100 km,C:\Users\rashi\ESM_databases\canoe-transportation\inputs\cache\nrcan_ceud_transport\2021_tran_on_e_37.xls
nrcan_ceud_transport_provincial,ON,37,Truck Explanatory,truck_fleet,passenger_light_trucks|freight_light_trucks|medium_trucks|heavy_trucks,stocks_and_demands|on_road_effs_and_costs,Freight Light Truck On-Road Average Fuel Consumption (L/100 km)|Diesel Fuel Oil,Freight Light Truck On-Road Average Fuel Consumption (L/100 km),Diesel Fuel Oil,2015,7.880425,L/100 km,C:\Users\rashi\ESM_databases\canoe-transportation\inputs\cache\nrcan_ceud_transport\2021_tran_on_e_37.xls
nrcan_ceud_transport_provincial,ON,37,Truck Explanatory,truck_fleet,passenger_light_trucks|freight_light_trucks|medium_trucks|heavy_trucks,stocks_and_demands|on_road_effs_and_costs,Medium Truck On-Road Average Fuel Consumption (L/100 km)|Motor Gasoline,Medium Truck On-Road Average Fuel Consumption (L/100 km),Motor Gasoline,2015,21.33,L/100 km,C:\Users\rashi\ESM_databases\canoe-transportation\inputs\cache\nrcan_ceud_transport\2021_tran_on_e_37.xls
nrcan_ceud_transport_provincial,ON,37,Truck Explanatory,truck_fleet,passenger_light_trucks|freight_light_trucks|medium_trucks|heavy_trucks,stocks_and_demands|on_road_effs_and_costs,Medium Truck On-Road Average Fuel Consumption (L/100 km)|Diesel Fuel Oil,Medium Truck On-Road Average Fuel Consumption (L/100 km),Diesel Fuel Oil,2015,21.36,L/100 km,C:\Users\rashi\ESM_databases\canoe-transportation\inputs\cache\nrcan_ceud_transport\2021_tran_on_e_37.xls
nrcan_ceud_transport_provincial,ON,37,Truck Explanatory,truck_fleet,passenger_light_trucks|freight_light_trucks|medium_trucks|heavy_trucks,stocks_and_demands|on_road_effs_and_costs,Heavy Truck On-Road Average Fuel Consumption (L/100 km)|Diesel Fuel Oil,Heavy Truck On-Road Average Fuel Consumption (L/100 km),Diesel Fuel Oil,2015,31.39,L/100 km,C:\Users\rashi\ESM_databases\canoe-transportation\inputs\cache\nrcan_ceud_transport\2021_tran_on_e_37.xls
nrcan_ceud_transport_provincial,ON,37,Truck Explanatory,truck_fleet,passenger_light_trucks|freight_light_trucks|medium_trucks|heavy_trucks,stocks_and_demands|on_road_effs_and_costs,Sales (thousands)|Passenger Light Trucks,Sales (thousands),Passenger Light Trucks,2016,371.167,thousands,C:\Users\rashi\ESM_databases\canoe-transportation\inputs\cache\nrcan_ceud_transport\2021_tran_on_e_37.xls
nrcan_ceud_transport_provincial,ON,37,Truck Explanatory,truck_fleet,passenger_light_trucks|freight_light_trucks|medium_trucks|heavy_trucks,stocks_and_demands|on_road_effs_and_costs,Sales (thousands)|Freight Light Trucks,Sales (thousands),Freight Light Trucks,2016,103.579,thousands,C:\Users\rashi\ESM_databases\canoe-transportation\inputs\cache\nrcan_ceud_transport\2021_tran_on_e_37.xls
nrcan_ceud_transport_provincial,ON,37,Truck Explanatory,truck_fleet,passenger_light_trucks|freight_light_trucks|medium_trucks|heavy_trucks,stocks_and_demands|on_road_effs_and_costs,Sales (thousands)|Medium Trucks,Sales (thousands),Medium Trucks,2016,38.41,thousands,C:\Users\rashi\ESM_databases\canoe-transportation\inputs\cache\nrcan_ceud_transport\2021_tran_on_e_37.xls
nrcan_ceud_transport_provincial,ON,37,Truck Explanatory,truck_fleet,passenger_light_trucks|freight_light_trucks|medium_trucks|heavy_trucks,stocks_and_demands|on_road_effs_and_costs,Sales (thousands)|Heavy Trucks,Sales (thousands),Heavy Trucks,2016,10.348,thousands,C:\Users\rashi\ESM_databases\canoe-transportation\inputs\cache\nrcan_ceud_transport\2021_tran_on_e_37.xls
nrcan_ceud_transport_provincial,ON,37,Truck Explanatory,truck_fleet,passenger_light_trucks|freight_light_trucks|medium_trucks|heavy_trucks,stocks_and_demands|on_road_effs_and_costs,Stock (thousands)|Passenger Light Trucks,Stock (thousands),Passenger Light Trucks,2016,3386.441,thousands,C:\Users\rashi\ESM_databases\canoe-transportation\inputs\cache\nrcan_ceud_transport\2021_tran_on_e_37.xls
nrcan_ceud_transport_provincial,ON,37,Truck Explanatory,truck_fleet,passenger_light_trucks|freight_light_trucks|medium_trucks|heavy_trucks,stocks_and_demands|on_road_effs_and_costs,Stock (thousands)|Freight Light Trucks,Stock (thousands),Freight Light Trucks,2016,945.031,thousands,C:\Users\rashi\ESM_databases\canoe-transportation\inputs\cache\nrcan_ceud_transport\2021_tran_on_e_37.xls
nrcan_ceud_transport_provincial,ON,37,Truck Explanatory,truck_fleet,passenger_light_trucks|freight_light_trucks|medium_trucks|heavy_trucks,stocks_and_demands|on_road_effs_and_costs,Stock (thousands)|Medium Trucks,Stock (thousands),Medium Trucks,2016,372.671,thousands,C:\Users\rashi\ESM_databases\canoe-transportation\inputs\cache\nrcan_ceud_transport\2021_tran_on_e_37.xls
nrcan_ceud_transport_provincial,ON,37,Truck Explanatory,truck_fleet,passenger_light_trucks|freight_light_trucks|medium_trucks|heavy_trucks,stocks_and_demands|on_road_effs_and_costs,Stock (thousands)|Heavy Trucks,Stock (thousands),Heavy Trucks,2016,125.594,thousands,C:\Users\rashi\ESM_databases\canoe-transportation\inputs\cache\nrcan_ceud_transport\2021_tran_on_e_37.xls
nrcan_ceud_transport_provincial,ON,37,Truck Explanatory,truck_fleet,passenger_light_trucks|freight_light_trucks|medium_trucks|heavy_trucks,stocks_and_demands|on_road_effs_and_costs,Average Distance Travelled per Year (km)|Passenger Light Trucks,Average Distance Travelled per Year (km),Passenger Light Trucks,2016,18023.213052,km,C:\Users\rashi\ESM_databases\canoe-transportation\inputs\cache\nrcan_ceud_transport\2021_tran_on_e_37.xls
nrcan_ceud_transport_provincial,ON,37,Truck Explanatory,truck_fleet,passenger_light_trucks|freight_light_trucks|medium_trucks|heavy_trucks,stocks_and_demands|on_road_effs_and_costs,Average Distance Travelled per Year (km)|Freight Light Trucks,Average Distance Travelled per Year (km),Freight Light Trucks,2016,21695.848756,km,C:\Users\rashi\ESM_databases\canoe-transportation\inputs\cache\nrcan_ceud_transport\2021_tran_on_e_37.xls
nrcan_ceud_transport_provincial,ON,37,Truck Explanatory,truck_fleet,passenger_light_trucks|freight_light_trucks|medium_trucks|heavy_trucks,stocks_and_demands|on_road_effs_and_costs,Average Distance Travelled per Year (km)|Medium Trucks,Average Distance Travelled per Year (km),Medium Trucks,2016,20597.481879,km,C:\Users\rashi\ESM_databases\canoe-transportation\inputs\cache\nrcan_ceud_transport\2021_tran_on_e_37.xls
nrcan_ceud_transport_provincial,ON,37,Truck Explanatory,truck_fleet,passenger_light_trucks|freight_light_trucks|medium_trucks|heavy_trucks,stocks_and_demands|on_road_effs_and_costs,Average Distance Travelled per Year (km)|Heavy Trucks,Average Distance Travelled per Year (km),Heavy Trucks,2016,90809.323505,km,C:\Users\rashi\ESM_databases\canoe-transportation\inputs\cache\nrcan_ceud_transport\2021_tran_on_e_37.xls
nrcan_ceud_transport_provincial,ON,37,Truck Explanatory,truck_fleet,passenger_light_trucks|freight_light_trucks|medium_trucks|heavy_trucks,stocks_and_demands|on_road_effs_and_costs,Passenger Light Truck On-Road Average Fuel Consumption (L/100 km)|Motor Gasoline,Passenger Light Truck On-Road Average Fuel Consumption (L/100 km),Motor Gasoline,2016,9.975694,L/100 km,C:\Users\rashi\ESM_databases\canoe-transportation\inputs\cache\nrcan_ceud_transport\2021_tran_on_e_37.xls
nrcan_ceud_transport_provincial,ON,37,Truck Explanatory,truck_fleet,passenger_light_trucks|freight_light_trucks|medium_trucks|heavy_trucks,stocks_and_demands|on_road_effs_and_costs,Passenger Light Truck On-Road Average Fuel Consumption (L/100 km)|Diesel Fuel Oil,Passenger Light Truck On-Road Average Fuel Consumption (L/100 km),Diesel Fuel Oil,2016,7.927531,L/100 km,C:\Users\rashi\ESM_databases\canoe-transportation\inputs\cache\nrcan_ceud_transport\2021_tran_on_e_37.xls
nrcan_ceud_transport_provincial,ON,37,Truck Explanatory,truck_fleet,passenger_light_trucks|freight_light_trucks|medium_trucks|heavy_trucks,stocks_and_demands|on_road_effs_and_costs,Freight Light Truck On-Road Average Fuel Consumption (L/100 km)|Motor Gasoline,Freight Light Truck On-Road Average Fuel Consumption (L/100 km),Motor Gasoline,2016,10.088784,L/100 km,C:\Users\rashi\ESM_databases\canoe-transportation\inputs\cache\nrcan_ceud_transport\2021_tran_on_e_37.xls
nrcan_ceud_transport_provincial,ON,37,Truck Explanatory,truck_fleet,passenger_light_trucks|freight_light_trucks|medium_trucks|heavy_trucks,stocks_and_demands|on_road_effs_and_costs,Freight Light Truck On-Road Average Fuel Consumption (L/100 km)|Diesel Fuel Oil,Freight Light Truck On-Road Average Fuel Consumption (L/100 km),Diesel Fuel Oil,2016,7.980508,L/100 km,C:\Users\rashi\ESM_databases\canoe-transportation\inputs\cache\nrcan_ceud_transport\2021_tran_on_e_37.xls
nrcan_ceud_transport_provincial,ON,37,Truck Explanatory,truck_fleet,passenger_light_trucks|freight_light_trucks|medium_trucks|heavy_trucks,stocks_and_demands|on_road_effs_and_costs,Medium Truck On-Road Average Fuel Consumption (L/100 km)|Motor Gasoline,Medium Truck On-Road Average Fuel Consumption (L/100 km),Motor Gasoline,2016,21.02,L/100 km,C:\Users\rashi\ESM_databases\canoe-transportation\inputs\cache\nrcan_ceud_transport\2021_tran_on_e_37.xls
nrcan_ceud_transport_provincial,ON,37,Truck Explanatory,truck_fleet,passenger_light_trucks|freight_light_trucks|medium_trucks|heavy_trucks,stocks_and_demands|on_road_effs_and_costs,Medium Truck On-Road Average Fuel Consumption (L/100 km)|Diesel Fuel Oil,Medium Truck On-Road Average Fuel Consumption (L/100 km),Diesel Fuel Oil,2016,21.0,L/100 km,C:\Users\rashi\ESM_databases\canoe-transportation\inputs\cache\nrcan_ceud_transport\2021_tran_on_e_37.xls
nrcan_ceud_transport_provincial,ON,37,Truck Explanatory,truck_fleet,passenger_light_trucks|freight_light_trucks|medium_trucks|heavy_trucks,stocks_and_demands|on_road_effs_and_costs,Heavy Truck On-Road Average Fuel Consumption (L/100 km)|Diesel Fuel Oil,Heavy Truck On-Road Average Fuel Consumption (L/100 km),Diesel Fuel Oil,2016,31.03,L/100 km,C:\Users\rashi\ESM_databases\canoe-transportation\inputs\cache\nrcan_ceud_transport\2021_tran_on_e_37.xls
nrcan_ceud_transport_provincial,ON,37,Truck Explanatory,truck_fleet,passenger_light_trucks|freight_light_trucks|medium_trucks|heavy_trucks,stocks_and_demands|on_road_effs_and_costs,Sales (thousands)|Passenger Light Trucks,Sales (thousands),Passenger Light Trucks,2017,398.485,thousands,C:\Users\rashi\ESM_databases\canoe-transportation\inputs\cache\nrcan_ceud_transport\2021_tran_on_e_37.xls
nrcan_ceud_transport_provincial,ON,37,Truck Explanatory,truck_fleet,passenger_light_trucks|freight_light_trucks|medium_trucks|heavy_trucks,stocks_and_demands|on_road_effs_and_costs,Sales (thousands)|Freight Light Trucks,Sales (thousands),Freight Light Trucks,2017,111.116,thousands,C:\Users\rashi\ESM_databases\canoe-transportation\inputs\cache\nrcan_ceud_transport\2021_tran_on_e_37.xls
nrcan_ceud_transport_provincial,ON,37,Truck Explanatory,truck_fleet,passenger_light_trucks|freight_light_trucks|medium_trucks|heavy_trucks,stocks_and_demands|on_road_effs_and_costs,Sales (thousands)|Medium Trucks,Sales (thousands),Medium Trucks,2017,42.594,thousands,C:\Users\rashi\ESM_databases\canoe-transportation\inputs\cache\nrcan_ceud_transport\2021_tran_on_e_37.xls
nrcan_ceud_transport_provincial,ON,37,Truck Explanatory,truck_fleet,passenger_light_trucks|freight_light_trucks|medium_trucks|heavy_trucks,stocks_and_demands|on_road_effs_and_costs,Sales (thousands)|Heavy Trucks,Sales (thousands),Heavy Trucks,2017,10.771,thousands,C:\Users\rashi\ESM_databases\canoe-transportation\inputs\cache\nrcan_ceud_transport\2021_tran_on_e_37.xls
nrcan_ceud_transport_provincial,ON,37,Truck Explanatory,truck_fleet,passenger_light_trucks|freight_light_trucks|medium_trucks|heavy_trucks,stocks_and_demands|on_road_effs_and_costs,Stock (thousands)|Passenger Light Trucks,Stock (thousands),Passenger Light Trucks,2017,3656.51,thousands,C:\Users\rashi\ESM_databases\canoe-transportation\inputs\cache\nrcan_ceud_transport\2021_tran_on_e_37.xls
nrcan_ceud_transport_provincial,ON,37,Truck Explanatory,truck_fleet,passenger_light_trucks|freight_light_trucks|medium_trucks|heavy_trucks,stocks_and_demands|on_road_effs_and_costs,Stock (thousands)|Freight Light Trucks,Stock (thousands),Freight Light Trucks,2017,1019.605,thousands,C:\Users\rashi\ESM_databases\canoe-transportation\inputs\cache\nrcan_ceud_transport\2021_tran_on_e_37.xls
nrcan_ceud_transport_provincial,ON,37,Truck Explanatory,truck_fleet,passenger_light_trucks|freight_light_trucks|medium_trucks|heavy_trucks,stocks_and_demands|on_road_effs_and_costs,Stock (thousands)|Medium Trucks,Stock (thousands),Medium Trucks,2017,386.086,thousands,C:\Users\rashi\ESM_databases\canoe-transportation\inputs\cache\nrcan_ceud_transport\2021_tran_on_e_37.xls
nrcan_ceud_transport_provincial,ON,37,Truck Explanatory,truck_fleet,passenger_light_trucks|freight_light_trucks|medium_trucks|heavy_trucks,stocks_and_demands|on_road_effs_and_costs,Stock (thousands)|Heavy Trucks,Stock (thousands),Heavy Trucks,2017,125.18,thousands,C:\Users\rashi\ESM_databases\canoe-transportation\inputs\cache\nrcan_ceud_transport\2021_tran_on_e_37.xls
nrcan_ceud_transport_provincial,ON,37,Truck Explanatory,truck_fleet,passenger_light_trucks|freight_light_trucks|medium_trucks|heavy_trucks,stocks_and_demands|on_road_effs_and_costs,Average Distance Travelled per Year (km)|Passenger Light Trucks,Average Distance Travelled per Year (km),Passenger Light Trucks,2017,17263.864573,km,C:\Users\rashi\ESM_databases\canoe-transportation\inputs\cache\nrcan_ceud_transport\2021_tran_on_e_37.xls
nrcan_ceud_transport_provincial,ON,37,Truck Explanatory,truck_fleet,passenger_light_trucks|freight_light_trucks|medium_trucks|heavy_trucks,stocks_and_demands|on_road_effs_and_costs,Average Distance Travelled per Year (km)|Freight Light Trucks,Average Distance Travelled per Year (km),Freight Light Trucks,2017,20752.915892,km,C:\Users\rashi\ESM_databases\canoe-transportation\inputs\cache\nrcan_ceud_transport\2021_tran_on_e_37.xls
nrcan_ceud_transport_provincial,ON,37,Truck Explanatory,truck_fleet,passenger_light_trucks|freight_light_trucks|medium_trucks|heavy_trucks,stocks_and_demands|on_road_effs_and_costs,Average Distance Travelled per Year (km)|Medium Trucks,Average Distance Travelled per Year (km),Medium Trucks,2017,20548.836238,km,C:\Users\rashi\ESM_databases\canoe-transportation\inputs\cache\nrcan_ceud_transport\2021_tran_on_e_37.xls
nrcan_ceud_transport_provincial,ON,37,Truck Explanatory,truck_fleet,passenger_light_trucks|freight_light_trucks|medium_trucks|heavy_trucks,stocks_and_demands|on_road_effs_and_costs,Average Distance Travelled per Year (km)|Heavy Trucks,Average Distance Travelled per Year (km),Heavy Trucks,2017,97716.165386,km,C:\Users\rashi\ESM_databases\canoe-transportation\inputs\cache\nrcan_ceud_transport\2021_tran_on_e_37.xls
nrcan_ceud_transport_provincial,ON,37,Truck Explanatory,truck_fleet,passenger_light_trucks|freight_light_trucks|medium_trucks|heavy_trucks,stocks_and_demands|on_road_effs_and_costs,Passenger Light Truck On-Road Average Fuel Consumption (L/100 km)|Motor Gasoline,Passenger Light Truck On-Road Average Fuel Consumption (L/100 km),Motor Gasoline,2017,9.870923,L/100 km,C:\Users\rashi\ESM_databases\canoe-transportation\inputs\cache\nrcan_ceud_transport\2021_tran_on_e_37.xls
nrcan_ceud_transport_provincial,ON,37,Truck Explanatory,truck_fleet,passenger_light_trucks|freight_light_trucks|medium_trucks|heavy_trucks,stocks_and_demands|on_road_effs_and_costs,Passenger Light Truck On-Road Average Fuel Consumption (L/100 km)|Diesel Fuel Oil,Passenger Light Truck On-Road Average Fuel Consumption (L/100 km),Diesel Fuel Oil,2017,8.010733,L/100 km,C:\Users\rashi\ESM_databases\canoe-transportation\inputs\cache\nrcan_ceud_transport\2021_tran_on_e_37.xls
nrcan_ceud_transport_provincial,ON,37,Truck Explanatory,truck_fleet,passenger_light_trucks|freight_light_trucks|medium_trucks|heavy_trucks,stocks_and_demands|on_road_effs_and_costs,Freight Light Truck On-Road Average Fuel Consumption (L/100 km)|Motor Gasoline,Freight Light Truck On-Road Average Fuel Consumption (L/100 km),Motor Gasoline,2017,9.983183,L/100 km,C:\Users\rashi\ESM_databases\canoe-transportation\inputs\cache\nrcan_ceud_transport\2021_tran_on_e_37.xls
nrcan_ceud_transport_provincial,ON,37,Truck Explanatory,truck_fleet,passenger_light_trucks|freight_light_trucks|medium_trucks|heavy_trucks,stocks_and_demands|on_road_effs_and_costs,Freight Light Truck On-Road Average Fuel Consumption (L/100 km)|Diesel Fuel Oil,Freight Light Truck On-Road Average Fuel Consumption (L/100 km),Diesel Fuel Oil,2017,8.056216,L/100 km,C:\Users\rashi\ESM_databases\canoe-transportation\inputs\cache\nrcan_ceud_transport\2021_tran_on_e_37.xls
nrcan_ceud_transport_provincial,ON,37,Truck Explanatory,truck_fleet,passenger_light_trucks|freight_light_trucks|medium_trucks|heavy_trucks,stocks_and_demands|on_road_effs_and_costs,Medium Truck On-Road Average Fuel Consumption (L/100 km)|Motor Gasoline,Medium Truck On-Road Average Fuel Consumption (L/100 km),Motor Gasoline,2017,20.71,L/100 km,C:\Users\rashi\ESM_databases\canoe-transportation\inputs\cache\nrcan_ceud_transport\2021_tran_on_e_37.xls
nrcan_ceud_transport_provincial,ON,37,Truck Explanatory,truck_fleet,passenger_light_trucks|freight_light_trucks|medium_trucks|heavy_trucks,stocks_and_demands|on_road_effs_and_costs,Medium Truck On-Road Average Fuel Consumption (L/100 km)|Diesel Fuel Oil,Medium Truck On-Road Average Fuel Consumption (L/100 km),Diesel Fuel Oil,2017,20.64,L/100 km,C:\Users\rashi\ESM_databases\canoe-transportation\inputs\cache\nrcan_ceud_transport\2021_tran_on_e_37.xls
nrcan_ceud_transport_provincial,ON,37,Truck Explanatory,truck_fleet,passenger_light_trucks|freight_light_trucks|medium_trucks|heavy_trucks,stocks_and_demands|on_road_effs_and_costs,Heavy Truck On-Road Average Fuel Consumption (L/100 km)|Diesel Fuel Oil,Heavy Truck On-Road Average Fuel Consumption (L/100 km),Diesel Fuel Oil,2017,30.67,L/100 km,C:\Users\rashi\ESM_databases\canoe-transportation\inputs\cache\nrcan_ceud_transport\2021_tran_on_e_37.xls
nrcan_ceud_transport_provincial,ON,37,Truck Explanatory,truck_fleet,passenger_light_trucks|freight_light_trucks|medium_trucks|heavy_trucks,stocks_and_demands|on_road_effs_and_costs,Sales (thousands)|Passenger Light Trucks,Sales (thousands),Passenger Light Trucks,2018,407.038,thousands,C:\Users\rashi\ESM_databases\canoe-transportation\inputs\cache\nrcan_ceud_transport\2021_tran_on_e_37.xls
nrcan_ceud_transport_provincial,ON,37,Truck Explanatory,truck_fleet,passenger_light_trucks|freight_light_trucks|medium_trucks|heavy_trucks,stocks_and_demands|on_road_effs_and_costs,Sales (thousands)|Freight Light Trucks,Sales (thousands),Freight Light Trucks,2018,113.365,thousands,C:\Users\rashi\ESM_databases\canoe-transportation\inputs\cache\nrcan_ceud_transport\2021_tran_on_e_37.xls
nrcan_ceud_transport_provincial,ON,37,Truck Explanatory,truck_fleet,passenger_light_trucks|freight_light_trucks|medium_trucks|heavy_trucks,stocks_and_demands|on_road_effs_and_costs,Sales (thousands)|Medium Trucks,Sales (thousands),Medium Trucks,2018,43.895,thousands,C:\Users\rashi\ESM_databases\canoe-transportation\inputs\cache\nrcan_ceud_transport\2021_tran_on_e_37.xls
nrcan_ceud_transport_provincial,ON,37,Truck Explanatory,truck_fleet,passenger_light_trucks|freight_light_trucks|medium_trucks|heavy_trucks,stocks_and_demands|on_road_effs_and_costs,Sales (thousands)|Heavy Trucks,Sales (thousands),Heavy Trucks,2018,14.052,thousands,C:\Users\rashi\ESM_databases\canoe-transportation\inputs\cache\nrcan_ceud_transport\2021_tran_on_e_37.xls
nrcan_ceud_transport_provincial,ON,37,Truck Explanatory,truck_fleet,passenger_light_trucks|freight_light_trucks|medium_trucks|heavy_trucks,stocks_and_demands|on_road_effs_and_costs,Stock (thousands)|Passenger Light Trucks,Stock (thousands),Passenger Light Trucks,2018,3974.45,thousands,C:\Users\rashi\ESM_databases\canoe-transportation\inputs\cache\nrcan_ceud_transport\2021_tran_on_e_37.xls
nrcan_ceud_transport_provincial,ON,37,Truck Explanatory,truck_fleet,passenger_light_trucks|freight_light_trucks|medium_trucks|heavy_trucks,stocks_and_demands|on_road_effs_and_costs,Stock (thousands)|Freight Light Trucks,Stock (thousands),Freight Light Trucks,2018,1106.935,thousands,C:\Users\rashi\ESM_databases\canoe-transportation\inputs\cache\nrcan_ceud_transport\2021_tran_on_e_37.xls
nrcan_ceud_transport_provincial,ON,37,Truck Explanatory,truck_fleet,passenger_light_trucks|freight_light_trucks|medium_trucks|heavy_trucks,stocks_and_demands|on_road_effs_and_costs,Stock (thousands)|Medium Trucks,Stock (thousands),Medium Trucks,2018,403.193,thousands,C:\Users\rashi\ESM_databases\canoe-transportation\inputs\cache\nrcan_ceud_transport\2021_tran_on_e_37.xls
nrcan_ceud_transport_provincial,ON,37,Truck Explanatory,truck_fleet,passenger_light_trucks|freight_light_trucks|medium_trucks|heavy_trucks,stocks_and_demands|on_road_effs_and_costs,Stock (thousands)|Heavy Trucks,Stock (thousands),Heavy Trucks,2018,128.773,thousands,C:\Users\rashi\ESM_databases\canoe-transportation\inputs\cache\nrcan_ceud_transport\2021_tran_on_e_37.xls
nrcan_ceud_transport_provincial,ON,37,Truck Explanatory,truck_fleet,passenger_light_trucks|freight_light_trucks|medium_trucks|heavy_trucks,stocks_and_demands|on_road_effs_and_costs,Average Distance Travelled per Year (km)|Passenger Light Trucks,Average Distance Travelled per Year (km),Passenger Light Trucks,2018,17016.367472,km,C:\Users\rashi\ESM_databases\canoe-transportation\inputs\cache\nrcan_ceud_transport\2021_tran_on_e_37.xls
nrcan_ceud_transport_provincial,ON,37,Truck Explanatory,truck_fleet,passenger_light_trucks|freight_light_trucks|medium_trucks|heavy_trucks,stocks_and_demands|on_road_effs_and_costs,Average Distance Travelled per Year (km)|Freight Light Trucks,Average Distance Travelled per Year (km),Freight Light Trucks,2018,20215.805681,km,C:\Users\rashi\ESM_databases\canoe-transportation\inputs\cache\nrcan_ceud_transport\2021_tran_on_e_37.xls
nrcan_ceud_transport_provincial,ON,37,Truck Explanatory,truck_fleet,passenger_light_trucks|freight_light_trucks|medium_trucks|heavy_trucks,stocks_and_demands|on_road_effs_and_costs,Average Distance Travelled per Year (km)|Medium Trucks,Average Distance Travelled per Year (km),Medium Trucks,2018,21269.709222,km,C:\Users\rashi\ESM_databases\canoe-transportation\inputs\cache\nrcan_ceud_transport\2021_tran_on_e_37.xls
nrcan_ceud_transport_provincial,ON,37,Truck Explanatory,truck_fleet,passenger_light_trucks|freight_light_trucks|medium_trucks|heavy_trucks,stocks_and_demands|on_road_effs_and_costs,Average Distance Travelled per Year (km)|Heavy Trucks,Average Distance Travelled per Year (km),Heavy Trucks,2018,102817.794177,km,C:\Users\rashi\ESM_databases\canoe-transportation\inputs\cache\nrcan_ceud_transport\2021_tran_on_e_37.xls
nrcan_ceud_transport_provincial,ON,37,Truck Explanatory,truck_fleet,passenger_light_trucks|freight_light_trucks|medium_trucks|heavy_trucks,stocks_and_demands|on_road_effs_and_costs,Passenger Light Truck On-Road Average Fuel Consumption (L/100 km)|Motor Gasoline,Passenger Light Truck On-Road Average Fuel Consumption (L/100 km),Motor Gasoline,2018,9.749402,L/100 km,C:\Users\rashi\ESM_databases\canoe-transportation\inputs\cache\nrcan_ceud_transport\2021_tran_on_e_37.xls
nrcan_ceud_transport_provincial,ON,37,Truck Explanatory,truck_fleet,passenger_light_trucks|freight_light_trucks|medium_trucks|heavy_trucks,stocks_and_demands|on_road_effs_and_costs,Passenger Light Truck On-Road Average Fuel Consumption (L/100 km)|Diesel Fuel Oil,Passenger Light Truck On-Road Average Fuel Consumption (L/100 km),Diesel Fuel Oil,2018,8.070414,L/100 km,C:\Users\rashi\ESM_databases\canoe-transportation\inputs\cache\nrcan_ceud_transport\2021_tran_on_e_37.xls
nrcan_ceud_transport_provincial,ON,37,Truck Explanatory,truck_fleet,passenger_light_trucks|freight_light_trucks|medium_trucks|heavy_trucks,stocks_and_demands|on_road_effs_and_costs,Freight Light Truck On-Road Average Fuel Consumption (L/100 km)|Motor Gasoline,Freight Light Truck On-Road Average Fuel Consumption (L/100 km),Motor Gasoline,2018,9.861066,L/100 km,C:\Users\rashi\ESM_databases\canoe-transportation\inputs\cache\nrcan_ceud_transport\2021_tran_on_e_37.xls
nrcan_ceud_transport_provincial,ON,37,Truck Explanatory,truck_fleet,passenger_light_trucks|freight_light_trucks|medium_trucks|heavy_trucks,stocks_and_demands|on_road_effs_and_costs,Freight Light Truck On-Road Average Fuel Consumption (L/100 km)|Diesel Fuel Oil,Freight Light Truck On-Road Average Fuel Consumption (L/100 km),Diesel Fuel Oil,2018,8.11442,L/100 km,C:\Users\rashi\ESM_databases\canoe-transportation\inputs\cache\nrcan_ceud_transport\2021_tran_on_e_37.xls
nrcan_ceud_transport_provincial,ON,37,Truck Explanatory,truck_fleet,passenger_light_trucks|freight_light_trucks|medium_trucks|heavy_trucks,stocks_and_demands|on_road_effs_and_costs,Medium Truck On-Road Average Fuel Consumption (L/100 km)|Motor Gasoline,Medium Truck On-Road Average Fuel Consumption (L/100 km),Motor Gasoline,2018,20.4,L/100 km,C:\Users\rashi\ESM_databases\canoe-transportation\inputs\cache\nrcan_ceud_transport\2021_tran_on_e_37.xls
nrcan_ceud_transport_provincial,ON,37,Truck Explanatory,truck_fleet,passenger_light_trucks|freight_light_trucks|medium_trucks|heavy_trucks,stocks_and_demands|on_road_effs_and_costs,Medium Truck On-Road Average Fuel Consumption (L/100 km)|Diesel Fuel Oil,Medium Truck On-Road Average Fuel Consumption (L/100 km),Diesel Fuel Oil,2018,20.28,L/100 km,C:\Users\rashi\ESM_databases\canoe-transportation\inputs\cache\nrcan_ceud_transport\2021_tran_on_e_37.xls
nrcan_ceud_transport_provincial,ON,37,Truck Explanatory,truck_fleet,passenger_light_trucks|freight_light_trucks|medium_trucks|heavy_trucks,stocks_and_demands|on_road_effs_and_costs,Heavy Truck On-Road Average Fuel Consumption (L/100 km)|Diesel Fuel Oil,Heavy Truck On-Road Average Fuel Consumption (L/100 km),Diesel Fuel Oil,2018,30.31,L/100 km,C:\Users\rashi\ESM_databases\canoe-transportation\inputs\cache\nrcan_ceud_transport\2021_tran_on_e_37.xls
nrcan_ceud_transport_provincial,ON,37,Truck Explanatory,truck_fleet,passenger_light_trucks|freight_light_trucks|medium_trucks|heavy_trucks,stocks_and_demands|on_road_effs_and_costs,Sales (thousands)|Passenger Light Trucks,Sales (thousands),Passenger Light Trucks,2019,413.919,thousands,C:\Users\rashi\ESM_databases\canoe-transportation\inputs\cache\nrcan_ceud_transport\2021_tran_on_e_37.xls
nrcan_ceud_transport_provincial,ON,37,Truck Explanatory,truck_fleet,passenger_light_trucks|freight_light_trucks|medium_trucks|heavy_trucks,stocks_and_demands|on_road_effs_and_costs,Sales (thousands)|Freight Light Trucks,Sales (thousands),Freight Light Trucks,2019,115.151,thousands,C:\Users\rashi\ESM_databases\canoe-transportation\inputs\cache\nrcan_ceud_transport\2021_tran_on_e_37.xls
nrcan_ceud_transport_provincial,ON,37,Truck Explanatory,truck_fleet,passenger_light_trucks|freight_light_trucks|medium_trucks|heavy_trucks,stocks_and_demands|on_road_effs_and_costs,Sales (thousands)|Medium Trucks,Sales (thousands),Medium Trucks,2019,43.503,thousands,C:\Users\rashi\ESM_databases\canoe-transportation\inputs\cache\nrcan_ceud_transport\2021_tran_on_e_37.xls
nrcan_ceud_transport_provincial,ON,37,Truck Explanatory,truck_fleet,passenger_light_trucks|freight_light_trucks|medium_trucks|heavy_trucks,stocks_and_demands|on_road_effs_and_costs,Sales (thousands)|Heavy Trucks,Sales (thousands),Heavy Trucks,2019,13.162,thousands,C:\Users\rashi\ESM_databases\canoe-transportation\inputs\cache\nrcan_ceud_transport\2021_tran_on_e_37.xls
nrcan_ceud_transport_provincial,ON,37,Truck Explanatory,truck_fleet,passenger_light_trucks|freight_light_trucks|medium_trucks|heavy_trucks,stocks_and_demands|on_road_effs_and_costs,Stock (thousands)|Passenger Light Trucks,Stock (thousands),Passenger Light Trucks,2019,4075.128,thousands,C:\Users\rashi\ESM_databases\canoe-transportation\inputs\cache\nrcan_ceud_transport\2021_tran_on_e_37.xls
nrcan_ceud_transport_provincial,ON,37,Truck Explanatory,truck_fleet,passenger_light_trucks|freight_light_trucks|medium_trucks|heavy_trucks,stocks_and_demands|on_road_effs_and_costs,Stock (thousands)|Freight Light Trucks,Stock (thousands),Freight Light Trucks,2019,1133.683,thousands,C:\Users\rashi\ESM_databases\canoe-transportation\inputs\cache\nrcan_ceud_transport\2021_tran_on_e_37.xls
nrcan_ceud_transport_provincial,ON,37,Truck Explanatory,truck_fleet,passenger_light_trucks|freight_light_trucks|medium_trucks|heavy_trucks,stocks_and_demands|on_road_effs_and_costs,Stock (thousands)|Medium Trucks,Stock (thousands),Medium Trucks,2019,407.255,thousands,C:\Users\rashi\ESM_databases\canoe-transportation\inputs\cache\nrcan_ceud_transport\2021_tran_on_e_37.xls
nrcan_ceud_transport_provincial,ON,37,Truck Explanatory,truck_fleet,passenger_light_trucks|freight_light_trucks|medium_trucks|heavy_trucks,stocks_and_demands|on_road_effs_and_costs,Stock (thousands)|Heavy Trucks,Stock (thousands),Heavy Trucks,2019,131.837,thousands,C:\Users\rashi\ESM_databases\canoe-transportation\inputs\cache\nrcan_ceud_transport\2021_tran_on_e_37.xls
nrcan_ceud_transport_provincial,ON,37,Truck Explanatory,truck_fleet,passenger_light_trucks|freight_light_trucks|medium_trucks|heavy_trucks,stocks_and_demands|on_road_effs_and_costs,Average Distance Travelled per Year (km)|Passenger Light Trucks,Average Distance Travelled per Year (km),Passenger Light Trucks,2019,17545.569776,km,C:\Users\rashi\ESM_databases\canoe-transportation\inputs\cache\nrcan_ceud_transport\2021_tran_on_e_37.xls
nrcan_ceud_transport_provincial,ON,37,Truck Explanatory,truck_fleet,passenger_light_trucks|freight_light_trucks|medium_trucks|heavy_trucks,stocks_and_demands|on_road_effs_and_costs,Average Distance Travelled per Year (km)|Freight Light Trucks,Average Distance Travelled per Year (km),Freight Light Trucks,2019,20832.69442,km,C:\Users\rashi\ESM_databases\canoe-transportation\inputs\cache\nrcan_ceud_transport\2021_tran_on_e_37.xls
nrcan_ceud_transport_provincial,ON,37,Truck Explanatory,truck_fleet,passenger_light_trucks|freight_light_trucks|medium_trucks|heavy_trucks,stocks_and_demands|on_road_effs_and_costs,Average Distance Travelled per Year (km)|Medium Trucks,Average Distance Travelled per Year (km),Medium Trucks,2019,21174.545632,km,C:\Users\rashi\ESM_databases\canoe-transportation\inputs\cache\nrcan_ceud_transport\2021_tran_on_e_37.xls
nrcan_ceud_transport_provincial,ON,37,Truck Explanatory,truck_fleet,passenger_light_trucks|freight_light_trucks|medium_trucks|heavy_trucks,stocks_and_demands|on_road_effs_and_costs,Average Distance Travelled per Year (km)|Heavy Trucks,Average Distance Travelled per Year (km),Heavy Trucks,2019,100750.92647,km,C:\Users\rashi\ESM_databases\canoe-transportation\inputs\cache\nrcan_ceud_transport\2021_tran_on_e_37.xls
nrcan_ceud_transport_provincial,ON,37,Truck Explanatory,truck_fleet,passenger_light_trucks|freight_light_trucks|medium_trucks|heavy_trucks,stocks_and_demands|on_road_effs_and_costs,Passenger Light Truck On-Road Average Fuel Consumption (L/100 km)|Motor Gasoline,Passenger Light Truck On-Road Average Fuel Consumption (L/100 km),Motor Gasoline,2019,9.644822,L/100 km,C:\Users\rashi\ESM_databases\canoe-transportation\inputs\cache\nrcan_ceud_transport\2021_tran_on_e_37.xls
nrcan_ceud_transport_provincial,ON,37,Truck Explanatory,truck_fleet,passenger_light_trucks|freight_light_trucks|medium_trucks|heavy_trucks,stocks_and_demands|on_road_effs_and_costs,Passenger Light Truck On-Road Average Fuel Consumption (L/100 km)|Diesel Fuel Oil,Passenger Light Truck On-Road Average Fuel Consumption (L/100 km),Diesel Fuel Oil,2019,8.024133,L/100 km,C:\Users\rashi\ESM_databases\canoe-transportation\inputs\cache\nrcan_ceud_transport\2021_tran_on_e_37.xls
nrcan_ceud_transport_provincial,ON,37,Truck Explanatory,truck_fleet,passenger_light_trucks|freight_light_trucks|medium_trucks|heavy_trucks,stocks_and_demands|on_road_effs_and_costs,Freight Light Truck On-Road Average Fuel Consumption (L/100 km)|Motor Gasoline,Freight Light Truck On-Road Average Fuel Consumption (L/100 km),Motor Gasoline,2019,9.751668,L/100 km,C:\Users\rashi\ESM_databases\canoe-transportation\inputs\cache\nrcan_ceud_transport\2021_tran_on_e_37.xls
nrcan_ceud_transport_provincial,ON,37,Truck Explanatory,truck_fleet,passenger_light_trucks|freight_light_trucks|medium_trucks|heavy_trucks,stocks_and_demands|on_road_effs_and_costs,Freight Light Truck On-Road Average Fuel Consumption (L/100 km)|Diesel Fuel Oil,Freight Light Truck On-Road Average Fuel Consumption (L/100 km),Diesel Fuel Oil,2019,8.067282,L/100 km,C:\Users\rashi\ESM_databases\canoe-transportation\inputs\cache\nrcan_ceud_transport\2021_tran_on_e_37.xls
nrcan_ceud_transport_provincial,ON,37,Truck Explanatory,truck_fleet,passenger_light_trucks|freight_light_trucks|medium_trucks|heavy_trucks,stocks_and_demands|on_road_effs_and_costs,Medium Truck On-Road Average Fuel Consumption (L/100 km)|Motor Gasoline,Medium Truck On-Road Average Fuel Consumption (L/100 km),Motor Gasoline,2019,20.09,L/100 km,C:\Users\rashi\ESM_databases\canoe-transportation\inputs\cache\nrcan_ceud_transport\2021_tran_on_e_37.xls
nrcan_ceud_transport_provincial,ON,37,Truck Explanatory,truck_fleet,passenger_light_trucks|freight_light_trucks|medium_trucks|heavy_trucks,stocks_and_demands|on_road_effs_and_costs,Medium Truck On-Road Average Fuel Consumption (L/100 km)|Diesel Fuel Oil,Medium Truck On-Road Average Fuel Consumption (L/100 km),Diesel Fuel Oil,2019,19.92,L/100 km,C:\Users\rashi\ESM_databases\canoe-transportation\inputs\cache\nrcan_ceud_transport\2021_tran_on_e_37.xls
nrcan_ceud_transport_provincial,ON,37,Truck Explanatory,truck_fleet,passenger_light_trucks|freight_light_trucks|medium_trucks|heavy_trucks,stocks_and_demands|on_road_effs_and_costs,Heavy Truck On-Road Average Fuel Consumption (L/100 km)|Diesel Fuel Oil,Heavy Truck On-Road Average Fuel Consumption (L/100 km),Diesel Fuel Oil,2019,29.95,L/100 km,C:\Users\rashi\ESM_databases\canoe-transportation\inputs\cache\nrcan_ceud_transport\2021_tran_on_e_37.xls
nrcan_ceud_transport_provincial,ON,37,Truck Explanatory,truck_fleet,passenger_light_trucks|freight_light_trucks|medium_trucks|heavy_trucks,stocks_and_demands|on_road_effs_and_costs,Sales (thousands)|Passenger Light Trucks,Sales (thousands),Passenger Light Trucks,2020,335.781,thousands,C:\Users\rashi\ESM_databases\canoe-transportation\inputs\cache\nrcan_ceud_transport\2021_tran_on_e_37.xls
nrcan_ceud_transport_provincial,ON,37,Truck Explanatory,truck_fleet,passenger_light_trucks|freight_light_trucks|medium_trucks|heavy_trucks,stocks_and_demands|on_road_effs_and_costs,Sales (thousands)|Freight Light Trucks,Sales (thousands),Freight Light Trucks,2020,93.347,thousands,C:\Users\rashi\ESM_databases\canoe-transportation\inputs\cache\nrcan_ceud_transport\2021_tran_on_e_37.xls
nrcan_ceud_transport_provincial,ON,37,Truck Explanatory,truck_fleet,passenger_light_trucks|freight_light_trucks|medium_trucks|heavy_trucks,stocks_and_demands|on_road_effs_and_costs,Sales (thousands)|Medium Trucks,Sales (thousands),Medium Trucks,2020,41.548,thousands,C:\Users\rashi\ESM_databases\canoe-transportation\inputs\cache\nrcan_ceud_transport\2021_tran_on_e_37.xls
nrcan_ceud_transport_provincial,ON,37,Truck Explanatory,truck_fleet,passenger_light_trucks|freight_light_trucks|medium_trucks|heavy_trucks,stocks_and_demands|on_road_effs_and_costs,Sales (thousands)|Heavy Trucks,Sales (thousands),Heavy Trucks,2020,11.104,thousands,C:\Users\rashi\ESM_databases\canoe-transportation\inputs\cache\nrcan_ceud_transport\2021_tran_on_e_37.xls
nrcan_ceud_transport_provincial,ON,37,Truck Explanatory,truck_fleet,passenger_light_trucks|freight_light_trucks|medium_trucks|heavy_trucks,stocks_and_demands|on_road_effs_and_costs,Stock (thousands)|Passenger Light Trucks,Stock (thousands),Passenger Light Trucks,2020,4177.325,thousands,C:\Users\rashi\ESM_databases\canoe-transportation\inputs\cache\nrcan_ceud_transport\2021_tran_on_e_37.xls
nrcan_ceud_transport_provincial,ON,37,Truck Explanatory,truck_fleet,passenger_light_trucks|freight_light_trucks|medium_trucks|heavy_trucks,stocks_and_demands|on_road_effs_and_costs,Stock (thousands)|Freight Light Trucks,Stock (thousands),Freight Light Trucks,2020,1161.293,thousands,C:\Users\rashi\ESM_databases\canoe-transportation\inputs\cache\nrcan_ceud_transport\2021_tran_on_e_37.xls
nrcan_ceud_transport_provincial,ON,37,Truck Explanatory,truck_fleet,passenger_light_trucks|freight_light_trucks|medium_trucks|heavy_trucks,stocks_and_demands|on_road_effs_and_costs,Stock (thousands)|Medium Trucks,Stock (thousands),Medium Trucks,2020,421.451,thousands,C:\Users\rashi\ESM_databases\canoe-transportation\inputs\cache\nrcan_ceud_transport\2021_tran_on_e_37.xls
nrcan_ceud_transport_provincial,ON,37,Truck Explanatory,truck_fleet,passenger_light_trucks|freight_light_trucks|medium_trucks|heavy_trucks,stocks_and_demands|on_road_effs_and_costs,Stock (thousands)|Heavy Trucks,Stock (thousands),Heavy Trucks,2020,135.458,thousands,C:\Users\rashi\ESM_databases\canoe-transportation\inputs\cache\nrcan_ceud_transport\2021_tran_on_e_37.xls
nrcan_ceud_transport_provincial,ON,37,Truck Explanatory,truck_fleet,passenger_light_trucks|freight_light_trucks|medium_trucks|heavy_trucks,stocks_and_demands|on_road_effs_and_costs,Average Distance Travelled per Year (km)|Passenger Light Trucks,Average Distance Travelled per Year (km),Passenger Light Trucks,2020,13969.518467,km,C:\Users\rashi\ESM_databases\canoe-transportation\inputs\cache\nrcan_ceud_transport\2021_tran_on_e_37.xls
nrcan_ceud_transport_provincial,ON,37,Truck Explanatory,truck_fleet,passenger_light_trucks|freight_light_trucks|medium_trucks|heavy_trucks,stocks_and_demands|on_road_effs_and_costs,Average Distance Travelled per Year (km)|Freight Light Trucks,Average Distance Travelled per Year (km),Freight Light Trucks,2020,16710.193925,km,C:\Users\rashi\ESM_databases\canoe-transportation\inputs\cache\nrcan_ceud_transport\2021_tran_on_e_37.xls
nrcan_ceud_transport_provincial,ON,37,Truck Explanatory,truck_fleet,passenger_light_trucks|freight_light_trucks|medium_trucks|heavy_trucks,stocks_and_demands|on_road_effs_and_costs,Average Distance Travelled per Year (km)|Medium Trucks,Average Distance Travelled per Year (km),Medium Trucks,2020,17500.805463,km,C:\Users\rashi\ESM_databases\canoe-transportation\inputs\cache\nrcan_ceud_transport\2021_tran_on_e_37.xls
nrcan_ceud_transport_provincial,ON,37,Truck Explanatory,truck_fleet,passenger_light_trucks|freight_light_trucks|medium_trucks|heavy_trucks,stocks_and_demands|on_road_effs_and_costs,Average Distance Travelled per Year (km)|Heavy Trucks,Average Distance Travelled per Year (km),Heavy Trucks,2020,88193.936,km,C:\Users\rashi\ESM_databases\canoe-transportation\inputs\cache\nrcan_ceud_transport\2021_tran_on_e_37.xls
nrcan_ceud_transport_provincial,ON,37,Truck Explanatory,truck_fleet,passenger_light_trucks|freight_light_trucks|medium_trucks|heavy_trucks,stocks_and_demands|on_road_effs_and_costs,Passenger Light Truck On-Road Average Fuel Consumption (L/100 km)|Motor Gasoline,Passenger Light Truck On-Road Average Fuel Consumption (L/100 km),Motor Gasoline,2020,9.531399,L/100 km,C:\Users\rashi\ESM_databases\canoe-transportation\inputs\cache\nrcan_ceud_transport\2021_tran_on_e_37.xls
nrcan_ceud_transport_provincial,ON,37,Truck Explanatory,truck_fleet,passenger_light_trucks|freight_light_trucks|medium_trucks|heavy_trucks,stocks_and_demands|on_road_effs_and_costs,Passenger Light Truck On-Road Average Fuel Consumption (L/100 km)|Diesel Fuel Oil,Passenger Light Truck On-Road Average Fuel Consumption (L/100 km),Diesel Fuel Oil,2020,8.103622,L/100 km,C:\Users\rashi\ESM_databases\canoe-transportation\inputs\cache\nrcan_ceud_transport\2021_tran_on_e_37.xls
nrcan_ceud_transport_provincial,ON,37,Truck Explanatory,truck_fleet,passenger_light_trucks|freight_light_trucks|medium_trucks|heavy_trucks,stocks_and_demands|on_road_effs_and_costs,Freight Light Truck On-Road Average Fuel Consumption (L/100 km)|Motor Gasoline,Freight Light Truck On-Road Average Fuel Consumption (L/100 km),Motor Gasoline,2020,9.630191,L/100 km,C:\Users\rashi\ESM_databases\canoe-transportation\inputs\cache\nrcan_ceud_transport\2021_tran_on_e_37.xls
nrcan_ceud_transport_provincial,ON,37,Truck Explanatory,truck_fleet,passenger_light_trucks|freight_light_trucks|medium_trucks|heavy_trucks,stocks_and_demands|on_road_effs_and_costs,Freight Light Truck On-Road Average Fuel Consumption (L/100 km)|Diesel Fuel Oil,Freight Light Truck On-Road Average Fuel Consumption (L/100 km),Diesel Fuel Oil,2020,8.147549,L/100 km,C:\Users\rashi\ESM_databases\canoe-transportation\inputs\cache\nrcan_ceud_transport\2021_tran_on_e_37.xls
nrcan_ceud_transport_provincial,ON,37,Truck Explanatory,truck_fleet,passenger_light_trucks|freight_light_trucks|medium_trucks|heavy_trucks,stocks_and_demands|on_road_effs_and_costs,Medium Truck On-Road Average Fuel Consumption (L/100 km)|Motor Gasoline,Medium Truck On-Road Average Fuel Consumption (L/100 km),Motor Gasoline,2020,19.78,L/100 km,C:\Users\rashi\ESM_databases\canoe-transportation\inputs\cache\nrcan_ceud_transport\2021_tran_on_e_37.xls
nrcan_ceud_transport_provincial,ON,37,Truck Explanatory,truck_fleet,passenger_light_trucks|freight_light_trucks|medium_trucks|heavy_trucks,stocks_and_demands|on_road_effs_and_costs,Medium Truck On-Road Average Fuel Consumption (L/100 km)|Diesel Fuel Oil,Medium Truck On-Road Average Fuel Consumption (L/100 km),Diesel Fuel Oil,2020,19.56,L/100 km,C:\Users\rashi\ESM_databases\canoe-transportation\inputs\cache\nrcan_ceud_transport\2021_tran_on_e_37.xls
nrcan_ceud_transport_provincial,ON,37,Truck Explanatory,truck_fleet,passenger_light_trucks|freight_light_trucks|medium_trucks|heavy_trucks,stocks_and_demands|on_road_effs_and_costs,Heavy Truck On-Road Average Fuel Consumption (L/100 km)|Diesel Fuel Oil,Heavy Truck On-Road Average Fuel Consumption (L/100 km),Diesel Fuel Oil,2020,29.59,L/100 km,C:\Users\rashi\ESM_databases\canoe-transportation\inputs\cache\nrcan_ceud_transport\2021_tran_on_e_37.xls
nrcan_ceud_transport_provincial,ON,37,Truck Explanatory,truck_fleet,passenger_light_trucks|freight_light_trucks|medium_trucks|heavy_trucks,stocks_and_demands|on_road_effs_and_costs,Sales (thousands)|Passenger Light Trucks,Sales (thousands),Passenger Light Trucks,2021,365.569,thousands,C:\Users\rashi\ESM_databases\canoe-transportation\inputs\cache\nrcan_ceud_transport\2021_tran_on_e_37.xls
nrcan_ceud_transport_provincial,ON,37,Truck Explanatory,truck_fleet,passenger_light_trucks|freight_light_trucks|medium_trucks|heavy_trucks,stocks_and_demands|on_road_effs_and_costs,Sales (thousands)|Freight Light Trucks,Sales (thousands),Freight Light Trucks,2021,102.155,thousands,C:\Users\rashi\ESM_databases\canoe-transportation\inputs\cache\nrcan_ceud_transport\2021_tran_on_e_37.xls
nrcan_ceud_transport_provincial,ON,37,Truck Explanatory,truck_fleet,passenger_light_trucks|freight_light_trucks|medium_trucks|heavy_trucks,stocks_and_demands|on_road_effs_and_costs,Sales (thousands)|Medium Trucks,Sales (thousands),Medium Trucks,2021,46.912,thousands,C:\Users\rashi\ESM_databases\canoe-transportation\inputs\cache\nrcan_ceud_transport\2021_tran_on_e_37.xls
nrcan_ceud_transport_provincial,ON,37,Truck Explanatory,truck_fleet,passenger_light_trucks|freight_light_trucks|medium_trucks|heavy_trucks,stocks_and_demands|on_road_effs_and_costs,Sales (thousands)|Heavy Trucks,Sales (thousands),Heavy Trucks,2021,12.577,thousands,C:\Users\rashi\ESM_databases\canoe-transportation\inputs\cache\nrcan_ceud_transport\2021_tran_on_e_37.xls
nrcan_ceud_transport_provincial,ON,37,Truck Explanatory,truck_fleet,passenger_light_trucks|freight_light_trucks|medium_trucks|heavy_trucks,stocks_and_demands|on_road_effs_and_costs,Stock (thousands)|Passenger Light Trucks,Stock (thousands),Passenger Light Trucks,2021,4112.463,thousands,C:\Users\rashi\ESM_databases\canoe-transportation\inputs\cache\nrcan_ceud_transport\2021_tran_on_e_37.xls
nrcan_ceud_transport_provincial,ON,37,Truck Explanatory,truck_fleet,passenger_light_trucks|freight_light_trucks|medium_trucks|heavy_trucks,stocks_and_demands|on_road_effs_and_costs,Stock (thousands)|Freight Light Trucks,Stock (thousands),Freight Light Trucks,2021,1149.195,thousands,C:\Users\rashi\ESM_databases\canoe-transportation\inputs\cache\nrcan_ceud_transport\2021_tran_on_e_37.xls
nrcan_ceud_transport_provincial,ON,37,Truck Explanatory,truck_fleet,passenger_light_trucks|freight_light_trucks|medium_trucks|heavy_trucks,stocks_and_demands|on_road_effs_and_costs,Stock (thousands)|Medium Trucks,Stock (thousands),Medium Trucks,2021,422.618,thousands,C:\Users\rashi\ESM_databases\canoe-transportation\inputs\cache\nrcan_ceud_transport\2021_tran_on_e_37.xls
nrcan_ceud_transport_provincial,ON,37,Truck Explanatory,truck_fleet,passenger_light_trucks|freight_light_trucks|medium_trucks|heavy_trucks,stocks_and_demands|on_road_effs_and_costs,Stock (thousands)|Heavy Trucks,Stock (thousands),Heavy Trucks,2021,148.098,thousands,C:\Users\rashi\ESM_databases\canoe-transportation\inputs\cache\nrcan_ceud_transport\2021_tran_on_e_37.xls
nrcan_ceud_transport_provincial,ON,37,Truck Explanatory,truck_fleet,passenger_light_trucks|freight_light_trucks|medium_trucks|heavy_trucks,stocks_and_demands|on_road_effs_and_costs,Average Distance Travelled per Year (km)|Passenger Light Trucks,Average Distance Travelled per Year (km),Passenger Light Trucks,2021,14598.227974,km,C:\Users\rashi\ESM_databases\canoe-transportation\inputs\cache\nrcan_ceud_transport\2021_tran_on_e_37.xls
nrcan_ceud_transport_provincial,ON,37,Truck Explanatory,truck_fleet,passenger_light_trucks|freight_light_trucks|medium_trucks|heavy_trucks,stocks_and_demands|on_road_effs_and_costs,Average Distance Travelled per Year (km)|Freight Light Trucks,Average Distance Travelled per Year (km),Freight Light Trucks,2021,17521.320447,km,C:\Users\rashi\ESM_databases\canoe-transportation\inputs\cache\nrcan_ceud_transport\2021_tran_on_e_37.xls
nrcan_ceud_transport_provincial,ON,37,Truck Explanatory,truck_fleet,passenger_light_trucks|freight_light_trucks|medium_trucks|heavy_trucks,stocks_and_demands|on_road_effs_and_costs,Average Distance Travelled per Year (km)|Medium Trucks,Average Distance Travelled per Year (km),Medium Trucks,2021,19193.469936,km,C:\Users\rashi\ESM_databases\canoe-transportation\inputs\cache\nrcan_ceud_transport\2021_tran_on_e_37.xls
nrcan_ceud_transport_provincial,ON,37,Truck Explanatory,truck_fleet,passenger_light_trucks|freight_light_trucks|medium_trucks|heavy_trucks,stocks_and_demands|on_road_effs_and_costs,Average Distance Travelled per Year (km)|Heavy Trucks,Average Distance Travelled per Year (km),Heavy Trucks,2021,93230.157123,km,C:\Users\rashi\ESM_databases\canoe-transportation\inputs\cache\nrcan_ceud_transport\2021_tran_on_e_37.xls
nrcan_ceud_transport_provincial,ON,37,Truck Explanatory,truck_fleet,passenger_light_trucks|freight_light_trucks|medium_trucks|heavy_trucks,stocks_and_demands|on_road_effs_and_costs,Passenger Light Truck On-Road Average Fuel Consumption (L/100 km)|Motor Gasoline,Passenger Light Truck On-Road Average Fuel Consumption (L/100 km),Motor Gasoline,2021,9.469966,L/100 km,C:\Users\rashi\ESM_databases\canoe-transportation\inputs\cache\nrcan_ceud_transport\2021_tran_on_e_37.xls
nrcan_ceud_transport_provincial,ON,37,Truck Explanatory,truck_fleet,passenger_light_trucks|freight_light_trucks|medium_trucks|heavy_trucks,stocks_and_demands|on_road_effs_and_costs,Passenger Light Truck On-Road Average Fuel Consumption (L/100 km)|Diesel Fuel Oil,Passenger Light Truck On-Road Average Fuel Consumption (L/100 km),Diesel Fuel Oil,2021,8.116126,L/100 km,C:\Users\rashi\ESM_databases\canoe-transportation\inputs\cache\nrcan_ceud_transport\2021_tran_on_e_37.xls
nrcan_ceud_transport_provincial,ON,37,Truck Explanatory,truck_fleet,passenger_light_trucks|freight_light_trucks|medium_trucks|heavy_trucks,stocks_and_demands|on_road_effs_and_costs,Freight Light Truck On-Road Average Fuel Consumption (L/100 km)|Motor Gasoline,Freight Light Truck On-Road Average Fuel Consumption (L/100 km),Motor Gasoline,2021,9.567947,L/100 km,C:\Users\rashi\ESM_databases\canoe-transportation\inputs\cache\nrcan_ceud_transport\2021_tran_on_e_37.xls
nrcan_ceud_transport_provincial,ON,37,Truck Explanatory,truck_fleet,passenger_light_trucks|freight_light_trucks|medium_trucks|heavy_trucks,stocks_and_demands|on_road_effs_and_costs,Freight Light Truck On-Road Average Fuel Consumption (L/100 km)|Diesel Fuel Oil,Freight Light Truck On-Road Average Fuel Consumption (L/100 km),Diesel Fuel Oil,2021,8.166072,L/100 km,C:\Users\rashi\ESM_databases\canoe-transportation\inputs\cache\nrcan_ceud_transport\2021_tran_on_e_37.xls
nrcan_ceud_transport_provincial,ON,37,Truck Explanatory,truck_fleet,passenger_light_trucks|freight_light_trucks|medium_trucks|heavy_trucks,stocks_and_demands|on_road_effs_and_costs,Medium Truck On-Road Average Fuel Consumption (L/100 km)|Motor Gasoline,Medium Truck On-Road Average Fuel Consumption (L/100 km),Motor Gasoline,2021,19.47,L/100 km,C:\Users\rashi\ESM_databases\canoe-transportation\inputs\cache\nrcan_ceud_transport\2021_tran_on_e_37.xls
nrcan_ceud_transport_provincial,ON,37,Truck Explanatory,truck_fleet,passenger_light_trucks|freight_light_trucks|medium_trucks|heavy_trucks,stocks_and_demands|on_road_effs_and_costs,Medium Truck On-Road Average Fuel Consumption (L/100 km)|Diesel Fuel Oil,Medium Truck On-Road Average Fuel Consumption (L/100 km),Diesel Fuel Oil,2021,19.2,L/100 km,C:\Users\rashi\ESM_databases\canoe-transportation\inputs\cache\nrcan_ceud_transport\2021_tran_on_e_37.xls
nrcan_ceud_transport_provincial,ON,37,Truck Explanatory,truck_fleet,passenger_light_trucks|freight_light_trucks|medium_trucks|heavy_trucks,stocks_and_demands|on_road_effs_and_costs,Heavy Truck On-Road Average Fuel Consumption (L/100 km)|Diesel Fuel Oil,Heavy Truck On-Road Average Fuel Consumption (L/100 km),Diesel Fuel Oil,2021,29.23,L/100 km,C:\Users\rashi\ESM_databases\canoe-transportation\inputs\cache\nrcan_ceud_transport\2021_tran_on_e_37.xls
