ldv_class,ldv_selector,phev_range_miles,bev_range_miles,mhdv_class,mhdv_selector,case_id,repeat,greet1_file,greet2_file,greet1_sha256,greet2_sha256,solved_simulation_year,ldv_vehicle_cohort_year,source_id,component,family,vehicle_class,worksheet,cell,label_cell,block_label,powertrain,materials,gas_label,source_value,source_units,scope
Car,1,35,150,Class 6 PnD Trucks,1,0,False,inputs/0_external_models/R&D GREET2025_Rev1/R&D GREET1_2025_Rev1.xlsm,inputs/0_external_models/R&D GREET2025_Rev1/R&D GREET2_2025_Rev1.xlsm,3abed15be3442b25b66c7d991ce4ea89fd1fe534af930ae772e419241f0d976f,2be89abd169eba7180c0ca41102461682fc258a38ea143c5544bfd051ed03384,2025,2020,argonne_rd_greet_2025_rev1,road_vehicle_cycle_emissions,ldv,Car,Vehi_Sum,F13,A13,1.1) ICEV: Conventional Material,icev,conventional,CO2,5476200.155968173,g/vehicle-lifetime,vehicle_cycle_total_no_eol_credits
Car,1,35,150,Class 6 PnD Trucks,1,0,False,inputs/0_external_models/R&D GREET2025_Rev1/R&D GREET1_2025_Rev1.xlsm,inputs/0_external_models/R&D GREET2025_Rev1/R&D GREET2_2025_Rev1.xlsm,3abed15be3442b25b66c7d991ce4ea89fd1fe534af930ae772e419241f0d976f,2be89abd169eba7180c0ca41102461682fc258a38ea143c5544bfd051ed03384,2025,2020,argonne_rd_greet_2025_rev1,road_vehicle_cycle_emissions,ldv,Car,Vehi_Sum,F15,A15,1.1) ICEV: Conventional Material,icev,conventional,CH4,12693.203809897663,g/vehicle-lifetime,vehicle_cycle_total_no_eol_credits
Car,1,35,150,Class 6 PnD Trucks,1,0,False,inputs/0_external_models/R&D GREET2025_Rev1/R&D GREET1_2025_Rev1.xlsm,inputs/0_external_models/R&D GREET2025_Rev1/R&D GREET2_2025_Rev1.xlsm,3abed15be3442b25b66c7d991ce4ea89fd1fe534af930ae772e419241f0d976f,2be89abd169eba7180c0ca41102461682fc258a38ea143c5544bfd051ed03384,2025,2020,argonne_rd_greet_2025_rev1,road_vehicle_cycle_emissions,ldv,Car,Vehi_Sum,F16,A16,1.1) ICEV: Conventional Material,icev,conventional,N2O,169.13793887355405,g/vehicle-lifetime,vehicle_cycle_total_no_eol_credits
Car,1,35,150,Class 6 PnD Trucks,1,0,False,inputs/0_external_models/R&D GREET2025_Rev1/R&D GREET1_2025_Rev1.xlsm,inputs/0_external_models/R&D GREET2025_Rev1/R&D GREET2_2025_Rev1.xlsm,3abed15be3442b25b66c7d991ce4ea89fd1fe534af930ae772e419241f0d976f,2be89abd169eba7180c0ca41102461682fc258a38ea143c5544bfd051ed03384,2025,2020,argonne_rd_greet_2025_rev1,road_vehicle_cycle_emissions,ldv,Car,Vehi_Sum,F44,A44,1.2) ICEV: Lightweight Material,icev,lightweight,CO2,6559850.6783518605,g/vehicle-lifetime,vehicle_cycle_total_no_eol_credits
Car,1,35,150,Class 6 PnD Trucks,1,0,False,inputs/0_external_models/R&D GREET2025_Rev1/R&D GREET1_2025_Rev1.xlsm,inputs/0_external_models/R&D GREET2025_Rev1/R&D GREET2_2025_Rev1.xlsm,3abed15be3442b25b66c7d991ce4ea89fd1fe534af930ae772e419241f0d976f,2be89abd169eba7180c0ca41102461682fc258a38ea143c5544bfd051ed03384,2025,2020,argonne_rd_greet_2025_rev1,road_vehicle_cycle_emissions,ldv,Car,Vehi_Sum,F46,A46,1.2) ICEV: Lightweight Material,icev,lightweight,CH4,16104.460934598188,g/vehicle-lifetime,vehicle_cycle_total_no_eol_credits
Car,1,35,150,Class 6 PnD Trucks,1,0,False,inputs/0_external_models/R&D GREET2025_Rev1/R&D GREET1_2025_Rev1.xlsm,inputs/0_external_models/R&D GREET2025_Rev1/R&D GREET2_2025_Rev1.xlsm,3abed15be3442b25b66c7d991ce4ea89fd1fe534af930ae772e419241f0d976f,2be89abd169eba7180c0ca41102461682fc258a38ea143c5544bfd051ed03384,2025,2020,argonne_rd_greet_2025_rev1,road_vehicle_cycle_emissions,ldv,Car,Vehi_Sum,F47,A47,1.2) ICEV: Lightweight Material,icev,lightweight,N2O,203.54750384144234,g/vehicle-lifetime,vehicle_cycle_total_no_eol_credits
Car,1,35,150,Class 6 PnD Trucks,1,0,False,inputs/0_external_models/R&D GREET2025_Rev1/R&D GREET1_2025_Rev1.xlsm,inputs/0_external_models/R&D GREET2025_Rev1/R&D GREET2_2025_Rev1.xlsm,3abed15be3442b25b66c7d991ce4ea89fd1fe534af930ae772e419241f0d976f,2be89abd169eba7180c0ca41102461682fc258a38ea143c5544bfd051ed03384,2025,2020,argonne_rd_greet_2025_rev1,road_vehicle_cycle_emissions,ldv,Car,Vehi_Sum,F75,A75,1.3) HEV: Conventional Material,hev,conventional,CO2,5877157.384556115,g/vehicle-lifetime,vehicle_cycle_total_no_eol_credits
Car,1,35,150,Class 6 PnD Trucks,1,0,False,inputs/0_external_models/R&D GREET2025_Rev1/R&D GREET1_2025_Rev1.xlsm,inputs/0_external_models/R&D GREET2025_Rev1/R&D GREET2_2025_Rev1.xlsm,3abed15be3442b25b66c7d991ce4ea89fd1fe534af930ae772e419241f0d976f,2be89abd169eba7180c0ca41102461682fc258a38ea143c5544bfd051ed03384,2025,2020,argonne_rd_greet_2025_rev1,road_vehicle_cycle_emissions,ldv,Car,Vehi_Sum,F77,A77,1.3) HEV: Conventional Material,hev,conventional,CH4,13263.450359421906,g/vehicle-lifetime,vehicle_cycle_total_no_eol_credits
Car,1,35,150,Class 6 PnD Trucks,1,0,False,inputs/0_external_models/R&D GREET2025_Rev1/R&D GREET1_2025_Rev1.xlsm,inputs/0_external_models/R&D GREET2025_Rev1/R&D GREET2_2025_Rev1.xlsm,3abed15be3442b25b66c7d991ce4ea89fd1fe534af930ae772e419241f0d976f,2be89abd169eba7180c0ca41102461682fc258a38ea143c5544bfd051ed03384,2025,2020,argonne_rd_greet_2025_rev1,road_vehicle_cycle_emissions,ldv,Car,Vehi_Sum,F78,A78,1.3) HEV: Conventional Material,hev,conventional,N2O,222.36902200492415,g/vehicle-lifetime,vehicle_cycle_total_no_eol_credits
Car,1,35,150,Class 6 PnD Trucks,1,0,False,inputs/0_external_models/R&D GREET2025_Rev1/R&D GREET1_2025_Rev1.xlsm,inputs/0_external_models/R&D GREET2025_Rev1/R&D GREET2_2025_Rev1.xlsm,3abed15be3442b25b66c7d991ce4ea89fd1fe534af930ae772e419241f0d976f,2be89abd169eba7180c0ca41102461682fc258a38ea143c5544bfd051ed03384,2025,2020,argonne_rd_greet_2025_rev1,road_vehicle_cycle_emissions,ldv,Car,Vehi_Sum,F106,A106,1.4) HEV: Lightweight Material,hev,lightweight,CO2,6836789.466270282,g/vehicle-lifetime,vehicle_cycle_total_no_eol_credits
Car,1,35,150,Class 6 PnD Trucks,1,0,False,inputs/0_external_models/R&D GREET2025_Rev1/R&D GREET1_2025_Rev1.xlsm,inputs/0_external_models/R&D GREET2025_Rev1/R&D GREET2_2025_Rev1.xlsm,3abed15be3442b25b66c7d991ce4ea89fd1fe534af930ae772e419241f0d976f,2be89abd169eba7180c0ca41102461682fc258a38ea143c5544bfd051ed03384,2025,2020,argonne_rd_greet_2025_rev1,road_vehicle_cycle_emissions,ldv,Car,Vehi_Sum,F108,A108,1.4) HEV: Lightweight Material,hev,lightweight,CH4,16544.84947761421,g/vehicle-lifetime,vehicle_cycle_total_no_eol_credits
Car,1,35,150,Class 6 PnD Trucks,1,0,False,inputs/0_external_models/R&D GREET2025_Rev1/R&D GREET1_2025_Rev1.xlsm,inputs/0_external_models/R&D GREET2025_Rev1/R&D GREET2_2025_Rev1.xlsm,3abed15be3442b25b66c7d991ce4ea89fd1fe534af930ae772e419241f0d976f,2be89abd169eba7180c0ca41102461682fc258a38ea143c5544bfd051ed03384,2025,2020,argonne_rd_greet_2025_rev1,road_vehicle_cycle_emissions,ldv,Car,Vehi_Sum,F109,A109,1.4) HEV: Lightweight Material,hev,lightweight,N2O,257.85499436091357,g/vehicle-lifetime,vehicle_cycle_total_no_eol_credits
Car,1,35,150,Class 6 PnD Trucks,1,0,False,inputs/0_external_models/R&D GREET2025_Rev1/R&D GREET1_2025_Rev1.xlsm,inputs/0_external_models/R&D GREET2025_Rev1/R&D GREET2_2025_Rev1.xlsm,3abed15be3442b25b66c7d991ce4ea89fd1fe534af930ae772e419241f0d976f,2be89abd169eba7180c0ca41102461682fc258a38ea143c5544bfd051ed03384,2025,2020,argonne_rd_greet_2025_rev1,road_vehicle_cycle_emissions,ldv,Car,Vehi_Sum,F137,A137,1.5) PHEV: Conventional Material,phev,conventional,CO2,6391980.52802363,g/vehicle-lifetime,vehicle_cycle_total_no_eol_credits
Car,1,35,150,Class 6 PnD Trucks,1,0,False,inputs/0_external_models/R&D GREET2025_Rev1/R&D GREET1_2025_Rev1.xlsm,inputs/0_external_models/R&D GREET2025_Rev1/R&D GREET2_2025_Rev1.xlsm,3abed15be3442b25b66c7d991ce4ea89fd1fe534af930ae772e419241f0d976f,2be89abd169eba7180c0ca41102461682fc258a38ea143c5544bfd051ed03384,2025,2020,argonne_rd_greet_2025_rev1,road_vehicle_cycle_emissions,ldv,Car,Vehi_Sum,F139,A139,1.5) PHEV: Conventional Material,phev,conventional,CH4,14180.506181527471,g/vehicle-lifetime,vehicle_cycle_total_no_eol_credits
Car,1,35,150,Class 6 PnD Trucks,1,0,False,inputs/0_external_models/R&D GREET2025_Rev1/R&D GREET1_2025_Rev1.xlsm,inputs/0_external_models/R&D GREET2025_Rev1/R&D GREET2_2025_Rev1.xlsm,3abed15be3442b25b66c7d991ce4ea89fd1fe534af930ae772e419241f0d976f,2be89abd169eba7180c0ca41102461682fc258a38ea143c5544bfd051ed03384,2025,2020,argonne_rd_greet_2025_rev1,road_vehicle_cycle_emissions,ldv,Car,Vehi_Sum,F140,A140,1.5) PHEV: Conventional Material,phev,conventional,N2O,205.63655409930487,g/vehicle-lifetime,vehicle_cycle_total_no_eol_credits
Car,1,35,150,Class 6 PnD Trucks,1,0,False,inputs/0_external_models/R&D GREET2025_Rev1/R&D GREET1_2025_Rev1.xlsm,inputs/0_external_models/R&D GREET2025_Rev1/R&D GREET2_2025_Rev1.xlsm,3abed15be3442b25b66c7d991ce4ea89fd1fe534af930ae772e419241f0d976f,2be89abd169eba7180c0ca41102461682fc258a38ea143c5544bfd051ed03384,2025,2020,argonne_rd_greet_2025_rev1,road_vehicle_cycle_emissions,ldv,Car,Vehi_Sum,F168,A168,1.6) PHEV: Lightweight Material,phev,lightweight,CO2,7010626.443937072,g/vehicle-lifetime,vehicle_cycle_total_no_eol_credits
Car,1,35,150,Class 6 PnD Trucks,1,0,False,inputs/0_external_models/R&D GREET2025_Rev1/R&D GREET1_2025_Rev1.xlsm,inputs/0_external_models/R&D GREET2025_Rev1/R&D GREET2_2025_Rev1.xlsm,3abed15be3442b25b66c7d991ce4ea89fd1fe534af930ae772e419241f0d976f,2be89abd169eba7180c0ca41102461682fc258a38ea143c5544bfd051ed03384,2025,2020,argonne_rd_greet_2025_rev1,road_vehicle_cycle_emissions,ldv,Car,Vehi_Sum,F170,A170,1.6) PHEV: Lightweight Material,phev,lightweight,CH4,16896.656533454247,g/vehicle-lifetime,vehicle_cycle_total_no_eol_credits
Car,1,35,150,Class 6 PnD Trucks,1,0,False,inputs/0_external_models/R&D GREET2025_Rev1/R&D GREET1_2025_Rev1.xlsm,inputs/0_external_models/R&D GREET2025_Rev1/R&D GREET2_2025_Rev1.xlsm,3abed15be3442b25b66c7d991ce4ea89fd1fe534af930ae772e419241f0d976f,2be89abd169eba7180c0ca41102461682fc258a38ea143c5544bfd051ed03384,2025,2020,argonne_rd_greet_2025_rev1,road_vehicle_cycle_emissions,ldv,Car,Vehi_Sum,F171,A171,1.6) PHEV: Lightweight Material,phev,lightweight,N2O,238.03649331526952,g/vehicle-lifetime,vehicle_cycle_total_no_eol_credits
Car,1,35,150,Class 6 PnD Trucks,1,0,False,inputs/0_external_models/R&D GREET2025_Rev1/R&D GREET1_2025_Rev1.xlsm,inputs/0_external_models/R&D GREET2025_Rev1/R&D GREET2_2025_Rev1.xlsm,3abed15be3442b25b66c7d991ce4ea89fd1fe534af930ae772e419241f0d976f,2be89abd169eba7180c0ca41102461682fc258a38ea143c5544bfd051ed03384,2025,2020,argonne_rd_greet_2025_rev1,road_vehicle_cycle_emissions,ldv,Car,Vehi_Sum,F199,A199,1.7) EV: Conventional Material,bev,conventional,CO2,6997113.797400506,g/vehicle-lifetime,vehicle_cycle_total_no_eol_credits
Car,1,35,150,Class 6 PnD Trucks,1,0,False,inputs/0_external_models/R&D GREET2025_Rev1/R&D GREET1_2025_Rev1.xlsm,inputs/0_external_models/R&D GREET2025_Rev1/R&D GREET2_2025_Rev1.xlsm,3abed15be3442b25b66c7d991ce4ea89fd1fe534af930ae772e419241f0d976f,2be89abd169eba7180c0ca41102461682fc258a38ea143c5544bfd051ed03384,2025,2020,argonne_rd_greet_2025_rev1,road_vehicle_cycle_emissions,ldv,Car,Vehi_Sum,F201,A201,1.7) EV: Conventional Material,bev,conventional,CH4,16105.310638946912,g/vehicle-lifetime,vehicle_cycle_total_no_eol_credits
Car,1,35,150,Class 6 PnD Trucks,1,0,False,inputs/0_external_models/R&D GREET2025_Rev1/R&D GREET1_2025_Rev1.xlsm,inputs/0_external_models/R&D GREET2025_Rev1/R&D GREET2_2025_Rev1.xlsm,3abed15be3442b25b66c7d991ce4ea89fd1fe534af930ae772e419241f0d976f,2be89abd169eba7180c0ca41102461682fc258a38ea143c5544bfd051ed03384,2025,2020,argonne_rd_greet_2025_rev1,road_vehicle_cycle_emissions,ldv,Car,Vehi_Sum,F202,A202,1.7) EV: Conventional Material,bev,conventional,N2O,232.53862139871126,g/vehicle-lifetime,vehicle_cycle_total_no_eol_credits
Car,1,35,150,Class 6 PnD Trucks,1,0,False,inputs/0_external_models/R&D GREET2025_Rev1/R&D GREET1_2025_Rev1.xlsm,inputs/0_external_models/R&D GREET2025_Rev1/R&D GREET2_2025_Rev1.xlsm,3abed15be3442b25b66c7d991ce4ea89fd1fe534af930ae772e419241f0d976f,2be89abd169eba7180c0ca41102461682fc258a38ea143c5544bfd051ed03384,2025,2020,argonne_rd_greet_2025_rev1,road_vehicle_cycle_emissions,ldv,Car,Vehi_Sum,F230,A230,1.8) EV: Lightweight Material,bev,lightweight,CO2,10146193.900298487,g/vehicle-lifetime,vehicle_cycle_total_no_eol_credits
Car,1,35,150,Class 6 PnD Trucks,1,0,False,inputs/0_external_models/R&D GREET2025_Rev1/R&D GREET1_2025_Rev1.xlsm,inputs/0_external_models/R&D GREET2025_Rev1/R&D GREET2_2025_Rev1.xlsm,3abed15be3442b25b66c7d991ce4ea89fd1fe534af930ae772e419241f0d976f,2be89abd169eba7180c0ca41102461682fc258a38ea143c5544bfd051ed03384,2025,2020,argonne_rd_greet_2025_rev1,road_vehicle_cycle_emissions,ldv,Car,Vehi_Sum,F232,A232,1.8) EV: Lightweight Material,bev,lightweight,CH4,23259.63678750927,g/vehicle-lifetime,vehicle_cycle_total_no_eol_credits
Car,1,35,150,Class 6 PnD Trucks,1,0,False,inputs/0_external_models/R&D GREET2025_Rev1/R&D GREET1_2025_Rev1.xlsm,inputs/0_external_models/R&D GREET2025_Rev1/R&D GREET2_2025_Rev1.xlsm,3abed15be3442b25b66c7d991ce4ea89fd1fe534af930ae772e419241f0d976f,2be89abd169eba7180c0ca41102461682fc258a38ea143c5544bfd051ed03384,2025,2020,argonne_rd_greet_2025_rev1,road_vehicle_cycle_emissions,ldv,Car,Vehi_Sum,F233,A233,1.8) EV: Lightweight Material,bev,lightweight,N2O,363.35261548723525,g/vehicle-lifetime,vehicle_cycle_total_no_eol_credits
Car,1,35,150,Class 6 PnD Trucks,1,0,False,inputs/0_external_models/R&D GREET2025_Rev1/R&D GREET1_2025_Rev1.xlsm,inputs/0_external_models/R&D GREET2025_Rev1/R&D GREET2_2025_Rev1.xlsm,3abed15be3442b25b66c7d991ce4ea89fd1fe534af930ae772e419241f0d976f,2be89abd169eba7180c0ca41102461682fc258a38ea143c5544bfd051ed03384,2025,2020,argonne_rd_greet_2025_rev1,road_vehicle_cycle_emissions,ldv,Car,Vehi_Sum,F261,A261,1.9) FCV: Conventional Material,fcev,conventional,CO2,6640504.807219377,g/vehicle-lifetime,vehicle_cycle_total_no_eol_credits
Car,1,35,150,Class 6 PnD Trucks,1,0,False,inputs/0_external_models/R&D GREET2025_Rev1/R&D GREET1_2025_Rev1.xlsm,inputs/0_external_models/R&D GREET2025_Rev1/R&D GREET2_2025_Rev1.xlsm,3abed15be3442b25b66c7d991ce4ea89fd1fe534af930ae772e419241f0d976f,2be89abd169eba7180c0ca41102461682fc258a38ea143c5544bfd051ed03384,2025,2020,argonne_rd_greet_2025_rev1,road_vehicle_cycle_emissions,ldv,Car,Vehi_Sum,F263,A263,1.9) FCV: Conventional Material,fcev,conventional,CH4,15837.295234170055,g/vehicle-lifetime,vehicle_cycle_total_no_eol_credits
Car,1,35,150,Class 6 PnD Trucks,1,0,False,inputs/0_external_models/R&D GREET2025_Rev1/R&D GREET1_2025_Rev1.xlsm,inputs/0_external_models/R&D GREET2025_Rev1/R&D GREET2_2025_Rev1.xlsm,3abed15be3442b25b66c7d991ce4ea89fd1fe534af930ae772e419241f0d976f,2be89abd169eba7180c0ca41102461682fc258a38ea143c5544bfd051ed03384,2025,2020,argonne_rd_greet_2025_rev1,road_vehicle_cycle_emissions,ldv,Car,Vehi_Sum,F264,A264,1.9) FCV: Conventional Material,fcev,conventional,N2O,247.74077033456757,g/vehicle-lifetime,vehicle_cycle_total_no_eol_credits
Car,1,35,150,Class 6 PnD Trucks,1,0,False,inputs/0_external_models/R&D GREET2025_Rev1/R&D GREET1_2025_Rev1.xlsm,inputs/0_external_models/R&D GREET2025_Rev1/R&D GREET2_2025_Rev1.xlsm,3abed15be3442b25b66c7d991ce4ea89fd1fe534af930ae772e419241f0d976f,2be89abd169eba7180c0ca41102461682fc258a38ea143c5544bfd051ed03384,2025,2020,argonne_rd_greet_2025_rev1,road_vehicle_cycle_emissions,ldv,Car,Vehi_Sum,F292,A292,1.10) FCV: Lightweight Material,fcev,lightweight,CO2,8018085.243384266,g/vehicle-lifetime,vehicle_cycle_total_no_eol_credits
Car,1,35,150,Class 6 PnD Trucks,1,0,False,inputs/0_external_models/R&D GREET2025_Rev1/R&D GREET1_2025_Rev1.xlsm,inputs/0_external_models/R&D GREET2025_Rev1/R&D GREET2_2025_Rev1.xlsm,3abed15be3442b25b66c7d991ce4ea89fd1fe534af930ae772e419241f0d976f,2be89abd169eba7180c0ca41102461682fc258a38ea143c5544bfd051ed03384,2025,2020,argonne_rd_greet_2025_rev1,road_vehicle_cycle_emissions,ldv,Car,Vehi_Sum,F294,A294,1.10) FCV: Lightweight Material,fcev,lightweight,CH4,20647.121453632015,g/vehicle-lifetime,vehicle_cycle_total_no_eol_credits
Car,1,35,150,Class 6 PnD Trucks,1,0,False,inputs/0_external_models/R&D GREET2025_Rev1/R&D GREET1_2025_Rev1.xlsm,inputs/0_external_models/R&D GREET2025_Rev1/R&D GREET2_2025_Rev1.xlsm,3abed15be3442b25b66c7d991ce4ea89fd1fe534af930ae772e419241f0d976f,2be89abd169eba7180c0ca41102461682fc258a38ea143c5544bfd051ed03384,2025,2020,argonne_rd_greet_2025_rev1,road_vehicle_cycle_emissions,ldv,Car,Vehi_Sum,F295,A295,1.10) FCV: Lightweight Material,fcev,lightweight,N2O,299.8785611268483,g/vehicle-lifetime,vehicle_cycle_total_no_eol_credits
Car,1,35,150,Class 6 PnD Trucks,1,0,False,inputs/0_external_models/R&D GREET2025_Rev1/R&D GREET1_2025_Rev1.xlsm,inputs/0_external_models/R&D GREET2025_Rev1/R&D GREET2_2025_Rev1.xlsm,3abed15be3442b25b66c7d991ce4ea89fd1fe534af930ae772e419241f0d976f,2be89abd169eba7180c0ca41102461682fc258a38ea143c5544bfd051ed03384,2025,2020,argonne_rd_greet_2025_rev1,road_vehicle_cycle_emissions,mhdv,Class 6 PnD Trucks,MHDV_Sum,G13,A13,1.1) ICEV,icev,none,CO2,17814591.789810307,g/vehicle-lifetime,vehicle_cycle_total_no_eol_credits
Car,1,35,150,Class 6 PnD Trucks,1,0,False,inputs/0_external_models/R&D GREET2025_Rev1/R&D GREET1_2025_Rev1.xlsm,inputs/0_external_models/R&D GREET2025_Rev1/R&D GREET2_2025_Rev1.xlsm,3abed15be3442b25b66c7d991ce4ea89fd1fe534af930ae772e419241f0d976f,2be89abd169eba7180c0ca41102461682fc258a38ea143c5544bfd051ed03384,2025,2020,argonne_rd_greet_2025_rev1,road_vehicle_cycle_emissions,mhdv,Class 6 PnD Trucks,MHDV_Sum,G15,A15,1.1) ICEV,icev,none,CH4,33984.61026012566,g/vehicle-lifetime,vehicle_cycle_total_no_eol_credits
Car,1,35,150,Class 6 PnD Trucks,1,0,False,inputs/0_external_models/R&D GREET2025_Rev1/R&D GREET1_2025_Rev1.xlsm,inputs/0_external_models/R&D GREET2025_Rev1/R&D GREET2_2025_Rev1.xlsm,3abed15be3442b25b66c7d991ce4ea89fd1fe534af930ae772e419241f0d976f,2be89abd169eba7180c0ca41102461682fc258a38ea143c5544bfd051ed03384,2025,2020,argonne_rd_greet_2025_rev1,road_vehicle_cycle_emissions,mhdv,Class 6 PnD Trucks,MHDV_Sum,G16,A16,1.1) ICEV,icev,none,N2O,336.9746755969985,g/vehicle-lifetime,vehicle_cycle_total_no_eol_credits
Car,1,35,150,Class 6 PnD Trucks,1,0,False,inputs/0_external_models/R&D GREET2025_Rev1/R&D GREET1_2025_Rev1.xlsm,inputs/0_external_models/R&D GREET2025_Rev1/R&D GREET2_2025_Rev1.xlsm,3abed15be3442b25b66c7d991ce4ea89fd1fe534af930ae772e419241f0d976f,2be89abd169eba7180c0ca41102461682fc258a38ea143c5544bfd051ed03384,2025,2020,argonne_rd_greet_2025_rev1,road_vehicle_cycle_emissions,mhdv,Class 6 PnD Trucks,MHDV_Sum,G44,A44,1.2) HEV,hev,none,CO2,18333102.181475896,g/vehicle-lifetime,vehicle_cycle_total_no_eol_credits
Car,1,35,150,Class 6 PnD Trucks,1,0,False,inputs/0_external_models/R&D GREET2025_Rev1/R&D GREET1_2025_Rev1.xlsm,inputs/0_external_models/R&D GREET2025_Rev1/R&D GREET2_2025_Rev1.xlsm,3abed15be3442b25b66c7d991ce4ea89fd1fe534af930ae772e419241f0d976f,2be89abd169eba7180c0ca41102461682fc258a38ea143c5544bfd051ed03384,2025,2020,argonne_rd_greet_2025_rev1,road_vehicle_cycle_emissions,mhdv,Class 6 PnD Trucks,MHDV_Sum,G46,A46,1.2) HEV,hev,none,CH4,34987.40289923422,g/vehicle-lifetime,vehicle_cycle_total_no_eol_credits
Car,1,35,150,Class 6 PnD Trucks,1,0,False,inputs/0_external_models/R&D GREET2025_Rev1/R&D GREET1_2025_Rev1.xlsm,inputs/0_external_models/R&D GREET2025_Rev1/R&D GREET2_2025_Rev1.xlsm,3abed15be3442b25b66c7d991ce4ea89fd1fe534af930ae772e419241f0d976f,2be89abd169eba7180c0ca41102461682fc258a38ea143c5544bfd051ed03384,2025,2020,argonne_rd_greet_2025_rev1,road_vehicle_cycle_emissions,mhdv,Class 6 PnD Trucks,MHDV_Sum,G47,A47,1.2) HEV,hev,none,N2O,367.90150824555917,g/vehicle-lifetime,vehicle_cycle_total_no_eol_credits
Car,1,35,150,Class 6 PnD Trucks,1,0,False,inputs/0_external_models/R&D GREET2025_Rev1/R&D GREET1_2025_Rev1.xlsm,inputs/0_external_models/R&D GREET2025_Rev1/R&D GREET2_2025_Rev1.xlsm,3abed15be3442b25b66c7d991ce4ea89fd1fe534af930ae772e419241f0d976f,2be89abd169eba7180c0ca41102461682fc258a38ea143c5544bfd051ed03384,2025,2020,argonne_rd_greet_2025_rev1,road_vehicle_cycle_emissions,mhdv,Class 6 PnD Trucks,MHDV_Sum,G75,A75,1.3) EV,bev,none,CO2,29416143.833984002,g/vehicle-lifetime,vehicle_cycle_total_no_eol_credits
Car,1,35,150,Class 6 PnD Trucks,1,0,False,inputs/0_external_models/R&D GREET2025_Rev1/R&D GREET1_2025_Rev1.xlsm,inputs/0_external_models/R&D GREET2025_Rev1/R&D GREET2_2025_Rev1.xlsm,3abed15be3442b25b66c7d991ce4ea89fd1fe534af930ae772e419241f0d976f,2be89abd169eba7180c0ca41102461682fc258a38ea143c5544bfd051ed03384,2025,2020,argonne_rd_greet_2025_rev1,road_vehicle_cycle_emissions,mhdv,Class 6 PnD Trucks,MHDV_Sum,G77,A77,1.3) EV,bev,none,CH4,55954.54371452834,g/vehicle-lifetime,vehicle_cycle_total_no_eol_credits
Car,1,35,150,Class 6 PnD Trucks,1,0,False,inputs/0_external_models/R&D GREET2025_Rev1/R&D GREET1_2025_Rev1.xlsm,inputs/0_external_models/R&D GREET2025_Rev1/R&D GREET2_2025_Rev1.xlsm,3abed15be3442b25b66c7d991ce4ea89fd1fe534af930ae772e419241f0d976f,2be89abd169eba7180c0ca41102461682fc258a38ea143c5544bfd051ed03384,2025,2020,argonne_rd_greet_2025_rev1,road_vehicle_cycle_emissions,mhdv,Class 6 PnD Trucks,MHDV_Sum,G78,A78,1.3) EV,bev,none,N2O,702.6596442728859,g/vehicle-lifetime,vehicle_cycle_total_no_eol_credits
Car,1,35,150,Class 6 PnD Trucks,1,0,False,inputs/0_external_models/R&D GREET2025_Rev1/R&D GREET1_2025_Rev1.xlsm,inputs/0_external_models/R&D GREET2025_Rev1/R&D GREET2_2025_Rev1.xlsm,3abed15be3442b25b66c7d991ce4ea89fd1fe534af930ae772e419241f0d976f,2be89abd169eba7180c0ca41102461682fc258a38ea143c5544bfd051ed03384,2025,2020,argonne_rd_greet_2025_rev1,road_vehicle_cycle_emissions,mhdv,Class 6 PnD Trucks,MHDV_Sum,G106,A106,1.4) FCV,fcev,none,CO2,22456533.43579129,g/vehicle-lifetime,vehicle_cycle_total_no_eol_credits
Car,1,35,150,Class 6 PnD Trucks,1,0,False,inputs/0_external_models/R&D GREET2025_Rev1/R&D GREET1_2025_Rev1.xlsm,inputs/0_external_models/R&D GREET2025_Rev1/R&D GREET2_2025_Rev1.xlsm,3abed15be3442b25b66c7d991ce4ea89fd1fe534af930ae772e419241f0d976f,2be89abd169eba7180c0ca41102461682fc258a38ea143c5544bfd051ed03384,2025,2020,argonne_rd_greet_2025_rev1,road_vehicle_cycle_emissions,mhdv,Class 6 PnD Trucks,MHDV_Sum,G108,A108,1.4) FCV,fcev,none,CH4,46226.268830381465,g/vehicle-lifetime,vehicle_cycle_total_no_eol_credits
Car,1,35,150,Class 6 PnD Trucks,1,0,False,inputs/0_external_models/R&D GREET2025_Rev1/R&D GREET1_2025_Rev1.xlsm,inputs/0_external_models/R&D GREET2025_Rev1/R&D GREET2_2025_Rev1.xlsm,3abed15be3442b25b66c7d991ce4ea89fd1fe534af930ae772e419241f0d976f,2be89abd169eba7180c0ca41102461682fc258a38ea143c5544bfd051ed03384,2025,2020,argonne_rd_greet_2025_rev1,road_vehicle_cycle_emissions,mhdv,Class 6 PnD Trucks,MHDV_Sum,G109,A109,1.4) FCV,fcev,none,N2O,498.7322965018775,g/vehicle-lifetime,vehicle_cycle_total_no_eol_credits
Car,1,50,200,Class 6 PnD Trucks,1,1,False,inputs/0_external_models/R&D GREET2025_Rev1/R&D GREET1_2025_Rev1.xlsm,inputs/0_external_models/R&D GREET2025_Rev1/R&D GREET2_2025_Rev1.xlsm,3abed15be3442b25b66c7d991ce4ea89fd1fe534af930ae772e419241f0d976f,2be89abd169eba7180c0ca41102461682fc258a38ea143c5544bfd051ed03384,2025,2020,argonne_rd_greet_2025_rev1,road_vehicle_cycle_emissions,ldv,Car,Vehi_Sum,F13,A13,1.1) ICEV: Conventional Material,icev,conventional,CO2,5476200.155968173,g/vehicle-lifetime,vehicle_cycle_total_no_eol_credits
Car,1,50,200,Class 6 PnD Trucks,1,1,False,inputs/0_external_models/R&D GREET2025_Rev1/R&D GREET1_2025_Rev1.xlsm,inputs/0_external_models/R&D GREET2025_Rev1/R&D GREET2_2025_Rev1.xlsm,3abed15be3442b25b66c7d991ce4ea89fd1fe534af930ae772e419241f0d976f,2be89abd169eba7180c0ca41102461682fc258a38ea143c5544bfd051ed03384,2025,2020,argonne_rd_greet_2025_rev1,road_vehicle_cycle_emissions,ldv,Car,Vehi_Sum,F15,A15,1.1) ICEV: Conventional Material,icev,conventional,CH4,12693.203809897663,g/vehicle-lifetime,vehicle_cycle_total_no_eol_credits
Car,1,50,200,Class 6 PnD Trucks,1,1,False,inputs/0_external_models/R&D GREET2025_Rev1/R&D GREET1_2025_Rev1.xlsm,inputs/0_external_models/R&D GREET2025_Rev1/R&D GREET2_2025_Rev1.xlsm,3abed15be3442b25b66c7d991ce4ea89fd1fe534af930ae772e419241f0d976f,2be89abd169eba7180c0ca41102461682fc258a38ea143c5544bfd051ed03384,2025,2020,argonne_rd_greet_2025_rev1,road_vehicle_cycle_emissions,ldv,Car,Vehi_Sum,F16,A16,1.1) ICEV: Conventional Material,icev,conventional,N2O,169.13793887355405,g/vehicle-lifetime,vehicle_cycle_total_no_eol_credits
Car,1,50,200,Class 6 PnD Trucks,1,1,False,inputs/0_external_models/R&D GREET2025_Rev1/R&D GREET1_2025_Rev1.xlsm,inputs/0_external_models/R&D GREET2025_Rev1/R&D GREET2_2025_Rev1.xlsm,3abed15be3442b25b66c7d991ce4ea89fd1fe534af930ae772e419241f0d976f,2be89abd169eba7180c0ca41102461682fc258a38ea143c5544bfd051ed03384,2025,2020,argonne_rd_greet_2025_rev1,road_vehicle_cycle_emissions,ldv,Car,Vehi_Sum,F44,A44,1.2) ICEV: Lightweight Material,icev,lightweight,CO2,6559850.6783518605,g/vehicle-lifetime,vehicle_cycle_total_no_eol_credits
Car,1,50,200,Class 6 PnD Trucks,1,1,False,inputs/0_external_models/R&D GREET2025_Rev1/R&D GREET1_2025_Rev1.xlsm,inputs/0_external_models/R&D GREET2025_Rev1/R&D GREET2_2025_Rev1.xlsm,3abed15be3442b25b66c7d991ce4ea89fd1fe534af930ae772e419241f0d976f,2be89abd169eba7180c0ca41102461682fc258a38ea143c5544bfd051ed03384,2025,2020,argonne_rd_greet_2025_rev1,road_vehicle_cycle_emissions,ldv,Car,Vehi_Sum,F46,A46,1.2) ICEV: Lightweight Material,icev,lightweight,CH4,16104.460934598188,g/vehicle-lifetime,vehicle_cycle_total_no_eol_credits
Car,1,50,200,Class 6 PnD Trucks,1,1,False,inputs/0_external_models/R&D GREET2025_Rev1/R&D GREET1_2025_Rev1.xlsm,inputs/0_external_models/R&D GREET2025_Rev1/R&D GREET2_2025_Rev1.xlsm,3abed15be3442b25b66c7d991ce4ea89fd1fe534af930ae772e419241f0d976f,2be89abd169eba7180c0ca41102461682fc258a38ea143c5544bfd051ed03384,2025,2020,argonne_rd_greet_2025_rev1,road_vehicle_cycle_emissions,ldv,Car,Vehi_Sum,F47,A47,1.2) ICEV: Lightweight Material,icev,lightweight,N2O,203.54750384144234,g/vehicle-lifetime,vehicle_cycle_total_no_eol_credits
Car,1,50,200,Class 6 PnD Trucks,1,1,False,inputs/0_external_models/R&D GREET2025_Rev1/R&D GREET1_2025_Rev1.xlsm,inputs/0_external_models/R&D GREET2025_Rev1/R&D GREET2_2025_Rev1.xlsm,3abed15be3442b25b66c7d991ce4ea89fd1fe534af930ae772e419241f0d976f,2be89abd169eba7180c0ca41102461682fc258a38ea143c5544bfd051ed03384,2025,2020,argonne_rd_greet_2025_rev1,road_vehicle_cycle_emissions,ldv,Car,Vehi_Sum,F75,A75,1.3) HEV: Conventional Material,hev,conventional,CO2,5877157.384556115,g/vehicle-lifetime,vehicle_cycle_total_no_eol_credits
Car,1,50,200,Class 6 PnD Trucks,1,1,False,inputs/0_external_models/R&D GREET2025_Rev1/R&D GREET1_2025_Rev1.xlsm,inputs/0_external_models/R&D GREET2025_Rev1/R&D GREET2_2025_Rev1.xlsm,3abed15be3442b25b66c7d991ce4ea89fd1fe534af930ae772e419241f0d976f,2be89abd169eba7180c0ca41102461682fc258a38ea143c5544bfd051ed03384,2025,2020,argonne_rd_greet_2025_rev1,road_vehicle_cycle_emissions,ldv,Car,Vehi_Sum,F77,A77,1.3) HEV: Conventional Material,hev,conventional,CH4,13263.450359421906,g/vehicle-lifetime,vehicle_cycle_total_no_eol_credits
Car,1,50,200,Class 6 PnD Trucks,1,1,False,inputs/0_external_models/R&D GREET2025_Rev1/R&D GREET1_2025_Rev1.xlsm,inputs/0_external_models/R&D GREET2025_Rev1/R&D GREET2_2025_Rev1.xlsm,3abed15be3442b25b66c7d991ce4ea89fd1fe534af930ae772e419241f0d976f,2be89abd169eba7180c0ca41102461682fc258a38ea143c5544bfd051ed03384,2025,2020,argonne_rd_greet_2025_rev1,road_vehicle_cycle_emissions,ldv,Car,Vehi_Sum,F78,A78,1.3) HEV: Conventional Material,hev,conventional,N2O,222.36902200492415,g/vehicle-lifetime,vehicle_cycle_total_no_eol_credits
Car,1,50,200,Class 6 PnD Trucks,1,1,False,inputs/0_external_models/R&D GREET2025_Rev1/R&D GREET1_2025_Rev1.xlsm,inputs/0_external_models/R&D GREET2025_Rev1/R&D GREET2_2025_Rev1.xlsm,3abed15be3442b25b66c7d991ce4ea89fd1fe534af930ae772e419241f0d976f,2be89abd169eba7180c0ca41102461682fc258a38ea143c5544bfd051ed03384,2025,2020,argonne_rd_greet_2025_rev1,road_vehicle_cycle_emissions,ldv,Car,Vehi_Sum,F106,A106,1.4) HEV: Lightweight Material,hev,lightweight,CO2,6836789.466270282,g/vehicle-lifetime,vehicle_cycle_total_no_eol_credits
Car,1,50,200,Class 6 PnD Trucks,1,1,False,inputs/0_external_models/R&D GREET2025_Rev1/R&D GREET1_2025_Rev1.xlsm,inputs/0_external_models/R&D GREET2025_Rev1/R&D GREET2_2025_Rev1.xlsm,3abed15be3442b25b66c7d991ce4ea89fd1fe534af930ae772e419241f0d976f,2be89abd169eba7180c0ca41102461682fc258a38ea143c5544bfd051ed03384,2025,2020,argonne_rd_greet_2025_rev1,road_vehicle_cycle_emissions,ldv,Car,Vehi_Sum,F108,A108,1.4) HEV: Lightweight Material,hev,lightweight,CH4,16544.84947761421,g/vehicle-lifetime,vehicle_cycle_total_no_eol_credits
Car,1,50,200,Class 6 PnD Trucks,1,1,False,inputs/0_external_models/R&D GREET2025_Rev1/R&D GREET1_2025_Rev1.xlsm,inputs/0_external_models/R&D GREET2025_Rev1/R&D GREET2_2025_Rev1.xlsm,3abed15be3442b25b66c7d991ce4ea89fd1fe534af930ae772e419241f0d976f,2be89abd169eba7180c0ca41102461682fc258a38ea143c5544bfd051ed03384,2025,2020,argonne_rd_greet_2025_rev1,road_vehicle_cycle_emissions,ldv,Car,Vehi_Sum,F109,A109,1.4) HEV: Lightweight Material,hev,lightweight,N2O,257.85499436091357,g/vehicle-lifetime,vehicle_cycle_total_no_eol_credits
Car,1,50,200,Class 6 PnD Trucks,1,1,False,inputs/0_external_models/R&D GREET2025_Rev1/R&D GREET1_2025_Rev1.xlsm,inputs/0_external_models/R&D GREET2025_Rev1/R&D GREET2_2025_Rev1.xlsm,3abed15be3442b25b66c7d991ce4ea89fd1fe534af930ae772e419241f0d976f,2be89abd169eba7180c0ca41102461682fc258a38ea143c5544bfd051ed03384,2025,2020,argonne_rd_greet_2025_rev1,road_vehicle_cycle_emissions,ldv,Car,Vehi_Sum,F137,A137,1.5) PHEV: Conventional Material,phev,conventional,CO2,6714423.563145255,g/vehicle-lifetime,vehicle_cycle_total_no_eol_credits
Car,1,50,200,Class 6 PnD Trucks,1,1,False,inputs/0_external_models/R&D GREET2025_Rev1/R&D GREET1_2025_Rev1.xlsm,inputs/0_external_models/R&D GREET2025_Rev1/R&D GREET2_2025_Rev1.xlsm,3abed15be3442b25b66c7d991ce4ea89fd1fe534af930ae772e419241f0d976f,2be89abd169eba7180c0ca41102461682fc258a38ea143c5544bfd051ed03384,2025,2020,argonne_rd_greet_2025_rev1,road_vehicle_cycle_emissions,ldv,Car,Vehi_Sum,F139,A139,1.5) PHEV: Conventional Material,phev,conventional,CH4,14805.89925062795,g/vehicle-lifetime,vehicle_cycle_total_no_eol_credits
Car,1,50,200,Class 6 PnD Trucks,1,1,False,inputs/0_external_models/R&D GREET2025_Rev1/R&D GREET1_2025_Rev1.xlsm,inputs/0_external_models/R&D GREET2025_Rev1/R&D GREET2_2025_Rev1.xlsm,3abed15be3442b25b66c7d991ce4ea89fd1fe534af930ae772e419241f0d976f,2be89abd169eba7180c0ca41102461682fc258a38ea143c5544bfd051ed03384,2025,2020,argonne_rd_greet_2025_rev1,road_vehicle_cycle_emissions,ldv,Car,Vehi_Sum,F140,A140,1.5) PHEV: Conventional Material,phev,conventional,N2O,213.5303183775006,g/vehicle-lifetime,vehicle_cycle_total_no_eol_credits
Car,1,50,200,Class 6 PnD Trucks,1,1,False,inputs/0_external_models/R&D GREET2025_Rev1/R&D GREET1_2025_Rev1.xlsm,inputs/0_external_models/R&D GREET2025_Rev1/R&D GREET2_2025_Rev1.xlsm,3abed15be3442b25b66c7d991ce4ea89fd1fe534af930ae772e419241f0d976f,2be89abd169eba7180c0ca41102461682fc258a38ea143c5544bfd051ed03384,2025,2020,argonne_rd_greet_2025_rev1,road_vehicle_cycle_emissions,ldv,Car,Vehi_Sum,F168,A168,1.6) PHEV: Lightweight Material,phev,lightweight,CO2,7430201.797445612,g/vehicle-lifetime,vehicle_cycle_total_no_eol_credits
Car,1,50,200,Class 6 PnD Trucks,1,1,False,inputs/0_external_models/R&D GREET2025_Rev1/R&D GREET1_2025_Rev1.xlsm,inputs/0_external_models/R&D GREET2025_Rev1/R&D GREET2_2025_Rev1.xlsm,3abed15be3442b25b66c7d991ce4ea89fd1fe534af930ae772e419241f0d976f,2be89abd169eba7180c0ca41102461682fc258a38ea143c5544bfd051ed03384,2025,2020,argonne_rd_greet_2025_rev1,road_vehicle_cycle_emissions,ldv,Car,Vehi_Sum,F170,A170,1.6) PHEV: Lightweight Material,phev,lightweight,CH4,17662.017554590424,g/vehicle-lifetime,vehicle_cycle_total_no_eol_credits
Car,1,50,200,Class 6 PnD Trucks,1,1,False,inputs/0_external_models/R&D GREET2025_Rev1/R&D GREET1_2025_Rev1.xlsm,inputs/0_external_models/R&D GREET2025_Rev1/R&D GREET2_2025_Rev1.xlsm,3abed15be3442b25b66c7d991ce4ea89fd1fe534af930ae772e419241f0d976f,2be89abd169eba7180c0ca41102461682fc258a38ea143c5544bfd051ed03384,2025,2020,argonne_rd_greet_2025_rev1,road_vehicle_cycle_emissions,ldv,Car,Vehi_Sum,F171,A171,1.6) PHEV: Lightweight Material,phev,lightweight,N2O,252.59851456460945,g/vehicle-lifetime,vehicle_cycle_total_no_eol_credits
Car,1,50,200,Class 6 PnD Trucks,1,1,False,inputs/0_external_models/R&D GREET2025_Rev1/R&D GREET1_2025_Rev1.xlsm,inputs/0_external_models/R&D GREET2025_Rev1/R&D GREET2_2025_Rev1.xlsm,3abed15be3442b25b66c7d991ce4ea89fd1fe534af930ae772e419241f0d976f,2be89abd169eba7180c0ca41102461682fc258a38ea143c5544bfd051ed03384,2025,2020,argonne_rd_greet_2025_rev1,road_vehicle_cycle_emissions,ldv,Car,Vehi_Sum,F199,A199,1.7) EV: Conventional Material,bev,conventional,CO2,7806761.662586769,g/vehicle-lifetime,vehicle_cycle_total_no_eol_credits
Car,1,50,200,Class 6 PnD Trucks,1,1,False,inputs/0_external_models/R&D GREET2025_Rev1/R&D GREET1_2025_Rev1.xlsm,inputs/0_external_models/R&D GREET2025_Rev1/R&D GREET2_2025_Rev1.xlsm,3abed15be3442b25b66c7d991ce4ea89fd1fe534af930ae772e419241f0d976f,2be89abd169eba7180c0ca41102461682fc258a38ea143c5544bfd051ed03384,2025,2020,argonne_rd_greet_2025_rev1,road_vehicle_cycle_emissions,ldv,Car,Vehi_Sum,F201,A201,1.7) EV: Conventional Material,bev,conventional,CH4,17673.137022593484,g/vehicle-lifetime,vehicle_cycle_total_no_eol_credits
Car,1,50,200,Class 6 PnD Trucks,1,1,False,inputs/0_external_models/R&D GREET2025_Rev1/R&D GREET1_2025_Rev1.xlsm,inputs/0_external_models/R&D GREET2025_Rev1/R&D GREET2_2025_Rev1.xlsm,3abed15be3442b25b66c7d991ce4ea89fd1fe534af930ae772e419241f0d976f,2be89abd169eba7180c0ca41102461682fc258a38ea143c5544bfd051ed03384,2025,2020,argonne_rd_greet_2025_rev1,road_vehicle_cycle_emissions,ldv,Car,Vehi_Sum,F202,A202,1.7) EV: Conventional Material,bev,conventional,N2O,254.07750873443277,g/vehicle-lifetime,vehicle_cycle_total_no_eol_credits
Car,1,50,200,Class 6 PnD Trucks,1,1,False,inputs/0_external_models/R&D GREET2025_Rev1/R&D GREET1_2025_Rev1.xlsm,inputs/0_external_models/R&D GREET2025_Rev1/R&D GREET2_2025_Rev1.xlsm,3abed15be3442b25b66c7d991ce4ea89fd1fe534af930ae772e419241f0d976f,2be89abd169eba7180c0ca41102461682fc258a38ea143c5544bfd051ed03384,2025,2020,argonne_rd_greet_2025_rev1,road_vehicle_cycle_emissions,ldv,Car,Vehi_Sum,F230,A230,1.8) EV: Lightweight Material,bev,lightweight,CO2,9986317.64709991,g/vehicle-lifetime,vehicle_cycle_total_no_eol_credits
Car,1,50,200,Class 6 PnD Trucks,1,1,False,inputs/0_external_models/R&D GREET2025_Rev1/R&D GREET1_2025_Rev1.xlsm,inputs/0_external_models/R&D GREET2025_Rev1/R&D GREET2_2025_Rev1.xlsm,3abed15be3442b25b66c7d991ce4ea89fd1fe534af930ae772e419241f0d976f,2be89abd169eba7180c0ca41102461682fc258a38ea143c5544bfd051ed03384,2025,2020,argonne_rd_greet_2025_rev1,road_vehicle_cycle_emissions,ldv,Car,Vehi_Sum,F232,A232,1.8) EV: Lightweight Material,bev,lightweight,CH4,22867.627577729483,g/vehicle-lifetime,vehicle_cycle_total_no_eol_credits
Car,1,50,200,Class 6 PnD Trucks,1,1,False,inputs/0_external_models/R&D GREET2025_Rev1/R&D GREET1_2025_Rev1.xlsm,inputs/0_external_models/R&D GREET2025_Rev1/R&D GREET2_2025_Rev1.xlsm,3abed15be3442b25b66c7d991ce4ea89fd1fe534af930ae772e419241f0d976f,2be89abd169eba7180c0ca41102461682fc258a38ea143c5544bfd051ed03384,2025,2020,argonne_rd_greet_2025_rev1,road_vehicle_cycle_emissions,ldv,Car,Vehi_Sum,F233,A233,1.8) EV: Lightweight Material,bev,lightweight,N2O,356.9471894050804,g/vehicle-lifetime,vehicle_cycle_total_no_eol_credits
Car,1,50,200,Class 6 PnD Trucks,1,1,False,inputs/0_external_models/R&D GREET2025_Rev1/R&D GREET1_2025_Rev1.xlsm,inputs/0_external_models/R&D GREET2025_Rev1/R&D GREET2_2025_Rev1.xlsm,3abed15be3442b25b66c7d991ce4ea89fd1fe534af930ae772e419241f0d976f,2be89abd169eba7180c0ca41102461682fc258a38ea143c5544bfd051ed03384,2025,2020,argonne_rd_greet_2025_rev1,road_vehicle_cycle_emissions,ldv,Car,Vehi_Sum,F261,A261,1.9) FCV: Conventional Material,fcev,conventional,CO2,6640504.807219377,g/vehicle-lifetime,vehicle_cycle_total_no_eol_credits
Car,1,50,200,Class 6 PnD Trucks,1,1,False,inputs/0_external_models/R&D GREET2025_Rev1/R&D GREET1_2025_Rev1.xlsm,inputs/0_external_models/R&D GREET2025_Rev1/R&D GREET2_2025_Rev1.xlsm,3abed15be3442b25b66c7d991ce4ea89fd1fe534af930ae772e419241f0d976f,2be89abd169eba7180c0ca41102461682fc258a38ea143c5544bfd051ed03384,2025,2020,argonne_rd_greet_2025_rev1,road_vehicle_cycle_emissions,ldv,Car,Vehi_Sum,F263,A263,1.9) FCV: Conventional Material,fcev,conventional,CH4,15837.295234170055,g/vehicle-lifetime,vehicle_cycle_total_no_eol_credits
Car,1,50,200,Class 6 PnD Trucks,1,1,False,inputs/0_external_models/R&D GREET2025_Rev1/R&D GREET1_2025_Rev1.xlsm,inputs/0_external_models/R&D GREET2025_Rev1/R&D GREET2_2025_Rev1.xlsm,3abed15be3442b25b66c7d991ce4ea89fd1fe534af930ae772e419241f0d976f,2be89abd169eba7180c0ca41102461682fc258a38ea143c5544bfd051ed03384,2025,2020,argonne_rd_greet_2025_rev1,road_vehicle_cycle_emissions,ldv,Car,Vehi_Sum,F264,A264,1.9) FCV: Conventional Material,fcev,conventional,N2O,247.74077033456757,g/vehicle-lifetime,vehicle_cycle_total_no_eol_credits
Car,1,50,200,Class 6 PnD Trucks,1,1,False,inputs/0_external_models/R&D GREET2025_Rev1/R&D GREET1_2025_Rev1.xlsm,inputs/0_external_models/R&D GREET2025_Rev1/R&D GREET2_2025_Rev1.xlsm,3abed15be3442b25b66c7d991ce4ea89fd1fe534af930ae772e419241f0d976f,2be89abd169eba7180c0ca41102461682fc258a38ea143c5544bfd051ed03384,2025,2020,argonne_rd_greet_2025_rev1,road_vehicle_cycle_emissions,ldv,Car,Vehi_Sum,F292,A292,1.10) FCV: Lightweight Material,fcev,lightweight,CO2,8018085.243384266,g/vehicle-lifetime,vehicle_cycle_total_no_eol_credits
Car,1,50,200,Class 6 PnD Trucks,1,1,False,inputs/0_external_models/R&D GREET2025_Rev1/R&D GREET1_2025_Rev1.xlsm,inputs/0_external_models/R&D GREET2025_Rev1/R&D GREET2_2025_Rev1.xlsm,3abed15be3442b25b66c7d991ce4ea89fd1fe534af930ae772e419241f0d976f,2be89abd169eba7180c0ca41102461682fc258a38ea143c5544bfd051ed03384,2025,2020,argonne_rd_greet_2025_rev1,road_vehicle_cycle_emissions,ldv,Car,Vehi_Sum,F294,A294,1.10) FCV: Lightweight Material,fcev,lightweight,CH4,20647.121453632015,g/vehicle-lifetime,vehicle_cycle_total_no_eol_credits
Car,1,50,200,Class 6 PnD Trucks,1,1,False,inputs/0_external_models/R&D GREET2025_Rev1/R&D GREET1_2025_Rev1.xlsm,inputs/0_external_models/R&D GREET2025_Rev1/R&D GREET2_2025_Rev1.xlsm,3abed15be3442b25b66c7d991ce4ea89fd1fe534af930ae772e419241f0d976f,2be89abd169eba7180c0ca41102461682fc258a38ea143c5544bfd051ed03384,2025,2020,argonne_rd_greet_2025_rev1,road_vehicle_cycle_emissions,ldv,Car,Vehi_Sum,F295,A295,1.10) FCV: Lightweight Material,fcev,lightweight,N2O,299.8785611268483,g/vehicle-lifetime,vehicle_cycle_total_no_eol_credits
Car,1,50,200,Class 6 PnD Trucks,1,1,False,inputs/0_external_models/R&D GREET2025_Rev1/R&D GREET1_2025_Rev1.xlsm,inputs/0_external_models/R&D GREET2025_Rev1/R&D GREET2_2025_Rev1.xlsm,3abed15be3442b25b66c7d991ce4ea89fd1fe534af930ae772e419241f0d976f,2be89abd169eba7180c0ca41102461682fc258a38ea143c5544bfd051ed03384,2025,2020,argonne_rd_greet_2025_rev1,road_vehicle_cycle_emissions,mhdv,Class 6 PnD Trucks,MHDV_Sum,G13,A13,1.1) ICEV,icev,none,CO2,17814591.789810307,g/vehicle-lifetime,vehicle_cycle_total_no_eol_credits
Car,1,50,200,Class 6 PnD Trucks,1,1,False,inputs/0_external_models/R&D GREET2025_Rev1/R&D GREET1_2025_Rev1.xlsm,inputs/0_external_models/R&D GREET2025_Rev1/R&D GREET2_2025_Rev1.xlsm,3abed15be3442b25b66c7d991ce4ea89fd1fe534af930ae772e419241f0d976f,2be89abd169eba7180c0ca41102461682fc258a38ea143c5544bfd051ed03384,2025,2020,argonne_rd_greet_2025_rev1,road_vehicle_cycle_emissions,mhdv,Class 6 PnD Trucks,MHDV_Sum,G15,A15,1.1) ICEV,icev,none,CH4,33984.61026012566,g/vehicle-lifetime,vehicle_cycle_total_no_eol_credits
Car,1,50,200,Class 6 PnD Trucks,1,1,False,inputs/0_external_models/R&D GREET2025_Rev1/R&D GREET1_2025_Rev1.xlsm,inputs/0_external_models/R&D GREET2025_Rev1/R&D GREET2_2025_Rev1.xlsm,3abed15be3442b25b66c7d991ce4ea89fd1fe534af930ae772e419241f0d976f,2be89abd169eba7180c0ca41102461682fc258a38ea143c5544bfd051ed03384,2025,2020,argonne_rd_greet_2025_rev1,road_vehicle_cycle_emissions,mhdv,Class 6 PnD Trucks,MHDV_Sum,G16,A16,1.1) ICEV,icev,none,N2O,336.9746755969985,g/vehicle-lifetime,vehicle_cycle_total_no_eol_credits
Car,1,50,200,Class 6 PnD Trucks,1,1,False,inputs/0_external_models/R&D GREET2025_Rev1/R&D GREET1_2025_Rev1.xlsm,inputs/0_external_models/R&D GREET2025_Rev1/R&D GREET2_2025_Rev1.xlsm,3abed15be3442b25b66c7d991ce4ea89fd1fe534af930ae772e419241f0d976f,2be89abd169eba7180c0ca41102461682fc258a38ea143c5544bfd051ed03384,2025,2020,argonne_rd_greet_2025_rev1,road_vehicle_cycle_emissions,mhdv,Class 6 PnD Trucks,MHDV_Sum,G44,A44,1.2) HEV,hev,none,CO2,18333102.181475896,g/vehicle-lifetime,vehicle_cycle_total_no_eol_credits
Car,1,50,200,Class 6 PnD Trucks,1,1,False,inputs/0_external_models/R&D GREET2025_Rev1/R&D GREET1_2025_Rev1.xlsm,inputs/0_external_models/R&D GREET2025_Rev1/R&D GREET2_2025_Rev1.xlsm,3abed15be3442b25b66c7d991ce4ea89fd1fe534af930ae772e419241f0d976f,2be89abd169eba7180c0ca41102461682fc258a38ea143c5544bfd051ed03384,2025,2020,argonne_rd_greet_2025_rev1,road_vehicle_cycle_emissions,mhdv,Class 6 PnD Trucks,MHDV_Sum,G46,A46,1.2) HEV,hev,none,CH4,34987.40289923422,g/vehicle-lifetime,vehicle_cycle_total_no_eol_credits
Car,1,50,200,Class 6 PnD Trucks,1,1,False,inputs/0_external_models/R&D GREET2025_Rev1/R&D GREET1_2025_Rev1.xlsm,inputs/0_external_models/R&D GREET2025_Rev1/R&D GREET2_2025_Rev1.xlsm,3abed15be3442b25b66c7d991ce4ea89fd1fe534af930ae772e419241f0d976f,2be89abd169eba7180c0ca41102461682fc258a38ea143c5544bfd051ed03384,2025,2020,argonne_rd_greet_2025_rev1,road_vehicle_cycle_emissions,mhdv,Class 6 PnD Trucks,MHDV_Sum,G47,A47,1.2) HEV,hev,none,N2O,367.90150824555917,g/vehicle-lifetime,vehicle_cycle_total_no_eol_credits
Car,1,50,200,Class 6 PnD Trucks,1,1,False,inputs/0_external_models/R&D GREET2025_Rev1/R&D GREET1_2025_Rev1.xlsm,inputs/0_external_models/R&D GREET2025_Rev1/R&D GREET2_2025_Rev1.xlsm,3abed15be3442b25b66c7d991ce4ea89fd1fe534af930ae772e419241f0d976f,2be89abd169eba7180c0ca41102461682fc258a38ea143c5544bfd051ed03384,2025,2020,argonne_rd_greet_2025_rev1,road_vehicle_cycle_emissions,mhdv,Class 6 PnD Trucks,MHDV_Sum,G75,A75,1.3) EV,bev,none,CO2,29416143.833984002,g/vehicle-lifetime,vehicle_cycle_total_no_eol_credits
Car,1,50,200,Class 6 PnD Trucks,1,1,False,inputs/0_external_models/R&D GREET2025_Rev1/R&D GREET1_2025_Rev1.xlsm,inputs/0_external_models/R&D GREET2025_Rev1/R&D GREET2_2025_Rev1.xlsm,3abed15be3442b25b66c7d991ce4ea89fd1fe534af930ae772e419241f0d976f,2be89abd169eba7180c0ca41102461682fc258a38ea143c5544bfd051ed03384,2025,2020,argonne_rd_greet_2025_rev1,road_vehicle_cycle_emissions,mhdv,Class 6 PnD Trucks,MHDV_Sum,G77,A77,1.3) EV,bev,none,CH4,55954.54371452834,g/vehicle-lifetime,vehicle_cycle_total_no_eol_credits
Car,1,50,200,Class 6 PnD Trucks,1,1,False,inputs/0_external_models/R&D GREET2025_Rev1/R&D GREET1_2025_Rev1.xlsm,inputs/0_external_models/R&D GREET2025_Rev1/R&D GREET2_2025_Rev1.xlsm,3abed15be3442b25b66c7d991ce4ea89fd1fe534af930ae772e419241f0d976f,2be89abd169eba7180c0ca41102461682fc258a38ea143c5544bfd051ed03384,2025,2020,argonne_rd_greet_2025_rev1,road_vehicle_cycle_emissions,mhdv,Class 6 PnD Trucks,MHDV_Sum,G78,A78,1.3) EV,bev,none,N2O,702.6596442728859,g/vehicle-lifetime,vehicle_cycle_total_no_eol_credits
Car,1,50,200,Class 6 PnD Trucks,1,1,False,inputs/0_external_models/R&D GREET2025_Rev1/R&D GREET1_2025_Rev1.xlsm,inputs/0_external_models/R&D GREET2025_Rev1/R&D GREET2_2025_Rev1.xlsm,3abed15be3442b25b66c7d991ce4ea89fd1fe534af930ae772e419241f0d976f,2be89abd169eba7180c0ca41102461682fc258a38ea143c5544bfd051ed03384,2025,2020,argonne_rd_greet_2025_rev1,road_vehicle_cycle_emissions,mhdv,Class 6 PnD Trucks,MHDV_Sum,G106,A106,1.4) FCV,fcev,none,CO2,22456533.43579129,g/vehicle-lifetime,vehicle_cycle_total_no_eol_credits
Car,1,50,200,Class 6 PnD Trucks,1,1,False,inputs/0_external_models/R&D GREET2025_Rev1/R&D GREET1_2025_Rev1.xlsm,inputs/0_external_models/R&D GREET2025_Rev1/R&D GREET2_2025_Rev1.xlsm,3abed15be3442b25b66c7d991ce4ea89fd1fe534af930ae772e419241f0d976f,2be89abd169eba7180c0ca41102461682fc258a38ea143c5544bfd051ed03384,2025,2020,argonne_rd_greet_2025_rev1,road_vehicle_cycle_emissions,mhdv,Class 6 PnD Trucks,MHDV_Sum,G108,A108,1.4) FCV,fcev,none,CH4,46226.268830381465,g/vehicle-lifetime,vehicle_cycle_total_no_eol_credits
Car,1,50,200,Class 6 PnD Trucks,1,1,False,inputs/0_external_models/R&D GREET2025_Rev1/R&D GREET1_2025_Rev1.xlsm,inputs/0_external_models/R&D GREET2025_Rev1/R&D GREET2_2025_Rev1.xlsm,3abed15be3442b25b66c7d991ce4ea89fd1fe534af930ae772e419241f0d976f,2be89abd169eba7180c0ca41102461682fc258a38ea143c5544bfd051ed03384,2025,2020,argonne_rd_greet_2025_rev1,road_vehicle_cycle_emissions,mhdv,Class 6 PnD Trucks,MHDV_Sum,G109,A109,1.4) FCV,fcev,none,N2O,498.7322965018775,g/vehicle-lifetime,vehicle_cycle_total_no_eol_credits
Car,1,35,300,Class 6 PnD Trucks,1,2,False,inputs/0_external_models/R&D GREET2025_Rev1/R&D GREET1_2025_Rev1.xlsm,inputs/0_external_models/R&D GREET2025_Rev1/R&D GREET2_2025_Rev1.xlsm,3abed15be3442b25b66c7d991ce4ea89fd1fe534af930ae772e419241f0d976f,2be89abd169eba7180c0ca41102461682fc258a38ea143c5544bfd051ed03384,2025,2020,argonne_rd_greet_2025_rev1,road_vehicle_cycle_emissions,ldv,Car,Vehi_Sum,F13,A13,1.1) ICEV: Conventional Material,icev,conventional,CO2,5476200.155968173,g/vehicle-lifetime,vehicle_cycle_total_no_eol_credits
Car,1,35,300,Class 6 PnD Trucks,1,2,False,inputs/0_external_models/R&D GREET2025_Rev1/R&D GREET1_2025_Rev1.xlsm,inputs/0_external_models/R&D GREET2025_Rev1/R&D GREET2_2025_Rev1.xlsm,3abed15be3442b25b66c7d991ce4ea89fd1fe534af930ae772e419241f0d976f,2be89abd169eba7180c0ca41102461682fc258a38ea143c5544bfd051ed03384,2025,2020,argonne_rd_greet_2025_rev1,road_vehicle_cycle_emissions,ldv,Car,Vehi_Sum,F15,A15,1.1) ICEV: Conventional Material,icev,conventional,CH4,12693.203809897663,g/vehicle-lifetime,vehicle_cycle_total_no_eol_credits
Car,1,35,300,Class 6 PnD Trucks,1,2,False,inputs/0_external_models/R&D GREET2025_Rev1/R&D GREET1_2025_Rev1.xlsm,inputs/0_external_models/R&D GREET2025_Rev1/R&D GREET2_2025_Rev1.xlsm,3abed15be3442b25b66c7d991ce4ea89fd1fe534af930ae772e419241f0d976f,2be89abd169eba7180c0ca41102461682fc258a38ea143c5544bfd051ed03384,2025,2020,argonne_rd_greet_2025_rev1,road_vehicle_cycle_emissions,ldv,Car,Vehi_Sum,F16,A16,1.1) ICEV: Conventional Material,icev,conventional,N2O,169.13793887355405,g/vehicle-lifetime,vehicle_cycle_total_no_eol_credits
Car,1,35,300,Class 6 PnD Trucks,1,2,False,inputs/0_external_models/R&D GREET2025_Rev1/R&D GREET1_2025_Rev1.xlsm,inputs/0_external_models/R&D GREET2025_Rev1/R&D GREET2_2025_Rev1.xlsm,3abed15be3442b25b66c7d991ce4ea89fd1fe534af930ae772e419241f0d976f,2be89abd169eba7180c0ca41102461682fc258a38ea143c5544bfd051ed03384,2025,2020,argonne_rd_greet_2025_rev1,road_vehicle_cycle_emissions,ldv,Car,Vehi_Sum,F44,A44,1.2) ICEV: Lightweight Material,icev,lightweight,CO2,6559850.6783518605,g/vehicle-lifetime,vehicle_cycle_total_no_eol_credits
Car,1,35,300,Class 6 PnD Trucks,1,2,False,inputs/0_external_models/R&D GREET2025_Rev1/R&D GREET1_2025_Rev1.xlsm,inputs/0_external_models/R&D GREET2025_Rev1/R&D GREET2_2025_Rev1.xlsm,3abed15be3442b25b66c7d991ce4ea89fd1fe534af930ae772e419241f0d976f,2be89abd169eba7180c0ca41102461682fc258a38ea143c5544bfd051ed03384,2025,2020,argonne_rd_greet_2025_rev1,road_vehicle_cycle_emissions,ldv,Car,Vehi_Sum,F46,A46,1.2) ICEV: Lightweight Material,icev,lightweight,CH4,16104.460934598188,g/vehicle-lifetime,vehicle_cycle_total_no_eol_credits
Car,1,35,300,Class 6 PnD Trucks,1,2,False,inputs/0_external_models/R&D GREET2025_Rev1/R&D GREET1_2025_Rev1.xlsm,inputs/0_external_models/R&D GREET2025_Rev1/R&D GREET2_2025_Rev1.xlsm,3abed15be3442b25b66c7d991ce4ea89fd1fe534af930ae772e419241f0d976f,2be89abd169eba7180c0ca41102461682fc258a38ea143c5544bfd051ed03384,2025,2020,argonne_rd_greet_2025_rev1,road_vehicle_cycle_emissions,ldv,Car,Vehi_Sum,F47,A47,1.2) ICEV: Lightweight Material,icev,lightweight,N2O,203.54750384144234,g/vehicle-lifetime,vehicle_cycle_total_no_eol_credits
Car,1,35,300,Class 6 PnD Trucks,1,2,False,inputs/0_external_models/R&D GREET2025_Rev1/R&D GREET1_2025_Rev1.xlsm,inputs/0_external_models/R&D GREET2025_Rev1/R&D GREET2_2025_Rev1.xlsm,3abed15be3442b25b66c7d991ce4ea89fd1fe534af930ae772e419241f0d976f,2be89abd169eba7180c0ca41102461682fc258a38ea143c5544bfd051ed03384,2025,2020,argonne_rd_greet_2025_rev1,road_vehicle_cycle_emissions,ldv,Car,Vehi_Sum,F75,A75,1.3) HEV: Conventional Material,hev,conventional,CO2,5877157.384556115,g/vehicle-lifetime,vehicle_cycle_total_no_eol_credits
Car,1,35,300,Class 6 PnD Trucks,1,2,False,inputs/0_external_models/R&D GREET2025_Rev1/R&D GREET1_2025_Rev1.xlsm,inputs/0_external_models/R&D GREET2025_Rev1/R&D GREET2_2025_Rev1.xlsm,3abed15be3442b25b66c7d991ce4ea89fd1fe534af930ae772e419241f0d976f,2be89abd169eba7180c0ca41102461682fc258a38ea143c5544bfd051ed03384,2025,2020,argonne_rd_greet_2025_rev1,road_vehicle_cycle_emissions,ldv,Car,Vehi_Sum,F77,A77,1.3) HEV: Conventional Material,hev,conventional,CH4,13263.450359421906,g/vehicle-lifetime,vehicle_cycle_total_no_eol_credits
Car,1,35,300,Class 6 PnD Trucks,1,2,False,inputs/0_external_models/R&D GREET2025_Rev1/R&D GREET1_2025_Rev1.xlsm,inputs/0_external_models/R&D GREET2025_Rev1/R&D GREET2_2025_Rev1.xlsm,3abed15be3442b25b66c7d991ce4ea89fd1fe534af930ae772e419241f0d976f,2be89abd169eba7180c0ca41102461682fc258a38ea143c5544bfd051ed03384,2025,2020,argonne_rd_greet_2025_rev1,road_vehicle_cycle_emissions,ldv,Car,Vehi_Sum,F78,A78,1.3) HEV: Conventional Material,hev,conventional,N2O,222.36902200492415,g/vehicle-lifetime,vehicle_cycle_total_no_eol_credits
Car,1,35,300,Class 6 PnD Trucks,1,2,False,inputs/0_external_models/R&D GREET2025_Rev1/R&D GREET1_2025_Rev1.xlsm,inputs/0_external_models/R&D GREET2025_Rev1/R&D GREET2_2025_Rev1.xlsm,3abed15be3442b25b66c7d991ce4ea89fd1fe534af930ae772e419241f0d976f,2be89abd169eba7180c0ca41102461682fc258a38ea143c5544bfd051ed03384,2025,2020,argonne_rd_greet_2025_rev1,road_vehicle_cycle_emissions,ldv,Car,Vehi_Sum,F106,A106,1.4) HEV: Lightweight Material,hev,lightweight,CO2,6836789.466270282,g/vehicle-lifetime,vehicle_cycle_total_no_eol_credits
Car,1,35,300,Class 6 PnD Trucks,1,2,False,inputs/0_external_models/R&D GREET2025_Rev1/R&D GREET1_2025_Rev1.xlsm,inputs/0_external_models/R&D GREET2025_Rev1/R&D GREET2_2025_Rev1.xlsm,3abed15be3442b25b66c7d991ce4ea89fd1fe534af930ae772e419241f0d976f,2be89abd169eba7180c0ca41102461682fc258a38ea143c5544bfd051ed03384,2025,2020,argonne_rd_greet_2025_rev1,road_vehicle_cycle_emissions,ldv,Car,Vehi_Sum,F108,A108,1.4) HEV: Lightweight Material,hev,lightweight,CH4,16544.84947761421,g/vehicle-lifetime,vehicle_cycle_total_no_eol_credits
Car,1,35,300,Class 6 PnD Trucks,1,2,False,inputs/0_external_models/R&D GREET2025_Rev1/R&D GREET1_2025_Rev1.xlsm,inputs/0_external_models/R&D GREET2025_Rev1/R&D GREET2_2025_Rev1.xlsm,3abed15be3442b25b66c7d991ce4ea89fd1fe534af930ae772e419241f0d976f,2be89abd169eba7180c0ca41102461682fc258a38ea143c5544bfd051ed03384,2025,2020,argonne_rd_greet_2025_rev1,road_vehicle_cycle_emissions,ldv,Car,Vehi_Sum,F109,A109,1.4) HEV: Lightweight Material,hev,lightweight,N2O,257.85499436091357,g/vehicle-lifetime,vehicle_cycle_total_no_eol_credits
Car,1,35,300,Class 6 PnD Trucks,1,2,False,inputs/0_external_models/R&D GREET2025_Rev1/R&D GREET1_2025_Rev1.xlsm,inputs/0_external_models/R&D GREET2025_Rev1/R&D GREET2_2025_Rev1.xlsm,3abed15be3442b25b66c7d991ce4ea89fd1fe534af930ae772e419241f0d976f,2be89abd169eba7180c0ca41102461682fc258a38ea143c5544bfd051ed03384,2025,2020,argonne_rd_greet_2025_rev1,road_vehicle_cycle_emissions,ldv,Car,Vehi_Sum,F137,A137,1.5) PHEV: Conventional Material,phev,conventional,CO2,6391980.52802363,g/vehicle-lifetime,vehicle_cycle_total_no_eol_credits
Car,1,35,300,Class 6 PnD Trucks,1,2,False,inputs/0_external_models/R&D GREET2025_Rev1/R&D GREET1_2025_Rev1.xlsm,inputs/0_external_models/R&D GREET2025_Rev1/R&D GREET2_2025_Rev1.xlsm,3abed15be3442b25b66c7d991ce4ea89fd1fe534af930ae772e419241f0d976f,2be89abd169eba7180c0ca41102461682fc258a38ea143c5544bfd051ed03384,2025,2020,argonne_rd_greet_2025_rev1,road_vehicle_cycle_emissions,ldv,Car,Vehi_Sum,F139,A139,1.5) PHEV: Conventional Material,phev,conventional,CH4,14180.506181527471,g/vehicle-lifetime,vehicle_cycle_total_no_eol_credits
Car,1,35,300,Class 6 PnD Trucks,1,2,False,inputs/0_external_models/R&D GREET2025_Rev1/R&D GREET1_2025_Rev1.xlsm,inputs/0_external_models/R&D GREET2025_Rev1/R&D GREET2_2025_Rev1.xlsm,3abed15be3442b25b66c7d991ce4ea89fd1fe534af930ae772e419241f0d976f,2be89abd169eba7180c0ca41102461682fc258a38ea143c5544bfd051ed03384,2025,2020,argonne_rd_greet_2025_rev1,road_vehicle_cycle_emissions,ldv,Car,Vehi_Sum,F140,A140,1.5) PHEV: Conventional Material,phev,conventional,N2O,205.63655409930487,g/vehicle-lifetime,vehicle_cycle_total_no_eol_credits
Car,1,35,300,Class 6 PnD Trucks,1,2,False,inputs/0_external_models/R&D GREET2025_Rev1/R&D GREET1_2025_Rev1.xlsm,inputs/0_external_models/R&D GREET2025_Rev1/R&D GREET2_2025_Rev1.xlsm,3abed15be3442b25b66c7d991ce4ea89fd1fe534af930ae772e419241f0d976f,2be89abd169eba7180c0ca41102461682fc258a38ea143c5544bfd051ed03384,2025,2020,argonne_rd_greet_2025_rev1,road_vehicle_cycle_emissions,ldv,Car,Vehi_Sum,F168,A168,1.6) PHEV: Lightweight Material,phev,lightweight,CO2,7010626.443937072,g/vehicle-lifetime,vehicle_cycle_total_no_eol_credits
Car,1,35,300,Class 6 PnD Trucks,1,2,False,inputs/0_external_models/R&D GREET2025_Rev1/R&D GREET1_2025_Rev1.xlsm,inputs/0_external_models/R&D GREET2025_Rev1/R&D GREET2_2025_Rev1.xlsm,3abed15be3442b25b66c7d991ce4ea89fd1fe534af930ae772e419241f0d976f,2be89abd169eba7180c0ca41102461682fc258a38ea143c5544bfd051ed03384,2025,2020,argonne_rd_greet_2025_rev1,road_vehicle_cycle_emissions,ldv,Car,Vehi_Sum,F170,A170,1.6) PHEV: Lightweight Material,phev,lightweight,CH4,16896.656533454247,g/vehicle-lifetime,vehicle_cycle_total_no_eol_credits
Car,1,35,300,Class 6 PnD Trucks,1,2,False,inputs/0_external_models/R&D GREET2025_Rev1/R&D GREET1_2025_Rev1.xlsm,inputs/0_external_models/R&D GREET2025_Rev1/R&D GREET2_2025_Rev1.xlsm,3abed15be3442b25b66c7d991ce4ea89fd1fe534af930ae772e419241f0d976f,2be89abd169eba7180c0ca41102461682fc258a38ea143c5544bfd051ed03384,2025,2020,argonne_rd_greet_2025_rev1,road_vehicle_cycle_emissions,ldv,Car,Vehi_Sum,F171,A171,1.6) PHEV: Lightweight Material,phev,lightweight,N2O,238.03649331526952,g/vehicle-lifetime,vehicle_cycle_total_no_eol_credits
Car,1,35,300,Class 6 PnD Trucks,1,2,False,inputs/0_external_models/R&D GREET2025_Rev1/R&D GREET1_2025_Rev1.xlsm,inputs/0_external_models/R&D GREET2025_Rev1/R&D GREET2_2025_Rev1.xlsm,3abed15be3442b25b66c7d991ce4ea89fd1fe534af930ae772e419241f0d976f,2be89abd169eba7180c0ca41102461682fc258a38ea143c5544bfd051ed03384,2025,2020,argonne_rd_greet_2025_rev1,road_vehicle_cycle_emissions,ldv,Car,Vehi_Sum,F199,A199,1.7) EV: Conventional Material,bev,conventional,CO2,9514802.695978422,g/vehicle-lifetime,vehicle_cycle_total_no_eol_credits
Car,1,35,300,Class 6 PnD Trucks,1,2,False,inputs/0_external_models/R&D GREET2025_Rev1/R&D GREET1_2025_Rev1.xlsm,inputs/0_external_models/R&D GREET2025_Rev1/R&D GREET2_2025_Rev1.xlsm,3abed15be3442b25b66c7d991ce4ea89fd1fe534af930ae772e419241f0d976f,2be89abd169eba7180c0ca41102461682fc258a38ea143c5544bfd051ed03384,2025,2020,argonne_rd_greet_2025_rev1,road_vehicle_cycle_emissions,ldv,Car,Vehi_Sum,F201,A201,1.7) EV: Conventional Material,bev,conventional,CH4,20965.524479561966,g/vehicle-lifetime,vehicle_cycle_total_no_eol_credits
Car,1,35,300,Class 6 PnD Trucks,1,2,False,inputs/0_external_models/R&D GREET2025_Rev1/R&D GREET1_2025_Rev1.xlsm,inputs/0_external_models/R&D GREET2025_Rev1/R&D GREET2_2025_Rev1.xlsm,3abed15be3442b25b66c7d991ce4ea89fd1fe534af930ae772e419241f0d976f,2be89abd169eba7180c0ca41102461682fc258a38ea143c5544bfd051ed03384,2025,2020,argonne_rd_greet_2025_rev1,road_vehicle_cycle_emissions,ldv,Car,Vehi_Sum,F202,A202,1.7) EV: Conventional Material,bev,conventional,N2O,302.8495698281596,g/vehicle-lifetime,vehicle_cycle_total_no_eol_credits
Car,1,35,300,Class 6 PnD Trucks,1,2,False,inputs/0_external_models/R&D GREET2025_Rev1/R&D GREET1_2025_Rev1.xlsm,inputs/0_external_models/R&D GREET2025_Rev1/R&D GREET2_2025_Rev1.xlsm,3abed15be3442b25b66c7d991ce4ea89fd1fe534af930ae772e419241f0d976f,2be89abd169eba7180c0ca41102461682fc258a38ea143c5544bfd051ed03384,2025,2020,argonne_rd_greet_2025_rev1,road_vehicle_cycle_emissions,ldv,Car,Vehi_Sum,F230,A230,1.8) EV: Lightweight Material,bev,lightweight,CO2,9834119.430411989,g/vehicle-lifetime,vehicle_cycle_total_no_eol_credits
Car,1,35,300,Class 6 PnD Trucks,1,2,False,inputs/0_external_models/R&D GREET2025_Rev1/R&D GREET1_2025_Rev1.xlsm,inputs/0_external_models/R&D GREET2025_Rev1/R&D GREET2_2025_Rev1.xlsm,3abed15be3442b25b66c7d991ce4ea89fd1fe534af930ae772e419241f0d976f,2be89abd169eba7180c0ca41102461682fc258a38ea143c5544bfd051ed03384,2025,2020,argonne_rd_greet_2025_rev1,road_vehicle_cycle_emissions,ldv,Car,Vehi_Sum,F232,A232,1.8) EV: Lightweight Material,bev,lightweight,CH4,22553.26888924367,g/vehicle-lifetime,vehicle_cycle_total_no_eol_credits
Car,1,35,300,Class 6 PnD Trucks,1,2,False,inputs/0_external_models/R&D GREET2025_Rev1/R&D GREET1_2025_Rev1.xlsm,inputs/0_external_models/R&D GREET2025_Rev1/R&D GREET2_2025_Rev1.xlsm,3abed15be3442b25b66c7d991ce4ea89fd1fe534af930ae772e419241f0d976f,2be89abd169eba7180c0ca41102461682fc258a38ea143c5544bfd051ed03384,2025,2020,argonne_rd_greet_2025_rev1,road_vehicle_cycle_emissions,ldv,Car,Vehi_Sum,F233,A233,1.8) EV: Lightweight Material,bev,lightweight,N2O,352.7863405947297,g/vehicle-lifetime,vehicle_cycle_total_no_eol_credits
Car,1,35,300,Class 6 PnD Trucks,1,2,False,inputs/0_external_models/R&D GREET2025_Rev1/R&D GREET1_2025_Rev1.xlsm,inputs/0_external_models/R&D GREET2025_Rev1/R&D GREET2_2025_Rev1.xlsm,3abed15be3442b25b66c7d991ce4ea89fd1fe534af930ae772e419241f0d976f,2be89abd169eba7180c0ca41102461682fc258a38ea143c5544bfd051ed03384,2025,2020,argonne_rd_greet_2025_rev1,road_vehicle_cycle_emissions,ldv,Car,Vehi_Sum,F261,A261,1.9) FCV: Conventional Material,fcev,conventional,CO2,6640504.807219377,g/vehicle-lifetime,vehicle_cycle_total_no_eol_credits
Car,1,35,300,Class 6 PnD Trucks,1,2,False,inputs/0_external_models/R&D GREET2025_Rev1/R&D GREET1_2025_Rev1.xlsm,inputs/0_external_models/R&D GREET2025_Rev1/R&D GREET2_2025_Rev1.xlsm,3abed15be3442b25b66c7d991ce4ea89fd1fe534af930ae772e419241f0d976f,2be89abd169eba7180c0ca41102461682fc258a38ea143c5544bfd051ed03384,2025,2020,argonne_rd_greet_2025_rev1,road_vehicle_cycle_emissions,ldv,Car,Vehi_Sum,F263,A263,1.9) FCV: Conventional Material,fcev,conventional,CH4,15837.295234170055,g/vehicle-lifetime,vehicle_cycle_total_no_eol_credits
Car,1,35,300,Class 6 PnD Trucks,1,2,False,inputs/0_external_models/R&D GREET2025_Rev1/R&D GREET1_2025_Rev1.xlsm,inputs/0_external_models/R&D GREET2025_Rev1/R&D GREET2_2025_Rev1.xlsm,3abed15be3442b25b66c7d991ce4ea89fd1fe534af930ae772e419241f0d976f,2be89abd169eba7180c0ca41102461682fc258a38ea143c5544bfd051ed03384,2025,2020,argonne_rd_greet_2025_rev1,road_vehicle_cycle_emissions,ldv,Car,Vehi_Sum,F264,A264,1.9) FCV: Conventional Material,fcev,conventional,N2O,247.74077033456757,g/vehicle-lifetime,vehicle_cycle_total_no_eol_credits
Car,1,35,300,Class 6 PnD Trucks,1,2,False,inputs/0_external_models/R&D GREET2025_Rev1/R&D GREET1_2025_Rev1.xlsm,inputs/0_external_models/R&D GREET2025_Rev1/R&D GREET2_2025_Rev1.xlsm,3abed15be3442b25b66c7d991ce4ea89fd1fe534af930ae772e419241f0d976f,2be89abd169eba7180c0ca41102461682fc258a38ea143c5544bfd051ed03384,2025,2020,argonne_rd_greet_2025_rev1,road_vehicle_cycle_emissions,ldv,Car,Vehi_Sum,F292,A292,1.10) FCV: Lightweight Material,fcev,lightweight,CO2,8018085.243384266,g/vehicle-lifetime,vehicle_cycle_total_no_eol_credits
Car,1,35,300,Class 6 PnD Trucks,1,2,False,inputs/0_external_models/R&D GREET2025_Rev1/R&D GREET1_2025_Rev1.xlsm,inputs/0_external_models/R&D GREET2025_Rev1/R&D GREET2_2025_Rev1.xlsm,3abed15be3442b25b66c7d991ce4ea89fd1fe534af930ae772e419241f0d976f,2be89abd169eba7180c0ca41102461682fc258a38ea143c5544bfd051ed03384,2025,2020,argonne_rd_greet_2025_rev1,road_vehicle_cycle_emissions,ldv,Car,Vehi_Sum,F294,A294,1.10) FCV: Lightweight Material,fcev,lightweight,CH4,20647.121453632015,g/vehicle-lifetime,vehicle_cycle_total_no_eol_credits
Car,1,35,300,Class 6 PnD Trucks,1,2,False,inputs/0_external_models/R&D GREET2025_Rev1/R&D GREET1_2025_Rev1.xlsm,inputs/0_external_models/R&D GREET2025_Rev1/R&D GREET2_2025_Rev1.xlsm,3abed15be3442b25b66c7d991ce4ea89fd1fe534af930ae772e419241f0d976f,2be89abd169eba7180c0ca41102461682fc258a38ea143c5544bfd051ed03384,2025,2020,argonne_rd_greet_2025_rev1,road_vehicle_cycle_emissions,ldv,Car,Vehi_Sum,F295,A295,1.10) FCV: Lightweight Material,fcev,lightweight,N2O,299.8785611268483,g/vehicle-lifetime,vehicle_cycle_total_no_eol_credits
Car,1,35,300,Class 6 PnD Trucks,1,2,False,inputs/0_external_models/R&D GREET2025_Rev1/R&D GREET1_2025_Rev1.xlsm,inputs/0_external_models/R&D GREET2025_Rev1/R&D GREET2_2025_Rev1.xlsm,3abed15be3442b25b66c7d991ce4ea89fd1fe534af930ae772e419241f0d976f,2be89abd169eba7180c0ca41102461682fc258a38ea143c5544bfd051ed03384,2025,2020,argonne_rd_greet_2025_rev1,road_vehicle_cycle_emissions,mhdv,Class 6 PnD Trucks,MHDV_Sum,G13,A13,1.1) ICEV,icev,none,CO2,17814591.789810307,g/vehicle-lifetime,vehicle_cycle_total_no_eol_credits
Car,1,35,300,Class 6 PnD Trucks,1,2,False,inputs/0_external_models/R&D GREET2025_Rev1/R&D GREET1_2025_Rev1.xlsm,inputs/0_external_models/R&D GREET2025_Rev1/R&D GREET2_2025_Rev1.xlsm,3abed15be3442b25b66c7d991ce4ea89fd1fe534af930ae772e419241f0d976f,2be89abd169eba7180c0ca41102461682fc258a38ea143c5544bfd051ed03384,2025,2020,argonne_rd_greet_2025_rev1,road_vehicle_cycle_emissions,mhdv,Class 6 PnD Trucks,MHDV_Sum,G15,A15,1.1) ICEV,icev,none,CH4,33984.61026012566,g/vehicle-lifetime,vehicle_cycle_total_no_eol_credits
Car,1,35,300,Class 6 PnD Trucks,1,2,False,inputs/0_external_models/R&D GREET2025_Rev1/R&D GREET1_2025_Rev1.xlsm,inputs/0_external_models/R&D GREET2025_Rev1/R&D GREET2_2025_Rev1.xlsm,3abed15be3442b25b66c7d991ce4ea89fd1fe534af930ae772e419241f0d976f,2be89abd169eba7180c0ca41102461682fc258a38ea143c5544bfd051ed03384,2025,2020,argonne_rd_greet_2025_rev1,road_vehicle_cycle_emissions,mhdv,Class 6 PnD Trucks,MHDV_Sum,G16,A16,1.1) ICEV,icev,none,N2O,336.9746755969985,g/vehicle-lifetime,vehicle_cycle_total_no_eol_credits
Car,1,35,300,Class 6 PnD Trucks,1,2,False,inputs/0_external_models/R&D GREET2025_Rev1/R&D GREET1_2025_Rev1.xlsm,inputs/0_external_models/R&D GREET2025_Rev1/R&D GREET2_2025_Rev1.xlsm,3abed15be3442b25b66c7d991ce4ea89fd1fe534af930ae772e419241f0d976f,2be89abd169eba7180c0ca41102461682fc258a38ea143c5544bfd051ed03384,2025,2020,argonne_rd_greet_2025_rev1,road_vehicle_cycle_emissions,mhdv,Class 6 PnD Trucks,MHDV_Sum,G44,A44,1.2) HEV,hev,none,CO2,18333102.181475896,g/vehicle-lifetime,vehicle_cycle_total_no_eol_credits
Car,1,35,300,Class 6 PnD Trucks,1,2,False,inputs/0_external_models/R&D GREET2025_Rev1/R&D GREET1_2025_Rev1.xlsm,inputs/0_external_models/R&D GREET2025_Rev1/R&D GREET2_2025_Rev1.xlsm,3abed15be3442b25b66c7d991ce4ea89fd1fe534af930ae772e419241f0d976f,2be89abd169eba7180c0ca41102461682fc258a38ea143c5544bfd051ed03384,2025,2020,argonne_rd_greet_2025_rev1,road_vehicle_cycle_emissions,mhdv,Class 6 PnD Trucks,MHDV_Sum,G46,A46,1.2) HEV,hev,none,CH4,34987.40289923422,g/vehicle-lifetime,vehicle_cycle_total_no_eol_credits
Car,1,35,300,Class 6 PnD Trucks,1,2,False,inputs/0_external_models/R&D GREET2025_Rev1/R&D GREET1_2025_Rev1.xlsm,inputs/0_external_models/R&D GREET2025_Rev1/R&D GREET2_2025_Rev1.xlsm,3abed15be3442b25b66c7d991ce4ea89fd1fe534af930ae772e419241f0d976f,2be89abd169eba7180c0ca41102461682fc258a38ea143c5544bfd051ed03384,2025,2020,argonne_rd_greet_2025_rev1,road_vehicle_cycle_emissions,mhdv,Class 6 PnD Trucks,MHDV_Sum,G47,A47,1.2) HEV,hev,none,N2O,367.90150824555917,g/vehicle-lifetime,vehicle_cycle_total_no_eol_credits
Car,1,35,300,Class 6 PnD Trucks,1,2,False,inputs/0_external_models/R&D GREET2025_Rev1/R&D GREET1_2025_Rev1.xlsm,inputs/0_external_models/R&D GREET2025_Rev1/R&D GREET2_2025_Rev1.xlsm,3abed15be3442b25b66c7d991ce4ea89fd1fe534af930ae772e419241f0d976f,2be89abd169eba7180c0ca41102461682fc258a38ea143c5544bfd051ed03384,2025,2020,argonne_rd_greet_2025_rev1,road_vehicle_cycle_emissions,mhdv,Class 6 PnD Trucks,MHDV_Sum,G75,A75,1.3) EV,bev,none,CO2,29416143.833984002,g/vehicle-lifetime,vehicle_cycle_total_no_eol_credits
Car,1,35,300,Class 6 PnD Trucks,1,2,False,inputs/0_external_models/R&D GREET2025_Rev1/R&D GREET1_2025_Rev1.xlsm,inputs/0_external_models/R&D GREET2025_Rev1/R&D GREET2_2025_Rev1.xlsm,3abed15be3442b25b66c7d991ce4ea89fd1fe534af930ae772e419241f0d976f,2be89abd169eba7180c0ca41102461682fc258a38ea143c5544bfd051ed03384,2025,2020,argonne_rd_greet_2025_rev1,road_vehicle_cycle_emissions,mhdv,Class 6 PnD Trucks,MHDV_Sum,G77,A77,1.3) EV,bev,none,CH4,55954.54371452834,g/vehicle-lifetime,vehicle_cycle_total_no_eol_credits
Car,1,35,300,Class 6 PnD Trucks,1,2,False,inputs/0_external_models/R&D GREET2025_Rev1/R&D GREET1_2025_Rev1.xlsm,inputs/0_external_models/R&D GREET2025_Rev1/R&D GREET2_2025_Rev1.xlsm,3abed15be3442b25b66c7d991ce4ea89fd1fe534af930ae772e419241f0d976f,2be89abd169eba7180c0ca41102461682fc258a38ea143c5544bfd051ed03384,2025,2020,argonne_rd_greet_2025_rev1,road_vehicle_cycle_emissions,mhdv,Class 6 PnD Trucks,MHDV_Sum,G78,A78,1.3) EV,bev,none,N2O,702.6596442728859,g/vehicle-lifetime,vehicle_cycle_total_no_eol_credits
Car,1,35,300,Class 6 PnD Trucks,1,2,False,inputs/0_external_models/R&D GREET2025_Rev1/R&D GREET1_2025_Rev1.xlsm,inputs/0_external_models/R&D GREET2025_Rev1/R&D GREET2_2025_Rev1.xlsm,3abed15be3442b25b66c7d991ce4ea89fd1fe534af930ae772e419241f0d976f,2be89abd169eba7180c0ca41102461682fc258a38ea143c5544bfd051ed03384,2025,2020,argonne_rd_greet_2025_rev1,road_vehicle_cycle_emissions,mhdv,Class 6 PnD Trucks,MHDV_Sum,G106,A106,1.4) FCV,fcev,none,CO2,22456533.43579129,g/vehicle-lifetime,vehicle_cycle_total_no_eol_credits
Car,1,35,300,Class 6 PnD Trucks,1,2,False,inputs/0_external_models/R&D GREET2025_Rev1/R&D GREET1_2025_Rev1.xlsm,inputs/0_external_models/R&D GREET2025_Rev1/R&D GREET2_2025_Rev1.xlsm,3abed15be3442b25b66c7d991ce4ea89fd1fe534af930ae772e419241f0d976f,2be89abd169eba7180c0ca41102461682fc258a38ea143c5544bfd051ed03384,2025,2020,argonne_rd_greet_2025_rev1,road_vehicle_cycle_emissions,mhdv,Class 6 PnD Trucks,MHDV_Sum,G108,A108,1.4) FCV,fcev,none,CH4,46226.268830381465,g/vehicle-lifetime,vehicle_cycle_total_no_eol_credits
Car,1,35,300,Class 6 PnD Trucks,1,2,False,inputs/0_external_models/R&D GREET2025_Rev1/R&D GREET1_2025_Rev1.xlsm,inputs/0_external_models/R&D GREET2025_Rev1/R&D GREET2_2025_Rev1.xlsm,3abed15be3442b25b66c7d991ce4ea89fd1fe534af930ae772e419241f0d976f,2be89abd169eba7180c0ca41102461682fc258a38ea143c5544bfd051ed03384,2025,2020,argonne_rd_greet_2025_rev1,road_vehicle_cycle_emissions,mhdv,Class 6 PnD Trucks,MHDV_Sum,G109,A109,1.4) FCV,fcev,none,N2O,498.7322965018775,g/vehicle-lifetime,vehicle_cycle_total_no_eol_credits
Car,1,50,400,Class 6 PnD Trucks,1,3,False,inputs/0_external_models/R&D GREET2025_Rev1/R&D GREET1_2025_Rev1.xlsm,inputs/0_external_models/R&D GREET2025_Rev1/R&D GREET2_2025_Rev1.xlsm,3abed15be3442b25b66c7d991ce4ea89fd1fe534af930ae772e419241f0d976f,2be89abd169eba7180c0ca41102461682fc258a38ea143c5544bfd051ed03384,2025,2020,argonne_rd_greet_2025_rev1,road_vehicle_cycle_emissions,ldv,Car,Vehi_Sum,F13,A13,1.1) ICEV: Conventional Material,icev,conventional,CO2,5476200.155968173,g/vehicle-lifetime,vehicle_cycle_total_no_eol_credits
Car,1,50,400,Class 6 PnD Trucks,1,3,False,inputs/0_external_models/R&D GREET2025_Rev1/R&D GREET1_2025_Rev1.xlsm,inputs/0_external_models/R&D GREET2025_Rev1/R&D GREET2_2025_Rev1.xlsm,3abed15be3442b25b66c7d991ce4ea89fd1fe534af930ae772e419241f0d976f,2be89abd169eba7180c0ca41102461682fc258a38ea143c5544bfd051ed03384,2025,2020,argonne_rd_greet_2025_rev1,road_vehicle_cycle_emissions,ldv,Car,Vehi_Sum,F15,A15,1.1) ICEV: Conventional Material,icev,conventional,CH4,12693.203809897663,g/vehicle-lifetime,vehicle_cycle_total_no_eol_credits
Car,1,50,400,Class 6 PnD Trucks,1,3,False,inputs/0_external_models/R&D GREET2025_Rev1/R&D GREET1_2025_Rev1.xlsm,inputs/0_external_models/R&D GREET2025_Rev1/R&D GREET2_2025_Rev1.xlsm,3abed15be3442b25b66c7d991ce4ea89fd1fe534af930ae772e419241f0d976f,2be89abd169eba7180c0ca41102461682fc258a38ea143c5544bfd051ed03384,2025,2020,argonne_rd_greet_2025_rev1,road_vehicle_cycle_emissions,ldv,Car,Vehi_Sum,F16,A16,1.1) ICEV: Conventional Material,icev,conventional,N2O,169.13793887355405,g/vehicle-lifetime,vehicle_cycle_total_no_eol_credits
Car,1,50,400,Class 6 PnD Trucks,1,3,False,inputs/0_external_models/R&D GREET2025_Rev1/R&D GREET1_2025_Rev1.xlsm,inputs/0_external_models/R&D GREET2025_Rev1/R&D GREET2_2025_Rev1.xlsm,3abed15be3442b25b66c7d991ce4ea89fd1fe534af930ae772e419241f0d976f,2be89abd169eba7180c0ca41102461682fc258a38ea143c5544bfd051ed03384,2025,2020,argonne_rd_greet_2025_rev1,road_vehicle_cycle_emissions,ldv,Car,Vehi_Sum,F44,A44,1.2) ICEV: Lightweight Material,icev,lightweight,CO2,6559850.6783518605,g/vehicle-lifetime,vehicle_cycle_total_no_eol_credits
Car,1,50,400,Class 6 PnD Trucks,1,3,False,inputs/0_external_models/R&D GREET2025_Rev1/R&D GREET1_2025_Rev1.xlsm,inputs/0_external_models/R&D GREET2025_Rev1/R&D GREET2_2025_Rev1.xlsm,3abed15be3442b25b66c7d991ce4ea89fd1fe534af930ae772e419241f0d976f,2be89abd169eba7180c0ca41102461682fc258a38ea143c5544bfd051ed03384,2025,2020,argonne_rd_greet_2025_rev1,road_vehicle_cycle_emissions,ldv,Car,Vehi_Sum,F46,A46,1.2) ICEV: Lightweight Material,icev,lightweight,CH4,16104.460934598188,g/vehicle-lifetime,vehicle_cycle_total_no_eol_credits
Car,1,50,400,Class 6 PnD Trucks,1,3,False,inputs/0_external_models/R&D GREET2025_Rev1/R&D GREET1_2025_Rev1.xlsm,inputs/0_external_models/R&D GREET2025_Rev1/R&D GREET2_2025_Rev1.xlsm,3abed15be3442b25b66c7d991ce4ea89fd1fe534af930ae772e419241f0d976f,2be89abd169eba7180c0ca41102461682fc258a38ea143c5544bfd051ed03384,2025,2020,argonne_rd_greet_2025_rev1,road_vehicle_cycle_emissions,ldv,Car,Vehi_Sum,F47,A47,1.2) ICEV: Lightweight Material,icev,lightweight,N2O,203.54750384144234,g/vehicle-lifetime,vehicle_cycle_total_no_eol_credits
Car,1,50,400,Class 6 PnD Trucks,1,3,False,inputs/0_external_models/R&D GREET2025_Rev1/R&D GREET1_2025_Rev1.xlsm,inputs/0_external_models/R&D GREET2025_Rev1/R&D GREET2_2025_Rev1.xlsm,3abed15be3442b25b66c7d991ce4ea89fd1fe534af930ae772e419241f0d976f,2be89abd169eba7180c0ca41102461682fc258a38ea143c5544bfd051ed03384,2025,2020,argonne_rd_greet_2025_rev1,road_vehicle_cycle_emissions,ldv,Car,Vehi_Sum,F75,A75,1.3) HEV: Conventional Material,hev,conventional,CO2,5877157.384556115,g/vehicle-lifetime,vehicle_cycle_total_no_eol_credits
Car,1,50,400,Class 6 PnD Trucks,1,3,False,inputs/0_external_models/R&D GREET2025_Rev1/R&D GREET1_2025_Rev1.xlsm,inputs/0_external_models/R&D GREET2025_Rev1/R&D GREET2_2025_Rev1.xlsm,3abed15be3442b25b66c7d991ce4ea89fd1fe534af930ae772e419241f0d976f,2be89abd169eba7180c0ca41102461682fc258a38ea143c5544bfd051ed03384,2025,2020,argonne_rd_greet_2025_rev1,road_vehicle_cycle_emissions,ldv,Car,Vehi_Sum,F77,A77,1.3) HEV: Conventional Material,hev,conventional,CH4,13263.450359421906,g/vehicle-lifetime,vehicle_cycle_total_no_eol_credits
Car,1,50,400,Class 6 PnD Trucks,1,3,False,inputs/0_external_models/R&D GREET2025_Rev1/R&D GREET1_2025_Rev1.xlsm,inputs/0_external_models/R&D GREET2025_Rev1/R&D GREET2_2025_Rev1.xlsm,3abed15be3442b25b66c7d991ce4ea89fd1fe534af930ae772e419241f0d976f,2be89abd169eba7180c0ca41102461682fc258a38ea143c5544bfd051ed03384,2025,2020,argonne_rd_greet_2025_rev1,road_vehicle_cycle_emissions,ldv,Car,Vehi_Sum,F78,A78,1.3) HEV: Conventional Material,hev,conventional,N2O,222.36902200492415,g/vehicle-lifetime,vehicle_cycle_total_no_eol_credits
Car,1,50,400,Class 6 PnD Trucks,1,3,False,inputs/0_external_models/R&D GREET2025_Rev1/R&D GREET1_2025_Rev1.xlsm,inputs/0_external_models/R&D GREET2025_Rev1/R&D GREET2_2025_Rev1.xlsm,3abed15be3442b25b66c7d991ce4ea89fd1fe534af930ae772e419241f0d976f,2be89abd169eba7180c0ca41102461682fc258a38ea143c5544bfd051ed03384,2025,2020,argonne_rd_greet_2025_rev1,road_vehicle_cycle_emissions,ldv,Car,Vehi_Sum,F106,A106,1.4) HEV: Lightweight Material,hev,lightweight,CO2,6836789.466270282,g/vehicle-lifetime,vehicle_cycle_total_no_eol_credits
Car,1,50,400,Class 6 PnD Trucks,1,3,False,inputs/0_external_models/R&D GREET2025_Rev1/R&D GREET1_2025_Rev1.xlsm,inputs/0_external_models/R&D GREET2025_Rev1/R&D GREET2_2025_Rev1.xlsm,3abed15be3442b25b66c7d991ce4ea89fd1fe534af930ae772e419241f0d976f,2be89abd169eba7180c0ca41102461682fc258a38ea143c5544bfd051ed03384,2025,2020,argonne_rd_greet_2025_rev1,road_vehicle_cycle_emissions,ldv,Car,Vehi_Sum,F108,A108,1.4) HEV: Lightweight Material,hev,lightweight,CH4,16544.84947761421,g/vehicle-lifetime,vehicle_cycle_total_no_eol_credits
Car,1,50,400,Class 6 PnD Trucks,1,3,False,inputs/0_external_models/R&D GREET2025_Rev1/R&D GREET1_2025_Rev1.xlsm,inputs/0_external_models/R&D GREET2025_Rev1/R&D GREET2_2025_Rev1.xlsm,3abed15be3442b25b66c7d991ce4ea89fd1fe534af930ae772e419241f0d976f,2be89abd169eba7180c0ca41102461682fc258a38ea143c5544bfd051ed03384,2025,2020,argonne_rd_greet_2025_rev1,road_vehicle_cycle_emissions,ldv,Car,Vehi_Sum,F109,A109,1.4) HEV: Lightweight Material,hev,lightweight,N2O,257.85499436091357,g/vehicle-lifetime,vehicle_cycle_total_no_eol_credits
Car,1,50,400,Class 6 PnD Trucks,1,3,False,inputs/0_external_models/R&D GREET2025_Rev1/R&D GREET1_2025_Rev1.xlsm,inputs/0_external_models/R&D GREET2025_Rev1/R&D GREET2_2025_Rev1.xlsm,3abed15be3442b25b66c7d991ce4ea89fd1fe534af930ae772e419241f0d976f,2be89abd169eba7180c0ca41102461682fc258a38ea143c5544bfd051ed03384,2025,2020,argonne_rd_greet_2025_rev1,road_vehicle_cycle_emissions,ldv,Car,Vehi_Sum,F137,A137,1.5) PHEV: Conventional Material,phev,conventional,CO2,6714423.563145255,g/vehicle-lifetime,vehicle_cycle_total_no_eol_credits
Car,1,50,400,Class 6 PnD Trucks,1,3,False,inputs/0_external_models/R&D GREET2025_Rev1/R&D GREET1_2025_Rev1.xlsm,inputs/0_external_models/R&D GREET2025_Rev1/R&D GREET2_2025_Rev1.xlsm,3abed15be3442b25b66c7d991ce4ea89fd1fe534af930ae772e419241f0d976f,2be89abd169eba7180c0ca41102461682fc258a38ea143c5544bfd051ed03384,2025,2020,argonne_rd_greet_2025_rev1,road_vehicle_cycle_emissions,ldv,Car,Vehi_Sum,F139,A139,1.5) PHEV: Conventional Material,phev,conventional,CH4,14805.89925062795,g/vehicle-lifetime,vehicle_cycle_total_no_eol_credits
Car,1,50,400,Class 6 PnD Trucks,1,3,False,inputs/0_external_models/R&D GREET2025_Rev1/R&D GREET1_2025_Rev1.xlsm,inputs/0_external_models/R&D GREET2025_Rev1/R&D GREET2_2025_Rev1.xlsm,3abed15be3442b25b66c7d991ce4ea89fd1fe534af930ae772e419241f0d976f,2be89abd169eba7180c0ca41102461682fc258a38ea143c5544bfd051ed03384,2025,2020,argonne_rd_greet_2025_rev1,road_vehicle_cycle_emissions,ldv,Car,Vehi_Sum,F140,A140,1.5) PHEV: Conventional Material,phev,conventional,N2O,213.5303183775006,g/vehicle-lifetime,vehicle_cycle_total_no_eol_credits
Car,1,50,400,Class 6 PnD Trucks,1,3,False,inputs/0_external_models/R&D GREET2025_Rev1/R&D GREET1_2025_Rev1.xlsm,inputs/0_external_models/R&D GREET2025_Rev1/R&D GREET2_2025_Rev1.xlsm,3abed15be3442b25b66c7d991ce4ea89fd1fe534af930ae772e419241f0d976f,2be89abd169eba7180c0ca41102461682fc258a38ea143c5544bfd051ed03384,2025,2020,argonne_rd_greet_2025_rev1,road_vehicle_cycle_emissions,ldv,Car,Vehi_Sum,F168,A168,1.6) PHEV: Lightweight Material,phev,lightweight,CO2,7430201.797445612,g/vehicle-lifetime,vehicle_cycle_total_no_eol_credits
Car,1,50,400,Class 6 PnD Trucks,1,3,False,inputs/0_external_models/R&D GREET2025_Rev1/R&D GREET1_2025_Rev1.xlsm,inputs/0_external_models/R&D GREET2025_Rev1/R&D GREET2_2025_Rev1.xlsm,3abed15be3442b25b66c7d991ce4ea89fd1fe534af930ae772e419241f0d976f,2be89abd169eba7180c0ca41102461682fc258a38ea143c5544bfd051ed03384,2025,2020,argonne_rd_greet_2025_rev1,road_vehicle_cycle_emissions,ldv,Car,Vehi_Sum,F170,A170,1.6) PHEV: Lightweight Material,phev,lightweight,CH4,17662.017554590424,g/vehicle-lifetime,vehicle_cycle_total_no_eol_credits
Car,1,50,400,Class 6 PnD Trucks,1,3,False,inputs/0_external_models/R&D GREET2025_Rev1/R&D GREET1_2025_Rev1.xlsm,inputs/0_external_models/R&D GREET2025_Rev1/R&D GREET2_2025_Rev1.xlsm,3abed15be3442b25b66c7d991ce4ea89fd1fe534af930ae772e419241f0d976f,2be89abd169eba7180c0ca41102461682fc258a38ea143c5544bfd051ed03384,2025,2020,argonne_rd_greet_2025_rev1,road_vehicle_cycle_emissions,ldv,Car,Vehi_Sum,F171,A171,1.6) PHEV: Lightweight Material,phev,lightweight,N2O,252.59851456460945,g/vehicle-lifetime,vehicle_cycle_total_no_eol_credits
Car,1,50,400,Class 6 PnD Trucks,1,3,False,inputs/0_external_models/R&D GREET2025_Rev1/R&D GREET1_2025_Rev1.xlsm,inputs/0_external_models/R&D GREET2025_Rev1/R&D GREET2_2025_Rev1.xlsm,3abed15be3442b25b66c7d991ce4ea89fd1fe534af930ae772e419241f0d976f,2be89abd169eba7180c0ca41102461682fc258a38ea143c5544bfd051ed03384,2025,2020,argonne_rd_greet_2025_rev1,road_vehicle_cycle_emissions,ldv,Car,Vehi_Sum,F199,A199,1.7) EV: Conventional Material,bev,conventional,CO2,11864332.358665323,g/vehicle-lifetime,vehicle_cycle_total_no_eol_credits
Car,1,50,400,Class 6 PnD Trucks,1,3,False,inputs/0_external_models/R&D GREET2025_Rev1/R&D GREET1_2025_Rev1.xlsm,inputs/0_external_models/R&D GREET2025_Rev1/R&D GREET2_2025_Rev1.xlsm,3abed15be3442b25b66c7d991ce4ea89fd1fe534af930ae772e419241f0d976f,2be89abd169eba7180c0ca41102461682fc258a38ea143c5544bfd051ed03384,2025,2020,argonne_rd_greet_2025_rev1,road_vehicle_cycle_emissions,ldv,Car,Vehi_Sum,F201,A201,1.7) EV: Conventional Material,bev,conventional,CH4,25508.420361320208,g/vehicle-lifetime,vehicle_cycle_total_no_eol_credits
Car,1,50,400,Class 6 PnD Trucks,1,3,False,inputs/0_external_models/R&D GREET2025_Rev1/R&D GREET1_2025_Rev1.xlsm,inputs/0_external_models/R&D GREET2025_Rev1/R&D GREET2_2025_Rev1.xlsm,3abed15be3442b25b66c7d991ce4ea89fd1fe534af930ae772e419241f0d976f,2be89abd169eba7180c0ca41102461682fc258a38ea143c5544bfd051ed03384,2025,2020,argonne_rd_greet_2025_rev1,road_vehicle_cycle_emissions,ldv,Car,Vehi_Sum,F202,A202,1.7) EV: Conventional Material,bev,conventional,N2O,366.7088980102301,g/vehicle-lifetime,vehicle_cycle_total_no_eol_credits
Car,1,50,400,Class 6 PnD Trucks,1,3,False,inputs/0_external_models/R&D GREET2025_Rev1/R&D GREET1_2025_Rev1.xlsm,inputs/0_external_models/R&D GREET2025_Rev1/R&D GREET2_2025_Rev1.xlsm,3abed15be3442b25b66c7d991ce4ea89fd1fe534af930ae772e419241f0d976f,2be89abd169eba7180c0ca41102461682fc258a38ea143c5544bfd051ed03384,2025,2020,argonne_rd_greet_2025_rev1,road_vehicle_cycle_emissions,ldv,Car,Vehi_Sum,F230,A230,1.8) EV: Lightweight Material,bev,lightweight,CO2,9780012.859126005,g/vehicle-lifetime,vehicle_cycle_total_no_eol_credits
Car,1,50,400,Class 6 PnD Trucks,1,3,False,inputs/0_external_models/R&D GREET2025_Rev1/R&D GREET1_2025_Rev1.xlsm,inputs/0_external_models/R&D GREET2025_Rev1/R&D GREET2_2025_Rev1.xlsm,3abed15be3442b25b66c7d991ce4ea89fd1fe534af930ae772e419241f0d976f,2be89abd169eba7180c0ca41102461682fc258a38ea143c5544bfd051ed03384,2025,2020,argonne_rd_greet_2025_rev1,road_vehicle_cycle_emissions,ldv,Car,Vehi_Sum,F232,A232,1.8) EV: Lightweight Material,bev,lightweight,CH4,22445.03121738232,g/vehicle-lifetime,vehicle_cycle_total_no_eol_credits
Car,1,50,400,Class 6 PnD Trucks,1,3,False,inputs/0_external_models/R&D GREET2025_Rev1/R&D GREET1_2025_Rev1.xlsm,inputs/0_external_models/R&D GREET2025_Rev1/R&D GREET2_2025_Rev1.xlsm,3abed15be3442b25b66c7d991ce4ea89fd1fe534af930ae772e419241f0d976f,2be89abd169eba7180c0ca41102461682fc258a38ea143c5544bfd051ed03384,2025,2020,argonne_rd_greet_2025_rev1,road_vehicle_cycle_emissions,ldv,Car,Vehi_Sum,F233,A233,1.8) EV: Lightweight Material,bev,lightweight,N2O,349.4394993234599,g/vehicle-lifetime,vehicle_cycle_total_no_eol_credits
Car,1,50,400,Class 6 PnD Trucks,1,3,False,inputs/0_external_models/R&D GREET2025_Rev1/R&D GREET1_2025_Rev1.xlsm,inputs/0_external_models/R&D GREET2025_Rev1/R&D GREET2_2025_Rev1.xlsm,3abed15be3442b25b66c7d991ce4ea89fd1fe534af930ae772e419241f0d976f,2be89abd169eba7180c0ca41102461682fc258a38ea143c5544bfd051ed03384,2025,2020,argonne_rd_greet_2025_rev1,road_vehicle_cycle_emissions,ldv,Car,Vehi_Sum,F261,A261,1.9) FCV: Conventional Material,fcev,conventional,CO2,6640504.807219377,g/vehicle-lifetime,vehicle_cycle_total_no_eol_credits
Car,1,50,400,Class 6 PnD Trucks,1,3,False,inputs/0_external_models/R&D GREET2025_Rev1/R&D GREET1_2025_Rev1.xlsm,inputs/0_external_models/R&D GREET2025_Rev1/R&D GREET2_2025_Rev1.xlsm,3abed15be3442b25b66c7d991ce4ea89fd1fe534af930ae772e419241f0d976f,2be89abd169eba7180c0ca41102461682fc258a38ea143c5544bfd051ed03384,2025,2020,argonne_rd_greet_2025_rev1,road_vehicle_cycle_emissions,ldv,Car,Vehi_Sum,F263,A263,1.9) FCV: Conventional Material,fcev,conventional,CH4,15837.295234170055,g/vehicle-lifetime,vehicle_cycle_total_no_eol_credits
Car,1,50,400,Class 6 PnD Trucks,1,3,False,inputs/0_external_models/R&D GREET2025_Rev1/R&D GREET1_2025_Rev1.xlsm,inputs/0_external_models/R&D GREET2025_Rev1/R&D GREET2_2025_Rev1.xlsm,3abed15be3442b25b66c7d991ce4ea89fd1fe534af930ae772e419241f0d976f,2be89abd169eba7180c0ca41102461682fc258a38ea143c5544bfd051ed03384,2025,2020,argonne_rd_greet_2025_rev1,road_vehicle_cycle_emissions,ldv,Car,Vehi_Sum,F264,A264,1.9) FCV: Conventional Material,fcev,conventional,N2O,247.74077033456757,g/vehicle-lifetime,vehicle_cycle_total_no_eol_credits
Car,1,50,400,Class 6 PnD Trucks,1,3,False,inputs/0_external_models/R&D GREET2025_Rev1/R&D GREET1_2025_Rev1.xlsm,inputs/0_external_models/R&D GREET2025_Rev1/R&D GREET2_2025_Rev1.xlsm,3abed15be3442b25b66c7d991ce4ea89fd1fe534af930ae772e419241f0d976f,2be89abd169eba7180c0ca41102461682fc258a38ea143c5544bfd051ed03384,2025,2020,argonne_rd_greet_2025_rev1,road_vehicle_cycle_emissions,ldv,Car,Vehi_Sum,F292,A292,1.10) FCV: Lightweight Material,fcev,lightweight,CO2,8018085.243384266,g/vehicle-lifetime,vehicle_cycle_total_no_eol_credits
Car,1,50,400,Class 6 PnD Trucks,1,3,False,inputs/0_external_models/R&D GREET2025_Rev1/R&D GREET1_2025_Rev1.xlsm,inputs/0_external_models/R&D GREET2025_Rev1/R&D GREET2_2025_Rev1.xlsm,3abed15be3442b25b66c7d991ce4ea89fd1fe534af930ae772e419241f0d976f,2be89abd169eba7180c0ca41102461682fc258a38ea143c5544bfd051ed03384,2025,2020,argonne_rd_greet_2025_rev1,road_vehicle_cycle_emissions,ldv,Car,Vehi_Sum,F294,A294,1.10) FCV: Lightweight Material,fcev,lightweight,CH4,20647.121453632015,g/vehicle-lifetime,vehicle_cycle_total_no_eol_credits
Car,1,50,400,Class 6 PnD Trucks,1,3,False,inputs/0_external_models/R&D GREET2025_Rev1/R&D GREET1_2025_Rev1.xlsm,inputs/0_external_models/R&D GREET2025_Rev1/R&D GREET2_2025_Rev1.xlsm,3abed15be3442b25b66c7d991ce4ea89fd1fe534af930ae772e419241f0d976f,2be89abd169eba7180c0ca41102461682fc258a38ea143c5544bfd051ed03384,2025,2020,argonne_rd_greet_2025_rev1,road_vehicle_cycle_emissions,ldv,Car,Vehi_Sum,F295,A295,1.10) FCV: Lightweight Material,fcev,lightweight,N2O,299.8785611268483,g/vehicle-lifetime,vehicle_cycle_total_no_eol_credits
Car,1,50,400,Class 6 PnD Trucks,1,3,False,inputs/0_external_models/R&D GREET2025_Rev1/R&D GREET1_2025_Rev1.xlsm,inputs/0_external_models/R&D GREET2025_Rev1/R&D GREET2_2025_Rev1.xlsm,3abed15be3442b25b66c7d991ce4ea89fd1fe534af930ae772e419241f0d976f,2be89abd169eba7180c0ca41102461682fc258a38ea143c5544bfd051ed03384,2025,2020,argonne_rd_greet_2025_rev1,road_vehicle_cycle_emissions,mhdv,Class 6 PnD Trucks,MHDV_Sum,G13,A13,1.1) ICEV,icev,none,CO2,17814591.789810307,g/vehicle-lifetime,vehicle_cycle_total_no_eol_credits
Car,1,50,400,Class 6 PnD Trucks,1,3,False,inputs/0_external_models/R&D GREET2025_Rev1/R&D GREET1_2025_Rev1.xlsm,inputs/0_external_models/R&D GREET2025_Rev1/R&D GREET2_2025_Rev1.xlsm,3abed15be3442b25b66c7d991ce4ea89fd1fe534af930ae772e419241f0d976f,2be89abd169eba7180c0ca41102461682fc258a38ea143c5544bfd051ed03384,2025,2020,argonne_rd_greet_2025_rev1,road_vehicle_cycle_emissions,mhdv,Class 6 PnD Trucks,MHDV_Sum,G15,A15,1.1) ICEV,icev,none,CH4,33984.61026012566,g/vehicle-lifetime,vehicle_cycle_total_no_eol_credits
Car,1,50,400,Class 6 PnD Trucks,1,3,False,inputs/0_external_models/R&D GREET2025_Rev1/R&D GREET1_2025_Rev1.xlsm,inputs/0_external_models/R&D GREET2025_Rev1/R&D GREET2_2025_Rev1.xlsm,3abed15be3442b25b66c7d991ce4ea89fd1fe534af930ae772e419241f0d976f,2be89abd169eba7180c0ca41102461682fc258a38ea143c5544bfd051ed03384,2025,2020,argonne_rd_greet_2025_rev1,road_vehicle_cycle_emissions,mhdv,Class 6 PnD Trucks,MHDV_Sum,G16,A16,1.1) ICEV,icev,none,N2O,336.9746755969985,g/vehicle-lifetime,vehicle_cycle_total_no_eol_credits
Car,1,50,400,Class 6 PnD Trucks,1,3,False,inputs/0_external_models/R&D GREET2025_Rev1/R&D GREET1_2025_Rev1.xlsm,inputs/0_external_models/R&D GREET2025_Rev1/R&D GREET2_2025_Rev1.xlsm,3abed15be3442b25b66c7d991ce4ea89fd1fe534af930ae772e419241f0d976f,2be89abd169eba7180c0ca41102461682fc258a38ea143c5544bfd051ed03384,2025,2020,argonne_rd_greet_2025_rev1,road_vehicle_cycle_emissions,mhdv,Class 6 PnD Trucks,MHDV_Sum,G44,A44,1.2) HEV,hev,none,CO2,18333102.181475896,g/vehicle-lifetime,vehicle_cycle_total_no_eol_credits
Car,1,50,400,Class 6 PnD Trucks,1,3,False,inputs/0_external_models/R&D GREET2025_Rev1/R&D GREET1_2025_Rev1.xlsm,inputs/0_external_models/R&D GREET2025_Rev1/R&D GREET2_2025_Rev1.xlsm,3abed15be3442b25b66c7d991ce4ea89fd1fe534af930ae772e419241f0d976f,2be89abd169eba7180c0ca41102461682fc258a38ea143c5544bfd051ed03384,2025,2020,argonne_rd_greet_2025_rev1,road_vehicle_cycle_emissions,mhdv,Class 6 PnD Trucks,MHDV_Sum,G46,A46,1.2) HEV,hev,none,CH4,34987.40289923422,g/vehicle-lifetime,vehicle_cycle_total_no_eol_credits
Car,1,50,400,Class 6 PnD Trucks,1,3,False,inputs/0_external_models/R&D GREET2025_Rev1/R&D GREET1_2025_Rev1.xlsm,inputs/0_external_models/R&D GREET2025_Rev1/R&D GREET2_2025_Rev1.xlsm,3abed15be3442b25b66c7d991ce4ea89fd1fe534af930ae772e419241f0d976f,2be89abd169eba7180c0ca41102461682fc258a38ea143c5544bfd051ed03384,2025,2020,argonne_rd_greet_2025_rev1,road_vehicle_cycle_emissions,mhdv,Class 6 PnD Trucks,MHDV_Sum,G47,A47,1.2) HEV,hev,none,N2O,367.90150824555917,g/vehicle-lifetime,vehicle_cycle_total_no_eol_credits
Car,1,50,400,Class 6 PnD Trucks,1,3,False,inputs/0_external_models/R&D GREET2025_Rev1/R&D GREET1_2025_Rev1.xlsm,inputs/0_external_models/R&D GREET2025_Rev1/R&D GREET2_2025_Rev1.xlsm,3abed15be3442b25b66c7d991ce4ea89fd1fe534af930ae772e419241f0d976f,2be89abd169eba7180c0ca41102461682fc258a38ea143c5544bfd051ed03384,2025,2020,argonne_rd_greet_2025_rev1,road_vehicle_cycle_emissions,mhdv,Class 6 PnD Trucks,MHDV_Sum,G75,A75,1.3) EV,bev,none,CO2,29416143.833984002,g/vehicle-lifetime,vehicle_cycle_total_no_eol_credits
Car,1,50,400,Class 6 PnD Trucks,1,3,False,inputs/0_external_models/R&D GREET2025_Rev1/R&D GREET1_2025_Rev1.xlsm,inputs/0_external_models/R&D GREET2025_Rev1/R&D GREET2_2025_Rev1.xlsm,3abed15be3442b25b66c7d991ce4ea89fd1fe534af930ae772e419241f0d976f,2be89abd169eba7180c0ca41102461682fc258a38ea143c5544bfd051ed03384,2025,2020,argonne_rd_greet_2025_rev1,road_vehicle_cycle_emissions,mhdv,Class 6 PnD Trucks,MHDV_Sum,G77,A77,1.3) EV,bev,none,CH4,55954.54371452834,g/vehicle-lifetime,vehicle_cycle_total_no_eol_credits
Car,1,50,400,Class 6 PnD Trucks,1,3,False,inputs/0_external_models/R&D GREET2025_Rev1/R&D GREET1_2025_Rev1.xlsm,inputs/0_external_models/R&D GREET2025_Rev1/R&D GREET2_2025_Rev1.xlsm,3abed15be3442b25b66c7d991ce4ea89fd1fe534af930ae772e419241f0d976f,2be89abd169eba7180c0ca41102461682fc258a38ea143c5544bfd051ed03384,2025,2020,argonne_rd_greet_2025_rev1,road_vehicle_cycle_emissions,mhdv,Class 6 PnD Trucks,MHDV_Sum,G78,A78,1.3) EV,bev,none,N2O,702.6596442728859,g/vehicle-lifetime,vehicle_cycle_total_no_eol_credits
Car,1,50,400,Class 6 PnD Trucks,1,3,False,inputs/0_external_models/R&D GREET2025_Rev1/R&D GREET1_2025_Rev1.xlsm,inputs/0_external_models/R&D GREET2025_Rev1/R&D GREET2_2025_Rev1.xlsm,3abed15be3442b25b66c7d991ce4ea89fd1fe534af930ae772e419241f0d976f,2be89abd169eba7180c0ca41102461682fc258a38ea143c5544bfd051ed03384,2025,2020,argonne_rd_greet_2025_rev1,road_vehicle_cycle_emissions,mhdv,Class 6 PnD Trucks,MHDV_Sum,G106,A106,1.4) FCV,fcev,none,CO2,22456533.43579129,g/vehicle-lifetime,vehicle_cycle_total_no_eol_credits
Car,1,50,400,Class 6 PnD Trucks,1,3,False,inputs/0_external_models/R&D GREET2025_Rev1/R&D GREET1_2025_Rev1.xlsm,inputs/0_external_models/R&D GREET2025_Rev1/R&D GREET2_2025_Rev1.xlsm,3abed15be3442b25b66c7d991ce4ea89fd1fe534af930ae772e419241f0d976f,2be89abd169eba7180c0ca41102461682fc258a38ea143c5544bfd051ed03384,2025,2020,argonne_rd_greet_2025_rev1,road_vehicle_cycle_emissions,mhdv,Class 6 PnD Trucks,MHDV_Sum,G108,A108,1.4) FCV,fcev,none,CH4,46226.268830381465,g/vehicle-lifetime,vehicle_cycle_total_no_eol_credits
Car,1,50,400,Class 6 PnD Trucks,1,3,False,inputs/0_external_models/R&D GREET2025_Rev1/R&D GREET1_2025_Rev1.xlsm,inputs/0_external_models/R&D GREET2025_Rev1/R&D GREET2_2025_Rev1.xlsm,3abed15be3442b25b66c7d991ce4ea89fd1fe534af930ae772e419241f0d976f,2be89abd169eba7180c0ca41102461682fc258a38ea143c5544bfd051ed03384,2025,2020,argonne_rd_greet_2025_rev1,road_vehicle_cycle_emissions,mhdv,Class 6 PnD Trucks,MHDV_Sum,G109,A109,1.4) FCV,fcev,none,N2O,498.7322965018775,g/vehicle-lifetime,vehicle_cycle_total_no_eol_credits
Car,1,50,150,Class 6 PnD Trucks,1,4,False,inputs/0_external_models/R&D GREET2025_Rev1/R&D GREET1_2025_Rev1.xlsm,inputs/0_external_models/R&D GREET2025_Rev1/R&D GREET2_2025_Rev1.xlsm,3abed15be3442b25b66c7d991ce4ea89fd1fe534af930ae772e419241f0d976f,2be89abd169eba7180c0ca41102461682fc258a38ea143c5544bfd051ed03384,2025,2020,argonne_rd_greet_2025_rev1,road_vehicle_cycle_emissions,ldv,Car,Vehi_Sum,F13,A13,1.1) ICEV: Conventional Material,icev,conventional,CO2,5476200.155968173,g/vehicle-lifetime,vehicle_cycle_total_no_eol_credits
Car,1,50,150,Class 6 PnD Trucks,1,4,False,inputs/0_external_models/R&D GREET2025_Rev1/R&D GREET1_2025_Rev1.xlsm,inputs/0_external_models/R&D GREET2025_Rev1/R&D GREET2_2025_Rev1.xlsm,3abed15be3442b25b66c7d991ce4ea89fd1fe534af930ae772e419241f0d976f,2be89abd169eba7180c0ca41102461682fc258a38ea143c5544bfd051ed03384,2025,2020,argonne_rd_greet_2025_rev1,road_vehicle_cycle_emissions,ldv,Car,Vehi_Sum,F15,A15,1.1) ICEV: Conventional Material,icev,conventional,CH4,12693.203809897663,g/vehicle-lifetime,vehicle_cycle_total_no_eol_credits
Car,1,50,150,Class 6 PnD Trucks,1,4,False,inputs/0_external_models/R&D GREET2025_Rev1/R&D GREET1_2025_Rev1.xlsm,inputs/0_external_models/R&D GREET2025_Rev1/R&D GREET2_2025_Rev1.xlsm,3abed15be3442b25b66c7d991ce4ea89fd1fe534af930ae772e419241f0d976f,2be89abd169eba7180c0ca41102461682fc258a38ea143c5544bfd051ed03384,2025,2020,argonne_rd_greet_2025_rev1,road_vehicle_cycle_emissions,ldv,Car,Vehi_Sum,F16,A16,1.1) ICEV: Conventional Material,icev,conventional,N2O,169.13793887355405,g/vehicle-lifetime,vehicle_cycle_total_no_eol_credits
Car,1,50,150,Class 6 PnD Trucks,1,4,False,inputs/0_external_models/R&D GREET2025_Rev1/R&D GREET1_2025_Rev1.xlsm,inputs/0_external_models/R&D GREET2025_Rev1/R&D GREET2_2025_Rev1.xlsm,3abed15be3442b25b66c7d991ce4ea89fd1fe534af930ae772e419241f0d976f,2be89abd169eba7180c0ca41102461682fc258a38ea143c5544bfd051ed03384,2025,2020,argonne_rd_greet_2025_rev1,road_vehicle_cycle_emissions,ldv,Car,Vehi_Sum,F44,A44,1.2) ICEV: Lightweight Material,icev,lightweight,CO2,6559850.6783518605,g/vehicle-lifetime,vehicle_cycle_total_no_eol_credits
Car,1,50,150,Class 6 PnD Trucks,1,4,False,inputs/0_external_models/R&D GREET2025_Rev1/R&D GREET1_2025_Rev1.xlsm,inputs/0_external_models/R&D GREET2025_Rev1/R&D GREET2_2025_Rev1.xlsm,3abed15be3442b25b66c7d991ce4ea89fd1fe534af930ae772e419241f0d976f,2be89abd169eba7180c0ca41102461682fc258a38ea143c5544bfd051ed03384,2025,2020,argonne_rd_greet_2025_rev1,road_vehicle_cycle_emissions,ldv,Car,Vehi_Sum,F46,A46,1.2) ICEV: Lightweight Material,icev,lightweight,CH4,16104.460934598188,g/vehicle-lifetime,vehicle_cycle_total_no_eol_credits
Car,1,50,150,Class 6 PnD Trucks,1,4,False,inputs/0_external_models/R&D GREET2025_Rev1/R&D GREET1_2025_Rev1.xlsm,inputs/0_external_models/R&D GREET2025_Rev1/R&D GREET2_2025_Rev1.xlsm,3abed15be3442b25b66c7d991ce4ea89fd1fe534af930ae772e419241f0d976f,2be89abd169eba7180c0ca41102461682fc258a38ea143c5544bfd051ed03384,2025,2020,argonne_rd_greet_2025_rev1,road_vehicle_cycle_emissions,ldv,Car,Vehi_Sum,F47,A47,1.2) ICEV: Lightweight Material,icev,lightweight,N2O,203.54750384144234,g/vehicle-lifetime,vehicle_cycle_total_no_eol_credits
Car,1,50,150,Class 6 PnD Trucks,1,4,False,inputs/0_external_models/R&D GREET2025_Rev1/R&D GREET1_2025_Rev1.xlsm,inputs/0_external_models/R&D GREET2025_Rev1/R&D GREET2_2025_Rev1.xlsm,3abed15be3442b25b66c7d991ce4ea89fd1fe534af930ae772e419241f0d976f,2be89abd169eba7180c0ca41102461682fc258a38ea143c5544bfd051ed03384,2025,2020,argonne_rd_greet_2025_rev1,road_vehicle_cycle_emissions,ldv,Car,Vehi_Sum,F75,A75,1.3) HEV: Conventional Material,hev,conventional,CO2,5877157.384556115,g/vehicle-lifetime,vehicle_cycle_total_no_eol_credits
Car,1,50,150,Class 6 PnD Trucks,1,4,False,inputs/0_external_models/R&D GREET2025_Rev1/R&D GREET1_2025_Rev1.xlsm,inputs/0_external_models/R&D GREET2025_Rev1/R&D GREET2_2025_Rev1.xlsm,3abed15be3442b25b66c7d991ce4ea89fd1fe534af930ae772e419241f0d976f,2be89abd169eba7180c0ca41102461682fc258a38ea143c5544bfd051ed03384,2025,2020,argonne_rd_greet_2025_rev1,road_vehicle_cycle_emissions,ldv,Car,Vehi_Sum,F77,A77,1.3) HEV: Conventional Material,hev,conventional,CH4,13263.450359421906,g/vehicle-lifetime,vehicle_cycle_total_no_eol_credits
Car,1,50,150,Class 6 PnD Trucks,1,4,False,inputs/0_external_models/R&D GREET2025_Rev1/R&D GREET1_2025_Rev1.xlsm,inputs/0_external_models/R&D GREET2025_Rev1/R&D GREET2_2025_Rev1.xlsm,3abed15be3442b25b66c7d991ce4ea89fd1fe534af930ae772e419241f0d976f,2be89abd169eba7180c0ca41102461682fc258a38ea143c5544bfd051ed03384,2025,2020,argonne_rd_greet_2025_rev1,road_vehicle_cycle_emissions,ldv,Car,Vehi_Sum,F78,A78,1.3) HEV: Conventional Material,hev,conventional,N2O,222.36902200492415,g/vehicle-lifetime,vehicle_cycle_total_no_eol_credits
Car,1,50,150,Class 6 PnD Trucks,1,4,False,inputs/0_external_models/R&D GREET2025_Rev1/R&D GREET1_2025_Rev1.xlsm,inputs/0_external_models/R&D GREET2025_Rev1/R&D GREET2_2025_Rev1.xlsm,3abed15be3442b25b66c7d991ce4ea89fd1fe534af930ae772e419241f0d976f,2be89abd169eba7180c0ca41102461682fc258a38ea143c5544bfd051ed03384,2025,2020,argonne_rd_greet_2025_rev1,road_vehicle_cycle_emissions,ldv,Car,Vehi_Sum,F106,A106,1.4) HEV: Lightweight Material,hev,lightweight,CO2,6836789.466270282,g/vehicle-lifetime,vehicle_cycle_total_no_eol_credits
Car,1,50,150,Class 6 PnD Trucks,1,4,False,inputs/0_external_models/R&D GREET2025_Rev1/R&D GREET1_2025_Rev1.xlsm,inputs/0_external_models/R&D GREET2025_Rev1/R&D GREET2_2025_Rev1.xlsm,3abed15be3442b25b66c7d991ce4ea89fd1fe534af930ae772e419241f0d976f,2be89abd169eba7180c0ca41102461682fc258a38ea143c5544bfd051ed03384,2025,2020,argonne_rd_greet_2025_rev1,road_vehicle_cycle_emissions,ldv,Car,Vehi_Sum,F108,A108,1.4) HEV: Lightweight Material,hev,lightweight,CH4,16544.84947761421,g/vehicle-lifetime,vehicle_cycle_total_no_eol_credits
Car,1,50,150,Class 6 PnD Trucks,1,4,False,inputs/0_external_models/R&D GREET2025_Rev1/R&D GREET1_2025_Rev1.xlsm,inputs/0_external_models/R&D GREET2025_Rev1/R&D GREET2_2025_Rev1.xlsm,3abed15be3442b25b66c7d991ce4ea89fd1fe534af930ae772e419241f0d976f,2be89abd169eba7180c0ca41102461682fc258a38ea143c5544bfd051ed03384,2025,2020,argonne_rd_greet_2025_rev1,road_vehicle_cycle_emissions,ldv,Car,Vehi_Sum,F109,A109,1.4) HEV: Lightweight Material,hev,lightweight,N2O,257.85499436091357,g/vehicle-lifetime,vehicle_cycle_total_no_eol_credits
Car,1,50,150,Class 6 PnD Trucks,1,4,False,inputs/0_external_models/R&D GREET2025_Rev1/R&D GREET1_2025_Rev1.xlsm,inputs/0_external_models/R&D GREET2025_Rev1/R&D GREET2_2025_Rev1.xlsm,3abed15be3442b25b66c7d991ce4ea89fd1fe534af930ae772e419241f0d976f,2be89abd169eba7180c0ca41102461682fc258a38ea143c5544bfd051ed03384,2025,2020,argonne_rd_greet_2025_rev1,road_vehicle_cycle_emissions,ldv,Car,Vehi_Sum,F137,A137,1.5) PHEV: Conventional Material,phev,conventional,CO2,6714423.563145255,g/vehicle-lifetime,vehicle_cycle_total_no_eol_credits
Car,1,50,150,Class 6 PnD Trucks,1,4,False,inputs/0_external_models/R&D GREET2025_Rev1/R&D GREET1_2025_Rev1.xlsm,inputs/0_external_models/R&D GREET2025_Rev1/R&D GREET2_2025_Rev1.xlsm,3abed15be3442b25b66c7d991ce4ea89fd1fe534af930ae772e419241f0d976f,2be89abd169eba7180c0ca41102461682fc258a38ea143c5544bfd051ed03384,2025,2020,argonne_rd_greet_2025_rev1,road_vehicle_cycle_emissions,ldv,Car,Vehi_Sum,F139,A139,1.5) PHEV: Conventional Material,phev,conventional,CH4,14805.89925062795,g/vehicle-lifetime,vehicle_cycle_total_no_eol_credits
Car,1,50,150,Class 6 PnD Trucks,1,4,False,inputs/0_external_models/R&D GREET2025_Rev1/R&D GREET1_2025_Rev1.xlsm,inputs/0_external_models/R&D GREET2025_Rev1/R&D GREET2_2025_Rev1.xlsm,3abed15be3442b25b66c7d991ce4ea89fd1fe534af930ae772e419241f0d976f,2be89abd169eba7180c0ca41102461682fc258a38ea143c5544bfd051ed03384,2025,2020,argonne_rd_greet_2025_rev1,road_vehicle_cycle_emissions,ldv,Car,Vehi_Sum,F140,A140,1.5) PHEV: Conventional Material,phev,conventional,N2O,213.5303183775006,g/vehicle-lifetime,vehicle_cycle_total_no_eol_credits
Car,1,50,150,Class 6 PnD Trucks,1,4,False,inputs/0_external_models/R&D GREET2025_Rev1/R&D GREET1_2025_Rev1.xlsm,inputs/0_external_models/R&D GREET2025_Rev1/R&D GREET2_2025_Rev1.xlsm,3abed15be3442b25b66c7d991ce4ea89fd1fe534af930ae772e419241f0d976f,2be89abd169eba7180c0ca41102461682fc258a38ea143c5544bfd051ed03384,2025,2020,argonne_rd_greet_2025_rev1,road_vehicle_cycle_emissions,ldv,Car,Vehi_Sum,F168,A168,1.6) PHEV: Lightweight Material,phev,lightweight,CO2,7430201.797445612,g/vehicle-lifetime,vehicle_cycle_total_no_eol_credits
Car,1,50,150,Class 6 PnD Trucks,1,4,False,inputs/0_external_models/R&D GREET2025_Rev1/R&D GREET1_2025_Rev1.xlsm,inputs/0_external_models/R&D GREET2025_Rev1/R&D GREET2_2025_Rev1.xlsm,3abed15be3442b25b66c7d991ce4ea89fd1fe534af930ae772e419241f0d976f,2be89abd169eba7180c0ca41102461682fc258a38ea143c5544bfd051ed03384,2025,2020,argonne_rd_greet_2025_rev1,road_vehicle_cycle_emissions,ldv,Car,Vehi_Sum,F170,A170,1.6) PHEV: Lightweight Material,phev,lightweight,CH4,17662.017554590424,g/vehicle-lifetime,vehicle_cycle_total_no_eol_credits
Car,1,50,150,Class 6 PnD Trucks,1,4,False,inputs/0_external_models/R&D GREET2025_Rev1/R&D GREET1_2025_Rev1.xlsm,inputs/0_external_models/R&D GREET2025_Rev1/R&D GREET2_2025_Rev1.xlsm,3abed15be3442b25b66c7d991ce4ea89fd1fe534af930ae772e419241f0d976f,2be89abd169eba7180c0ca41102461682fc258a38ea143c5544bfd051ed03384,2025,2020,argonne_rd_greet_2025_rev1,road_vehicle_cycle_emissions,ldv,Car,Vehi_Sum,F171,A171,1.6) PHEV: Lightweight Material,phev,lightweight,N2O,252.59851456460945,g/vehicle-lifetime,vehicle_cycle_total_no_eol_credits
Car,1,50,150,Class 6 PnD Trucks,1,4,False,inputs/0_external_models/R&D GREET2025_Rev1/R&D GREET1_2025_Rev1.xlsm,inputs/0_external_models/R&D GREET2025_Rev1/R&D GREET2_2025_Rev1.xlsm,3abed15be3442b25b66c7d991ce4ea89fd1fe534af930ae772e419241f0d976f,2be89abd169eba7180c0ca41102461682fc258a38ea143c5544bfd051ed03384,2025,2020,argonne_rd_greet_2025_rev1,road_vehicle_cycle_emissions,ldv,Car,Vehi_Sum,F199,A199,1.7) EV: Conventional Material,bev,conventional,CO2,6997113.797400506,g/vehicle-lifetime,vehicle_cycle_total_no_eol_credits
Car,1,50,150,Class 6 PnD Trucks,1,4,False,inputs/0_external_models/R&D GREET2025_Rev1/R&D GREET1_2025_Rev1.xlsm,inputs/0_external_models/R&D GREET2025_Rev1/R&D GREET2_2025_Rev1.xlsm,3abed15be3442b25b66c7d991ce4ea89fd1fe534af930ae772e419241f0d976f,2be89abd169eba7180c0ca41102461682fc258a38ea143c5544bfd051ed03384,2025,2020,argonne_rd_greet_2025_rev1,road_vehicle_cycle_emissions,ldv,Car,Vehi_Sum,F201,A201,1.7) EV: Conventional Material,bev,conventional,CH4,16105.310638946912,g/vehicle-lifetime,vehicle_cycle_total_no_eol_credits
Car,1,50,150,Class 6 PnD Trucks,1,4,False,inputs/0_external_models/R&D GREET2025_Rev1/R&D GREET1_2025_Rev1.xlsm,inputs/0_external_models/R&D GREET2025_Rev1/R&D GREET2_2025_Rev1.xlsm,3abed15be3442b25b66c7d991ce4ea89fd1fe534af930ae772e419241f0d976f,2be89abd169eba7180c0ca41102461682fc258a38ea143c5544bfd051ed03384,2025,2020,argonne_rd_greet_2025_rev1,road_vehicle_cycle_emissions,ldv,Car,Vehi_Sum,F202,A202,1.7) EV: Conventional Material,bev,conventional,N2O,232.53862139871126,g/vehicle-lifetime,vehicle_cycle_total_no_eol_credits
Car,1,50,150,Class 6 PnD Trucks,1,4,False,inputs/0_external_models/R&D GREET2025_Rev1/R&D GREET1_2025_Rev1.xlsm,inputs/0_external_models/R&D GREET2025_Rev1/R&D GREET2_2025_Rev1.xlsm,3abed15be3442b25b66c7d991ce4ea89fd1fe534af930ae772e419241f0d976f,2be89abd169eba7180c0ca41102461682fc258a38ea143c5544bfd051ed03384,2025,2020,argonne_rd_greet_2025_rev1,road_vehicle_cycle_emissions,ldv,Car,Vehi_Sum,F230,A230,1.8) EV: Lightweight Material,bev,lightweight,CO2,10146193.900298487,g/vehicle-lifetime,vehicle_cycle_total_no_eol_credits
Car,1,50,150,Class 6 PnD Trucks,1,4,False,inputs/0_external_models/R&D GREET2025_Rev1/R&D GREET1_2025_Rev1.xlsm,inputs/0_external_models/R&D GREET2025_Rev1/R&D GREET2_2025_Rev1.xlsm,3abed15be3442b25b66c7d991ce4ea89fd1fe534af930ae772e419241f0d976f,2be89abd169eba7180c0ca41102461682fc258a38ea143c5544bfd051ed03384,2025,2020,argonne_rd_greet_2025_rev1,road_vehicle_cycle_emissions,ldv,Car,Vehi_Sum,F232,A232,1.8) EV: Lightweight Material,bev,lightweight,CH4,23259.63678750927,g/vehicle-lifetime,vehicle_cycle_total_no_eol_credits
Car,1,50,150,Class 6 PnD Trucks,1,4,False,inputs/0_external_models/R&D GREET2025_Rev1/R&D GREET1_2025_Rev1.xlsm,inputs/0_external_models/R&D GREET2025_Rev1/R&D GREET2_2025_Rev1.xlsm,3abed15be3442b25b66c7d991ce4ea89fd1fe534af930ae772e419241f0d976f,2be89abd169eba7180c0ca41102461682fc258a38ea143c5544bfd051ed03384,2025,2020,argonne_rd_greet_2025_rev1,road_vehicle_cycle_emissions,ldv,Car,Vehi_Sum,F233,A233,1.8) EV: Lightweight Material,bev,lightweight,N2O,363.35261548723525,g/vehicle-lifetime,vehicle_cycle_total_no_eol_credits
Car,1,50,150,Class 6 PnD Trucks,1,4,False,inputs/0_external_models/R&D GREET2025_Rev1/R&D GREET1_2025_Rev1.xlsm,inputs/0_external_models/R&D GREET2025_Rev1/R&D GREET2_2025_Rev1.xlsm,3abed15be3442b25b66c7d991ce4ea89fd1fe534af930ae772e419241f0d976f,2be89abd169eba7180c0ca41102461682fc258a38ea143c5544bfd051ed03384,2025,2020,argonne_rd_greet_2025_rev1,road_vehicle_cycle_emissions,ldv,Car,Vehi_Sum,F261,A261,1.9) FCV: Conventional Material,fcev,conventional,CO2,6640504.807219377,g/vehicle-lifetime,vehicle_cycle_total_no_eol_credits
Car,1,50,150,Class 6 PnD Trucks,1,4,False,inputs/0_external_models/R&D GREET2025_Rev1/R&D GREET1_2025_Rev1.xlsm,inputs/0_external_models/R&D GREET2025_Rev1/R&D GREET2_2025_Rev1.xlsm,3abed15be3442b25b66c7d991ce4ea89fd1fe534af930ae772e419241f0d976f,2be89abd169eba7180c0ca41102461682fc258a38ea143c5544bfd051ed03384,2025,2020,argonne_rd_greet_2025_rev1,road_vehicle_cycle_emissions,ldv,Car,Vehi_Sum,F263,A263,1.9) FCV: Conventional Material,fcev,conventional,CH4,15837.295234170055,g/vehicle-lifetime,vehicle_cycle_total_no_eol_credits
Car,1,50,150,Class 6 PnD Trucks,1,4,False,inputs/0_external_models/R&D GREET2025_Rev1/R&D GREET1_2025_Rev1.xlsm,inputs/0_external_models/R&D GREET2025_Rev1/R&D GREET2_2025_Rev1.xlsm,3abed15be3442b25b66c7d991ce4ea89fd1fe534af930ae772e419241f0d976f,2be89abd169eba7180c0ca41102461682fc258a38ea143c5544bfd051ed03384,2025,2020,argonne_rd_greet_2025_rev1,road_vehicle_cycle_emissions,ldv,Car,Vehi_Sum,F264,A264,1.9) FCV: Conventional Material,fcev,conventional,N2O,247.74077033456757,g/vehicle-lifetime,vehicle_cycle_total_no_eol_credits
Car,1,50,150,Class 6 PnD Trucks,1,4,False,inputs/0_external_models/R&D GREET2025_Rev1/R&D GREET1_2025_Rev1.xlsm,inputs/0_external_models/R&D GREET2025_Rev1/R&D GREET2_2025_Rev1.xlsm,3abed15be3442b25b66c7d991ce4ea89fd1fe534af930ae772e419241f0d976f,2be89abd169eba7180c0ca41102461682fc258a38ea143c5544bfd051ed03384,2025,2020,argonne_rd_greet_2025_rev1,road_vehicle_cycle_emissions,ldv,Car,Vehi_Sum,F292,A292,1.10) FCV: Lightweight Material,fcev,lightweight,CO2,8018085.243384266,g/vehicle-lifetime,vehicle_cycle_total_no_eol_credits
Car,1,50,150,Class 6 PnD Trucks,1,4,False,inputs/0_external_models/R&D GREET2025_Rev1/R&D GREET1_2025_Rev1.xlsm,inputs/0_external_models/R&D GREET2025_Rev1/R&D GREET2_2025_Rev1.xlsm,3abed15be3442b25b66c7d991ce4ea89fd1fe534af930ae772e419241f0d976f,2be89abd169eba7180c0ca41102461682fc258a38ea143c5544bfd051ed03384,2025,2020,argonne_rd_greet_2025_rev1,road_vehicle_cycle_emissions,ldv,Car,Vehi_Sum,F294,A294,1.10) FCV: Lightweight Material,fcev,lightweight,CH4,20647.121453632015,g/vehicle-lifetime,vehicle_cycle_total_no_eol_credits
Car,1,50,150,Class 6 PnD Trucks,1,4,False,inputs/0_external_models/R&D GREET2025_Rev1/R&D GREET1_2025_Rev1.xlsm,inputs/0_external_models/R&D GREET2025_Rev1/R&D GREET2_2025_Rev1.xlsm,3abed15be3442b25b66c7d991ce4ea89fd1fe534af930ae772e419241f0d976f,2be89abd169eba7180c0ca41102461682fc258a38ea143c5544bfd051ed03384,2025,2020,argonne_rd_greet_2025_rev1,road_vehicle_cycle_emissions,ldv,Car,Vehi_Sum,F295,A295,1.10) FCV: Lightweight Material,fcev,lightweight,N2O,299.8785611268483,g/vehicle-lifetime,vehicle_cycle_total_no_eol_credits
Car,1,50,150,Class 6 PnD Trucks,1,4,False,inputs/0_external_models/R&D GREET2025_Rev1/R&D GREET1_2025_Rev1.xlsm,inputs/0_external_models/R&D GREET2025_Rev1/R&D GREET2_2025_Rev1.xlsm,3abed15be3442b25b66c7d991ce4ea89fd1fe534af930ae772e419241f0d976f,2be89abd169eba7180c0ca41102461682fc258a38ea143c5544bfd051ed03384,2025,2020,argonne_rd_greet_2025_rev1,road_vehicle_cycle_emissions,mhdv,Class 6 PnD Trucks,MHDV_Sum,G13,A13,1.1) ICEV,icev,none,CO2,17814591.789810307,g/vehicle-lifetime,vehicle_cycle_total_no_eol_credits
Car,1,50,150,Class 6 PnD Trucks,1,4,False,inputs/0_external_models/R&D GREET2025_Rev1/R&D GREET1_2025_Rev1.xlsm,inputs/0_external_models/R&D GREET2025_Rev1/R&D GREET2_2025_Rev1.xlsm,3abed15be3442b25b66c7d991ce4ea89fd1fe534af930ae772e419241f0d976f,2be89abd169eba7180c0ca41102461682fc258a38ea143c5544bfd051ed03384,2025,2020,argonne_rd_greet_2025_rev1,road_vehicle_cycle_emissions,mhdv,Class 6 PnD Trucks,MHDV_Sum,G15,A15,1.1) ICEV,icev,none,CH4,33984.61026012566,g/vehicle-lifetime,vehicle_cycle_total_no_eol_credits
Car,1,50,150,Class 6 PnD Trucks,1,4,False,inputs/0_external_models/R&D GREET2025_Rev1/R&D GREET1_2025_Rev1.xlsm,inputs/0_external_models/R&D GREET2025_Rev1/R&D GREET2_2025_Rev1.xlsm,3abed15be3442b25b66c7d991ce4ea89fd1fe534af930ae772e419241f0d976f,2be89abd169eba7180c0ca41102461682fc258a38ea143c5544bfd051ed03384,2025,2020,argonne_rd_greet_2025_rev1,road_vehicle_cycle_emissions,mhdv,Class 6 PnD Trucks,MHDV_Sum,G16,A16,1.1) ICEV,icev,none,N2O,336.9746755969985,g/vehicle-lifetime,vehicle_cycle_total_no_eol_credits
Car,1,50,150,Class 6 PnD Trucks,1,4,False,inputs/0_external_models/R&D GREET2025_Rev1/R&D GREET1_2025_Rev1.xlsm,inputs/0_external_models/R&D GREET2025_Rev1/R&D GREET2_2025_Rev1.xlsm,3abed15be3442b25b66c7d991ce4ea89fd1fe534af930ae772e419241f0d976f,2be89abd169eba7180c0ca41102461682fc258a38ea143c5544bfd051ed03384,2025,2020,argonne_rd_greet_2025_rev1,road_vehicle_cycle_emissions,mhdv,Class 6 PnD Trucks,MHDV_Sum,G44,A44,1.2) HEV,hev,none,CO2,18333102.181475896,g/vehicle-lifetime,vehicle_cycle_total_no_eol_credits
Car,1,50,150,Class 6 PnD Trucks,1,4,False,inputs/0_external_models/R&D GREET2025_Rev1/R&D GREET1_2025_Rev1.xlsm,inputs/0_external_models/R&D GREET2025_Rev1/R&D GREET2_2025_Rev1.xlsm,3abed15be3442b25b66c7d991ce4ea89fd1fe534af930ae772e419241f0d976f,2be89abd169eba7180c0ca41102461682fc258a38ea143c5544bfd051ed03384,2025,2020,argonne_rd_greet_2025_rev1,road_vehicle_cycle_emissions,mhdv,Class 6 PnD Trucks,MHDV_Sum,G46,A46,1.2) HEV,hev,none,CH4,34987.40289923422,g/vehicle-lifetime,vehicle_cycle_total_no_eol_credits
Car,1,50,150,Class 6 PnD Trucks,1,4,False,inputs/0_external_models/R&D GREET2025_Rev1/R&D GREET1_2025_Rev1.xlsm,inputs/0_external_models/R&D GREET2025_Rev1/R&D GREET2_2025_Rev1.xlsm,3abed15be3442b25b66c7d991ce4ea89fd1fe534af930ae772e419241f0d976f,2be89abd169eba7180c0ca41102461682fc258a38ea143c5544bfd051ed03384,2025,2020,argonne_rd_greet_2025_rev1,road_vehicle_cycle_emissions,mhdv,Class 6 PnD Trucks,MHDV_Sum,G47,A47,1.2) HEV,hev,none,N2O,367.90150824555917,g/vehicle-lifetime,vehicle_cycle_total_no_eol_credits
Car,1,50,150,Class 6 PnD Trucks,1,4,False,inputs/0_external_models/R&D GREET2025_Rev1/R&D GREET1_2025_Rev1.xlsm,inputs/0_external_models/R&D GREET2025_Rev1/R&D GREET2_2025_Rev1.xlsm,3abed15be3442b25b66c7d991ce4ea89fd1fe534af930ae772e419241f0d976f,2be89abd169eba7180c0ca41102461682fc258a38ea143c5544bfd051ed03384,2025,2020,argonne_rd_greet_2025_rev1,road_vehicle_cycle_emissions,mhdv,Class 6 PnD Trucks,MHDV_Sum,G75,A75,1.3) EV,bev,none,CO2,29416143.833984002,g/vehicle-lifetime,vehicle_cycle_total_no_eol_credits
Car,1,50,150,Class 6 PnD Trucks,1,4,False,inputs/0_external_models/R&D GREET2025_Rev1/R&D GREET1_2025_Rev1.xlsm,inputs/0_external_models/R&D GREET2025_Rev1/R&D GREET2_2025_Rev1.xlsm,3abed15be3442b25b66c7d991ce4ea89fd1fe534af930ae772e419241f0d976f,2be89abd169eba7180c0ca41102461682fc258a38ea143c5544bfd051ed03384,2025,2020,argonne_rd_greet_2025_rev1,road_vehicle_cycle_emissions,mhdv,Class 6 PnD Trucks,MHDV_Sum,G77,A77,1.3) EV,bev,none,CH4,55954.54371452834,g/vehicle-lifetime,vehicle_cycle_total_no_eol_credits
Car,1,50,150,Class 6 PnD Trucks,1,4,False,inputs/0_external_models/R&D GREET2025_Rev1/R&D GREET1_2025_Rev1.xlsm,inputs/0_external_models/R&D GREET2025_Rev1/R&D GREET2_2025_Rev1.xlsm,3abed15be3442b25b66c7d991ce4ea89fd1fe534af930ae772e419241f0d976f,2be89abd169eba7180c0ca41102461682fc258a38ea143c5544bfd051ed03384,2025,2020,argonne_rd_greet_2025_rev1,road_vehicle_cycle_emissions,mhdv,Class 6 PnD Trucks,MHDV_Sum,G78,A78,1.3) EV,bev,none,N2O,702.6596442728859,g/vehicle-lifetime,vehicle_cycle_total_no_eol_credits
Car,1,50,150,Class 6 PnD Trucks,1,4,False,inputs/0_external_models/R&D GREET2025_Rev1/R&D GREET1_2025_Rev1.xlsm,inputs/0_external_models/R&D GREET2025_Rev1/R&D GREET2_2025_Rev1.xlsm,3abed15be3442b25b66c7d991ce4ea89fd1fe534af930ae772e419241f0d976f,2be89abd169eba7180c0ca41102461682fc258a38ea143c5544bfd051ed03384,2025,2020,argonne_rd_greet_2025_rev1,road_vehicle_cycle_emissions,mhdv,Class 6 PnD Trucks,MHDV_Sum,G106,A106,1.4) FCV,fcev,none,CO2,22456533.43579129,g/vehicle-lifetime,vehicle_cycle_total_no_eol_credits
Car,1,50,150,Class 6 PnD Trucks,1,4,False,inputs/0_external_models/R&D GREET2025_Rev1/R&D GREET1_2025_Rev1.xlsm,inputs/0_external_models/R&D GREET2025_Rev1/R&D GREET2_2025_Rev1.xlsm,3abed15be3442b25b66c7d991ce4ea89fd1fe534af930ae772e419241f0d976f,2be89abd169eba7180c0ca41102461682fc258a38ea143c5544bfd051ed03384,2025,2020,argonne_rd_greet_2025_rev1,road_vehicle_cycle_emissions,mhdv,Class 6 PnD Trucks,MHDV_Sum,G108,A108,1.4) FCV,fcev,none,CH4,46226.268830381465,g/vehicle-lifetime,vehicle_cycle_total_no_eol_credits
Car,1,50,150,Class 6 PnD Trucks,1,4,False,inputs/0_external_models/R&D GREET2025_Rev1/R&D GREET1_2025_Rev1.xlsm,inputs/0_external_models/R&D GREET2025_Rev1/R&D GREET2_2025_Rev1.xlsm,3abed15be3442b25b66c7d991ce4ea89fd1fe534af930ae772e419241f0d976f,2be89abd169eba7180c0ca41102461682fc258a38ea143c5544bfd051ed03384,2025,2020,argonne_rd_greet_2025_rev1,road_vehicle_cycle_emissions,mhdv,Class 6 PnD Trucks,MHDV_Sum,G109,A109,1.4) FCV,fcev,none,N2O,498.7322965018775,g/vehicle-lifetime,vehicle_cycle_total_no_eol_credits
SUV,2,35,150,Class 6 PnD Trucks,1,5,False,inputs/0_external_models/R&D GREET2025_Rev1/R&D GREET1_2025_Rev1.xlsm,inputs/0_external_models/R&D GREET2025_Rev1/R&D GREET2_2025_Rev1.xlsm,3abed15be3442b25b66c7d991ce4ea89fd1fe534af930ae772e419241f0d976f,2be89abd169eba7180c0ca41102461682fc258a38ea143c5544bfd051ed03384,2025,2020,argonne_rd_greet_2025_rev1,road_vehicle_cycle_emissions,ldv,SUV,Vehi_Sum,F13,A13,1.1) ICEV: Conventional Material,icev,conventional,CO2,6332983.137454158,g/vehicle-lifetime,vehicle_cycle_total_no_eol_credits
SUV,2,35,150,Class 6 PnD Trucks,1,5,False,inputs/0_external_models/R&D GREET2025_Rev1/R&D GREET1_2025_Rev1.xlsm,inputs/0_external_models/R&D GREET2025_Rev1/R&D GREET2_2025_Rev1.xlsm,3abed15be3442b25b66c7d991ce4ea89fd1fe534af930ae772e419241f0d976f,2be89abd169eba7180c0ca41102461682fc258a38ea143c5544bfd051ed03384,2025,2020,argonne_rd_greet_2025_rev1,road_vehicle_cycle_emissions,ldv,SUV,Vehi_Sum,F15,A15,1.1) ICEV: Conventional Material,icev,conventional,CH4,14394.59462971612,g/vehicle-lifetime,vehicle_cycle_total_no_eol_credits
SUV,2,35,150,Class 6 PnD Trucks,1,5,False,inputs/0_external_models/R&D GREET2025_Rev1/R&D GREET1_2025_Rev1.xlsm,inputs/0_external_models/R&D GREET2025_Rev1/R&D GREET2_2025_Rev1.xlsm,3abed15be3442b25b66c7d991ce4ea89fd1fe534af930ae772e419241f0d976f,2be89abd169eba7180c0ca41102461682fc258a38ea143c5544bfd051ed03384,2025,2020,argonne_rd_greet_2025_rev1,road_vehicle_cycle_emissions,ldv,SUV,Vehi_Sum,F16,A16,1.1) ICEV: Conventional Material,icev,conventional,N2O,186.5049448527784,g/vehicle-lifetime,vehicle_cycle_total_no_eol_credits
SUV,2,35,150,Class 6 PnD Trucks,1,5,False,inputs/0_external_models/R&D GREET2025_Rev1/R&D GREET1_2025_Rev1.xlsm,inputs/0_external_models/R&D GREET2025_Rev1/R&D GREET2_2025_Rev1.xlsm,3abed15be3442b25b66c7d991ce4ea89fd1fe534af930ae772e419241f0d976f,2be89abd169eba7180c0ca41102461682fc258a38ea143c5544bfd051ed03384,2025,2020,argonne_rd_greet_2025_rev1,road_vehicle_cycle_emissions,ldv,SUV,Vehi_Sum,F44,A44,1.2) ICEV: Lightweight Material,icev,lightweight,CO2,8212767.4161944,g/vehicle-lifetime,vehicle_cycle_total_no_eol_credits
SUV,2,35,150,Class 6 PnD Trucks,1,5,False,inputs/0_external_models/R&D GREET2025_Rev1/R&D GREET1_2025_Rev1.xlsm,inputs/0_external_models/R&D GREET2025_Rev1/R&D GREET2_2025_Rev1.xlsm,3abed15be3442b25b66c7d991ce4ea89fd1fe534af930ae772e419241f0d976f,2be89abd169eba7180c0ca41102461682fc258a38ea143c5544bfd051ed03384,2025,2020,argonne_rd_greet_2025_rev1,road_vehicle_cycle_emissions,ldv,SUV,Vehi_Sum,F46,A46,1.2) ICEV: Lightweight Material,icev,lightweight,CH4,20082.88161735281,g/vehicle-lifetime,vehicle_cycle_total_no_eol_credits
SUV,2,35,150,Class 6 PnD Trucks,1,5,False,inputs/0_external_models/R&D GREET2025_Rev1/R&D GREET1_2025_Rev1.xlsm,inputs/0_external_models/R&D GREET2025_Rev1/R&D GREET2_2025_Rev1.xlsm,3abed15be3442b25b66c7d991ce4ea89fd1fe534af930ae772e419241f0d976f,2be89abd169eba7180c0ca41102461682fc258a38ea143c5544bfd051ed03384,2025,2020,argonne_rd_greet_2025_rev1,road_vehicle_cycle_emissions,ldv,SUV,Vehi_Sum,F47,A47,1.2) ICEV: Lightweight Material,icev,lightweight,N2O,244.64823562621734,g/vehicle-lifetime,vehicle_cycle_total_no_eol_credits
SUV,2,35,150,Class 6 PnD Trucks,1,5,False,inputs/0_external_models/R&D GREET2025_Rev1/R&D GREET1_2025_Rev1.xlsm,inputs/0_external_models/R&D GREET2025_Rev1/R&D GREET2_2025_Rev1.xlsm,3abed15be3442b25b66c7d991ce4ea89fd1fe534af930ae772e419241f0d976f,2be89abd169eba7180c0ca41102461682fc258a38ea143c5544bfd051ed03384,2025,2020,argonne_rd_greet_2025_rev1,road_vehicle_cycle_emissions,ldv,SUV,Vehi_Sum,F75,A75,1.3) HEV: Conventional Material,hev,conventional,CO2,6746556.176368394,g/vehicle-lifetime,vehicle_cycle_total_no_eol_credits
SUV,2,35,150,Class 6 PnD Trucks,1,5,False,inputs/0_external_models/R&D GREET2025_Rev1/R&D GREET1_2025_Rev1.xlsm,inputs/0_external_models/R&D GREET2025_Rev1/R&D GREET2_2025_Rev1.xlsm,3abed15be3442b25b66c7d991ce4ea89fd1fe534af930ae772e419241f0d976f,2be89abd169eba7180c0ca41102461682fc258a38ea143c5544bfd051ed03384,2025,2020,argonne_rd_greet_2025_rev1,road_vehicle_cycle_emissions,ldv,SUV,Vehi_Sum,F77,A77,1.3) HEV: Conventional Material,hev,conventional,CH4,15220.619886507924,g/vehicle-lifetime,vehicle_cycle_total_no_eol_credits
SUV,2,35,150,Class 6 PnD Trucks,1,5,False,inputs/0_external_models/R&D GREET2025_Rev1/R&D GREET1_2025_Rev1.xlsm,inputs/0_external_models/R&D GREET2025_Rev1/R&D GREET2_2025_Rev1.xlsm,3abed15be3442b25b66c7d991ce4ea89fd1fe534af930ae772e419241f0d976f,2be89abd169eba7180c0ca41102461682fc258a38ea143c5544bfd051ed03384,2025,2020,argonne_rd_greet_2025_rev1,road_vehicle_cycle_emissions,ldv,SUV,Vehi_Sum,F78,A78,1.3) HEV: Conventional Material,hev,conventional,N2O,256.7929794887776,g/vehicle-lifetime,vehicle_cycle_total_no_eol_credits
SUV,2,35,150,Class 6 PnD Trucks,1,5,False,inputs/0_external_models/R&D GREET2025_Rev1/R&D GREET1_2025_Rev1.xlsm,inputs/0_external_models/R&D GREET2025_Rev1/R&D GREET2_2025_Rev1.xlsm,3abed15be3442b25b66c7d991ce4ea89fd1fe534af930ae772e419241f0d976f,2be89abd169eba7180c0ca41102461682fc258a38ea143c5544bfd051ed03384,2025,2020,argonne_rd_greet_2025_rev1,road_vehicle_cycle_emissions,ldv,SUV,Vehi_Sum,F106,A106,1.4) HEV: Lightweight Material,hev,lightweight,CO2,8569583.004411096,g/vehicle-lifetime,vehicle_cycle_total_no_eol_credits
SUV,2,35,150,Class 6 PnD Trucks,1,5,False,inputs/0_external_models/R&D GREET2025_Rev1/R&D GREET1_2025_Rev1.xlsm,inputs/0_external_models/R&D GREET2025_Rev1/R&D GREET2_2025_Rev1.xlsm,3abed15be3442b25b66c7d991ce4ea89fd1fe534af930ae772e419241f0d976f,2be89abd169eba7180c0ca41102461682fc258a38ea143c5544bfd051ed03384,2025,2020,argonne_rd_greet_2025_rev1,road_vehicle_cycle_emissions,ldv,SUV,Vehi_Sum,F108,A108,1.4) HEV: Lightweight Material,hev,lightweight,CH4,20573.917972039057,g/vehicle-lifetime,vehicle_cycle_total_no_eol_credits
SUV,2,35,150,Class 6 PnD Trucks,1,5,False,inputs/0_external_models/R&D GREET2025_Rev1/R&D GREET1_2025_Rev1.xlsm,inputs/0_external_models/R&D GREET2025_Rev1/R&D GREET2_2025_Rev1.xlsm,3abed15be3442b25b66c7d991ce4ea89fd1fe534af930ae772e419241f0d976f,2be89abd169eba7180c0ca41102461682fc258a38ea143c5544bfd051ed03384,2025,2020,argonne_rd_greet_2025_rev1,road_vehicle_cycle_emissions,ldv,SUV,Vehi_Sum,F109,A109,1.4) HEV: Lightweight Material,hev,lightweight,N2O,311.58442078249846,g/vehicle-lifetime,vehicle_cycle_total_no_eol_credits
SUV,2,35,150,Class 6 PnD Trucks,1,5,False,inputs/0_external_models/R&D GREET2025_Rev1/R&D GREET1_2025_Rev1.xlsm,inputs/0_external_models/R&D GREET2025_Rev1/R&D GREET2_2025_Rev1.xlsm,3abed15be3442b25b66c7d991ce4ea89fd1fe534af930ae772e419241f0d976f,2be89abd169eba7180c0ca41102461682fc258a38ea143c5544bfd051ed03384,2025,2020,argonne_rd_greet_2025_rev1,road_vehicle_cycle_emissions,ldv,SUV,Vehi_Sum,F137,A137,1.5) PHEV: Conventional Material,phev,conventional,CO2,7402943.711874342,g/vehicle-lifetime,vehicle_cycle_total_no_eol_credits
SUV,2,35,150,Class 6 PnD Trucks,1,5,False,inputs/0_external_models/R&D GREET2025_Rev1/R&D GREET1_2025_Rev1.xlsm,inputs/0_external_models/R&D GREET2025_Rev1/R&D GREET2_2025_Rev1.xlsm,3abed15be3442b25b66c7d991ce4ea89fd1fe534af930ae772e419241f0d976f,2be89abd169eba7180c0ca41102461682fc258a38ea143c5544bfd051ed03384,2025,2020,argonne_rd_greet_2025_rev1,road_vehicle_cycle_emissions,ldv,SUV,Vehi_Sum,F139,A139,1.5) PHEV: Conventional Material,phev,conventional,CH4,16401.753883398662,g/vehicle-lifetime,vehicle_cycle_total_no_eol_credits
SUV,2,35,150,Class 6 PnD Trucks,1,5,False,inputs/0_external_models/R&D GREET2025_Rev1/R&D GREET1_2025_Rev1.xlsm,inputs/0_external_models/R&D GREET2025_Rev1/R&D GREET2_2025_Rev1.xlsm,3abed15be3442b25b66c7d991ce4ea89fd1fe534af930ae772e419241f0d976f,2be89abd169eba7180c0ca41102461682fc258a38ea143c5544bfd051ed03384,2025,2020,argonne_rd_greet_2025_rev1,road_vehicle_cycle_emissions,ldv,SUV,Vehi_Sum,F140,A140,1.5) PHEV: Conventional Material,phev,conventional,N2O,242.97540719710312,g/vehicle-lifetime,vehicle_cycle_total_no_eol_credits
SUV,2,35,150,Class 6 PnD Trucks,1,5,False,inputs/0_external_models/R&D GREET2025_Rev1/R&D GREET1_2025_Rev1.xlsm,inputs/0_external_models/R&D GREET2025_Rev1/R&D GREET2_2025_Rev1.xlsm,3abed15be3442b25b66c7d991ce4ea89fd1fe534af930ae772e419241f0d976f,2be89abd169eba7180c0ca41102461682fc258a38ea143c5544bfd051ed03384,2025,2020,argonne_rd_greet_2025_rev1,road_vehicle_cycle_emissions,ldv,SUV,Vehi_Sum,F168,A168,1.6) PHEV: Lightweight Material,phev,lightweight,CO2,8855353.914229259,g/vehicle-lifetime,vehicle_cycle_total_no_eol_credits
SUV,2,35,150,Class 6 PnD Trucks,1,5,False,inputs/0_external_models/R&D GREET2025_Rev1/R&D GREET1_2025_Rev1.xlsm,inputs/0_external_models/R&D GREET2025_Rev1/R&D GREET2_2025_Rev1.xlsm,3abed15be3442b25b66c7d991ce4ea89fd1fe534af930ae772e419241f0d976f,2be89abd169eba7180c0ca41102461682fc258a38ea143c5544bfd051ed03384,2025,2020,argonne_rd_greet_2025_rev1,road_vehicle_cycle_emissions,ldv,SUV,Vehi_Sum,F170,A170,1.6) PHEV: Lightweight Material,phev,lightweight,CH4,20998.196024398338,g/vehicle-lifetime,vehicle_cycle_total_no_eol_credits
SUV,2,35,150,Class 6 PnD Trucks,1,5,False,inputs/0_external_models/R&D GREET2025_Rev1/R&D GREET1_2025_Rev1.xlsm,inputs/0_external_models/R&D GREET2025_Rev1/R&D GREET2_2025_Rev1.xlsm,3abed15be3442b25b66c7d991ce4ea89fd1fe534af930ae772e419241f0d976f,2be89abd169eba7180c0ca41102461682fc258a38ea143c5544bfd051ed03384,2025,2020,argonne_rd_greet_2025_rev1,road_vehicle_cycle_emissions,ldv,SUV,Vehi_Sum,F171,A171,1.6) PHEV: Lightweight Material,phev,lightweight,N2O,281.3554415408041,g/vehicle-lifetime,vehicle_cycle_total_no_eol_credits
SUV,2,35,150,Class 6 PnD Trucks,1,5,False,inputs/0_external_models/R&D GREET2025_Rev1/R&D GREET1_2025_Rev1.xlsm,inputs/0_external_models/R&D GREET2025_Rev1/R&D GREET2_2025_Rev1.xlsm,3abed15be3442b25b66c7d991ce4ea89fd1fe534af930ae772e419241f0d976f,2be89abd169eba7180c0ca41102461682fc258a38ea143c5544bfd051ed03384,2025,2020,argonne_rd_greet_2025_rev1,road_vehicle_cycle_emissions,ldv,SUV,Vehi_Sum,F199,A199,1.7) EV: Conventional Material,bev,conventional,CO2,7966406.062618433,g/vehicle-lifetime,vehicle_cycle_total_no_eol_credits
SUV,2,35,150,Class 6 PnD Trucks,1,5,False,inputs/0_external_models/R&D GREET2025_Rev1/R&D GREET1_2025_Rev1.xlsm,inputs/0_external_models/R&D GREET2025_Rev1/R&D GREET2_2025_Rev1.xlsm,3abed15be3442b25b66c7d991ce4ea89fd1fe534af930ae772e419241f0d976f,2be89abd169eba7180c0ca41102461682fc258a38ea143c5544bfd051ed03384,2025,2020,argonne_rd_greet_2025_rev1,road_vehicle_cycle_emissions,ldv,SUV,Vehi_Sum,F201,A201,1.7) EV: Conventional Material,bev,conventional,CH4,17764.390489162593,g/vehicle-lifetime,vehicle_cycle_total_no_eol_credits
SUV,2,35,150,Class 6 PnD Trucks,1,5,False,inputs/0_external_models/R&D GREET2025_Rev1/R&D GREET1_2025_Rev1.xlsm,inputs/0_external_models/R&D GREET2025_Rev1/R&D GREET2_2025_Rev1.xlsm,3abed15be3442b25b66c7d991ce4ea89fd1fe534af930ae772e419241f0d976f,2be89abd169eba7180c0ca41102461682fc258a38ea143c5544bfd051ed03384,2025,2020,argonne_rd_greet_2025_rev1,road_vehicle_cycle_emissions,ldv,SUV,Vehi_Sum,F202,A202,1.7) EV: Conventional Material,bev,conventional,N2O,256.6290091130427,g/vehicle-lifetime,vehicle_cycle_total_no_eol_credits
SUV,2,35,150,Class 6 PnD Trucks,1,5,False,inputs/0_external_models/R&D GREET2025_Rev1/R&D GREET1_2025_Rev1.xlsm,inputs/0_external_models/R&D GREET2025_Rev1/R&D GREET2_2025_Rev1.xlsm,3abed15be3442b25b66c7d991ce4ea89fd1fe534af930ae772e419241f0d976f,2be89abd169eba7180c0ca41102461682fc258a38ea143c5544bfd051ed03384,2025,2020,argonne_rd_greet_2025_rev1,road_vehicle_cycle_emissions,ldv,SUV,Vehi_Sum,F230,A230,1.8) EV: Lightweight Material,bev,lightweight,CO2,12767837.180985441,g/vehicle-lifetime,vehicle_cycle_total_no_eol_credits
SUV,2,35,150,Class 6 PnD Trucks,1,5,False,inputs/0_external_models/R&D GREET2025_Rev1/R&D GREET1_2025_Rev1.xlsm,inputs/0_external_models/R&D GREET2025_Rev1/R&D GREET2_2025_Rev1.xlsm,3abed15be3442b25b66c7d991ce4ea89fd1fe534af930ae772e419241f0d976f,2be89abd169eba7180c0ca41102461682fc258a38ea143c5544bfd051ed03384,2025,2020,argonne_rd_greet_2025_rev1,road_vehicle_cycle_emissions,ldv,SUV,Vehi_Sum,F232,A232,1.8) EV: Lightweight Material,bev,lightweight,CH4,28929.93824956483,g/vehicle-lifetime,vehicle_cycle_total_no_eol_credits
SUV,2,35,150,Class 6 PnD Trucks,1,5,False,inputs/0_external_models/R&D GREET2025_Rev1/R&D GREET1_2025_Rev1.xlsm,inputs/0_external_models/R&D GREET2025_Rev1/R&D GREET2_2025_Rev1.xlsm,3abed15be3442b25b66c7d991ce4ea89fd1fe534af930ae772e419241f0d976f,2be89abd169eba7180c0ca41102461682fc258a38ea143c5544bfd051ed03384,2025,2020,argonne_rd_greet_2025_rev1,road_vehicle_cycle_emissions,ldv,SUV,Vehi_Sum,F233,A233,1.8) EV: Lightweight Material,bev,lightweight,N2O,430.69366644066054,g/vehicle-lifetime,vehicle_cycle_total_no_eol_credits
SUV,2,35,150,Class 6 PnD Trucks,1,5,False,inputs/0_external_models/R&D GREET2025_Rev1/R&D GREET1_2025_Rev1.xlsm,inputs/0_external_models/R&D GREET2025_Rev1/R&D GREET2_2025_Rev1.xlsm,3abed15be3442b25b66c7d991ce4ea89fd1fe534af930ae772e419241f0d976f,2be89abd169eba7180c0ca41102461682fc258a38ea143c5544bfd051ed03384,2025,2020,argonne_rd_greet_2025_rev1,road_vehicle_cycle_emissions,ldv,SUV,Vehi_Sum,F261,A261,1.9) FCV: Conventional Material,fcev,conventional,CO2,7493673.905710698,g/vehicle-lifetime,vehicle_cycle_total_no_eol_credits
SUV,2,35,150,Class 6 PnD Trucks,1,5,False,inputs/0_external_models/R&D GREET2025_Rev1/R&D GREET1_2025_Rev1.xlsm,inputs/0_external_models/R&D GREET2025_Rev1/R&D GREET2_2025_Rev1.xlsm,3abed15be3442b25b66c7d991ce4ea89fd1fe534af930ae772e419241f0d976f,2be89abd169eba7180c0ca41102461682fc258a38ea143c5544bfd051ed03384,2025,2020,argonne_rd_greet_2025_rev1,road_vehicle_cycle_emissions,ldv,SUV,Vehi_Sum,F263,A263,1.9) FCV: Conventional Material,fcev,conventional,CH4,18029.409008966304,g/vehicle-lifetime,vehicle_cycle_total_no_eol_credits
SUV,2,35,150,Class 6 PnD Trucks,1,5,False,inputs/0_external_models/R&D GREET2025_Rev1/R&D GREET1_2025_Rev1.xlsm,inputs/0_external_models/R&D GREET2025_Rev1/R&D GREET2_2025_Rev1.xlsm,3abed15be3442b25b66c7d991ce4ea89fd1fe534af930ae772e419241f0d976f,2be89abd169eba7180c0ca41102461682fc258a38ea143c5544bfd051ed03384,2025,2020,argonne_rd_greet_2025_rev1,road_vehicle_cycle_emissions,ldv,SUV,Vehi_Sum,F264,A264,1.9) FCV: Conventional Material,fcev,conventional,N2O,266.94689244128455,g/vehicle-lifetime,vehicle_cycle_total_no_eol_credits
SUV,2,35,150,Class 6 PnD Trucks,1,5,False,inputs/0_external_models/R&D GREET2025_Rev1/R&D GREET1_2025_Rev1.xlsm,inputs/0_external_models/R&D GREET2025_Rev1/R&D GREET2_2025_Rev1.xlsm,3abed15be3442b25b66c7d991ce4ea89fd1fe534af930ae772e419241f0d976f,2be89abd169eba7180c0ca41102461682fc258a38ea143c5544bfd051ed03384,2025,2020,argonne_rd_greet_2025_rev1,road_vehicle_cycle_emissions,ldv,SUV,Vehi_Sum,F292,A292,1.10) FCV: Lightweight Material,fcev,lightweight,CO2,9619710.765171122,g/vehicle-lifetime,vehicle_cycle_total_no_eol_credits
SUV,2,35,150,Class 6 PnD Trucks,1,5,False,inputs/0_external_models/R&D GREET2025_Rev1/R&D GREET1_2025_Rev1.xlsm,inputs/0_external_models/R&D GREET2025_Rev1/R&D GREET2_2025_Rev1.xlsm,3abed15be3442b25b66c7d991ce4ea89fd1fe534af930ae772e419241f0d976f,2be89abd169eba7180c0ca41102461682fc258a38ea143c5544bfd051ed03384,2025,2020,argonne_rd_greet_2025_rev1,road_vehicle_cycle_emissions,ldv,SUV,Vehi_Sum,F294,A294,1.10) FCV: Lightweight Material,fcev,lightweight,CH4,24384.44598162074,g/vehicle-lifetime,vehicle_cycle_total_no_eol_credits
SUV,2,35,150,Class 6 PnD Trucks,1,5,False,inputs/0_external_models/R&D GREET2025_Rev1/R&D GREET1_2025_Rev1.xlsm,inputs/0_external_models/R&D GREET2025_Rev1/R&D GREET2_2025_Rev1.xlsm,3abed15be3442b25b66c7d991ce4ea89fd1fe534af930ae772e419241f0d976f,2be89abd169eba7180c0ca41102461682fc258a38ea143c5544bfd051ed03384,2025,2020,argonne_rd_greet_2025_rev1,road_vehicle_cycle_emissions,ldv,SUV,Vehi_Sum,F295,A295,1.10) FCV: Lightweight Material,fcev,lightweight,N2O,347.9370277654682,g/vehicle-lifetime,vehicle_cycle_total_no_eol_credits
SUV,2,35,150,Class 6 PnD Trucks,1,5,False,inputs/0_external_models/R&D GREET2025_Rev1/R&D GREET1_2025_Rev1.xlsm,inputs/0_external_models/R&D GREET2025_Rev1/R&D GREET2_2025_Rev1.xlsm,3abed15be3442b25b66c7d991ce4ea89fd1fe534af930ae772e419241f0d976f,2be89abd169eba7180c0ca41102461682fc258a38ea143c5544bfd051ed03384,2025,2020,argonne_rd_greet_2025_rev1,road_vehicle_cycle_emissions,mhdv,Class 6 PnD Trucks,MHDV_Sum,G13,A13,1.1) ICEV,icev,none,CO2,17814591.789810307,g/vehicle-lifetime,vehicle_cycle_total_no_eol_credits
SUV,2,35,150,Class 6 PnD Trucks,1,5,False,inputs/0_external_models/R&D GREET2025_Rev1/R&D GREET1_2025_Rev1.xlsm,inputs/0_external_models/R&D GREET2025_Rev1/R&D GREET2_2025_Rev1.xlsm,3abed15be3442b25b66c7d991ce4ea89fd1fe534af930ae772e419241f0d976f,2be89abd169eba7180c0ca41102461682fc258a38ea143c5544bfd051ed03384,2025,2020,argonne_rd_greet_2025_rev1,road_vehicle_cycle_emissions,mhdv,Class 6 PnD Trucks,MHDV_Sum,G15,A15,1.1) ICEV,icev,none,CH4,33984.61026012566,g/vehicle-lifetime,vehicle_cycle_total_no_eol_credits
SUV,2,35,150,Class 6 PnD Trucks,1,5,False,inputs/0_external_models/R&D GREET2025_Rev1/R&D GREET1_2025_Rev1.xlsm,inputs/0_external_models/R&D GREET2025_Rev1/R&D GREET2_2025_Rev1.xlsm,3abed15be3442b25b66c7d991ce4ea89fd1fe534af930ae772e419241f0d976f,2be89abd169eba7180c0ca41102461682fc258a38ea143c5544bfd051ed03384,2025,2020,argonne_rd_greet_2025_rev1,road_vehicle_cycle_emissions,mhdv,Class 6 PnD Trucks,MHDV_Sum,G16,A16,1.1) ICEV,icev,none,N2O,336.9746755969985,g/vehicle-lifetime,vehicle_cycle_total_no_eol_credits
SUV,2,35,150,Class 6 PnD Trucks,1,5,False,inputs/0_external_models/R&D GREET2025_Rev1/R&D GREET1_2025_Rev1.xlsm,inputs/0_external_models/R&D GREET2025_Rev1/R&D GREET2_2025_Rev1.xlsm,3abed15be3442b25b66c7d991ce4ea89fd1fe534af930ae772e419241f0d976f,2be89abd169eba7180c0ca41102461682fc258a38ea143c5544bfd051ed03384,2025,2020,argonne_rd_greet_2025_rev1,road_vehicle_cycle_emissions,mhdv,Class 6 PnD Trucks,MHDV_Sum,G44,A44,1.2) HEV,hev,none,CO2,18333102.181475896,g/vehicle-lifetime,vehicle_cycle_total_no_eol_credits
SUV,2,35,150,Class 6 PnD Trucks,1,5,False,inputs/0_external_models/R&D GREET2025_Rev1/R&D GREET1_2025_Rev1.xlsm,inputs/0_external_models/R&D GREET2025_Rev1/R&D GREET2_2025_Rev1.xlsm,3abed15be3442b25b66c7d991ce4ea89fd1fe534af930ae772e419241f0d976f,2be89abd169eba7180c0ca41102461682fc258a38ea143c5544bfd051ed03384,2025,2020,argonne_rd_greet_2025_rev1,road_vehicle_cycle_emissions,mhdv,Class 6 PnD Trucks,MHDV_Sum,G46,A46,1.2) HEV,hev,none,CH4,34987.40289923422,g/vehicle-lifetime,vehicle_cycle_total_no_eol_credits
SUV,2,35,150,Class 6 PnD Trucks,1,5,False,inputs/0_external_models/R&D GREET2025_Rev1/R&D GREET1_2025_Rev1.xlsm,inputs/0_external_models/R&D GREET2025_Rev1/R&D GREET2_2025_Rev1.xlsm,3abed15be3442b25b66c7d991ce4ea89fd1fe534af930ae772e419241f0d976f,2be89abd169eba7180c0ca41102461682fc258a38ea143c5544bfd051ed03384,2025,2020,argonne_rd_greet_2025_rev1,road_vehicle_cycle_emissions,mhdv,Class 6 PnD Trucks,MHDV_Sum,G47,A47,1.2) HEV,hev,none,N2O,367.90150824555917,g/vehicle-lifetime,vehicle_cycle_total_no_eol_credits
SUV,2,35,150,Class 6 PnD Trucks,1,5,False,inputs/0_external_models/R&D GREET2025_Rev1/R&D GREET1_2025_Rev1.xlsm,inputs/0_external_models/R&D GREET2025_Rev1/R&D GREET2_2025_Rev1.xlsm,3abed15be3442b25b66c7d991ce4ea89fd1fe534af930ae772e419241f0d976f,2be89abd169eba7180c0ca41102461682fc258a38ea143c5544bfd051ed03384,2025,2020,argonne_rd_greet_2025_rev1,road_vehicle_cycle_emissions,mhdv,Class 6 PnD Trucks,MHDV_Sum,G75,A75,1.3) EV,bev,none,CO2,29416143.833984002,g/vehicle-lifetime,vehicle_cycle_total_no_eol_credits
SUV,2,35,150,Class 6 PnD Trucks,1,5,False,inputs/0_external_models/R&D GREET2025_Rev1/R&D GREET1_2025_Rev1.xlsm,inputs/0_external_models/R&D GREET2025_Rev1/R&D GREET2_2025_Rev1.xlsm,3abed15be3442b25b66c7d991ce4ea89fd1fe534af930ae772e419241f0d976f,2be89abd169eba7180c0ca41102461682fc258a38ea143c5544bfd051ed03384,2025,2020,argonne_rd_greet_2025_rev1,road_vehicle_cycle_emissions,mhdv,Class 6 PnD Trucks,MHDV_Sum,G77,A77,1.3) EV,bev,none,CH4,55954.54371452834,g/vehicle-lifetime,vehicle_cycle_total_no_eol_credits
SUV,2,35,150,Class 6 PnD Trucks,1,5,False,inputs/0_external_models/R&D GREET2025_Rev1/R&D GREET1_2025_Rev1.xlsm,inputs/0_external_models/R&D GREET2025_Rev1/R&D GREET2_2025_Rev1.xlsm,3abed15be3442b25b66c7d991ce4ea89fd1fe534af930ae772e419241f0d976f,2be89abd169eba7180c0ca41102461682fc258a38ea143c5544bfd051ed03384,2025,2020,argonne_rd_greet_2025_rev1,road_vehicle_cycle_emissions,mhdv,Class 6 PnD Trucks,MHDV_Sum,G78,A78,1.3) EV,bev,none,N2O,702.6596442728859,g/vehicle-lifetime,vehicle_cycle_total_no_eol_credits
SUV,2,35,150,Class 6 PnD Trucks,1,5,False,inputs/0_external_models/R&D GREET2025_Rev1/R&D GREET1_2025_Rev1.xlsm,inputs/0_external_models/R&D GREET2025_Rev1/R&D GREET2_2025_Rev1.xlsm,3abed15be3442b25b66c7d991ce4ea89fd1fe534af930ae772e419241f0d976f,2be89abd169eba7180c0ca41102461682fc258a38ea143c5544bfd051ed03384,2025,2020,argonne_rd_greet_2025_rev1,road_vehicle_cycle_emissions,mhdv,Class 6 PnD Trucks,MHDV_Sum,G106,A106,1.4) FCV,fcev,none,CO2,22456533.43579129,g/vehicle-lifetime,vehicle_cycle_total_no_eol_credits
SUV,2,35,150,Class 6 PnD Trucks,1,5,False,inputs/0_external_models/R&D GREET2025_Rev1/R&D GREET1_2025_Rev1.xlsm,inputs/0_external_models/R&D GREET2025_Rev1/R&D GREET2_2025_Rev1.xlsm,3abed15be3442b25b66c7d991ce4ea89fd1fe534af930ae772e419241f0d976f,2be89abd169eba7180c0ca41102461682fc258a38ea143c5544bfd051ed03384,2025,2020,argonne_rd_greet_2025_rev1,road_vehicle_cycle_emissions,mhdv,Class 6 PnD Trucks,MHDV_Sum,G108,A108,1.4) FCV,fcev,none,CH4,46226.268830381465,g/vehicle-lifetime,vehicle_cycle_total_no_eol_credits
SUV,2,35,150,Class 6 PnD Trucks,1,5,False,inputs/0_external_models/R&D GREET2025_Rev1/R&D GREET1_2025_Rev1.xlsm,inputs/0_external_models/R&D GREET2025_Rev1/R&D GREET2_2025_Rev1.xlsm,3abed15be3442b25b66c7d991ce4ea89fd1fe534af930ae772e419241f0d976f,2be89abd169eba7180c0ca41102461682fc258a38ea143c5544bfd051ed03384,2025,2020,argonne_rd_greet_2025_rev1,road_vehicle_cycle_emissions,mhdv,Class 6 PnD Trucks,MHDV_Sum,G109,A109,1.4) FCV,fcev,none,N2O,498.7322965018775,g/vehicle-lifetime,vehicle_cycle_total_no_eol_credits
SUV,2,50,200,Class 6 PnD Trucks,1,6,False,inputs/0_external_models/R&D GREET2025_Rev1/R&D GREET1_2025_Rev1.xlsm,inputs/0_external_models/R&D GREET2025_Rev1/R&D GREET2_2025_Rev1.xlsm,3abed15be3442b25b66c7d991ce4ea89fd1fe534af930ae772e419241f0d976f,2be89abd169eba7180c0ca41102461682fc258a38ea143c5544bfd051ed03384,2025,2020,argonne_rd_greet_2025_rev1,road_vehicle_cycle_emissions,ldv,SUV,Vehi_Sum,F13,A13,1.1) ICEV: Conventional Material,icev,conventional,CO2,6332983.137454158,g/vehicle-lifetime,vehicle_cycle_total_no_eol_credits
SUV,2,50,200,Class 6 PnD Trucks,1,6,False,inputs/0_external_models/R&D GREET2025_Rev1/R&D GREET1_2025_Rev1.xlsm,inputs/0_external_models/R&D GREET2025_Rev1/R&D GREET2_2025_Rev1.xlsm,3abed15be3442b25b66c7d991ce4ea89fd1fe534af930ae772e419241f0d976f,2be89abd169eba7180c0ca41102461682fc258a38ea143c5544bfd051ed03384,2025,2020,argonne_rd_greet_2025_rev1,road_vehicle_cycle_emissions,ldv,SUV,Vehi_Sum,F15,A15,1.1) ICEV: Conventional Material,icev,conventional,CH4,14394.59462971612,g/vehicle-lifetime,vehicle_cycle_total_no_eol_credits
SUV,2,50,200,Class 6 PnD Trucks,1,6,False,inputs/0_external_models/R&D GREET2025_Rev1/R&D GREET1_2025_Rev1.xlsm,inputs/0_external_models/R&D GREET2025_Rev1/R&D GREET2_2025_Rev1.xlsm,3abed15be3442b25b66c7d991ce4ea89fd1fe534af930ae772e419241f0d976f,2be89abd169eba7180c0ca41102461682fc258a38ea143c5544bfd051ed03384,2025,2020,argonne_rd_greet_2025_rev1,road_vehicle_cycle_emissions,ldv,SUV,Vehi_Sum,F16,A16,1.1) ICEV: Conventional Material,icev,conventional,N2O,186.5049448527784,g/vehicle-lifetime,vehicle_cycle_total_no_eol_credits
SUV,2,50,200,Class 6 PnD Trucks,1,6,False,inputs/0_external_models/R&D GREET2025_Rev1/R&D GREET1_2025_Rev1.xlsm,inputs/0_external_models/R&D GREET2025_Rev1/R&D GREET2_2025_Rev1.xlsm,3abed15be3442b25b66c7d991ce4ea89fd1fe534af930ae772e419241f0d976f,2be89abd169eba7180c0ca41102461682fc258a38ea143c5544bfd051ed03384,2025,2020,argonne_rd_greet_2025_rev1,road_vehicle_cycle_emissions,ldv,SUV,Vehi_Sum,F44,A44,1.2) ICEV: Lightweight Material,icev,lightweight,CO2,8212767.4161944,g/vehicle-lifetime,vehicle_cycle_total_no_eol_credits
SUV,2,50,200,Class 6 PnD Trucks,1,6,False,inputs/0_external_models/R&D GREET2025_Rev1/R&D GREET1_2025_Rev1.xlsm,inputs/0_external_models/R&D GREET2025_Rev1/R&D GREET2_2025_Rev1.xlsm,3abed15be3442b25b66c7d991ce4ea89fd1fe534af930ae772e419241f0d976f,2be89abd169eba7180c0ca41102461682fc258a38ea143c5544bfd051ed03384,2025,2020,argonne_rd_greet_2025_rev1,road_vehicle_cycle_emissions,ldv,SUV,Vehi_Sum,F46,A46,1.2) ICEV: Lightweight Material,icev,lightweight,CH4,20082.88161735281,g/vehicle-lifetime,vehicle_cycle_total_no_eol_credits
SUV,2,50,200,Class 6 PnD Trucks,1,6,False,inputs/0_external_models/R&D GREET2025_Rev1/R&D GREET1_2025_Rev1.xlsm,inputs/0_external_models/R&D GREET2025_Rev1/R&D GREET2_2025_Rev1.xlsm,3abed15be3442b25b66c7d991ce4ea89fd1fe534af930ae772e419241f0d976f,2be89abd169eba7180c0ca41102461682fc258a38ea143c5544bfd051ed03384,2025,2020,argonne_rd_greet_2025_rev1,road_vehicle_cycle_emissions,ldv,SUV,Vehi_Sum,F47,A47,1.2) ICEV: Lightweight Material,icev,lightweight,N2O,244.64823562621734,g/vehicle-lifetime,vehicle_cycle_total_no_eol_credits
SUV,2,50,200,Class 6 PnD Trucks,1,6,False,inputs/0_external_models/R&D GREET2025_Rev1/R&D GREET1_2025_Rev1.xlsm,inputs/0_external_models/R&D GREET2025_Rev1/R&D GREET2_2025_Rev1.xlsm,3abed15be3442b25b66c7d991ce4ea89fd1fe534af930ae772e419241f0d976f,2be89abd169eba7180c0ca41102461682fc258a38ea143c5544bfd051ed03384,2025,2020,argonne_rd_greet_2025_rev1,road_vehicle_cycle_emissions,ldv,SUV,Vehi_Sum,F75,A75,1.3) HEV: Conventional Material,hev,conventional,CO2,6746556.176368394,g/vehicle-lifetime,vehicle_cycle_total_no_eol_credits
SUV,2,50,200,Class 6 PnD Trucks,1,6,False,inputs/0_external_models/R&D GREET2025_Rev1/R&D GREET1_2025_Rev1.xlsm,inputs/0_external_models/R&D GREET2025_Rev1/R&D GREET2_2025_Rev1.xlsm,3abed15be3442b25b66c7d991ce4ea89fd1fe534af930ae772e419241f0d976f,2be89abd169eba7180c0ca41102461682fc258a38ea143c5544bfd051ed03384,2025,2020,argonne_rd_greet_2025_rev1,road_vehicle_cycle_emissions,ldv,SUV,Vehi_Sum,F77,A77,1.3) HEV: Conventional Material,hev,conventional,CH4,15220.619886507924,g/vehicle-lifetime,vehicle_cycle_total_no_eol_credits
SUV,2,50,200,Class 6 PnD Trucks,1,6,False,inputs/0_external_models/R&D GREET2025_Rev1/R&D GREET1_2025_Rev1.xlsm,inputs/0_external_models/R&D GREET2025_Rev1/R&D GREET2_2025_Rev1.xlsm,3abed15be3442b25b66c7d991ce4ea89fd1fe534af930ae772e419241f0d976f,2be89abd169eba7180c0ca41102461682fc258a38ea143c5544bfd051ed03384,2025,2020,argonne_rd_greet_2025_rev1,road_vehicle_cycle_emissions,ldv,SUV,Vehi_Sum,F78,A78,1.3) HEV: Conventional Material,hev,conventional,N2O,256.7929794887776,g/vehicle-lifetime,vehicle_cycle_total_no_eol_credits
SUV,2,50,200,Class 6 PnD Trucks,1,6,False,inputs/0_external_models/R&D GREET2025_Rev1/R&D GREET1_2025_Rev1.xlsm,inputs/0_external_models/R&D GREET2025_Rev1/R&D GREET2_2025_Rev1.xlsm,3abed15be3442b25b66c7d991ce4ea89fd1fe534af930ae772e419241f0d976f,2be89abd169eba7180c0ca41102461682fc258a38ea143c5544bfd051ed03384,2025,2020,argonne_rd_greet_2025_rev1,road_vehicle_cycle_emissions,ldv,SUV,Vehi_Sum,F106,A106,1.4) HEV: Lightweight Material,hev,lightweight,CO2,8569583.004411096,g/vehicle-lifetime,vehicle_cycle_total_no_eol_credits
SUV,2,50,200,Class 6 PnD Trucks,1,6,False,inputs/0_external_models/R&D GREET2025_Rev1/R&D GREET1_2025_Rev1.xlsm,inputs/0_external_models/R&D GREET2025_Rev1/R&D GREET2_2025_Rev1.xlsm,3abed15be3442b25b66c7d991ce4ea89fd1fe534af930ae772e419241f0d976f,2be89abd169eba7180c0ca41102461682fc258a38ea143c5544bfd051ed03384,2025,2020,argonne_rd_greet_2025_rev1,road_vehicle_cycle_emissions,ldv,SUV,Vehi_Sum,F108,A108,1.4) HEV: Lightweight Material,hev,lightweight,CH4,20573.917972039057,g/vehicle-lifetime,vehicle_cycle_total_no_eol_credits
SUV,2,50,200,Class 6 PnD Trucks,1,6,False,inputs/0_external_models/R&D GREET2025_Rev1/R&D GREET1_2025_Rev1.xlsm,inputs/0_external_models/R&D GREET2025_Rev1/R&D GREET2_2025_Rev1.xlsm,3abed15be3442b25b66c7d991ce4ea89fd1fe534af930ae772e419241f0d976f,2be89abd169eba7180c0ca41102461682fc258a38ea143c5544bfd051ed03384,2025,2020,argonne_rd_greet_2025_rev1,road_vehicle_cycle_emissions,ldv,SUV,Vehi_Sum,F109,A109,1.4) HEV: Lightweight Material,hev,lightweight,N2O,311.58442078249846,g/vehicle-lifetime,vehicle_cycle_total_no_eol_credits
SUV,2,50,200,Class 6 PnD Trucks,1,6,False,inputs/0_external_models/R&D GREET2025_Rev1/R&D GREET1_2025_Rev1.xlsm,inputs/0_external_models/R&D GREET2025_Rev1/R&D GREET2_2025_Rev1.xlsm,3abed15be3442b25b66c7d991ce4ea89fd1fe534af930ae772e419241f0d976f,2be89abd169eba7180c0ca41102461682fc258a38ea143c5544bfd051ed03384,2025,2020,argonne_rd_greet_2025_rev1,road_vehicle_cycle_emissions,ldv,SUV,Vehi_Sum,F137,A137,1.5) PHEV: Conventional Material,phev,conventional,CO2,7802778.683912489,g/vehicle-lifetime,vehicle_cycle_total_no_eol_credits
SUV,2,50,200,Class 6 PnD Trucks,1,6,False,inputs/0_external_models/R&D GREET2025_Rev1/R&D GREET1_2025_Rev1.xlsm,inputs/0_external_models/R&D GREET2025_Rev1/R&D GREET2_2025_Rev1.xlsm,3abed15be3442b25b66c7d991ce4ea89fd1fe534af930ae772e419241f0d976f,2be89abd169eba7180c0ca41102461682fc258a38ea143c5544bfd051ed03384,2025,2020,argonne_rd_greet_2025_rev1,road_vehicle_cycle_emissions,ldv,SUV,Vehi_Sum,F139,A139,1.5) PHEV: Conventional Material,phev,conventional,CH4,17174.196610769548,g/vehicle-lifetime,vehicle_cycle_total_no_eol_credits
SUV,2,50,200,Class 6 PnD Trucks,1,6,False,inputs/0_external_models/R&D GREET2025_Rev1/R&D GREET1_2025_Rev1.xlsm,inputs/0_external_models/R&D GREET2025_Rev1/R&D GREET2_2025_Rev1.xlsm,3abed15be3442b25b66c7d991ce4ea89fd1fe534af930ae772e419241f0d976f,2be89abd169eba7180c0ca41102461682fc258a38ea143c5544bfd051ed03384,2025,2020,argonne_rd_greet_2025_rev1,road_vehicle_cycle_emissions,ldv,SUV,Vehi_Sum,F140,A140,1.5) PHEV: Conventional Material,phev,conventional,N2O,253.33289352819952,g/vehicle-lifetime,vehicle_cycle_total_no_eol_credits
SUV,2,50,200,Class 6 PnD Trucks,1,6,False,inputs/0_external_models/R&D GREET2025_Rev1/R&D GREET1_2025_Rev1.xlsm,inputs/0_external_models/R&D GREET2025_Rev1/R&D GREET2_2025_Rev1.xlsm,3abed15be3442b25b66c7d991ce4ea89fd1fe534af930ae772e419241f0d976f,2be89abd169eba7180c0ca41102461682fc258a38ea143c5544bfd051ed03384,2025,2020,argonne_rd_greet_2025_rev1,road_vehicle_cycle_emissions,ldv,SUV,Vehi_Sum,F168,A168,1.6) PHEV: Lightweight Material,phev,lightweight,CO2,8764040.741445888,g/vehicle-lifetime,vehicle_cycle_total_no_eol_credits
SUV,2,50,200,Class 6 PnD Trucks,1,6,False,inputs/0_external_models/R&D GREET2025_Rev1/R&D GREET1_2025_Rev1.xlsm,inputs/0_external_models/R&D GREET2025_Rev1/R&D GREET2_2025_Rev1.xlsm,3abed15be3442b25b66c7d991ce4ea89fd1fe534af930ae772e419241f0d976f,2be89abd169eba7180c0ca41102461682fc258a38ea143c5544bfd051ed03384,2025,2020,argonne_rd_greet_2025_rev1,road_vehicle_cycle_emissions,ldv,SUV,Vehi_Sum,F170,A170,1.6) PHEV: Lightweight Material,phev,lightweight,CH4,19712.570670290395,g/vehicle-lifetime,vehicle_cycle_total_no_eol_credits
SUV,2,50,200,Class 6 PnD Trucks,1,6,False,inputs/0_external_models/R&D GREET2025_Rev1/R&D GREET1_2025_Rev1.xlsm,inputs/0_external_models/R&D GREET2025_Rev1/R&D GREET2_2025_Rev1.xlsm,3abed15be3442b25b66c7d991ce4ea89fd1fe534af930ae772e419241f0d976f,2be89abd169eba7180c0ca41102461682fc258a38ea143c5544bfd051ed03384,2025,2020,argonne_rd_greet_2025_rev1,road_vehicle_cycle_emissions,ldv,SUV,Vehi_Sum,F171,A171,1.6) PHEV: Lightweight Material,phev,lightweight,N2O,274.35207369760997,g/vehicle-lifetime,vehicle_cycle_total_no_eol_credits
SUV,2,50,200,Class 6 PnD Trucks,1,6,False,inputs/0_external_models/R&D GREET2025_Rev1/R&D GREET1_2025_Rev1.xlsm,inputs/0_external_models/R&D GREET2025_Rev1/R&D GREET2_2025_Rev1.xlsm,3abed15be3442b25b66c7d991ce4ea89fd1fe534af930ae772e419241f0d976f,2be89abd169eba7180c0ca41102461682fc258a38ea143c5544bfd051ed03384,2025,2020,argonne_rd_greet_2025_rev1,road_vehicle_cycle_emissions,ldv,SUV,Vehi_Sum,F199,A199,1.7) EV: Conventional Material,bev,conventional,CO2,8941316.921255318,g/vehicle-lifetime,vehicle_cycle_total_no_eol_credits
SUV,2,50,200,Class 6 PnD Trucks,1,6,False,inputs/0_external_models/R&D GREET2025_Rev1/R&D GREET1_2025_Rev1.xlsm,inputs/0_external_models/R&D GREET2025_Rev1/R&D GREET2_2025_Rev1.xlsm,3abed15be3442b25b66c7d991ce4ea89fd1fe534af930ae772e419241f0d976f,2be89abd169eba7180c0ca41102461682fc258a38ea143c5544bfd051ed03384,2025,2020,argonne_rd_greet_2025_rev1,road_vehicle_cycle_emissions,ldv,SUV,Vehi_Sum,F201,A201,1.7) EV: Conventional Material,bev,conventional,CH4,19653.745933014623,g/vehicle-lifetime,vehicle_cycle_total_no_eol_credits
SUV,2,50,200,Class 6 PnD Trucks,1,6,False,inputs/0_external_models/R&D GREET2025_Rev1/R&D GREET1_2025_Rev1.xlsm,inputs/0_external_models/R&D GREET2025_Rev1/R&D GREET2_2025_Rev1.xlsm,3abed15be3442b25b66c7d991ce4ea89fd1fe534af930ae772e419241f0d976f,2be89abd169eba7180c0ca41102461682fc258a38ea143c5544bfd051ed03384,2025,2020,argonne_rd_greet_2025_rev1,road_vehicle_cycle_emissions,ldv,SUV,Vehi_Sum,F202,A202,1.7) EV: Conventional Material,bev,conventional,N2O,282.7980090228853,g/vehicle-lifetime,vehicle_cycle_total_no_eol_credits
SUV,2,50,200,Class 6 PnD Trucks,1,6,False,inputs/0_external_models/R&D GREET2025_Rev1/R&D GREET1_2025_Rev1.xlsm,inputs/0_external_models/R&D GREET2025_Rev1/R&D GREET2_2025_Rev1.xlsm,3abed15be3442b25b66c7d991ce4ea89fd1fe534af930ae772e419241f0d976f,2be89abd169eba7180c0ca41102461682fc258a38ea143c5544bfd051ed03384,2025,2020,argonne_rd_greet_2025_rev1,road_vehicle_cycle_emissions,ldv,SUV,Vehi_Sum,F230,A230,1.8) EV: Lightweight Material,bev,lightweight,CO2,12586782.438001012,g/vehicle-lifetime,vehicle_cycle_total_no_eol_credits
SUV,2,50,200,Class 6 PnD Trucks,1,6,False,inputs/0_external_models/R&D GREET2025_Rev1/R&D GREET1_2025_Rev1.xlsm,inputs/0_external_models/R&D GREET2025_Rev1/R&D GREET2_2025_Rev1.xlsm,3abed15be3442b25b66c7d991ce4ea89fd1fe534af930ae772e419241f0d976f,2be89abd169eba7180c0ca41102461682fc258a38ea143c5544bfd051ed03384,2025,2020,argonne_rd_greet_2025_rev1,road_vehicle_cycle_emissions,ldv,SUV,Vehi_Sum,F232,A232,1.8) EV: Lightweight Material,bev,lightweight,CH4,28483.478859069943,g/vehicle-lifetime,vehicle_cycle_total_no_eol_credits
SUV,2,50,200,Class 6 PnD Trucks,1,6,False,inputs/0_external_models/R&D GREET2025_Rev1/R&D GREET1_2025_Rev1.xlsm,inputs/0_external_models/R&D GREET2025_Rev1/R&D GREET2_2025_Rev1.xlsm,3abed15be3442b25b66c7d991ce4ea89fd1fe534af930ae772e419241f0d976f,2be89abd169eba7180c0ca41102461682fc258a38ea143c5544bfd051ed03384,2025,2020,argonne_rd_greet_2025_rev1,road_vehicle_cycle_emissions,ldv,SUV,Vehi_Sum,F233,A233,1.8) EV: Lightweight Material,bev,lightweight,N2O,423.8202272568618,g/vehicle-lifetime,vehicle_cycle_total_no_eol_credits
SUV,2,50,200,Class 6 PnD Trucks,1,6,False,inputs/0_external_models/R&D GREET2025_Rev1/R&D GREET1_2025_Rev1.xlsm,inputs/0_external_models/R&D GREET2025_Rev1/R&D GREET2_2025_Rev1.xlsm,3abed15be3442b25b66c7d991ce4ea89fd1fe534af930ae772e419241f0d976f,2be89abd169eba7180c0ca41102461682fc258a38ea143c5544bfd051ed03384,2025,2020,argonne_rd_greet_2025_rev1,road_vehicle_cycle_emissions,ldv,SUV,Vehi_Sum,F261,A261,1.9) FCV: Conventional Material,fcev,conventional,CO2,7493673.905710698,g/vehicle-lifetime,vehicle_cycle_total_no_eol_credits
SUV,2,50,200,Class 6 PnD Trucks,1,6,False,inputs/0_external_models/R&D GREET2025_Rev1/R&D GREET1_2025_Rev1.xlsm,inputs/0_external_models/R&D GREET2025_Rev1/R&D GREET2_2025_Rev1.xlsm,3abed15be3442b25b66c7d991ce4ea89fd1fe534af930ae772e419241f0d976f,2be89abd169eba7180c0ca41102461682fc258a38ea143c5544bfd051ed03384,2025,2020,argonne_rd_greet_2025_rev1,road_vehicle_cycle_emissions,ldv,SUV,Vehi_Sum,F263,A263,1.9) FCV: Conventional Material,fcev,conventional,CH4,18029.409008966304,g/vehicle-lifetime,vehicle_cycle_total_no_eol_credits
SUV,2,50,200,Class 6 PnD Trucks,1,6,False,inputs/0_external_models/R&D GREET2025_Rev1/R&D GREET1_2025_Rev1.xlsm,inputs/0_external_models/R&D GREET2025_Rev1/R&D GREET2_2025_Rev1.xlsm,3abed15be3442b25b66c7d991ce4ea89fd1fe534af930ae772e419241f0d976f,2be89abd169eba7180c0ca41102461682fc258a38ea143c5544bfd051ed03384,2025,2020,argonne_rd_greet_2025_rev1,road_vehicle_cycle_emissions,ldv,SUV,Vehi_Sum,F264,A264,1.9) FCV: Conventional Material,fcev,conventional,N2O,266.94689244128455,g/vehicle-lifetime,vehicle_cycle_total_no_eol_credits
SUV,2,50,200,Class 6 PnD Trucks,1,6,False,inputs/0_external_models/R&D GREET2025_Rev1/R&D GREET1_2025_Rev1.xlsm,inputs/0_external_models/R&D GREET2025_Rev1/R&D GREET2_2025_Rev1.xlsm,3abed15be3442b25b66c7d991ce4ea89fd1fe534af930ae772e419241f0d976f,2be89abd169eba7180c0ca41102461682fc258a38ea143c5544bfd051ed03384,2025,2020,argonne_rd_greet_2025_rev1,road_vehicle_cycle_emissions,ldv,SUV,Vehi_Sum,F292,A292,1.10) FCV: Lightweight Material,fcev,lightweight,CO2,9619710.765171122,g/vehicle-lifetime,vehicle_cycle_total_no_eol_credits
SUV,2,50,200,Class 6 PnD Trucks,1,6,False,inputs/0_external_models/R&D GREET2025_Rev1/R&D GREET1_2025_Rev1.xlsm,inputs/0_external_models/R&D GREET2025_Rev1/R&D GREET2_2025_Rev1.xlsm,3abed15be3442b25b66c7d991ce4ea89fd1fe534af930ae772e419241f0d976f,2be89abd169eba7180c0ca41102461682fc258a38ea143c5544bfd051ed03384,2025,2020,argonne_rd_greet_2025_rev1,road_vehicle_cycle_emissions,ldv,SUV,Vehi_Sum,F294,A294,1.10) FCV: Lightweight Material,fcev,lightweight,CH4,24384.44598162074,g/vehicle-lifetime,vehicle_cycle_total_no_eol_credits
SUV,2,50,200,Class 6 PnD Trucks,1,6,False,inputs/0_external_models/R&D GREET2025_Rev1/R&D GREET1_2025_Rev1.xlsm,inputs/0_external_models/R&D GREET2025_Rev1/R&D GREET2_2025_Rev1.xlsm,3abed15be3442b25b66c7d991ce4ea89fd1fe534af930ae772e419241f0d976f,2be89abd169eba7180c0ca41102461682fc258a38ea143c5544bfd051ed03384,2025,2020,argonne_rd_greet_2025_rev1,road_vehicle_cycle_emissions,ldv,SUV,Vehi_Sum,F295,A295,1.10) FCV: Lightweight Material,fcev,lightweight,N2O,347.9370277654682,g/vehicle-lifetime,vehicle_cycle_total_no_eol_credits
SUV,2,50,200,Class 6 PnD Trucks,1,6,False,inputs/0_external_models/R&D GREET2025_Rev1/R&D GREET1_2025_Rev1.xlsm,inputs/0_external_models/R&D GREET2025_Rev1/R&D GREET2_2025_Rev1.xlsm,3abed15be3442b25b66c7d991ce4ea89fd1fe534af930ae772e419241f0d976f,2be89abd169eba7180c0ca41102461682fc258a38ea143c5544bfd051ed03384,2025,2020,argonne_rd_greet_2025_rev1,road_vehicle_cycle_emissions,mhdv,Class 6 PnD Trucks,MHDV_Sum,G13,A13,1.1) ICEV,icev,none,CO2,17814591.789810307,g/vehicle-lifetime,vehicle_cycle_total_no_eol_credits
SUV,2,50,200,Class 6 PnD Trucks,1,6,False,inputs/0_external_models/R&D GREET2025_Rev1/R&D GREET1_2025_Rev1.xlsm,inputs/0_external_models/R&D GREET2025_Rev1/R&D GREET2_2025_Rev1.xlsm,3abed15be3442b25b66c7d991ce4ea89fd1fe534af930ae772e419241f0d976f,2be89abd169eba7180c0ca41102461682fc258a38ea143c5544bfd051ed03384,2025,2020,argonne_rd_greet_2025_rev1,road_vehicle_cycle_emissions,mhdv,Class 6 PnD Trucks,MHDV_Sum,G15,A15,1.1) ICEV,icev,none,CH4,33984.61026012566,g/vehicle-lifetime,vehicle_cycle_total_no_eol_credits
SUV,2,50,200,Class 6 PnD Trucks,1,6,False,inputs/0_external_models/R&D GREET2025_Rev1/R&D GREET1_2025_Rev1.xlsm,inputs/0_external_models/R&D GREET2025_Rev1/R&D GREET2_2025_Rev1.xlsm,3abed15be3442b25b66c7d991ce4ea89fd1fe534af930ae772e419241f0d976f,2be89abd169eba7180c0ca41102461682fc258a38ea143c5544bfd051ed03384,2025,2020,argonne_rd_greet_2025_rev1,road_vehicle_cycle_emissions,mhdv,Class 6 PnD Trucks,MHDV_Sum,G16,A16,1.1) ICEV,icev,none,N2O,336.9746755969985,g/vehicle-lifetime,vehicle_cycle_total_no_eol_credits
SUV,2,50,200,Class 6 PnD Trucks,1,6,False,inputs/0_external_models/R&D GREET2025_Rev1/R&D GREET1_2025_Rev1.xlsm,inputs/0_external_models/R&D GREET2025_Rev1/R&D GREET2_2025_Rev1.xlsm,3abed15be3442b25b66c7d991ce4ea89fd1fe534af930ae772e419241f0d976f,2be89abd169eba7180c0ca41102461682fc258a38ea143c5544bfd051ed03384,2025,2020,argonne_rd_greet_2025_rev1,road_vehicle_cycle_emissions,mhdv,Class 6 PnD Trucks,MHDV_Sum,G44,A44,1.2) HEV,hev,none,CO2,18333102.181475896,g/vehicle-lifetime,vehicle_cycle_total_no_eol_credits
SUV,2,50,200,Class 6 PnD Trucks,1,6,False,inputs/0_external_models/R&D GREET2025_Rev1/R&D GREET1_2025_Rev1.xlsm,inputs/0_external_models/R&D GREET2025_Rev1/R&D GREET2_2025_Rev1.xlsm,3abed15be3442b25b66c7d991ce4ea89fd1fe534af930ae772e419241f0d976f,2be89abd169eba7180c0ca41102461682fc258a38ea143c5544bfd051ed03384,2025,2020,argonne_rd_greet_2025_rev1,road_vehicle_cycle_emissions,mhdv,Class 6 PnD Trucks,MHDV_Sum,G46,A46,1.2) HEV,hev,none,CH4,34987.40289923422,g/vehicle-lifetime,vehicle_cycle_total_no_eol_credits
SUV,2,50,200,Class 6 PnD Trucks,1,6,False,inputs/0_external_models/R&D GREET2025_Rev1/R&D GREET1_2025_Rev1.xlsm,inputs/0_external_models/R&D GREET2025_Rev1/R&D GREET2_2025_Rev1.xlsm,3abed15be3442b25b66c7d991ce4ea89fd1fe534af930ae772e419241f0d976f,2be89abd169eba7180c0ca41102461682fc258a38ea143c5544bfd051ed03384,2025,2020,argonne_rd_greet_2025_rev1,road_vehicle_cycle_emissions,mhdv,Class 6 PnD Trucks,MHDV_Sum,G47,A47,1.2) HEV,hev,none,N2O,367.90150824555917,g/vehicle-lifetime,vehicle_cycle_total_no_eol_credits
SUV,2,50,200,Class 6 PnD Trucks,1,6,False,inputs/0_external_models/R&D GREET2025_Rev1/R&D GREET1_2025_Rev1.xlsm,inputs/0_external_models/R&D GREET2025_Rev1/R&D GREET2_2025_Rev1.xlsm,3abed15be3442b25b66c7d991ce4ea89fd1fe534af930ae772e419241f0d976f,2be89abd169eba7180c0ca41102461682fc258a38ea143c5544bfd051ed03384,2025,2020,argonne_rd_greet_2025_rev1,road_vehicle_cycle_emissions,mhdv,Class 6 PnD Trucks,MHDV_Sum,G75,A75,1.3) EV,bev,none,CO2,29416143.833984002,g/vehicle-lifetime,vehicle_cycle_total_no_eol_credits
SUV,2,50,200,Class 6 PnD Trucks,1,6,False,inputs/0_external_models/R&D GREET2025_Rev1/R&D GREET1_2025_Rev1.xlsm,inputs/0_external_models/R&D GREET2025_Rev1/R&D GREET2_2025_Rev1.xlsm,3abed15be3442b25b66c7d991ce4ea89fd1fe534af930ae772e419241f0d976f,2be89abd169eba7180c0ca41102461682fc258a38ea143c5544bfd051ed03384,2025,2020,argonne_rd_greet_2025_rev1,road_vehicle_cycle_emissions,mhdv,Class 6 PnD Trucks,MHDV_Sum,G77,A77,1.3) EV,bev,none,CH4,55954.54371452834,g/vehicle-lifetime,vehicle_cycle_total_no_eol_credits
SUV,2,50,200,Class 6 PnD Trucks,1,6,False,inputs/0_external_models/R&D GREET2025_Rev1/R&D GREET1_2025_Rev1.xlsm,inputs/0_external_models/R&D GREET2025_Rev1/R&D GREET2_2025_Rev1.xlsm,3abed15be3442b25b66c7d991ce4ea89fd1fe534af930ae772e419241f0d976f,2be89abd169eba7180c0ca41102461682fc258a38ea143c5544bfd051ed03384,2025,2020,argonne_rd_greet_2025_rev1,road_vehicle_cycle_emissions,mhdv,Class 6 PnD Trucks,MHDV_Sum,G78,A78,1.3) EV,bev,none,N2O,702.6596442728859,g/vehicle-lifetime,vehicle_cycle_total_no_eol_credits
SUV,2,50,200,Class 6 PnD Trucks,1,6,False,inputs/0_external_models/R&D GREET2025_Rev1/R&D GREET1_2025_Rev1.xlsm,inputs/0_external_models/R&D GREET2025_Rev1/R&D GREET2_2025_Rev1.xlsm,3abed15be3442b25b66c7d991ce4ea89fd1fe534af930ae772e419241f0d976f,2be89abd169eba7180c0ca41102461682fc258a38ea143c5544bfd051ed03384,2025,2020,argonne_rd_greet_2025_rev1,road_vehicle_cycle_emissions,mhdv,Class 6 PnD Trucks,MHDV_Sum,G106,A106,1.4) FCV,fcev,none,CO2,22456533.43579129,g/vehicle-lifetime,vehicle_cycle_total_no_eol_credits
SUV,2,50,200,Class 6 PnD Trucks,1,6,False,inputs/0_external_models/R&D GREET2025_Rev1/R&D GREET1_2025_Rev1.xlsm,inputs/0_external_models/R&D GREET2025_Rev1/R&D GREET2_2025_Rev1.xlsm,3abed15be3442b25b66c7d991ce4ea89fd1fe534af930ae772e419241f0d976f,2be89abd169eba7180c0ca41102461682fc258a38ea143c5544bfd051ed03384,2025,2020,argonne_rd_greet_2025_rev1,road_vehicle_cycle_emissions,mhdv,Class 6 PnD Trucks,MHDV_Sum,G108,A108,1.4) FCV,fcev,none,CH4,46226.268830381465,g/vehicle-lifetime,vehicle_cycle_total_no_eol_credits
SUV,2,50,200,Class 6 PnD Trucks,1,6,False,inputs/0_external_models/R&D GREET2025_Rev1/R&D GREET1_2025_Rev1.xlsm,inputs/0_external_models/R&D GREET2025_Rev1/R&D GREET2_2025_Rev1.xlsm,3abed15be3442b25b66c7d991ce4ea89fd1fe534af930ae772e419241f0d976f,2be89abd169eba7180c0ca41102461682fc258a38ea143c5544bfd051ed03384,2025,2020,argonne_rd_greet_2025_rev1,road_vehicle_cycle_emissions,mhdv,Class 6 PnD Trucks,MHDV_Sum,G109,A109,1.4) FCV,fcev,none,N2O,498.7322965018775,g/vehicle-lifetime,vehicle_cycle_total_no_eol_credits
SUV,2,35,300,Class 6 PnD Trucks,1,7,False,inputs/0_external_models/R&D GREET2025_Rev1/R&D GREET1_2025_Rev1.xlsm,inputs/0_external_models/R&D GREET2025_Rev1/R&D GREET2_2025_Rev1.xlsm,3abed15be3442b25b66c7d991ce4ea89fd1fe534af930ae772e419241f0d976f,2be89abd169eba7180c0ca41102461682fc258a38ea143c5544bfd051ed03384,2025,2020,argonne_rd_greet_2025_rev1,road_vehicle_cycle_emissions,ldv,SUV,Vehi_Sum,F13,A13,1.1) ICEV: Conventional Material,icev,conventional,CO2,6332983.137454158,g/vehicle-lifetime,vehicle_cycle_total_no_eol_credits
SUV,2,35,300,Class 6 PnD Trucks,1,7,False,inputs/0_external_models/R&D GREET2025_Rev1/R&D GREET1_2025_Rev1.xlsm,inputs/0_external_models/R&D GREET2025_Rev1/R&D GREET2_2025_Rev1.xlsm,3abed15be3442b25b66c7d991ce4ea89fd1fe534af930ae772e419241f0d976f,2be89abd169eba7180c0ca41102461682fc258a38ea143c5544bfd051ed03384,2025,2020,argonne_rd_greet_2025_rev1,road_vehicle_cycle_emissions,ldv,SUV,Vehi_Sum,F15,A15,1.1) ICEV: Conventional Material,icev,conventional,CH4,14394.59462971612,g/vehicle-lifetime,vehicle_cycle_total_no_eol_credits
SUV,2,35,300,Class 6 PnD Trucks,1,7,False,inputs/0_external_models/R&D GREET2025_Rev1/R&D GREET1_2025_Rev1.xlsm,inputs/0_external_models/R&D GREET2025_Rev1/R&D GREET2_2025_Rev1.xlsm,3abed15be3442b25b66c7d991ce4ea89fd1fe534af930ae772e419241f0d976f,2be89abd169eba7180c0ca41102461682fc258a38ea143c5544bfd051ed03384,2025,2020,argonne_rd_greet_2025_rev1,road_vehicle_cycle_emissions,ldv,SUV,Vehi_Sum,F16,A16,1.1) ICEV: Conventional Material,icev,conventional,N2O,186.5049448527784,g/vehicle-lifetime,vehicle_cycle_total_no_eol_credits
SUV,2,35,300,Class 6 PnD Trucks,1,7,False,inputs/0_external_models/R&D GREET2025_Rev1/R&D GREET1_2025_Rev1.xlsm,inputs/0_external_models/R&D GREET2025_Rev1/R&D GREET2_2025_Rev1.xlsm,3abed15be3442b25b66c7d991ce4ea89fd1fe534af930ae772e419241f0d976f,2be89abd169eba7180c0ca41102461682fc258a38ea143c5544bfd051ed03384,2025,2020,argonne_rd_greet_2025_rev1,road_vehicle_cycle_emissions,ldv,SUV,Vehi_Sum,F44,A44,1.2) ICEV: Lightweight Material,icev,lightweight,CO2,8212767.4161944,g/vehicle-lifetime,vehicle_cycle_total_no_eol_credits
SUV,2,35,300,Class 6 PnD Trucks,1,7,False,inputs/0_external_models/R&D GREET2025_Rev1/R&D GREET1_2025_Rev1.xlsm,inputs/0_external_models/R&D GREET2025_Rev1/R&D GREET2_2025_Rev1.xlsm,3abed15be3442b25b66c7d991ce4ea89fd1fe534af930ae772e419241f0d976f,2be89abd169eba7180c0ca41102461682fc258a38ea143c5544bfd051ed03384,2025,2020,argonne_rd_greet_2025_rev1,road_vehicle_cycle_emissions,ldv,SUV,Vehi_Sum,F46,A46,1.2) ICEV: Lightweight Material,icev,lightweight,CH4,20082.88161735281,g/vehicle-lifetime,vehicle_cycle_total_no_eol_credits
SUV,2,35,300,Class 6 PnD Trucks,1,7,False,inputs/0_external_models/R&D GREET2025_Rev1/R&D GREET1_2025_Rev1.xlsm,inputs/0_external_models/R&D GREET2025_Rev1/R&D GREET2_2025_Rev1.xlsm,3abed15be3442b25b66c7d991ce4ea89fd1fe534af930ae772e419241f0d976f,2be89abd169eba7180c0ca41102461682fc258a38ea143c5544bfd051ed03384,2025,2020,argonne_rd_greet_2025_rev1,road_vehicle_cycle_emissions,ldv,SUV,Vehi_Sum,F47,A47,1.2) ICEV: Lightweight Material,icev,lightweight,N2O,244.64823562621734,g/vehicle-lifetime,vehicle_cycle_total_no_eol_credits
SUV,2,35,300,Class 6 PnD Trucks,1,7,False,inputs/0_external_models/R&D GREET2025_Rev1/R&D GREET1_2025_Rev1.xlsm,inputs/0_external_models/R&D GREET2025_Rev1/R&D GREET2_2025_Rev1.xlsm,3abed15be3442b25b66c7d991ce4ea89fd1fe534af930ae772e419241f0d976f,2be89abd169eba7180c0ca41102461682fc258a38ea143c5544bfd051ed03384,2025,2020,argonne_rd_greet_2025_rev1,road_vehicle_cycle_emissions,ldv,SUV,Vehi_Sum,F75,A75,1.3) HEV: Conventional Material,hev,conventional,CO2,6746556.176368394,g/vehicle-lifetime,vehicle_cycle_total_no_eol_credits
SUV,2,35,300,Class 6 PnD Trucks,1,7,False,inputs/0_external_models/R&D GREET2025_Rev1/R&D GREET1_2025_Rev1.xlsm,inputs/0_external_models/R&D GREET2025_Rev1/R&D GREET2_2025_Rev1.xlsm,3abed15be3442b25b66c7d991ce4ea89fd1fe534af930ae772e419241f0d976f,2be89abd169eba7180c0ca41102461682fc258a38ea143c5544bfd051ed03384,2025,2020,argonne_rd_greet_2025_rev1,road_vehicle_cycle_emissions,ldv,SUV,Vehi_Sum,F77,A77,1.3) HEV: Conventional Material,hev,conventional,CH4,15220.619886507924,g/vehicle-lifetime,vehicle_cycle_total_no_eol_credits
SUV,2,35,300,Class 6 PnD Trucks,1,7,False,inputs/0_external_models/R&D GREET2025_Rev1/R&D GREET1_2025_Rev1.xlsm,inputs/0_external_models/R&D GREET2025_Rev1/R&D GREET2_2025_Rev1.xlsm,3abed15be3442b25b66c7d991ce4ea89fd1fe534af930ae772e419241f0d976f,2be89abd169eba7180c0ca41102461682fc258a38ea143c5544bfd051ed03384,2025,2020,argonne_rd_greet_2025_rev1,road_vehicle_cycle_emissions,ldv,SUV,Vehi_Sum,F78,A78,1.3) HEV: Conventional Material,hev,conventional,N2O,256.7929794887776,g/vehicle-lifetime,vehicle_cycle_total_no_eol_credits
SUV,2,35,300,Class 6 PnD Trucks,1,7,False,inputs/0_external_models/R&D GREET2025_Rev1/R&D GREET1_2025_Rev1.xlsm,inputs/0_external_models/R&D GREET2025_Rev1/R&D GREET2_2025_Rev1.xlsm,3abed15be3442b25b66c7d991ce4ea89fd1fe534af930ae772e419241f0d976f,2be89abd169eba7180c0ca41102461682fc258a38ea143c5544bfd051ed03384,2025,2020,argonne_rd_greet_2025_rev1,road_vehicle_cycle_emissions,ldv,SUV,Vehi_Sum,F106,A106,1.4) HEV: Lightweight Material,hev,lightweight,CO2,8569583.004411096,g/vehicle-lifetime,vehicle_cycle_total_no_eol_credits
SUV,2,35,300,Class 6 PnD Trucks,1,7,False,inputs/0_external_models/R&D GREET2025_Rev1/R&D GREET1_2025_Rev1.xlsm,inputs/0_external_models/R&D GREET2025_Rev1/R&D GREET2_2025_Rev1.xlsm,3abed15be3442b25b66c7d991ce4ea89fd1fe534af930ae772e419241f0d976f,2be89abd169eba7180c0ca41102461682fc258a38ea143c5544bfd051ed03384,2025,2020,argonne_rd_greet_2025_rev1,road_vehicle_cycle_emissions,ldv,SUV,Vehi_Sum,F108,A108,1.4) HEV: Lightweight Material,hev,lightweight,CH4,20573.917972039057,g/vehicle-lifetime,vehicle_cycle_total_no_eol_credits
SUV,2,35,300,Class 6 PnD Trucks,1,7,False,inputs/0_external_models/R&D GREET2025_Rev1/R&D GREET1_2025_Rev1.xlsm,inputs/0_external_models/R&D GREET2025_Rev1/R&D GREET2_2025_Rev1.xlsm,3abed15be3442b25b66c7d991ce4ea89fd1fe534af930ae772e419241f0d976f,2be89abd169eba7180c0ca41102461682fc258a38ea143c5544bfd051ed03384,2025,2020,argonne_rd_greet_2025_rev1,road_vehicle_cycle_emissions,ldv,SUV,Vehi_Sum,F109,A109,1.4) HEV: Lightweight Material,hev,lightweight,N2O,311.58442078249846,g/vehicle-lifetime,vehicle_cycle_total_no_eol_credits
SUV,2,35,300,Class 6 PnD Trucks,1,7,False,inputs/0_external_models/R&D GREET2025_Rev1/R&D GREET1_2025_Rev1.xlsm,inputs/0_external_models/R&D GREET2025_Rev1/R&D GREET2_2025_Rev1.xlsm,3abed15be3442b25b66c7d991ce4ea89fd1fe534af930ae772e419241f0d976f,2be89abd169eba7180c0ca41102461682fc258a38ea143c5544bfd051ed03384,2025,2020,argonne_rd_greet_2025_rev1,road_vehicle_cycle_emissions,ldv,SUV,Vehi_Sum,F137,A137,1.5) PHEV: Conventional Material,phev,conventional,CO2,7402943.711874342,g/vehicle-lifetime,vehicle_cycle_total_no_eol_credits
SUV,2,35,300,Class 6 PnD Trucks,1,7,False,inputs/0_external_models/R&D GREET2025_Rev1/R&D GREET1_2025_Rev1.xlsm,inputs/0_external_models/R&D GREET2025_Rev1/R&D GREET2_2025_Rev1.xlsm,3abed15be3442b25b66c7d991ce4ea89fd1fe534af930ae772e419241f0d976f,2be89abd169eba7180c0ca41102461682fc258a38ea143c5544bfd051ed03384,2025,2020,argonne_rd_greet_2025_rev1,road_vehicle_cycle_emissions,ldv,SUV,Vehi_Sum,F139,A139,1.5) PHEV: Conventional Material,phev,conventional,CH4,16401.753883398662,g/vehicle-lifetime,vehicle_cycle_total_no_eol_credits
SUV,2,35,300,Class 6 PnD Trucks,1,7,False,inputs/0_external_models/R&D GREET2025_Rev1/R&D GREET1_2025_Rev1.xlsm,inputs/0_external_models/R&D GREET2025_Rev1/R&D GREET2_2025_Rev1.xlsm,3abed15be3442b25b66c7d991ce4ea89fd1fe534af930ae772e419241f0d976f,2be89abd169eba7180c0ca41102461682fc258a38ea143c5544bfd051ed03384,2025,2020,argonne_rd_greet_2025_rev1,road_vehicle_cycle_emissions,ldv,SUV,Vehi_Sum,F140,A140,1.5) PHEV: Conventional Material,phev,conventional,N2O,242.97540719710312,g/vehicle-lifetime,vehicle_cycle_total_no_eol_credits
SUV,2,35,300,Class 6 PnD Trucks,1,7,False,inputs/0_external_models/R&D GREET2025_Rev1/R&D GREET1_2025_Rev1.xlsm,inputs/0_external_models/R&D GREET2025_Rev1/R&D GREET2_2025_Rev1.xlsm,3abed15be3442b25b66c7d991ce4ea89fd1fe534af930ae772e419241f0d976f,2be89abd169eba7180c0ca41102461682fc258a38ea143c5544bfd051ed03384,2025,2020,argonne_rd_greet_2025_rev1,road_vehicle_cycle_emissions,ldv,SUV,Vehi_Sum,F168,A168,1.6) PHEV: Lightweight Material,phev,lightweight,CO2,8855353.914229259,g/vehicle-lifetime,vehicle_cycle_total_no_eol_credits
SUV,2,35,300,Class 6 PnD Trucks,1,7,False,inputs/0_external_models/R&D GREET2025_Rev1/R&D GREET1_2025_Rev1.xlsm,inputs/0_external_models/R&D GREET2025_Rev1/R&D GREET2_2025_Rev1.xlsm,3abed15be3442b25b66c7d991ce4ea89fd1fe534af930ae772e419241f0d976f,2be89abd169eba7180c0ca41102461682fc258a38ea143c5544bfd051ed03384,2025,2020,argonne_rd_greet_2025_rev1,road_vehicle_cycle_emissions,ldv,SUV,Vehi_Sum,F170,A170,1.6) PHEV: Lightweight Material,phev,lightweight,CH4,20998.196024398338,g/vehicle-lifetime,vehicle_cycle_total_no_eol_credits
SUV,2,35,300,Class 6 PnD Trucks,1,7,False,inputs/0_external_models/R&D GREET2025_Rev1/R&D GREET1_2025_Rev1.xlsm,inputs/0_external_models/R&D GREET2025_Rev1/R&D GREET2_2025_Rev1.xlsm,3abed15be3442b25b66c7d991ce4ea89fd1fe534af930ae772e419241f0d976f,2be89abd169eba7180c0ca41102461682fc258a38ea143c5544bfd051ed03384,2025,2020,argonne_rd_greet_2025_rev1,road_vehicle_cycle_emissions,ldv,SUV,Vehi_Sum,F171,A171,1.6) PHEV: Lightweight Material,phev,lightweight,N2O,281.3554415408041,g/vehicle-lifetime,vehicle_cycle_total_no_eol_credits
SUV,2,35,300,Class 6 PnD Trucks,1,7,False,inputs/0_external_models/R&D GREET2025_Rev1/R&D GREET1_2025_Rev1.xlsm,inputs/0_external_models/R&D GREET2025_Rev1/R&D GREET2_2025_Rev1.xlsm,3abed15be3442b25b66c7d991ce4ea89fd1fe534af930ae772e419241f0d976f,2be89abd169eba7180c0ca41102461682fc258a38ea143c5544bfd051ed03384,2025,2020,argonne_rd_greet_2025_rev1,road_vehicle_cycle_emissions,ldv,SUV,Vehi_Sum,F199,A199,1.7) EV: Conventional Material,bev,conventional,CO2,10766070.727804363,g/vehicle-lifetime,vehicle_cycle_total_no_eol_credits
SUV,2,35,300,Class 6 PnD Trucks,1,7,False,inputs/0_external_models/R&D GREET2025_Rev1/R&D GREET1_2025_Rev1.xlsm,inputs/0_external_models/R&D GREET2025_Rev1/R&D GREET2_2025_Rev1.xlsm,3abed15be3442b25b66c7d991ce4ea89fd1fe534af930ae772e419241f0d976f,2be89abd169eba7180c0ca41102461682fc258a38ea143c5544bfd051ed03384,2025,2020,argonne_rd_greet_2025_rev1,road_vehicle_cycle_emissions,ldv,SUV,Vehi_Sum,F201,A201,1.7) EV: Conventional Material,bev,conventional,CH4,23170.64077722543,g/vehicle-lifetime,vehicle_cycle_total_no_eol_credits
SUV,2,35,300,Class 6 PnD Trucks,1,7,False,inputs/0_external_models/R&D GREET2025_Rev1/R&D GREET1_2025_Rev1.xlsm,inputs/0_external_models/R&D GREET2025_Rev1/R&D GREET2_2025_Rev1.xlsm,3abed15be3442b25b66c7d991ce4ea89fd1fe534af930ae772e419241f0d976f,2be89abd169eba7180c0ca41102461682fc258a38ea143c5544bfd051ed03384,2025,2020,argonne_rd_greet_2025_rev1,road_vehicle_cycle_emissions,ldv,SUV,Vehi_Sum,F202,A202,1.7) EV: Conventional Material,bev,conventional,N2O,334.7430659956463,g/vehicle-lifetime,vehicle_cycle_total_no_eol_credits
SUV,2,35,300,Class 6 PnD Trucks,1,7,False,inputs/0_external_models/R&D GREET2025_Rev1/R&D GREET1_2025_Rev1.xlsm,inputs/0_external_models/R&D GREET2025_Rev1/R&D GREET2_2025_Rev1.xlsm,3abed15be3442b25b66c7d991ce4ea89fd1fe534af930ae772e419241f0d976f,2be89abd169eba7180c0ca41102461682fc258a38ea143c5544bfd051ed03384,2025,2020,argonne_rd_greet_2025_rev1,road_vehicle_cycle_emissions,ldv,SUV,Vehi_Sum,F230,A230,1.8) EV: Lightweight Material,bev,lightweight,CO2,12404928.995944567,g/vehicle-lifetime,vehicle_cycle_total_no_eol_credits
SUV,2,35,300,Class 6 PnD Trucks,1,7,False,inputs/0_external_models/R&D GREET2025_Rev1/R&D GREET1_2025_Rev1.xlsm,inputs/0_external_models/R&D GREET2025_Rev1/R&D GREET2_2025_Rev1.xlsm,3abed15be3442b25b66c7d991ce4ea89fd1fe534af930ae772e419241f0d976f,2be89abd169eba7180c0ca41102461682fc258a38ea143c5544bfd051ed03384,2025,2020,argonne_rd_greet_2025_rev1,road_vehicle_cycle_emissions,ldv,SUV,Vehi_Sum,F232,A232,1.8) EV: Lightweight Material,bev,lightweight,CH4,28107.1993887134,g/vehicle-lifetime,vehicle_cycle_total_no_eol_credits
SUV,2,35,300,Class 6 PnD Trucks,1,7,False,inputs/0_external_models/R&D GREET2025_Rev1/R&D GREET1_2025_Rev1.xlsm,inputs/0_external_models/R&D GREET2025_Rev1/R&D GREET2_2025_Rev1.xlsm,3abed15be3442b25b66c7d991ce4ea89fd1fe534af930ae772e419241f0d976f,2be89abd169eba7180c0ca41102461682fc258a38ea143c5544bfd051ed03384,2025,2020,argonne_rd_greet_2025_rev1,road_vehicle_cycle_emissions,ldv,SUV,Vehi_Sum,F233,A233,1.8) EV: Lightweight Material,bev,lightweight,N2O,418.8596079762334,g/vehicle-lifetime,vehicle_cycle_total_no_eol_credits
SUV,2,35,300,Class 6 PnD Trucks,1,7,False,inputs/0_external_models/R&D GREET2025_Rev1/R&D GREET1_2025_Rev1.xlsm,inputs/0_external_models/R&D GREET2025_Rev1/R&D GREET2_2025_Rev1.xlsm,3abed15be3442b25b66c7d991ce4ea89fd1fe534af930ae772e419241f0d976f,2be89abd169eba7180c0ca41102461682fc258a38ea143c5544bfd051ed03384,2025,2020,argonne_rd_greet_2025_rev1,road_vehicle_cycle_emissions,ldv,SUV,Vehi_Sum,F261,A261,1.9) FCV: Conventional Material,fcev,conventional,CO2,7493673.905710698,g/vehicle-lifetime,vehicle_cycle_total_no_eol_credits
SUV,2,35,300,Class 6 PnD Trucks,1,7,False,inputs/0_external_models/R&D GREET2025_Rev1/R&D GREET1_2025_Rev1.xlsm,inputs/0_external_models/R&D GREET2025_Rev1/R&D GREET2_2025_Rev1.xlsm,3abed15be3442b25b66c7d991ce4ea89fd1fe534af930ae772e419241f0d976f,2be89abd169eba7180c0ca41102461682fc258a38ea143c5544bfd051ed03384,2025,2020,argonne_rd_greet_2025_rev1,road_vehicle_cycle_emissions,ldv,SUV,Vehi_Sum,F263,A263,1.9) FCV: Conventional Material,fcev,conventional,CH4,18029.409008966304,g/vehicle-lifetime,vehicle_cycle_total_no_eol_credits
SUV,2,35,300,Class 6 PnD Trucks,1,7,False,inputs/0_external_models/R&D GREET2025_Rev1/R&D GREET1_2025_Rev1.xlsm,inputs/0_external_models/R&D GREET2025_Rev1/R&D GREET2_2025_Rev1.xlsm,3abed15be3442b25b66c7d991ce4ea89fd1fe534af930ae772e419241f0d976f,2be89abd169eba7180c0ca41102461682fc258a38ea143c5544bfd051ed03384,2025,2020,argonne_rd_greet_2025_rev1,road_vehicle_cycle_emissions,ldv,SUV,Vehi_Sum,F264,A264,1.9) FCV: Conventional Material,fcev,conventional,N2O,266.94689244128455,g/vehicle-lifetime,vehicle_cycle_total_no_eol_credits
SUV,2,35,300,Class 6 PnD Trucks,1,7,False,inputs/0_external_models/R&D GREET2025_Rev1/R&D GREET1_2025_Rev1.xlsm,inputs/0_external_models/R&D GREET2025_Rev1/R&D GREET2_2025_Rev1.xlsm,3abed15be3442b25b66c7d991ce4ea89fd1fe534af930ae772e419241f0d976f,2be89abd169eba7180c0ca41102461682fc258a38ea143c5544bfd051ed03384,2025,2020,argonne_rd_greet_2025_rev1,road_vehicle_cycle_emissions,ldv,SUV,Vehi_Sum,F292,A292,1.10) FCV: Lightweight Material,fcev,lightweight,CO2,9619710.765171122,g/vehicle-lifetime,vehicle_cycle_total_no_eol_credits
SUV,2,35,300,Class 6 PnD Trucks,1,7,False,inputs/0_external_models/R&D GREET2025_Rev1/R&D GREET1_2025_Rev1.xlsm,inputs/0_external_models/R&D GREET2025_Rev1/R&D GREET2_2025_Rev1.xlsm,3abed15be3442b25b66c7d991ce4ea89fd1fe534af930ae772e419241f0d976f,2be89abd169eba7180c0ca41102461682fc258a38ea143c5544bfd051ed03384,2025,2020,argonne_rd_greet_2025_rev1,road_vehicle_cycle_emissions,ldv,SUV,Vehi_Sum,F294,A294,1.10) FCV: Lightweight Material,fcev,lightweight,CH4,24384.44598162074,g/vehicle-lifetime,vehicle_cycle_total_no_eol_credits
SUV,2,35,300,Class 6 PnD Trucks,1,7,False,inputs/0_external_models/R&D GREET2025_Rev1/R&D GREET1_2025_Rev1.xlsm,inputs/0_external_models/R&D GREET2025_Rev1/R&D GREET2_2025_Rev1.xlsm,3abed15be3442b25b66c7d991ce4ea89fd1fe534af930ae772e419241f0d976f,2be89abd169eba7180c0ca41102461682fc258a38ea143c5544bfd051ed03384,2025,2020,argonne_rd_greet_2025_rev1,road_vehicle_cycle_emissions,ldv,SUV,Vehi_Sum,F295,A295,1.10) FCV: Lightweight Material,fcev,lightweight,N2O,347.9370277654682,g/vehicle-lifetime,vehicle_cycle_total_no_eol_credits
SUV,2,35,300,Class 6 PnD Trucks,1,7,False,inputs/0_external_models/R&D GREET2025_Rev1/R&D GREET1_2025_Rev1.xlsm,inputs/0_external_models/R&D GREET2025_Rev1/R&D GREET2_2025_Rev1.xlsm,3abed15be3442b25b66c7d991ce4ea89fd1fe534af930ae772e419241f0d976f,2be89abd169eba7180c0ca41102461682fc258a38ea143c5544bfd051ed03384,2025,2020,argonne_rd_greet_2025_rev1,road_vehicle_cycle_emissions,mhdv,Class 6 PnD Trucks,MHDV_Sum,G13,A13,1.1) ICEV,icev,none,CO2,17814591.789810307,g/vehicle-lifetime,vehicle_cycle_total_no_eol_credits
SUV,2,35,300,Class 6 PnD Trucks,1,7,False,inputs/0_external_models/R&D GREET2025_Rev1/R&D GREET1_2025_Rev1.xlsm,inputs/0_external_models/R&D GREET2025_Rev1/R&D GREET2_2025_Rev1.xlsm,3abed15be3442b25b66c7d991ce4ea89fd1fe534af930ae772e419241f0d976f,2be89abd169eba7180c0ca41102461682fc258a38ea143c5544bfd051ed03384,2025,2020,argonne_rd_greet_2025_rev1,road_vehicle_cycle_emissions,mhdv,Class 6 PnD Trucks,MHDV_Sum,G15,A15,1.1) ICEV,icev,none,CH4,33984.61026012566,g/vehicle-lifetime,vehicle_cycle_total_no_eol_credits
SUV,2,35,300,Class 6 PnD Trucks,1,7,False,inputs/0_external_models/R&D GREET2025_Rev1/R&D GREET1_2025_Rev1.xlsm,inputs/0_external_models/R&D GREET2025_Rev1/R&D GREET2_2025_Rev1.xlsm,3abed15be3442b25b66c7d991ce4ea89fd1fe534af930ae772e419241f0d976f,2be89abd169eba7180c0ca41102461682fc258a38ea143c5544bfd051ed03384,2025,2020,argonne_rd_greet_2025_rev1,road_vehicle_cycle_emissions,mhdv,Class 6 PnD Trucks,MHDV_Sum,G16,A16,1.1) ICEV,icev,none,N2O,336.9746755969985,g/vehicle-lifetime,vehicle_cycle_total_no_eol_credits
SUV,2,35,300,Class 6 PnD Trucks,1,7,False,inputs/0_external_models/R&D GREET2025_Rev1/R&D GREET1_2025_Rev1.xlsm,inputs/0_external_models/R&D GREET2025_Rev1/R&D GREET2_2025_Rev1.xlsm,3abed15be3442b25b66c7d991ce4ea89fd1fe534af930ae772e419241f0d976f,2be89abd169eba7180c0ca41102461682fc258a38ea143c5544bfd051ed03384,2025,2020,argonne_rd_greet_2025_rev1,road_vehicle_cycle_emissions,mhdv,Class 6 PnD Trucks,MHDV_Sum,G44,A44,1.2) HEV,hev,none,CO2,18333102.181475896,g/vehicle-lifetime,vehicle_cycle_total_no_eol_credits
SUV,2,35,300,Class 6 PnD Trucks,1,7,False,inputs/0_external_models/R&D GREET2025_Rev1/R&D GREET1_2025_Rev1.xlsm,inputs/0_external_models/R&D GREET2025_Rev1/R&D GREET2_2025_Rev1.xlsm,3abed15be3442b25b66c7d991ce4ea89fd1fe534af930ae772e419241f0d976f,2be89abd169eba7180c0ca41102461682fc258a38ea143c5544bfd051ed03384,2025,2020,argonne_rd_greet_2025_rev1,road_vehicle_cycle_emissions,mhdv,Class 6 PnD Trucks,MHDV_Sum,G46,A46,1.2) HEV,hev,none,CH4,34987.40289923422,g/vehicle-lifetime,vehicle_cycle_total_no_eol_credits
SUV,2,35,300,Class 6 PnD Trucks,1,7,False,inputs/0_external_models/R&D GREET2025_Rev1/R&D GREET1_2025_Rev1.xlsm,inputs/0_external_models/R&D GREET2025_Rev1/R&D GREET2_2025_Rev1.xlsm,3abed15be3442b25b66c7d991ce4ea89fd1fe534af930ae772e419241f0d976f,2be89abd169eba7180c0ca41102461682fc258a38ea143c5544bfd051ed03384,2025,2020,argonne_rd_greet_2025_rev1,road_vehicle_cycle_emissions,mhdv,Class 6 PnD Trucks,MHDV_Sum,G47,A47,1.2) HEV,hev,none,N2O,367.90150824555917,g/vehicle-lifetime,vehicle_cycle_total_no_eol_credits
SUV,2,35,300,Class 6 PnD Trucks,1,7,False,inputs/0_external_models/R&D GREET2025_Rev1/R&D GREET1_2025_Rev1.xlsm,inputs/0_external_models/R&D GREET2025_Rev1/R&D GREET2_2025_Rev1.xlsm,3abed15be3442b25b66c7d991ce4ea89fd1fe534af930ae772e419241f0d976f,2be89abd169eba7180c0ca41102461682fc258a38ea143c5544bfd051ed03384,2025,2020,argonne_rd_greet_2025_rev1,road_vehicle_cycle_emissions,mhdv,Class 6 PnD Trucks,MHDV_Sum,G75,A75,1.3) EV,bev,none,CO2,29416143.833984002,g/vehicle-lifetime,vehicle_cycle_total_no_eol_credits
SUV,2,35,300,Class 6 PnD Trucks,1,7,False,inputs/0_external_models/R&D GREET2025_Rev1/R&D GREET1_2025_Rev1.xlsm,inputs/0_external_models/R&D GREET2025_Rev1/R&D GREET2_2025_Rev1.xlsm,3abed15be3442b25b66c7d991ce4ea89fd1fe534af930ae772e419241f0d976f,2be89abd169eba7180c0ca41102461682fc258a38ea143c5544bfd051ed03384,2025,2020,argonne_rd_greet_2025_rev1,road_vehicle_cycle_emissions,mhdv,Class 6 PnD Trucks,MHDV_Sum,G77,A77,1.3) EV,bev,none,CH4,55954.54371452834,g/vehicle-lifetime,vehicle_cycle_total_no_eol_credits
SUV,2,35,300,Class 6 PnD Trucks,1,7,False,inputs/0_external_models/R&D GREET2025_Rev1/R&D GREET1_2025_Rev1.xlsm,inputs/0_external_models/R&D GREET2025_Rev1/R&D GREET2_2025_Rev1.xlsm,3abed15be3442b25b66c7d991ce4ea89fd1fe534af930ae772e419241f0d976f,2be89abd169eba7180c0ca41102461682fc258a38ea143c5544bfd051ed03384,2025,2020,argonne_rd_greet_2025_rev1,road_vehicle_cycle_emissions,mhdv,Class 6 PnD Trucks,MHDV_Sum,G78,A78,1.3) EV,bev,none,N2O,702.6596442728859,g/vehicle-lifetime,vehicle_cycle_total_no_eol_credits
SUV,2,35,300,Class 6 PnD Trucks,1,7,False,inputs/0_external_models/R&D GREET2025_Rev1/R&D GREET1_2025_Rev1.xlsm,inputs/0_external_models/R&D GREET2025_Rev1/R&D GREET2_2025_Rev1.xlsm,3abed15be3442b25b66c7d991ce4ea89fd1fe534af930ae772e419241f0d976f,2be89abd169eba7180c0ca41102461682fc258a38ea143c5544bfd051ed03384,2025,2020,argonne_rd_greet_2025_rev1,road_vehicle_cycle_emissions,mhdv,Class 6 PnD Trucks,MHDV_Sum,G106,A106,1.4) FCV,fcev,none,CO2,22456533.43579129,g/vehicle-lifetime,vehicle_cycle_total_no_eol_credits
SUV,2,35,300,Class 6 PnD Trucks,1,7,False,inputs/0_external_models/R&D GREET2025_Rev1/R&D GREET1_2025_Rev1.xlsm,inputs/0_external_models/R&D GREET2025_Rev1/R&D GREET2_2025_Rev1.xlsm,3abed15be3442b25b66c7d991ce4ea89fd1fe534af930ae772e419241f0d976f,2be89abd169eba7180c0ca41102461682fc258a38ea143c5544bfd051ed03384,2025,2020,argonne_rd_greet_2025_rev1,road_vehicle_cycle_emissions,mhdv,Class 6 PnD Trucks,MHDV_Sum,G108,A108,1.4) FCV,fcev,none,CH4,46226.268830381465,g/vehicle-lifetime,vehicle_cycle_total_no_eol_credits
SUV,2,35,300,Class 6 PnD Trucks,1,7,False,inputs/0_external_models/R&D GREET2025_Rev1/R&D GREET1_2025_Rev1.xlsm,inputs/0_external_models/R&D GREET2025_Rev1/R&D GREET2_2025_Rev1.xlsm,3abed15be3442b25b66c7d991ce4ea89fd1fe534af930ae772e419241f0d976f,2be89abd169eba7180c0ca41102461682fc258a38ea143c5544bfd051ed03384,2025,2020,argonne_rd_greet_2025_rev1,road_vehicle_cycle_emissions,mhdv,Class 6 PnD Trucks,MHDV_Sum,G109,A109,1.4) FCV,fcev,none,N2O,498.7322965018775,g/vehicle-lifetime,vehicle_cycle_total_no_eol_credits
SUV,2,50,400,Class 6 PnD Trucks,1,8,False,inputs/0_external_models/R&D GREET2025_Rev1/R&D GREET1_2025_Rev1.xlsm,inputs/0_external_models/R&D GREET2025_Rev1/R&D GREET2_2025_Rev1.xlsm,3abed15be3442b25b66c7d991ce4ea89fd1fe534af930ae772e419241f0d976f,2be89abd169eba7180c0ca41102461682fc258a38ea143c5544bfd051ed03384,2025,2020,argonne_rd_greet_2025_rev1,road_vehicle_cycle_emissions,ldv,SUV,Vehi_Sum,F13,A13,1.1) ICEV: Conventional Material,icev,conventional,CO2,6332983.137454158,g/vehicle-lifetime,vehicle_cycle_total_no_eol_credits
SUV,2,50,400,Class 6 PnD Trucks,1,8,False,inputs/0_external_models/R&D GREET2025_Rev1/R&D GREET1_2025_Rev1.xlsm,inputs/0_external_models/R&D GREET2025_Rev1/R&D GREET2_2025_Rev1.xlsm,3abed15be3442b25b66c7d991ce4ea89fd1fe534af930ae772e419241f0d976f,2be89abd169eba7180c0ca41102461682fc258a38ea143c5544bfd051ed03384,2025,2020,argonne_rd_greet_2025_rev1,road_vehicle_cycle_emissions,ldv,SUV,Vehi_Sum,F15,A15,1.1) ICEV: Conventional Material,icev,conventional,CH4,14394.59462971612,g/vehicle-lifetime,vehicle_cycle_total_no_eol_credits
SUV,2,50,400,Class 6 PnD Trucks,1,8,False,inputs/0_external_models/R&D GREET2025_Rev1/R&D GREET1_2025_Rev1.xlsm,inputs/0_external_models/R&D GREET2025_Rev1/R&D GREET2_2025_Rev1.xlsm,3abed15be3442b25b66c7d991ce4ea89fd1fe534af930ae772e419241f0d976f,2be89abd169eba7180c0ca41102461682fc258a38ea143c5544bfd051ed03384,2025,2020,argonne_rd_greet_2025_rev1,road_vehicle_cycle_emissions,ldv,SUV,Vehi_Sum,F16,A16,1.1) ICEV: Conventional Material,icev,conventional,N2O,186.5049448527784,g/vehicle-lifetime,vehicle_cycle_total_no_eol_credits
SUV,2,50,400,Class 6 PnD Trucks,1,8,False,inputs/0_external_models/R&D GREET2025_Rev1/R&D GREET1_2025_Rev1.xlsm,inputs/0_external_models/R&D GREET2025_Rev1/R&D GREET2_2025_Rev1.xlsm,3abed15be3442b25b66c7d991ce4ea89fd1fe534af930ae772e419241f0d976f,2be89abd169eba7180c0ca41102461682fc258a38ea143c5544bfd051ed03384,2025,2020,argonne_rd_greet_2025_rev1,road_vehicle_cycle_emissions,ldv,SUV,Vehi_Sum,F44,A44,1.2) ICEV: Lightweight Material,icev,lightweight,CO2,8212767.4161944,g/vehicle-lifetime,vehicle_cycle_total_no_eol_credits
SUV,2,50,400,Class 6 PnD Trucks,1,8,False,inputs/0_external_models/R&D GREET2025_Rev1/R&D GREET1_2025_Rev1.xlsm,inputs/0_external_models/R&D GREET2025_Rev1/R&D GREET2_2025_Rev1.xlsm,3abed15be3442b25b66c7d991ce4ea89fd1fe534af930ae772e419241f0d976f,2be89abd169eba7180c0ca41102461682fc258a38ea143c5544bfd051ed03384,2025,2020,argonne_rd_greet_2025_rev1,road_vehicle_cycle_emissions,ldv,SUV,Vehi_Sum,F46,A46,1.2) ICEV: Lightweight Material,icev,lightweight,CH4,20082.88161735281,g/vehicle-lifetime,vehicle_cycle_total_no_eol_credits
SUV,2,50,400,Class 6 PnD Trucks,1,8,False,inputs/0_external_models/R&D GREET2025_Rev1/R&D GREET1_2025_Rev1.xlsm,inputs/0_external_models/R&D GREET2025_Rev1/R&D GREET2_2025_Rev1.xlsm,3abed15be3442b25b66c7d991ce4ea89fd1fe534af930ae772e419241f0d976f,2be89abd169eba7180c0ca41102461682fc258a38ea143c5544bfd051ed03384,2025,2020,argonne_rd_greet_2025_rev1,road_vehicle_cycle_emissions,ldv,SUV,Vehi_Sum,F47,A47,1.2) ICEV: Lightweight Material,icev,lightweight,N2O,244.64823562621734,g/vehicle-lifetime,vehicle_cycle_total_no_eol_credits
SUV,2,50,400,Class 6 PnD Trucks,1,8,False,inputs/0_external_models/R&D GREET2025_Rev1/R&D GREET1_2025_Rev1.xlsm,inputs/0_external_models/R&D GREET2025_Rev1/R&D GREET2_2025_Rev1.xlsm,3abed15be3442b25b66c7d991ce4ea89fd1fe534af930ae772e419241f0d976f,2be89abd169eba7180c0ca41102461682fc258a38ea143c5544bfd051ed03384,2025,2020,argonne_rd_greet_2025_rev1,road_vehicle_cycle_emissions,ldv,SUV,Vehi_Sum,F75,A75,1.3) HEV: Conventional Material,hev,conventional,CO2,6746556.176368394,g/vehicle-lifetime,vehicle_cycle_total_no_eol_credits
SUV,2,50,400,Class 6 PnD Trucks,1,8,False,inputs/0_external_models/R&D GREET2025_Rev1/R&D GREET1_2025_Rev1.xlsm,inputs/0_external_models/R&D GREET2025_Rev1/R&D GREET2_2025_Rev1.xlsm,3abed15be3442b25b66c7d991ce4ea89fd1fe534af930ae772e419241f0d976f,2be89abd169eba7180c0ca41102461682fc258a38ea143c5544bfd051ed03384,2025,2020,argonne_rd_greet_2025_rev1,road_vehicle_cycle_emissions,ldv,SUV,Vehi_Sum,F77,A77,1.3) HEV: Conventional Material,hev,conventional,CH4,15220.619886507924,g/vehicle-lifetime,vehicle_cycle_total_no_eol_credits
SUV,2,50,400,Class 6 PnD Trucks,1,8,False,inputs/0_external_models/R&D GREET2025_Rev1/R&D GREET1_2025_Rev1.xlsm,inputs/0_external_models/R&D GREET2025_Rev1/R&D GREET2_2025_Rev1.xlsm,3abed15be3442b25b66c7d991ce4ea89fd1fe534af930ae772e419241f0d976f,2be89abd169eba7180c0ca41102461682fc258a38ea143c5544bfd051ed03384,2025,2020,argonne_rd_greet_2025_rev1,road_vehicle_cycle_emissions,ldv,SUV,Vehi_Sum,F78,A78,1.3) HEV: Conventional Material,hev,conventional,N2O,256.7929794887776,g/vehicle-lifetime,vehicle_cycle_total_no_eol_credits
SUV,2,50,400,Class 6 PnD Trucks,1,8,False,inputs/0_external_models/R&D GREET2025_Rev1/R&D GREET1_2025_Rev1.xlsm,inputs/0_external_models/R&D GREET2025_Rev1/R&D GREET2_2025_Rev1.xlsm,3abed15be3442b25b66c7d991ce4ea89fd1fe534af930ae772e419241f0d976f,2be89abd169eba7180c0ca41102461682fc258a38ea143c5544bfd051ed03384,2025,2020,argonne_rd_greet_2025_rev1,road_vehicle_cycle_emissions,ldv,SUV,Vehi_Sum,F106,A106,1.4) HEV: Lightweight Material,hev,lightweight,CO2,8569583.004411096,g/vehicle-lifetime,vehicle_cycle_total_no_eol_credits
SUV,2,50,400,Class 6 PnD Trucks,1,8,False,inputs/0_external_models/R&D GREET2025_Rev1/R&D GREET1_2025_Rev1.xlsm,inputs/0_external_models/R&D GREET2025_Rev1/R&D GREET2_2025_Rev1.xlsm,3abed15be3442b25b66c7d991ce4ea89fd1fe534af930ae772e419241f0d976f,2be89abd169eba7180c0ca41102461682fc258a38ea143c5544bfd051ed03384,2025,2020,argonne_rd_greet_2025_rev1,road_vehicle_cycle_emissions,ldv,SUV,Vehi_Sum,F108,A108,1.4) HEV: Lightweight Material,hev,lightweight,CH4,20573.917972039057,g/vehicle-lifetime,vehicle_cycle_total_no_eol_credits
SUV,2,50,400,Class 6 PnD Trucks,1,8,False,inputs/0_external_models/R&D GREET2025_Rev1/R&D GREET1_2025_Rev1.xlsm,inputs/0_external_models/R&D GREET2025_Rev1/R&D GREET2_2025_Rev1.xlsm,3abed15be3442b25b66c7d991ce4ea89fd1fe534af930ae772e419241f0d976f,2be89abd169eba7180c0ca41102461682fc258a38ea143c5544bfd051ed03384,2025,2020,argonne_rd_greet_2025_rev1,road_vehicle_cycle_emissions,ldv,SUV,Vehi_Sum,F109,A109,1.4) HEV: Lightweight Material,hev,lightweight,N2O,311.58442078249846,g/vehicle-lifetime,vehicle_cycle_total_no_eol_credits
SUV,2,50,400,Class 6 PnD Trucks,1,8,False,inputs/0_external_models/R&D GREET2025_Rev1/R&D GREET1_2025_Rev1.xlsm,inputs/0_external_models/R&D GREET2025_Rev1/R&D GREET2_2025_Rev1.xlsm,3abed15be3442b25b66c7d991ce4ea89fd1fe534af930ae772e419241f0d976f,2be89abd169eba7180c0ca41102461682fc258a38ea143c5544bfd051ed03384,2025,2020,argonne_rd_greet_2025_rev1,road_vehicle_cycle_emissions,ldv,SUV,Vehi_Sum,F137,A137,1.5) PHEV: Conventional Material,phev,conventional,CO2,7802778.683912489,g/vehicle-lifetime,vehicle_cycle_total_no_eol_credits
SUV,2,50,400,Class 6 PnD Trucks,1,8,False,inputs/0_external_models/R&D GREET2025_Rev1/R&D GREET1_2025_Rev1.xlsm,inputs/0_external_models/R&D GREET2025_Rev1/R&D GREET2_2025_Rev1.xlsm,3abed15be3442b25b66c7d991ce4ea89fd1fe534af930ae772e419241f0d976f,2be89abd169eba7180c0ca41102461682fc258a38ea143c5544bfd051ed03384,2025,2020,argonne_rd_greet_2025_rev1,road_vehicle_cycle_emissions,ldv,SUV,Vehi_Sum,F139,A139,1.5) PHEV: Conventional Material,phev,conventional,CH4,17174.196610769548,g/vehicle-lifetime,vehicle_cycle_total_no_eol_credits
SUV,2,50,400,Class 6 PnD Trucks,1,8,False,inputs/0_external_models/R&D GREET2025_Rev1/R&D GREET1_2025_Rev1.xlsm,inputs/0_external_models/R&D GREET2025_Rev1/R&D GREET2_2025_Rev1.xlsm,3abed15be3442b25b66c7d991ce4ea89fd1fe534af930ae772e419241f0d976f,2be89abd169eba7180c0ca41102461682fc258a38ea143c5544bfd051ed03384,2025,2020,argonne_rd_greet_2025_rev1,road_vehicle_cycle_emissions,ldv,SUV,Vehi_Sum,F140,A140,1.5) PHEV: Conventional Material,phev,conventional,N2O,253.33289352819952,g/vehicle-lifetime,vehicle_cycle_total_no_eol_credits
SUV,2,50,400,Class 6 PnD Trucks,1,8,False,inputs/0_external_models/R&D GREET2025_Rev1/R&D GREET1_2025_Rev1.xlsm,inputs/0_external_models/R&D GREET2025_Rev1/R&D GREET2_2025_Rev1.xlsm,3abed15be3442b25b66c7d991ce4ea89fd1fe534af930ae772e419241f0d976f,2be89abd169eba7180c0ca41102461682fc258a38ea143c5544bfd051ed03384,2025,2020,argonne_rd_greet_2025_rev1,road_vehicle_cycle_emissions,ldv,SUV,Vehi_Sum,F168,A168,1.6) PHEV: Lightweight Material,phev,lightweight,CO2,8764040.741445888,g/vehicle-lifetime,vehicle_cycle_total_no_eol_credits
SUV,2,50,400,Class 6 PnD Trucks,1,8,False,inputs/0_external_models/R&D GREET2025_Rev1/R&D GREET1_2025_Rev1.xlsm,inputs/0_external_models/R&D GREET2025_Rev1/R&D GREET2_2025_Rev1.xlsm,3abed15be3442b25b66c7d991ce4ea89fd1fe534af930ae772e419241f0d976f,2be89abd169eba7180c0ca41102461682fc258a38ea143c5544bfd051ed03384,2025,2020,argonne_rd_greet_2025_rev1,road_vehicle_cycle_emissions,ldv,SUV,Vehi_Sum,F170,A170,1.6) PHEV: Lightweight Material,phev,lightweight,CH4,19712.570670290395,g/vehicle-lifetime,vehicle_cycle_total_no_eol_credits
SUV,2,50,400,Class 6 PnD Trucks,1,8,False,inputs/0_external_models/R&D GREET2025_Rev1/R&D GREET1_2025_Rev1.xlsm,inputs/0_external_models/R&D GREET2025_Rev1/R&D GREET2_2025_Rev1.xlsm,3abed15be3442b25b66c7d991ce4ea89fd1fe534af930ae772e419241f0d976f,2be89abd169eba7180c0ca41102461682fc258a38ea143c5544bfd051ed03384,2025,2020,argonne_rd_greet_2025_rev1,road_vehicle_cycle_emissions,ldv,SUV,Vehi_Sum,F171,A171,1.6) PHEV: Lightweight Material,phev,lightweight,N2O,274.35207369760997,g/vehicle-lifetime,vehicle_cycle_total_no_eol_credits
SUV,2,50,400,Class 6 PnD Trucks,1,8,False,inputs/0_external_models/R&D GREET2025_Rev1/R&D GREET1_2025_Rev1.xlsm,inputs/0_external_models/R&D GREET2025_Rev1/R&D GREET2_2025_Rev1.xlsm,3abed15be3442b25b66c7d991ce4ea89fd1fe534af930ae772e419241f0d976f,2be89abd169eba7180c0ca41102461682fc258a38ea143c5544bfd051ed03384,2025,2020,argonne_rd_greet_2025_rev1,road_vehicle_cycle_emissions,ldv,SUV,Vehi_Sum,F199,A199,1.7) EV: Conventional Material,bev,conventional,CO2,13436653.795839608,g/vehicle-lifetime,vehicle_cycle_total_no_eol_credits
SUV,2,50,400,Class 6 PnD Trucks,1,8,False,inputs/0_external_models/R&D GREET2025_Rev1/R&D GREET1_2025_Rev1.xlsm,inputs/0_external_models/R&D GREET2025_Rev1/R&D GREET2_2025_Rev1.xlsm,3abed15be3442b25b66c7d991ce4ea89fd1fe534af930ae772e419241f0d976f,2be89abd169eba7180c0ca41102461682fc258a38ea143c5544bfd051ed03384,2025,2020,argonne_rd_greet_2025_rev1,road_vehicle_cycle_emissions,ldv,SUV,Vehi_Sum,F201,A201,1.7) EV: Conventional Material,bev,conventional,CH4,28334.490876331514,g/vehicle-lifetime,vehicle_cycle_total_no_eol_credits
SUV,2,50,400,Class 6 PnD Trucks,1,8,False,inputs/0_external_models/R&D GREET2025_Rev1/R&D GREET1_2025_Rev1.xlsm,inputs/0_external_models/R&D GREET2025_Rev1/R&D GREET2_2025_Rev1.xlsm,3abed15be3442b25b66c7d991ce4ea89fd1fe534af930ae772e419241f0d976f,2be89abd169eba7180c0ca41102461682fc258a38ea143c5544bfd051ed03384,2025,2020,argonne_rd_greet_2025_rev1,road_vehicle_cycle_emissions,ldv,SUV,Vehi_Sum,F202,A202,1.7) EV: Conventional Material,bev,conventional,N2O,411.95859652895035,g/vehicle-lifetime,vehicle_cycle_total_no_eol_credits
SUV,2,50,400,Class 6 PnD Trucks,1,8,False,inputs/0_external_models/R&D GREET2025_Rev1/R&D GREET1_2025_Rev1.xlsm,inputs/0_external_models/R&D GREET2025_Rev1/R&D GREET2_2025_Rev1.xlsm,3abed15be3442b25b66c7d991ce4ea89fd1fe534af930ae772e419241f0d976f,2be89abd169eba7180c0ca41102461682fc258a38ea143c5544bfd051ed03384,2025,2020,argonne_rd_greet_2025_rev1,road_vehicle_cycle_emissions,ldv,SUV,Vehi_Sum,F230,A230,1.8) EV: Lightweight Material,bev,lightweight,CO2,12360351.640615117,g/vehicle-lifetime,vehicle_cycle_total_no_eol_credits
SUV,2,50,400,Class 6 PnD Trucks,1,8,False,inputs/0_external_models/R&D GREET2025_Rev1/R&D GREET1_2025_Rev1.xlsm,inputs/0_external_models/R&D GREET2025_Rev1/R&D GREET2_2025_Rev1.xlsm,3abed15be3442b25b66c7d991ce4ea89fd1fe534af930ae772e419241f0d976f,2be89abd169eba7180c0ca41102461682fc258a38ea143c5544bfd051ed03384,2025,2020,argonne_rd_greet_2025_rev1,road_vehicle_cycle_emissions,ldv,SUV,Vehi_Sum,F232,A232,1.8) EV: Lightweight Material,bev,lightweight,CH4,28016.084273073822,g/vehicle-lifetime,vehicle_cycle_total_no_eol_credits
SUV,2,50,400,Class 6 PnD Trucks,1,8,False,inputs/0_external_models/R&D GREET2025_Rev1/R&D GREET1_2025_Rev1.xlsm,inputs/0_external_models/R&D GREET2025_Rev1/R&D GREET2_2025_Rev1.xlsm,3abed15be3442b25b66c7d991ce4ea89fd1fe534af930ae772e419241f0d976f,2be89abd169eba7180c0ca41102461682fc258a38ea143c5544bfd051ed03384,2025,2020,argonne_rd_greet_2025_rev1,road_vehicle_cycle_emissions,ldv,SUV,Vehi_Sum,F233,A233,1.8) EV: Lightweight Material,bev,lightweight,N2O,418.34841802711384,g/vehicle-lifetime,vehicle_cycle_total_no_eol_credits
SUV,2,50,400,Class 6 PnD Trucks,1,8,False,inputs/0_external_models/R&D GREET2025_Rev1/R&D GREET1_2025_Rev1.xlsm,inputs/0_external_models/R&D GREET2025_Rev1/R&D GREET2_2025_Rev1.xlsm,3abed15be3442b25b66c7d991ce4ea89fd1fe534af930ae772e419241f0d976f,2be89abd169eba7180c0ca41102461682fc258a38ea143c5544bfd051ed03384,2025,2020,argonne_rd_greet_2025_rev1,road_vehicle_cycle_emissions,ldv,SUV,Vehi_Sum,F261,A261,1.9) FCV: Conventional Material,fcev,conventional,CO2,7493673.905710698,g/vehicle-lifetime,vehicle_cycle_total_no_eol_credits
SUV,2,50,400,Class 6 PnD Trucks,1,8,False,inputs/0_external_models/R&D GREET2025_Rev1/R&D GREET1_2025_Rev1.xlsm,inputs/0_external_models/R&D GREET2025_Rev1/R&D GREET2_2025_Rev1.xlsm,3abed15be3442b25b66c7d991ce4ea89fd1fe534af930ae772e419241f0d976f,2be89abd169eba7180c0ca41102461682fc258a38ea143c5544bfd051ed03384,2025,2020,argonne_rd_greet_2025_rev1,road_vehicle_cycle_emissions,ldv,SUV,Vehi_Sum,F263,A263,1.9) FCV: Conventional Material,fcev,conventional,CH4,18029.409008966304,g/vehicle-lifetime,vehicle_cycle_total_no_eol_credits
SUV,2,50,400,Class 6 PnD Trucks,1,8,False,inputs/0_external_models/R&D GREET2025_Rev1/R&D GREET1_2025_Rev1.xlsm,inputs/0_external_models/R&D GREET2025_Rev1/R&D GREET2_2025_Rev1.xlsm,3abed15be3442b25b66c7d991ce4ea89fd1fe534af930ae772e419241f0d976f,2be89abd169eba7180c0ca41102461682fc258a38ea143c5544bfd051ed03384,2025,2020,argonne_rd_greet_2025_rev1,road_vehicle_cycle_emissions,ldv,SUV,Vehi_Sum,F264,A264,1.9) FCV: Conventional Material,fcev,conventional,N2O,266.94689244128455,g/vehicle-lifetime,vehicle_cycle_total_no_eol_credits
SUV,2,50,400,Class 6 PnD Trucks,1,8,False,inputs/0_external_models/R&D GREET2025_Rev1/R&D GREET1_2025_Rev1.xlsm,inputs/0_external_models/R&D GREET2025_Rev1/R&D GREET2_2025_Rev1.xlsm,3abed15be3442b25b66c7d991ce4ea89fd1fe534af930ae772e419241f0d976f,2be89abd169eba7180c0ca41102461682fc258a38ea143c5544bfd051ed03384,2025,2020,argonne_rd_greet_2025_rev1,road_vehicle_cycle_emissions,ldv,SUV,Vehi_Sum,F292,A292,1.10) FCV: Lightweight Material,fcev,lightweight,CO2,9619710.765171122,g/vehicle-lifetime,vehicle_cycle_total_no_eol_credits
SUV,2,50,400,Class 6 PnD Trucks,1,8,False,inputs/0_external_models/R&D GREET2025_Rev1/R&D GREET1_2025_Rev1.xlsm,inputs/0_external_models/R&D GREET2025_Rev1/R&D GREET2_2025_Rev1.xlsm,3abed15be3442b25b66c7d991ce4ea89fd1fe534af930ae772e419241f0d976f,2be89abd169eba7180c0ca41102461682fc258a38ea143c5544bfd051ed03384,2025,2020,argonne_rd_greet_2025_rev1,road_vehicle_cycle_emissions,ldv,SUV,Vehi_Sum,F294,A294,1.10) FCV: Lightweight Material,fcev,lightweight,CH4,24384.44598162074,g/vehicle-lifetime,vehicle_cycle_total_no_eol_credits
SUV,2,50,400,Class 6 PnD Trucks,1,8,False,inputs/0_external_models/R&D GREET2025_Rev1/R&D GREET1_2025_Rev1.xlsm,inputs/0_external_models/R&D GREET2025_Rev1/R&D GREET2_2025_Rev1.xlsm,3abed15be3442b25b66c7d991ce4ea89fd1fe534af930ae772e419241f0d976f,2be89abd169eba7180c0ca41102461682fc258a38ea143c5544bfd051ed03384,2025,2020,argonne_rd_greet_2025_rev1,road_vehicle_cycle_emissions,ldv,SUV,Vehi_Sum,F295,A295,1.10) FCV: Lightweight Material,fcev,lightweight,N2O,347.9370277654682,g/vehicle-lifetime,vehicle_cycle_total_no_eol_credits
SUV,2,50,400,Class 6 PnD Trucks,1,8,False,inputs/0_external_models/R&D GREET2025_Rev1/R&D GREET1_2025_Rev1.xlsm,inputs/0_external_models/R&D GREET2025_Rev1/R&D GREET2_2025_Rev1.xlsm,3abed15be3442b25b66c7d991ce4ea89fd1fe534af930ae772e419241f0d976f,2be89abd169eba7180c0ca41102461682fc258a38ea143c5544bfd051ed03384,2025,2020,argonne_rd_greet_2025_rev1,road_vehicle_cycle_emissions,mhdv,Class 6 PnD Trucks,MHDV_Sum,G13,A13,1.1) ICEV,icev,none,CO2,17814591.789810307,g/vehicle-lifetime,vehicle_cycle_total_no_eol_credits
SUV,2,50,400,Class 6 PnD Trucks,1,8,False,inputs/0_external_models/R&D GREET2025_Rev1/R&D GREET1_2025_Rev1.xlsm,inputs/0_external_models/R&D GREET2025_Rev1/R&D GREET2_2025_Rev1.xlsm,3abed15be3442b25b66c7d991ce4ea89fd1fe534af930ae772e419241f0d976f,2be89abd169eba7180c0ca41102461682fc258a38ea143c5544bfd051ed03384,2025,2020,argonne_rd_greet_2025_rev1,road_vehicle_cycle_emissions,mhdv,Class 6 PnD Trucks,MHDV_Sum,G15,A15,1.1) ICEV,icev,none,CH4,33984.61026012566,g/vehicle-lifetime,vehicle_cycle_total_no_eol_credits
SUV,2,50,400,Class 6 PnD Trucks,1,8,False,inputs/0_external_models/R&D GREET2025_Rev1/R&D GREET1_2025_Rev1.xlsm,inputs/0_external_models/R&D GREET2025_Rev1/R&D GREET2_2025_Rev1.xlsm,3abed15be3442b25b66c7d991ce4ea89fd1fe534af930ae772e419241f0d976f,2be89abd169eba7180c0ca41102461682fc258a38ea143c5544bfd051ed03384,2025,2020,argonne_rd_greet_2025_rev1,road_vehicle_cycle_emissions,mhdv,Class 6 PnD Trucks,MHDV_Sum,G16,A16,1.1) ICEV,icev,none,N2O,336.9746755969985,g/vehicle-lifetime,vehicle_cycle_total_no_eol_credits
SUV,2,50,400,Class 6 PnD Trucks,1,8,False,inputs/0_external_models/R&D GREET2025_Rev1/R&D GREET1_2025_Rev1.xlsm,inputs/0_external_models/R&D GREET2025_Rev1/R&D GREET2_2025_Rev1.xlsm,3abed15be3442b25b66c7d991ce4ea89fd1fe534af930ae772e419241f0d976f,2be89abd169eba7180c0ca41102461682fc258a38ea143c5544bfd051ed03384,2025,2020,argonne_rd_greet_2025_rev1,road_vehicle_cycle_emissions,mhdv,Class 6 PnD Trucks,MHDV_Sum,G44,A44,1.2) HEV,hev,none,CO2,18333102.181475896,g/vehicle-lifetime,vehicle_cycle_total_no_eol_credits
SUV,2,50,400,Class 6 PnD Trucks,1,8,False,inputs/0_external_models/R&D GREET2025_Rev1/R&D GREET1_2025_Rev1.xlsm,inputs/0_external_models/R&D GREET2025_Rev1/R&D GREET2_2025_Rev1.xlsm,3abed15be3442b25b66c7d991ce4ea89fd1fe534af930ae772e419241f0d976f,2be89abd169eba7180c0ca41102461682fc258a38ea143c5544bfd051ed03384,2025,2020,argonne_rd_greet_2025_rev1,road_vehicle_cycle_emissions,mhdv,Class 6 PnD Trucks,MHDV_Sum,G46,A46,1.2) HEV,hev,none,CH4,34987.40289923422,g/vehicle-lifetime,vehicle_cycle_total_no_eol_credits
SUV,2,50,400,Class 6 PnD Trucks,1,8,False,inputs/0_external_models/R&D GREET2025_Rev1/R&D GREET1_2025_Rev1.xlsm,inputs/0_external_models/R&D GREET2025_Rev1/R&D GREET2_2025_Rev1.xlsm,3abed15be3442b25b66c7d991ce4ea89fd1fe534af930ae772e419241f0d976f,2be89abd169eba7180c0ca41102461682fc258a38ea143c5544bfd051ed03384,2025,2020,argonne_rd_greet_2025_rev1,road_vehicle_cycle_emissions,mhdv,Class 6 PnD Trucks,MHDV_Sum,G47,A47,1.2) HEV,hev,none,N2O,367.90150824555917,g/vehicle-lifetime,vehicle_cycle_total_no_eol_credits
SUV,2,50,400,Class 6 PnD Trucks,1,8,False,inputs/0_external_models/R&D GREET2025_Rev1/R&D GREET1_2025_Rev1.xlsm,inputs/0_external_models/R&D GREET2025_Rev1/R&D GREET2_2025_Rev1.xlsm,3abed15be3442b25b66c7d991ce4ea89fd1fe534af930ae772e419241f0d976f,2be89abd169eba7180c0ca41102461682fc258a38ea143c5544bfd051ed03384,2025,2020,argonne_rd_greet_2025_rev1,road_vehicle_cycle_emissions,mhdv,Class 6 PnD Trucks,MHDV_Sum,G75,A75,1.3) EV,bev,none,CO2,29416143.833984002,g/vehicle-lifetime,vehicle_cycle_total_no_eol_credits
SUV,2,50,400,Class 6 PnD Trucks,1,8,False,inputs/0_external_models/R&D GREET2025_Rev1/R&D GREET1_2025_Rev1.xlsm,inputs/0_external_models/R&D GREET2025_Rev1/R&D GREET2_2025_Rev1.xlsm,3abed15be3442b25b66c7d991ce4ea89fd1fe534af930ae772e419241f0d976f,2be89abd169eba7180c0ca41102461682fc258a38ea143c5544bfd051ed03384,2025,2020,argonne_rd_greet_2025_rev1,road_vehicle_cycle_emissions,mhdv,Class 6 PnD Trucks,MHDV_Sum,G77,A77,1.3) EV,bev,none,CH4,55954.54371452834,g/vehicle-lifetime,vehicle_cycle_total_no_eol_credits
SUV,2,50,400,Class 6 PnD Trucks,1,8,False,inputs/0_external_models/R&D GREET2025_Rev1/R&D GREET1_2025_Rev1.xlsm,inputs/0_external_models/R&D GREET2025_Rev1/R&D GREET2_2025_Rev1.xlsm,3abed15be3442b25b66c7d991ce4ea89fd1fe534af930ae772e419241f0d976f,2be89abd169eba7180c0ca41102461682fc258a38ea143c5544bfd051ed03384,2025,2020,argonne_rd_greet_2025_rev1,road_vehicle_cycle_emissions,mhdv,Class 6 PnD Trucks,MHDV_Sum,G78,A78,1.3) EV,bev,none,N2O,702.6596442728859,g/vehicle-lifetime,vehicle_cycle_total_no_eol_credits
SUV,2,50,400,Class 6 PnD Trucks,1,8,False,inputs/0_external_models/R&D GREET2025_Rev1/R&D GREET1_2025_Rev1.xlsm,inputs/0_external_models/R&D GREET2025_Rev1/R&D GREET2_2025_Rev1.xlsm,3abed15be3442b25b66c7d991ce4ea89fd1fe534af930ae772e419241f0d976f,2be89abd169eba7180c0ca41102461682fc258a38ea143c5544bfd051ed03384,2025,2020,argonne_rd_greet_2025_rev1,road_vehicle_cycle_emissions,mhdv,Class 6 PnD Trucks,MHDV_Sum,G106,A106,1.4) FCV,fcev,none,CO2,22456533.43579129,g/vehicle-lifetime,vehicle_cycle_total_no_eol_credits
SUV,2,50,400,Class 6 PnD Trucks,1,8,False,inputs/0_external_models/R&D GREET2025_Rev1/R&D GREET1_2025_Rev1.xlsm,inputs/0_external_models/R&D GREET2025_Rev1/R&D GREET2_2025_Rev1.xlsm,3abed15be3442b25b66c7d991ce4ea89fd1fe534af930ae772e419241f0d976f,2be89abd169eba7180c0ca41102461682fc258a38ea143c5544bfd051ed03384,2025,2020,argonne_rd_greet_2025_rev1,road_vehicle_cycle_emissions,mhdv,Class 6 PnD Trucks,MHDV_Sum,G108,A108,1.4) FCV,fcev,none,CH4,46226.268830381465,g/vehicle-lifetime,vehicle_cycle_total_no_eol_credits
SUV,2,50,400,Class 6 PnD Trucks,1,8,False,inputs/0_external_models/R&D GREET2025_Rev1/R&D GREET1_2025_Rev1.xlsm,inputs/0_external_models/R&D GREET2025_Rev1/R&D GREET2_2025_Rev1.xlsm,3abed15be3442b25b66c7d991ce4ea89fd1fe534af930ae772e419241f0d976f,2be89abd169eba7180c0ca41102461682fc258a38ea143c5544bfd051ed03384,2025,2020,argonne_rd_greet_2025_rev1,road_vehicle_cycle_emissions,mhdv,Class 6 PnD Trucks,MHDV_Sum,G109,A109,1.4) FCV,fcev,none,N2O,498.7322965018775,g/vehicle-lifetime,vehicle_cycle_total_no_eol_credits
SUV,2,50,150,Class 6 PnD Trucks,1,9,False,inputs/0_external_models/R&D GREET2025_Rev1/R&D GREET1_2025_Rev1.xlsm,inputs/0_external_models/R&D GREET2025_Rev1/R&D GREET2_2025_Rev1.xlsm,3abed15be3442b25b66c7d991ce4ea89fd1fe534af930ae772e419241f0d976f,2be89abd169eba7180c0ca41102461682fc258a38ea143c5544bfd051ed03384,2025,2020,argonne_rd_greet_2025_rev1,road_vehicle_cycle_emissions,ldv,SUV,Vehi_Sum,F13,A13,1.1) ICEV: Conventional Material,icev,conventional,CO2,6332983.137454158,g/vehicle-lifetime,vehicle_cycle_total_no_eol_credits
SUV,2,50,150,Class 6 PnD Trucks,1,9,False,inputs/0_external_models/R&D GREET2025_Rev1/R&D GREET1_2025_Rev1.xlsm,inputs/0_external_models/R&D GREET2025_Rev1/R&D GREET2_2025_Rev1.xlsm,3abed15be3442b25b66c7d991ce4ea89fd1fe534af930ae772e419241f0d976f,2be89abd169eba7180c0ca41102461682fc258a38ea143c5544bfd051ed03384,2025,2020,argonne_rd_greet_2025_rev1,road_vehicle_cycle_emissions,ldv,SUV,Vehi_Sum,F15,A15,1.1) ICEV: Conventional Material,icev,conventional,CH4,14394.59462971612,g/vehicle-lifetime,vehicle_cycle_total_no_eol_credits
SUV,2,50,150,Class 6 PnD Trucks,1,9,False,inputs/0_external_models/R&D GREET2025_Rev1/R&D GREET1_2025_Rev1.xlsm,inputs/0_external_models/R&D GREET2025_Rev1/R&D GREET2_2025_Rev1.xlsm,3abed15be3442b25b66c7d991ce4ea89fd1fe534af930ae772e419241f0d976f,2be89abd169eba7180c0ca41102461682fc258a38ea143c5544bfd051ed03384,2025,2020,argonne_rd_greet_2025_rev1,road_vehicle_cycle_emissions,ldv,SUV,Vehi_Sum,F16,A16,1.1) ICEV: Conventional Material,icev,conventional,N2O,186.5049448527784,g/vehicle-lifetime,vehicle_cycle_total_no_eol_credits
SUV,2,50,150,Class 6 PnD Trucks,1,9,False,inputs/0_external_models/R&D GREET2025_Rev1/R&D GREET1_2025_Rev1.xlsm,inputs/0_external_models/R&D GREET2025_Rev1/R&D GREET2_2025_Rev1.xlsm,3abed15be3442b25b66c7d991ce4ea89fd1fe534af930ae772e419241f0d976f,2be89abd169eba7180c0ca41102461682fc258a38ea143c5544bfd051ed03384,2025,2020,argonne_rd_greet_2025_rev1,road_vehicle_cycle_emissions,ldv,SUV,Vehi_Sum,F44,A44,1.2) ICEV: Lightweight Material,icev,lightweight,CO2,8212767.4161944,g/vehicle-lifetime,vehicle_cycle_total_no_eol_credits
SUV,2,50,150,Class 6 PnD Trucks,1,9,False,inputs/0_external_models/R&D GREET2025_Rev1/R&D GREET1_2025_Rev1.xlsm,inputs/0_external_models/R&D GREET2025_Rev1/R&D GREET2_2025_Rev1.xlsm,3abed15be3442b25b66c7d991ce4ea89fd1fe534af930ae772e419241f0d976f,2be89abd169eba7180c0ca41102461682fc258a38ea143c5544bfd051ed03384,2025,2020,argonne_rd_greet_2025_rev1,road_vehicle_cycle_emissions,ldv,SUV,Vehi_Sum,F46,A46,1.2) ICEV: Lightweight Material,icev,lightweight,CH4,20082.88161735281,g/vehicle-lifetime,vehicle_cycle_total_no_eol_credits
SUV,2,50,150,Class 6 PnD Trucks,1,9,False,inputs/0_external_models/R&D GREET2025_Rev1/R&D GREET1_2025_Rev1.xlsm,inputs/0_external_models/R&D GREET2025_Rev1/R&D GREET2_2025_Rev1.xlsm,3abed15be3442b25b66c7d991ce4ea89fd1fe534af930ae772e419241f0d976f,2be89abd169eba7180c0ca41102461682fc258a38ea143c5544bfd051ed03384,2025,2020,argonne_rd_greet_2025_rev1,road_vehicle_cycle_emissions,ldv,SUV,Vehi_Sum,F47,A47,1.2) ICEV: Lightweight Material,icev,lightweight,N2O,244.64823562621734,g/vehicle-lifetime,vehicle_cycle_total_no_eol_credits
SUV,2,50,150,Class 6 PnD Trucks,1,9,False,inputs/0_external_models/R&D GREET2025_Rev1/R&D GREET1_2025_Rev1.xlsm,inputs/0_external_models/R&D GREET2025_Rev1/R&D GREET2_2025_Rev1.xlsm,3abed15be3442b25b66c7d991ce4ea89fd1fe534af930ae772e419241f0d976f,2be89abd169eba7180c0ca41102461682fc258a38ea143c5544bfd051ed03384,2025,2020,argonne_rd_greet_2025_rev1,road_vehicle_cycle_emissions,ldv,SUV,Vehi_Sum,F75,A75,1.3) HEV: Conventional Material,hev,conventional,CO2,6746556.176368394,g/vehicle-lifetime,vehicle_cycle_total_no_eol_credits
SUV,2,50,150,Class 6 PnD Trucks,1,9,False,inputs/0_external_models/R&D GREET2025_Rev1/R&D GREET1_2025_Rev1.xlsm,inputs/0_external_models/R&D GREET2025_Rev1/R&D GREET2_2025_Rev1.xlsm,3abed15be3442b25b66c7d991ce4ea89fd1fe534af930ae772e419241f0d976f,2be89abd169eba7180c0ca41102461682fc258a38ea143c5544bfd051ed03384,2025,2020,argonne_rd_greet_2025_rev1,road_vehicle_cycle_emissions,ldv,SUV,Vehi_Sum,F77,A77,1.3) HEV: Conventional Material,hev,conventional,CH4,15220.619886507924,g/vehicle-lifetime,vehicle_cycle_total_no_eol_credits
SUV,2,50,150,Class 6 PnD Trucks,1,9,False,inputs/0_external_models/R&D GREET2025_Rev1/R&D GREET1_2025_Rev1.xlsm,inputs/0_external_models/R&D GREET2025_Rev1/R&D GREET2_2025_Rev1.xlsm,3abed15be3442b25b66c7d991ce4ea89fd1fe534af930ae772e419241f0d976f,2be89abd169eba7180c0ca41102461682fc258a38ea143c5544bfd051ed03384,2025,2020,argonne_rd_greet_2025_rev1,road_vehicle_cycle_emissions,ldv,SUV,Vehi_Sum,F78,A78,1.3) HEV: Conventional Material,hev,conventional,N2O,256.7929794887776,g/vehicle-lifetime,vehicle_cycle_total_no_eol_credits
SUV,2,50,150,Class 6 PnD Trucks,1,9,False,inputs/0_external_models/R&D GREET2025_Rev1/R&D GREET1_2025_Rev1.xlsm,inputs/0_external_models/R&D GREET2025_Rev1/R&D GREET2_2025_Rev1.xlsm,3abed15be3442b25b66c7d991ce4ea89fd1fe534af930ae772e419241f0d976f,2be89abd169eba7180c0ca41102461682fc258a38ea143c5544bfd051ed03384,2025,2020,argonne_rd_greet_2025_rev1,road_vehicle_cycle_emissions,ldv,SUV,Vehi_Sum,F106,A106,1.4) HEV: Lightweight Material,hev,lightweight,CO2,8569583.004411096,g/vehicle-lifetime,vehicle_cycle_total_no_eol_credits
SUV,2,50,150,Class 6 PnD Trucks,1,9,False,inputs/0_external_models/R&D GREET2025_Rev1/R&D GREET1_2025_Rev1.xlsm,inputs/0_external_models/R&D GREET2025_Rev1/R&D GREET2_2025_Rev1.xlsm,3abed15be3442b25b66c7d991ce4ea89fd1fe534af930ae772e419241f0d976f,2be89abd169eba7180c0ca41102461682fc258a38ea143c5544bfd051ed03384,2025,2020,argonne_rd_greet_2025_rev1,road_vehicle_cycle_emissions,ldv,SUV,Vehi_Sum,F108,A108,1.4) HEV: Lightweight Material,hev,lightweight,CH4,20573.917972039057,g/vehicle-lifetime,vehicle_cycle_total_no_eol_credits
SUV,2,50,150,Class 6 PnD Trucks,1,9,False,inputs/0_external_models/R&D GREET2025_Rev1/R&D GREET1_2025_Rev1.xlsm,inputs/0_external_models/R&D GREET2025_Rev1/R&D GREET2_2025_Rev1.xlsm,3abed15be3442b25b66c7d991ce4ea89fd1fe534af930ae772e419241f0d976f,2be89abd169eba7180c0ca41102461682fc258a38ea143c5544bfd051ed03384,2025,2020,argonne_rd_greet_2025_rev1,road_vehicle_cycle_emissions,ldv,SUV,Vehi_Sum,F109,A109,1.4) HEV: Lightweight Material,hev,lightweight,N2O,311.58442078249846,g/vehicle-lifetime,vehicle_cycle_total_no_eol_credits
SUV,2,50,150,Class 6 PnD Trucks,1,9,False,inputs/0_external_models/R&D GREET2025_Rev1/R&D GREET1_2025_Rev1.xlsm,inputs/0_external_models/R&D GREET2025_Rev1/R&D GREET2_2025_Rev1.xlsm,3abed15be3442b25b66c7d991ce4ea89fd1fe534af930ae772e419241f0d976f,2be89abd169eba7180c0ca41102461682fc258a38ea143c5544bfd051ed03384,2025,2020,argonne_rd_greet_2025_rev1,road_vehicle_cycle_emissions,ldv,SUV,Vehi_Sum,F137,A137,1.5) PHEV: Conventional Material,phev,conventional,CO2,7802778.683912489,g/vehicle-lifetime,vehicle_cycle_total_no_eol_credits
SUV,2,50,150,Class 6 PnD Trucks,1,9,False,inputs/0_external_models/R&D GREET2025_Rev1/R&D GREET1_2025_Rev1.xlsm,inputs/0_external_models/R&D GREET2025_Rev1/R&D GREET2_2025_Rev1.xlsm,3abed15be3442b25b66c7d991ce4ea89fd1fe534af930ae772e419241f0d976f,2be89abd169eba7180c0ca41102461682fc258a38ea143c5544bfd051ed03384,2025,2020,argonne_rd_greet_2025_rev1,road_vehicle_cycle_emissions,ldv,SUV,Vehi_Sum,F139,A139,1.5) PHEV: Conventional Material,phev,conventional,CH4,17174.196610769548,g/vehicle-lifetime,vehicle_cycle_total_no_eol_credits
SUV,2,50,150,Class 6 PnD Trucks,1,9,False,inputs/0_external_models/R&D GREET2025_Rev1/R&D GREET1_2025_Rev1.xlsm,inputs/0_external_models/R&D GREET2025_Rev1/R&D GREET2_2025_Rev1.xlsm,3abed15be3442b25b66c7d991ce4ea89fd1fe534af930ae772e419241f0d976f,2be89abd169eba7180c0ca41102461682fc258a38ea143c5544bfd051ed03384,2025,2020,argonne_rd_greet_2025_rev1,road_vehicle_cycle_emissions,ldv,SUV,Vehi_Sum,F140,A140,1.5) PHEV: Conventional Material,phev,conventional,N2O,253.33289352819952,g/vehicle-lifetime,vehicle_cycle_total_no_eol_credits
SUV,2,50,150,Class 6 PnD Trucks,1,9,False,inputs/0_external_models/R&D GREET2025_Rev1/R&D GREET1_2025_Rev1.xlsm,inputs/0_external_models/R&D GREET2025_Rev1/R&D GREET2_2025_Rev1.xlsm,3abed15be3442b25b66c7d991ce4ea89fd1fe534af930ae772e419241f0d976f,2be89abd169eba7180c0ca41102461682fc258a38ea143c5544bfd051ed03384,2025,2020,argonne_rd_greet_2025_rev1,road_vehicle_cycle_emissions,ldv,SUV,Vehi_Sum,F168,A168,1.6) PHEV: Lightweight Material,phev,lightweight,CO2,8764040.741445888,g/vehicle-lifetime,vehicle_cycle_total_no_eol_credits
SUV,2,50,150,Class 6 PnD Trucks,1,9,False,inputs/0_external_models/R&D GREET2025_Rev1/R&D GREET1_2025_Rev1.xlsm,inputs/0_external_models/R&D GREET2025_Rev1/R&D GREET2_2025_Rev1.xlsm,3abed15be3442b25b66c7d991ce4ea89fd1fe534af930ae772e419241f0d976f,2be89abd169eba7180c0ca41102461682fc258a38ea143c5544bfd051ed03384,2025,2020,argonne_rd_greet_2025_rev1,road_vehicle_cycle_emissions,ldv,SUV,Vehi_Sum,F170,A170,1.6) PHEV: Lightweight Material,phev,lightweight,CH4,19712.570670290395,g/vehicle-lifetime,vehicle_cycle_total_no_eol_credits
SUV,2,50,150,Class 6 PnD Trucks,1,9,False,inputs/0_external_models/R&D GREET2025_Rev1/R&D GREET1_2025_Rev1.xlsm,inputs/0_external_models/R&D GREET2025_Rev1/R&D GREET2_2025_Rev1.xlsm,3abed15be3442b25b66c7d991ce4ea89fd1fe534af930ae772e419241f0d976f,2be89abd169eba7180c0ca41102461682fc258a38ea143c5544bfd051ed03384,2025,2020,argonne_rd_greet_2025_rev1,road_vehicle_cycle_emissions,ldv,SUV,Vehi_Sum,F171,A171,1.6) PHEV: Lightweight Material,phev,lightweight,N2O,274.35207369760997,g/vehicle-lifetime,vehicle_cycle_total_no_eol_credits
SUV,2,50,150,Class 6 PnD Trucks,1,9,False,inputs/0_external_models/R&D GREET2025_Rev1/R&D GREET1_2025_Rev1.xlsm,inputs/0_external_models/R&D GREET2025_Rev1/R&D GREET2_2025_Rev1.xlsm,3abed15be3442b25b66c7d991ce4ea89fd1fe534af930ae772e419241f0d976f,2be89abd169eba7180c0ca41102461682fc258a38ea143c5544bfd051ed03384,2025,2020,argonne_rd_greet_2025_rev1,road_vehicle_cycle_emissions,ldv,SUV,Vehi_Sum,F199,A199,1.7) EV: Conventional Material,bev,conventional,CO2,7966406.062618433,g/vehicle-lifetime,vehicle_cycle_total_no_eol_credits
SUV,2,50,150,Class 6 PnD Trucks,1,9,False,inputs/0_external_models/R&D GREET2025_Rev1/R&D GREET1_2025_Rev1.xlsm,inputs/0_external_models/R&D GREET2025_Rev1/R&D GREET2_2025_Rev1.xlsm,3abed15be3442b25b66c7d991ce4ea89fd1fe534af930ae772e419241f0d976f,2be89abd169eba7180c0ca41102461682fc258a38ea143c5544bfd051ed03384,2025,2020,argonne_rd_greet_2025_rev1,road_vehicle_cycle_emissions,ldv,SUV,Vehi_Sum,F201,A201,1.7) EV: Conventional Material,bev,conventional,CH4,17764.390489162593,g/vehicle-lifetime,vehicle_cycle_total_no_eol_credits
SUV,2,50,150,Class 6 PnD Trucks,1,9,False,inputs/0_external_models/R&D GREET2025_Rev1/R&D GREET1_2025_Rev1.xlsm,inputs/0_external_models/R&D GREET2025_Rev1/R&D GREET2_2025_Rev1.xlsm,3abed15be3442b25b66c7d991ce4ea89fd1fe534af930ae772e419241f0d976f,2be89abd169eba7180c0ca41102461682fc258a38ea143c5544bfd051ed03384,2025,2020,argonne_rd_greet_2025_rev1,road_vehicle_cycle_emissions,ldv,SUV,Vehi_Sum,F202,A202,1.7) EV: Conventional Material,bev,conventional,N2O,256.6290091130427,g/vehicle-lifetime,vehicle_cycle_total_no_eol_credits
SUV,2,50,150,Class 6 PnD Trucks,1,9,False,inputs/0_external_models/R&D GREET2025_Rev1/R&D GREET1_2025_Rev1.xlsm,inputs/0_external_models/R&D GREET2025_Rev1/R&D GREET2_2025_Rev1.xlsm,3abed15be3442b25b66c7d991ce4ea89fd1fe534af930ae772e419241f0d976f,2be89abd169eba7180c0ca41102461682fc258a38ea143c5544bfd051ed03384,2025,2020,argonne_rd_greet_2025_rev1,road_vehicle_cycle_emissions,ldv,SUV,Vehi_Sum,F230,A230,1.8) EV: Lightweight Material,bev,lightweight,CO2,12767837.180985441,g/vehicle-lifetime,vehicle_cycle_total_no_eol_credits
SUV,2,50,150,Class 6 PnD Trucks,1,9,False,inputs/0_external_models/R&D GREET2025_Rev1/R&D GREET1_2025_Rev1.xlsm,inputs/0_external_models/R&D GREET2025_Rev1/R&D GREET2_2025_Rev1.xlsm,3abed15be3442b25b66c7d991ce4ea89fd1fe534af930ae772e419241f0d976f,2be89abd169eba7180c0ca41102461682fc258a38ea143c5544bfd051ed03384,2025,2020,argonne_rd_greet_2025_rev1,road_vehicle_cycle_emissions,ldv,SUV,Vehi_Sum,F232,A232,1.8) EV: Lightweight Material,bev,lightweight,CH4,28929.93824956483,g/vehicle-lifetime,vehicle_cycle_total_no_eol_credits
SUV,2,50,150,Class 6 PnD Trucks,1,9,False,inputs/0_external_models/R&D GREET2025_Rev1/R&D GREET1_2025_Rev1.xlsm,inputs/0_external_models/R&D GREET2025_Rev1/R&D GREET2_2025_Rev1.xlsm,3abed15be3442b25b66c7d991ce4ea89fd1fe534af930ae772e419241f0d976f,2be89abd169eba7180c0ca41102461682fc258a38ea143c5544bfd051ed03384,2025,2020,argonne_rd_greet_2025_rev1,road_vehicle_cycle_emissions,ldv,SUV,Vehi_Sum,F233,A233,1.8) EV: Lightweight Material,bev,lightweight,N2O,430.69366644066054,g/vehicle-lifetime,vehicle_cycle_total_no_eol_credits
SUV,2,50,150,Class 6 PnD Trucks,1,9,False,inputs/0_external_models/R&D GREET2025_Rev1/R&D GREET1_2025_Rev1.xlsm,inputs/0_external_models/R&D GREET2025_Rev1/R&D GREET2_2025_Rev1.xlsm,3abed15be3442b25b66c7d991ce4ea89fd1fe534af930ae772e419241f0d976f,2be89abd169eba7180c0ca41102461682fc258a38ea143c5544bfd051ed03384,2025,2020,argonne_rd_greet_2025_rev1,road_vehicle_cycle_emissions,ldv,SUV,Vehi_Sum,F261,A261,1.9) FCV: Conventional Material,fcev,conventional,CO2,7493673.905710698,g/vehicle-lifetime,vehicle_cycle_total_no_eol_credits
SUV,2,50,150,Class 6 PnD Trucks,1,9,False,inputs/0_external_models/R&D GREET2025_Rev1/R&D GREET1_2025_Rev1.xlsm,inputs/0_external_models/R&D GREET2025_Rev1/R&D GREET2_2025_Rev1.xlsm,3abed15be3442b25b66c7d991ce4ea89fd1fe534af930ae772e419241f0d976f,2be89abd169eba7180c0ca41102461682fc258a38ea143c5544bfd051ed03384,2025,2020,argonne_rd_greet_2025_rev1,road_vehicle_cycle_emissions,ldv,SUV,Vehi_Sum,F263,A263,1.9) FCV: Conventional Material,fcev,conventional,CH4,18029.409008966304,g/vehicle-lifetime,vehicle_cycle_total_no_eol_credits
SUV,2,50,150,Class 6 PnD Trucks,1,9,False,inputs/0_external_models/R&D GREET2025_Rev1/R&D GREET1_2025_Rev1.xlsm,inputs/0_external_models/R&D GREET2025_Rev1/R&D GREET2_2025_Rev1.xlsm,3abed15be3442b25b66c7d991ce4ea89fd1fe534af930ae772e419241f0d976f,2be89abd169eba7180c0ca41102461682fc258a38ea143c5544bfd051ed03384,2025,2020,argonne_rd_greet_2025_rev1,road_vehicle_cycle_emissions,ldv,SUV,Vehi_Sum,F264,A264,1.9) FCV: Conventional Material,fcev,conventional,N2O,266.94689244128455,g/vehicle-lifetime,vehicle_cycle_total_no_eol_credits
SUV,2,50,150,Class 6 PnD Trucks,1,9,False,inputs/0_external_models/R&D GREET2025_Rev1/R&D GREET1_2025_Rev1.xlsm,inputs/0_external_models/R&D GREET2025_Rev1/R&D GREET2_2025_Rev1.xlsm,3abed15be3442b25b66c7d991ce4ea89fd1fe534af930ae772e419241f0d976f,2be89abd169eba7180c0ca41102461682fc258a38ea143c5544bfd051ed03384,2025,2020,argonne_rd_greet_2025_rev1,road_vehicle_cycle_emissions,ldv,SUV,Vehi_Sum,F292,A292,1.10) FCV: Lightweight Material,fcev,lightweight,CO2,9619710.765171122,g/vehicle-lifetime,vehicle_cycle_total_no_eol_credits
SUV,2,50,150,Class 6 PnD Trucks,1,9,False,inputs/0_external_models/R&D GREET2025_Rev1/R&D GREET1_2025_Rev1.xlsm,inputs/0_external_models/R&D GREET2025_Rev1/R&D GREET2_2025_Rev1.xlsm,3abed15be3442b25b66c7d991ce4ea89fd1fe534af930ae772e419241f0d976f,2be89abd169eba7180c0ca41102461682fc258a38ea143c5544bfd051ed03384,2025,2020,argonne_rd_greet_2025_rev1,road_vehicle_cycle_emissions,ldv,SUV,Vehi_Sum,F294,A294,1.10) FCV: Lightweight Material,fcev,lightweight,CH4,24384.44598162074,g/vehicle-lifetime,vehicle_cycle_total_no_eol_credits
SUV,2,50,150,Class 6 PnD Trucks,1,9,False,inputs/0_external_models/R&D GREET2025_Rev1/R&D GREET1_2025_Rev1.xlsm,inputs/0_external_models/R&D GREET2025_Rev1/R&D GREET2_2025_Rev1.xlsm,3abed15be3442b25b66c7d991ce4ea89fd1fe534af930ae772e419241f0d976f,2be89abd169eba7180c0ca41102461682fc258a38ea143c5544bfd051ed03384,2025,2020,argonne_rd_greet_2025_rev1,road_vehicle_cycle_emissions,ldv,SUV,Vehi_Sum,F295,A295,1.10) FCV: Lightweight Material,fcev,lightweight,N2O,347.9370277654682,g/vehicle-lifetime,vehicle_cycle_total_no_eol_credits
SUV,2,50,150,Class 6 PnD Trucks,1,9,False,inputs/0_external_models/R&D GREET2025_Rev1/R&D GREET1_2025_Rev1.xlsm,inputs/0_external_models/R&D GREET2025_Rev1/R&D GREET2_2025_Rev1.xlsm,3abed15be3442b25b66c7d991ce4ea89fd1fe534af930ae772e419241f0d976f,2be89abd169eba7180c0ca41102461682fc258a38ea143c5544bfd051ed03384,2025,2020,argonne_rd_greet_2025_rev1,road_vehicle_cycle_emissions,mhdv,Class 6 PnD Trucks,MHDV_Sum,G13,A13,1.1) ICEV,icev,none,CO2,17814591.789810307,g/vehicle-lifetime,vehicle_cycle_total_no_eol_credits
SUV,2,50,150,Class 6 PnD Trucks,1,9,False,inputs/0_external_models/R&D GREET2025_Rev1/R&D GREET1_2025_Rev1.xlsm,inputs/0_external_models/R&D GREET2025_Rev1/R&D GREET2_2025_Rev1.xlsm,3abed15be3442b25b66c7d991ce4ea89fd1fe534af930ae772e419241f0d976f,2be89abd169eba7180c0ca41102461682fc258a38ea143c5544bfd051ed03384,2025,2020,argonne_rd_greet_2025_rev1,road_vehicle_cycle_emissions,mhdv,Class 6 PnD Trucks,MHDV_Sum,G15,A15,1.1) ICEV,icev,none,CH4,33984.61026012566,g/vehicle-lifetime,vehicle_cycle_total_no_eol_credits
SUV,2,50,150,Class 6 PnD Trucks,1,9,False,inputs/0_external_models/R&D GREET2025_Rev1/R&D GREET1_2025_Rev1.xlsm,inputs/0_external_models/R&D GREET2025_Rev1/R&D GREET2_2025_Rev1.xlsm,3abed15be3442b25b66c7d991ce4ea89fd1fe534af930ae772e419241f0d976f,2be89abd169eba7180c0ca41102461682fc258a38ea143c5544bfd051ed03384,2025,2020,argonne_rd_greet_2025_rev1,road_vehicle_cycle_emissions,mhdv,Class 6 PnD Trucks,MHDV_Sum,G16,A16,1.1) ICEV,icev,none,N2O,336.9746755969985,g/vehicle-lifetime,vehicle_cycle_total_no_eol_credits
SUV,2,50,150,Class 6 PnD Trucks,1,9,False,inputs/0_external_models/R&D GREET2025_Rev1/R&D GREET1_2025_Rev1.xlsm,inputs/0_external_models/R&D GREET2025_Rev1/R&D GREET2_2025_Rev1.xlsm,3abed15be3442b25b66c7d991ce4ea89fd1fe534af930ae772e419241f0d976f,2be89abd169eba7180c0ca41102461682fc258a38ea143c5544bfd051ed03384,2025,2020,argonne_rd_greet_2025_rev1,road_vehicle_cycle_emissions,mhdv,Class 6 PnD Trucks,MHDV_Sum,G44,A44,1.2) HEV,hev,none,CO2,18333102.181475896,g/vehicle-lifetime,vehicle_cycle_total_no_eol_credits
SUV,2,50,150,Class 6 PnD Trucks,1,9,False,inputs/0_external_models/R&D GREET2025_Rev1/R&D GREET1_2025_Rev1.xlsm,inputs/0_external_models/R&D GREET2025_Rev1/R&D GREET2_2025_Rev1.xlsm,3abed15be3442b25b66c7d991ce4ea89fd1fe534af930ae772e419241f0d976f,2be89abd169eba7180c0ca41102461682fc258a38ea143c5544bfd051ed03384,2025,2020,argonne_rd_greet_2025_rev1,road_vehicle_cycle_emissions,mhdv,Class 6 PnD Trucks,MHDV_Sum,G46,A46,1.2) HEV,hev,none,CH4,34987.40289923422,g/vehicle-lifetime,vehicle_cycle_total_no_eol_credits
SUV,2,50,150,Class 6 PnD Trucks,1,9,False,inputs/0_external_models/R&D GREET2025_Rev1/R&D GREET1_2025_Rev1.xlsm,inputs/0_external_models/R&D GREET2025_Rev1/R&D GREET2_2025_Rev1.xlsm,3abed15be3442b25b66c7d991ce4ea89fd1fe534af930ae772e419241f0d976f,2be89abd169eba7180c0ca41102461682fc258a38ea143c5544bfd051ed03384,2025,2020,argonne_rd_greet_2025_rev1,road_vehicle_cycle_emissions,mhdv,Class 6 PnD Trucks,MHDV_Sum,G47,A47,1.2) HEV,hev,none,N2O,367.90150824555917,g/vehicle-lifetime,vehicle_cycle_total_no_eol_credits
SUV,2,50,150,Class 6 PnD Trucks,1,9,False,inputs/0_external_models/R&D GREET2025_Rev1/R&D GREET1_2025_Rev1.xlsm,inputs/0_external_models/R&D GREET2025_Rev1/R&D GREET2_2025_Rev1.xlsm,3abed15be3442b25b66c7d991ce4ea89fd1fe534af930ae772e419241f0d976f,2be89abd169eba7180c0ca41102461682fc258a38ea143c5544bfd051ed03384,2025,2020,argonne_rd_greet_2025_rev1,road_vehicle_cycle_emissions,mhdv,Class 6 PnD Trucks,MHDV_Sum,G75,A75,1.3) EV,bev,none,CO2,29416143.833984002,g/vehicle-lifetime,vehicle_cycle_total_no_eol_credits
SUV,2,50,150,Class 6 PnD Trucks,1,9,False,inputs/0_external_models/R&D GREET2025_Rev1/R&D GREET1_2025_Rev1.xlsm,inputs/0_external_models/R&D GREET2025_Rev1/R&D GREET2_2025_Rev1.xlsm,3abed15be3442b25b66c7d991ce4ea89fd1fe534af930ae772e419241f0d976f,2be89abd169eba7180c0ca41102461682fc258a38ea143c5544bfd051ed03384,2025,2020,argonne_rd_greet_2025_rev1,road_vehicle_cycle_emissions,mhdv,Class 6 PnD Trucks,MHDV_Sum,G77,A77,1.3) EV,bev,none,CH4,55954.54371452834,g/vehicle-lifetime,vehicle_cycle_total_no_eol_credits
SUV,2,50,150,Class 6 PnD Trucks,1,9,False,inputs/0_external_models/R&D GREET2025_Rev1/R&D GREET1_2025_Rev1.xlsm,inputs/0_external_models/R&D GREET2025_Rev1/R&D GREET2_2025_Rev1.xlsm,3abed15be3442b25b66c7d991ce4ea89fd1fe534af930ae772e419241f0d976f,2be89abd169eba7180c0ca41102461682fc258a38ea143c5544bfd051ed03384,2025,2020,argonne_rd_greet_2025_rev1,road_vehicle_cycle_emissions,mhdv,Class 6 PnD Trucks,MHDV_Sum,G78,A78,1.3) EV,bev,none,N2O,702.6596442728859,g/vehicle-lifetime,vehicle_cycle_total_no_eol_credits
SUV,2,50,150,Class 6 PnD Trucks,1,9,False,inputs/0_external_models/R&D GREET2025_Rev1/R&D GREET1_2025_Rev1.xlsm,inputs/0_external_models/R&D GREET2025_Rev1/R&D GREET2_2025_Rev1.xlsm,3abed15be3442b25b66c7d991ce4ea89fd1fe534af930ae772e419241f0d976f,2be89abd169eba7180c0ca41102461682fc258a38ea143c5544bfd051ed03384,2025,2020,argonne_rd_greet_2025_rev1,road_vehicle_cycle_emissions,mhdv,Class 6 PnD Trucks,MHDV_Sum,G106,A106,1.4) FCV,fcev,none,CO2,22456533.43579129,g/vehicle-lifetime,vehicle_cycle_total_no_eol_credits
SUV,2,50,150,Class 6 PnD Trucks,1,9,False,inputs/0_external_models/R&D GREET2025_Rev1/R&D GREET1_2025_Rev1.xlsm,inputs/0_external_models/R&D GREET2025_Rev1/R&D GREET2_2025_Rev1.xlsm,3abed15be3442b25b66c7d991ce4ea89fd1fe534af930ae772e419241f0d976f,2be89abd169eba7180c0ca41102461682fc258a38ea143c5544bfd051ed03384,2025,2020,argonne_rd_greet_2025_rev1,road_vehicle_cycle_emissions,mhdv,Class 6 PnD Trucks,MHDV_Sum,G108,A108,1.4) FCV,fcev,none,CH4,46226.268830381465,g/vehicle-lifetime,vehicle_cycle_total_no_eol_credits
SUV,2,50,150,Class 6 PnD Trucks,1,9,False,inputs/0_external_models/R&D GREET2025_Rev1/R&D GREET1_2025_Rev1.xlsm,inputs/0_external_models/R&D GREET2025_Rev1/R&D GREET2_2025_Rev1.xlsm,3abed15be3442b25b66c7d991ce4ea89fd1fe534af930ae772e419241f0d976f,2be89abd169eba7180c0ca41102461682fc258a38ea143c5544bfd051ed03384,2025,2020,argonne_rd_greet_2025_rev1,road_vehicle_cycle_emissions,mhdv,Class 6 PnD Trucks,MHDV_Sum,G109,A109,1.4) FCV,fcev,none,N2O,498.7322965018775,g/vehicle-lifetime,vehicle_cycle_total_no_eol_credits
Pickup,3,35,150,Class 6 PnD Trucks,1,10,False,inputs/0_external_models/R&D GREET2025_Rev1/R&D GREET1_2025_Rev1.xlsm,inputs/0_external_models/R&D GREET2025_Rev1/R&D GREET2_2025_Rev1.xlsm,3abed15be3442b25b66c7d991ce4ea89fd1fe534af930ae772e419241f0d976f,2be89abd169eba7180c0ca41102461682fc258a38ea143c5544bfd051ed03384,2025,2020,argonne_rd_greet_2025_rev1,road_vehicle_cycle_emissions,ldv,Pickup,Vehi_Sum,F13,A13,1.1) ICEV: Conventional Material,icev,conventional,CO2,7774236.7253884645,g/vehicle-lifetime,vehicle_cycle_total_no_eol_credits
Pickup,3,35,150,Class 6 PnD Trucks,1,10,False,inputs/0_external_models/R&D GREET2025_Rev1/R&D GREET1_2025_Rev1.xlsm,inputs/0_external_models/R&D GREET2025_Rev1/R&D GREET2_2025_Rev1.xlsm,3abed15be3442b25b66c7d991ce4ea89fd1fe534af930ae772e419241f0d976f,2be89abd169eba7180c0ca41102461682fc258a38ea143c5544bfd051ed03384,2025,2020,argonne_rd_greet_2025_rev1,road_vehicle_cycle_emissions,ldv,Pickup,Vehi_Sum,F15,A15,1.1) ICEV: Conventional Material,icev,conventional,CH4,16934.044118895916,g/vehicle-lifetime,vehicle_cycle_total_no_eol_credits
Pickup,3,35,150,Class 6 PnD Trucks,1,10,False,inputs/0_external_models/R&D GREET2025_Rev1/R&D GREET1_2025_Rev1.xlsm,inputs/0_external_models/R&D GREET2025_Rev1/R&D GREET2_2025_Rev1.xlsm,3abed15be3442b25b66c7d991ce4ea89fd1fe534af930ae772e419241f0d976f,2be89abd169eba7180c0ca41102461682fc258a38ea143c5544bfd051ed03384,2025,2020,argonne_rd_greet_2025_rev1,road_vehicle_cycle_emissions,ldv,Pickup,Vehi_Sum,F16,A16,1.1) ICEV: Conventional Material,icev,conventional,N2O,206.2719833113104,g/vehicle-lifetime,vehicle_cycle_total_no_eol_credits
Pickup,3,35,150,Class 6 PnD Trucks,1,10,False,inputs/0_external_models/R&D GREET2025_Rev1/R&D GREET1_2025_Rev1.xlsm,inputs/0_external_models/R&D GREET2025_Rev1/R&D GREET2_2025_Rev1.xlsm,3abed15be3442b25b66c7d991ce4ea89fd1fe534af930ae772e419241f0d976f,2be89abd169eba7180c0ca41102461682fc258a38ea143c5544bfd051ed03384,2025,2020,argonne_rd_greet_2025_rev1,road_vehicle_cycle_emissions,ldv,Pickup,Vehi_Sum,F44,A44,1.2) ICEV: Lightweight Material,icev,lightweight,CO2,9098407.91457885,g/vehicle-lifetime,vehicle_cycle_total_no_eol_credits
Pickup,3,35,150,Class 6 PnD Trucks,1,10,False,inputs/0_external_models/R&D GREET2025_Rev1/R&D GREET1_2025_Rev1.xlsm,inputs/0_external_models/R&D GREET2025_Rev1/R&D GREET2_2025_Rev1.xlsm,3abed15be3442b25b66c7d991ce4ea89fd1fe534af930ae772e419241f0d976f,2be89abd169eba7180c0ca41102461682fc258a38ea143c5544bfd051ed03384,2025,2020,argonne_rd_greet_2025_rev1,road_vehicle_cycle_emissions,ldv,Pickup,Vehi_Sum,F46,A46,1.2) ICEV: Lightweight Material,icev,lightweight,CH4,22034.551148893734,g/vehicle-lifetime,vehicle_cycle_total_no_eol_credits
Pickup,3,35,150,Class 6 PnD Trucks,1,10,False,inputs/0_external_models/R&D GREET2025_Rev1/R&D GREET1_2025_Rev1.xlsm,inputs/0_external_models/R&D GREET2025_Rev1/R&D GREET2_2025_Rev1.xlsm,3abed15be3442b25b66c7d991ce4ea89fd1fe534af930ae772e419241f0d976f,2be89abd169eba7180c0ca41102461682fc258a38ea143c5544bfd051ed03384,2025,2020,argonne_rd_greet_2025_rev1,road_vehicle_cycle_emissions,ldv,Pickup,Vehi_Sum,F47,A47,1.2) ICEV: Lightweight Material,icev,lightweight,N2O,264.34231230117746,g/vehicle-lifetime,vehicle_cycle_total_no_eol_credits
Pickup,3,35,150,Class 6 PnD Trucks,1,10,False,inputs/0_external_models/R&D GREET2025_Rev1/R&D GREET1_2025_Rev1.xlsm,inputs/0_external_models/R&D GREET2025_Rev1/R&D GREET2_2025_Rev1.xlsm,3abed15be3442b25b66c7d991ce4ea89fd1fe534af930ae772e419241f0d976f,2be89abd169eba7180c0ca41102461682fc258a38ea143c5544bfd051ed03384,2025,2020,argonne_rd_greet_2025_rev1,road_vehicle_cycle_emissions,ldv,Pickup,Vehi_Sum,F75,A75,1.3) HEV: Conventional Material,hev,conventional,CO2,8270697.750247803,g/vehicle-lifetime,vehicle_cycle_total_no_eol_credits
Pickup,3,35,150,Class 6 PnD Trucks,1,10,False,inputs/0_external_models/R&D GREET2025_Rev1/R&D GREET1_2025_Rev1.xlsm,inputs/0_external_models/R&D GREET2025_Rev1/R&D GREET2_2025_Rev1.xlsm,3abed15be3442b25b66c7d991ce4ea89fd1fe534af930ae772e419241f0d976f,2be89abd169eba7180c0ca41102461682fc258a38ea143c5544bfd051ed03384,2025,2020,argonne_rd_greet_2025_rev1,road_vehicle_cycle_emissions,ldv,Pickup,Vehi_Sum,F77,A77,1.3) HEV: Conventional Material,hev,conventional,CH4,18394.87483098219,g/vehicle-lifetime,vehicle_cycle_total_no_eol_credits
Pickup,3,35,150,Class 6 PnD Trucks,1,10,False,inputs/0_external_models/R&D GREET2025_Rev1/R&D GREET1_2025_Rev1.xlsm,inputs/0_external_models/R&D GREET2025_Rev1/R&D GREET2_2025_Rev1.xlsm,3abed15be3442b25b66c7d991ce4ea89fd1fe534af930ae772e419241f0d976f,2be89abd169eba7180c0ca41102461682fc258a38ea143c5544bfd051ed03384,2025,2020,argonne_rd_greet_2025_rev1,road_vehicle_cycle_emissions,ldv,Pickup,Vehi_Sum,F78,A78,1.3) HEV: Conventional Material,hev,conventional,N2O,293.7122841565559,g/vehicle-lifetime,vehicle_cycle_total_no_eol_credits
Pickup,3,35,150,Class 6 PnD Trucks,1,10,False,inputs/0_external_models/R&D GREET2025_Rev1/R&D GREET1_2025_Rev1.xlsm,inputs/0_external_models/R&D GREET2025_Rev1/R&D GREET2_2025_Rev1.xlsm,3abed15be3442b25b66c7d991ce4ea89fd1fe534af930ae772e419241f0d976f,2be89abd169eba7180c0ca41102461682fc258a38ea143c5544bfd051ed03384,2025,2020,argonne_rd_greet_2025_rev1,road_vehicle_cycle_emissions,ldv,Pickup,Vehi_Sum,F106,A106,1.4) HEV: Lightweight Material,hev,lightweight,CO2,9571205.478764633,g/vehicle-lifetime,vehicle_cycle_total_no_eol_credits
Pickup,3,35,150,Class 6 PnD Trucks,1,10,False,inputs/0_external_models/R&D GREET2025_Rev1/R&D GREET1_2025_Rev1.xlsm,inputs/0_external_models/R&D GREET2025_Rev1/R&D GREET2_2025_Rev1.xlsm,3abed15be3442b25b66c7d991ce4ea89fd1fe534af930ae772e419241f0d976f,2be89abd169eba7180c0ca41102461682fc258a38ea143c5544bfd051ed03384,2025,2020,argonne_rd_greet_2025_rev1,road_vehicle_cycle_emissions,ldv,Pickup,Vehi_Sum,F108,A108,1.4) HEV: Lightweight Material,hev,lightweight,CH4,22836.86430532247,g/vehicle-lifetime,vehicle_cycle_total_no_eol_credits
Pickup,3,35,150,Class 6 PnD Trucks,1,10,False,inputs/0_external_models/R&D GREET2025_Rev1/R&D GREET1_2025_Rev1.xlsm,inputs/0_external_models/R&D GREET2025_Rev1/R&D GREET2_2025_Rev1.xlsm,3abed15be3442b25b66c7d991ce4ea89fd1fe534af930ae772e419241f0d976f,2be89abd169eba7180c0ca41102461682fc258a38ea143c5544bfd051ed03384,2025,2020,argonne_rd_greet_2025_rev1,road_vehicle_cycle_emissions,ldv,Pickup,Vehi_Sum,F109,A109,1.4) HEV: Lightweight Material,hev,lightweight,N2O,343.0150523551762,g/vehicle-lifetime,vehicle_cycle_total_no_eol_credits
Pickup,3,35,150,Class 6 PnD Trucks,1,10,False,inputs/0_external_models/R&D GREET2025_Rev1/R&D GREET1_2025_Rev1.xlsm,inputs/0_external_models/R&D GREET2025_Rev1/R&D GREET2_2025_Rev1.xlsm,3abed15be3442b25b66c7d991ce4ea89fd1fe534af930ae772e419241f0d976f,2be89abd169eba7180c0ca41102461682fc258a38ea143c5544bfd051ed03384,2025,2020,argonne_rd_greet_2025_rev1,road_vehicle_cycle_emissions,ldv,Pickup,Vehi_Sum,F137,A137,1.5) PHEV: Conventional Material,phev,conventional,CO2,9107751.642564874,g/vehicle-lifetime,vehicle_cycle_total_no_eol_credits
Pickup,3,35,150,Class 6 PnD Trucks,1,10,False,inputs/0_external_models/R&D GREET2025_Rev1/R&D GREET1_2025_Rev1.xlsm,inputs/0_external_models/R&D GREET2025_Rev1/R&D GREET2_2025_Rev1.xlsm,3abed15be3442b25b66c7d991ce4ea89fd1fe534af930ae772e419241f0d976f,2be89abd169eba7180c0ca41102461682fc258a38ea143c5544bfd051ed03384,2025,2020,argonne_rd_greet_2025_rev1,road_vehicle_cycle_emissions,ldv,Pickup,Vehi_Sum,F139,A139,1.5) PHEV: Conventional Material,phev,conventional,CH4,19889.677722744313,g/vehicle-lifetime,vehicle_cycle_total_no_eol_credits
Pickup,3,35,150,Class 6 PnD Trucks,1,10,False,inputs/0_external_models/R&D GREET2025_Rev1/R&D GREET1_2025_Rev1.xlsm,inputs/0_external_models/R&D GREET2025_Rev1/R&D GREET2_2025_Rev1.xlsm,3abed15be3442b25b66c7d991ce4ea89fd1fe534af930ae772e419241f0d976f,2be89abd169eba7180c0ca41102461682fc258a38ea143c5544bfd051ed03384,2025,2020,argonne_rd_greet_2025_rev1,road_vehicle_cycle_emissions,ldv,Pickup,Vehi_Sum,F140,A140,1.5) PHEV: Conventional Material,phev,conventional,N2O,274.0265088630292,g/vehicle-lifetime,vehicle_cycle_total_no_eol_credits
Pickup,3,35,150,Class 6 PnD Trucks,1,10,False,inputs/0_external_models/R&D GREET2025_Rev1/R&D GREET1_2025_Rev1.xlsm,inputs/0_external_models/R&D GREET2025_Rev1/R&D GREET2_2025_Rev1.xlsm,3abed15be3442b25b66c7d991ce4ea89fd1fe534af930ae772e419241f0d976f,2be89abd169eba7180c0ca41102461682fc258a38ea143c5544bfd051ed03384,2025,2020,argonne_rd_greet_2025_rev1,road_vehicle_cycle_emissions,ldv,Pickup,Vehi_Sum,F168,A168,1.6) PHEV: Lightweight Material,phev,lightweight,CO2,9869787.186732503,g/vehicle-lifetime,vehicle_cycle_total_no_eol_credits
Pickup,3,35,150,Class 6 PnD Trucks,1,10,False,inputs/0_external_models/R&D GREET2025_Rev1/R&D GREET1_2025_Rev1.xlsm,inputs/0_external_models/R&D GREET2025_Rev1/R&D GREET2_2025_Rev1.xlsm,3abed15be3442b25b66c7d991ce4ea89fd1fe534af930ae772e419241f0d976f,2be89abd169eba7180c0ca41102461682fc258a38ea143c5544bfd051ed03384,2025,2020,argonne_rd_greet_2025_rev1,road_vehicle_cycle_emissions,ldv,Pickup,Vehi_Sum,F170,A170,1.6) PHEV: Lightweight Material,phev,lightweight,CH4,23210.41930836074,g/vehicle-lifetime,vehicle_cycle_total_no_eol_credits
Pickup,3,35,150,Class 6 PnD Trucks,1,10,False,inputs/0_external_models/R&D GREET2025_Rev1/R&D GREET1_2025_Rev1.xlsm,inputs/0_external_models/R&D GREET2025_Rev1/R&D GREET2_2025_Rev1.xlsm,3abed15be3442b25b66c7d991ce4ea89fd1fe534af930ae772e419241f0d976f,2be89abd169eba7180c0ca41102461682fc258a38ea143c5544bfd051ed03384,2025,2020,argonne_rd_greet_2025_rev1,road_vehicle_cycle_emissions,ldv,Pickup,Vehi_Sum,F171,A171,1.6) PHEV: Lightweight Material,phev,lightweight,N2O,306.4221854248841,g/vehicle-lifetime,vehicle_cycle_total_no_eol_credits
Pickup,3,35,150,Class 6 PnD Trucks,1,10,False,inputs/0_external_models/R&D GREET2025_Rev1/R&D GREET1_2025_Rev1.xlsm,inputs/0_external_models/R&D GREET2025_Rev1/R&D GREET2_2025_Rev1.xlsm,3abed15be3442b25b66c7d991ce4ea89fd1fe534af930ae772e419241f0d976f,2be89abd169eba7180c0ca41102461682fc258a38ea143c5544bfd051ed03384,2025,2020,argonne_rd_greet_2025_rev1,road_vehicle_cycle_emissions,ldv,Pickup,Vehi_Sum,F199,A199,1.7) EV: Conventional Material,bev,conventional,CO2,10312340.082659308,g/vehicle-lifetime,vehicle_cycle_total_no_eol_credits
Pickup,3,35,150,Class 6 PnD Trucks,1,10,False,inputs/0_external_models/R&D GREET2025_Rev1/R&D GREET1_2025_Rev1.xlsm,inputs/0_external_models/R&D GREET2025_Rev1/R&D GREET2_2025_Rev1.xlsm,3abed15be3442b25b66c7d991ce4ea89fd1fe534af930ae772e419241f0d976f,2be89abd169eba7180c0ca41102461682fc258a38ea143c5544bfd051ed03384,2025,2020,argonne_rd_greet_2025_rev1,road_vehicle_cycle_emissions,ldv,Pickup,Vehi_Sum,F201,A201,1.7) EV: Conventional Material,bev,conventional,CH4,23250.351929897235,g/vehicle-lifetime,vehicle_cycle_total_no_eol_credits
Pickup,3,35,150,Class 6 PnD Trucks,1,10,False,inputs/0_external_models/R&D GREET2025_Rev1/R&D GREET1_2025_Rev1.xlsm,inputs/0_external_models/R&D GREET2025_Rev1/R&D GREET2_2025_Rev1.xlsm,3abed15be3442b25b66c7d991ce4ea89fd1fe534af930ae772e419241f0d976f,2be89abd169eba7180c0ca41102461682fc258a38ea143c5544bfd051ed03384,2025,2020,argonne_rd_greet_2025_rev1,road_vehicle_cycle_emissions,ldv,Pickup,Vehi_Sum,F202,A202,1.7) EV: Conventional Material,bev,conventional,N2O,325.3121627154593,g/vehicle-lifetime,vehicle_cycle_total_no_eol_credits
Pickup,3,35,150,Class 6 PnD Trucks,1,10,False,inputs/0_external_models/R&D GREET2025_Rev1/R&D GREET1_2025_Rev1.xlsm,inputs/0_external_models/R&D GREET2025_Rev1/R&D GREET2_2025_Rev1.xlsm,3abed15be3442b25b66c7d991ce4ea89fd1fe534af930ae772e419241f0d976f,2be89abd169eba7180c0ca41102461682fc258a38ea143c5544bfd051ed03384,2025,2020,argonne_rd_greet_2025_rev1,road_vehicle_cycle_emissions,ldv,Pickup,Vehi_Sum,F230,A230,1.8) EV: Lightweight Material,bev,lightweight,CO2,14450337.531030286,g/vehicle-lifetime,vehicle_cycle_total_no_eol_credits
Pickup,3,35,150,Class 6 PnD Trucks,1,10,False,inputs/0_external_models/R&D GREET2025_Rev1/R&D GREET1_2025_Rev1.xlsm,inputs/0_external_models/R&D GREET2025_Rev1/R&D GREET2_2025_Rev1.xlsm,3abed15be3442b25b66c7d991ce4ea89fd1fe534af930ae772e419241f0d976f,2be89abd169eba7180c0ca41102461682fc258a38ea143c5544bfd051ed03384,2025,2020,argonne_rd_greet_2025_rev1,road_vehicle_cycle_emissions,ldv,Pickup,Vehi_Sum,F232,A232,1.8) EV: Lightweight Material,bev,lightweight,CH4,32175.869076220195,g/vehicle-lifetime,vehicle_cycle_total_no_eol_credits
Pickup,3,35,150,Class 6 PnD Trucks,1,10,False,inputs/0_external_models/R&D GREET2025_Rev1/R&D GREET1_2025_Rev1.xlsm,inputs/0_external_models/R&D GREET2025_Rev1/R&D GREET2_2025_Rev1.xlsm,3abed15be3442b25b66c7d991ce4ea89fd1fe534af930ae772e419241f0d976f,2be89abd169eba7180c0ca41102461682fc258a38ea143c5544bfd051ed03384,2025,2020,argonne_rd_greet_2025_rev1,road_vehicle_cycle_emissions,ldv,Pickup,Vehi_Sum,F233,A233,1.8) EV: Lightweight Material,bev,lightweight,N2O,480.37981116063236,g/vehicle-lifetime,vehicle_cycle_total_no_eol_credits
Pickup,3,35,150,Class 6 PnD Trucks,1,10,False,inputs/0_external_models/R&D GREET2025_Rev1/R&D GREET1_2025_Rev1.xlsm,inputs/0_external_models/R&D GREET2025_Rev1/R&D GREET2_2025_Rev1.xlsm,3abed15be3442b25b66c7d991ce4ea89fd1fe534af930ae772e419241f0d976f,2be89abd169eba7180c0ca41102461682fc258a38ea143c5544bfd051ed03384,2025,2020,argonne_rd_greet_2025_rev1,road_vehicle_cycle_emissions,ldv,Pickup,Vehi_Sum,F261,A261,1.9) FCV: Conventional Material,fcev,conventional,CO2,9339393.984336438,g/vehicle-lifetime,vehicle_cycle_total_no_eol_credits
Pickup,3,35,150,Class 6 PnD Trucks,1,10,False,inputs/0_external_models/R&D GREET2025_Rev1/R&D GREET1_2025_Rev1.xlsm,inputs/0_external_models/R&D GREET2025_Rev1/R&D GREET2_2025_Rev1.xlsm,3abed15be3442b25b66c7d991ce4ea89fd1fe534af930ae772e419241f0d976f,2be89abd169eba7180c0ca41102461682fc258a38ea143c5544bfd051ed03384,2025,2020,argonne_rd_greet_2025_rev1,road_vehicle_cycle_emissions,ldv,Pickup,Vehi_Sum,F263,A263,1.9) FCV: Conventional Material,fcev,conventional,CH4,21844.637994938686,g/vehicle-lifetime,vehicle_cycle_total_no_eol_credits
Pickup,3,35,150,Class 6 PnD Trucks,1,10,False,inputs/0_external_models/R&D GREET2025_Rev1/R&D GREET1_2025_Rev1.xlsm,inputs/0_external_models/R&D GREET2025_Rev1/R&D GREET2_2025_Rev1.xlsm,3abed15be3442b25b66c7d991ce4ea89fd1fe534af930ae772e419241f0d976f,2be89abd169eba7180c0ca41102461682fc258a38ea143c5544bfd051ed03384,2025,2020,argonne_rd_greet_2025_rev1,road_vehicle_cycle_emissions,ldv,Pickup,Vehi_Sum,F264,A264,1.9) FCV: Conventional Material,fcev,conventional,N2O,311.74642460039706,g/vehicle-lifetime,vehicle_cycle_total_no_eol_credits
Pickup,3,35,150,Class 6 PnD Trucks,1,10,False,inputs/0_external_models/R&D GREET2025_Rev1/R&D GREET1_2025_Rev1.xlsm,inputs/0_external_models/R&D GREET2025_Rev1/R&D GREET2_2025_Rev1.xlsm,3abed15be3442b25b66c7d991ce4ea89fd1fe534af930ae772e419241f0d976f,2be89abd169eba7180c0ca41102461682fc258a38ea143c5544bfd051ed03384,2025,2020,argonne_rd_greet_2025_rev1,road_vehicle_cycle_emissions,ldv,Pickup,Vehi_Sum,F292,A292,1.10) FCV: Lightweight Material,fcev,lightweight,CO2,11038429.975205246,g/vehicle-lifetime,vehicle_cycle_total_no_eol_credits
Pickup,3,35,150,Class 6 PnD Trucks,1,10,False,inputs/0_external_models/R&D GREET2025_Rev1/R&D GREET1_2025_Rev1.xlsm,inputs/0_external_models/R&D GREET2025_Rev1/R&D GREET2_2025_Rev1.xlsm,3abed15be3442b25b66c7d991ce4ea89fd1fe534af930ae772e419241f0d976f,2be89abd169eba7180c0ca41102461682fc258a38ea143c5544bfd051ed03384,2025,2020,argonne_rd_greet_2025_rev1,road_vehicle_cycle_emissions,ldv,Pickup,Vehi_Sum,F294,A294,1.10) FCV: Lightweight Material,fcev,lightweight,CH4,27629.935533285337,g/vehicle-lifetime,vehicle_cycle_total_no_eol_credits
Pickup,3,35,150,Class 6 PnD Trucks,1,10,False,inputs/0_external_models/R&D GREET2025_Rev1/R&D GREET1_2025_Rev1.xlsm,inputs/0_external_models/R&D GREET2025_Rev1/R&D GREET2_2025_Rev1.xlsm,3abed15be3442b25b66c7d991ce4ea89fd1fe534af930ae772e419241f0d976f,2be89abd169eba7180c0ca41102461682fc258a38ea143c5544bfd051ed03384,2025,2020,argonne_rd_greet_2025_rev1,road_vehicle_cycle_emissions,ldv,Pickup,Vehi_Sum,F295,A295,1.10) FCV: Lightweight Material,fcev,lightweight,N2O,396.3824283494315,g/vehicle-lifetime,vehicle_cycle_total_no_eol_credits
Pickup,3,35,150,Class 6 PnD Trucks,1,10,False,inputs/0_external_models/R&D GREET2025_Rev1/R&D GREET1_2025_Rev1.xlsm,inputs/0_external_models/R&D GREET2025_Rev1/R&D GREET2_2025_Rev1.xlsm,3abed15be3442b25b66c7d991ce4ea89fd1fe534af930ae772e419241f0d976f,2be89abd169eba7180c0ca41102461682fc258a38ea143c5544bfd051ed03384,2025,2020,argonne_rd_greet_2025_rev1,road_vehicle_cycle_emissions,mhdv,Class 6 PnD Trucks,MHDV_Sum,G13,A13,1.1) ICEV,icev,none,CO2,17814591.789810307,g/vehicle-lifetime,vehicle_cycle_total_no_eol_credits
Pickup,3,35,150,Class 6 PnD Trucks,1,10,False,inputs/0_external_models/R&D GREET2025_Rev1/R&D GREET1_2025_Rev1.xlsm,inputs/0_external_models/R&D GREET2025_Rev1/R&D GREET2_2025_Rev1.xlsm,3abed15be3442b25b66c7d991ce4ea89fd1fe534af930ae772e419241f0d976f,2be89abd169eba7180c0ca41102461682fc258a38ea143c5544bfd051ed03384,2025,2020,argonne_rd_greet_2025_rev1,road_vehicle_cycle_emissions,mhdv,Class 6 PnD Trucks,MHDV_Sum,G15,A15,1.1) ICEV,icev,none,CH4,33984.61026012566,g/vehicle-lifetime,vehicle_cycle_total_no_eol_credits
Pickup,3,35,150,Class 6 PnD Trucks,1,10,False,inputs/0_external_models/R&D GREET2025_Rev1/R&D GREET1_2025_Rev1.xlsm,inputs/0_external_models/R&D GREET2025_Rev1/R&D GREET2_2025_Rev1.xlsm,3abed15be3442b25b66c7d991ce4ea89fd1fe534af930ae772e419241f0d976f,2be89abd169eba7180c0ca41102461682fc258a38ea143c5544bfd051ed03384,2025,2020,argonne_rd_greet_2025_rev1,road_vehicle_cycle_emissions,mhdv,Class 6 PnD Trucks,MHDV_Sum,G16,A16,1.1) ICEV,icev,none,N2O,336.9746755969985,g/vehicle-lifetime,vehicle_cycle_total_no_eol_credits
Pickup,3,35,150,Class 6 PnD Trucks,1,10,False,inputs/0_external_models/R&D GREET2025_Rev1/R&D GREET1_2025_Rev1.xlsm,inputs/0_external_models/R&D GREET2025_Rev1/R&D GREET2_2025_Rev1.xlsm,3abed15be3442b25b66c7d991ce4ea89fd1fe534af930ae772e419241f0d976f,2be89abd169eba7180c0ca41102461682fc258a38ea143c5544bfd051ed03384,2025,2020,argonne_rd_greet_2025_rev1,road_vehicle_cycle_emissions,mhdv,Class 6 PnD Trucks,MHDV_Sum,G44,A44,1.2) HEV,hev,none,CO2,18333102.181475896,g/vehicle-lifetime,vehicle_cycle_total_no_eol_credits
Pickup,3,35,150,Class 6 PnD Trucks,1,10,False,inputs/0_external_models/R&D GREET2025_Rev1/R&D GREET1_2025_Rev1.xlsm,inputs/0_external_models/R&D GREET2025_Rev1/R&D GREET2_2025_Rev1.xlsm,3abed15be3442b25b66c7d991ce4ea89fd1fe534af930ae772e419241f0d976f,2be89abd169eba7180c0ca41102461682fc258a38ea143c5544bfd051ed03384,2025,2020,argonne_rd_greet_2025_rev1,road_vehicle_cycle_emissions,mhdv,Class 6 PnD Trucks,MHDV_Sum,G46,A46,1.2) HEV,hev,none,CH4,34987.40289923422,g/vehicle-lifetime,vehicle_cycle_total_no_eol_credits
Pickup,3,35,150,Class 6 PnD Trucks,1,10,False,inputs/0_external_models/R&D GREET2025_Rev1/R&D GREET1_2025_Rev1.xlsm,inputs/0_external_models/R&D GREET2025_Rev1/R&D GREET2_2025_Rev1.xlsm,3abed15be3442b25b66c7d991ce4ea89fd1fe534af930ae772e419241f0d976f,2be89abd169eba7180c0ca41102461682fc258a38ea143c5544bfd051ed03384,2025,2020,argonne_rd_greet_2025_rev1,road_vehicle_cycle_emissions,mhdv,Class 6 PnD Trucks,MHDV_Sum,G47,A47,1.2) HEV,hev,none,N2O,367.90150824555917,g/vehicle-lifetime,vehicle_cycle_total_no_eol_credits
Pickup,3,35,150,Class 6 PnD Trucks,1,10,False,inputs/0_external_models/R&D GREET2025_Rev1/R&D GREET1_2025_Rev1.xlsm,inputs/0_external_models/R&D GREET2025_Rev1/R&D GREET2_2025_Rev1.xlsm,3abed15be3442b25b66c7d991ce4ea89fd1fe534af930ae772e419241f0d976f,2be89abd169eba7180c0ca41102461682fc258a38ea143c5544bfd051ed03384,2025,2020,argonne_rd_greet_2025_rev1,road_vehicle_cycle_emissions,mhdv,Class 6 PnD Trucks,MHDV_Sum,G75,A75,1.3) EV,bev,none,CO2,29416143.833984002,g/vehicle-lifetime,vehicle_cycle_total_no_eol_credits
Pickup,3,35,150,Class 6 PnD Trucks,1,10,False,inputs/0_external_models/R&D GREET2025_Rev1/R&D GREET1_2025_Rev1.xlsm,inputs/0_external_models/R&D GREET2025_Rev1/R&D GREET2_2025_Rev1.xlsm,3abed15be3442b25b66c7d991ce4ea89fd1fe534af930ae772e419241f0d976f,2be89abd169eba7180c0ca41102461682fc258a38ea143c5544bfd051ed03384,2025,2020,argonne_rd_greet_2025_rev1,road_vehicle_cycle_emissions,mhdv,Class 6 PnD Trucks,MHDV_Sum,G77,A77,1.3) EV,bev,none,CH4,55954.54371452834,g/vehicle-lifetime,vehicle_cycle_total_no_eol_credits
Pickup,3,35,150,Class 6 PnD Trucks,1,10,False,inputs/0_external_models/R&D GREET2025_Rev1/R&D GREET1_2025_Rev1.xlsm,inputs/0_external_models/R&D GREET2025_Rev1/R&D GREET2_2025_Rev1.xlsm,3abed15be3442b25b66c7d991ce4ea89fd1fe534af930ae772e419241f0d976f,2be89abd169eba7180c0ca41102461682fc258a38ea143c5544bfd051ed03384,2025,2020,argonne_rd_greet_2025_rev1,road_vehicle_cycle_emissions,mhdv,Class 6 PnD Trucks,MHDV_Sum,G78,A78,1.3) EV,bev,none,N2O,702.6596442728859,g/vehicle-lifetime,vehicle_cycle_total_no_eol_credits
Pickup,3,35,150,Class 6 PnD Trucks,1,10,False,inputs/0_external_models/R&D GREET2025_Rev1/R&D GREET1_2025_Rev1.xlsm,inputs/0_external_models/R&D GREET2025_Rev1/R&D GREET2_2025_Rev1.xlsm,3abed15be3442b25b66c7d991ce4ea89fd1fe534af930ae772e419241f0d976f,2be89abd169eba7180c0ca41102461682fc258a38ea143c5544bfd051ed03384,2025,2020,argonne_rd_greet_2025_rev1,road_vehicle_cycle_emissions,mhdv,Class 6 PnD Trucks,MHDV_Sum,G106,A106,1.4) FCV,fcev,none,CO2,22456533.43579129,g/vehicle-lifetime,vehicle_cycle_total_no_eol_credits
Pickup,3,35,150,Class 6 PnD Trucks,1,10,False,inputs/0_external_models/R&D GREET2025_Rev1/R&D GREET1_2025_Rev1.xlsm,inputs/0_external_models/R&D GREET2025_Rev1/R&D GREET2_2025_Rev1.xlsm,3abed15be3442b25b66c7d991ce4ea89fd1fe534af930ae772e419241f0d976f,2be89abd169eba7180c0ca41102461682fc258a38ea143c5544bfd051ed03384,2025,2020,argonne_rd_greet_2025_rev1,road_vehicle_cycle_emissions,mhdv,Class 6 PnD Trucks,MHDV_Sum,G108,A108,1.4) FCV,fcev,none,CH4,46226.268830381465,g/vehicle-lifetime,vehicle_cycle_total_no_eol_credits
Pickup,3,35,150,Class 6 PnD Trucks,1,10,False,inputs/0_external_models/R&D GREET2025_Rev1/R&D GREET1_2025_Rev1.xlsm,inputs/0_external_models/R&D GREET2025_Rev1/R&D GREET2_2025_Rev1.xlsm,3abed15be3442b25b66c7d991ce4ea89fd1fe534af930ae772e419241f0d976f,2be89abd169eba7180c0ca41102461682fc258a38ea143c5544bfd051ed03384,2025,2020,argonne_rd_greet_2025_rev1,road_vehicle_cycle_emissions,mhdv,Class 6 PnD Trucks,MHDV_Sum,G109,A109,1.4) FCV,fcev,none,N2O,498.7322965018775,g/vehicle-lifetime,vehicle_cycle_total_no_eol_credits
Pickup,3,50,200,Class 6 PnD Trucks,1,11,False,inputs/0_external_models/R&D GREET2025_Rev1/R&D GREET1_2025_Rev1.xlsm,inputs/0_external_models/R&D GREET2025_Rev1/R&D GREET2_2025_Rev1.xlsm,3abed15be3442b25b66c7d991ce4ea89fd1fe534af930ae772e419241f0d976f,2be89abd169eba7180c0ca41102461682fc258a38ea143c5544bfd051ed03384,2025,2020,argonne_rd_greet_2025_rev1,road_vehicle_cycle_emissions,ldv,Pickup,Vehi_Sum,F13,A13,1.1) ICEV: Conventional Material,icev,conventional,CO2,7774236.7253884645,g/vehicle-lifetime,vehicle_cycle_total_no_eol_credits
Pickup,3,50,200,Class 6 PnD Trucks,1,11,False,inputs/0_external_models/R&D GREET2025_Rev1/R&D GREET1_2025_Rev1.xlsm,inputs/0_external_models/R&D GREET2025_Rev1/R&D GREET2_2025_Rev1.xlsm,3abed15be3442b25b66c7d991ce4ea89fd1fe534af930ae772e419241f0d976f,2be89abd169eba7180c0ca41102461682fc258a38ea143c5544bfd051ed03384,2025,2020,argonne_rd_greet_2025_rev1,road_vehicle_cycle_emissions,ldv,Pickup,Vehi_Sum,F15,A15,1.1) ICEV: Conventional Material,icev,conventional,CH4,16934.044118895916,g/vehicle-lifetime,vehicle_cycle_total_no_eol_credits
Pickup,3,50,200,Class 6 PnD Trucks,1,11,False,inputs/0_external_models/R&D GREET2025_Rev1/R&D GREET1_2025_Rev1.xlsm,inputs/0_external_models/R&D GREET2025_Rev1/R&D GREET2_2025_Rev1.xlsm,3abed15be3442b25b66c7d991ce4ea89fd1fe534af930ae772e419241f0d976f,2be89abd169eba7180c0ca41102461682fc258a38ea143c5544bfd051ed03384,2025,2020,argonne_rd_greet_2025_rev1,road_vehicle_cycle_emissions,ldv,Pickup,Vehi_Sum,F16,A16,1.1) ICEV: Conventional Material,icev,conventional,N2O,206.2719833113104,g/vehicle-lifetime,vehicle_cycle_total_no_eol_credits
Pickup,3,50,200,Class 6 PnD Trucks,1,11,False,inputs/0_external_models/R&D GREET2025_Rev1/R&D GREET1_2025_Rev1.xlsm,inputs/0_external_models/R&D GREET2025_Rev1/R&D GREET2_2025_Rev1.xlsm,3abed15be3442b25b66c7d991ce4ea89fd1fe534af930ae772e419241f0d976f,2be89abd169eba7180c0ca41102461682fc258a38ea143c5544bfd051ed03384,2025,2020,argonne_rd_greet_2025_rev1,road_vehicle_cycle_emissions,ldv,Pickup,Vehi_Sum,F44,A44,1.2) ICEV: Lightweight Material,icev,lightweight,CO2,9098407.91457885,g/vehicle-lifetime,vehicle_cycle_total_no_eol_credits
Pickup,3,50,200,Class 6 PnD Trucks,1,11,False,inputs/0_external_models/R&D GREET2025_Rev1/R&D GREET1_2025_Rev1.xlsm,inputs/0_external_models/R&D GREET2025_Rev1/R&D GREET2_2025_Rev1.xlsm,3abed15be3442b25b66c7d991ce4ea89fd1fe534af930ae772e419241f0d976f,2be89abd169eba7180c0ca41102461682fc258a38ea143c5544bfd051ed03384,2025,2020,argonne_rd_greet_2025_rev1,road_vehicle_cycle_emissions,ldv,Pickup,Vehi_Sum,F46,A46,1.2) ICEV: Lightweight Material,icev,lightweight,CH4,22034.551148893734,g/vehicle-lifetime,vehicle_cycle_total_no_eol_credits
Pickup,3,50,200,Class 6 PnD Trucks,1,11,False,inputs/0_external_models/R&D GREET2025_Rev1/R&D GREET1_2025_Rev1.xlsm,inputs/0_external_models/R&D GREET2025_Rev1/R&D GREET2_2025_Rev1.xlsm,3abed15be3442b25b66c7d991ce4ea89fd1fe534af930ae772e419241f0d976f,2be89abd169eba7180c0ca41102461682fc258a38ea143c5544bfd051ed03384,2025,2020,argonne_rd_greet_2025_rev1,road_vehicle_cycle_emissions,ldv,Pickup,Vehi_Sum,F47,A47,1.2) ICEV: Lightweight Material,icev,lightweight,N2O,264.34231230117746,g/vehicle-lifetime,vehicle_cycle_total_no_eol_credits
Pickup,3,50,200,Class 6 PnD Trucks,1,11,False,inputs/0_external_models/R&D GREET2025_Rev1/R&D GREET1_2025_Rev1.xlsm,inputs/0_external_models/R&D GREET2025_Rev1/R&D GREET2_2025_Rev1.xlsm,3abed15be3442b25b66c7d991ce4ea89fd1fe534af930ae772e419241f0d976f,2be89abd169eba7180c0ca41102461682fc258a38ea143c5544bfd051ed03384,2025,2020,argonne_rd_greet_2025_rev1,road_vehicle_cycle_emissions,ldv,Pickup,Vehi_Sum,F75,A75,1.3) HEV: Conventional Material,hev,conventional,CO2,8270697.750247803,g/vehicle-lifetime,vehicle_cycle_total_no_eol_credits
Pickup,3,50,200,Class 6 PnD Trucks,1,11,False,inputs/0_external_models/R&D GREET2025_Rev1/R&D GREET1_2025_Rev1.xlsm,inputs/0_external_models/R&D GREET2025_Rev1/R&D GREET2_2025_Rev1.xlsm,3abed15be3442b25b66c7d991ce4ea89fd1fe534af930ae772e419241f0d976f,2be89abd169eba7180c0ca41102461682fc258a38ea143c5544bfd051ed03384,2025,2020,argonne_rd_greet_2025_rev1,road_vehicle_cycle_emissions,ldv,Pickup,Vehi_Sum,F77,A77,1.3) HEV: Conventional Material,hev,conventional,CH4,18394.87483098219,g/vehicle-lifetime,vehicle_cycle_total_no_eol_credits
Pickup,3,50,200,Class 6 PnD Trucks,1,11,False,inputs/0_external_models/R&D GREET2025_Rev1/R&D GREET1_2025_Rev1.xlsm,inputs/0_external_models/R&D GREET2025_Rev1/R&D GREET2_2025_Rev1.xlsm,3abed15be3442b25b66c7d991ce4ea89fd1fe534af930ae772e419241f0d976f,2be89abd169eba7180c0ca41102461682fc258a38ea143c5544bfd051ed03384,2025,2020,argonne_rd_greet_2025_rev1,road_vehicle_cycle_emissions,ldv,Pickup,Vehi_Sum,F78,A78,1.3) HEV: Conventional Material,hev,conventional,N2O,293.7122841565559,g/vehicle-lifetime,vehicle_cycle_total_no_eol_credits
Pickup,3,50,200,Class 6 PnD Trucks,1,11,False,inputs/0_external_models/R&D GREET2025_Rev1/R&D GREET1_2025_Rev1.xlsm,inputs/0_external_models/R&D GREET2025_Rev1/R&D GREET2_2025_Rev1.xlsm,3abed15be3442b25b66c7d991ce4ea89fd1fe534af930ae772e419241f0d976f,2be89abd169eba7180c0ca41102461682fc258a38ea143c5544bfd051ed03384,2025,2020,argonne_rd_greet_2025_rev1,road_vehicle_cycle_emissions,ldv,Pickup,Vehi_Sum,F106,A106,1.4) HEV: Lightweight Material,hev,lightweight,CO2,9571205.478764633,g/vehicle-lifetime,vehicle_cycle_total_no_eol_credits
Pickup,3,50,200,Class 6 PnD Trucks,1,11,False,inputs/0_external_models/R&D GREET2025_Rev1/R&D GREET1_2025_Rev1.xlsm,inputs/0_external_models/R&D GREET2025_Rev1/R&D GREET2_2025_Rev1.xlsm,3abed15be3442b25b66c7d991ce4ea89fd1fe534af930ae772e419241f0d976f,2be89abd169eba7180c0ca41102461682fc258a38ea143c5544bfd051ed03384,2025,2020,argonne_rd_greet_2025_rev1,road_vehicle_cycle_emissions,ldv,Pickup,Vehi_Sum,F108,A108,1.4) HEV: Lightweight Material,hev,lightweight,CH4,22836.86430532247,g/vehicle-lifetime,vehicle_cycle_total_no_eol_credits
Pickup,3,50,200,Class 6 PnD Trucks,1,11,False,inputs/0_external_models/R&D GREET2025_Rev1/R&D GREET1_2025_Rev1.xlsm,inputs/0_external_models/R&D GREET2025_Rev1/R&D GREET2_2025_Rev1.xlsm,3abed15be3442b25b66c7d991ce4ea89fd1fe534af930ae772e419241f0d976f,2be89abd169eba7180c0ca41102461682fc258a38ea143c5544bfd051ed03384,2025,2020,argonne_rd_greet_2025_rev1,road_vehicle_cycle_emissions,ldv,Pickup,Vehi_Sum,F109,A109,1.4) HEV: Lightweight Material,hev,lightweight,N2O,343.0150523551762,g/vehicle-lifetime,vehicle_cycle_total_no_eol_credits
Pickup,3,50,200,Class 6 PnD Trucks,1,11,False,inputs/0_external_models/R&D GREET2025_Rev1/R&D GREET1_2025_Rev1.xlsm,inputs/0_external_models/R&D GREET2025_Rev1/R&D GREET2_2025_Rev1.xlsm,3abed15be3442b25b66c7d991ce4ea89fd1fe534af930ae772e419241f0d976f,2be89abd169eba7180c0ca41102461682fc258a38ea143c5544bfd051ed03384,2025,2020,argonne_rd_greet_2025_rev1,road_vehicle_cycle_emissions,ldv,Pickup,Vehi_Sum,F137,A137,1.5) PHEV: Conventional Material,phev,conventional,CO2,9634578.44325072,g/vehicle-lifetime,vehicle_cycle_total_no_eol_credits
Pickup,3,50,200,Class 6 PnD Trucks,1,11,False,inputs/0_external_models/R&D GREET2025_Rev1/R&D GREET1_2025_Rev1.xlsm,inputs/0_external_models/R&D GREET2025_Rev1/R&D GREET2_2025_Rev1.xlsm,3abed15be3442b25b66c7d991ce4ea89fd1fe534af930ae772e419241f0d976f,2be89abd169eba7180c0ca41102461682fc258a38ea143c5544bfd051ed03384,2025,2020,argonne_rd_greet_2025_rev1,road_vehicle_cycle_emissions,ldv,Pickup,Vehi_Sum,F139,A139,1.5) PHEV: Conventional Material,phev,conventional,CH4,20908.421844537774,g/vehicle-lifetime,vehicle_cycle_total_no_eol_credits
Pickup,3,50,200,Class 6 PnD Trucks,1,11,False,inputs/0_external_models/R&D GREET2025_Rev1/R&D GREET1_2025_Rev1.xlsm,inputs/0_external_models/R&D GREET2025_Rev1/R&D GREET2_2025_Rev1.xlsm,3abed15be3442b25b66c7d991ce4ea89fd1fe534af930ae772e419241f0d976f,2be89abd169eba7180c0ca41102461682fc258a38ea143c5544bfd051ed03384,2025,2020,argonne_rd_greet_2025_rev1,road_vehicle_cycle_emissions,ldv,Pickup,Vehi_Sum,F140,A140,1.5) PHEV: Conventional Material,phev,conventional,N2O,287.66796664663235,g/vehicle-lifetime,vehicle_cycle_total_no_eol_credits
Pickup,3,50,200,Class 6 PnD Trucks,1,11,False,inputs/0_external_models/R&D GREET2025_Rev1/R&D GREET1_2025_Rev1.xlsm,inputs/0_external_models/R&D GREET2025_Rev1/R&D GREET2_2025_Rev1.xlsm,3abed15be3442b25b66c7d991ce4ea89fd1fe534af930ae772e419241f0d976f,2be89abd169eba7180c0ca41102461682fc258a38ea143c5544bfd051ed03384,2025,2020,argonne_rd_greet_2025_rev1,road_vehicle_cycle_emissions,ldv,Pickup,Vehi_Sum,F168,A168,1.6) PHEV: Lightweight Material,phev,lightweight,CO2,10421607.843976943,g/vehicle-lifetime,vehicle_cycle_total_no_eol_credits
Pickup,3,50,200,Class 6 PnD Trucks,1,11,False,inputs/0_external_models/R&D GREET2025_Rev1/R&D GREET1_2025_Rev1.xlsm,inputs/0_external_models/R&D GREET2025_Rev1/R&D GREET2_2025_Rev1.xlsm,3abed15be3442b25b66c7d991ce4ea89fd1fe534af930ae772e419241f0d976f,2be89abd169eba7180c0ca41102461682fc258a38ea143c5544bfd051ed03384,2025,2020,argonne_rd_greet_2025_rev1,road_vehicle_cycle_emissions,ldv,Pickup,Vehi_Sum,F170,A170,1.6) PHEV: Lightweight Material,phev,lightweight,CH4,24144.841924388093,g/vehicle-lifetime,vehicle_cycle_total_no_eol_credits
Pickup,3,50,200,Class 6 PnD Trucks,1,11,False,inputs/0_external_models/R&D GREET2025_Rev1/R&D GREET1_2025_Rev1.xlsm,inputs/0_external_models/R&D GREET2025_Rev1/R&D GREET2_2025_Rev1.xlsm,3abed15be3442b25b66c7d991ce4ea89fd1fe534af930ae772e419241f0d976f,2be89abd169eba7180c0ca41102461682fc258a38ea143c5544bfd051ed03384,2025,2020,argonne_rd_greet_2025_rev1,road_vehicle_cycle_emissions,ldv,Pickup,Vehi_Sum,F171,A171,1.6) PHEV: Lightweight Material,phev,lightweight,N2O,325.46812187900565,g/vehicle-lifetime,vehicle_cycle_total_no_eol_credits
Pickup,3,50,200,Class 6 PnD Trucks,1,11,False,inputs/0_external_models/R&D GREET2025_Rev1/R&D GREET1_2025_Rev1.xlsm,inputs/0_external_models/R&D GREET2025_Rev1/R&D GREET2_2025_Rev1.xlsm,3abed15be3442b25b66c7d991ce4ea89fd1fe534af930ae772e419241f0d976f,2be89abd169eba7180c0ca41102461682fc258a38ea143c5544bfd051ed03384,2025,2020,argonne_rd_greet_2025_rev1,road_vehicle_cycle_emissions,ldv,Pickup,Vehi_Sum,F199,A199,1.7) EV: Conventional Material,bev,conventional,CO2,11613483.474638399,g/vehicle-lifetime,vehicle_cycle_total_no_eol_credits
Pickup,3,50,200,Class 6 PnD Trucks,1,11,False,inputs/0_external_models/R&D GREET2025_Rev1/R&D GREET1_2025_Rev1.xlsm,inputs/0_external_models/R&D GREET2025_Rev1/R&D GREET2_2025_Rev1.xlsm,3abed15be3442b25b66c7d991ce4ea89fd1fe534af930ae772e419241f0d976f,2be89abd169eba7180c0ca41102461682fc258a38ea143c5544bfd051ed03384,2025,2020,argonne_rd_greet_2025_rev1,road_vehicle_cycle_emissions,ldv,Pickup,Vehi_Sum,F201,A201,1.7) EV: Conventional Material,bev,conventional,CH4,25771.402021747614,g/vehicle-lifetime,vehicle_cycle_total_no_eol_credits
Pickup,3,50,200,Class 6 PnD Trucks,1,11,False,inputs/0_external_models/R&D GREET2025_Rev1/R&D GREET1_2025_Rev1.xlsm,inputs/0_external_models/R&D GREET2025_Rev1/R&D GREET2_2025_Rev1.xlsm,3abed15be3442b25b66c7d991ce4ea89fd1fe534af930ae772e419241f0d976f,2be89abd169eba7180c0ca41102461682fc258a38ea143c5544bfd051ed03384,2025,2020,argonne_rd_greet_2025_rev1,road_vehicle_cycle_emissions,ldv,Pickup,Vehi_Sum,F202,A202,1.7) EV: Conventional Material,bev,conventional,N2O,359.26408969798723,g/vehicle-lifetime,vehicle_cycle_total_no_eol_credits
Pickup,3,50,200,Class 6 PnD Trucks,1,11,False,inputs/0_external_models/R&D GREET2025_Rev1/R&D GREET1_2025_Rev1.xlsm,inputs/0_external_models/R&D GREET2025_Rev1/R&D GREET2_2025_Rev1.xlsm,3abed15be3442b25b66c7d991ce4ea89fd1fe534af930ae772e419241f0d976f,2be89abd169eba7180c0ca41102461682fc258a38ea143c5544bfd051ed03384,2025,2020,argonne_rd_greet_2025_rev1,road_vehicle_cycle_emissions,ldv,Pickup,Vehi_Sum,F230,A230,1.8) EV: Lightweight Material,bev,lightweight,CO2,14250417.387164757,g/vehicle-lifetime,vehicle_cycle_total_no_eol_credits
Pickup,3,50,200,Class 6 PnD Trucks,1,11,False,inputs/0_external_models/R&D GREET2025_Rev1/R&D GREET1_2025_Rev1.xlsm,inputs/0_external_models/R&D GREET2025_Rev1/R&D GREET2_2025_Rev1.xlsm,3abed15be3442b25b66c7d991ce4ea89fd1fe534af930ae772e419241f0d976f,2be89abd169eba7180c0ca41102461682fc258a38ea143c5544bfd051ed03384,2025,2020,argonne_rd_greet_2025_rev1,road_vehicle_cycle_emissions,ldv,Pickup,Vehi_Sum,F232,A232,1.8) EV: Lightweight Material,bev,lightweight,CH4,31666.891428410538,g/vehicle-lifetime,vehicle_cycle_total_no_eol_credits
Pickup,3,50,200,Class 6 PnD Trucks,1,11,False,inputs/0_external_models/R&D GREET2025_Rev1/R&D GREET1_2025_Rev1.xlsm,inputs/0_external_models/R&D GREET2025_Rev1/R&D GREET2_2025_Rev1.xlsm,3abed15be3442b25b66c7d991ce4ea89fd1fe534af930ae772e419241f0d976f,2be89abd169eba7180c0ca41102461682fc258a38ea143c5544bfd051ed03384,2025,2020,argonne_rd_greet_2025_rev1,road_vehicle_cycle_emissions,ldv,Pickup,Vehi_Sum,F233,A233,1.8) EV: Lightweight Material,bev,lightweight,N2O,469.4712623769195,g/vehicle-lifetime,vehicle_cycle_total_no_eol_credits
Pickup,3,50,200,Class 6 PnD Trucks,1,11,False,inputs/0_external_models/R&D GREET2025_Rev1/R&D GREET1_2025_Rev1.xlsm,inputs/0_external_models/R&D GREET2025_Rev1/R&D GREET2_2025_Rev1.xlsm,3abed15be3442b25b66c7d991ce4ea89fd1fe534af930ae772e419241f0d976f,2be89abd169eba7180c0ca41102461682fc258a38ea143c5544bfd051ed03384,2025,2020,argonne_rd_greet_2025_rev1,road_vehicle_cycle_emissions,ldv,Pickup,Vehi_Sum,F261,A261,1.9) FCV: Conventional Material,fcev,conventional,CO2,9339393.984336438,g/vehicle-lifetime,vehicle_cycle_total_no_eol_credits
Pickup,3,50,200,Class 6 PnD Trucks,1,11,False,inputs/0_external_models/R&D GREET2025_Rev1/R&D GREET1_2025_Rev1.xlsm,inputs/0_external_models/R&D GREET2025_Rev1/R&D GREET2_2025_Rev1.xlsm,3abed15be3442b25b66c7d991ce4ea89fd1fe534af930ae772e419241f0d976f,2be89abd169eba7180c0ca41102461682fc258a38ea143c5544bfd051ed03384,2025,2020,argonne_rd_greet_2025_rev1,road_vehicle_cycle_emissions,ldv,Pickup,Vehi_Sum,F263,A263,1.9) FCV: Conventional Material,fcev,conventional,CH4,21844.637994938686,g/vehicle-lifetime,vehicle_cycle_total_no_eol_credits
Pickup,3,50,200,Class 6 PnD Trucks,1,11,False,inputs/0_external_models/R&D GREET2025_Rev1/R&D GREET1_2025_Rev1.xlsm,inputs/0_external_models/R&D GREET2025_Rev1/R&D GREET2_2025_Rev1.xlsm,3abed15be3442b25b66c7d991ce4ea89fd1fe534af930ae772e419241f0d976f,2be89abd169eba7180c0ca41102461682fc258a38ea143c5544bfd051ed03384,2025,2020,argonne_rd_greet_2025_rev1,road_vehicle_cycle_emissions,ldv,Pickup,Vehi_Sum,F264,A264,1.9) FCV: Conventional Material,fcev,conventional,N2O,311.74642460039706,g/vehicle-lifetime,vehicle_cycle_total_no_eol_credits
Pickup,3,50,200,Class 6 PnD Trucks,1,11,False,inputs/0_external_models/R&D GREET2025_Rev1/R&D GREET1_2025_Rev1.xlsm,inputs/0_external_models/R&D GREET2025_Rev1/R&D GREET2_2025_Rev1.xlsm,3abed15be3442b25b66c7d991ce4ea89fd1fe534af930ae772e419241f0d976f,2be89abd169eba7180c0ca41102461682fc258a38ea143c5544bfd051ed03384,2025,2020,argonne_rd_greet_2025_rev1,road_vehicle_cycle_emissions,ldv,Pickup,Vehi_Sum,F292,A292,1.10) FCV: Lightweight Material,fcev,lightweight,CO2,11038429.975205246,g/vehicle-lifetime,vehicle_cycle_total_no_eol_credits
Pickup,3,50,200,Class 6 PnD Trucks,1,11,False,inputs/0_external_models/R&D GREET2025_Rev1/R&D GREET1_2025_Rev1.xlsm,inputs/0_external_models/R&D GREET2025_Rev1/R&D GREET2_2025_Rev1.xlsm,3abed15be3442b25b66c7d991ce4ea89fd1fe534af930ae772e419241f0d976f,2be89abd169eba7180c0ca41102461682fc258a38ea143c5544bfd051ed03384,2025,2020,argonne_rd_greet_2025_rev1,road_vehicle_cycle_emissions,ldv,Pickup,Vehi_Sum,F294,A294,1.10) FCV: Lightweight Material,fcev,lightweight,CH4,27629.935533285337,g/vehicle-lifetime,vehicle_cycle_total_no_eol_credits
Pickup,3,50,200,Class 6 PnD Trucks,1,11,False,inputs/0_external_models/R&D GREET2025_Rev1/R&D GREET1_2025_Rev1.xlsm,inputs/0_external_models/R&D GREET2025_Rev1/R&D GREET2_2025_Rev1.xlsm,3abed15be3442b25b66c7d991ce4ea89fd1fe534af930ae772e419241f0d976f,2be89abd169eba7180c0ca41102461682fc258a38ea143c5544bfd051ed03384,2025,2020,argonne_rd_greet_2025_rev1,road_vehicle_cycle_emissions,ldv,Pickup,Vehi_Sum,F295,A295,1.10) FCV: Lightweight Material,fcev,lightweight,N2O,396.3824283494315,g/vehicle-lifetime,vehicle_cycle_total_no_eol_credits
Pickup,3,50,200,Class 6 PnD Trucks,1,11,False,inputs/0_external_models/R&D GREET2025_Rev1/R&D GREET1_2025_Rev1.xlsm,inputs/0_external_models/R&D GREET2025_Rev1/R&D GREET2_2025_Rev1.xlsm,3abed15be3442b25b66c7d991ce4ea89fd1fe534af930ae772e419241f0d976f,2be89abd169eba7180c0ca41102461682fc258a38ea143c5544bfd051ed03384,2025,2020,argonne_rd_greet_2025_rev1,road_vehicle_cycle_emissions,mhdv,Class 6 PnD Trucks,MHDV_Sum,G13,A13,1.1) ICEV,icev,none,CO2,17814591.789810307,g/vehicle-lifetime,vehicle_cycle_total_no_eol_credits
Pickup,3,50,200,Class 6 PnD Trucks,1,11,False,inputs/0_external_models/R&D GREET2025_Rev1/R&D GREET1_2025_Rev1.xlsm,inputs/0_external_models/R&D GREET2025_Rev1/R&D GREET2_2025_Rev1.xlsm,3abed15be3442b25b66c7d991ce4ea89fd1fe534af930ae772e419241f0d976f,2be89abd169eba7180c0ca41102461682fc258a38ea143c5544bfd051ed03384,2025,2020,argonne_rd_greet_2025_rev1,road_vehicle_cycle_emissions,mhdv,Class 6 PnD Trucks,MHDV_Sum,G15,A15,1.1) ICEV,icev,none,CH4,33984.61026012566,g/vehicle-lifetime,vehicle_cycle_total_no_eol_credits
Pickup,3,50,200,Class 6 PnD Trucks,1,11,False,inputs/0_external_models/R&D GREET2025_Rev1/R&D GREET1_2025_Rev1.xlsm,inputs/0_external_models/R&D GREET2025_Rev1/R&D GREET2_2025_Rev1.xlsm,3abed15be3442b25b66c7d991ce4ea89fd1fe534af930ae772e419241f0d976f,2be89abd169eba7180c0ca41102461682fc258a38ea143c5544bfd051ed03384,2025,2020,argonne_rd_greet_2025_rev1,road_vehicle_cycle_emissions,mhdv,Class 6 PnD Trucks,MHDV_Sum,G16,A16,1.1) ICEV,icev,none,N2O,336.9746755969985,g/vehicle-lifetime,vehicle_cycle_total_no_eol_credits
Pickup,3,50,200,Class 6 PnD Trucks,1,11,False,inputs/0_external_models/R&D GREET2025_Rev1/R&D GREET1_2025_Rev1.xlsm,inputs/0_external_models/R&D GREET2025_Rev1/R&D GREET2_2025_Rev1.xlsm,3abed15be3442b25b66c7d991ce4ea89fd1fe534af930ae772e419241f0d976f,2be89abd169eba7180c0ca41102461682fc258a38ea143c5544bfd051ed03384,2025,2020,argonne_rd_greet_2025_rev1,road_vehicle_cycle_emissions,mhdv,Class 6 PnD Trucks,MHDV_Sum,G44,A44,1.2) HEV,hev,none,CO2,18333102.181475896,g/vehicle-lifetime,vehicle_cycle_total_no_eol_credits
Pickup,3,50,200,Class 6 PnD Trucks,1,11,False,inputs/0_external_models/R&D GREET2025_Rev1/R&D GREET1_2025_Rev1.xlsm,inputs/0_external_models/R&D GREET2025_Rev1/R&D GREET2_2025_Rev1.xlsm,3abed15be3442b25b66c7d991ce4ea89fd1fe534af930ae772e419241f0d976f,2be89abd169eba7180c0ca41102461682fc258a38ea143c5544bfd051ed03384,2025,2020,argonne_rd_greet_2025_rev1,road_vehicle_cycle_emissions,mhdv,Class 6 PnD Trucks,MHDV_Sum,G46,A46,1.2) HEV,hev,none,CH4,34987.40289923422,g/vehicle-lifetime,vehicle_cycle_total_no_eol_credits
Pickup,3,50,200,Class 6 PnD Trucks,1,11,False,inputs/0_external_models/R&D GREET2025_Rev1/R&D GREET1_2025_Rev1.xlsm,inputs/0_external_models/R&D GREET2025_Rev1/R&D GREET2_2025_Rev1.xlsm,3abed15be3442b25b66c7d991ce4ea89fd1fe534af930ae772e419241f0d976f,2be89abd169eba7180c0ca41102461682fc258a38ea143c5544bfd051ed03384,2025,2020,argonne_rd_greet_2025_rev1,road_vehicle_cycle_emissions,mhdv,Class 6 PnD Trucks,MHDV_Sum,G47,A47,1.2) HEV,hev,none,N2O,367.90150824555917,g/vehicle-lifetime,vehicle_cycle_total_no_eol_credits
Pickup,3,50,200,Class 6 PnD Trucks,1,11,False,inputs/0_external_models/R&D GREET2025_Rev1/R&D GREET1_2025_Rev1.xlsm,inputs/0_external_models/R&D GREET2025_Rev1/R&D GREET2_2025_Rev1.xlsm,3abed15be3442b25b66c7d991ce4ea89fd1fe534af930ae772e419241f0d976f,2be89abd169eba7180c0ca41102461682fc258a38ea143c5544bfd051ed03384,2025,2020,argonne_rd_greet_2025_rev1,road_vehicle_cycle_emissions,mhdv,Class 6 PnD Trucks,MHDV_Sum,G75,A75,1.3) EV,bev,none,CO2,29416143.833984002,g/vehicle-lifetime,vehicle_cycle_total_no_eol_credits
Pickup,3,50,200,Class 6 PnD Trucks,1,11,False,inputs/0_external_models/R&D GREET2025_Rev1/R&D GREET1_2025_Rev1.xlsm,inputs/0_external_models/R&D GREET2025_Rev1/R&D GREET2_2025_Rev1.xlsm,3abed15be3442b25b66c7d991ce4ea89fd1fe534af930ae772e419241f0d976f,2be89abd169eba7180c0ca41102461682fc258a38ea143c5544bfd051ed03384,2025,2020,argonne_rd_greet_2025_rev1,road_vehicle_cycle_emissions,mhdv,Class 6 PnD Trucks,MHDV_Sum,G77,A77,1.3) EV,bev,none,CH4,55954.54371452834,g/vehicle-lifetime,vehicle_cycle_total_no_eol_credits
Pickup,3,50,200,Class 6 PnD Trucks,1,11,False,inputs/0_external_models/R&D GREET2025_Rev1/R&D GREET1_2025_Rev1.xlsm,inputs/0_external_models/R&D GREET2025_Rev1/R&D GREET2_2025_Rev1.xlsm,3abed15be3442b25b66c7d991ce4ea89fd1fe534af930ae772e419241f0d976f,2be89abd169eba7180c0ca41102461682fc258a38ea143c5544bfd051ed03384,2025,2020,argonne_rd_greet_2025_rev1,road_vehicle_cycle_emissions,mhdv,Class 6 PnD Trucks,MHDV_Sum,G78,A78,1.3) EV,bev,none,N2O,702.6596442728859,g/vehicle-lifetime,vehicle_cycle_total_no_eol_credits
Pickup,3,50,200,Class 6 PnD Trucks,1,11,False,inputs/0_external_models/R&D GREET2025_Rev1/R&D GREET1_2025_Rev1.xlsm,inputs/0_external_models/R&D GREET2025_Rev1/R&D GREET2_2025_Rev1.xlsm,3abed15be3442b25b66c7d991ce4ea89fd1fe534af930ae772e419241f0d976f,2be89abd169eba7180c0ca41102461682fc258a38ea143c5544bfd051ed03384,2025,2020,argonne_rd_greet_2025_rev1,road_vehicle_cycle_emissions,mhdv,Class 6 PnD Trucks,MHDV_Sum,G106,A106,1.4) FCV,fcev,none,CO2,22456533.43579129,g/vehicle-lifetime,vehicle_cycle_total_no_eol_credits
Pickup,3,50,200,Class 6 PnD Trucks,1,11,False,inputs/0_external_models/R&D GREET2025_Rev1/R&D GREET1_2025_Rev1.xlsm,inputs/0_external_models/R&D GREET2025_Rev1/R&D GREET2_2025_Rev1.xlsm,3abed15be3442b25b66c7d991ce4ea89fd1fe534af930ae772e419241f0d976f,2be89abd169eba7180c0ca41102461682fc258a38ea143c5544bfd051ed03384,2025,2020,argonne_rd_greet_2025_rev1,road_vehicle_cycle_emissions,mhdv,Class 6 PnD Trucks,MHDV_Sum,G108,A108,1.4) FCV,fcev,none,CH4,46226.268830381465,g/vehicle-lifetime,vehicle_cycle_total_no_eol_credits
Pickup,3,50,200,Class 6 PnD Trucks,1,11,False,inputs/0_external_models/R&D GREET2025_Rev1/R&D GREET1_2025_Rev1.xlsm,inputs/0_external_models/R&D GREET2025_Rev1/R&D GREET2_2025_Rev1.xlsm,3abed15be3442b25b66c7d991ce4ea89fd1fe534af930ae772e419241f0d976f,2be89abd169eba7180c0ca41102461682fc258a38ea143c5544bfd051ed03384,2025,2020,argonne_rd_greet_2025_rev1,road_vehicle_cycle_emissions,mhdv,Class 6 PnD Trucks,MHDV_Sum,G109,A109,1.4) FCV,fcev,none,N2O,498.7322965018775,g/vehicle-lifetime,vehicle_cycle_total_no_eol_credits
Pickup,3,35,300,Class 6 PnD Trucks,1,12,False,inputs/0_external_models/R&D GREET2025_Rev1/R&D GREET1_2025_Rev1.xlsm,inputs/0_external_models/R&D GREET2025_Rev1/R&D GREET2_2025_Rev1.xlsm,3abed15be3442b25b66c7d991ce4ea89fd1fe534af930ae772e419241f0d976f,2be89abd169eba7180c0ca41102461682fc258a38ea143c5544bfd051ed03384,2025,2020,argonne_rd_greet_2025_rev1,road_vehicle_cycle_emissions,ldv,Pickup,Vehi_Sum,F13,A13,1.1) ICEV: Conventional Material,icev,conventional,CO2,7774236.7253884645,g/vehicle-lifetime,vehicle_cycle_total_no_eol_credits
Pickup,3,35,300,Class 6 PnD Trucks,1,12,False,inputs/0_external_models/R&D GREET2025_Rev1/R&D GREET1_2025_Rev1.xlsm,inputs/0_external_models/R&D GREET2025_Rev1/R&D GREET2_2025_Rev1.xlsm,3abed15be3442b25b66c7d991ce4ea89fd1fe534af930ae772e419241f0d976f,2be89abd169eba7180c0ca41102461682fc258a38ea143c5544bfd051ed03384,2025,2020,argonne_rd_greet_2025_rev1,road_vehicle_cycle_emissions,ldv,Pickup,Vehi_Sum,F15,A15,1.1) ICEV: Conventional Material,icev,conventional,CH4,16934.044118895916,g/vehicle-lifetime,vehicle_cycle_total_no_eol_credits
Pickup,3,35,300,Class 6 PnD Trucks,1,12,False,inputs/0_external_models/R&D GREET2025_Rev1/R&D GREET1_2025_Rev1.xlsm,inputs/0_external_models/R&D GREET2025_Rev1/R&D GREET2_2025_Rev1.xlsm,3abed15be3442b25b66c7d991ce4ea89fd1fe534af930ae772e419241f0d976f,2be89abd169eba7180c0ca41102461682fc258a38ea143c5544bfd051ed03384,2025,2020,argonne_rd_greet_2025_rev1,road_vehicle_cycle_emissions,ldv,Pickup,Vehi_Sum,F16,A16,1.1) ICEV: Conventional Material,icev,conventional,N2O,206.2719833113104,g/vehicle-lifetime,vehicle_cycle_total_no_eol_credits
Pickup,3,35,300,Class 6 PnD Trucks,1,12,False,inputs/0_external_models/R&D GREET2025_Rev1/R&D GREET1_2025_Rev1.xlsm,inputs/0_external_models/R&D GREET2025_Rev1/R&D GREET2_2025_Rev1.xlsm,3abed15be3442b25b66c7d991ce4ea89fd1fe534af930ae772e419241f0d976f,2be89abd169eba7180c0ca41102461682fc258a38ea143c5544bfd051ed03384,2025,2020,argonne_rd_greet_2025_rev1,road_vehicle_cycle_emissions,ldv,Pickup,Vehi_Sum,F44,A44,1.2) ICEV: Lightweight Material,icev,lightweight,CO2,9098407.91457885,g/vehicle-lifetime,vehicle_cycle_total_no_eol_credits
Pickup,3,35,300,Class 6 PnD Trucks,1,12,False,inputs/0_external_models/R&D GREET2025_Rev1/R&D GREET1_2025_Rev1.xlsm,inputs/0_external_models/R&D GREET2025_Rev1/R&D GREET2_2025_Rev1.xlsm,3abed15be3442b25b66c7d991ce4ea89fd1fe534af930ae772e419241f0d976f,2be89abd169eba7180c0ca41102461682fc258a38ea143c5544bfd051ed03384,2025,2020,argonne_rd_greet_2025_rev1,road_vehicle_cycle_emissions,ldv,Pickup,Vehi_Sum,F46,A46,1.2) ICEV: Lightweight Material,icev,lightweight,CH4,22034.551148893734,g/vehicle-lifetime,vehicle_cycle_total_no_eol_credits
Pickup,3,35,300,Class 6 PnD Trucks,1,12,False,inputs/0_external_models/R&D GREET2025_Rev1/R&D GREET1_2025_Rev1.xlsm,inputs/0_external_models/R&D GREET2025_Rev1/R&D GREET2_2025_Rev1.xlsm,3abed15be3442b25b66c7d991ce4ea89fd1fe534af930ae772e419241f0d976f,2be89abd169eba7180c0ca41102461682fc258a38ea143c5544bfd051ed03384,2025,2020,argonne_rd_greet_2025_rev1,road_vehicle_cycle_emissions,ldv,Pickup,Vehi_Sum,F47,A47,1.2) ICEV: Lightweight Material,icev,lightweight,N2O,264.34231230117746,g/vehicle-lifetime,vehicle_cycle_total_no_eol_credits
Pickup,3,35,300,Class 6 PnD Trucks,1,12,False,inputs/0_external_models/R&D GREET2025_Rev1/R&D GREET1_2025_Rev1.xlsm,inputs/0_external_models/R&D GREET2025_Rev1/R&D GREET2_2025_Rev1.xlsm,3abed15be3442b25b66c7d991ce4ea89fd1fe534af930ae772e419241f0d976f,2be89abd169eba7180c0ca41102461682fc258a38ea143c5544bfd051ed03384,2025,2020,argonne_rd_greet_2025_rev1,road_vehicle_cycle_emissions,ldv,Pickup,Vehi_Sum,F75,A75,1.3) HEV: Conventional Material,hev,conventional,CO2,8270697.750247803,g/vehicle-lifetime,vehicle_cycle_total_no_eol_credits
Pickup,3,35,300,Class 6 PnD Trucks,1,12,False,inputs/0_external_models/R&D GREET2025_Rev1/R&D GREET1_2025_Rev1.xlsm,inputs/0_external_models/R&D GREET2025_Rev1/R&D GREET2_2025_Rev1.xlsm,3abed15be3442b25b66c7d991ce4ea89fd1fe534af930ae772e419241f0d976f,2be89abd169eba7180c0ca41102461682fc258a38ea143c5544bfd051ed03384,2025,2020,argonne_rd_greet_2025_rev1,road_vehicle_cycle_emissions,ldv,Pickup,Vehi_Sum,F77,A77,1.3) HEV: Conventional Material,hev,conventional,CH4,18394.87483098219,g/vehicle-lifetime,vehicle_cycle_total_no_eol_credits
Pickup,3,35,300,Class 6 PnD Trucks,1,12,False,inputs/0_external_models/R&D GREET2025_Rev1/R&D GREET1_2025_Rev1.xlsm,inputs/0_external_models/R&D GREET2025_Rev1/R&D GREET2_2025_Rev1.xlsm,3abed15be3442b25b66c7d991ce4ea89fd1fe534af930ae772e419241f0d976f,2be89abd169eba7180c0ca41102461682fc258a38ea143c5544bfd051ed03384,2025,2020,argonne_rd_greet_2025_rev1,road_vehicle_cycle_emissions,ldv,Pickup,Vehi_Sum,F78,A78,1.3) HEV: Conventional Material,hev,conventional,N2O,293.7122841565559,g/vehicle-lifetime,vehicle_cycle_total_no_eol_credits
Pickup,3,35,300,Class 6 PnD Trucks,1,12,False,inputs/0_external_models/R&D GREET2025_Rev1/R&D GREET1_2025_Rev1.xlsm,inputs/0_external_models/R&D GREET2025_Rev1/R&D GREET2_2025_Rev1.xlsm,3abed15be3442b25b66c7d991ce4ea89fd1fe534af930ae772e419241f0d976f,2be89abd169eba7180c0ca41102461682fc258a38ea143c5544bfd051ed03384,2025,2020,argonne_rd_greet_2025_rev1,road_vehicle_cycle_emissions,ldv,Pickup,Vehi_Sum,F106,A106,1.4) HEV: Lightweight Material,hev,lightweight,CO2,9571205.478764633,g/vehicle-lifetime,vehicle_cycle_total_no_eol_credits
Pickup,3,35,300,Class 6 PnD Trucks,1,12,False,inputs/0_external_models/R&D GREET2025_Rev1/R&D GREET1_2025_Rev1.xlsm,inputs/0_external_models/R&D GREET2025_Rev1/R&D GREET2_2025_Rev1.xlsm,3abed15be3442b25b66c7d991ce4ea89fd1fe534af930ae772e419241f0d976f,2be89abd169eba7180c0ca41102461682fc258a38ea143c5544bfd051ed03384,2025,2020,argonne_rd_greet_2025_rev1,road_vehicle_cycle_emissions,ldv,Pickup,Vehi_Sum,F108,A108,1.4) HEV: Lightweight Material,hev,lightweight,CH4,22836.86430532247,g/vehicle-lifetime,vehicle_cycle_total_no_eol_credits
Pickup,3,35,300,Class 6 PnD Trucks,1,12,False,inputs/0_external_models/R&D GREET2025_Rev1/R&D GREET1_2025_Rev1.xlsm,inputs/0_external_models/R&D GREET2025_Rev1/R&D GREET2_2025_Rev1.xlsm,3abed15be3442b25b66c7d991ce4ea89fd1fe534af930ae772e419241f0d976f,2be89abd169eba7180c0ca41102461682fc258a38ea143c5544bfd051ed03384,2025,2020,argonne_rd_greet_2025_rev1,road_vehicle_cycle_emissions,ldv,Pickup,Vehi_Sum,F109,A109,1.4) HEV: Lightweight Material,hev,lightweight,N2O,343.0150523551762,g/vehicle-lifetime,vehicle_cycle_total_no_eol_credits
Pickup,3,35,300,Class 6 PnD Trucks,1,12,False,inputs/0_external_models/R&D GREET2025_Rev1/R&D GREET1_2025_Rev1.xlsm,inputs/0_external_models/R&D GREET2025_Rev1/R&D GREET2_2025_Rev1.xlsm,3abed15be3442b25b66c7d991ce4ea89fd1fe534af930ae772e419241f0d976f,2be89abd169eba7180c0ca41102461682fc258a38ea143c5544bfd051ed03384,2025,2020,argonne_rd_greet_2025_rev1,road_vehicle_cycle_emissions,ldv,Pickup,Vehi_Sum,F137,A137,1.5) PHEV: Conventional Material,phev,conventional,CO2,9107751.642564874,g/vehicle-lifetime,vehicle_cycle_total_no_eol_credits
Pickup,3,35,300,Class 6 PnD Trucks,1,12,False,inputs/0_external_models/R&D GREET2025_Rev1/R&D GREET1_2025_Rev1.xlsm,inputs/0_external_models/R&D GREET2025_Rev1/R&D GREET2_2025_Rev1.xlsm,3abed15be3442b25b66c7d991ce4ea89fd1fe534af930ae772e419241f0d976f,2be89abd169eba7180c0ca41102461682fc258a38ea143c5544bfd051ed03384,2025,2020,argonne_rd_greet_2025_rev1,road_vehicle_cycle_emissions,ldv,Pickup,Vehi_Sum,F139,A139,1.5) PHEV: Conventional Material,phev,conventional,CH4,19889.677722744313,g/vehicle-lifetime,vehicle_cycle_total_no_eol_credits
Pickup,3,35,300,Class 6 PnD Trucks,1,12,False,inputs/0_external_models/R&D GREET2025_Rev1/R&D GREET1_2025_Rev1.xlsm,inputs/0_external_models/R&D GREET2025_Rev1/R&D GREET2_2025_Rev1.xlsm,3abed15be3442b25b66c7d991ce4ea89fd1fe534af930ae772e419241f0d976f,2be89abd169eba7180c0ca41102461682fc258a38ea143c5544bfd051ed03384,2025,2020,argonne_rd_greet_2025_rev1,road_vehicle_cycle_emissions,ldv,Pickup,Vehi_Sum,F140,A140,1.5) PHEV: Conventional Material,phev,conventional,N2O,274.0265088630292,g/vehicle-lifetime,vehicle_cycle_total_no_eol_credits
Pickup,3,35,300,Class 6 PnD Trucks,1,12,False,inputs/0_external_models/R&D GREET2025_Rev1/R&D GREET1_2025_Rev1.xlsm,inputs/0_external_models/R&D GREET2025_Rev1/R&D GREET2_2025_Rev1.xlsm,3abed15be3442b25b66c7d991ce4ea89fd1fe534af930ae772e419241f0d976f,2be89abd169eba7180c0ca41102461682fc258a38ea143c5544bfd051ed03384,2025,2020,argonne_rd_greet_2025_rev1,road_vehicle_cycle_emissions,ldv,Pickup,Vehi_Sum,F168,A168,1.6) PHEV: Lightweight Material,phev,lightweight,CO2,9869787.186732503,g/vehicle-lifetime,vehicle_cycle_total_no_eol_credits
Pickup,3,35,300,Class 6 PnD Trucks,1,12,False,inputs/0_external_models/R&D GREET2025_Rev1/R&D GREET1_2025_Rev1.xlsm,inputs/0_external_models/R&D GREET2025_Rev1/R&D GREET2_2025_Rev1.xlsm,3abed15be3442b25b66c7d991ce4ea89fd1fe534af930ae772e419241f0d976f,2be89abd169eba7180c0ca41102461682fc258a38ea143c5544bfd051ed03384,2025,2020,argonne_rd_greet_2025_rev1,road_vehicle_cycle_emissions,ldv,Pickup,Vehi_Sum,F170,A170,1.6) PHEV: Lightweight Material,phev,lightweight,CH4,23210.41930836074,g/vehicle-lifetime,vehicle_cycle_total_no_eol_credits
Pickup,3,35,300,Class 6 PnD Trucks,1,12,False,inputs/0_external_models/R&D GREET2025_Rev1/R&D GREET1_2025_Rev1.xlsm,inputs/0_external_models/R&D GREET2025_Rev1/R&D GREET2_2025_Rev1.xlsm,3abed15be3442b25b66c7d991ce4ea89fd1fe534af930ae772e419241f0d976f,2be89abd169eba7180c0ca41102461682fc258a38ea143c5544bfd051ed03384,2025,2020,argonne_rd_greet_2025_rev1,road_vehicle_cycle_emissions,ldv,Pickup,Vehi_Sum,F171,A171,1.6) PHEV: Lightweight Material,phev,lightweight,N2O,306.4221854248841,g/vehicle-lifetime,vehicle_cycle_total_no_eol_credits
Pickup,3,35,300,Class 6 PnD Trucks,1,12,False,inputs/0_external_models/R&D GREET2025_Rev1/R&D GREET1_2025_Rev1.xlsm,inputs/0_external_models/R&D GREET2025_Rev1/R&D GREET2_2025_Rev1.xlsm,3abed15be3442b25b66c7d991ce4ea89fd1fe534af930ae772e419241f0d976f,2be89abd169eba7180c0ca41102461682fc258a38ea143c5544bfd051ed03384,2025,2020,argonne_rd_greet_2025_rev1,road_vehicle_cycle_emissions,ldv,Pickup,Vehi_Sum,F199,A199,1.7) EV: Conventional Material,bev,conventional,CO2,14061231.96807843,g/vehicle-lifetime,vehicle_cycle_total_no_eol_credits
Pickup,3,35,300,Class 6 PnD Trucks,1,12,False,inputs/0_external_models/R&D GREET2025_Rev1/R&D GREET1_2025_Rev1.xlsm,inputs/0_external_models/R&D GREET2025_Rev1/R&D GREET2_2025_Rev1.xlsm,3abed15be3442b25b66c7d991ce4ea89fd1fe534af930ae772e419241f0d976f,2be89abd169eba7180c0ca41102461682fc258a38ea143c5544bfd051ed03384,2025,2020,argonne_rd_greet_2025_rev1,road_vehicle_cycle_emissions,ldv,Pickup,Vehi_Sum,F201,A201,1.7) EV: Conventional Material,bev,conventional,CH4,30491.20156190177,g/vehicle-lifetime,vehicle_cycle_total_no_eol_credits
Pickup,3,35,300,Class 6 PnD Trucks,1,12,False,inputs/0_external_models/R&D GREET2025_Rev1/R&D GREET1_2025_Rev1.xlsm,inputs/0_external_models/R&D GREET2025_Rev1/R&D GREET2_2025_Rev1.xlsm,3abed15be3442b25b66c7d991ce4ea89fd1fe534af930ae772e419241f0d976f,2be89abd169eba7180c0ca41102461682fc258a38ea143c5544bfd051ed03384,2025,2020,argonne_rd_greet_2025_rev1,road_vehicle_cycle_emissions,ldv,Pickup,Vehi_Sum,F202,A202,1.7) EV: Conventional Material,bev,conventional,N2O,426.5489731222746,g/vehicle-lifetime,vehicle_cycle_total_no_eol_credits
Pickup,3,35,300,Class 6 PnD Trucks,1,12,False,inputs/0_external_models/R&D GREET2025_Rev1/R&D GREET1_2025_Rev1.xlsm,inputs/0_external_models/R&D GREET2025_Rev1/R&D GREET2_2025_Rev1.xlsm,3abed15be3442b25b66c7d991ce4ea89fd1fe534af930ae772e419241f0d976f,2be89abd169eba7180c0ca41102461682fc258a38ea143c5544bfd051ed03384,2025,2020,argonne_rd_greet_2025_rev1,road_vehicle_cycle_emissions,ldv,Pickup,Vehi_Sum,F230,A230,1.8) EV: Lightweight Material,bev,lightweight,CO2,14069639.701642852,g/vehicle-lifetime,vehicle_cycle_total_no_eol_credits
Pickup,3,35,300,Class 6 PnD Trucks,1,12,False,inputs/0_external_models/R&D GREET2025_Rev1/R&D GREET1_2025_Rev1.xlsm,inputs/0_external_models/R&D GREET2025_Rev1/R&D GREET2_2025_Rev1.xlsm,3abed15be3442b25b66c7d991ce4ea89fd1fe534af930ae772e419241f0d976f,2be89abd169eba7180c0ca41102461682fc258a38ea143c5544bfd051ed03384,2025,2020,argonne_rd_greet_2025_rev1,road_vehicle_cycle_emissions,ldv,Pickup,Vehi_Sum,F232,A232,1.8) EV: Lightweight Material,bev,lightweight,CH4,31292.95495791065,g/vehicle-lifetime,vehicle_cycle_total_no_eol_credits
Pickup,3,35,300,Class 6 PnD Trucks,1,12,False,inputs/0_external_models/R&D GREET2025_Rev1/R&D GREET1_2025_Rev1.xlsm,inputs/0_external_models/R&D GREET2025_Rev1/R&D GREET2_2025_Rev1.xlsm,3abed15be3442b25b66c7d991ce4ea89fd1fe534af930ae772e419241f0d976f,2be89abd169eba7180c0ca41102461682fc258a38ea143c5544bfd051ed03384,2025,2020,argonne_rd_greet_2025_rev1,road_vehicle_cycle_emissions,ldv,Pickup,Vehi_Sum,F233,A233,1.8) EV: Lightweight Material,bev,lightweight,N2O,461.4968140159991,g/vehicle-lifetime,vehicle_cycle_total_no_eol_credits
Pickup,3,35,300,Class 6 PnD Trucks,1,12,False,inputs/0_external_models/R&D GREET2025_Rev1/R&D GREET1_2025_Rev1.xlsm,inputs/0_external_models/R&D GREET2025_Rev1/R&D GREET2_2025_Rev1.xlsm,3abed15be3442b25b66c7d991ce4ea89fd1fe534af930ae772e419241f0d976f,2be89abd169eba7180c0ca41102461682fc258a38ea143c5544bfd051ed03384,2025,2020,argonne_rd_greet_2025_rev1,road_vehicle_cycle_emissions,ldv,Pickup,Vehi_Sum,F261,A261,1.9) FCV: Conventional Material,fcev,conventional,CO2,9339393.984336438,g/vehicle-lifetime,vehicle_cycle_total_no_eol_credits
Pickup,3,35,300,Class 6 PnD Trucks,1,12,False,inputs/0_external_models/R&D GREET2025_Rev1/R&D GREET1_2025_Rev1.xlsm,inputs/0_external_models/R&D GREET2025_Rev1/R&D GREET2_2025_Rev1.xlsm,3abed15be3442b25b66c7d991ce4ea89fd1fe534af930ae772e419241f0d976f,2be89abd169eba7180c0ca41102461682fc258a38ea143c5544bfd051ed03384,2025,2020,argonne_rd_greet_2025_rev1,road_vehicle_cycle_emissions,ldv,Pickup,Vehi_Sum,F263,A263,1.9) FCV: Conventional Material,fcev,conventional,CH4,21844.637994938686,g/vehicle-lifetime,vehicle_cycle_total_no_eol_credits
Pickup,3,35,300,Class 6 PnD Trucks,1,12,False,inputs/0_external_models/R&D GREET2025_Rev1/R&D GREET1_2025_Rev1.xlsm,inputs/0_external_models/R&D GREET2025_Rev1/R&D GREET2_2025_Rev1.xlsm,3abed15be3442b25b66c7d991ce4ea89fd1fe534af930ae772e419241f0d976f,2be89abd169eba7180c0ca41102461682fc258a38ea143c5544bfd051ed03384,2025,2020,argonne_rd_greet_2025_rev1,road_vehicle_cycle_emissions,ldv,Pickup,Vehi_Sum,F264,A264,1.9) FCV: Conventional Material,fcev,conventional,N2O,311.74642460039706,g/vehicle-lifetime,vehicle_cycle_total_no_eol_credits
Pickup,3,35,300,Class 6 PnD Trucks,1,12,False,inputs/0_external_models/R&D GREET2025_Rev1/R&D GREET1_2025_Rev1.xlsm,inputs/0_external_models/R&D GREET2025_Rev1/R&D GREET2_2025_Rev1.xlsm,3abed15be3442b25b66c7d991ce4ea89fd1fe534af930ae772e419241f0d976f,2be89abd169eba7180c0ca41102461682fc258a38ea143c5544bfd051ed03384,2025,2020,argonne_rd_greet_2025_rev1,road_vehicle_cycle_emissions,ldv,Pickup,Vehi_Sum,F292,A292,1.10) FCV: Lightweight Material,fcev,lightweight,CO2,11038429.975205246,g/vehicle-lifetime,vehicle_cycle_total_no_eol_credits
Pickup,3,35,300,Class 6 PnD Trucks,1,12,False,inputs/0_external_models/R&D GREET2025_Rev1/R&D GREET1_2025_Rev1.xlsm,inputs/0_external_models/R&D GREET2025_Rev1/R&D GREET2_2025_Rev1.xlsm,3abed15be3442b25b66c7d991ce4ea89fd1fe534af930ae772e419241f0d976f,2be89abd169eba7180c0ca41102461682fc258a38ea143c5544bfd051ed03384,2025,2020,argonne_rd_greet_2025_rev1,road_vehicle_cycle_emissions,ldv,Pickup,Vehi_Sum,F294,A294,1.10) FCV: Lightweight Material,fcev,lightweight,CH4,27629.935533285337,g/vehicle-lifetime,vehicle_cycle_total_no_eol_credits
Pickup,3,35,300,Class 6 PnD Trucks,1,12,False,inputs/0_external_models/R&D GREET2025_Rev1/R&D GREET1_2025_Rev1.xlsm,inputs/0_external_models/R&D GREET2025_Rev1/R&D GREET2_2025_Rev1.xlsm,3abed15be3442b25b66c7d991ce4ea89fd1fe534af930ae772e419241f0d976f,2be89abd169eba7180c0ca41102461682fc258a38ea143c5544bfd051ed03384,2025,2020,argonne_rd_greet_2025_rev1,road_vehicle_cycle_emissions,ldv,Pickup,Vehi_Sum,F295,A295,1.10) FCV: Lightweight Material,fcev,lightweight,N2O,396.3824283494315,g/vehicle-lifetime,vehicle_cycle_total_no_eol_credits
Pickup,3,35,300,Class 6 PnD Trucks,1,12,False,inputs/0_external_models/R&D GREET2025_Rev1/R&D GREET1_2025_Rev1.xlsm,inputs/0_external_models/R&D GREET2025_Rev1/R&D GREET2_2025_Rev1.xlsm,3abed15be3442b25b66c7d991ce4ea89fd1fe534af930ae772e419241f0d976f,2be89abd169eba7180c0ca41102461682fc258a38ea143c5544bfd051ed03384,2025,2020,argonne_rd_greet_2025_rev1,road_vehicle_cycle_emissions,mhdv,Class 6 PnD Trucks,MHDV_Sum,G13,A13,1.1) ICEV,icev,none,CO2,17814591.789810307,g/vehicle-lifetime,vehicle_cycle_total_no_eol_credits
Pickup,3,35,300,Class 6 PnD Trucks,1,12,False,inputs/0_external_models/R&D GREET2025_Rev1/R&D GREET1_2025_Rev1.xlsm,inputs/0_external_models/R&D GREET2025_Rev1/R&D GREET2_2025_Rev1.xlsm,3abed15be3442b25b66c7d991ce4ea89fd1fe534af930ae772e419241f0d976f,2be89abd169eba7180c0ca41102461682fc258a38ea143c5544bfd051ed03384,2025,2020,argonne_rd_greet_2025_rev1,road_vehicle_cycle_emissions,mhdv,Class 6 PnD Trucks,MHDV_Sum,G15,A15,1.1) ICEV,icev,none,CH4,33984.61026012566,g/vehicle-lifetime,vehicle_cycle_total_no_eol_credits
Pickup,3,35,300,Class 6 PnD Trucks,1,12,False,inputs/0_external_models/R&D GREET2025_Rev1/R&D GREET1_2025_Rev1.xlsm,inputs/0_external_models/R&D GREET2025_Rev1/R&D GREET2_2025_Rev1.xlsm,3abed15be3442b25b66c7d991ce4ea89fd1fe534af930ae772e419241f0d976f,2be89abd169eba7180c0ca41102461682fc258a38ea143c5544bfd051ed03384,2025,2020,argonne_rd_greet_2025_rev1,road_vehicle_cycle_emissions,mhdv,Class 6 PnD Trucks,MHDV_Sum,G16,A16,1.1) ICEV,icev,none,N2O,336.9746755969985,g/vehicle-lifetime,vehicle_cycle_total_no_eol_credits
Pickup,3,35,300,Class 6 PnD Trucks,1,12,False,inputs/0_external_models/R&D GREET2025_Rev1/R&D GREET1_2025_Rev1.xlsm,inputs/0_external_models/R&D GREET2025_Rev1/R&D GREET2_2025_Rev1.xlsm,3abed15be3442b25b66c7d991ce4ea89fd1fe534af930ae772e419241f0d976f,2be89abd169eba7180c0ca41102461682fc258a38ea143c5544bfd051ed03384,2025,2020,argonne_rd_greet_2025_rev1,road_vehicle_cycle_emissions,mhdv,Class 6 PnD Trucks,MHDV_Sum,G44,A44,1.2) HEV,hev,none,CO2,18333102.181475896,g/vehicle-lifetime,vehicle_cycle_total_no_eol_credits
Pickup,3,35,300,Class 6 PnD Trucks,1,12,False,inputs/0_external_models/R&D GREET2025_Rev1/R&D GREET1_2025_Rev1.xlsm,inputs/0_external_models/R&D GREET2025_Rev1/R&D GREET2_2025_Rev1.xlsm,3abed15be3442b25b66c7d991ce4ea89fd1fe534af930ae772e419241f0d976f,2be89abd169eba7180c0ca41102461682fc258a38ea143c5544bfd051ed03384,2025,2020,argonne_rd_greet_2025_rev1,road_vehicle_cycle_emissions,mhdv,Class 6 PnD Trucks,MHDV_Sum,G46,A46,1.2) HEV,hev,none,CH4,34987.40289923422,g/vehicle-lifetime,vehicle_cycle_total_no_eol_credits
Pickup,3,35,300,Class 6 PnD Trucks,1,12,False,inputs/0_external_models/R&D GREET2025_Rev1/R&D GREET1_2025_Rev1.xlsm,inputs/0_external_models/R&D GREET2025_Rev1/R&D GREET2_2025_Rev1.xlsm,3abed15be3442b25b66c7d991ce4ea89fd1fe534af930ae772e419241f0d976f,2be89abd169eba7180c0ca41102461682fc258a38ea143c5544bfd051ed03384,2025,2020,argonne_rd_greet_2025_rev1,road_vehicle_cycle_emissions,mhdv,Class 6 PnD Trucks,MHDV_Sum,G47,A47,1.2) HEV,hev,none,N2O,367.90150824555917,g/vehicle-lifetime,vehicle_cycle_total_no_eol_credits
Pickup,3,35,300,Class 6 PnD Trucks,1,12,False,inputs/0_external_models/R&D GREET2025_Rev1/R&D GREET1_2025_Rev1.xlsm,inputs/0_external_models/R&D GREET2025_Rev1/R&D GREET2_2025_Rev1.xlsm,3abed15be3442b25b66c7d991ce4ea89fd1fe534af930ae772e419241f0d976f,2be89abd169eba7180c0ca41102461682fc258a38ea143c5544bfd051ed03384,2025,2020,argonne_rd_greet_2025_rev1,road_vehicle_cycle_emissions,mhdv,Class 6 PnD Trucks,MHDV_Sum,G75,A75,1.3) EV,bev,none,CO2,29416143.833984002,g/vehicle-lifetime,vehicle_cycle_total_no_eol_credits
Pickup,3,35,300,Class 6 PnD Trucks,1,12,False,inputs/0_external_models/R&D GREET2025_Rev1/R&D GREET1_2025_Rev1.xlsm,inputs/0_external_models/R&D GREET2025_Rev1/R&D GREET2_2025_Rev1.xlsm,3abed15be3442b25b66c7d991ce4ea89fd1fe534af930ae772e419241f0d976f,2be89abd169eba7180c0ca41102461682fc258a38ea143c5544bfd051ed03384,2025,2020,argonne_rd_greet_2025_rev1,road_vehicle_cycle_emissions,mhdv,Class 6 PnD Trucks,MHDV_Sum,G77,A77,1.3) EV,bev,none,CH4,55954.54371452834,g/vehicle-lifetime,vehicle_cycle_total_no_eol_credits
Pickup,3,35,300,Class 6 PnD Trucks,1,12,False,inputs/0_external_models/R&D GREET2025_Rev1/R&D GREET1_2025_Rev1.xlsm,inputs/0_external_models/R&D GREET2025_Rev1/R&D GREET2_2025_Rev1.xlsm,3abed15be3442b25b66c7d991ce4ea89fd1fe534af930ae772e419241f0d976f,2be89abd169eba7180c0ca41102461682fc258a38ea143c5544bfd051ed03384,2025,2020,argonne_rd_greet_2025_rev1,road_vehicle_cycle_emissions,mhdv,Class 6 PnD Trucks,MHDV_Sum,G78,A78,1.3) EV,bev,none,N2O,702.6596442728859,g/vehicle-lifetime,vehicle_cycle_total_no_eol_credits
Pickup,3,35,300,Class 6 PnD Trucks,1,12,False,inputs/0_external_models/R&D GREET2025_Rev1/R&D GREET1_2025_Rev1.xlsm,inputs/0_external_models/R&D GREET2025_Rev1/R&D GREET2_2025_Rev1.xlsm,3abed15be3442b25b66c7d991ce4ea89fd1fe534af930ae772e419241f0d976f,2be89abd169eba7180c0ca41102461682fc258a38ea143c5544bfd051ed03384,2025,2020,argonne_rd_greet_2025_rev1,road_vehicle_cycle_emissions,mhdv,Class 6 PnD Trucks,MHDV_Sum,G106,A106,1.4) FCV,fcev,none,CO2,22456533.43579129,g/vehicle-lifetime,vehicle_cycle_total_no_eol_credits
Pickup,3,35,300,Class 6 PnD Trucks,1,12,False,inputs/0_external_models/R&D GREET2025_Rev1/R&D GREET1_2025_Rev1.xlsm,inputs/0_external_models/R&D GREET2025_Rev1/R&D GREET2_2025_Rev1.xlsm,3abed15be3442b25b66c7d991ce4ea89fd1fe534af930ae772e419241f0d976f,2be89abd169eba7180c0ca41102461682fc258a38ea143c5544bfd051ed03384,2025,2020,argonne_rd_greet_2025_rev1,road_vehicle_cycle_emissions,mhdv,Class 6 PnD Trucks,MHDV_Sum,G108,A108,1.4) FCV,fcev,none,CH4,46226.268830381465,g/vehicle-lifetime,vehicle_cycle_total_no_eol_credits
Pickup,3,35,300,Class 6 PnD Trucks,1,12,False,inputs/0_external_models/R&D GREET2025_Rev1/R&D GREET1_2025_Rev1.xlsm,inputs/0_external_models/R&D GREET2025_Rev1/R&D GREET2_2025_Rev1.xlsm,3abed15be3442b25b66c7d991ce4ea89fd1fe534af930ae772e419241f0d976f,2be89abd169eba7180c0ca41102461682fc258a38ea143c5544bfd051ed03384,2025,2020,argonne_rd_greet_2025_rev1,road_vehicle_cycle_emissions,mhdv,Class 6 PnD Trucks,MHDV_Sum,G109,A109,1.4) FCV,fcev,none,N2O,498.7322965018775,g/vehicle-lifetime,vehicle_cycle_total_no_eol_credits
Pickup,3,50,400,Class 6 PnD Trucks,1,13,False,inputs/0_external_models/R&D GREET2025_Rev1/R&D GREET1_2025_Rev1.xlsm,inputs/0_external_models/R&D GREET2025_Rev1/R&D GREET2_2025_Rev1.xlsm,3abed15be3442b25b66c7d991ce4ea89fd1fe534af930ae772e419241f0d976f,2be89abd169eba7180c0ca41102461682fc258a38ea143c5544bfd051ed03384,2025,2020,argonne_rd_greet_2025_rev1,road_vehicle_cycle_emissions,ldv,Pickup,Vehi_Sum,F13,A13,1.1) ICEV: Conventional Material,icev,conventional,CO2,7774236.7253884645,g/vehicle-lifetime,vehicle_cycle_total_no_eol_credits
Pickup,3,50,400,Class 6 PnD Trucks,1,13,False,inputs/0_external_models/R&D GREET2025_Rev1/R&D GREET1_2025_Rev1.xlsm,inputs/0_external_models/R&D GREET2025_Rev1/R&D GREET2_2025_Rev1.xlsm,3abed15be3442b25b66c7d991ce4ea89fd1fe534af930ae772e419241f0d976f,2be89abd169eba7180c0ca41102461682fc258a38ea143c5544bfd051ed03384,2025,2020,argonne_rd_greet_2025_rev1,road_vehicle_cycle_emissions,ldv,Pickup,Vehi_Sum,F15,A15,1.1) ICEV: Conventional Material,icev,conventional,CH4,16934.044118895916,g/vehicle-lifetime,vehicle_cycle_total_no_eol_credits
Pickup,3,50,400,Class 6 PnD Trucks,1,13,False,inputs/0_external_models/R&D GREET2025_Rev1/R&D GREET1_2025_Rev1.xlsm,inputs/0_external_models/R&D GREET2025_Rev1/R&D GREET2_2025_Rev1.xlsm,3abed15be3442b25b66c7d991ce4ea89fd1fe534af930ae772e419241f0d976f,2be89abd169eba7180c0ca41102461682fc258a38ea143c5544bfd051ed03384,2025,2020,argonne_rd_greet_2025_rev1,road_vehicle_cycle_emissions,ldv,Pickup,Vehi_Sum,F16,A16,1.1) ICEV: Conventional Material,icev,conventional,N2O,206.2719833113104,g/vehicle-lifetime,vehicle_cycle_total_no_eol_credits
Pickup,3,50,400,Class 6 PnD Trucks,1,13,False,inputs/0_external_models/R&D GREET2025_Rev1/R&D GREET1_2025_Rev1.xlsm,inputs/0_external_models/R&D GREET2025_Rev1/R&D GREET2_2025_Rev1.xlsm,3abed15be3442b25b66c7d991ce4ea89fd1fe534af930ae772e419241f0d976f,2be89abd169eba7180c0ca41102461682fc258a38ea143c5544bfd051ed03384,2025,2020,argonne_rd_greet_2025_rev1,road_vehicle_cycle_emissions,ldv,Pickup,Vehi_Sum,F44,A44,1.2) ICEV: Lightweight Material,icev,lightweight,CO2,9098407.91457885,g/vehicle-lifetime,vehicle_cycle_total_no_eol_credits
Pickup,3,50,400,Class 6 PnD Trucks,1,13,False,inputs/0_external_models/R&D GREET2025_Rev1/R&D GREET1_2025_Rev1.xlsm,inputs/0_external_models/R&D GREET2025_Rev1/R&D GREET2_2025_Rev1.xlsm,3abed15be3442b25b66c7d991ce4ea89fd1fe534af930ae772e419241f0d976f,2be89abd169eba7180c0ca41102461682fc258a38ea143c5544bfd051ed03384,2025,2020,argonne_rd_greet_2025_rev1,road_vehicle_cycle_emissions,ldv,Pickup,Vehi_Sum,F46,A46,1.2) ICEV: Lightweight Material,icev,lightweight,CH4,22034.551148893734,g/vehicle-lifetime,vehicle_cycle_total_no_eol_credits
Pickup,3,50,400,Class 6 PnD Trucks,1,13,False,inputs/0_external_models/R&D GREET2025_Rev1/R&D GREET1_2025_Rev1.xlsm,inputs/0_external_models/R&D GREET2025_Rev1/R&D GREET2_2025_Rev1.xlsm,3abed15be3442b25b66c7d991ce4ea89fd1fe534af930ae772e419241f0d976f,2be89abd169eba7180c0ca41102461682fc258a38ea143c5544bfd051ed03384,2025,2020,argonne_rd_greet_2025_rev1,road_vehicle_cycle_emissions,ldv,Pickup,Vehi_Sum,F47,A47,1.2) ICEV: Lightweight Material,icev,lightweight,N2O,264.34231230117746,g/vehicle-lifetime,vehicle_cycle_total_no_eol_credits
Pickup,3,50,400,Class 6 PnD Trucks,1,13,False,inputs/0_external_models/R&D GREET2025_Rev1/R&D GREET1_2025_Rev1.xlsm,inputs/0_external_models/R&D GREET2025_Rev1/R&D GREET2_2025_Rev1.xlsm,3abed15be3442b25b66c7d991ce4ea89fd1fe534af930ae772e419241f0d976f,2be89abd169eba7180c0ca41102461682fc258a38ea143c5544bfd051ed03384,2025,2020,argonne_rd_greet_2025_rev1,road_vehicle_cycle_emissions,ldv,Pickup,Vehi_Sum,F75,A75,1.3) HEV: Conventional Material,hev,conventional,CO2,8270697.750247803,g/vehicle-lifetime,vehicle_cycle_total_no_eol_credits
Pickup,3,50,400,Class 6 PnD Trucks,1,13,False,inputs/0_external_models/R&D GREET2025_Rev1/R&D GREET1_2025_Rev1.xlsm,inputs/0_external_models/R&D GREET2025_Rev1/R&D GREET2_2025_Rev1.xlsm,3abed15be3442b25b66c7d991ce4ea89fd1fe534af930ae772e419241f0d976f,2be89abd169eba7180c0ca41102461682fc258a38ea143c5544bfd051ed03384,2025,2020,argonne_rd_greet_2025_rev1,road_vehicle_cycle_emissions,ldv,Pickup,Vehi_Sum,F77,A77,1.3) HEV: Conventional Material,hev,conventional,CH4,18394.87483098219,g/vehicle-lifetime,vehicle_cycle_total_no_eol_credits
Pickup,3,50,400,Class 6 PnD Trucks,1,13,False,inputs/0_external_models/R&D GREET2025_Rev1/R&D GREET1_2025_Rev1.xlsm,inputs/0_external_models/R&D GREET2025_Rev1/R&D GREET2_2025_Rev1.xlsm,3abed15be3442b25b66c7d991ce4ea89fd1fe534af930ae772e419241f0d976f,2be89abd169eba7180c0ca41102461682fc258a38ea143c5544bfd051ed03384,2025,2020,argonne_rd_greet_2025_rev1,road_vehicle_cycle_emissions,ldv,Pickup,Vehi_Sum,F78,A78,1.3) HEV: Conventional Material,hev,conventional,N2O,293.7122841565559,g/vehicle-lifetime,vehicle_cycle_total_no_eol_credits
Pickup,3,50,400,Class 6 PnD Trucks,1,13,False,inputs/0_external_models/R&D GREET2025_Rev1/R&D GREET1_2025_Rev1.xlsm,inputs/0_external_models/R&D GREET2025_Rev1/R&D GREET2_2025_Rev1.xlsm,3abed15be3442b25b66c7d991ce4ea89fd1fe534af930ae772e419241f0d976f,2be89abd169eba7180c0ca41102461682fc258a38ea143c5544bfd051ed03384,2025,2020,argonne_rd_greet_2025_rev1,road_vehicle_cycle_emissions,ldv,Pickup,Vehi_Sum,F106,A106,1.4) HEV: Lightweight Material,hev,lightweight,CO2,9571205.478764633,g/vehicle-lifetime,vehicle_cycle_total_no_eol_credits
Pickup,3,50,400,Class 6 PnD Trucks,1,13,False,inputs/0_external_models/R&D GREET2025_Rev1/R&D GREET1_2025_Rev1.xlsm,inputs/0_external_models/R&D GREET2025_Rev1/R&D GREET2_2025_Rev1.xlsm,3abed15be3442b25b66c7d991ce4ea89fd1fe534af930ae772e419241f0d976f,2be89abd169eba7180c0ca41102461682fc258a38ea143c5544bfd051ed03384,2025,2020,argonne_rd_greet_2025_rev1,road_vehicle_cycle_emissions,ldv,Pickup,Vehi_Sum,F108,A108,1.4) HEV: Lightweight Material,hev,lightweight,CH4,22836.86430532247,g/vehicle-lifetime,vehicle_cycle_total_no_eol_credits
Pickup,3,50,400,Class 6 PnD Trucks,1,13,False,inputs/0_external_models/R&D GREET2025_Rev1/R&D GREET1_2025_Rev1.xlsm,inputs/0_external_models/R&D GREET2025_Rev1/R&D GREET2_2025_Rev1.xlsm,3abed15be3442b25b66c7d991ce4ea89fd1fe534af930ae772e419241f0d976f,2be89abd169eba7180c0ca41102461682fc258a38ea143c5544bfd051ed03384,2025,2020,argonne_rd_greet_2025_rev1,road_vehicle_cycle_emissions,ldv,Pickup,Vehi_Sum,F109,A109,1.4) HEV: Lightweight Material,hev,lightweight,N2O,343.0150523551762,g/vehicle-lifetime,vehicle_cycle_total_no_eol_credits
Pickup,3,50,400,Class 6 PnD Trucks,1,13,False,inputs/0_external_models/R&D GREET2025_Rev1/R&D GREET1_2025_Rev1.xlsm,inputs/0_external_models/R&D GREET2025_Rev1/R&D GREET2_2025_Rev1.xlsm,3abed15be3442b25b66c7d991ce4ea89fd1fe534af930ae772e419241f0d976f,2be89abd169eba7180c0ca41102461682fc258a38ea143c5544bfd051ed03384,2025,2020,argonne_rd_greet_2025_rev1,road_vehicle_cycle_emissions,ldv,Pickup,Vehi_Sum,F137,A137,1.5) PHEV: Conventional Material,phev,conventional,CO2,9634578.44325072,g/vehicle-lifetime,vehicle_cycle_total_no_eol_credits
Pickup,3,50,400,Class 6 PnD Trucks,1,13,False,inputs/0_external_models/R&D GREET2025_Rev1/R&D GREET1_2025_Rev1.xlsm,inputs/0_external_models/R&D GREET2025_Rev1/R&D GREET2_2025_Rev1.xlsm,3abed15be3442b25b66c7d991ce4ea89fd1fe534af930ae772e419241f0d976f,2be89abd169eba7180c0ca41102461682fc258a38ea143c5544bfd051ed03384,2025,2020,argonne_rd_greet_2025_rev1,road_vehicle_cycle_emissions,ldv,Pickup,Vehi_Sum,F139,A139,1.5) PHEV: Conventional Material,phev,conventional,CH4,20908.421844537774,g/vehicle-lifetime,vehicle_cycle_total_no_eol_credits
Pickup,3,50,400,Class 6 PnD Trucks,1,13,False,inputs/0_external_models/R&D GREET2025_Rev1/R&D GREET1_2025_Rev1.xlsm,inputs/0_external_models/R&D GREET2025_Rev1/R&D GREET2_2025_Rev1.xlsm,3abed15be3442b25b66c7d991ce4ea89fd1fe534af930ae772e419241f0d976f,2be89abd169eba7180c0ca41102461682fc258a38ea143c5544bfd051ed03384,2025,2020,argonne_rd_greet_2025_rev1,road_vehicle_cycle_emissions,ldv,Pickup,Vehi_Sum,F140,A140,1.5) PHEV: Conventional Material,phev,conventional,N2O,287.66796664663235,g/vehicle-lifetime,vehicle_cycle_total_no_eol_credits
Pickup,3,50,400,Class 6 PnD Trucks,1,13,False,inputs/0_external_models/R&D GREET2025_Rev1/R&D GREET1_2025_Rev1.xlsm,inputs/0_external_models/R&D GREET2025_Rev1/R&D GREET2_2025_Rev1.xlsm,3abed15be3442b25b66c7d991ce4ea89fd1fe534af930ae772e419241f0d976f,2be89abd169eba7180c0ca41102461682fc258a38ea143c5544bfd051ed03384,2025,2020,argonne_rd_greet_2025_rev1,road_vehicle_cycle_emissions,ldv,Pickup,Vehi_Sum,F168,A168,1.6) PHEV: Lightweight Material,phev,lightweight,CO2,10421607.843976943,g/vehicle-lifetime,vehicle_cycle_total_no_eol_credits
Pickup,3,50,400,Class 6 PnD Trucks,1,13,False,inputs/0_external_models/R&D GREET2025_Rev1/R&D GREET1_2025_Rev1.xlsm,inputs/0_external_models/R&D GREET2025_Rev1/R&D GREET2_2025_Rev1.xlsm,3abed15be3442b25b66c7d991ce4ea89fd1fe534af930ae772e419241f0d976f,2be89abd169eba7180c0ca41102461682fc258a38ea143c5544bfd051ed03384,2025,2020,argonne_rd_greet_2025_rev1,road_vehicle_cycle_emissions,ldv,Pickup,Vehi_Sum,F170,A170,1.6) PHEV: Lightweight Material,phev,lightweight,CH4,24144.841924388093,g/vehicle-lifetime,vehicle_cycle_total_no_eol_credits
Pickup,3,50,400,Class 6 PnD Trucks,1,13,False,inputs/0_external_models/R&D GREET2025_Rev1/R&D GREET1_2025_Rev1.xlsm,inputs/0_external_models/R&D GREET2025_Rev1/R&D GREET2_2025_Rev1.xlsm,3abed15be3442b25b66c7d991ce4ea89fd1fe534af930ae772e419241f0d976f,2be89abd169eba7180c0ca41102461682fc258a38ea143c5544bfd051ed03384,2025,2020,argonne_rd_greet_2025_rev1,road_vehicle_cycle_emissions,ldv,Pickup,Vehi_Sum,F171,A171,1.6) PHEV: Lightweight Material,phev,lightweight,N2O,325.46812187900565,g/vehicle-lifetime,vehicle_cycle_total_no_eol_credits
Pickup,3,50,400,Class 6 PnD Trucks,1,13,False,inputs/0_external_models/R&D GREET2025_Rev1/R&D GREET1_2025_Rev1.xlsm,inputs/0_external_models/R&D GREET2025_Rev1/R&D GREET2_2025_Rev1.xlsm,3abed15be3442b25b66c7d991ce4ea89fd1fe534af930ae772e419241f0d976f,2be89abd169eba7180c0ca41102461682fc258a38ea143c5544bfd051ed03384,2025,2020,argonne_rd_greet_2025_rev1,road_vehicle_cycle_emissions,ldv,Pickup,Vehi_Sum,F199,A199,1.7) EV: Conventional Material,bev,conventional,CO2,18294237.353040945,g/vehicle-lifetime,vehicle_cycle_total_no_eol_credits
Pickup,3,50,400,Class 6 PnD Trucks,1,13,False,inputs/0_external_models/R&D GREET2025_Rev1/R&D GREET1_2025_Rev1.xlsm,inputs/0_external_models/R&D GREET2025_Rev1/R&D GREET2_2025_Rev1.xlsm,3abed15be3442b25b66c7d991ce4ea89fd1fe534af930ae772e419241f0d976f,2be89abd169eba7180c0ca41102461682fc258a38ea143c5544bfd051ed03384,2025,2020,argonne_rd_greet_2025_rev1,road_vehicle_cycle_emissions,ldv,Pickup,Vehi_Sum,F201,A201,1.7) EV: Conventional Material,bev,conventional,CH4,38689.98318321812,g/vehicle-lifetime,vehicle_cycle_total_no_eol_credits
Pickup,3,50,400,Class 6 PnD Trucks,1,13,False,inputs/0_external_models/R&D GREET2025_Rev1/R&D GREET1_2025_Rev1.xlsm,inputs/0_external_models/R&D GREET2025_Rev1/R&D GREET2_2025_Rev1.xlsm,3abed15be3442b25b66c7d991ce4ea89fd1fe534af930ae772e419241f0d976f,2be89abd169eba7180c0ca41102461682fc258a38ea143c5544bfd051ed03384,2025,2020,argonne_rd_greet_2025_rev1,road_vehicle_cycle_emissions,ldv,Pickup,Vehi_Sum,F202,A202,1.7) EV: Conventional Material,bev,conventional,N2O,545.5968430708313,g/vehicle-lifetime,vehicle_cycle_total_no_eol_credits
Pickup,3,50,400,Class 6 PnD Trucks,1,13,False,inputs/0_external_models/R&D GREET2025_Rev1/R&D GREET1_2025_Rev1.xlsm,inputs/0_external_models/R&D GREET2025_Rev1/R&D GREET2_2025_Rev1.xlsm,3abed15be3442b25b66c7d991ce4ea89fd1fe534af930ae772e419241f0d976f,2be89abd169eba7180c0ca41102461682fc258a38ea143c5544bfd051ed03384,2025,2020,argonne_rd_greet_2025_rev1,road_vehicle_cycle_emissions,ldv,Pickup,Vehi_Sum,F230,A230,1.8) EV: Lightweight Material,bev,lightweight,CO2,14120736.98821477,g/vehicle-lifetime,vehicle_cycle_total_no_eol_credits
Pickup,3,50,400,Class 6 PnD Trucks,1,13,False,inputs/0_external_models/R&D GREET2025_Rev1/R&D GREET1_2025_Rev1.xlsm,inputs/0_external_models/R&D GREET2025_Rev1/R&D GREET2_2025_Rev1.xlsm,3abed15be3442b25b66c7d991ce4ea89fd1fe534af930ae772e419241f0d976f,2be89abd169eba7180c0ca41102461682fc258a38ea143c5544bfd051ed03384,2025,2020,argonne_rd_greet_2025_rev1,road_vehicle_cycle_emissions,ldv,Pickup,Vehi_Sum,F232,A232,1.8) EV: Lightweight Material,bev,lightweight,CH4,31393.787132435147,g/vehicle-lifetime,vehicle_cycle_total_no_eol_credits
Pickup,3,50,400,Class 6 PnD Trucks,1,13,False,inputs/0_external_models/R&D GREET2025_Rev1/R&D GREET1_2025_Rev1.xlsm,inputs/0_external_models/R&D GREET2025_Rev1/R&D GREET2_2025_Rev1.xlsm,3abed15be3442b25b66c7d991ce4ea89fd1fe534af930ae772e419241f0d976f,2be89abd169eba7180c0ca41102461682fc258a38ea143c5544bfd051ed03384,2025,2020,argonne_rd_greet_2025_rev1,road_vehicle_cycle_emissions,ldv,Pickup,Vehi_Sum,F233,A233,1.8) EV: Lightweight Material,bev,lightweight,N2O,462.35365249516246,g/vehicle-lifetime,vehicle_cycle_total_no_eol_credits
Pickup,3,50,400,Class 6 PnD Trucks,1,13,False,inputs/0_external_models/R&D GREET2025_Rev1/R&D GREET1_2025_Rev1.xlsm,inputs/0_external_models/R&D GREET2025_Rev1/R&D GREET2_2025_Rev1.xlsm,3abed15be3442b25b66c7d991ce4ea89fd1fe534af930ae772e419241f0d976f,2be89abd169eba7180c0ca41102461682fc258a38ea143c5544bfd051ed03384,2025,2020,argonne_rd_greet_2025_rev1,road_vehicle_cycle_emissions,ldv,Pickup,Vehi_Sum,F261,A261,1.9) FCV: Conventional Material,fcev,conventional,CO2,9339393.984336438,g/vehicle-lifetime,vehicle_cycle_total_no_eol_credits
Pickup,3,50,400,Class 6 PnD Trucks,1,13,False,inputs/0_external_models/R&D GREET2025_Rev1/R&D GREET1_2025_Rev1.xlsm,inputs/0_external_models/R&D GREET2025_Rev1/R&D GREET2_2025_Rev1.xlsm,3abed15be3442b25b66c7d991ce4ea89fd1fe534af930ae772e419241f0d976f,2be89abd169eba7180c0ca41102461682fc258a38ea143c5544bfd051ed03384,2025,2020,argonne_rd_greet_2025_rev1,road_vehicle_cycle_emissions,ldv,Pickup,Vehi_Sum,F263,A263,1.9) FCV: Conventional Material,fcev,conventional,CH4,21844.637994938686,g/vehicle-lifetime,vehicle_cycle_total_no_eol_credits
Pickup,3,50,400,Class 6 PnD Trucks,1,13,False,inputs/0_external_models/R&D GREET2025_Rev1/R&D GREET1_2025_Rev1.xlsm,inputs/0_external_models/R&D GREET2025_Rev1/R&D GREET2_2025_Rev1.xlsm,3abed15be3442b25b66c7d991ce4ea89fd1fe534af930ae772e419241f0d976f,2be89abd169eba7180c0ca41102461682fc258a38ea143c5544bfd051ed03384,2025,2020,argonne_rd_greet_2025_rev1,road_vehicle_cycle_emissions,ldv,Pickup,Vehi_Sum,F264,A264,1.9) FCV: Conventional Material,fcev,conventional,N2O,311.74642460039706,g/vehicle-lifetime,vehicle_cycle_total_no_eol_credits
Pickup,3,50,400,Class 6 PnD Trucks,1,13,False,inputs/0_external_models/R&D GREET2025_Rev1/R&D GREET1_2025_Rev1.xlsm,inputs/0_external_models/R&D GREET2025_Rev1/R&D GREET2_2025_Rev1.xlsm,3abed15be3442b25b66c7d991ce4ea89fd1fe534af930ae772e419241f0d976f,2be89abd169eba7180c0ca41102461682fc258a38ea143c5544bfd051ed03384,2025,2020,argonne_rd_greet_2025_rev1,road_vehicle_cycle_emissions,ldv,Pickup,Vehi_Sum,F292,A292,1.10) FCV: Lightweight Material,fcev,lightweight,CO2,11038429.975205246,g/vehicle-lifetime,vehicle_cycle_total_no_eol_credits
Pickup,3,50,400,Class 6 PnD Trucks,1,13,False,inputs/0_external_models/R&D GREET2025_Rev1/R&D GREET1_2025_Rev1.xlsm,inputs/0_external_models/R&D GREET2025_Rev1/R&D GREET2_2025_Rev1.xlsm,3abed15be3442b25b66c7d991ce4ea89fd1fe534af930ae772e419241f0d976f,2be89abd169eba7180c0ca41102461682fc258a38ea143c5544bfd051ed03384,2025,2020,argonne_rd_greet_2025_rev1,road_vehicle_cycle_emissions,ldv,Pickup,Vehi_Sum,F294,A294,1.10) FCV: Lightweight Material,fcev,lightweight,CH4,27629.935533285337,g/vehicle-lifetime,vehicle_cycle_total_no_eol_credits
Pickup,3,50,400,Class 6 PnD Trucks,1,13,False,inputs/0_external_models/R&D GREET2025_Rev1/R&D GREET1_2025_Rev1.xlsm,inputs/0_external_models/R&D GREET2025_Rev1/R&D GREET2_2025_Rev1.xlsm,3abed15be3442b25b66c7d991ce4ea89fd1fe534af930ae772e419241f0d976f,2be89abd169eba7180c0ca41102461682fc258a38ea143c5544bfd051ed03384,2025,2020,argonne_rd_greet_2025_rev1,road_vehicle_cycle_emissions,ldv,Pickup,Vehi_Sum,F295,A295,1.10) FCV: Lightweight Material,fcev,lightweight,N2O,396.3824283494315,g/vehicle-lifetime,vehicle_cycle_total_no_eol_credits
Pickup,3,50,400,Class 6 PnD Trucks,1,13,False,inputs/0_external_models/R&D GREET2025_Rev1/R&D GREET1_2025_Rev1.xlsm,inputs/0_external_models/R&D GREET2025_Rev1/R&D GREET2_2025_Rev1.xlsm,3abed15be3442b25b66c7d991ce4ea89fd1fe534af930ae772e419241f0d976f,2be89abd169eba7180c0ca41102461682fc258a38ea143c5544bfd051ed03384,2025,2020,argonne_rd_greet_2025_rev1,road_vehicle_cycle_emissions,mhdv,Class 6 PnD Trucks,MHDV_Sum,G13,A13,1.1) ICEV,icev,none,CO2,17814591.789810307,g/vehicle-lifetime,vehicle_cycle_total_no_eol_credits
Pickup,3,50,400,Class 6 PnD Trucks,1,13,False,inputs/0_external_models/R&D GREET2025_Rev1/R&D GREET1_2025_Rev1.xlsm,inputs/0_external_models/R&D GREET2025_Rev1/R&D GREET2_2025_Rev1.xlsm,3abed15be3442b25b66c7d991ce4ea89fd1fe534af930ae772e419241f0d976f,2be89abd169eba7180c0ca41102461682fc258a38ea143c5544bfd051ed03384,2025,2020,argonne_rd_greet_2025_rev1,road_vehicle_cycle_emissions,mhdv,Class 6 PnD Trucks,MHDV_Sum,G15,A15,1.1) ICEV,icev,none,CH4,33984.61026012566,g/vehicle-lifetime,vehicle_cycle_total_no_eol_credits
Pickup,3,50,400,Class 6 PnD Trucks,1,13,False,inputs/0_external_models/R&D GREET2025_Rev1/R&D GREET1_2025_Rev1.xlsm,inputs/0_external_models/R&D GREET2025_Rev1/R&D GREET2_2025_Rev1.xlsm,3abed15be3442b25b66c7d991ce4ea89fd1fe534af930ae772e419241f0d976f,2be89abd169eba7180c0ca41102461682fc258a38ea143c5544bfd051ed03384,2025,2020,argonne_rd_greet_2025_rev1,road_vehicle_cycle_emissions,mhdv,Class 6 PnD Trucks,MHDV_Sum,G16,A16,1.1) ICEV,icev,none,N2O,336.9746755969985,g/vehicle-lifetime,vehicle_cycle_total_no_eol_credits
Pickup,3,50,400,Class 6 PnD Trucks,1,13,False,inputs/0_external_models/R&D GREET2025_Rev1/R&D GREET1_2025_Rev1.xlsm,inputs/0_external_models/R&D GREET2025_Rev1/R&D GREET2_2025_Rev1.xlsm,3abed15be3442b25b66c7d991ce4ea89fd1fe534af930ae772e419241f0d976f,2be89abd169eba7180c0ca41102461682fc258a38ea143c5544bfd051ed03384,2025,2020,argonne_rd_greet_2025_rev1,road_vehicle_cycle_emissions,mhdv,Class 6 PnD Trucks,MHDV_Sum,G44,A44,1.2) HEV,hev,none,CO2,18333102.181475896,g/vehicle-lifetime,vehicle_cycle_total_no_eol_credits
Pickup,3,50,400,Class 6 PnD Trucks,1,13,False,inputs/0_external_models/R&D GREET2025_Rev1/R&D GREET1_2025_Rev1.xlsm,inputs/0_external_models/R&D GREET2025_Rev1/R&D GREET2_2025_Rev1.xlsm,3abed15be3442b25b66c7d991ce4ea89fd1fe534af930ae772e419241f0d976f,2be89abd169eba7180c0ca41102461682fc258a38ea143c5544bfd051ed03384,2025,2020,argonne_rd_greet_2025_rev1,road_vehicle_cycle_emissions,mhdv,Class 6 PnD Trucks,MHDV_Sum,G46,A46,1.2) HEV,hev,none,CH4,34987.40289923422,g/vehicle-lifetime,vehicle_cycle_total_no_eol_credits
Pickup,3,50,400,Class 6 PnD Trucks,1,13,False,inputs/0_external_models/R&D GREET2025_Rev1/R&D GREET1_2025_Rev1.xlsm,inputs/0_external_models/R&D GREET2025_Rev1/R&D GREET2_2025_Rev1.xlsm,3abed15be3442b25b66c7d991ce4ea89fd1fe534af930ae772e419241f0d976f,2be89abd169eba7180c0ca41102461682fc258a38ea143c5544bfd051ed03384,2025,2020,argonne_rd_greet_2025_rev1,road_vehicle_cycle_emissions,mhdv,Class 6 PnD Trucks,MHDV_Sum,G47,A47,1.2) HEV,hev,none,N2O,367.90150824555917,g/vehicle-lifetime,vehicle_cycle_total_no_eol_credits
Pickup,3,50,400,Class 6 PnD Trucks,1,13,False,inputs/0_external_models/R&D GREET2025_Rev1/R&D GREET1_2025_Rev1.xlsm,inputs/0_external_models/R&D GREET2025_Rev1/R&D GREET2_2025_Rev1.xlsm,3abed15be3442b25b66c7d991ce4ea89fd1fe534af930ae772e419241f0d976f,2be89abd169eba7180c0ca41102461682fc258a38ea143c5544bfd051ed03384,2025,2020,argonne_rd_greet_2025_rev1,road_vehicle_cycle_emissions,mhdv,Class 6 PnD Trucks,MHDV_Sum,G75,A75,1.3) EV,bev,none,CO2,29416143.833984002,g/vehicle-lifetime,vehicle_cycle_total_no_eol_credits
Pickup,3,50,400,Class 6 PnD Trucks,1,13,False,inputs/0_external_models/R&D GREET2025_Rev1/R&D GREET1_2025_Rev1.xlsm,inputs/0_external_models/R&D GREET2025_Rev1/R&D GREET2_2025_Rev1.xlsm,3abed15be3442b25b66c7d991ce4ea89fd1fe534af930ae772e419241f0d976f,2be89abd169eba7180c0ca41102461682fc258a38ea143c5544bfd051ed03384,2025,2020,argonne_rd_greet_2025_rev1,road_vehicle_cycle_emissions,mhdv,Class 6 PnD Trucks,MHDV_Sum,G77,A77,1.3) EV,bev,none,CH4,55954.54371452834,g/vehicle-lifetime,vehicle_cycle_total_no_eol_credits
Pickup,3,50,400,Class 6 PnD Trucks,1,13,False,inputs/0_external_models/R&D GREET2025_Rev1/R&D GREET1_2025_Rev1.xlsm,inputs/0_external_models/R&D GREET2025_Rev1/R&D GREET2_2025_Rev1.xlsm,3abed15be3442b25b66c7d991ce4ea89fd1fe534af930ae772e419241f0d976f,2be89abd169eba7180c0ca41102461682fc258a38ea143c5544bfd051ed03384,2025,2020,argonne_rd_greet_2025_rev1,road_vehicle_cycle_emissions,mhdv,Class 6 PnD Trucks,MHDV_Sum,G78,A78,1.3) EV,bev,none,N2O,702.6596442728859,g/vehicle-lifetime,vehicle_cycle_total_no_eol_credits
Pickup,3,50,400,Class 6 PnD Trucks,1,13,False,inputs/0_external_models/R&D GREET2025_Rev1/R&D GREET1_2025_Rev1.xlsm,inputs/0_external_models/R&D GREET2025_Rev1/R&D GREET2_2025_Rev1.xlsm,3abed15be3442b25b66c7d991ce4ea89fd1fe534af930ae772e419241f0d976f,2be89abd169eba7180c0ca41102461682fc258a38ea143c5544bfd051ed03384,2025,2020,argonne_rd_greet_2025_rev1,road_vehicle_cycle_emissions,mhdv,Class 6 PnD Trucks,MHDV_Sum,G106,A106,1.4) FCV,fcev,none,CO2,22456533.43579129,g/vehicle-lifetime,vehicle_cycle_total_no_eol_credits
Pickup,3,50,400,Class 6 PnD Trucks,1,13,False,inputs/0_external_models/R&D GREET2025_Rev1/R&D GREET1_2025_Rev1.xlsm,inputs/0_external_models/R&D GREET2025_Rev1/R&D GREET2_2025_Rev1.xlsm,3abed15be3442b25b66c7d991ce4ea89fd1fe534af930ae772e419241f0d976f,2be89abd169eba7180c0ca41102461682fc258a38ea143c5544bfd051ed03384,2025,2020,argonne_rd_greet_2025_rev1,road_vehicle_cycle_emissions,mhdv,Class 6 PnD Trucks,MHDV_Sum,G108,A108,1.4) FCV,fcev,none,CH4,46226.268830381465,g/vehicle-lifetime,vehicle_cycle_total_no_eol_credits
Pickup,3,50,400,Class 6 PnD Trucks,1,13,False,inputs/0_external_models/R&D GREET2025_Rev1/R&D GREET1_2025_Rev1.xlsm,inputs/0_external_models/R&D GREET2025_Rev1/R&D GREET2_2025_Rev1.xlsm,3abed15be3442b25b66c7d991ce4ea89fd1fe534af930ae772e419241f0d976f,2be89abd169eba7180c0ca41102461682fc258a38ea143c5544bfd051ed03384,2025,2020,argonne_rd_greet_2025_rev1,road_vehicle_cycle_emissions,mhdv,Class 6 PnD Trucks,MHDV_Sum,G109,A109,1.4) FCV,fcev,none,N2O,498.7322965018775,g/vehicle-lifetime,vehicle_cycle_total_no_eol_credits
Pickup,3,50,150,Class 6 PnD Trucks,1,14,False,inputs/0_external_models/R&D GREET2025_Rev1/R&D GREET1_2025_Rev1.xlsm,inputs/0_external_models/R&D GREET2025_Rev1/R&D GREET2_2025_Rev1.xlsm,3abed15be3442b25b66c7d991ce4ea89fd1fe534af930ae772e419241f0d976f,2be89abd169eba7180c0ca41102461682fc258a38ea143c5544bfd051ed03384,2025,2020,argonne_rd_greet_2025_rev1,road_vehicle_cycle_emissions,ldv,Pickup,Vehi_Sum,F13,A13,1.1) ICEV: Conventional Material,icev,conventional,CO2,7774236.7253884645,g/vehicle-lifetime,vehicle_cycle_total_no_eol_credits
Pickup,3,50,150,Class 6 PnD Trucks,1,14,False,inputs/0_external_models/R&D GREET2025_Rev1/R&D GREET1_2025_Rev1.xlsm,inputs/0_external_models/R&D GREET2025_Rev1/R&D GREET2_2025_Rev1.xlsm,3abed15be3442b25b66c7d991ce4ea89fd1fe534af930ae772e419241f0d976f,2be89abd169eba7180c0ca41102461682fc258a38ea143c5544bfd051ed03384,2025,2020,argonne_rd_greet_2025_rev1,road_vehicle_cycle_emissions,ldv,Pickup,Vehi_Sum,F15,A15,1.1) ICEV: Conventional Material,icev,conventional,CH4,16934.044118895916,g/vehicle-lifetime,vehicle_cycle_total_no_eol_credits
Pickup,3,50,150,Class 6 PnD Trucks,1,14,False,inputs/0_external_models/R&D GREET2025_Rev1/R&D GREET1_2025_Rev1.xlsm,inputs/0_external_models/R&D GREET2025_Rev1/R&D GREET2_2025_Rev1.xlsm,3abed15be3442b25b66c7d991ce4ea89fd1fe534af930ae772e419241f0d976f,2be89abd169eba7180c0ca41102461682fc258a38ea143c5544bfd051ed03384,2025,2020,argonne_rd_greet_2025_rev1,road_vehicle_cycle_emissions,ldv,Pickup,Vehi_Sum,F16,A16,1.1) ICEV: Conventional Material,icev,conventional,N2O,206.2719833113104,g/vehicle-lifetime,vehicle_cycle_total_no_eol_credits
Pickup,3,50,150,Class 6 PnD Trucks,1,14,False,inputs/0_external_models/R&D GREET2025_Rev1/R&D GREET1_2025_Rev1.xlsm,inputs/0_external_models/R&D GREET2025_Rev1/R&D GREET2_2025_Rev1.xlsm,3abed15be3442b25b66c7d991ce4ea89fd1fe534af930ae772e419241f0d976f,2be89abd169eba7180c0ca41102461682fc258a38ea143c5544bfd051ed03384,2025,2020,argonne_rd_greet_2025_rev1,road_vehicle_cycle_emissions,ldv,Pickup,Vehi_Sum,F44,A44,1.2) ICEV: Lightweight Material,icev,lightweight,CO2,9098407.91457885,g/vehicle-lifetime,vehicle_cycle_total_no_eol_credits
Pickup,3,50,150,Class 6 PnD Trucks,1,14,False,inputs/0_external_models/R&D GREET2025_Rev1/R&D GREET1_2025_Rev1.xlsm,inputs/0_external_models/R&D GREET2025_Rev1/R&D GREET2_2025_Rev1.xlsm,3abed15be3442b25b66c7d991ce4ea89fd1fe534af930ae772e419241f0d976f,2be89abd169eba7180c0ca41102461682fc258a38ea143c5544bfd051ed03384,2025,2020,argonne_rd_greet_2025_rev1,road_vehicle_cycle_emissions,ldv,Pickup,Vehi_Sum,F46,A46,1.2) ICEV: Lightweight Material,icev,lightweight,CH4,22034.551148893734,g/vehicle-lifetime,vehicle_cycle_total_no_eol_credits
Pickup,3,50,150,Class 6 PnD Trucks,1,14,False,inputs/0_external_models/R&D GREET2025_Rev1/R&D GREET1_2025_Rev1.xlsm,inputs/0_external_models/R&D GREET2025_Rev1/R&D GREET2_2025_Rev1.xlsm,3abed15be3442b25b66c7d991ce4ea89fd1fe534af930ae772e419241f0d976f,2be89abd169eba7180c0ca41102461682fc258a38ea143c5544bfd051ed03384,2025,2020,argonne_rd_greet_2025_rev1,road_vehicle_cycle_emissions,ldv,Pickup,Vehi_Sum,F47,A47,1.2) ICEV: Lightweight Material,icev,lightweight,N2O,264.34231230117746,g/vehicle-lifetime,vehicle_cycle_total_no_eol_credits
Pickup,3,50,150,Class 6 PnD Trucks,1,14,False,inputs/0_external_models/R&D GREET2025_Rev1/R&D GREET1_2025_Rev1.xlsm,inputs/0_external_models/R&D GREET2025_Rev1/R&D GREET2_2025_Rev1.xlsm,3abed15be3442b25b66c7d991ce4ea89fd1fe534af930ae772e419241f0d976f,2be89abd169eba7180c0ca41102461682fc258a38ea143c5544bfd051ed03384,2025,2020,argonne_rd_greet_2025_rev1,road_vehicle_cycle_emissions,ldv,Pickup,Vehi_Sum,F75,A75,1.3) HEV: Conventional Material,hev,conventional,CO2,8270697.750247803,g/vehicle-lifetime,vehicle_cycle_total_no_eol_credits
Pickup,3,50,150,Class 6 PnD Trucks,1,14,False,inputs/0_external_models/R&D GREET2025_Rev1/R&D GREET1_2025_Rev1.xlsm,inputs/0_external_models/R&D GREET2025_Rev1/R&D GREET2_2025_Rev1.xlsm,3abed15be3442b25b66c7d991ce4ea89fd1fe534af930ae772e419241f0d976f,2be89abd169eba7180c0ca41102461682fc258a38ea143c5544bfd051ed03384,2025,2020,argonne_rd_greet_2025_rev1,road_vehicle_cycle_emissions,ldv,Pickup,Vehi_Sum,F77,A77,1.3) HEV: Conventional Material,hev,conventional,CH4,18394.87483098219,g/vehicle-lifetime,vehicle_cycle_total_no_eol_credits
Pickup,3,50,150,Class 6 PnD Trucks,1,14,False,inputs/0_external_models/R&D GREET2025_Rev1/R&D GREET1_2025_Rev1.xlsm,inputs/0_external_models/R&D GREET2025_Rev1/R&D GREET2_2025_Rev1.xlsm,3abed15be3442b25b66c7d991ce4ea89fd1fe534af930ae772e419241f0d976f,2be89abd169eba7180c0ca41102461682fc258a38ea143c5544bfd051ed03384,2025,2020,argonne_rd_greet_2025_rev1,road_vehicle_cycle_emissions,ldv,Pickup,Vehi_Sum,F78,A78,1.3) HEV: Conventional Material,hev,conventional,N2O,293.7122841565559,g/vehicle-lifetime,vehicle_cycle_total_no_eol_credits
Pickup,3,50,150,Class 6 PnD Trucks,1,14,False,inputs/0_external_models/R&D GREET2025_Rev1/R&D GREET1_2025_Rev1.xlsm,inputs/0_external_models/R&D GREET2025_Rev1/R&D GREET2_2025_Rev1.xlsm,3abed15be3442b25b66c7d991ce4ea89fd1fe534af930ae772e419241f0d976f,2be89abd169eba7180c0ca41102461682fc258a38ea143c5544bfd051ed03384,2025,2020,argonne_rd_greet_2025_rev1,road_vehicle_cycle_emissions,ldv,Pickup,Vehi_Sum,F106,A106,1.4) HEV: Lightweight Material,hev,lightweight,CO2,9571205.478764633,g/vehicle-lifetime,vehicle_cycle_total_no_eol_credits
Pickup,3,50,150,Class 6 PnD Trucks,1,14,False,inputs/0_external_models/R&D GREET2025_Rev1/R&D GREET1_2025_Rev1.xlsm,inputs/0_external_models/R&D GREET2025_Rev1/R&D GREET2_2025_Rev1.xlsm,3abed15be3442b25b66c7d991ce4ea89fd1fe534af930ae772e419241f0d976f,2be89abd169eba7180c0ca41102461682fc258a38ea143c5544bfd051ed03384,2025,2020,argonne_rd_greet_2025_rev1,road_vehicle_cycle_emissions,ldv,Pickup,Vehi_Sum,F108,A108,1.4) HEV: Lightweight Material,hev,lightweight,CH4,22836.86430532247,g/vehicle-lifetime,vehicle_cycle_total_no_eol_credits
Pickup,3,50,150,Class 6 PnD Trucks,1,14,False,inputs/0_external_models/R&D GREET2025_Rev1/R&D GREET1_2025_Rev1.xlsm,inputs/0_external_models/R&D GREET2025_Rev1/R&D GREET2_2025_Rev1.xlsm,3abed15be3442b25b66c7d991ce4ea89fd1fe534af930ae772e419241f0d976f,2be89abd169eba7180c0ca41102461682fc258a38ea143c5544bfd051ed03384,2025,2020,argonne_rd_greet_2025_rev1,road_vehicle_cycle_emissions,ldv,Pickup,Vehi_Sum,F109,A109,1.4) HEV: Lightweight Material,hev,lightweight,N2O,343.0150523551762,g/vehicle-lifetime,vehicle_cycle_total_no_eol_credits
Pickup,3,50,150,Class 6 PnD Trucks,1,14,False,inputs/0_external_models/R&D GREET2025_Rev1/R&D GREET1_2025_Rev1.xlsm,inputs/0_external_models/R&D GREET2025_Rev1/R&D GREET2_2025_Rev1.xlsm,3abed15be3442b25b66c7d991ce4ea89fd1fe534af930ae772e419241f0d976f,2be89abd169eba7180c0ca41102461682fc258a38ea143c5544bfd051ed03384,2025,2020,argonne_rd_greet_2025_rev1,road_vehicle_cycle_emissions,ldv,Pickup,Vehi_Sum,F137,A137,1.5) PHEV: Conventional Material,phev,conventional,CO2,9634578.44325072,g/vehicle-lifetime,vehicle_cycle_total_no_eol_credits
Pickup,3,50,150,Class 6 PnD Trucks,1,14,False,inputs/0_external_models/R&D GREET2025_Rev1/R&D GREET1_2025_Rev1.xlsm,inputs/0_external_models/R&D GREET2025_Rev1/R&D GREET2_2025_Rev1.xlsm,3abed15be3442b25b66c7d991ce4ea89fd1fe534af930ae772e419241f0d976f,2be89abd169eba7180c0ca41102461682fc258a38ea143c5544bfd051ed03384,2025,2020,argonne_rd_greet_2025_rev1,road_vehicle_cycle_emissions,ldv,Pickup,Vehi_Sum,F139,A139,1.5) PHEV: Conventional Material,phev,conventional,CH4,20908.421844537774,g/vehicle-lifetime,vehicle_cycle_total_no_eol_credits
Pickup,3,50,150,Class 6 PnD Trucks,1,14,False,inputs/0_external_models/R&D GREET2025_Rev1/R&D GREET1_2025_Rev1.xlsm,inputs/0_external_models/R&D GREET2025_Rev1/R&D GREET2_2025_Rev1.xlsm,3abed15be3442b25b66c7d991ce4ea89fd1fe534af930ae772e419241f0d976f,2be89abd169eba7180c0ca41102461682fc258a38ea143c5544bfd051ed03384,2025,2020,argonne_rd_greet_2025_rev1,road_vehicle_cycle_emissions,ldv,Pickup,Vehi_Sum,F140,A140,1.5) PHEV: Conventional Material,phev,conventional,N2O,287.66796664663235,g/vehicle-lifetime,vehicle_cycle_total_no_eol_credits
Pickup,3,50,150,Class 6 PnD Trucks,1,14,False,inputs/0_external_models/R&D GREET2025_Rev1/R&D GREET1_2025_Rev1.xlsm,inputs/0_external_models/R&D GREET2025_Rev1/R&D GREET2_2025_Rev1.xlsm,3abed15be3442b25b66c7d991ce4ea89fd1fe534af930ae772e419241f0d976f,2be89abd169eba7180c0ca41102461682fc258a38ea143c5544bfd051ed03384,2025,2020,argonne_rd_greet_2025_rev1,road_vehicle_cycle_emissions,ldv,Pickup,Vehi_Sum,F168,A168,1.6) PHEV: Lightweight Material,phev,lightweight,CO2,10421607.843976943,g/vehicle-lifetime,vehicle_cycle_total_no_eol_credits
Pickup,3,50,150,Class 6 PnD Trucks,1,14,False,inputs/0_external_models/R&D GREET2025_Rev1/R&D GREET1_2025_Rev1.xlsm,inputs/0_external_models/R&D GREET2025_Rev1/R&D GREET2_2025_Rev1.xlsm,3abed15be3442b25b66c7d991ce4ea89fd1fe534af930ae772e419241f0d976f,2be89abd169eba7180c0ca41102461682fc258a38ea143c5544bfd051ed03384,2025,2020,argonne_rd_greet_2025_rev1,road_vehicle_cycle_emissions,ldv,Pickup,Vehi_Sum,F170,A170,1.6) PHEV: Lightweight Material,phev,lightweight,CH4,24144.841924388093,g/vehicle-lifetime,vehicle_cycle_total_no_eol_credits
Pickup,3,50,150,Class 6 PnD Trucks,1,14,False,inputs/0_external_models/R&D GREET2025_Rev1/R&D GREET1_2025_Rev1.xlsm,inputs/0_external_models/R&D GREET2025_Rev1/R&D GREET2_2025_Rev1.xlsm,3abed15be3442b25b66c7d991ce4ea89fd1fe534af930ae772e419241f0d976f,2be89abd169eba7180c0ca41102461682fc258a38ea143c5544bfd051ed03384,2025,2020,argonne_rd_greet_2025_rev1,road_vehicle_cycle_emissions,ldv,Pickup,Vehi_Sum,F171,A171,1.6) PHEV: Lightweight Material,phev,lightweight,N2O,325.46812187900565,g/vehicle-lifetime,vehicle_cycle_total_no_eol_credits
Pickup,3,50,150,Class 6 PnD Trucks,1,14,False,inputs/0_external_models/R&D GREET2025_Rev1/R&D GREET1_2025_Rev1.xlsm,inputs/0_external_models/R&D GREET2025_Rev1/R&D GREET2_2025_Rev1.xlsm,3abed15be3442b25b66c7d991ce4ea89fd1fe534af930ae772e419241f0d976f,2be89abd169eba7180c0ca41102461682fc258a38ea143c5544bfd051ed03384,2025,2020,argonne_rd_greet_2025_rev1,road_vehicle_cycle_emissions,ldv,Pickup,Vehi_Sum,F199,A199,1.7) EV: Conventional Material,bev,conventional,CO2,10312340.082659308,g/vehicle-lifetime,vehicle_cycle_total_no_eol_credits
Pickup,3,50,150,Class 6 PnD Trucks,1,14,False,inputs/0_external_models/R&D GREET2025_Rev1/R&D GREET1_2025_Rev1.xlsm,inputs/0_external_models/R&D GREET2025_Rev1/R&D GREET2_2025_Rev1.xlsm,3abed15be3442b25b66c7d991ce4ea89fd1fe534af930ae772e419241f0d976f,2be89abd169eba7180c0ca41102461682fc258a38ea143c5544bfd051ed03384,2025,2020,argonne_rd_greet_2025_rev1,road_vehicle_cycle_emissions,ldv,Pickup,Vehi_Sum,F201,A201,1.7) EV: Conventional Material,bev,conventional,CH4,23250.351929897235,g/vehicle-lifetime,vehicle_cycle_total_no_eol_credits
Pickup,3,50,150,Class 6 PnD Trucks,1,14,False,inputs/0_external_models/R&D GREET2025_Rev1/R&D GREET1_2025_Rev1.xlsm,inputs/0_external_models/R&D GREET2025_Rev1/R&D GREET2_2025_Rev1.xlsm,3abed15be3442b25b66c7d991ce4ea89fd1fe534af930ae772e419241f0d976f,2be89abd169eba7180c0ca41102461682fc258a38ea143c5544bfd051ed03384,2025,2020,argonne_rd_greet_2025_rev1,road_vehicle_cycle_emissions,ldv,Pickup,Vehi_Sum,F202,A202,1.7) EV: Conventional Material,bev,conventional,N2O,325.3121627154593,g/vehicle-lifetime,vehicle_cycle_total_no_eol_credits
Pickup,3,50,150,Class 6 PnD Trucks,1,14,False,inputs/0_external_models/R&D GREET2025_Rev1/R&D GREET1_2025_Rev1.xlsm,inputs/0_external_models/R&D GREET2025_Rev1/R&D GREET2_2025_Rev1.xlsm,3abed15be3442b25b66c7d991ce4ea89fd1fe534af930ae772e419241f0d976f,2be89abd169eba7180c0ca41102461682fc258a38ea143c5544bfd051ed03384,2025,2020,argonne_rd_greet_2025_rev1,road_vehicle_cycle_emissions,ldv,Pickup,Vehi_Sum,F230,A230,1.8) EV: Lightweight Material,bev,lightweight,CO2,14450337.531030286,g/vehicle-lifetime,vehicle_cycle_total_no_eol_credits
Pickup,3,50,150,Class 6 PnD Trucks,1,14,False,inputs/0_external_models/R&D GREET2025_Rev1/R&D GREET1_2025_Rev1.xlsm,inputs/0_external_models/R&D GREET2025_Rev1/R&D GREET2_2025_Rev1.xlsm,3abed15be3442b25b66c7d991ce4ea89fd1fe534af930ae772e419241f0d976f,2be89abd169eba7180c0ca41102461682fc258a38ea143c5544bfd051ed03384,2025,2020,argonne_rd_greet_2025_rev1,road_vehicle_cycle_emissions,ldv,Pickup,Vehi_Sum,F232,A232,1.8) EV: Lightweight Material,bev,lightweight,CH4,32175.869076220195,g/vehicle-lifetime,vehicle_cycle_total_no_eol_credits
Pickup,3,50,150,Class 6 PnD Trucks,1,14,False,inputs/0_external_models/R&D GREET2025_Rev1/R&D GREET1_2025_Rev1.xlsm,inputs/0_external_models/R&D GREET2025_Rev1/R&D GREET2_2025_Rev1.xlsm,3abed15be3442b25b66c7d991ce4ea89fd1fe534af930ae772e419241f0d976f,2be89abd169eba7180c0ca41102461682fc258a38ea143c5544bfd051ed03384,2025,2020,argonne_rd_greet_2025_rev1,road_vehicle_cycle_emissions,ldv,Pickup,Vehi_Sum,F233,A233,1.8) EV: Lightweight Material,bev,lightweight,N2O,480.37981116063236,g/vehicle-lifetime,vehicle_cycle_total_no_eol_credits
Pickup,3,50,150,Class 6 PnD Trucks,1,14,False,inputs/0_external_models/R&D GREET2025_Rev1/R&D GREET1_2025_Rev1.xlsm,inputs/0_external_models/R&D GREET2025_Rev1/R&D GREET2_2025_Rev1.xlsm,3abed15be3442b25b66c7d991ce4ea89fd1fe534af930ae772e419241f0d976f,2be89abd169eba7180c0ca41102461682fc258a38ea143c5544bfd051ed03384,2025,2020,argonne_rd_greet_2025_rev1,road_vehicle_cycle_emissions,ldv,Pickup,Vehi_Sum,F261,A261,1.9) FCV: Conventional Material,fcev,conventional,CO2,9339393.984336438,g/vehicle-lifetime,vehicle_cycle_total_no_eol_credits
Pickup,3,50,150,Class 6 PnD Trucks,1,14,False,inputs/0_external_models/R&D GREET2025_Rev1/R&D GREET1_2025_Rev1.xlsm,inputs/0_external_models/R&D GREET2025_Rev1/R&D GREET2_2025_Rev1.xlsm,3abed15be3442b25b66c7d991ce4ea89fd1fe534af930ae772e419241f0d976f,2be89abd169eba7180c0ca41102461682fc258a38ea143c5544bfd051ed03384,2025,2020,argonne_rd_greet_2025_rev1,road_vehicle_cycle_emissions,ldv,Pickup,Vehi_Sum,F263,A263,1.9) FCV: Conventional Material,fcev,conventional,CH4,21844.637994938686,g/vehicle-lifetime,vehicle_cycle_total_no_eol_credits
Pickup,3,50,150,Class 6 PnD Trucks,1,14,False,inputs/0_external_models/R&D GREET2025_Rev1/R&D GREET1_2025_Rev1.xlsm,inputs/0_external_models/R&D GREET2025_Rev1/R&D GREET2_2025_Rev1.xlsm,3abed15be3442b25b66c7d991ce4ea89fd1fe534af930ae772e419241f0d976f,2be89abd169eba7180c0ca41102461682fc258a38ea143c5544bfd051ed03384,2025,2020,argonne_rd_greet_2025_rev1,road_vehicle_cycle_emissions,ldv,Pickup,Vehi_Sum,F264,A264,1.9) FCV: Conventional Material,fcev,conventional,N2O,311.74642460039706,g/vehicle-lifetime,vehicle_cycle_total_no_eol_credits
Pickup,3,50,150,Class 6 PnD Trucks,1,14,False,inputs/0_external_models/R&D GREET2025_Rev1/R&D GREET1_2025_Rev1.xlsm,inputs/0_external_models/R&D GREET2025_Rev1/R&D GREET2_2025_Rev1.xlsm,3abed15be3442b25b66c7d991ce4ea89fd1fe534af930ae772e419241f0d976f,2be89abd169eba7180c0ca41102461682fc258a38ea143c5544bfd051ed03384,2025,2020,argonne_rd_greet_2025_rev1,road_vehicle_cycle_emissions,ldv,Pickup,Vehi_Sum,F292,A292,1.10) FCV: Lightweight Material,fcev,lightweight,CO2,11038429.975205246,g/vehicle-lifetime,vehicle_cycle_total_no_eol_credits
Pickup,3,50,150,Class 6 PnD Trucks,1,14,False,inputs/0_external_models/R&D GREET2025_Rev1/R&D GREET1_2025_Rev1.xlsm,inputs/0_external_models/R&D GREET2025_Rev1/R&D GREET2_2025_Rev1.xlsm,3abed15be3442b25b66c7d991ce4ea89fd1fe534af930ae772e419241f0d976f,2be89abd169eba7180c0ca41102461682fc258a38ea143c5544bfd051ed03384,2025,2020,argonne_rd_greet_2025_rev1,road_vehicle_cycle_emissions,ldv,Pickup,Vehi_Sum,F294,A294,1.10) FCV: Lightweight Material,fcev,lightweight,CH4,27629.935533285337,g/vehicle-lifetime,vehicle_cycle_total_no_eol_credits
Pickup,3,50,150,Class 6 PnD Trucks,1,14,False,inputs/0_external_models/R&D GREET2025_Rev1/R&D GREET1_2025_Rev1.xlsm,inputs/0_external_models/R&D GREET2025_Rev1/R&D GREET2_2025_Rev1.xlsm,3abed15be3442b25b66c7d991ce4ea89fd1fe534af930ae772e419241f0d976f,2be89abd169eba7180c0ca41102461682fc258a38ea143c5544bfd051ed03384,2025,2020,argonne_rd_greet_2025_rev1,road_vehicle_cycle_emissions,ldv,Pickup,Vehi_Sum,F295,A295,1.10) FCV: Lightweight Material,fcev,lightweight,N2O,396.3824283494315,g/vehicle-lifetime,vehicle_cycle_total_no_eol_credits
Pickup,3,50,150,Class 6 PnD Trucks,1,14,False,inputs/0_external_models/R&D GREET2025_Rev1/R&D GREET1_2025_Rev1.xlsm,inputs/0_external_models/R&D GREET2025_Rev1/R&D GREET2_2025_Rev1.xlsm,3abed15be3442b25b66c7d991ce4ea89fd1fe534af930ae772e419241f0d976f,2be89abd169eba7180c0ca41102461682fc258a38ea143c5544bfd051ed03384,2025,2020,argonne_rd_greet_2025_rev1,road_vehicle_cycle_emissions,mhdv,Class 6 PnD Trucks,MHDV_Sum,G13,A13,1.1) ICEV,icev,none,CO2,17814591.789810307,g/vehicle-lifetime,vehicle_cycle_total_no_eol_credits
Pickup,3,50,150,Class 6 PnD Trucks,1,14,False,inputs/0_external_models/R&D GREET2025_Rev1/R&D GREET1_2025_Rev1.xlsm,inputs/0_external_models/R&D GREET2025_Rev1/R&D GREET2_2025_Rev1.xlsm,3abed15be3442b25b66c7d991ce4ea89fd1fe534af930ae772e419241f0d976f,2be89abd169eba7180c0ca41102461682fc258a38ea143c5544bfd051ed03384,2025,2020,argonne_rd_greet_2025_rev1,road_vehicle_cycle_emissions,mhdv,Class 6 PnD Trucks,MHDV_Sum,G15,A15,1.1) ICEV,icev,none,CH4,33984.61026012566,g/vehicle-lifetime,vehicle_cycle_total_no_eol_credits
Pickup,3,50,150,Class 6 PnD Trucks,1,14,False,inputs/0_external_models/R&D GREET2025_Rev1/R&D GREET1_2025_Rev1.xlsm,inputs/0_external_models/R&D GREET2025_Rev1/R&D GREET2_2025_Rev1.xlsm,3abed15be3442b25b66c7d991ce4ea89fd1fe534af930ae772e419241f0d976f,2be89abd169eba7180c0ca41102461682fc258a38ea143c5544bfd051ed03384,2025,2020,argonne_rd_greet_2025_rev1,road_vehicle_cycle_emissions,mhdv,Class 6 PnD Trucks,MHDV_Sum,G16,A16,1.1) ICEV,icev,none,N2O,336.9746755969985,g/vehicle-lifetime,vehicle_cycle_total_no_eol_credits
Pickup,3,50,150,Class 6 PnD Trucks,1,14,False,inputs/0_external_models/R&D GREET2025_Rev1/R&D GREET1_2025_Rev1.xlsm,inputs/0_external_models/R&D GREET2025_Rev1/R&D GREET2_2025_Rev1.xlsm,3abed15be3442b25b66c7d991ce4ea89fd1fe534af930ae772e419241f0d976f,2be89abd169eba7180c0ca41102461682fc258a38ea143c5544bfd051ed03384,2025,2020,argonne_rd_greet_2025_rev1,road_vehicle_cycle_emissions,mhdv,Class 6 PnD Trucks,MHDV_Sum,G44,A44,1.2) HEV,hev,none,CO2,18333102.181475896,g/vehicle-lifetime,vehicle_cycle_total_no_eol_credits
Pickup,3,50,150,Class 6 PnD Trucks,1,14,False,inputs/0_external_models/R&D GREET2025_Rev1/R&D GREET1_2025_Rev1.xlsm,inputs/0_external_models/R&D GREET2025_Rev1/R&D GREET2_2025_Rev1.xlsm,3abed15be3442b25b66c7d991ce4ea89fd1fe534af930ae772e419241f0d976f,2be89abd169eba7180c0ca41102461682fc258a38ea143c5544bfd051ed03384,2025,2020,argonne_rd_greet_2025_rev1,road_vehicle_cycle_emissions,mhdv,Class 6 PnD Trucks,MHDV_Sum,G46,A46,1.2) HEV,hev,none,CH4,34987.40289923422,g/vehicle-lifetime,vehicle_cycle_total_no_eol_credits
Pickup,3,50,150,Class 6 PnD Trucks,1,14,False,inputs/0_external_models/R&D GREET2025_Rev1/R&D GREET1_2025_Rev1.xlsm,inputs/0_external_models/R&D GREET2025_Rev1/R&D GREET2_2025_Rev1.xlsm,3abed15be3442b25b66c7d991ce4ea89fd1fe534af930ae772e419241f0d976f,2be89abd169eba7180c0ca41102461682fc258a38ea143c5544bfd051ed03384,2025,2020,argonne_rd_greet_2025_rev1,road_vehicle_cycle_emissions,mhdv,Class 6 PnD Trucks,MHDV_Sum,G47,A47,1.2) HEV,hev,none,N2O,367.90150824555917,g/vehicle-lifetime,vehicle_cycle_total_no_eol_credits
Pickup,3,50,150,Class 6 PnD Trucks,1,14,False,inputs/0_external_models/R&D GREET2025_Rev1/R&D GREET1_2025_Rev1.xlsm,inputs/0_external_models/R&D GREET2025_Rev1/R&D GREET2_2025_Rev1.xlsm,3abed15be3442b25b66c7d991ce4ea89fd1fe534af930ae772e419241f0d976f,2be89abd169eba7180c0ca41102461682fc258a38ea143c5544bfd051ed03384,2025,2020,argonne_rd_greet_2025_rev1,road_vehicle_cycle_emissions,mhdv,Class 6 PnD Trucks,MHDV_Sum,G75,A75,1.3) EV,bev,none,CO2,29416143.833984002,g/vehicle-lifetime,vehicle_cycle_total_no_eol_credits
Pickup,3,50,150,Class 6 PnD Trucks,1,14,False,inputs/0_external_models/R&D GREET2025_Rev1/R&D GREET1_2025_Rev1.xlsm,inputs/0_external_models/R&D GREET2025_Rev1/R&D GREET2_2025_Rev1.xlsm,3abed15be3442b25b66c7d991ce4ea89fd1fe534af930ae772e419241f0d976f,2be89abd169eba7180c0ca41102461682fc258a38ea143c5544bfd051ed03384,2025,2020,argonne_rd_greet_2025_rev1,road_vehicle_cycle_emissions,mhdv,Class 6 PnD Trucks,MHDV_Sum,G77,A77,1.3) EV,bev,none,CH4,55954.54371452834,g/vehicle-lifetime,vehicle_cycle_total_no_eol_credits
Pickup,3,50,150,Class 6 PnD Trucks,1,14,False,inputs/0_external_models/R&D GREET2025_Rev1/R&D GREET1_2025_Rev1.xlsm,inputs/0_external_models/R&D GREET2025_Rev1/R&D GREET2_2025_Rev1.xlsm,3abed15be3442b25b66c7d991ce4ea89fd1fe534af930ae772e419241f0d976f,2be89abd169eba7180c0ca41102461682fc258a38ea143c5544bfd051ed03384,2025,2020,argonne_rd_greet_2025_rev1,road_vehicle_cycle_emissions,mhdv,Class 6 PnD Trucks,MHDV_Sum,G78,A78,1.3) EV,bev,none,N2O,702.6596442728859,g/vehicle-lifetime,vehicle_cycle_total_no_eol_credits
Pickup,3,50,150,Class 6 PnD Trucks,1,14,False,inputs/0_external_models/R&D GREET2025_Rev1/R&D GREET1_2025_Rev1.xlsm,inputs/0_external_models/R&D GREET2025_Rev1/R&D GREET2_2025_Rev1.xlsm,3abed15be3442b25b66c7d991ce4ea89fd1fe534af930ae772e419241f0d976f,2be89abd169eba7180c0ca41102461682fc258a38ea143c5544bfd051ed03384,2025,2020,argonne_rd_greet_2025_rev1,road_vehicle_cycle_emissions,mhdv,Class 6 PnD Trucks,MHDV_Sum,G106,A106,1.4) FCV,fcev,none,CO2,22456533.43579129,g/vehicle-lifetime,vehicle_cycle_total_no_eol_credits
Pickup,3,50,150,Class 6 PnD Trucks,1,14,False,inputs/0_external_models/R&D GREET2025_Rev1/R&D GREET1_2025_Rev1.xlsm,inputs/0_external_models/R&D GREET2025_Rev1/R&D GREET2_2025_Rev1.xlsm,3abed15be3442b25b66c7d991ce4ea89fd1fe534af930ae772e419241f0d976f,2be89abd169eba7180c0ca41102461682fc258a38ea143c5544bfd051ed03384,2025,2020,argonne_rd_greet_2025_rev1,road_vehicle_cycle_emissions,mhdv,Class 6 PnD Trucks,MHDV_Sum,G108,A108,1.4) FCV,fcev,none,CH4,46226.268830381465,g/vehicle-lifetime,vehicle_cycle_total_no_eol_credits
Pickup,3,50,150,Class 6 PnD Trucks,1,14,False,inputs/0_external_models/R&D GREET2025_Rev1/R&D GREET1_2025_Rev1.xlsm,inputs/0_external_models/R&D GREET2025_Rev1/R&D GREET2_2025_Rev1.xlsm,3abed15be3442b25b66c7d991ce4ea89fd1fe534af930ae772e419241f0d976f,2be89abd169eba7180c0ca41102461682fc258a38ea143c5544bfd051ed03384,2025,2020,argonne_rd_greet_2025_rev1,road_vehicle_cycle_emissions,mhdv,Class 6 PnD Trucks,MHDV_Sum,G109,A109,1.4) FCV,fcev,none,N2O,498.7322965018775,g/vehicle-lifetime,vehicle_cycle_total_no_eol_credits
Car,1,35,150,Class 8 Day-Cab Trucks,2,15,False,inputs/0_external_models/R&D GREET2025_Rev1/R&D GREET1_2025_Rev1.xlsm,inputs/0_external_models/R&D GREET2025_Rev1/R&D GREET2_2025_Rev1.xlsm,3abed15be3442b25b66c7d991ce4ea89fd1fe534af930ae772e419241f0d976f,2be89abd169eba7180c0ca41102461682fc258a38ea143c5544bfd051ed03384,2025,2020,argonne_rd_greet_2025_rev1,road_vehicle_cycle_emissions,ldv,Car,Vehi_Sum,F13,A13,1.1) ICEV: Conventional Material,icev,conventional,CO2,5476200.155968173,g/vehicle-lifetime,vehicle_cycle_total_no_eol_credits
Car,1,35,150,Class 8 Day-Cab Trucks,2,15,False,inputs/0_external_models/R&D GREET2025_Rev1/R&D GREET1_2025_Rev1.xlsm,inputs/0_external_models/R&D GREET2025_Rev1/R&D GREET2_2025_Rev1.xlsm,3abed15be3442b25b66c7d991ce4ea89fd1fe534af930ae772e419241f0d976f,2be89abd169eba7180c0ca41102461682fc258a38ea143c5544bfd051ed03384,2025,2020,argonne_rd_greet_2025_rev1,road_vehicle_cycle_emissions,ldv,Car,Vehi_Sum,F15,A15,1.1) ICEV: Conventional Material,icev,conventional,CH4,12693.203809897663,g/vehicle-lifetime,vehicle_cycle_total_no_eol_credits
Car,1,35,150,Class 8 Day-Cab Trucks,2,15,False,inputs/0_external_models/R&D GREET2025_Rev1/R&D GREET1_2025_Rev1.xlsm,inputs/0_external_models/R&D GREET2025_Rev1/R&D GREET2_2025_Rev1.xlsm,3abed15be3442b25b66c7d991ce4ea89fd1fe534af930ae772e419241f0d976f,2be89abd169eba7180c0ca41102461682fc258a38ea143c5544bfd051ed03384,2025,2020,argonne_rd_greet_2025_rev1,road_vehicle_cycle_emissions,ldv,Car,Vehi_Sum,F16,A16,1.1) ICEV: Conventional Material,icev,conventional,N2O,169.13793887355405,g/vehicle-lifetime,vehicle_cycle_total_no_eol_credits
Car,1,35,150,Class 8 Day-Cab Trucks,2,15,False,inputs/0_external_models/R&D GREET2025_Rev1/R&D GREET1_2025_Rev1.xlsm,inputs/0_external_models/R&D GREET2025_Rev1/R&D GREET2_2025_Rev1.xlsm,3abed15be3442b25b66c7d991ce4ea89fd1fe534af930ae772e419241f0d976f,2be89abd169eba7180c0ca41102461682fc258a38ea143c5544bfd051ed03384,2025,2020,argonne_rd_greet_2025_rev1,road_vehicle_cycle_emissions,ldv,Car,Vehi_Sum,F44,A44,1.2) ICEV: Lightweight Material,icev,lightweight,CO2,6559850.6783518605,g/vehicle-lifetime,vehicle_cycle_total_no_eol_credits
Car,1,35,150,Class 8 Day-Cab Trucks,2,15,False,inputs/0_external_models/R&D GREET2025_Rev1/R&D GREET1_2025_Rev1.xlsm,inputs/0_external_models/R&D GREET2025_Rev1/R&D GREET2_2025_Rev1.xlsm,3abed15be3442b25b66c7d991ce4ea89fd1fe534af930ae772e419241f0d976f,2be89abd169eba7180c0ca41102461682fc258a38ea143c5544bfd051ed03384,2025,2020,argonne_rd_greet_2025_rev1,road_vehicle_cycle_emissions,ldv,Car,Vehi_Sum,F46,A46,1.2) ICEV: Lightweight Material,icev,lightweight,CH4,16104.460934598188,g/vehicle-lifetime,vehicle_cycle_total_no_eol_credits
Car,1,35,150,Class 8 Day-Cab Trucks,2,15,False,inputs/0_external_models/R&D GREET2025_Rev1/R&D GREET1_2025_Rev1.xlsm,inputs/0_external_models/R&D GREET2025_Rev1/R&D GREET2_2025_Rev1.xlsm,3abed15be3442b25b66c7d991ce4ea89fd1fe534af930ae772e419241f0d976f,2be89abd169eba7180c0ca41102461682fc258a38ea143c5544bfd051ed03384,2025,2020,argonne_rd_greet_2025_rev1,road_vehicle_cycle_emissions,ldv,Car,Vehi_Sum,F47,A47,1.2) ICEV: Lightweight Material,icev,lightweight,N2O,203.54750384144234,g/vehicle-lifetime,vehicle_cycle_total_no_eol_credits
Car,1,35,150,Class 8 Day-Cab Trucks,2,15,False,inputs/0_external_models/R&D GREET2025_Rev1/R&D GREET1_2025_Rev1.xlsm,inputs/0_external_models/R&D GREET2025_Rev1/R&D GREET2_2025_Rev1.xlsm,3abed15be3442b25b66c7d991ce4ea89fd1fe534af930ae772e419241f0d976f,2be89abd169eba7180c0ca41102461682fc258a38ea143c5544bfd051ed03384,2025,2020,argonne_rd_greet_2025_rev1,road_vehicle_cycle_emissions,ldv,Car,Vehi_Sum,F75,A75,1.3) HEV: Conventional Material,hev,conventional,CO2,5877157.384556115,g/vehicle-lifetime,vehicle_cycle_total_no_eol_credits
Car,1,35,150,Class 8 Day-Cab Trucks,2,15,False,inputs/0_external_models/R&D GREET2025_Rev1/R&D GREET1_2025_Rev1.xlsm,inputs/0_external_models/R&D GREET2025_Rev1/R&D GREET2_2025_Rev1.xlsm,3abed15be3442b25b66c7d991ce4ea89fd1fe534af930ae772e419241f0d976f,2be89abd169eba7180c0ca41102461682fc258a38ea143c5544bfd051ed03384,2025,2020,argonne_rd_greet_2025_rev1,road_vehicle_cycle_emissions,ldv,Car,Vehi_Sum,F77,A77,1.3) HEV: Conventional Material,hev,conventional,CH4,13263.450359421906,g/vehicle-lifetime,vehicle_cycle_total_no_eol_credits
Car,1,35,150,Class 8 Day-Cab Trucks,2,15,False,inputs/0_external_models/R&D GREET2025_Rev1/R&D GREET1_2025_Rev1.xlsm,inputs/0_external_models/R&D GREET2025_Rev1/R&D GREET2_2025_Rev1.xlsm,3abed15be3442b25b66c7d991ce4ea89fd1fe534af930ae772e419241f0d976f,2be89abd169eba7180c0ca41102461682fc258a38ea143c5544bfd051ed03384,2025,2020,argonne_rd_greet_2025_rev1,road_vehicle_cycle_emissions,ldv,Car,Vehi_Sum,F78,A78,1.3) HEV: Conventional Material,hev,conventional,N2O,222.36902200492415,g/vehicle-lifetime,vehicle_cycle_total_no_eol_credits
Car,1,35,150,Class 8 Day-Cab Trucks,2,15,False,inputs/0_external_models/R&D GREET2025_Rev1/R&D GREET1_2025_Rev1.xlsm,inputs/0_external_models/R&D GREET2025_Rev1/R&D GREET2_2025_Rev1.xlsm,3abed15be3442b25b66c7d991ce4ea89fd1fe534af930ae772e419241f0d976f,2be89abd169eba7180c0ca41102461682fc258a38ea143c5544bfd051ed03384,2025,2020,argonne_rd_greet_2025_rev1,road_vehicle_cycle_emissions,ldv,Car,Vehi_Sum,F106,A106,1.4) HEV: Lightweight Material,hev,lightweight,CO2,6836789.466270282,g/vehicle-lifetime,vehicle_cycle_total_no_eol_credits
Car,1,35,150,Class 8 Day-Cab Trucks,2,15,False,inputs/0_external_models/R&D GREET2025_Rev1/R&D GREET1_2025_Rev1.xlsm,inputs/0_external_models/R&D GREET2025_Rev1/R&D GREET2_2025_Rev1.xlsm,3abed15be3442b25b66c7d991ce4ea89fd1fe534af930ae772e419241f0d976f,2be89abd169eba7180c0ca41102461682fc258a38ea143c5544bfd051ed03384,2025,2020,argonne_rd_greet_2025_rev1,road_vehicle_cycle_emissions,ldv,Car,Vehi_Sum,F108,A108,1.4) HEV: Lightweight Material,hev,lightweight,CH4,16544.84947761421,g/vehicle-lifetime,vehicle_cycle_total_no_eol_credits
Car,1,35,150,Class 8 Day-Cab Trucks,2,15,False,inputs/0_external_models/R&D GREET2025_Rev1/R&D GREET1_2025_Rev1.xlsm,inputs/0_external_models/R&D GREET2025_Rev1/R&D GREET2_2025_Rev1.xlsm,3abed15be3442b25b66c7d991ce4ea89fd1fe534af930ae772e419241f0d976f,2be89abd169eba7180c0ca41102461682fc258a38ea143c5544bfd051ed03384,2025,2020,argonne_rd_greet_2025_rev1,road_vehicle_cycle_emissions,ldv,Car,Vehi_Sum,F109,A109,1.4) HEV: Lightweight Material,hev,lightweight,N2O,257.85499436091357,g/vehicle-lifetime,vehicle_cycle_total_no_eol_credits
Car,1,35,150,Class 8 Day-Cab Trucks,2,15,False,inputs/0_external_models/R&D GREET2025_Rev1/R&D GREET1_2025_Rev1.xlsm,inputs/0_external_models/R&D GREET2025_Rev1/R&D GREET2_2025_Rev1.xlsm,3abed15be3442b25b66c7d991ce4ea89fd1fe534af930ae772e419241f0d976f,2be89abd169eba7180c0ca41102461682fc258a38ea143c5544bfd051ed03384,2025,2020,argonne_rd_greet_2025_rev1,road_vehicle_cycle_emissions,ldv,Car,Vehi_Sum,F137,A137,1.5) PHEV: Conventional Material,phev,conventional,CO2,6391980.52802363,g/vehicle-lifetime,vehicle_cycle_total_no_eol_credits
Car,1,35,150,Class 8 Day-Cab Trucks,2,15,False,inputs/0_external_models/R&D GREET2025_Rev1/R&D GREET1_2025_Rev1.xlsm,inputs/0_external_models/R&D GREET2025_Rev1/R&D GREET2_2025_Rev1.xlsm,3abed15be3442b25b66c7d991ce4ea89fd1fe534af930ae772e419241f0d976f,2be89abd169eba7180c0ca41102461682fc258a38ea143c5544bfd051ed03384,2025,2020,argonne_rd_greet_2025_rev1,road_vehicle_cycle_emissions,ldv,Car,Vehi_Sum,F139,A139,1.5) PHEV: Conventional Material,phev,conventional,CH4,14180.506181527471,g/vehicle-lifetime,vehicle_cycle_total_no_eol_credits
Car,1,35,150,Class 8 Day-Cab Trucks,2,15,False,inputs/0_external_models/R&D GREET2025_Rev1/R&D GREET1_2025_Rev1.xlsm,inputs/0_external_models/R&D GREET2025_Rev1/R&D GREET2_2025_Rev1.xlsm,3abed15be3442b25b66c7d991ce4ea89fd1fe534af930ae772e419241f0d976f,2be89abd169eba7180c0ca41102461682fc258a38ea143c5544bfd051ed03384,2025,2020,argonne_rd_greet_2025_rev1,road_vehicle_cycle_emissions,ldv,Car,Vehi_Sum,F140,A140,1.5) PHEV: Conventional Material,phev,conventional,N2O,205.63655409930487,g/vehicle-lifetime,vehicle_cycle_total_no_eol_credits
Car,1,35,150,Class 8 Day-Cab Trucks,2,15,False,inputs/0_external_models/R&D GREET2025_Rev1/R&D GREET1_2025_Rev1.xlsm,inputs/0_external_models/R&D GREET2025_Rev1/R&D GREET2_2025_Rev1.xlsm,3abed15be3442b25b66c7d991ce4ea89fd1fe534af930ae772e419241f0d976f,2be89abd169eba7180c0ca41102461682fc258a38ea143c5544bfd051ed03384,2025,2020,argonne_rd_greet_2025_rev1,road_vehicle_cycle_emissions,ldv,Car,Vehi_Sum,F168,A168,1.6) PHEV: Lightweight Material,phev,lightweight,CO2,7010626.443937072,g/vehicle-lifetime,vehicle_cycle_total_no_eol_credits
Car,1,35,150,Class 8 Day-Cab Trucks,2,15,False,inputs/0_external_models/R&D GREET2025_Rev1/R&D GREET1_2025_Rev1.xlsm,inputs/0_external_models/R&D GREET2025_Rev1/R&D GREET2_2025_Rev1.xlsm,3abed15be3442b25b66c7d991ce4ea89fd1fe534af930ae772e419241f0d976f,2be89abd169eba7180c0ca41102461682fc258a38ea143c5544bfd051ed03384,2025,2020,argonne_rd_greet_2025_rev1,road_vehicle_cycle_emissions,ldv,Car,Vehi_Sum,F170,A170,1.6) PHEV: Lightweight Material,phev,lightweight,CH4,16896.656533454247,g/vehicle-lifetime,vehicle_cycle_total_no_eol_credits
Car,1,35,150,Class 8 Day-Cab Trucks,2,15,False,inputs/0_external_models/R&D GREET2025_Rev1/R&D GREET1_2025_Rev1.xlsm,inputs/0_external_models/R&D GREET2025_Rev1/R&D GREET2_2025_Rev1.xlsm,3abed15be3442b25b66c7d991ce4ea89fd1fe534af930ae772e419241f0d976f,2be89abd169eba7180c0ca41102461682fc258a38ea143c5544bfd051ed03384,2025,2020,argonne_rd_greet_2025_rev1,road_vehicle_cycle_emissions,ldv,Car,Vehi_Sum,F171,A171,1.6) PHEV: Lightweight Material,phev,lightweight,N2O,238.03649331526952,g/vehicle-lifetime,vehicle_cycle_total_no_eol_credits
Car,1,35,150,Class 8 Day-Cab Trucks,2,15,False,inputs/0_external_models/R&D GREET2025_Rev1/R&D GREET1_2025_Rev1.xlsm,inputs/0_external_models/R&D GREET2025_Rev1/R&D GREET2_2025_Rev1.xlsm,3abed15be3442b25b66c7d991ce4ea89fd1fe534af930ae772e419241f0d976f,2be89abd169eba7180c0ca41102461682fc258a38ea143c5544bfd051ed03384,2025,2020,argonne_rd_greet_2025_rev1,road_vehicle_cycle_emissions,ldv,Car,Vehi_Sum,F199,A199,1.7) EV: Conventional Material,bev,conventional,CO2,6997113.797400506,g/vehicle-lifetime,vehicle_cycle_total_no_eol_credits
Car,1,35,150,Class 8 Day-Cab Trucks,2,15,False,inputs/0_external_models/R&D GREET2025_Rev1/R&D GREET1_2025_Rev1.xlsm,inputs/0_external_models/R&D GREET2025_Rev1/R&D GREET2_2025_Rev1.xlsm,3abed15be3442b25b66c7d991ce4ea89fd1fe534af930ae772e419241f0d976f,2be89abd169eba7180c0ca41102461682fc258a38ea143c5544bfd051ed03384,2025,2020,argonne_rd_greet_2025_rev1,road_vehicle_cycle_emissions,ldv,Car,Vehi_Sum,F201,A201,1.7) EV: Conventional Material,bev,conventional,CH4,16105.310638946912,g/vehicle-lifetime,vehicle_cycle_total_no_eol_credits
Car,1,35,150,Class 8 Day-Cab Trucks,2,15,False,inputs/0_external_models/R&D GREET2025_Rev1/R&D GREET1_2025_Rev1.xlsm,inputs/0_external_models/R&D GREET2025_Rev1/R&D GREET2_2025_Rev1.xlsm,3abed15be3442b25b66c7d991ce4ea89fd1fe534af930ae772e419241f0d976f,2be89abd169eba7180c0ca41102461682fc258a38ea143c5544bfd051ed03384,2025,2020,argonne_rd_greet_2025_rev1,road_vehicle_cycle_emissions,ldv,Car,Vehi_Sum,F202,A202,1.7) EV: Conventional Material,bev,conventional,N2O,232.53862139871126,g/vehicle-lifetime,vehicle_cycle_total_no_eol_credits
Car,1,35,150,Class 8 Day-Cab Trucks,2,15,False,inputs/0_external_models/R&D GREET2025_Rev1/R&D GREET1_2025_Rev1.xlsm,inputs/0_external_models/R&D GREET2025_Rev1/R&D GREET2_2025_Rev1.xlsm,3abed15be3442b25b66c7d991ce4ea89fd1fe534af930ae772e419241f0d976f,2be89abd169eba7180c0ca41102461682fc258a38ea143c5544bfd051ed03384,2025,2020,argonne_rd_greet_2025_rev1,road_vehicle_cycle_emissions,ldv,Car,Vehi_Sum,F230,A230,1.8) EV: Lightweight Material,bev,lightweight,CO2,10146193.900298487,g/vehicle-lifetime,vehicle_cycle_total_no_eol_credits
Car,1,35,150,Class 8 Day-Cab Trucks,2,15,False,inputs/0_external_models/R&D GREET2025_Rev1/R&D GREET1_2025_Rev1.xlsm,inputs/0_external_models/R&D GREET2025_Rev1/R&D GREET2_2025_Rev1.xlsm,3abed15be3442b25b66c7d991ce4ea89fd1fe534af930ae772e419241f0d976f,2be89abd169eba7180c0ca41102461682fc258a38ea143c5544bfd051ed03384,2025,2020,argonne_rd_greet_2025_rev1,road_vehicle_cycle_emissions,ldv,Car,Vehi_Sum,F232,A232,1.8) EV: Lightweight Material,bev,lightweight,CH4,23259.63678750927,g/vehicle-lifetime,vehicle_cycle_total_no_eol_credits
Car,1,35,150,Class 8 Day-Cab Trucks,2,15,False,inputs/0_external_models/R&D GREET2025_Rev1/R&D GREET1_2025_Rev1.xlsm,inputs/0_external_models/R&D GREET2025_Rev1/R&D GREET2_2025_Rev1.xlsm,3abed15be3442b25b66c7d991ce4ea89fd1fe534af930ae772e419241f0d976f,2be89abd169eba7180c0ca41102461682fc258a38ea143c5544bfd051ed03384,2025,2020,argonne_rd_greet_2025_rev1,road_vehicle_cycle_emissions,ldv,Car,Vehi_Sum,F233,A233,1.8) EV: Lightweight Material,bev,lightweight,N2O,363.35261548723525,g/vehicle-lifetime,vehicle_cycle_total_no_eol_credits
Car,1,35,150,Class 8 Day-Cab Trucks,2,15,False,inputs/0_external_models/R&D GREET2025_Rev1/R&D GREET1_2025_Rev1.xlsm,inputs/0_external_models/R&D GREET2025_Rev1/R&D GREET2_2025_Rev1.xlsm,3abed15be3442b25b66c7d991ce4ea89fd1fe534af930ae772e419241f0d976f,2be89abd169eba7180c0ca41102461682fc258a38ea143c5544bfd051ed03384,2025,2020,argonne_rd_greet_2025_rev1,road_vehicle_cycle_emissions,ldv,Car,Vehi_Sum,F261,A261,1.9) FCV: Conventional Material,fcev,conventional,CO2,6640504.807219377,g/vehicle-lifetime,vehicle_cycle_total_no_eol_credits
Car,1,35,150,Class 8 Day-Cab Trucks,2,15,False,inputs/0_external_models/R&D GREET2025_Rev1/R&D GREET1_2025_Rev1.xlsm,inputs/0_external_models/R&D GREET2025_Rev1/R&D GREET2_2025_Rev1.xlsm,3abed15be3442b25b66c7d991ce4ea89fd1fe534af930ae772e419241f0d976f,2be89abd169eba7180c0ca41102461682fc258a38ea143c5544bfd051ed03384,2025,2020,argonne_rd_greet_2025_rev1,road_vehicle_cycle_emissions,ldv,Car,Vehi_Sum,F263,A263,1.9) FCV: Conventional Material,fcev,conventional,CH4,15837.295234170055,g/vehicle-lifetime,vehicle_cycle_total_no_eol_credits
Car,1,35,150,Class 8 Day-Cab Trucks,2,15,False,inputs/0_external_models/R&D GREET2025_Rev1/R&D GREET1_2025_Rev1.xlsm,inputs/0_external_models/R&D GREET2025_Rev1/R&D GREET2_2025_Rev1.xlsm,3abed15be3442b25b66c7d991ce4ea89fd1fe534af930ae772e419241f0d976f,2be89abd169eba7180c0ca41102461682fc258a38ea143c5544bfd051ed03384,2025,2020,argonne_rd_greet_2025_rev1,road_vehicle_cycle_emissions,ldv,Car,Vehi_Sum,F264,A264,1.9) FCV: Conventional Material,fcev,conventional,N2O,247.74077033456757,g/vehicle-lifetime,vehicle_cycle_total_no_eol_credits
Car,1,35,150,Class 8 Day-Cab Trucks,2,15,False,inputs/0_external_models/R&D GREET2025_Rev1/R&D GREET1_2025_Rev1.xlsm,inputs/0_external_models/R&D GREET2025_Rev1/R&D GREET2_2025_Rev1.xlsm,3abed15be3442b25b66c7d991ce4ea89fd1fe534af930ae772e419241f0d976f,2be89abd169eba7180c0ca41102461682fc258a38ea143c5544bfd051ed03384,2025,2020,argonne_rd_greet_2025_rev1,road_vehicle_cycle_emissions,ldv,Car,Vehi_Sum,F292,A292,1.10) FCV: Lightweight Material,fcev,lightweight,CO2,8018085.243384266,g/vehicle-lifetime,vehicle_cycle_total_no_eol_credits
Car,1,35,150,Class 8 Day-Cab Trucks,2,15,False,inputs/0_external_models/R&D GREET2025_Rev1/R&D GREET1_2025_Rev1.xlsm,inputs/0_external_models/R&D GREET2025_Rev1/R&D GREET2_2025_Rev1.xlsm,3abed15be3442b25b66c7d991ce4ea89fd1fe534af930ae772e419241f0d976f,2be89abd169eba7180c0ca41102461682fc258a38ea143c5544bfd051ed03384,2025,2020,argonne_rd_greet_2025_rev1,road_vehicle_cycle_emissions,ldv,Car,Vehi_Sum,F294,A294,1.10) FCV: Lightweight Material,fcev,lightweight,CH4,20647.121453632015,g/vehicle-lifetime,vehicle_cycle_total_no_eol_credits
Car,1,35,150,Class 8 Day-Cab Trucks,2,15,False,inputs/0_external_models/R&D GREET2025_Rev1/R&D GREET1_2025_Rev1.xlsm,inputs/0_external_models/R&D GREET2025_Rev1/R&D GREET2_2025_Rev1.xlsm,3abed15be3442b25b66c7d991ce4ea89fd1fe534af930ae772e419241f0d976f,2be89abd169eba7180c0ca41102461682fc258a38ea143c5544bfd051ed03384,2025,2020,argonne_rd_greet_2025_rev1,road_vehicle_cycle_emissions,ldv,Car,Vehi_Sum,F295,A295,1.10) FCV: Lightweight Material,fcev,lightweight,N2O,299.8785611268483,g/vehicle-lifetime,vehicle_cycle_total_no_eol_credits
Car,1,35,150,Class 8 Day-Cab Trucks,2,15,False,inputs/0_external_models/R&D GREET2025_Rev1/R&D GREET1_2025_Rev1.xlsm,inputs/0_external_models/R&D GREET2025_Rev1/R&D GREET2_2025_Rev1.xlsm,3abed15be3442b25b66c7d991ce4ea89fd1fe534af930ae772e419241f0d976f,2be89abd169eba7180c0ca41102461682fc258a38ea143c5544bfd051ed03384,2025,2020,argonne_rd_greet_2025_rev1,road_vehicle_cycle_emissions,mhdv,Class 8 Day-Cab Trucks,MHDV_Sum,G13,A13,1.1) ICEV,icev,none,CO2,62240743.5189917,g/vehicle-lifetime,vehicle_cycle_total_no_eol_credits
Car,1,35,150,Class 8 Day-Cab Trucks,2,15,False,inputs/0_external_models/R&D GREET2025_Rev1/R&D GREET1_2025_Rev1.xlsm,inputs/0_external_models/R&D GREET2025_Rev1/R&D GREET2_2025_Rev1.xlsm,3abed15be3442b25b66c7d991ce4ea89fd1fe534af930ae772e419241f0d976f,2be89abd169eba7180c0ca41102461682fc258a38ea143c5544bfd051ed03384,2025,2020,argonne_rd_greet_2025_rev1,road_vehicle_cycle_emissions,mhdv,Class 8 Day-Cab Trucks,MHDV_Sum,G15,A15,1.1) ICEV,icev,none,CH4,114198.05059992337,g/vehicle-lifetime,vehicle_cycle_total_no_eol_credits
Car,1,35,150,Class 8 Day-Cab Trucks,2,15,False,inputs/0_external_models/R&D GREET2025_Rev1/R&D GREET1_2025_Rev1.xlsm,inputs/0_external_models/R&D GREET2025_Rev1/R&D GREET2_2025_Rev1.xlsm,3abed15be3442b25b66c7d991ce4ea89fd1fe534af930ae772e419241f0d976f,2be89abd169eba7180c0ca41102461682fc258a38ea143c5544bfd051ed03384,2025,2020,argonne_rd_greet_2025_rev1,road_vehicle_cycle_emissions,mhdv,Class 8 Day-Cab Trucks,MHDV_Sum,G16,A16,1.1) ICEV,icev,none,N2O,1207.9710764539716,g/vehicle-lifetime,vehicle_cycle_total_no_eol_credits
Car,1,35,150,Class 8 Day-Cab Trucks,2,15,False,inputs/0_external_models/R&D GREET2025_Rev1/R&D GREET1_2025_Rev1.xlsm,inputs/0_external_models/R&D GREET2025_Rev1/R&D GREET2_2025_Rev1.xlsm,3abed15be3442b25b66c7d991ce4ea89fd1fe534af930ae772e419241f0d976f,2be89abd169eba7180c0ca41102461682fc258a38ea143c5544bfd051ed03384,2025,2020,argonne_rd_greet_2025_rev1,road_vehicle_cycle_emissions,mhdv,Class 8 Day-Cab Trucks,MHDV_Sum,G44,A44,1.2) HEV,hev,none,CO2,63442208.42972038,g/vehicle-lifetime,vehicle_cycle_total_no_eol_credits
Car,1,35,150,Class 8 Day-Cab Trucks,2,15,False,inputs/0_external_models/R&D GREET2025_Rev1/R&D GREET1_2025_Rev1.xlsm,inputs/0_external_models/R&D GREET2025_Rev1/R&D GREET2_2025_Rev1.xlsm,3abed15be3442b25b66c7d991ce4ea89fd1fe534af930ae772e419241f0d976f,2be89abd169eba7180c0ca41102461682fc258a38ea143c5544bfd051ed03384,2025,2020,argonne_rd_greet_2025_rev1,road_vehicle_cycle_emissions,mhdv,Class 8 Day-Cab Trucks,MHDV_Sum,G46,A46,1.2) HEV,hev,none,CH4,116435.73057890155,g/vehicle-lifetime,vehicle_cycle_total_no_eol_credits
Car,1,35,150,Class 8 Day-Cab Trucks,2,15,False,inputs/0_external_models/R&D GREET2025_Rev1/R&D GREET1_2025_Rev1.xlsm,inputs/0_external_models/R&D GREET2025_Rev1/R&D GREET2_2025_Rev1.xlsm,3abed15be3442b25b66c7d991ce4ea89fd1fe534af930ae772e419241f0d976f,2be89abd169eba7180c0ca41102461682fc258a38ea143c5544bfd051ed03384,2025,2020,argonne_rd_greet_2025_rev1,road_vehicle_cycle_emissions,mhdv,Class 8 Day-Cab Trucks,MHDV_Sum,G47,A47,1.2) HEV,hev,none,N2O,1273.0471707421614,g/vehicle-lifetime,vehicle_cycle_total_no_eol_credits
Car,1,35,150,Class 8 Day-Cab Trucks,2,15,False,inputs/0_external_models/R&D GREET2025_Rev1/R&D GREET1_2025_Rev1.xlsm,inputs/0_external_models/R&D GREET2025_Rev1/R&D GREET2_2025_Rev1.xlsm,3abed15be3442b25b66c7d991ce4ea89fd1fe534af930ae772e419241f0d976f,2be89abd169eba7180c0ca41102461682fc258a38ea143c5544bfd051ed03384,2025,2020,argonne_rd_greet_2025_rev1,road_vehicle_cycle_emissions,mhdv,Class 8 Day-Cab Trucks,MHDV_Sum,G75,A75,1.3) EV,bev,none,CO2,143921990.3622525,g/vehicle-lifetime,vehicle_cycle_total_no_eol_credits
Car,1,35,150,Class 8 Day-Cab Trucks,2,15,False,inputs/0_external_models/R&D GREET2025_Rev1/R&D GREET1_2025_Rev1.xlsm,inputs/0_external_models/R&D GREET2025_Rev1/R&D GREET2_2025_Rev1.xlsm,3abed15be3442b25b66c7d991ce4ea89fd1fe534af930ae772e419241f0d976f,2be89abd169eba7180c0ca41102461682fc258a38ea143c5544bfd051ed03384,2025,2020,argonne_rd_greet_2025_rev1,road_vehicle_cycle_emissions,mhdv,Class 8 Day-Cab Trucks,MHDV_Sum,G77,A77,1.3) EV,bev,none,CH4,271808.2599534114,g/vehicle-lifetime,vehicle_cycle_total_no_eol_credits
Car,1,35,150,Class 8 Day-Cab Trucks,2,15,False,inputs/0_external_models/R&D GREET2025_Rev1/R&D GREET1_2025_Rev1.xlsm,inputs/0_external_models/R&D GREET2025_Rev1/R&D GREET2_2025_Rev1.xlsm,3abed15be3442b25b66c7d991ce4ea89fd1fe534af930ae772e419241f0d976f,2be89abd169eba7180c0ca41102461682fc258a38ea143c5544bfd051ed03384,2025,2020,argonne_rd_greet_2025_rev1,road_vehicle_cycle_emissions,mhdv,Class 8 Day-Cab Trucks,MHDV_Sum,G78,A78,1.3) EV,bev,none,N2O,3552.3882513626086,g/vehicle-lifetime,vehicle_cycle_total_no_eol_credits
Car,1,35,150,Class 8 Day-Cab Trucks,2,15,False,inputs/0_external_models/R&D GREET2025_Rev1/R&D GREET1_2025_Rev1.xlsm,inputs/0_external_models/R&D GREET2025_Rev1/R&D GREET2_2025_Rev1.xlsm,3abed15be3442b25b66c7d991ce4ea89fd1fe534af930ae772e419241f0d976f,2be89abd169eba7180c0ca41102461682fc258a38ea143c5544bfd051ed03384,2025,2020,argonne_rd_greet_2025_rev1,road_vehicle_cycle_emissions,mhdv,Class 8 Day-Cab Trucks,MHDV_Sum,G106,A106,1.4) FCV,fcev,none,CO2,73877062.92785266,g/vehicle-lifetime,vehicle_cycle_total_no_eol_credits
Car,1,35,150,Class 8 Day-Cab Trucks,2,15,False,inputs/0_external_models/R&D GREET2025_Rev1/R&D GREET1_2025_Rev1.xlsm,inputs/0_external_models/R&D GREET2025_Rev1/R&D GREET2_2025_Rev1.xlsm,3abed15be3442b25b66c7d991ce4ea89fd1fe534af930ae772e419241f0d976f,2be89abd169eba7180c0ca41102461682fc258a38ea143c5544bfd051ed03384,2025,2020,argonne_rd_greet_2025_rev1,road_vehicle_cycle_emissions,mhdv,Class 8 Day-Cab Trucks,MHDV_Sum,G108,A108,1.4) FCV,fcev,none,CH4,145915.34592748337,g/vehicle-lifetime,vehicle_cycle_total_no_eol_credits
Car,1,35,150,Class 8 Day-Cab Trucks,2,15,False,inputs/0_external_models/R&D GREET2025_Rev1/R&D GREET1_2025_Rev1.xlsm,inputs/0_external_models/R&D GREET2025_Rev1/R&D GREET2_2025_Rev1.xlsm,3abed15be3442b25b66c7d991ce4ea89fd1fe534af930ae772e419241f0d976f,2be89abd169eba7180c0ca41102461682fc258a38ea143c5544bfd051ed03384,2025,2020,argonne_rd_greet_2025_rev1,road_vehicle_cycle_emissions,mhdv,Class 8 Day-Cab Trucks,MHDV_Sum,G109,A109,1.4) FCV,fcev,none,N2O,1632.6845646592344,g/vehicle-lifetime,vehicle_cycle_total_no_eol_credits
Pickup,3,50,400,Class 8 Day-Cab Trucks,2,16,False,inputs/0_external_models/R&D GREET2025_Rev1/R&D GREET1_2025_Rev1.xlsm,inputs/0_external_models/R&D GREET2025_Rev1/R&D GREET2_2025_Rev1.xlsm,3abed15be3442b25b66c7d991ce4ea89fd1fe534af930ae772e419241f0d976f,2be89abd169eba7180c0ca41102461682fc258a38ea143c5544bfd051ed03384,2025,2020,argonne_rd_greet_2025_rev1,road_vehicle_cycle_emissions,ldv,Pickup,Vehi_Sum,F13,A13,1.1) ICEV: Conventional Material,icev,conventional,CO2,7774236.7253884645,g/vehicle-lifetime,vehicle_cycle_total_no_eol_credits
Pickup,3,50,400,Class 8 Day-Cab Trucks,2,16,False,inputs/0_external_models/R&D GREET2025_Rev1/R&D GREET1_2025_Rev1.xlsm,inputs/0_external_models/R&D GREET2025_Rev1/R&D GREET2_2025_Rev1.xlsm,3abed15be3442b25b66c7d991ce4ea89fd1fe534af930ae772e419241f0d976f,2be89abd169eba7180c0ca41102461682fc258a38ea143c5544bfd051ed03384,2025,2020,argonne_rd_greet_2025_rev1,road_vehicle_cycle_emissions,ldv,Pickup,Vehi_Sum,F15,A15,1.1) ICEV: Conventional Material,icev,conventional,CH4,16934.044118895916,g/vehicle-lifetime,vehicle_cycle_total_no_eol_credits
Pickup,3,50,400,Class 8 Day-Cab Trucks,2,16,False,inputs/0_external_models/R&D GREET2025_Rev1/R&D GREET1_2025_Rev1.xlsm,inputs/0_external_models/R&D GREET2025_Rev1/R&D GREET2_2025_Rev1.xlsm,3abed15be3442b25b66c7d991ce4ea89fd1fe534af930ae772e419241f0d976f,2be89abd169eba7180c0ca41102461682fc258a38ea143c5544bfd051ed03384,2025,2020,argonne_rd_greet_2025_rev1,road_vehicle_cycle_emissions,ldv,Pickup,Vehi_Sum,F16,A16,1.1) ICEV: Conventional Material,icev,conventional,N2O,206.2719833113104,g/vehicle-lifetime,vehicle_cycle_total_no_eol_credits
Pickup,3,50,400,Class 8 Day-Cab Trucks,2,16,False,inputs/0_external_models/R&D GREET2025_Rev1/R&D GREET1_2025_Rev1.xlsm,inputs/0_external_models/R&D GREET2025_Rev1/R&D GREET2_2025_Rev1.xlsm,3abed15be3442b25b66c7d991ce4ea89fd1fe534af930ae772e419241f0d976f,2be89abd169eba7180c0ca41102461682fc258a38ea143c5544bfd051ed03384,2025,2020,argonne_rd_greet_2025_rev1,road_vehicle_cycle_emissions,ldv,Pickup,Vehi_Sum,F44,A44,1.2) ICEV: Lightweight Material,icev,lightweight,CO2,9098407.91457885,g/vehicle-lifetime,vehicle_cycle_total_no_eol_credits
Pickup,3,50,400,Class 8 Day-Cab Trucks,2,16,False,inputs/0_external_models/R&D GREET2025_Rev1/R&D GREET1_2025_Rev1.xlsm,inputs/0_external_models/R&D GREET2025_Rev1/R&D GREET2_2025_Rev1.xlsm,3abed15be3442b25b66c7d991ce4ea89fd1fe534af930ae772e419241f0d976f,2be89abd169eba7180c0ca41102461682fc258a38ea143c5544bfd051ed03384,2025,2020,argonne_rd_greet_2025_rev1,road_vehicle_cycle_emissions,ldv,Pickup,Vehi_Sum,F46,A46,1.2) ICEV: Lightweight Material,icev,lightweight,CH4,22034.551148893734,g/vehicle-lifetime,vehicle_cycle_total_no_eol_credits
Pickup,3,50,400,Class 8 Day-Cab Trucks,2,16,False,inputs/0_external_models/R&D GREET2025_Rev1/R&D GREET1_2025_Rev1.xlsm,inputs/0_external_models/R&D GREET2025_Rev1/R&D GREET2_2025_Rev1.xlsm,3abed15be3442b25b66c7d991ce4ea89fd1fe534af930ae772e419241f0d976f,2be89abd169eba7180c0ca41102461682fc258a38ea143c5544bfd051ed03384,2025,2020,argonne_rd_greet_2025_rev1,road_vehicle_cycle_emissions,ldv,Pickup,Vehi_Sum,F47,A47,1.2) ICEV: Lightweight Material,icev,lightweight,N2O,264.34231230117746,g/vehicle-lifetime,vehicle_cycle_total_no_eol_credits
Pickup,3,50,400,Class 8 Day-Cab Trucks,2,16,False,inputs/0_external_models/R&D GREET2025_Rev1/R&D GREET1_2025_Rev1.xlsm,inputs/0_external_models/R&D GREET2025_Rev1/R&D GREET2_2025_Rev1.xlsm,3abed15be3442b25b66c7d991ce4ea89fd1fe534af930ae772e419241f0d976f,2be89abd169eba7180c0ca41102461682fc258a38ea143c5544bfd051ed03384,2025,2020,argonne_rd_greet_2025_rev1,road_vehicle_cycle_emissions,ldv,Pickup,Vehi_Sum,F75,A75,1.3) HEV: Conventional Material,hev,conventional,CO2,8270697.750247803,g/vehicle-lifetime,vehicle_cycle_total_no_eol_credits
Pickup,3,50,400,Class 8 Day-Cab Trucks,2,16,False,inputs/0_external_models/R&D GREET2025_Rev1/R&D GREET1_2025_Rev1.xlsm,inputs/0_external_models/R&D GREET2025_Rev1/R&D GREET2_2025_Rev1.xlsm,3abed15be3442b25b66c7d991ce4ea89fd1fe534af930ae772e419241f0d976f,2be89abd169eba7180c0ca41102461682fc258a38ea143c5544bfd051ed03384,2025,2020,argonne_rd_greet_2025_rev1,road_vehicle_cycle_emissions,ldv,Pickup,Vehi_Sum,F77,A77,1.3) HEV: Conventional Material,hev,conventional,CH4,18394.87483098219,g/vehicle-lifetime,vehicle_cycle_total_no_eol_credits
Pickup,3,50,400,Class 8 Day-Cab Trucks,2,16,False,inputs/0_external_models/R&D GREET2025_Rev1/R&D GREET1_2025_Rev1.xlsm,inputs/0_external_models/R&D GREET2025_Rev1/R&D GREET2_2025_Rev1.xlsm,3abed15be3442b25b66c7d991ce4ea89fd1fe534af930ae772e419241f0d976f,2be89abd169eba7180c0ca41102461682fc258a38ea143c5544bfd051ed03384,2025,2020,argonne_rd_greet_2025_rev1,road_vehicle_cycle_emissions,ldv,Pickup,Vehi_Sum,F78,A78,1.3) HEV: Conventional Material,hev,conventional,N2O,293.7122841565559,g/vehicle-lifetime,vehicle_cycle_total_no_eol_credits
Pickup,3,50,400,Class 8 Day-Cab Trucks,2,16,False,inputs/0_external_models/R&D GREET2025_Rev1/R&D GREET1_2025_Rev1.xlsm,inputs/0_external_models/R&D GREET2025_Rev1/R&D GREET2_2025_Rev1.xlsm,3abed15be3442b25b66c7d991ce4ea89fd1fe534af930ae772e419241f0d976f,2be89abd169eba7180c0ca41102461682fc258a38ea143c5544bfd051ed03384,2025,2020,argonne_rd_greet_2025_rev1,road_vehicle_cycle_emissions,ldv,Pickup,Vehi_Sum,F106,A106,1.4) HEV: Lightweight Material,hev,lightweight,CO2,9571205.478764633,g/vehicle-lifetime,vehicle_cycle_total_no_eol_credits
Pickup,3,50,400,Class 8 Day-Cab Trucks,2,16,False,inputs/0_external_models/R&D GREET2025_Rev1/R&D GREET1_2025_Rev1.xlsm,inputs/0_external_models/R&D GREET2025_Rev1/R&D GREET2_2025_Rev1.xlsm,3abed15be3442b25b66c7d991ce4ea89fd1fe534af930ae772e419241f0d976f,2be89abd169eba7180c0ca41102461682fc258a38ea143c5544bfd051ed03384,2025,2020,argonne_rd_greet_2025_rev1,road_vehicle_cycle_emissions,ldv,Pickup,Vehi_Sum,F108,A108,1.4) HEV: Lightweight Material,hev,lightweight,CH4,22836.86430532247,g/vehicle-lifetime,vehicle_cycle_total_no_eol_credits
Pickup,3,50,400,Class 8 Day-Cab Trucks,2,16,False,inputs/0_external_models/R&D GREET2025_Rev1/R&D GREET1_2025_Rev1.xlsm,inputs/0_external_models/R&D GREET2025_Rev1/R&D GREET2_2025_Rev1.xlsm,3abed15be3442b25b66c7d991ce4ea89fd1fe534af930ae772e419241f0d976f,2be89abd169eba7180c0ca41102461682fc258a38ea143c5544bfd051ed03384,2025,2020,argonne_rd_greet_2025_rev1,road_vehicle_cycle_emissions,ldv,Pickup,Vehi_Sum,F109,A109,1.4) HEV: Lightweight Material,hev,lightweight,N2O,343.0150523551762,g/vehicle-lifetime,vehicle_cycle_total_no_eol_credits
Pickup,3,50,400,Class 8 Day-Cab Trucks,2,16,False,inputs/0_external_models/R&D GREET2025_Rev1/R&D GREET1_2025_Rev1.xlsm,inputs/0_external_models/R&D GREET2025_Rev1/R&D GREET2_2025_Rev1.xlsm,3abed15be3442b25b66c7d991ce4ea89fd1fe534af930ae772e419241f0d976f,2be89abd169eba7180c0ca41102461682fc258a38ea143c5544bfd051ed03384,2025,2020,argonne_rd_greet_2025_rev1,road_vehicle_cycle_emissions,ldv,Pickup,Vehi_Sum,F137,A137,1.5) PHEV: Conventional Material,phev,conventional,CO2,9634578.44325072,g/vehicle-lifetime,vehicle_cycle_total_no_eol_credits
Pickup,3,50,400,Class 8 Day-Cab Trucks,2,16,False,inputs/0_external_models/R&D GREET2025_Rev1/R&D GREET1_2025_Rev1.xlsm,inputs/0_external_models/R&D GREET2025_Rev1/R&D GREET2_2025_Rev1.xlsm,3abed15be3442b25b66c7d991ce4ea89fd1fe534af930ae772e419241f0d976f,2be89abd169eba7180c0ca41102461682fc258a38ea143c5544bfd051ed03384,2025,2020,argonne_rd_greet_2025_rev1,road_vehicle_cycle_emissions,ldv,Pickup,Vehi_Sum,F139,A139,1.5) PHEV: Conventional Material,phev,conventional,CH4,20908.421844537774,g/vehicle-lifetime,vehicle_cycle_total_no_eol_credits
Pickup,3,50,400,Class 8 Day-Cab Trucks,2,16,False,inputs/0_external_models/R&D GREET2025_Rev1/R&D GREET1_2025_Rev1.xlsm,inputs/0_external_models/R&D GREET2025_Rev1/R&D GREET2_2025_Rev1.xlsm,3abed15be3442b25b66c7d991ce4ea89fd1fe534af930ae772e419241f0d976f,2be89abd169eba7180c0ca41102461682fc258a38ea143c5544bfd051ed03384,2025,2020,argonne_rd_greet_2025_rev1,road_vehicle_cycle_emissions,ldv,Pickup,Vehi_Sum,F140,A140,1.5) PHEV: Conventional Material,phev,conventional,N2O,287.66796664663235,g/vehicle-lifetime,vehicle_cycle_total_no_eol_credits
Pickup,3,50,400,Class 8 Day-Cab Trucks,2,16,False,inputs/0_external_models/R&D GREET2025_Rev1/R&D GREET1_2025_Rev1.xlsm,inputs/0_external_models/R&D GREET2025_Rev1/R&D GREET2_2025_Rev1.xlsm,3abed15be3442b25b66c7d991ce4ea89fd1fe534af930ae772e419241f0d976f,2be89abd169eba7180c0ca41102461682fc258a38ea143c5544bfd051ed03384,2025,2020,argonne_rd_greet_2025_rev1,road_vehicle_cycle_emissions,ldv,Pickup,Vehi_Sum,F168,A168,1.6) PHEV: Lightweight Material,phev,lightweight,CO2,10421607.843976943,g/vehicle-lifetime,vehicle_cycle_total_no_eol_credits
Pickup,3,50,400,Class 8 Day-Cab Trucks,2,16,False,inputs/0_external_models/R&D GREET2025_Rev1/R&D GREET1_2025_Rev1.xlsm,inputs/0_external_models/R&D GREET2025_Rev1/R&D GREET2_2025_Rev1.xlsm,3abed15be3442b25b66c7d991ce4ea89fd1fe534af930ae772e419241f0d976f,2be89abd169eba7180c0ca41102461682fc258a38ea143c5544bfd051ed03384,2025,2020,argonne_rd_greet_2025_rev1,road_vehicle_cycle_emissions,ldv,Pickup,Vehi_Sum,F170,A170,1.6) PHEV: Lightweight Material,phev,lightweight,CH4,24144.841924388093,g/vehicle-lifetime,vehicle_cycle_total_no_eol_credits
Pickup,3,50,400,Class 8 Day-Cab Trucks,2,16,False,inputs/0_external_models/R&D GREET2025_Rev1/R&D GREET1_2025_Rev1.xlsm,inputs/0_external_models/R&D GREET2025_Rev1/R&D GREET2_2025_Rev1.xlsm,3abed15be3442b25b66c7d991ce4ea89fd1fe534af930ae772e419241f0d976f,2be89abd169eba7180c0ca41102461682fc258a38ea143c5544bfd051ed03384,2025,2020,argonne_rd_greet_2025_rev1,road_vehicle_cycle_emissions,ldv,Pickup,Vehi_Sum,F171,A171,1.6) PHEV: Lightweight Material,phev,lightweight,N2O,325.46812187900565,g/vehicle-lifetime,vehicle_cycle_total_no_eol_credits
Pickup,3,50,400,Class 8 Day-Cab Trucks,2,16,False,inputs/0_external_models/R&D GREET2025_Rev1/R&D GREET1_2025_Rev1.xlsm,inputs/0_external_models/R&D GREET2025_Rev1/R&D GREET2_2025_Rev1.xlsm,3abed15be3442b25b66c7d991ce4ea89fd1fe534af930ae772e419241f0d976f,2be89abd169eba7180c0ca41102461682fc258a38ea143c5544bfd051ed03384,2025,2020,argonne_rd_greet_2025_rev1,road_vehicle_cycle_emissions,ldv,Pickup,Vehi_Sum,F199,A199,1.7) EV: Conventional Material,bev,conventional,CO2,18294237.353040945,g/vehicle-lifetime,vehicle_cycle_total_no_eol_credits
Pickup,3,50,400,Class 8 Day-Cab Trucks,2,16,False,inputs/0_external_models/R&D GREET2025_Rev1/R&D GREET1_2025_Rev1.xlsm,inputs/0_external_models/R&D GREET2025_Rev1/R&D GREET2_2025_Rev1.xlsm,3abed15be3442b25b66c7d991ce4ea89fd1fe534af930ae772e419241f0d976f,2be89abd169eba7180c0ca41102461682fc258a38ea143c5544bfd051ed03384,2025,2020,argonne_rd_greet_2025_rev1,road_vehicle_cycle_emissions,ldv,Pickup,Vehi_Sum,F201,A201,1.7) EV: Conventional Material,bev,conventional,CH4,38689.98318321812,g/vehicle-lifetime,vehicle_cycle_total_no_eol_credits
Pickup,3,50,400,Class 8 Day-Cab Trucks,2,16,False,inputs/0_external_models/R&D GREET2025_Rev1/R&D GREET1_2025_Rev1.xlsm,inputs/0_external_models/R&D GREET2025_Rev1/R&D GREET2_2025_Rev1.xlsm,3abed15be3442b25b66c7d991ce4ea89fd1fe534af930ae772e419241f0d976f,2be89abd169eba7180c0ca41102461682fc258a38ea143c5544bfd051ed03384,2025,2020,argonne_rd_greet_2025_rev1,road_vehicle_cycle_emissions,ldv,Pickup,Vehi_Sum,F202,A202,1.7) EV: Conventional Material,bev,conventional,N2O,545.5968430708313,g/vehicle-lifetime,vehicle_cycle_total_no_eol_credits
Pickup,3,50,400,Class 8 Day-Cab Trucks,2,16,False,inputs/0_external_models/R&D GREET2025_Rev1/R&D GREET1_2025_Rev1.xlsm,inputs/0_external_models/R&D GREET2025_Rev1/R&D GREET2_2025_Rev1.xlsm,3abed15be3442b25b66c7d991ce4ea89fd1fe534af930ae772e419241f0d976f,2be89abd169eba7180c0ca41102461682fc258a38ea143c5544bfd051ed03384,2025,2020,argonne_rd_greet_2025_rev1,road_vehicle_cycle_emissions,ldv,Pickup,Vehi_Sum,F230,A230,1.8) EV: Lightweight Material,bev,lightweight,CO2,14120736.98821477,g/vehicle-lifetime,vehicle_cycle_total_no_eol_credits
Pickup,3,50,400,Class 8 Day-Cab Trucks,2,16,False,inputs/0_external_models/R&D GREET2025_Rev1/R&D GREET1_2025_Rev1.xlsm,inputs/0_external_models/R&D GREET2025_Rev1/R&D GREET2_2025_Rev1.xlsm,3abed15be3442b25b66c7d991ce4ea89fd1fe534af930ae772e419241f0d976f,2be89abd169eba7180c0ca41102461682fc258a38ea143c5544bfd051ed03384,2025,2020,argonne_rd_greet_2025_rev1,road_vehicle_cycle_emissions,ldv,Pickup,Vehi_Sum,F232,A232,1.8) EV: Lightweight Material,bev,lightweight,CH4,31393.787132435147,g/vehicle-lifetime,vehicle_cycle_total_no_eol_credits
Pickup,3,50,400,Class 8 Day-Cab Trucks,2,16,False,inputs/0_external_models/R&D GREET2025_Rev1/R&D GREET1_2025_Rev1.xlsm,inputs/0_external_models/R&D GREET2025_Rev1/R&D GREET2_2025_Rev1.xlsm,3abed15be3442b25b66c7d991ce4ea89fd1fe534af930ae772e419241f0d976f,2be89abd169eba7180c0ca41102461682fc258a38ea143c5544bfd051ed03384,2025,2020,argonne_rd_greet_2025_rev1,road_vehicle_cycle_emissions,ldv,Pickup,Vehi_Sum,F233,A233,1.8) EV: Lightweight Material,bev,lightweight,N2O,462.35365249516246,g/vehicle-lifetime,vehicle_cycle_total_no_eol_credits
Pickup,3,50,400,Class 8 Day-Cab Trucks,2,16,False,inputs/0_external_models/R&D GREET2025_Rev1/R&D GREET1_2025_Rev1.xlsm,inputs/0_external_models/R&D GREET2025_Rev1/R&D GREET2_2025_Rev1.xlsm,3abed15be3442b25b66c7d991ce4ea89fd1fe534af930ae772e419241f0d976f,2be89abd169eba7180c0ca41102461682fc258a38ea143c5544bfd051ed03384,2025,2020,argonne_rd_greet_2025_rev1,road_vehicle_cycle_emissions,ldv,Pickup,Vehi_Sum,F261,A261,1.9) FCV: Conventional Material,fcev,conventional,CO2,9339393.984336438,g/vehicle-lifetime,vehicle_cycle_total_no_eol_credits
Pickup,3,50,400,Class 8 Day-Cab Trucks,2,16,False,inputs/0_external_models/R&D GREET2025_Rev1/R&D GREET1_2025_Rev1.xlsm,inputs/0_external_models/R&D GREET2025_Rev1/R&D GREET2_2025_Rev1.xlsm,3abed15be3442b25b66c7d991ce4ea89fd1fe534af930ae772e419241f0d976f,2be89abd169eba7180c0ca41102461682fc258a38ea143c5544bfd051ed03384,2025,2020,argonne_rd_greet_2025_rev1,road_vehicle_cycle_emissions,ldv,Pickup,Vehi_Sum,F263,A263,1.9) FCV: Conventional Material,fcev,conventional,CH4,21844.637994938686,g/vehicle-lifetime,vehicle_cycle_total_no_eol_credits
Pickup,3,50,400,Class 8 Day-Cab Trucks,2,16,False,inputs/0_external_models/R&D GREET2025_Rev1/R&D GREET1_2025_Rev1.xlsm,inputs/0_external_models/R&D GREET2025_Rev1/R&D GREET2_2025_Rev1.xlsm,3abed15be3442b25b66c7d991ce4ea89fd1fe534af930ae772e419241f0d976f,2be89abd169eba7180c0ca41102461682fc258a38ea143c5544bfd051ed03384,2025,2020,argonne_rd_greet_2025_rev1,road_vehicle_cycle_emissions,ldv,Pickup,Vehi_Sum,F264,A264,1.9) FCV: Conventional Material,fcev,conventional,N2O,311.74642460039706,g/vehicle-lifetime,vehicle_cycle_total_no_eol_credits
Pickup,3,50,400,Class 8 Day-Cab Trucks,2,16,False,inputs/0_external_models/R&D GREET2025_Rev1/R&D GREET1_2025_Rev1.xlsm,inputs/0_external_models/R&D GREET2025_Rev1/R&D GREET2_2025_Rev1.xlsm,3abed15be3442b25b66c7d991ce4ea89fd1fe534af930ae772e419241f0d976f,2be89abd169eba7180c0ca41102461682fc258a38ea143c5544bfd051ed03384,2025,2020,argonne_rd_greet_2025_rev1,road_vehicle_cycle_emissions,ldv,Pickup,Vehi_Sum,F292,A292,1.10) FCV: Lightweight Material,fcev,lightweight,CO2,11038429.975205246,g/vehicle-lifetime,vehicle_cycle_total_no_eol_credits
Pickup,3,50,400,Class 8 Day-Cab Trucks,2,16,False,inputs/0_external_models/R&D GREET2025_Rev1/R&D GREET1_2025_Rev1.xlsm,inputs/0_external_models/R&D GREET2025_Rev1/R&D GREET2_2025_Rev1.xlsm,3abed15be3442b25b66c7d991ce4ea89fd1fe534af930ae772e419241f0d976f,2be89abd169eba7180c0ca41102461682fc258a38ea143c5544bfd051ed03384,2025,2020,argonne_rd_greet_2025_rev1,road_vehicle_cycle_emissions,ldv,Pickup,Vehi_Sum,F294,A294,1.10) FCV: Lightweight Material,fcev,lightweight,CH4,27629.935533285337,g/vehicle-lifetime,vehicle_cycle_total_no_eol_credits
Pickup,3,50,400,Class 8 Day-Cab Trucks,2,16,False,inputs/0_external_models/R&D GREET2025_Rev1/R&D GREET1_2025_Rev1.xlsm,inputs/0_external_models/R&D GREET2025_Rev1/R&D GREET2_2025_Rev1.xlsm,3abed15be3442b25b66c7d991ce4ea89fd1fe534af930ae772e419241f0d976f,2be89abd169eba7180c0ca41102461682fc258a38ea143c5544bfd051ed03384,2025,2020,argonne_rd_greet_2025_rev1,road_vehicle_cycle_emissions,ldv,Pickup,Vehi_Sum,F295,A295,1.10) FCV: Lightweight Material,fcev,lightweight,N2O,396.3824283494315,g/vehicle-lifetime,vehicle_cycle_total_no_eol_credits
Pickup,3,50,400,Class 8 Day-Cab Trucks,2,16,False,inputs/0_external_models/R&D GREET2025_Rev1/R&D GREET1_2025_Rev1.xlsm,inputs/0_external_models/R&D GREET2025_Rev1/R&D GREET2_2025_Rev1.xlsm,3abed15be3442b25b66c7d991ce4ea89fd1fe534af930ae772e419241f0d976f,2be89abd169eba7180c0ca41102461682fc258a38ea143c5544bfd051ed03384,2025,2020,argonne_rd_greet_2025_rev1,road_vehicle_cycle_emissions,mhdv,Class 8 Day-Cab Trucks,MHDV_Sum,G13,A13,1.1) ICEV,icev,none,CO2,62240743.5189917,g/vehicle-lifetime,vehicle_cycle_total_no_eol_credits
Pickup,3,50,400,Class 8 Day-Cab Trucks,2,16,False,inputs/0_external_models/R&D GREET2025_Rev1/R&D GREET1_2025_Rev1.xlsm,inputs/0_external_models/R&D GREET2025_Rev1/R&D GREET2_2025_Rev1.xlsm,3abed15be3442b25b66c7d991ce4ea89fd1fe534af930ae772e419241f0d976f,2be89abd169eba7180c0ca41102461682fc258a38ea143c5544bfd051ed03384,2025,2020,argonne_rd_greet_2025_rev1,road_vehicle_cycle_emissions,mhdv,Class 8 Day-Cab Trucks,MHDV_Sum,G15,A15,1.1) ICEV,icev,none,CH4,114198.05059992337,g/vehicle-lifetime,vehicle_cycle_total_no_eol_credits
Pickup,3,50,400,Class 8 Day-Cab Trucks,2,16,False,inputs/0_external_models/R&D GREET2025_Rev1/R&D GREET1_2025_Rev1.xlsm,inputs/0_external_models/R&D GREET2025_Rev1/R&D GREET2_2025_Rev1.xlsm,3abed15be3442b25b66c7d991ce4ea89fd1fe534af930ae772e419241f0d976f,2be89abd169eba7180c0ca41102461682fc258a38ea143c5544bfd051ed03384,2025,2020,argonne_rd_greet_2025_rev1,road_vehicle_cycle_emissions,mhdv,Class 8 Day-Cab Trucks,MHDV_Sum,G16,A16,1.1) ICEV,icev,none,N2O,1207.9710764539716,g/vehicle-lifetime,vehicle_cycle_total_no_eol_credits
Pickup,3,50,400,Class 8 Day-Cab Trucks,2,16,False,inputs/0_external_models/R&D GREET2025_Rev1/R&D GREET1_2025_Rev1.xlsm,inputs/0_external_models/R&D GREET2025_Rev1/R&D GREET2_2025_Rev1.xlsm,3abed15be3442b25b66c7d991ce4ea89fd1fe534af930ae772e419241f0d976f,2be89abd169eba7180c0ca41102461682fc258a38ea143c5544bfd051ed03384,2025,2020,argonne_rd_greet_2025_rev1,road_vehicle_cycle_emissions,mhdv,Class 8 Day-Cab Trucks,MHDV_Sum,G44,A44,1.2) HEV,hev,none,CO2,63442208.42972038,g/vehicle-lifetime,vehicle_cycle_total_no_eol_credits
Pickup,3,50,400,Class 8 Day-Cab Trucks,2,16,False,inputs/0_external_models/R&D GREET2025_Rev1/R&D GREET1_2025_Rev1.xlsm,inputs/0_external_models/R&D GREET2025_Rev1/R&D GREET2_2025_Rev1.xlsm,3abed15be3442b25b66c7d991ce4ea89fd1fe534af930ae772e419241f0d976f,2be89abd169eba7180c0ca41102461682fc258a38ea143c5544bfd051ed03384,2025,2020,argonne_rd_greet_2025_rev1,road_vehicle_cycle_emissions,mhdv,Class 8 Day-Cab Trucks,MHDV_Sum,G46,A46,1.2) HEV,hev,none,CH4,116435.73057890155,g/vehicle-lifetime,vehicle_cycle_total_no_eol_credits
Pickup,3,50,400,Class 8 Day-Cab Trucks,2,16,False,inputs/0_external_models/R&D GREET2025_Rev1/R&D GREET1_2025_Rev1.xlsm,inputs/0_external_models/R&D GREET2025_Rev1/R&D GREET2_2025_Rev1.xlsm,3abed15be3442b25b66c7d991ce4ea89fd1fe534af930ae772e419241f0d976f,2be89abd169eba7180c0ca41102461682fc258a38ea143c5544bfd051ed03384,2025,2020,argonne_rd_greet_2025_rev1,road_vehicle_cycle_emissions,mhdv,Class 8 Day-Cab Trucks,MHDV_Sum,G47,A47,1.2) HEV,hev,none,N2O,1273.0471707421614,g/vehicle-lifetime,vehicle_cycle_total_no_eol_credits
Pickup,3,50,400,Class 8 Day-Cab Trucks,2,16,False,inputs/0_external_models/R&D GREET2025_Rev1/R&D GREET1_2025_Rev1.xlsm,inputs/0_external_models/R&D GREET2025_Rev1/R&D GREET2_2025_Rev1.xlsm,3abed15be3442b25b66c7d991ce4ea89fd1fe534af930ae772e419241f0d976f,2be89abd169eba7180c0ca41102461682fc258a38ea143c5544bfd051ed03384,2025,2020,argonne_rd_greet_2025_rev1,road_vehicle_cycle_emissions,mhdv,Class 8 Day-Cab Trucks,MHDV_Sum,G75,A75,1.3) EV,bev,none,CO2,143921990.3622525,g/vehicle-lifetime,vehicle_cycle_total_no_eol_credits
Pickup,3,50,400,Class 8 Day-Cab Trucks,2,16,False,inputs/0_external_models/R&D GREET2025_Rev1/R&D GREET1_2025_Rev1.xlsm,inputs/0_external_models/R&D GREET2025_Rev1/R&D GREET2_2025_Rev1.xlsm,3abed15be3442b25b66c7d991ce4ea89fd1fe534af930ae772e419241f0d976f,2be89abd169eba7180c0ca41102461682fc258a38ea143c5544bfd051ed03384,2025,2020,argonne_rd_greet_2025_rev1,road_vehicle_cycle_emissions,mhdv,Class 8 Day-Cab Trucks,MHDV_Sum,G77,A77,1.3) EV,bev,none,CH4,271808.2599534114,g/vehicle-lifetime,vehicle_cycle_total_no_eol_credits
Pickup,3,50,400,Class 8 Day-Cab Trucks,2,16,False,inputs/0_external_models/R&D GREET2025_Rev1/R&D GREET1_2025_Rev1.xlsm,inputs/0_external_models/R&D GREET2025_Rev1/R&D GREET2_2025_Rev1.xlsm,3abed15be3442b25b66c7d991ce4ea89fd1fe534af930ae772e419241f0d976f,2be89abd169eba7180c0ca41102461682fc258a38ea143c5544bfd051ed03384,2025,2020,argonne_rd_greet_2025_rev1,road_vehicle_cycle_emissions,mhdv,Class 8 Day-Cab Trucks,MHDV_Sum,G78,A78,1.3) EV,bev,none,N2O,3552.3882513626086,g/vehicle-lifetime,vehicle_cycle_total_no_eol_credits
Pickup,3,50,400,Class 8 Day-Cab Trucks,2,16,False,inputs/0_external_models/R&D GREET2025_Rev1/R&D GREET1_2025_Rev1.xlsm,inputs/0_external_models/R&D GREET2025_Rev1/R&D GREET2_2025_Rev1.xlsm,3abed15be3442b25b66c7d991ce4ea89fd1fe534af930ae772e419241f0d976f,2be89abd169eba7180c0ca41102461682fc258a38ea143c5544bfd051ed03384,2025,2020,argonne_rd_greet_2025_rev1,road_vehicle_cycle_emissions,mhdv,Class 8 Day-Cab Trucks,MHDV_Sum,G106,A106,1.4) FCV,fcev,none,CO2,73877062.92785266,g/vehicle-lifetime,vehicle_cycle_total_no_eol_credits
Pickup,3,50,400,Class 8 Day-Cab Trucks,2,16,False,inputs/0_external_models/R&D GREET2025_Rev1/R&D GREET1_2025_Rev1.xlsm,inputs/0_external_models/R&D GREET2025_Rev1/R&D GREET2_2025_Rev1.xlsm,3abed15be3442b25b66c7d991ce4ea89fd1fe534af930ae772e419241f0d976f,2be89abd169eba7180c0ca41102461682fc258a38ea143c5544bfd051ed03384,2025,2020,argonne_rd_greet_2025_rev1,road_vehicle_cycle_emissions,mhdv,Class 8 Day-Cab Trucks,MHDV_Sum,G108,A108,1.4) FCV,fcev,none,CH4,145915.34592748337,g/vehicle-lifetime,vehicle_cycle_total_no_eol_credits
Pickup,3,50,400,Class 8 Day-Cab Trucks,2,16,False,inputs/0_external_models/R&D GREET2025_Rev1/R&D GREET1_2025_Rev1.xlsm,inputs/0_external_models/R&D GREET2025_Rev1/R&D GREET2_2025_Rev1.xlsm,3abed15be3442b25b66c7d991ce4ea89fd1fe534af930ae772e419241f0d976f,2be89abd169eba7180c0ca41102461682fc258a38ea143c5544bfd051ed03384,2025,2020,argonne_rd_greet_2025_rev1,road_vehicle_cycle_emissions,mhdv,Class 8 Day-Cab Trucks,MHDV_Sum,G109,A109,1.4) FCV,fcev,none,N2O,1632.6845646592344,g/vehicle-lifetime,vehicle_cycle_total_no_eol_credits
Car,1,35,150,Class 8 Sleeper-Cab Trucks,3,17,False,inputs/0_external_models/R&D GREET2025_Rev1/R&D GREET1_2025_Rev1.xlsm,inputs/0_external_models/R&D GREET2025_Rev1/R&D GREET2_2025_Rev1.xlsm,3abed15be3442b25b66c7d991ce4ea89fd1fe534af930ae772e419241f0d976f,2be89abd169eba7180c0ca41102461682fc258a38ea143c5544bfd051ed03384,2025,2020,argonne_rd_greet_2025_rev1,road_vehicle_cycle_emissions,ldv,Car,Vehi_Sum,F13,A13,1.1) ICEV: Conventional Material,icev,conventional,CO2,5476200.155968173,g/vehicle-lifetime,vehicle_cycle_total_no_eol_credits
Car,1,35,150,Class 8 Sleeper-Cab Trucks,3,17,False,inputs/0_external_models/R&D GREET2025_Rev1/R&D GREET1_2025_Rev1.xlsm,inputs/0_external_models/R&D GREET2025_Rev1/R&D GREET2_2025_Rev1.xlsm,3abed15be3442b25b66c7d991ce4ea89fd1fe534af930ae772e419241f0d976f,2be89abd169eba7180c0ca41102461682fc258a38ea143c5544bfd051ed03384,2025,2020,argonne_rd_greet_2025_rev1,road_vehicle_cycle_emissions,ldv,Car,Vehi_Sum,F15,A15,1.1) ICEV: Conventional Material,icev,conventional,CH4,12693.203809897663,g/vehicle-lifetime,vehicle_cycle_total_no_eol_credits
Car,1,35,150,Class 8 Sleeper-Cab Trucks,3,17,False,inputs/0_external_models/R&D GREET2025_Rev1/R&D GREET1_2025_Rev1.xlsm,inputs/0_external_models/R&D GREET2025_Rev1/R&D GREET2_2025_Rev1.xlsm,3abed15be3442b25b66c7d991ce4ea89fd1fe534af930ae772e419241f0d976f,2be89abd169eba7180c0ca41102461682fc258a38ea143c5544bfd051ed03384,2025,2020,argonne_rd_greet_2025_rev1,road_vehicle_cycle_emissions,ldv,Car,Vehi_Sum,F16,A16,1.1) ICEV: Conventional Material,icev,conventional,N2O,169.13793887355405,g/vehicle-lifetime,vehicle_cycle_total_no_eol_credits
Car,1,35,150,Class 8 Sleeper-Cab Trucks,3,17,False,inputs/0_external_models/R&D GREET2025_Rev1/R&D GREET1_2025_Rev1.xlsm,inputs/0_external_models/R&D GREET2025_Rev1/R&D GREET2_2025_Rev1.xlsm,3abed15be3442b25b66c7d991ce4ea89fd1fe534af930ae772e419241f0d976f,2be89abd169eba7180c0ca41102461682fc258a38ea143c5544bfd051ed03384,2025,2020,argonne_rd_greet_2025_rev1,road_vehicle_cycle_emissions,ldv,Car,Vehi_Sum,F44,A44,1.2) ICEV: Lightweight Material,icev,lightweight,CO2,6559850.6783518605,g/vehicle-lifetime,vehicle_cycle_total_no_eol_credits
Car,1,35,150,Class 8 Sleeper-Cab Trucks,3,17,False,inputs/0_external_models/R&D GREET2025_Rev1/R&D GREET1_2025_Rev1.xlsm,inputs/0_external_models/R&D GREET2025_Rev1/R&D GREET2_2025_Rev1.xlsm,3abed15be3442b25b66c7d991ce4ea89fd1fe534af930ae772e419241f0d976f,2be89abd169eba7180c0ca41102461682fc258a38ea143c5544bfd051ed03384,2025,2020,argonne_rd_greet_2025_rev1,road_vehicle_cycle_emissions,ldv,Car,Vehi_Sum,F46,A46,1.2) ICEV: Lightweight Material,icev,lightweight,CH4,16104.460934598188,g/vehicle-lifetime,vehicle_cycle_total_no_eol_credits
Car,1,35,150,Class 8 Sleeper-Cab Trucks,3,17,False,inputs/0_external_models/R&D GREET2025_Rev1/R&D GREET1_2025_Rev1.xlsm,inputs/0_external_models/R&D GREET2025_Rev1/R&D GREET2_2025_Rev1.xlsm,3abed15be3442b25b66c7d991ce4ea89fd1fe534af930ae772e419241f0d976f,2be89abd169eba7180c0ca41102461682fc258a38ea143c5544bfd051ed03384,2025,2020,argonne_rd_greet_2025_rev1,road_vehicle_cycle_emissions,ldv,Car,Vehi_Sum,F47,A47,1.2) ICEV: Lightweight Material,icev,lightweight,N2O,203.54750384144234,g/vehicle-lifetime,vehicle_cycle_total_no_eol_credits
Car,1,35,150,Class 8 Sleeper-Cab Trucks,3,17,False,inputs/0_external_models/R&D GREET2025_Rev1/R&D GREET1_2025_Rev1.xlsm,inputs/0_external_models/R&D GREET2025_Rev1/R&D GREET2_2025_Rev1.xlsm,3abed15be3442b25b66c7d991ce4ea89fd1fe534af930ae772e419241f0d976f,2be89abd169eba7180c0ca41102461682fc258a38ea143c5544bfd051ed03384,2025,2020,argonne_rd_greet_2025_rev1,road_vehicle_cycle_emissions,ldv,Car,Vehi_Sum,F75,A75,1.3) HEV: Conventional Material,hev,conventional,CO2,5877157.384556115,g/vehicle-lifetime,vehicle_cycle_total_no_eol_credits
Car,1,35,150,Class 8 Sleeper-Cab Trucks,3,17,False,inputs/0_external_models/R&D GREET2025_Rev1/R&D GREET1_2025_Rev1.xlsm,inputs/0_external_models/R&D GREET2025_Rev1/R&D GREET2_2025_Rev1.xlsm,3abed15be3442b25b66c7d991ce4ea89fd1fe534af930ae772e419241f0d976f,2be89abd169eba7180c0ca41102461682fc258a38ea143c5544bfd051ed03384,2025,2020,argonne_rd_greet_2025_rev1,road_vehicle_cycle_emissions,ldv,Car,Vehi_Sum,F77,A77,1.3) HEV: Conventional Material,hev,conventional,CH4,13263.450359421906,g/vehicle-lifetime,vehicle_cycle_total_no_eol_credits
Car,1,35,150,Class 8 Sleeper-Cab Trucks,3,17,False,inputs/0_external_models/R&D GREET2025_Rev1/R&D GREET1_2025_Rev1.xlsm,inputs/0_external_models/R&D GREET2025_Rev1/R&D GREET2_2025_Rev1.xlsm,3abed15be3442b25b66c7d991ce4ea89fd1fe534af930ae772e419241f0d976f,2be89abd169eba7180c0ca41102461682fc258a38ea143c5544bfd051ed03384,2025,2020,argonne_rd_greet_2025_rev1,road_vehicle_cycle_emissions,ldv,Car,Vehi_Sum,F78,A78,1.3) HEV: Conventional Material,hev,conventional,N2O,222.36902200492415,g/vehicle-lifetime,vehicle_cycle_total_no_eol_credits
Car,1,35,150,Class 8 Sleeper-Cab Trucks,3,17,False,inputs/0_external_models/R&D GREET2025_Rev1/R&D GREET1_2025_Rev1.xlsm,inputs/0_external_models/R&D GREET2025_Rev1/R&D GREET2_2025_Rev1.xlsm,3abed15be3442b25b66c7d991ce4ea89fd1fe534af930ae772e419241f0d976f,2be89abd169eba7180c0ca41102461682fc258a38ea143c5544bfd051ed03384,2025,2020,argonne_rd_greet_2025_rev1,road_vehicle_cycle_emissions,ldv,Car,Vehi_Sum,F106,A106,1.4) HEV: Lightweight Material,hev,lightweight,CO2,6836789.466270282,g/vehicle-lifetime,vehicle_cycle_total_no_eol_credits
Car,1,35,150,Class 8 Sleeper-Cab Trucks,3,17,False,inputs/0_external_models/R&D GREET2025_Rev1/R&D GREET1_2025_Rev1.xlsm,inputs/0_external_models/R&D GREET2025_Rev1/R&D GREET2_2025_Rev1.xlsm,3abed15be3442b25b66c7d991ce4ea89fd1fe534af930ae772e419241f0d976f,2be89abd169eba7180c0ca41102461682fc258a38ea143c5544bfd051ed03384,2025,2020,argonne_rd_greet_2025_rev1,road_vehicle_cycle_emissions,ldv,Car,Vehi_Sum,F108,A108,1.4) HEV: Lightweight Material,hev,lightweight,CH4,16544.84947761421,g/vehicle-lifetime,vehicle_cycle_total_no_eol_credits
Car,1,35,150,Class 8 Sleeper-Cab Trucks,3,17,False,inputs/0_external_models/R&D GREET2025_Rev1/R&D GREET1_2025_Rev1.xlsm,inputs/0_external_models/R&D GREET2025_Rev1/R&D GREET2_2025_Rev1.xlsm,3abed15be3442b25b66c7d991ce4ea89fd1fe534af930ae772e419241f0d976f,2be89abd169eba7180c0ca41102461682fc258a38ea143c5544bfd051ed03384,2025,2020,argonne_rd_greet_2025_rev1,road_vehicle_cycle_emissions,ldv,Car,Vehi_Sum,F109,A109,1.4) HEV: Lightweight Material,hev,lightweight,N2O,257.85499436091357,g/vehicle-lifetime,vehicle_cycle_total_no_eol_credits
Car,1,35,150,Class 8 Sleeper-Cab Trucks,3,17,False,inputs/0_external_models/R&D GREET2025_Rev1/R&D GREET1_2025_Rev1.xlsm,inputs/0_external_models/R&D GREET2025_Rev1/R&D GREET2_2025_Rev1.xlsm,3abed15be3442b25b66c7d991ce4ea89fd1fe534af930ae772e419241f0d976f,2be89abd169eba7180c0ca41102461682fc258a38ea143c5544bfd051ed03384,2025,2020,argonne_rd_greet_2025_rev1,road_vehicle_cycle_emissions,ldv,Car,Vehi_Sum,F137,A137,1.5) PHEV: Conventional Material,phev,conventional,CO2,6391980.52802363,g/vehicle-lifetime,vehicle_cycle_total_no_eol_credits
Car,1,35,150,Class 8 Sleeper-Cab Trucks,3,17,False,inputs/0_external_models/R&D GREET2025_Rev1/R&D GREET1_2025_Rev1.xlsm,inputs/0_external_models/R&D GREET2025_Rev1/R&D GREET2_2025_Rev1.xlsm,3abed15be3442b25b66c7d991ce4ea89fd1fe534af930ae772e419241f0d976f,2be89abd169eba7180c0ca41102461682fc258a38ea143c5544bfd051ed03384,2025,2020,argonne_rd_greet_2025_rev1,road_vehicle_cycle_emissions,ldv,Car,Vehi_Sum,F139,A139,1.5) PHEV: Conventional Material,phev,conventional,CH4,14180.506181527471,g/vehicle-lifetime,vehicle_cycle_total_no_eol_credits
Car,1,35,150,Class 8 Sleeper-Cab Trucks,3,17,False,inputs/0_external_models/R&D GREET2025_Rev1/R&D GREET1_2025_Rev1.xlsm,inputs/0_external_models/R&D GREET2025_Rev1/R&D GREET2_2025_Rev1.xlsm,3abed15be3442b25b66c7d991ce4ea89fd1fe534af930ae772e419241f0d976f,2be89abd169eba7180c0ca41102461682fc258a38ea143c5544bfd051ed03384,2025,2020,argonne_rd_greet_2025_rev1,road_vehicle_cycle_emissions,ldv,Car,Vehi_Sum,F140,A140,1.5) PHEV: Conventional Material,phev,conventional,N2O,205.63655409930487,g/vehicle-lifetime,vehicle_cycle_total_no_eol_credits
Car,1,35,150,Class 8 Sleeper-Cab Trucks,3,17,False,inputs/0_external_models/R&D GREET2025_Rev1/R&D GREET1_2025_Rev1.xlsm,inputs/0_external_models/R&D GREET2025_Rev1/R&D GREET2_2025_Rev1.xlsm,3abed15be3442b25b66c7d991ce4ea89fd1fe534af930ae772e419241f0d976f,2be89abd169eba7180c0ca41102461682fc258a38ea143c5544bfd051ed03384,2025,2020,argonne_rd_greet_2025_rev1,road_vehicle_cycle_emissions,ldv,Car,Vehi_Sum,F168,A168,1.6) PHEV: Lightweight Material,phev,lightweight,CO2,7010626.443937072,g/vehicle-lifetime,vehicle_cycle_total_no_eol_credits
Car,1,35,150,Class 8 Sleeper-Cab Trucks,3,17,False,inputs/0_external_models/R&D GREET2025_Rev1/R&D GREET1_2025_Rev1.xlsm,inputs/0_external_models/R&D GREET2025_Rev1/R&D GREET2_2025_Rev1.xlsm,3abed15be3442b25b66c7d991ce4ea89fd1fe534af930ae772e419241f0d976f,2be89abd169eba7180c0ca41102461682fc258a38ea143c5544bfd051ed03384,2025,2020,argonne_rd_greet_2025_rev1,road_vehicle_cycle_emissions,ldv,Car,Vehi_Sum,F170,A170,1.6) PHEV: Lightweight Material,phev,lightweight,CH4,16896.656533454247,g/vehicle-lifetime,vehicle_cycle_total_no_eol_credits
Car,1,35,150,Class 8 Sleeper-Cab Trucks,3,17,False,inputs/0_external_models/R&D GREET2025_Rev1/R&D GREET1_2025_Rev1.xlsm,inputs/0_external_models/R&D GREET2025_Rev1/R&D GREET2_2025_Rev1.xlsm,3abed15be3442b25b66c7d991ce4ea89fd1fe534af930ae772e419241f0d976f,2be89abd169eba7180c0ca41102461682fc258a38ea143c5544bfd051ed03384,2025,2020,argonne_rd_greet_2025_rev1,road_vehicle_cycle_emissions,ldv,Car,Vehi_Sum,F171,A171,1.6) PHEV: Lightweight Material,phev,lightweight,N2O,238.03649331526952,g/vehicle-lifetime,vehicle_cycle_total_no_eol_credits
Car,1,35,150,Class 8 Sleeper-Cab Trucks,3,17,False,inputs/0_external_models/R&D GREET2025_Rev1/R&D GREET1_2025_Rev1.xlsm,inputs/0_external_models/R&D GREET2025_Rev1/R&D GREET2_2025_Rev1.xlsm,3abed15be3442b25b66c7d991ce4ea89fd1fe534af930ae772e419241f0d976f,2be89abd169eba7180c0ca41102461682fc258a38ea143c5544bfd051ed03384,2025,2020,argonne_rd_greet_2025_rev1,road_vehicle_cycle_emissions,ldv,Car,Vehi_Sum,F199,A199,1.7) EV: Conventional Material,bev,conventional,CO2,6997113.797400506,g/vehicle-lifetime,vehicle_cycle_total_no_eol_credits
Car,1,35,150,Class 8 Sleeper-Cab Trucks,3,17,False,inputs/0_external_models/R&D GREET2025_Rev1/R&D GREET1_2025_Rev1.xlsm,inputs/0_external_models/R&D GREET2025_Rev1/R&D GREET2_2025_Rev1.xlsm,3abed15be3442b25b66c7d991ce4ea89fd1fe534af930ae772e419241f0d976f,2be89abd169eba7180c0ca41102461682fc258a38ea143c5544bfd051ed03384,2025,2020,argonne_rd_greet_2025_rev1,road_vehicle_cycle_emissions,ldv,Car,Vehi_Sum,F201,A201,1.7) EV: Conventional Material,bev,conventional,CH4,16105.310638946912,g/vehicle-lifetime,vehicle_cycle_total_no_eol_credits
Car,1,35,150,Class 8 Sleeper-Cab Trucks,3,17,False,inputs/0_external_models/R&D GREET2025_Rev1/R&D GREET1_2025_Rev1.xlsm,inputs/0_external_models/R&D GREET2025_Rev1/R&D GREET2_2025_Rev1.xlsm,3abed15be3442b25b66c7d991ce4ea89fd1fe534af930ae772e419241f0d976f,2be89abd169eba7180c0ca41102461682fc258a38ea143c5544bfd051ed03384,2025,2020,argonne_rd_greet_2025_rev1,road_vehicle_cycle_emissions,ldv,Car,Vehi_Sum,F202,A202,1.7) EV: Conventional Material,bev,conventional,N2O,232.53862139871126,g/vehicle-lifetime,vehicle_cycle_total_no_eol_credits
Car,1,35,150,Class 8 Sleeper-Cab Trucks,3,17,False,inputs/0_external_models/R&D GREET2025_Rev1/R&D GREET1_2025_Rev1.xlsm,inputs/0_external_models/R&D GREET2025_Rev1/R&D GREET2_2025_Rev1.xlsm,3abed15be3442b25b66c7d991ce4ea89fd1fe534af930ae772e419241f0d976f,2be89abd169eba7180c0ca41102461682fc258a38ea143c5544bfd051ed03384,2025,2020,argonne_rd_greet_2025_rev1,road_vehicle_cycle_emissions,ldv,Car,Vehi_Sum,F230,A230,1.8) EV: Lightweight Material,bev,lightweight,CO2,10146193.900298487,g/vehicle-lifetime,vehicle_cycle_total_no_eol_credits
Car,1,35,150,Class 8 Sleeper-Cab Trucks,3,17,False,inputs/0_external_models/R&D GREET2025_Rev1/R&D GREET1_2025_Rev1.xlsm,inputs/0_external_models/R&D GREET2025_Rev1/R&D GREET2_2025_Rev1.xlsm,3abed15be3442b25b66c7d991ce4ea89fd1fe534af930ae772e419241f0d976f,2be89abd169eba7180c0ca41102461682fc258a38ea143c5544bfd051ed03384,2025,2020,argonne_rd_greet_2025_rev1,road_vehicle_cycle_emissions,ldv,Car,Vehi_Sum,F232,A232,1.8) EV: Lightweight Material,bev,lightweight,CH4,23259.63678750927,g/vehicle-lifetime,vehicle_cycle_total_no_eol_credits
Car,1,35,150,Class 8 Sleeper-Cab Trucks,3,17,False,inputs/0_external_models/R&D GREET2025_Rev1/R&D GREET1_2025_Rev1.xlsm,inputs/0_external_models/R&D GREET2025_Rev1/R&D GREET2_2025_Rev1.xlsm,3abed15be3442b25b66c7d991ce4ea89fd1fe534af930ae772e419241f0d976f,2be89abd169eba7180c0ca41102461682fc258a38ea143c5544bfd051ed03384,2025,2020,argonne_rd_greet_2025_rev1,road_vehicle_cycle_emissions,ldv,Car,Vehi_Sum,F233,A233,1.8) EV: Lightweight Material,bev,lightweight,N2O,363.35261548723525,g/vehicle-lifetime,vehicle_cycle_total_no_eol_credits
Car,1,35,150,Class 8 Sleeper-Cab Trucks,3,17,False,inputs/0_external_models/R&D GREET2025_Rev1/R&D GREET1_2025_Rev1.xlsm,inputs/0_external_models/R&D GREET2025_Rev1/R&D GREET2_2025_Rev1.xlsm,3abed15be3442b25b66c7d991ce4ea89fd1fe534af930ae772e419241f0d976f,2be89abd169eba7180c0ca41102461682fc258a38ea143c5544bfd051ed03384,2025,2020,argonne_rd_greet_2025_rev1,road_vehicle_cycle_emissions,ldv,Car,Vehi_Sum,F261,A261,1.9) FCV: Conventional Material,fcev,conventional,CO2,6640504.807219377,g/vehicle-lifetime,vehicle_cycle_total_no_eol_credits
Car,1,35,150,Class 8 Sleeper-Cab Trucks,3,17,False,inputs/0_external_models/R&D GREET2025_Rev1/R&D GREET1_2025_Rev1.xlsm,inputs/0_external_models/R&D GREET2025_Rev1/R&D GREET2_2025_Rev1.xlsm,3abed15be3442b25b66c7d991ce4ea89fd1fe534af930ae772e419241f0d976f,2be89abd169eba7180c0ca41102461682fc258a38ea143c5544bfd051ed03384,2025,2020,argonne_rd_greet_2025_rev1,road_vehicle_cycle_emissions,ldv,Car,Vehi_Sum,F263,A263,1.9) FCV: Conventional Material,fcev,conventional,CH4,15837.295234170055,g/vehicle-lifetime,vehicle_cycle_total_no_eol_credits
Car,1,35,150,Class 8 Sleeper-Cab Trucks,3,17,False,inputs/0_external_models/R&D GREET2025_Rev1/R&D GREET1_2025_Rev1.xlsm,inputs/0_external_models/R&D GREET2025_Rev1/R&D GREET2_2025_Rev1.xlsm,3abed15be3442b25b66c7d991ce4ea89fd1fe534af930ae772e419241f0d976f,2be89abd169eba7180c0ca41102461682fc258a38ea143c5544bfd051ed03384,2025,2020,argonne_rd_greet_2025_rev1,road_vehicle_cycle_emissions,ldv,Car,Vehi_Sum,F264,A264,1.9) FCV: Conventional Material,fcev,conventional,N2O,247.74077033456757,g/vehicle-lifetime,vehicle_cycle_total_no_eol_credits
Car,1,35,150,Class 8 Sleeper-Cab Trucks,3,17,False,inputs/0_external_models/R&D GREET2025_Rev1/R&D GREET1_2025_Rev1.xlsm,inputs/0_external_models/R&D GREET2025_Rev1/R&D GREET2_2025_Rev1.xlsm,3abed15be3442b25b66c7d991ce4ea89fd1fe534af930ae772e419241f0d976f,2be89abd169eba7180c0ca41102461682fc258a38ea143c5544bfd051ed03384,2025,2020,argonne_rd_greet_2025_rev1,road_vehicle_cycle_emissions,ldv,Car,Vehi_Sum,F292,A292,1.10) FCV: Lightweight Material,fcev,lightweight,CO2,8018085.243384266,g/vehicle-lifetime,vehicle_cycle_total_no_eol_credits
Car,1,35,150,Class 8 Sleeper-Cab Trucks,3,17,False,inputs/0_external_models/R&D GREET2025_Rev1/R&D GREET1_2025_Rev1.xlsm,inputs/0_external_models/R&D GREET2025_Rev1/R&D GREET2_2025_Rev1.xlsm,3abed15be3442b25b66c7d991ce4ea89fd1fe534af930ae772e419241f0d976f,2be89abd169eba7180c0ca41102461682fc258a38ea143c5544bfd051ed03384,2025,2020,argonne_rd_greet_2025_rev1,road_vehicle_cycle_emissions,ldv,Car,Vehi_Sum,F294,A294,1.10) FCV: Lightweight Material,fcev,lightweight,CH4,20647.121453632015,g/vehicle-lifetime,vehicle_cycle_total_no_eol_credits
Car,1,35,150,Class 8 Sleeper-Cab Trucks,3,17,False,inputs/0_external_models/R&D GREET2025_Rev1/R&D GREET1_2025_Rev1.xlsm,inputs/0_external_models/R&D GREET2025_Rev1/R&D GREET2_2025_Rev1.xlsm,3abed15be3442b25b66c7d991ce4ea89fd1fe534af930ae772e419241f0d976f,2be89abd169eba7180c0ca41102461682fc258a38ea143c5544bfd051ed03384,2025,2020,argonne_rd_greet_2025_rev1,road_vehicle_cycle_emissions,ldv,Car,Vehi_Sum,F295,A295,1.10) FCV: Lightweight Material,fcev,lightweight,N2O,299.8785611268483,g/vehicle-lifetime,vehicle_cycle_total_no_eol_credits
Car,1,35,150,Class 8 Sleeper-Cab Trucks,3,17,False,inputs/0_external_models/R&D GREET2025_Rev1/R&D GREET1_2025_Rev1.xlsm,inputs/0_external_models/R&D GREET2025_Rev1/R&D GREET2_2025_Rev1.xlsm,3abed15be3442b25b66c7d991ce4ea89fd1fe534af930ae772e419241f0d976f,2be89abd169eba7180c0ca41102461682fc258a38ea143c5544bfd051ed03384,2025,2020,argonne_rd_greet_2025_rev1,road_vehicle_cycle_emissions,mhdv,Class 8 Sleeper-Cab Trucks,MHDV_Sum,G13,A13,1.1) ICEV,icev,none,CO2,64390889.8714785,g/vehicle-lifetime,vehicle_cycle_total_no_eol_credits
Car,1,35,150,Class 8 Sleeper-Cab Trucks,3,17,False,inputs/0_external_models/R&D GREET2025_Rev1/R&D GREET1_2025_Rev1.xlsm,inputs/0_external_models/R&D GREET2025_Rev1/R&D GREET2_2025_Rev1.xlsm,3abed15be3442b25b66c7d991ce4ea89fd1fe534af930ae772e419241f0d976f,2be89abd169eba7180c0ca41102461682fc258a38ea143c5544bfd051ed03384,2025,2020,argonne_rd_greet_2025_rev1,road_vehicle_cycle_emissions,mhdv,Class 8 Sleeper-Cab Trucks,MHDV_Sum,G15,A15,1.1) ICEV,icev,none,CH4,118816.90530500932,g/vehicle-lifetime,vehicle_cycle_total_no_eol_credits
Car,1,35,150,Class 8 Sleeper-Cab Trucks,3,17,False,inputs/0_external_models/R&D GREET2025_Rev1/R&D GREET1_2025_Rev1.xlsm,inputs/0_external_models/R&D GREET2025_Rev1/R&D GREET2_2025_Rev1.xlsm,3abed15be3442b25b66c7d991ce4ea89fd1fe534af930ae772e419241f0d976f,2be89abd169eba7180c0ca41102461682fc258a38ea143c5544bfd051ed03384,2025,2020,argonne_rd_greet_2025_rev1,road_vehicle_cycle_emissions,mhdv,Class 8 Sleeper-Cab Trucks,MHDV_Sum,G16,A16,1.1) ICEV,icev,none,N2O,1258.1657161008945,g/vehicle-lifetime,vehicle_cycle_total_no_eol_credits
Car,1,35,150,Class 8 Sleeper-Cab Trucks,3,17,False,inputs/0_external_models/R&D GREET2025_Rev1/R&D GREET1_2025_Rev1.xlsm,inputs/0_external_models/R&D GREET2025_Rev1/R&D GREET2_2025_Rev1.xlsm,3abed15be3442b25b66c7d991ce4ea89fd1fe534af930ae772e419241f0d976f,2be89abd169eba7180c0ca41102461682fc258a38ea143c5544bfd051ed03384,2025,2020,argonne_rd_greet_2025_rev1,road_vehicle_cycle_emissions,mhdv,Class 8 Sleeper-Cab Trucks,MHDV_Sum,G44,A44,1.2) HEV,hev,none,CO2,65692210.23913105,g/vehicle-lifetime,vehicle_cycle_total_no_eol_credits
Car,1,35,150,Class 8 Sleeper-Cab Trucks,3,17,False,inputs/0_external_models/R&D GREET2025_Rev1/R&D GREET1_2025_Rev1.xlsm,inputs/0_external_models/R&D GREET2025_Rev1/R&D GREET2_2025_Rev1.xlsm,3abed15be3442b25b66c7d991ce4ea89fd1fe534af930ae772e419241f0d976f,2be89abd169eba7180c0ca41102461682fc258a38ea143c5544bfd051ed03384,2025,2020,argonne_rd_greet_2025_rev1,road_vehicle_cycle_emissions,mhdv,Class 8 Sleeper-Cab Trucks,MHDV_Sum,G46,A46,1.2) HEV,hev,none,CH4,121269.46140720778,g/vehicle-lifetime,vehicle_cycle_total_no_eol_credits
Car,1,35,150,Class 8 Sleeper-Cab Trucks,3,17,False,inputs/0_external_models/R&D GREET2025_Rev1/R&D GREET1_2025_Rev1.xlsm,inputs/0_external_models/R&D GREET2025_Rev1/R&D GREET2_2025_Rev1.xlsm,3abed15be3442b25b66c7d991ce4ea89fd1fe534af930ae772e419241f0d976f,2be89abd169eba7180c0ca41102461682fc258a38ea143c5544bfd051ed03384,2025,2020,argonne_rd_greet_2025_rev1,road_vehicle_cycle_emissions,mhdv,Class 8 Sleeper-Cab Trucks,MHDV_Sum,G47,A47,1.2) HEV,hev,none,N2O,1325.8178577550475,g/vehicle-lifetime,vehicle_cycle_total_no_eol_credits
Car,1,35,150,Class 8 Sleeper-Cab Trucks,3,17,False,inputs/0_external_models/R&D GREET2025_Rev1/R&D GREET1_2025_Rev1.xlsm,inputs/0_external_models/R&D GREET2025_Rev1/R&D GREET2_2025_Rev1.xlsm,3abed15be3442b25b66c7d991ce4ea89fd1fe534af930ae772e419241f0d976f,2be89abd169eba7180c0ca41102461682fc258a38ea143c5544bfd051ed03384,2025,2020,argonne_rd_greet_2025_rev1,road_vehicle_cycle_emissions,mhdv,Class 8 Sleeper-Cab Trucks,MHDV_Sum,G75,A75,1.3) EV,bev,none,CO2,223355505.94446898,g/vehicle-lifetime,vehicle_cycle_total_no_eol_credits
Car,1,35,150,Class 8 Sleeper-Cab Trucks,3,17,False,inputs/0_external_models/R&D GREET2025_Rev1/R&D GREET1_2025_Rev1.xlsm,inputs/0_external_models/R&D GREET2025_Rev1/R&D GREET2_2025_Rev1.xlsm,3abed15be3442b25b66c7d991ce4ea89fd1fe534af930ae772e419241f0d976f,2be89abd169eba7180c0ca41102461682fc258a38ea143c5544bfd051ed03384,2025,2020,argonne_rd_greet_2025_rev1,road_vehicle_cycle_emissions,mhdv,Class 8 Sleeper-Cab Trucks,MHDV_Sum,G77,A77,1.3) EV,bev,none,CH4,425776.42402300535,g/vehicle-lifetime,vehicle_cycle_total_no_eol_credits
Car,1,35,150,Class 8 Sleeper-Cab Trucks,3,17,False,inputs/0_external_models/R&D GREET2025_Rev1/R&D GREET1_2025_Rev1.xlsm,inputs/0_external_models/R&D GREET2025_Rev1/R&D GREET2_2025_Rev1.xlsm,3abed15be3442b25b66c7d991ce4ea89fd1fe534af930ae772e419241f0d976f,2be89abd169eba7180c0ca41102461682fc258a38ea143c5544bfd051ed03384,2025,2020,argonne_rd_greet_2025_rev1,road_vehicle_cycle_emissions,mhdv,Class 8 Sleeper-Cab Trucks,MHDV_Sum,G78,A78,1.3) EV,bev,none,N2O,5699.3599969166535,g/vehicle-lifetime,vehicle_cycle_total_no_eol_credits
Car,1,35,150,Class 8 Sleeper-Cab Trucks,3,17,False,inputs/0_external_models/R&D GREET2025_Rev1/R&D GREET1_2025_Rev1.xlsm,inputs/0_external_models/R&D GREET2025_Rev1/R&D GREET2_2025_Rev1.xlsm,3abed15be3442b25b66c7d991ce4ea89fd1fe534af930ae772e419241f0d976f,2be89abd169eba7180c0ca41102461682fc258a38ea143c5544bfd051ed03384,2025,2020,argonne_rd_greet_2025_rev1,road_vehicle_cycle_emissions,mhdv,Class 8 Sleeper-Cab Trucks,MHDV_Sum,G106,A106,1.4) FCV,fcev,none,CO2,83220408.32182185,g/vehicle-lifetime,vehicle_cycle_total_no_eol_credits
Car,1,35,150,Class 8 Sleeper-Cab Trucks,3,17,False,inputs/0_external_models/R&D GREET2025_Rev1/R&D GREET1_2025_Rev1.xlsm,inputs/0_external_models/R&D GREET2025_Rev1/R&D GREET2_2025_Rev1.xlsm,3abed15be3442b25b66c7d991ce4ea89fd1fe534af930ae772e419241f0d976f,2be89abd169eba7180c0ca41102461682fc258a38ea143c5544bfd051ed03384,2025,2020,argonne_rd_greet_2025_rev1,road_vehicle_cycle_emissions,mhdv,Class 8 Sleeper-Cab Trucks,MHDV_Sum,G108,A108,1.4) FCV,fcev,none,CH4,169590.46832014137,g/vehicle-lifetime,vehicle_cycle_total_no_eol_credits
Car,1,35,150,Class 8 Sleeper-Cab Trucks,3,17,False,inputs/0_external_models/R&D GREET2025_Rev1/R&D GREET1_2025_Rev1.xlsm,inputs/0_external_models/R&D GREET2025_Rev1/R&D GREET2_2025_Rev1.xlsm,3abed15be3442b25b66c7d991ce4ea89fd1fe534af930ae772e419241f0d976f,2be89abd169eba7180c0ca41102461682fc258a38ea143c5544bfd051ed03384,2025,2020,argonne_rd_greet_2025_rev1,road_vehicle_cycle_emissions,mhdv,Class 8 Sleeper-Cab Trucks,MHDV_Sum,G109,A109,1.4) FCV,fcev,none,N2O,1836.7413579675035,g/vehicle-lifetime,vehicle_cycle_total_no_eol_credits
Pickup,3,50,400,Class 8 Sleeper-Cab Trucks,3,18,False,inputs/0_external_models/R&D GREET2025_Rev1/R&D GREET1_2025_Rev1.xlsm,inputs/0_external_models/R&D GREET2025_Rev1/R&D GREET2_2025_Rev1.xlsm,3abed15be3442b25b66c7d991ce4ea89fd1fe534af930ae772e419241f0d976f,2be89abd169eba7180c0ca41102461682fc258a38ea143c5544bfd051ed03384,2025,2020,argonne_rd_greet_2025_rev1,road_vehicle_cycle_emissions,ldv,Pickup,Vehi_Sum,F13,A13,1.1) ICEV: Conventional Material,icev,conventional,CO2,7774236.7253884645,g/vehicle-lifetime,vehicle_cycle_total_no_eol_credits
Pickup,3,50,400,Class 8 Sleeper-Cab Trucks,3,18,False,inputs/0_external_models/R&D GREET2025_Rev1/R&D GREET1_2025_Rev1.xlsm,inputs/0_external_models/R&D GREET2025_Rev1/R&D GREET2_2025_Rev1.xlsm,3abed15be3442b25b66c7d991ce4ea89fd1fe534af930ae772e419241f0d976f,2be89abd169eba7180c0ca41102461682fc258a38ea143c5544bfd051ed03384,2025,2020,argonne_rd_greet_2025_rev1,road_vehicle_cycle_emissions,ldv,Pickup,Vehi_Sum,F15,A15,1.1) ICEV: Conventional Material,icev,conventional,CH4,16934.044118895916,g/vehicle-lifetime,vehicle_cycle_total_no_eol_credits
Pickup,3,50,400,Class 8 Sleeper-Cab Trucks,3,18,False,inputs/0_external_models/R&D GREET2025_Rev1/R&D GREET1_2025_Rev1.xlsm,inputs/0_external_models/R&D GREET2025_Rev1/R&D GREET2_2025_Rev1.xlsm,3abed15be3442b25b66c7d991ce4ea89fd1fe534af930ae772e419241f0d976f,2be89abd169eba7180c0ca41102461682fc258a38ea143c5544bfd051ed03384,2025,2020,argonne_rd_greet_2025_rev1,road_vehicle_cycle_emissions,ldv,Pickup,Vehi_Sum,F16,A16,1.1) ICEV: Conventional Material,icev,conventional,N2O,206.2719833113104,g/vehicle-lifetime,vehicle_cycle_total_no_eol_credits
Pickup,3,50,400,Class 8 Sleeper-Cab Trucks,3,18,False,inputs/0_external_models/R&D GREET2025_Rev1/R&D GREET1_2025_Rev1.xlsm,inputs/0_external_models/R&D GREET2025_Rev1/R&D GREET2_2025_Rev1.xlsm,3abed15be3442b25b66c7d991ce4ea89fd1fe534af930ae772e419241f0d976f,2be89abd169eba7180c0ca41102461682fc258a38ea143c5544bfd051ed03384,2025,2020,argonne_rd_greet_2025_rev1,road_vehicle_cycle_emissions,ldv,Pickup,Vehi_Sum,F44,A44,1.2) ICEV: Lightweight Material,icev,lightweight,CO2,9098407.91457885,g/vehicle-lifetime,vehicle_cycle_total_no_eol_credits
Pickup,3,50,400,Class 8 Sleeper-Cab Trucks,3,18,False,inputs/0_external_models/R&D GREET2025_Rev1/R&D GREET1_2025_Rev1.xlsm,inputs/0_external_models/R&D GREET2025_Rev1/R&D GREET2_2025_Rev1.xlsm,3abed15be3442b25b66c7d991ce4ea89fd1fe534af930ae772e419241f0d976f,2be89abd169eba7180c0ca41102461682fc258a38ea143c5544bfd051ed03384,2025,2020,argonne_rd_greet_2025_rev1,road_vehicle_cycle_emissions,ldv,Pickup,Vehi_Sum,F46,A46,1.2) ICEV: Lightweight Material,icev,lightweight,CH4,22034.551148893734,g/vehicle-lifetime,vehicle_cycle_total_no_eol_credits
Pickup,3,50,400,Class 8 Sleeper-Cab Trucks,3,18,False,inputs/0_external_models/R&D GREET2025_Rev1/R&D GREET1_2025_Rev1.xlsm,inputs/0_external_models/R&D GREET2025_Rev1/R&D GREET2_2025_Rev1.xlsm,3abed15be3442b25b66c7d991ce4ea89fd1fe534af930ae772e419241f0d976f,2be89abd169eba7180c0ca41102461682fc258a38ea143c5544bfd051ed03384,2025,2020,argonne_rd_greet_2025_rev1,road_vehicle_cycle_emissions,ldv,Pickup,Vehi_Sum,F47,A47,1.2) ICEV: Lightweight Material,icev,lightweight,N2O,264.34231230117746,g/vehicle-lifetime,vehicle_cycle_total_no_eol_credits
Pickup,3,50,400,Class 8 Sleeper-Cab Trucks,3,18,False,inputs/0_external_models/R&D GREET2025_Rev1/R&D GREET1_2025_Rev1.xlsm,inputs/0_external_models/R&D GREET2025_Rev1/R&D GREET2_2025_Rev1.xlsm,3abed15be3442b25b66c7d991ce4ea89fd1fe534af930ae772e419241f0d976f,2be89abd169eba7180c0ca41102461682fc258a38ea143c5544bfd051ed03384,2025,2020,argonne_rd_greet_2025_rev1,road_vehicle_cycle_emissions,ldv,Pickup,Vehi_Sum,F75,A75,1.3) HEV: Conventional Material,hev,conventional,CO2,8270697.750247803,g/vehicle-lifetime,vehicle_cycle_total_no_eol_credits
Pickup,3,50,400,Class 8 Sleeper-Cab Trucks,3,18,False,inputs/0_external_models/R&D GREET2025_Rev1/R&D GREET1_2025_Rev1.xlsm,inputs/0_external_models/R&D GREET2025_Rev1/R&D GREET2_2025_Rev1.xlsm,3abed15be3442b25b66c7d991ce4ea89fd1fe534af930ae772e419241f0d976f,2be89abd169eba7180c0ca41102461682fc258a38ea143c5544bfd051ed03384,2025,2020,argonne_rd_greet_2025_rev1,road_vehicle_cycle_emissions,ldv,Pickup,Vehi_Sum,F77,A77,1.3) HEV: Conventional Material,hev,conventional,CH4,18394.87483098219,g/vehicle-lifetime,vehicle_cycle_total_no_eol_credits
Pickup,3,50,400,Class 8 Sleeper-Cab Trucks,3,18,False,inputs/0_external_models/R&D GREET2025_Rev1/R&D GREET1_2025_Rev1.xlsm,inputs/0_external_models/R&D GREET2025_Rev1/R&D GREET2_2025_Rev1.xlsm,3abed15be3442b25b66c7d991ce4ea89fd1fe534af930ae772e419241f0d976f,2be89abd169eba7180c0ca41102461682fc258a38ea143c5544bfd051ed03384,2025,2020,argonne_rd_greet_2025_rev1,road_vehicle_cycle_emissions,ldv,Pickup,Vehi_Sum,F78,A78,1.3) HEV: Conventional Material,hev,conventional,N2O,293.7122841565559,g/vehicle-lifetime,vehicle_cycle_total_no_eol_credits
Pickup,3,50,400,Class 8 Sleeper-Cab Trucks,3,18,False,inputs/0_external_models/R&D GREET2025_Rev1/R&D GREET1_2025_Rev1.xlsm,inputs/0_external_models/R&D GREET2025_Rev1/R&D GREET2_2025_Rev1.xlsm,3abed15be3442b25b66c7d991ce4ea89fd1fe534af930ae772e419241f0d976f,2be89abd169eba7180c0ca41102461682fc258a38ea143c5544bfd051ed03384,2025,2020,argonne_rd_greet_2025_rev1,road_vehicle_cycle_emissions,ldv,Pickup,Vehi_Sum,F106,A106,1.4) HEV: Lightweight Material,hev,lightweight,CO2,9571205.478764633,g/vehicle-lifetime,vehicle_cycle_total_no_eol_credits
Pickup,3,50,400,Class 8 Sleeper-Cab Trucks,3,18,False,inputs/0_external_models/R&D GREET2025_Rev1/R&D GREET1_2025_Rev1.xlsm,inputs/0_external_models/R&D GREET2025_Rev1/R&D GREET2_2025_Rev1.xlsm,3abed15be3442b25b66c7d991ce4ea89fd1fe534af930ae772e419241f0d976f,2be89abd169eba7180c0ca41102461682fc258a38ea143c5544bfd051ed03384,2025,2020,argonne_rd_greet_2025_rev1,road_vehicle_cycle_emissions,ldv,Pickup,Vehi_Sum,F108,A108,1.4) HEV: Lightweight Material,hev,lightweight,CH4,22836.86430532247,g/vehicle-lifetime,vehicle_cycle_total_no_eol_credits
Pickup,3,50,400,Class 8 Sleeper-Cab Trucks,3,18,False,inputs/0_external_models/R&D GREET2025_Rev1/R&D GREET1_2025_Rev1.xlsm,inputs/0_external_models/R&D GREET2025_Rev1/R&D GREET2_2025_Rev1.xlsm,3abed15be3442b25b66c7d991ce4ea89fd1fe534af930ae772e419241f0d976f,2be89abd169eba7180c0ca41102461682fc258a38ea143c5544bfd051ed03384,2025,2020,argonne_rd_greet_2025_rev1,road_vehicle_cycle_emissions,ldv,Pickup,Vehi_Sum,F109,A109,1.4) HEV: Lightweight Material,hev,lightweight,N2O,343.0150523551762,g/vehicle-lifetime,vehicle_cycle_total_no_eol_credits
Pickup,3,50,400,Class 8 Sleeper-Cab Trucks,3,18,False,inputs/0_external_models/R&D GREET2025_Rev1/R&D GREET1_2025_Rev1.xlsm,inputs/0_external_models/R&D GREET2025_Rev1/R&D GREET2_2025_Rev1.xlsm,3abed15be3442b25b66c7d991ce4ea89fd1fe534af930ae772e419241f0d976f,2be89abd169eba7180c0ca41102461682fc258a38ea143c5544bfd051ed03384,2025,2020,argonne_rd_greet_2025_rev1,road_vehicle_cycle_emissions,ldv,Pickup,Vehi_Sum,F137,A137,1.5) PHEV: Conventional Material,phev,conventional,CO2,9634578.44325072,g/vehicle-lifetime,vehicle_cycle_total_no_eol_credits
Pickup,3,50,400,Class 8 Sleeper-Cab Trucks,3,18,False,inputs/0_external_models/R&D GREET2025_Rev1/R&D GREET1_2025_Rev1.xlsm,inputs/0_external_models/R&D GREET2025_Rev1/R&D GREET2_2025_Rev1.xlsm,3abed15be3442b25b66c7d991ce4ea89fd1fe534af930ae772e419241f0d976f,2be89abd169eba7180c0ca41102461682fc258a38ea143c5544bfd051ed03384,2025,2020,argonne_rd_greet_2025_rev1,road_vehicle_cycle_emissions,ldv,Pickup,Vehi_Sum,F139,A139,1.5) PHEV: Conventional Material,phev,conventional,CH4,20908.421844537774,g/vehicle-lifetime,vehicle_cycle_total_no_eol_credits
Pickup,3,50,400,Class 8 Sleeper-Cab Trucks,3,18,False,inputs/0_external_models/R&D GREET2025_Rev1/R&D GREET1_2025_Rev1.xlsm,inputs/0_external_models/R&D GREET2025_Rev1/R&D GREET2_2025_Rev1.xlsm,3abed15be3442b25b66c7d991ce4ea89fd1fe534af930ae772e419241f0d976f,2be89abd169eba7180c0ca41102461682fc258a38ea143c5544bfd051ed03384,2025,2020,argonne_rd_greet_2025_rev1,road_vehicle_cycle_emissions,ldv,Pickup,Vehi_Sum,F140,A140,1.5) PHEV: Conventional Material,phev,conventional,N2O,287.66796664663235,g/vehicle-lifetime,vehicle_cycle_total_no_eol_credits
Pickup,3,50,400,Class 8 Sleeper-Cab Trucks,3,18,False,inputs/0_external_models/R&D GREET2025_Rev1/R&D GREET1_2025_Rev1.xlsm,inputs/0_external_models/R&D GREET2025_Rev1/R&D GREET2_2025_Rev1.xlsm,3abed15be3442b25b66c7d991ce4ea89fd1fe534af930ae772e419241f0d976f,2be89abd169eba7180c0ca41102461682fc258a38ea143c5544bfd051ed03384,2025,2020,argonne_rd_greet_2025_rev1,road_vehicle_cycle_emissions,ldv,Pickup,Vehi_Sum,F168,A168,1.6) PHEV: Lightweight Material,phev,lightweight,CO2,10421607.843976943,g/vehicle-lifetime,vehicle_cycle_total_no_eol_credits
Pickup,3,50,400,Class 8 Sleeper-Cab Trucks,3,18,False,inputs/0_external_models/R&D GREET2025_Rev1/R&D GREET1_2025_Rev1.xlsm,inputs/0_external_models/R&D GREET2025_Rev1/R&D GREET2_2025_Rev1.xlsm,3abed15be3442b25b66c7d991ce4ea89fd1fe534af930ae772e419241f0d976f,2be89abd169eba7180c0ca41102461682fc258a38ea143c5544bfd051ed03384,2025,2020,argonne_rd_greet_2025_rev1,road_vehicle_cycle_emissions,ldv,Pickup,Vehi_Sum,F170,A170,1.6) PHEV: Lightweight Material,phev,lightweight,CH4,24144.841924388093,g/vehicle-lifetime,vehicle_cycle_total_no_eol_credits
Pickup,3,50,400,Class 8 Sleeper-Cab Trucks,3,18,False,inputs/0_external_models/R&D GREET2025_Rev1/R&D GREET1_2025_Rev1.xlsm,inputs/0_external_models/R&D GREET2025_Rev1/R&D GREET2_2025_Rev1.xlsm,3abed15be3442b25b66c7d991ce4ea89fd1fe534af930ae772e419241f0d976f,2be89abd169eba7180c0ca41102461682fc258a38ea143c5544bfd051ed03384,2025,2020,argonne_rd_greet_2025_rev1,road_vehicle_cycle_emissions,ldv,Pickup,Vehi_Sum,F171,A171,1.6) PHEV: Lightweight Material,phev,lightweight,N2O,325.46812187900565,g/vehicle-lifetime,vehicle_cycle_total_no_eol_credits
Pickup,3,50,400,Class 8 Sleeper-Cab Trucks,3,18,False,inputs/0_external_models/R&D GREET2025_Rev1/R&D GREET1_2025_Rev1.xlsm,inputs/0_external_models/R&D GREET2025_Rev1/R&D GREET2_2025_Rev1.xlsm,3abed15be3442b25b66c7d991ce4ea89fd1fe534af930ae772e419241f0d976f,2be89abd169eba7180c0ca41102461682fc258a38ea143c5544bfd051ed03384,2025,2020,argonne_rd_greet_2025_rev1,road_vehicle_cycle_emissions,ldv,Pickup,Vehi_Sum,F199,A199,1.7) EV: Conventional Material,bev,conventional,CO2,18294237.353040945,g/vehicle-lifetime,vehicle_cycle_total_no_eol_credits
Pickup,3,50,400,Class 8 Sleeper-Cab Trucks,3,18,False,inputs/0_external_models/R&D GREET2025_Rev1/R&D GREET1_2025_Rev1.xlsm,inputs/0_external_models/R&D GREET2025_Rev1/R&D GREET2_2025_Rev1.xlsm,3abed15be3442b25b66c7d991ce4ea89fd1fe534af930ae772e419241f0d976f,2be89abd169eba7180c0ca41102461682fc258a38ea143c5544bfd051ed03384,2025,2020,argonne_rd_greet_2025_rev1,road_vehicle_cycle_emissions,ldv,Pickup,Vehi_Sum,F201,A201,1.7) EV: Conventional Material,bev,conventional,CH4,38689.98318321812,g/vehicle-lifetime,vehicle_cycle_total_no_eol_credits
Pickup,3,50,400,Class 8 Sleeper-Cab Trucks,3,18,False,inputs/0_external_models/R&D GREET2025_Rev1/R&D GREET1_2025_Rev1.xlsm,inputs/0_external_models/R&D GREET2025_Rev1/R&D GREET2_2025_Rev1.xlsm,3abed15be3442b25b66c7d991ce4ea89fd1fe534af930ae772e419241f0d976f,2be89abd169eba7180c0ca41102461682fc258a38ea143c5544bfd051ed03384,2025,2020,argonne_rd_greet_2025_rev1,road_vehicle_cycle_emissions,ldv,Pickup,Vehi_Sum,F202,A202,1.7) EV: Conventional Material,bev,conventional,N2O,545.5968430708313,g/vehicle-lifetime,vehicle_cycle_total_no_eol_credits
Pickup,3,50,400,Class 8 Sleeper-Cab Trucks,3,18,False,inputs/0_external_models/R&D GREET2025_Rev1/R&D GREET1_2025_Rev1.xlsm,inputs/0_external_models/R&D GREET2025_Rev1/R&D GREET2_2025_Rev1.xlsm,3abed15be3442b25b66c7d991ce4ea89fd1fe534af930ae772e419241f0d976f,2be89abd169eba7180c0ca41102461682fc258a38ea143c5544bfd051ed03384,2025,2020,argonne_rd_greet_2025_rev1,road_vehicle_cycle_emissions,ldv,Pickup,Vehi_Sum,F230,A230,1.8) EV: Lightweight Material,bev,lightweight,CO2,14120736.98821477,g/vehicle-lifetime,vehicle_cycle_total_no_eol_credits
Pickup,3,50,400,Class 8 Sleeper-Cab Trucks,3,18,False,inputs/0_external_models/R&D GREET2025_Rev1/R&D GREET1_2025_Rev1.xlsm,inputs/0_external_models/R&D GREET2025_Rev1/R&D GREET2_2025_Rev1.xlsm,3abed15be3442b25b66c7d991ce4ea89fd1fe534af930ae772e419241f0d976f,2be89abd169eba7180c0ca41102461682fc258a38ea143c5544bfd051ed03384,2025,2020,argonne_rd_greet_2025_rev1,road_vehicle_cycle_emissions,ldv,Pickup,Vehi_Sum,F232,A232,1.8) EV: Lightweight Material,bev,lightweight,CH4,31393.787132435147,g/vehicle-lifetime,vehicle_cycle_total_no_eol_credits
Pickup,3,50,400,Class 8 Sleeper-Cab Trucks,3,18,False,inputs/0_external_models/R&D GREET2025_Rev1/R&D GREET1_2025_Rev1.xlsm,inputs/0_external_models/R&D GREET2025_Rev1/R&D GREET2_2025_Rev1.xlsm,3abed15be3442b25b66c7d991ce4ea89fd1fe534af930ae772e419241f0d976f,2be89abd169eba7180c0ca41102461682fc258a38ea143c5544bfd051ed03384,2025,2020,argonne_rd_greet_2025_rev1,road_vehicle_cycle_emissions,ldv,Pickup,Vehi_Sum,F233,A233,1.8) EV: Lightweight Material,bev,lightweight,N2O,462.35365249516246,g/vehicle-lifetime,vehicle_cycle_total_no_eol_credits
Pickup,3,50,400,Class 8 Sleeper-Cab Trucks,3,18,False,inputs/0_external_models/R&D GREET2025_Rev1/R&D GREET1_2025_Rev1.xlsm,inputs/0_external_models/R&D GREET2025_Rev1/R&D GREET2_2025_Rev1.xlsm,3abed15be3442b25b66c7d991ce4ea89fd1fe534af930ae772e419241f0d976f,2be89abd169eba7180c0ca41102461682fc258a38ea143c5544bfd051ed03384,2025,2020,argonne_rd_greet_2025_rev1,road_vehicle_cycle_emissions,ldv,Pickup,Vehi_Sum,F261,A261,1.9) FCV: Conventional Material,fcev,conventional,CO2,9339393.984336438,g/vehicle-lifetime,vehicle_cycle_total_no_eol_credits
Pickup,3,50,400,Class 8 Sleeper-Cab Trucks,3,18,False,inputs/0_external_models/R&D GREET2025_Rev1/R&D GREET1_2025_Rev1.xlsm,inputs/0_external_models/R&D GREET2025_Rev1/R&D GREET2_2025_Rev1.xlsm,3abed15be3442b25b66c7d991ce4ea89fd1fe534af930ae772e419241f0d976f,2be89abd169eba7180c0ca41102461682fc258a38ea143c5544bfd051ed03384,2025,2020,argonne_rd_greet_2025_rev1,road_vehicle_cycle_emissions,ldv,Pickup,Vehi_Sum,F263,A263,1.9) FCV: Conventional Material,fcev,conventional,CH4,21844.637994938686,g/vehicle-lifetime,vehicle_cycle_total_no_eol_credits
Pickup,3,50,400,Class 8 Sleeper-Cab Trucks,3,18,False,inputs/0_external_models/R&D GREET2025_Rev1/R&D GREET1_2025_Rev1.xlsm,inputs/0_external_models/R&D GREET2025_Rev1/R&D GREET2_2025_Rev1.xlsm,3abed15be3442b25b66c7d991ce4ea89fd1fe534af930ae772e419241f0d976f,2be89abd169eba7180c0ca41102461682fc258a38ea143c5544bfd051ed03384,2025,2020,argonne_rd_greet_2025_rev1,road_vehicle_cycle_emissions,ldv,Pickup,Vehi_Sum,F264,A264,1.9) FCV: Conventional Material,fcev,conventional,N2O,311.74642460039706,g/vehicle-lifetime,vehicle_cycle_total_no_eol_credits
Pickup,3,50,400,Class 8 Sleeper-Cab Trucks,3,18,False,inputs/0_external_models/R&D GREET2025_Rev1/R&D GREET1_2025_Rev1.xlsm,inputs/0_external_models/R&D GREET2025_Rev1/R&D GREET2_2025_Rev1.xlsm,3abed15be3442b25b66c7d991ce4ea89fd1fe534af930ae772e419241f0d976f,2be89abd169eba7180c0ca41102461682fc258a38ea143c5544bfd051ed03384,2025,2020,argonne_rd_greet_2025_rev1,road_vehicle_cycle_emissions,ldv,Pickup,Vehi_Sum,F292,A292,1.10) FCV: Lightweight Material,fcev,lightweight,CO2,11038429.975205246,g/vehicle-lifetime,vehicle_cycle_total_no_eol_credits
Pickup,3,50,400,Class 8 Sleeper-Cab Trucks,3,18,False,inputs/0_external_models/R&D GREET2025_Rev1/R&D GREET1_2025_Rev1.xlsm,inputs/0_external_models/R&D GREET2025_Rev1/R&D GREET2_2025_Rev1.xlsm,3abed15be3442b25b66c7d991ce4ea89fd1fe534af930ae772e419241f0d976f,2be89abd169eba7180c0ca41102461682fc258a38ea143c5544bfd051ed03384,2025,2020,argonne_rd_greet_2025_rev1,road_vehicle_cycle_emissions,ldv,Pickup,Vehi_Sum,F294,A294,1.10) FCV: Lightweight Material,fcev,lightweight,CH4,27629.935533285337,g/vehicle-lifetime,vehicle_cycle_total_no_eol_credits
Pickup,3,50,400,Class 8 Sleeper-Cab Trucks,3,18,False,inputs/0_external_models/R&D GREET2025_Rev1/R&D GREET1_2025_Rev1.xlsm,inputs/0_external_models/R&D GREET2025_Rev1/R&D GREET2_2025_Rev1.xlsm,3abed15be3442b25b66c7d991ce4ea89fd1fe534af930ae772e419241f0d976f,2be89abd169eba7180c0ca41102461682fc258a38ea143c5544bfd051ed03384,2025,2020,argonne_rd_greet_2025_rev1,road_vehicle_cycle_emissions,ldv,Pickup,Vehi_Sum,F295,A295,1.10) FCV: Lightweight Material,fcev,lightweight,N2O,396.3824283494315,g/vehicle-lifetime,vehicle_cycle_total_no_eol_credits
Pickup,3,50,400,Class 8 Sleeper-Cab Trucks,3,18,False,inputs/0_external_models/R&D GREET2025_Rev1/R&D GREET1_2025_Rev1.xlsm,inputs/0_external_models/R&D GREET2025_Rev1/R&D GREET2_2025_Rev1.xlsm,3abed15be3442b25b66c7d991ce4ea89fd1fe534af930ae772e419241f0d976f,2be89abd169eba7180c0ca41102461682fc258a38ea143c5544bfd051ed03384,2025,2020,argonne_rd_greet_2025_rev1,road_vehicle_cycle_emissions,mhdv,Class 8 Sleeper-Cab Trucks,MHDV_Sum,G13,A13,1.1) ICEV,icev,none,CO2,64390889.8714785,g/vehicle-lifetime,vehicle_cycle_total_no_eol_credits
Pickup,3,50,400,Class 8 Sleeper-Cab Trucks,3,18,False,inputs/0_external_models/R&D GREET2025_Rev1/R&D GREET1_2025_Rev1.xlsm,inputs/0_external_models/R&D GREET2025_Rev1/R&D GREET2_2025_Rev1.xlsm,3abed15be3442b25b66c7d991ce4ea89fd1fe534af930ae772e419241f0d976f,2be89abd169eba7180c0ca41102461682fc258a38ea143c5544bfd051ed03384,2025,2020,argonne_rd_greet_2025_rev1,road_vehicle_cycle_emissions,mhdv,Class 8 Sleeper-Cab Trucks,MHDV_Sum,G15,A15,1.1) ICEV,icev,none,CH4,118816.90530500932,g/vehicle-lifetime,vehicle_cycle_total_no_eol_credits
Pickup,3,50,400,Class 8 Sleeper-Cab Trucks,3,18,False,inputs/0_external_models/R&D GREET2025_Rev1/R&D GREET1_2025_Rev1.xlsm,inputs/0_external_models/R&D GREET2025_Rev1/R&D GREET2_2025_Rev1.xlsm,3abed15be3442b25b66c7d991ce4ea89fd1fe534af930ae772e419241f0d976f,2be89abd169eba7180c0ca41102461682fc258a38ea143c5544bfd051ed03384,2025,2020,argonne_rd_greet_2025_rev1,road_vehicle_cycle_emissions,mhdv,Class 8 Sleeper-Cab Trucks,MHDV_Sum,G16,A16,1.1) ICEV,icev,none,N2O,1258.1657161008945,g/vehicle-lifetime,vehicle_cycle_total_no_eol_credits
Pickup,3,50,400,Class 8 Sleeper-Cab Trucks,3,18,False,inputs/0_external_models/R&D GREET2025_Rev1/R&D GREET1_2025_Rev1.xlsm,inputs/0_external_models/R&D GREET2025_Rev1/R&D GREET2_2025_Rev1.xlsm,3abed15be3442b25b66c7d991ce4ea89fd1fe534af930ae772e419241f0d976f,2be89abd169eba7180c0ca41102461682fc258a38ea143c5544bfd051ed03384,2025,2020,argonne_rd_greet_2025_rev1,road_vehicle_cycle_emissions,mhdv,Class 8 Sleeper-Cab Trucks,MHDV_Sum,G44,A44,1.2) HEV,hev,none,CO2,65692210.23913105,g/vehicle-lifetime,vehicle_cycle_total_no_eol_credits
Pickup,3,50,400,Class 8 Sleeper-Cab Trucks,3,18,False,inputs/0_external_models/R&D GREET2025_Rev1/R&D GREET1_2025_Rev1.xlsm,inputs/0_external_models/R&D GREET2025_Rev1/R&D GREET2_2025_Rev1.xlsm,3abed15be3442b25b66c7d991ce4ea89fd1fe534af930ae772e419241f0d976f,2be89abd169eba7180c0ca41102461682fc258a38ea143c5544bfd051ed03384,2025,2020,argonne_rd_greet_2025_rev1,road_vehicle_cycle_emissions,mhdv,Class 8 Sleeper-Cab Trucks,MHDV_Sum,G46,A46,1.2) HEV,hev,none,CH4,121269.46140720778,g/vehicle-lifetime,vehicle_cycle_total_no_eol_credits
Pickup,3,50,400,Class 8 Sleeper-Cab Trucks,3,18,False,inputs/0_external_models/R&D GREET2025_Rev1/R&D GREET1_2025_Rev1.xlsm,inputs/0_external_models/R&D GREET2025_Rev1/R&D GREET2_2025_Rev1.xlsm,3abed15be3442b25b66c7d991ce4ea89fd1fe534af930ae772e419241f0d976f,2be89abd169eba7180c0ca41102461682fc258a38ea143c5544bfd051ed03384,2025,2020,argonne_rd_greet_2025_rev1,road_vehicle_cycle_emissions,mhdv,Class 8 Sleeper-Cab Trucks,MHDV_Sum,G47,A47,1.2) HEV,hev,none,N2O,1325.8178577550475,g/vehicle-lifetime,vehicle_cycle_total_no_eol_credits
Pickup,3,50,400,Class 8 Sleeper-Cab Trucks,3,18,False,inputs/0_external_models/R&D GREET2025_Rev1/R&D GREET1_2025_Rev1.xlsm,inputs/0_external_models/R&D GREET2025_Rev1/R&D GREET2_2025_Rev1.xlsm,3abed15be3442b25b66c7d991ce4ea89fd1fe534af930ae772e419241f0d976f,2be89abd169eba7180c0ca41102461682fc258a38ea143c5544bfd051ed03384,2025,2020,argonne_rd_greet_2025_rev1,road_vehicle_cycle_emissions,mhdv,Class 8 Sleeper-Cab Trucks,MHDV_Sum,G75,A75,1.3) EV,bev,none,CO2,223355505.94446898,g/vehicle-lifetime,vehicle_cycle_total_no_eol_credits
Pickup,3,50,400,Class 8 Sleeper-Cab Trucks,3,18,False,inputs/0_external_models/R&D GREET2025_Rev1/R&D GREET1_2025_Rev1.xlsm,inputs/0_external_models/R&D GREET2025_Rev1/R&D GREET2_2025_Rev1.xlsm,3abed15be3442b25b66c7d991ce4ea89fd1fe534af930ae772e419241f0d976f,2be89abd169eba7180c0ca41102461682fc258a38ea143c5544bfd051ed03384,2025,2020,argonne_rd_greet_2025_rev1,road_vehicle_cycle_emissions,mhdv,Class 8 Sleeper-Cab Trucks,MHDV_Sum,G77,A77,1.3) EV,bev,none,CH4,425776.42402300535,g/vehicle-lifetime,vehicle_cycle_total_no_eol_credits
Pickup,3,50,400,Class 8 Sleeper-Cab Trucks,3,18,False,inputs/0_external_models/R&D GREET2025_Rev1/R&D GREET1_2025_Rev1.xlsm,inputs/0_external_models/R&D GREET2025_Rev1/R&D GREET2_2025_Rev1.xlsm,3abed15be3442b25b66c7d991ce4ea89fd1fe534af930ae772e419241f0d976f,2be89abd169eba7180c0ca41102461682fc258a38ea143c5544bfd051ed03384,2025,2020,argonne_rd_greet_2025_rev1,road_vehicle_cycle_emissions,mhdv,Class 8 Sleeper-Cab Trucks,MHDV_Sum,G78,A78,1.3) EV,bev,none,N2O,5699.3599969166535,g/vehicle-lifetime,vehicle_cycle_total_no_eol_credits
Pickup,3,50,400,Class 8 Sleeper-Cab Trucks,3,18,False,inputs/0_external_models/R&D GREET2025_Rev1/R&D GREET1_2025_Rev1.xlsm,inputs/0_external_models/R&D GREET2025_Rev1/R&D GREET2_2025_Rev1.xlsm,3abed15be3442b25b66c7d991ce4ea89fd1fe534af930ae772e419241f0d976f,2be89abd169eba7180c0ca41102461682fc258a38ea143c5544bfd051ed03384,2025,2020,argonne_rd_greet_2025_rev1,road_vehicle_cycle_emissions,mhdv,Class 8 Sleeper-Cab Trucks,MHDV_Sum,G106,A106,1.4) FCV,fcev,none,CO2,83220408.32182185,g/vehicle-lifetime,vehicle_cycle_total_no_eol_credits
Pickup,3,50,400,Class 8 Sleeper-Cab Trucks,3,18,False,inputs/0_external_models/R&D GREET2025_Rev1/R&D GREET1_2025_Rev1.xlsm,inputs/0_external_models/R&D GREET2025_Rev1/R&D GREET2_2025_Rev1.xlsm,3abed15be3442b25b66c7d991ce4ea89fd1fe534af930ae772e419241f0d976f,2be89abd169eba7180c0ca41102461682fc258a38ea143c5544bfd051ed03384,2025,2020,argonne_rd_greet_2025_rev1,road_vehicle_cycle_emissions,mhdv,Class 8 Sleeper-Cab Trucks,MHDV_Sum,G108,A108,1.4) FCV,fcev,none,CH4,169590.46832014137,g/vehicle-lifetime,vehicle_cycle_total_no_eol_credits
Pickup,3,50,400,Class 8 Sleeper-Cab Trucks,3,18,False,inputs/0_external_models/R&D GREET2025_Rev1/R&D GREET1_2025_Rev1.xlsm,inputs/0_external_models/R&D GREET2025_Rev1/R&D GREET2_2025_Rev1.xlsm,3abed15be3442b25b66c7d991ce4ea89fd1fe534af930ae772e419241f0d976f,2be89abd169eba7180c0ca41102461682fc258a38ea143c5544bfd051ed03384,2025,2020,argonne_rd_greet_2025_rev1,road_vehicle_cycle_emissions,mhdv,Class 8 Sleeper-Cab Trucks,MHDV_Sum,G109,A109,1.4) FCV,fcev,none,N2O,1836.7413579675035,g/vehicle-lifetime,vehicle_cycle_total_no_eol_credits
Pickup,3,50,400,Class 8 Sleeper-Cab Trucks,3,19,True,inputs/0_external_models/R&D GREET2025_Rev1/R&D GREET1_2025_Rev1.xlsm,inputs/0_external_models/R&D GREET2025_Rev1/R&D GREET2_2025_Rev1.xlsm,3abed15be3442b25b66c7d991ce4ea89fd1fe534af930ae772e419241f0d976f,2be89abd169eba7180c0ca41102461682fc258a38ea143c5544bfd051ed03384,2025,2020,argonne_rd_greet_2025_rev1,road_vehicle_cycle_emissions,ldv,Pickup,Vehi_Sum,F13,A13,1.1) ICEV: Conventional Material,icev,conventional,CO2,7774236.7253884645,g/vehicle-lifetime,vehicle_cycle_total_no_eol_credits
Pickup,3,50,400,Class 8 Sleeper-Cab Trucks,3,19,True,inputs/0_external_models/R&D GREET2025_Rev1/R&D GREET1_2025_Rev1.xlsm,inputs/0_external_models/R&D GREET2025_Rev1/R&D GREET2_2025_Rev1.xlsm,3abed15be3442b25b66c7d991ce4ea89fd1fe534af930ae772e419241f0d976f,2be89abd169eba7180c0ca41102461682fc258a38ea143c5544bfd051ed03384,2025,2020,argonne_rd_greet_2025_rev1,road_vehicle_cycle_emissions,ldv,Pickup,Vehi_Sum,F15,A15,1.1) ICEV: Conventional Material,icev,conventional,CH4,16934.044118895916,g/vehicle-lifetime,vehicle_cycle_total_no_eol_credits
Pickup,3,50,400,Class 8 Sleeper-Cab Trucks,3,19,True,inputs/0_external_models/R&D GREET2025_Rev1/R&D GREET1_2025_Rev1.xlsm,inputs/0_external_models/R&D GREET2025_Rev1/R&D GREET2_2025_Rev1.xlsm,3abed15be3442b25b66c7d991ce4ea89fd1fe534af930ae772e419241f0d976f,2be89abd169eba7180c0ca41102461682fc258a38ea143c5544bfd051ed03384,2025,2020,argonne_rd_greet_2025_rev1,road_vehicle_cycle_emissions,ldv,Pickup,Vehi_Sum,F16,A16,1.1) ICEV: Conventional Material,icev,conventional,N2O,206.2719833113104,g/vehicle-lifetime,vehicle_cycle_total_no_eol_credits
Pickup,3,50,400,Class 8 Sleeper-Cab Trucks,3,19,True,inputs/0_external_models/R&D GREET2025_Rev1/R&D GREET1_2025_Rev1.xlsm,inputs/0_external_models/R&D GREET2025_Rev1/R&D GREET2_2025_Rev1.xlsm,3abed15be3442b25b66c7d991ce4ea89fd1fe534af930ae772e419241f0d976f,2be89abd169eba7180c0ca41102461682fc258a38ea143c5544bfd051ed03384,2025,2020,argonne_rd_greet_2025_rev1,road_vehicle_cycle_emissions,ldv,Pickup,Vehi_Sum,F44,A44,1.2) ICEV: Lightweight Material,icev,lightweight,CO2,9098407.91457885,g/vehicle-lifetime,vehicle_cycle_total_no_eol_credits
Pickup,3,50,400,Class 8 Sleeper-Cab Trucks,3,19,True,inputs/0_external_models/R&D GREET2025_Rev1/R&D GREET1_2025_Rev1.xlsm,inputs/0_external_models/R&D GREET2025_Rev1/R&D GREET2_2025_Rev1.xlsm,3abed15be3442b25b66c7d991ce4ea89fd1fe534af930ae772e419241f0d976f,2be89abd169eba7180c0ca41102461682fc258a38ea143c5544bfd051ed03384,2025,2020,argonne_rd_greet_2025_rev1,road_vehicle_cycle_emissions,ldv,Pickup,Vehi_Sum,F46,A46,1.2) ICEV: Lightweight Material,icev,lightweight,CH4,22034.551148893734,g/vehicle-lifetime,vehicle_cycle_total_no_eol_credits
Pickup,3,50,400,Class 8 Sleeper-Cab Trucks,3,19,True,inputs/0_external_models/R&D GREET2025_Rev1/R&D GREET1_2025_Rev1.xlsm,inputs/0_external_models/R&D GREET2025_Rev1/R&D GREET2_2025_Rev1.xlsm,3abed15be3442b25b66c7d991ce4ea89fd1fe534af930ae772e419241f0d976f,2be89abd169eba7180c0ca41102461682fc258a38ea143c5544bfd051ed03384,2025,2020,argonne_rd_greet_2025_rev1,road_vehicle_cycle_emissions,ldv,Pickup,Vehi_Sum,F47,A47,1.2) ICEV: Lightweight Material,icev,lightweight,N2O,264.34231230117746,g/vehicle-lifetime,vehicle_cycle_total_no_eol_credits
Pickup,3,50,400,Class 8 Sleeper-Cab Trucks,3,19,True,inputs/0_external_models/R&D GREET2025_Rev1/R&D GREET1_2025_Rev1.xlsm,inputs/0_external_models/R&D GREET2025_Rev1/R&D GREET2_2025_Rev1.xlsm,3abed15be3442b25b66c7d991ce4ea89fd1fe534af930ae772e419241f0d976f,2be89abd169eba7180c0ca41102461682fc258a38ea143c5544bfd051ed03384,2025,2020,argonne_rd_greet_2025_rev1,road_vehicle_cycle_emissions,ldv,Pickup,Vehi_Sum,F75,A75,1.3) HEV: Conventional Material,hev,conventional,CO2,8270697.750247803,g/vehicle-lifetime,vehicle_cycle_total_no_eol_credits
Pickup,3,50,400,Class 8 Sleeper-Cab Trucks,3,19,True,inputs/0_external_models/R&D GREET2025_Rev1/R&D GREET1_2025_Rev1.xlsm,inputs/0_external_models/R&D GREET2025_Rev1/R&D GREET2_2025_Rev1.xlsm,3abed15be3442b25b66c7d991ce4ea89fd1fe534af930ae772e419241f0d976f,2be89abd169eba7180c0ca41102461682fc258a38ea143c5544bfd051ed03384,2025,2020,argonne_rd_greet_2025_rev1,road_vehicle_cycle_emissions,ldv,Pickup,Vehi_Sum,F77,A77,1.3) HEV: Conventional Material,hev,conventional,CH4,18394.87483098219,g/vehicle-lifetime,vehicle_cycle_total_no_eol_credits
Pickup,3,50,400,Class 8 Sleeper-Cab Trucks,3,19,True,inputs/0_external_models/R&D GREET2025_Rev1/R&D GREET1_2025_Rev1.xlsm,inputs/0_external_models/R&D GREET2025_Rev1/R&D GREET2_2025_Rev1.xlsm,3abed15be3442b25b66c7d991ce4ea89fd1fe534af930ae772e419241f0d976f,2be89abd169eba7180c0ca41102461682fc258a38ea143c5544bfd051ed03384,2025,2020,argonne_rd_greet_2025_rev1,road_vehicle_cycle_emissions,ldv,Pickup,Vehi_Sum,F78,A78,1.3) HEV: Conventional Material,hev,conventional,N2O,293.7122841565559,g/vehicle-lifetime,vehicle_cycle_total_no_eol_credits
Pickup,3,50,400,Class 8 Sleeper-Cab Trucks,3,19,True,inputs/0_external_models/R&D GREET2025_Rev1/R&D GREET1_2025_Rev1.xlsm,inputs/0_external_models/R&D GREET2025_Rev1/R&D GREET2_2025_Rev1.xlsm,3abed15be3442b25b66c7d991ce4ea89fd1fe534af930ae772e419241f0d976f,2be89abd169eba7180c0ca41102461682fc258a38ea143c5544bfd051ed03384,2025,2020,argonne_rd_greet_2025_rev1,road_vehicle_cycle_emissions,ldv,Pickup,Vehi_Sum,F106,A106,1.4) HEV: Lightweight Material,hev,lightweight,CO2,9571205.478764633,g/vehicle-lifetime,vehicle_cycle_total_no_eol_credits
Pickup,3,50,400,Class 8 Sleeper-Cab Trucks,3,19,True,inputs/0_external_models/R&D GREET2025_Rev1/R&D GREET1_2025_Rev1.xlsm,inputs/0_external_models/R&D GREET2025_Rev1/R&D GREET2_2025_Rev1.xlsm,3abed15be3442b25b66c7d991ce4ea89fd1fe534af930ae772e419241f0d976f,2be89abd169eba7180c0ca41102461682fc258a38ea143c5544bfd051ed03384,2025,2020,argonne_rd_greet_2025_rev1,road_vehicle_cycle_emissions,ldv,Pickup,Vehi_Sum,F108,A108,1.4) HEV: Lightweight Material,hev,lightweight,CH4,22836.86430532247,g/vehicle-lifetime,vehicle_cycle_total_no_eol_credits
Pickup,3,50,400,Class 8 Sleeper-Cab Trucks,3,19,True,inputs/0_external_models/R&D GREET2025_Rev1/R&D GREET1_2025_Rev1.xlsm,inputs/0_external_models/R&D GREET2025_Rev1/R&D GREET2_2025_Rev1.xlsm,3abed15be3442b25b66c7d991ce4ea89fd1fe534af930ae772e419241f0d976f,2be89abd169eba7180c0ca41102461682fc258a38ea143c5544bfd051ed03384,2025,2020,argonne_rd_greet_2025_rev1,road_vehicle_cycle_emissions,ldv,Pickup,Vehi_Sum,F109,A109,1.4) HEV: Lightweight Material,hev,lightweight,N2O,343.0150523551762,g/vehicle-lifetime,vehicle_cycle_total_no_eol_credits
Pickup,3,50,400,Class 8 Sleeper-Cab Trucks,3,19,True,inputs/0_external_models/R&D GREET2025_Rev1/R&D GREET1_2025_Rev1.xlsm,inputs/0_external_models/R&D GREET2025_Rev1/R&D GREET2_2025_Rev1.xlsm,3abed15be3442b25b66c7d991ce4ea89fd1fe534af930ae772e419241f0d976f,2be89abd169eba7180c0ca41102461682fc258a38ea143c5544bfd051ed03384,2025,2020,argonne_rd_greet_2025_rev1,road_vehicle_cycle_emissions,ldv,Pickup,Vehi_Sum,F137,A137,1.5) PHEV: Conventional Material,phev,conventional,CO2,9634578.44325072,g/vehicle-lifetime,vehicle_cycle_total_no_eol_credits
Pickup,3,50,400,Class 8 Sleeper-Cab Trucks,3,19,True,inputs/0_external_models/R&D GREET2025_Rev1/R&D GREET1_2025_Rev1.xlsm,inputs/0_external_models/R&D GREET2025_Rev1/R&D GREET2_2025_Rev1.xlsm,3abed15be3442b25b66c7d991ce4ea89fd1fe534af930ae772e419241f0d976f,2be89abd169eba7180c0ca41102461682fc258a38ea143c5544bfd051ed03384,2025,2020,argonne_rd_greet_2025_rev1,road_vehicle_cycle_emissions,ldv,Pickup,Vehi_Sum,F139,A139,1.5) PHEV: Conventional Material,phev,conventional,CH4,20908.421844537774,g/vehicle-lifetime,vehicle_cycle_total_no_eol_credits
Pickup,3,50,400,Class 8 Sleeper-Cab Trucks,3,19,True,inputs/0_external_models/R&D GREET2025_Rev1/R&D GREET1_2025_Rev1.xlsm,inputs/0_external_models/R&D GREET2025_Rev1/R&D GREET2_2025_Rev1.xlsm,3abed15be3442b25b66c7d991ce4ea89fd1fe534af930ae772e419241f0d976f,2be89abd169eba7180c0ca41102461682fc258a38ea143c5544bfd051ed03384,2025,2020,argonne_rd_greet_2025_rev1,road_vehicle_cycle_emissions,ldv,Pickup,Vehi_Sum,F140,A140,1.5) PHEV: Conventional Material,phev,conventional,N2O,287.66796664663235,g/vehicle-lifetime,vehicle_cycle_total_no_eol_credits
Pickup,3,50,400,Class 8 Sleeper-Cab Trucks,3,19,True,inputs/0_external_models/R&D GREET2025_Rev1/R&D GREET1_2025_Rev1.xlsm,inputs/0_external_models/R&D GREET2025_Rev1/R&D GREET2_2025_Rev1.xlsm,3abed15be3442b25b66c7d991ce4ea89fd1fe534af930ae772e419241f0d976f,2be89abd169eba7180c0ca41102461682fc258a38ea143c5544bfd051ed03384,2025,2020,argonne_rd_greet_2025_rev1,road_vehicle_cycle_emissions,ldv,Pickup,Vehi_Sum,F168,A168,1.6) PHEV: Lightweight Material,phev,lightweight,CO2,10421607.843976943,g/vehicle-lifetime,vehicle_cycle_total_no_eol_credits
Pickup,3,50,400,Class 8 Sleeper-Cab Trucks,3,19,True,inputs/0_external_models/R&D GREET2025_Rev1/R&D GREET1_2025_Rev1.xlsm,inputs/0_external_models/R&D GREET2025_Rev1/R&D GREET2_2025_Rev1.xlsm,3abed15be3442b25b66c7d991ce4ea89fd1fe534af930ae772e419241f0d976f,2be89abd169eba7180c0ca41102461682fc258a38ea143c5544bfd051ed03384,2025,2020,argonne_rd_greet_2025_rev1,road_vehicle_cycle_emissions,ldv,Pickup,Vehi_Sum,F170,A170,1.6) PHEV: Lightweight Material,phev,lightweight,CH4,24144.841924388093,g/vehicle-lifetime,vehicle_cycle_total_no_eol_credits
Pickup,3,50,400,Class 8 Sleeper-Cab Trucks,3,19,True,inputs/0_external_models/R&D GREET2025_Rev1/R&D GREET1_2025_Rev1.xlsm,inputs/0_external_models/R&D GREET2025_Rev1/R&D GREET2_2025_Rev1.xlsm,3abed15be3442b25b66c7d991ce4ea89fd1fe534af930ae772e419241f0d976f,2be89abd169eba7180c0ca41102461682fc258a38ea143c5544bfd051ed03384,2025,2020,argonne_rd_greet_2025_rev1,road_vehicle_cycle_emissions,ldv,Pickup,Vehi_Sum,F171,A171,1.6) PHEV: Lightweight Material,phev,lightweight,N2O,325.46812187900565,g/vehicle-lifetime,vehicle_cycle_total_no_eol_credits
Pickup,3,50,400,Class 8 Sleeper-Cab Trucks,3,19,True,inputs/0_external_models/R&D GREET2025_Rev1/R&D GREET1_2025_Rev1.xlsm,inputs/0_external_models/R&D GREET2025_Rev1/R&D GREET2_2025_Rev1.xlsm,3abed15be3442b25b66c7d991ce4ea89fd1fe534af930ae772e419241f0d976f,2be89abd169eba7180c0ca41102461682fc258a38ea143c5544bfd051ed03384,2025,2020,argonne_rd_greet_2025_rev1,road_vehicle_cycle_emissions,ldv,Pickup,Vehi_Sum,F199,A199,1.7) EV: Conventional Material,bev,conventional,CO2,18294237.353040945,g/vehicle-lifetime,vehicle_cycle_total_no_eol_credits
Pickup,3,50,400,Class 8 Sleeper-Cab Trucks,3,19,True,inputs/0_external_models/R&D GREET2025_Rev1/R&D GREET1_2025_Rev1.xlsm,inputs/0_external_models/R&D GREET2025_Rev1/R&D GREET2_2025_Rev1.xlsm,3abed15be3442b25b66c7d991ce4ea89fd1fe534af930ae772e419241f0d976f,2be89abd169eba7180c0ca41102461682fc258a38ea143c5544bfd051ed03384,2025,2020,argonne_rd_greet_2025_rev1,road_vehicle_cycle_emissions,ldv,Pickup,Vehi_Sum,F201,A201,1.7) EV: Conventional Material,bev,conventional,CH4,38689.98318321812,g/vehicle-lifetime,vehicle_cycle_total_no_eol_credits
Pickup,3,50,400,Class 8 Sleeper-Cab Trucks,3,19,True,inputs/0_external_models/R&D GREET2025_Rev1/R&D GREET1_2025_Rev1.xlsm,inputs/0_external_models/R&D GREET2025_Rev1/R&D GREET2_2025_Rev1.xlsm,3abed15be3442b25b66c7d991ce4ea89fd1fe534af930ae772e419241f0d976f,2be89abd169eba7180c0ca41102461682fc258a38ea143c5544bfd051ed03384,2025,2020,argonne_rd_greet_2025_rev1,road_vehicle_cycle_emissions,ldv,Pickup,Vehi_Sum,F202,A202,1.7) EV: Conventional Material,bev,conventional,N2O,545.5968430708313,g/vehicle-lifetime,vehicle_cycle_total_no_eol_credits
Pickup,3,50,400,Class 8 Sleeper-Cab Trucks,3,19,True,inputs/0_external_models/R&D GREET2025_Rev1/R&D GREET1_2025_Rev1.xlsm,inputs/0_external_models/R&D GREET2025_Rev1/R&D GREET2_2025_Rev1.xlsm,3abed15be3442b25b66c7d991ce4ea89fd1fe534af930ae772e419241f0d976f,2be89abd169eba7180c0ca41102461682fc258a38ea143c5544bfd051ed03384,2025,2020,argonne_rd_greet_2025_rev1,road_vehicle_cycle_emissions,ldv,Pickup,Vehi_Sum,F230,A230,1.8) EV: Lightweight Material,bev,lightweight,CO2,14120736.98821477,g/vehicle-lifetime,vehicle_cycle_total_no_eol_credits
Pickup,3,50,400,Class 8 Sleeper-Cab Trucks,3,19,True,inputs/0_external_models/R&D GREET2025_Rev1/R&D GREET1_2025_Rev1.xlsm,inputs/0_external_models/R&D GREET2025_Rev1/R&D GREET2_2025_Rev1.xlsm,3abed15be3442b25b66c7d991ce4ea89fd1fe534af930ae772e419241f0d976f,2be89abd169eba7180c0ca41102461682fc258a38ea143c5544bfd051ed03384,2025,2020,argonne_rd_greet_2025_rev1,road_vehicle_cycle_emissions,ldv,Pickup,Vehi_Sum,F232,A232,1.8) EV: Lightweight Material,bev,lightweight,CH4,31393.787132435147,g/vehicle-lifetime,vehicle_cycle_total_no_eol_credits
Pickup,3,50,400,Class 8 Sleeper-Cab Trucks,3,19,True,inputs/0_external_models/R&D GREET2025_Rev1/R&D GREET1_2025_Rev1.xlsm,inputs/0_external_models/R&D GREET2025_Rev1/R&D GREET2_2025_Rev1.xlsm,3abed15be3442b25b66c7d991ce4ea89fd1fe534af930ae772e419241f0d976f,2be89abd169eba7180c0ca41102461682fc258a38ea143c5544bfd051ed03384,2025,2020,argonne_rd_greet_2025_rev1,road_vehicle_cycle_emissions,ldv,Pickup,Vehi_Sum,F233,A233,1.8) EV: Lightweight Material,bev,lightweight,N2O,462.35365249516246,g/vehicle-lifetime,vehicle_cycle_total_no_eol_credits
Pickup,3,50,400,Class 8 Sleeper-Cab Trucks,3,19,True,inputs/0_external_models/R&D GREET2025_Rev1/R&D GREET1_2025_Rev1.xlsm,inputs/0_external_models/R&D GREET2025_Rev1/R&D GREET2_2025_Rev1.xlsm,3abed15be3442b25b66c7d991ce4ea89fd1fe534af930ae772e419241f0d976f,2be89abd169eba7180c0ca41102461682fc258a38ea143c5544bfd051ed03384,2025,2020,argonne_rd_greet_2025_rev1,road_vehicle_cycle_emissions,ldv,Pickup,Vehi_Sum,F261,A261,1.9) FCV: Conventional Material,fcev,conventional,CO2,9339393.984336438,g/vehicle-lifetime,vehicle_cycle_total_no_eol_credits
Pickup,3,50,400,Class 8 Sleeper-Cab Trucks,3,19,True,inputs/0_external_models/R&D GREET2025_Rev1/R&D GREET1_2025_Rev1.xlsm,inputs/0_external_models/R&D GREET2025_Rev1/R&D GREET2_2025_Rev1.xlsm,3abed15be3442b25b66c7d991ce4ea89fd1fe534af930ae772e419241f0d976f,2be89abd169eba7180c0ca41102461682fc258a38ea143c5544bfd051ed03384,2025,2020,argonne_rd_greet_2025_rev1,road_vehicle_cycle_emissions,ldv,Pickup,Vehi_Sum,F263,A263,1.9) FCV: Conventional Material,fcev,conventional,CH4,21844.637994938686,g/vehicle-lifetime,vehicle_cycle_total_no_eol_credits
Pickup,3,50,400,Class 8 Sleeper-Cab Trucks,3,19,True,inputs/0_external_models/R&D GREET2025_Rev1/R&D GREET1_2025_Rev1.xlsm,inputs/0_external_models/R&D GREET2025_Rev1/R&D GREET2_2025_Rev1.xlsm,3abed15be3442b25b66c7d991ce4ea89fd1fe534af930ae772e419241f0d976f,2be89abd169eba7180c0ca41102461682fc258a38ea143c5544bfd051ed03384,2025,2020,argonne_rd_greet_2025_rev1,road_vehicle_cycle_emissions,ldv,Pickup,Vehi_Sum,F264,A264,1.9) FCV: Conventional Material,fcev,conventional,N2O,311.74642460039706,g/vehicle-lifetime,vehicle_cycle_total_no_eol_credits
Pickup,3,50,400,Class 8 Sleeper-Cab Trucks,3,19,True,inputs/0_external_models/R&D GREET2025_Rev1/R&D GREET1_2025_Rev1.xlsm,inputs/0_external_models/R&D GREET2025_Rev1/R&D GREET2_2025_Rev1.xlsm,3abed15be3442b25b66c7d991ce4ea89fd1fe534af930ae772e419241f0d976f,2be89abd169eba7180c0ca41102461682fc258a38ea143c5544bfd051ed03384,2025,2020,argonne_rd_greet_2025_rev1,road_vehicle_cycle_emissions,ldv,Pickup,Vehi_Sum,F292,A292,1.10) FCV: Lightweight Material,fcev,lightweight,CO2,11038429.975205246,g/vehicle-lifetime,vehicle_cycle_total_no_eol_credits
Pickup,3,50,400,Class 8 Sleeper-Cab Trucks,3,19,True,inputs/0_external_models/R&D GREET2025_Rev1/R&D GREET1_2025_Rev1.xlsm,inputs/0_external_models/R&D GREET2025_Rev1/R&D GREET2_2025_Rev1.xlsm,3abed15be3442b25b66c7d991ce4ea89fd1fe534af930ae772e419241f0d976f,2be89abd169eba7180c0ca41102461682fc258a38ea143c5544bfd051ed03384,2025,2020,argonne_rd_greet_2025_rev1,road_vehicle_cycle_emissions,ldv,Pickup,Vehi_Sum,F294,A294,1.10) FCV: Lightweight Material,fcev,lightweight,CH4,27629.935533285337,g/vehicle-lifetime,vehicle_cycle_total_no_eol_credits
Pickup,3,50,400,Class 8 Sleeper-Cab Trucks,3,19,True,inputs/0_external_models/R&D GREET2025_Rev1/R&D GREET1_2025_Rev1.xlsm,inputs/0_external_models/R&D GREET2025_Rev1/R&D GREET2_2025_Rev1.xlsm,3abed15be3442b25b66c7d991ce4ea89fd1fe534af930ae772e419241f0d976f,2be89abd169eba7180c0ca41102461682fc258a38ea143c5544bfd051ed03384,2025,2020,argonne_rd_greet_2025_rev1,road_vehicle_cycle_emissions,ldv,Pickup,Vehi_Sum,F295,A295,1.10) FCV: Lightweight Material,fcev,lightweight,N2O,396.3824283494315,g/vehicle-lifetime,vehicle_cycle_total_no_eol_credits
Pickup,3,50,400,Class 8 Sleeper-Cab Trucks,3,19,True,inputs/0_external_models/R&D GREET2025_Rev1/R&D GREET1_2025_Rev1.xlsm,inputs/0_external_models/R&D GREET2025_Rev1/R&D GREET2_2025_Rev1.xlsm,3abed15be3442b25b66c7d991ce4ea89fd1fe534af930ae772e419241f0d976f,2be89abd169eba7180c0ca41102461682fc258a38ea143c5544bfd051ed03384,2025,2020,argonne_rd_greet_2025_rev1,road_vehicle_cycle_emissions,mhdv,Class 8 Sleeper-Cab Trucks,MHDV_Sum,G13,A13,1.1) ICEV,icev,none,CO2,64390889.8714785,g/vehicle-lifetime,vehicle_cycle_total_no_eol_credits
Pickup,3,50,400,Class 8 Sleeper-Cab Trucks,3,19,True,inputs/0_external_models/R&D GREET2025_Rev1/R&D GREET1_2025_Rev1.xlsm,inputs/0_external_models/R&D GREET2025_Rev1/R&D GREET2_2025_Rev1.xlsm,3abed15be3442b25b66c7d991ce4ea89fd1fe534af930ae772e419241f0d976f,2be89abd169eba7180c0ca41102461682fc258a38ea143c5544bfd051ed03384,2025,2020,argonne_rd_greet_2025_rev1,road_vehicle_cycle_emissions,mhdv,Class 8 Sleeper-Cab Trucks,MHDV_Sum,G15,A15,1.1) ICEV,icev,none,CH4,118816.90530500932,g/vehicle-lifetime,vehicle_cycle_total_no_eol_credits
Pickup,3,50,400,Class 8 Sleeper-Cab Trucks,3,19,True,inputs/0_external_models/R&D GREET2025_Rev1/R&D GREET1_2025_Rev1.xlsm,inputs/0_external_models/R&D GREET2025_Rev1/R&D GREET2_2025_Rev1.xlsm,3abed15be3442b25b66c7d991ce4ea89fd1fe534af930ae772e419241f0d976f,2be89abd169eba7180c0ca41102461682fc258a38ea143c5544bfd051ed03384,2025,2020,argonne_rd_greet_2025_rev1,road_vehicle_cycle_emissions,mhdv,Class 8 Sleeper-Cab Trucks,MHDV_Sum,G16,A16,1.1) ICEV,icev,none,N2O,1258.1657161008945,g/vehicle-lifetime,vehicle_cycle_total_no_eol_credits
Pickup,3,50,400,Class 8 Sleeper-Cab Trucks,3,19,True,inputs/0_external_models/R&D GREET2025_Rev1/R&D GREET1_2025_Rev1.xlsm,inputs/0_external_models/R&D GREET2025_Rev1/R&D GREET2_2025_Rev1.xlsm,3abed15be3442b25b66c7d991ce4ea89fd1fe534af930ae772e419241f0d976f,2be89abd169eba7180c0ca41102461682fc258a38ea143c5544bfd051ed03384,2025,2020,argonne_rd_greet_2025_rev1,road_vehicle_cycle_emissions,mhdv,Class 8 Sleeper-Cab Trucks,MHDV_Sum,G44,A44,1.2) HEV,hev,none,CO2,65692210.23913105,g/vehicle-lifetime,vehicle_cycle_total_no_eol_credits
Pickup,3,50,400,Class 8 Sleeper-Cab Trucks,3,19,True,inputs/0_external_models/R&D GREET2025_Rev1/R&D GREET1_2025_Rev1.xlsm,inputs/0_external_models/R&D GREET2025_Rev1/R&D GREET2_2025_Rev1.xlsm,3abed15be3442b25b66c7d991ce4ea89fd1fe534af930ae772e419241f0d976f,2be89abd169eba7180c0ca41102461682fc258a38ea143c5544bfd051ed03384,2025,2020,argonne_rd_greet_2025_rev1,road_vehicle_cycle_emissions,mhdv,Class 8 Sleeper-Cab Trucks,MHDV_Sum,G46,A46,1.2) HEV,hev,none,CH4,121269.46140720778,g/vehicle-lifetime,vehicle_cycle_total_no_eol_credits
Pickup,3,50,400,Class 8 Sleeper-Cab Trucks,3,19,True,inputs/0_external_models/R&D GREET2025_Rev1/R&D GREET1_2025_Rev1.xlsm,inputs/0_external_models/R&D GREET2025_Rev1/R&D GREET2_2025_Rev1.xlsm,3abed15be3442b25b66c7d991ce4ea89fd1fe534af930ae772e419241f0d976f,2be89abd169eba7180c0ca41102461682fc258a38ea143c5544bfd051ed03384,2025,2020,argonne_rd_greet_2025_rev1,road_vehicle_cycle_emissions,mhdv,Class 8 Sleeper-Cab Trucks,MHDV_Sum,G47,A47,1.2) HEV,hev,none,N2O,1325.8178577550475,g/vehicle-lifetime,vehicle_cycle_total_no_eol_credits
Pickup,3,50,400,Class 8 Sleeper-Cab Trucks,3,19,True,inputs/0_external_models/R&D GREET2025_Rev1/R&D GREET1_2025_Rev1.xlsm,inputs/0_external_models/R&D GREET2025_Rev1/R&D GREET2_2025_Rev1.xlsm,3abed15be3442b25b66c7d991ce4ea89fd1fe534af930ae772e419241f0d976f,2be89abd169eba7180c0ca41102461682fc258a38ea143c5544bfd051ed03384,2025,2020,argonne_rd_greet_2025_rev1,road_vehicle_cycle_emissions,mhdv,Class 8 Sleeper-Cab Trucks,MHDV_Sum,G75,A75,1.3) EV,bev,none,CO2,223355505.94446898,g/vehicle-lifetime,vehicle_cycle_total_no_eol_credits
Pickup,3,50,400,Class 8 Sleeper-Cab Trucks,3,19,True,inputs/0_external_models/R&D GREET2025_Rev1/R&D GREET1_2025_Rev1.xlsm,inputs/0_external_models/R&D GREET2025_Rev1/R&D GREET2_2025_Rev1.xlsm,3abed15be3442b25b66c7d991ce4ea89fd1fe534af930ae772e419241f0d976f,2be89abd169eba7180c0ca41102461682fc258a38ea143c5544bfd051ed03384,2025,2020,argonne_rd_greet_2025_rev1,road_vehicle_cycle_emissions,mhdv,Class 8 Sleeper-Cab Trucks,MHDV_Sum,G77,A77,1.3) EV,bev,none,CH4,425776.42402300535,g/vehicle-lifetime,vehicle_cycle_total_no_eol_credits
Pickup,3,50,400,Class 8 Sleeper-Cab Trucks,3,19,True,inputs/0_external_models/R&D GREET2025_Rev1/R&D GREET1_2025_Rev1.xlsm,inputs/0_external_models/R&D GREET2025_Rev1/R&D GREET2_2025_Rev1.xlsm,3abed15be3442b25b66c7d991ce4ea89fd1fe534af930ae772e419241f0d976f,2be89abd169eba7180c0ca41102461682fc258a38ea143c5544bfd051ed03384,2025,2020,argonne_rd_greet_2025_rev1,road_vehicle_cycle_emissions,mhdv,Class 8 Sleeper-Cab Trucks,MHDV_Sum,G78,A78,1.3) EV,bev,none,N2O,5699.3599969166535,g/vehicle-lifetime,vehicle_cycle_total_no_eol_credits
Pickup,3,50,400,Class 8 Sleeper-Cab Trucks,3,19,True,inputs/0_external_models/R&D GREET2025_Rev1/R&D GREET1_2025_Rev1.xlsm,inputs/0_external_models/R&D GREET2025_Rev1/R&D GREET2_2025_Rev1.xlsm,3abed15be3442b25b66c7d991ce4ea89fd1fe534af930ae772e419241f0d976f,2be89abd169eba7180c0ca41102461682fc258a38ea143c5544bfd051ed03384,2025,2020,argonne_rd_greet_2025_rev1,road_vehicle_cycle_emissions,mhdv,Class 8 Sleeper-Cab Trucks,MHDV_Sum,G106,A106,1.4) FCV,fcev,none,CO2,83220408.32182185,g/vehicle-lifetime,vehicle_cycle_total_no_eol_credits
Pickup,3,50,400,Class 8 Sleeper-Cab Trucks,3,19,True,inputs/0_external_models/R&D GREET2025_Rev1/R&D GREET1_2025_Rev1.xlsm,inputs/0_external_models/R&D GREET2025_Rev1/R&D GREET2_2025_Rev1.xlsm,3abed15be3442b25b66c7d991ce4ea89fd1fe534af930ae772e419241f0d976f,2be89abd169eba7180c0ca41102461682fc258a38ea143c5544bfd051ed03384,2025,2020,argonne_rd_greet_2025_rev1,road_vehicle_cycle_emissions,mhdv,Class 8 Sleeper-Cab Trucks,MHDV_Sum,G108,A108,1.4) FCV,fcev,none,CH4,169590.46832014137,g/vehicle-lifetime,vehicle_cycle_total_no_eol_credits
Pickup,3,50,400,Class 8 Sleeper-Cab Trucks,3,19,True,inputs/0_external_models/R&D GREET2025_Rev1/R&D GREET1_2025_Rev1.xlsm,inputs/0_external_models/R&D GREET2025_Rev1/R&D GREET2_2025_Rev1.xlsm,3abed15be3442b25b66c7d991ce4ea89fd1fe534af930ae772e419241f0d976f,2be89abd169eba7180c0ca41102461682fc258a38ea143c5544bfd051ed03384,2025,2020,argonne_rd_greet_2025_rev1,road_vehicle_cycle_emissions,mhdv,Class 8 Sleeper-Cab Trucks,MHDV_Sum,G109,A109,1.4) FCV,fcev,none,N2O,1836.7413579675035,g/vehicle-lifetime,vehicle_cycle_total_no_eol_credits
Pickup,3,50,150,Class 6 PnD Trucks,1,20,True,inputs/0_external_models/R&D GREET2025_Rev1/R&D GREET1_2025_Rev1.xlsm,inputs/0_external_models/R&D GREET2025_Rev1/R&D GREET2_2025_Rev1.xlsm,3abed15be3442b25b66c7d991ce4ea89fd1fe534af930ae772e419241f0d976f,2be89abd169eba7180c0ca41102461682fc258a38ea143c5544bfd051ed03384,2025,2020,argonne_rd_greet_2025_rev1,road_vehicle_cycle_emissions,ldv,Pickup,Vehi_Sum,F13,A13,1.1) ICEV: Conventional Material,icev,conventional,CO2,7774236.7253884645,g/vehicle-lifetime,vehicle_cycle_total_no_eol_credits
Pickup,3,50,150,Class 6 PnD Trucks,1,20,True,inputs/0_external_models/R&D GREET2025_Rev1/R&D GREET1_2025_Rev1.xlsm,inputs/0_external_models/R&D GREET2025_Rev1/R&D GREET2_2025_Rev1.xlsm,3abed15be3442b25b66c7d991ce4ea89fd1fe534af930ae772e419241f0d976f,2be89abd169eba7180c0ca41102461682fc258a38ea143c5544bfd051ed03384,2025,2020,argonne_rd_greet_2025_rev1,road_vehicle_cycle_emissions,ldv,Pickup,Vehi_Sum,F15,A15,1.1) ICEV: Conventional Material,icev,conventional,CH4,16934.044118895916,g/vehicle-lifetime,vehicle_cycle_total_no_eol_credits
Pickup,3,50,150,Class 6 PnD Trucks,1,20,True,inputs/0_external_models/R&D GREET2025_Rev1/R&D GREET1_2025_Rev1.xlsm,inputs/0_external_models/R&D GREET2025_Rev1/R&D GREET2_2025_Rev1.xlsm,3abed15be3442b25b66c7d991ce4ea89fd1fe534af930ae772e419241f0d976f,2be89abd169eba7180c0ca41102461682fc258a38ea143c5544bfd051ed03384,2025,2020,argonne_rd_greet_2025_rev1,road_vehicle_cycle_emissions,ldv,Pickup,Vehi_Sum,F16,A16,1.1) ICEV: Conventional Material,icev,conventional,N2O,206.2719833113104,g/vehicle-lifetime,vehicle_cycle_total_no_eol_credits
Pickup,3,50,150,Class 6 PnD Trucks,1,20,True,inputs/0_external_models/R&D GREET2025_Rev1/R&D GREET1_2025_Rev1.xlsm,inputs/0_external_models/R&D GREET2025_Rev1/R&D GREET2_2025_Rev1.xlsm,3abed15be3442b25b66c7d991ce4ea89fd1fe534af930ae772e419241f0d976f,2be89abd169eba7180c0ca41102461682fc258a38ea143c5544bfd051ed03384,2025,2020,argonne_rd_greet_2025_rev1,road_vehicle_cycle_emissions,ldv,Pickup,Vehi_Sum,F44,A44,1.2) ICEV: Lightweight Material,icev,lightweight,CO2,9098407.91457885,g/vehicle-lifetime,vehicle_cycle_total_no_eol_credits
Pickup,3,50,150,Class 6 PnD Trucks,1,20,True,inputs/0_external_models/R&D GREET2025_Rev1/R&D GREET1_2025_Rev1.xlsm,inputs/0_external_models/R&D GREET2025_Rev1/R&D GREET2_2025_Rev1.xlsm,3abed15be3442b25b66c7d991ce4ea89fd1fe534af930ae772e419241f0d976f,2be89abd169eba7180c0ca41102461682fc258a38ea143c5544bfd051ed03384,2025,2020,argonne_rd_greet_2025_rev1,road_vehicle_cycle_emissions,ldv,Pickup,Vehi_Sum,F46,A46,1.2) ICEV: Lightweight Material,icev,lightweight,CH4,22034.551148893734,g/vehicle-lifetime,vehicle_cycle_total_no_eol_credits
Pickup,3,50,150,Class 6 PnD Trucks,1,20,True,inputs/0_external_models/R&D GREET2025_Rev1/R&D GREET1_2025_Rev1.xlsm,inputs/0_external_models/R&D GREET2025_Rev1/R&D GREET2_2025_Rev1.xlsm,3abed15be3442b25b66c7d991ce4ea89fd1fe534af930ae772e419241f0d976f,2be89abd169eba7180c0ca41102461682fc258a38ea143c5544bfd051ed03384,2025,2020,argonne_rd_greet_2025_rev1,road_vehicle_cycle_emissions,ldv,Pickup,Vehi_Sum,F47,A47,1.2) ICEV: Lightweight Material,icev,lightweight,N2O,264.34231230117746,g/vehicle-lifetime,vehicle_cycle_total_no_eol_credits
Pickup,3,50,150,Class 6 PnD Trucks,1,20,True,inputs/0_external_models/R&D GREET2025_Rev1/R&D GREET1_2025_Rev1.xlsm,inputs/0_external_models/R&D GREET2025_Rev1/R&D GREET2_2025_Rev1.xlsm,3abed15be3442b25b66c7d991ce4ea89fd1fe534af930ae772e419241f0d976f,2be89abd169eba7180c0ca41102461682fc258a38ea143c5544bfd051ed03384,2025,2020,argonne_rd_greet_2025_rev1,road_vehicle_cycle_emissions,ldv,Pickup,Vehi_Sum,F75,A75,1.3) HEV: Conventional Material,hev,conventional,CO2,8270697.750247803,g/vehicle-lifetime,vehicle_cycle_total_no_eol_credits
Pickup,3,50,150,Class 6 PnD Trucks,1,20,True,inputs/0_external_models/R&D GREET2025_Rev1/R&D GREET1_2025_Rev1.xlsm,inputs/0_external_models/R&D GREET2025_Rev1/R&D GREET2_2025_Rev1.xlsm,3abed15be3442b25b66c7d991ce4ea89fd1fe534af930ae772e419241f0d976f,2be89abd169eba7180c0ca41102461682fc258a38ea143c5544bfd051ed03384,2025,2020,argonne_rd_greet_2025_rev1,road_vehicle_cycle_emissions,ldv,Pickup,Vehi_Sum,F77,A77,1.3) HEV: Conventional Material,hev,conventional,CH4,18394.87483098219,g/vehicle-lifetime,vehicle_cycle_total_no_eol_credits
Pickup,3,50,150,Class 6 PnD Trucks,1,20,True,inputs/0_external_models/R&D GREET2025_Rev1/R&D GREET1_2025_Rev1.xlsm,inputs/0_external_models/R&D GREET2025_Rev1/R&D GREET2_2025_Rev1.xlsm,3abed15be3442b25b66c7d991ce4ea89fd1fe534af930ae772e419241f0d976f,2be89abd169eba7180c0ca41102461682fc258a38ea143c5544bfd051ed03384,2025,2020,argonne_rd_greet_2025_rev1,road_vehicle_cycle_emissions,ldv,Pickup,Vehi_Sum,F78,A78,1.3) HEV: Conventional Material,hev,conventional,N2O,293.7122841565559,g/vehicle-lifetime,vehicle_cycle_total_no_eol_credits
Pickup,3,50,150,Class 6 PnD Trucks,1,20,True,inputs/0_external_models/R&D GREET2025_Rev1/R&D GREET1_2025_Rev1.xlsm,inputs/0_external_models/R&D GREET2025_Rev1/R&D GREET2_2025_Rev1.xlsm,3abed15be3442b25b66c7d991ce4ea89fd1fe534af930ae772e419241f0d976f,2be89abd169eba7180c0ca41102461682fc258a38ea143c5544bfd051ed03384,2025,2020,argonne_rd_greet_2025_rev1,road_vehicle_cycle_emissions,ldv,Pickup,Vehi_Sum,F106,A106,1.4) HEV: Lightweight Material,hev,lightweight,CO2,9571205.478764633,g/vehicle-lifetime,vehicle_cycle_total_no_eol_credits
Pickup,3,50,150,Class 6 PnD Trucks,1,20,True,inputs/0_external_models/R&D GREET2025_Rev1/R&D GREET1_2025_Rev1.xlsm,inputs/0_external_models/R&D GREET2025_Rev1/R&D GREET2_2025_Rev1.xlsm,3abed15be3442b25b66c7d991ce4ea89fd1fe534af930ae772e419241f0d976f,2be89abd169eba7180c0ca41102461682fc258a38ea143c5544bfd051ed03384,2025,2020,argonne_rd_greet_2025_rev1,road_vehicle_cycle_emissions,ldv,Pickup,Vehi_Sum,F108,A108,1.4) HEV: Lightweight Material,hev,lightweight,CH4,22836.86430532247,g/vehicle-lifetime,vehicle_cycle_total_no_eol_credits
Pickup,3,50,150,Class 6 PnD Trucks,1,20,True,inputs/0_external_models/R&D GREET2025_Rev1/R&D GREET1_2025_Rev1.xlsm,inputs/0_external_models/R&D GREET2025_Rev1/R&D GREET2_2025_Rev1.xlsm,3abed15be3442b25b66c7d991ce4ea89fd1fe534af930ae772e419241f0d976f,2be89abd169eba7180c0ca41102461682fc258a38ea143c5544bfd051ed03384,2025,2020,argonne_rd_greet_2025_rev1,road_vehicle_cycle_emissions,ldv,Pickup,Vehi_Sum,F109,A109,1.4) HEV: Lightweight Material,hev,lightweight,N2O,343.0150523551762,g/vehicle-lifetime,vehicle_cycle_total_no_eol_credits
Pickup,3,50,150,Class 6 PnD Trucks,1,20,True,inputs/0_external_models/R&D GREET2025_Rev1/R&D GREET1_2025_Rev1.xlsm,inputs/0_external_models/R&D GREET2025_Rev1/R&D GREET2_2025_Rev1.xlsm,3abed15be3442b25b66c7d991ce4ea89fd1fe534af930ae772e419241f0d976f,2be89abd169eba7180c0ca41102461682fc258a38ea143c5544bfd051ed03384,2025,2020,argonne_rd_greet_2025_rev1,road_vehicle_cycle_emissions,ldv,Pickup,Vehi_Sum,F137,A137,1.5) PHEV: Conventional Material,phev,conventional,CO2,9634578.44325072,g/vehicle-lifetime,vehicle_cycle_total_no_eol_credits
Pickup,3,50,150,Class 6 PnD Trucks,1,20,True,inputs/0_external_models/R&D GREET2025_Rev1/R&D GREET1_2025_Rev1.xlsm,inputs/0_external_models/R&D GREET2025_Rev1/R&D GREET2_2025_Rev1.xlsm,3abed15be3442b25b66c7d991ce4ea89fd1fe534af930ae772e419241f0d976f,2be89abd169eba7180c0ca41102461682fc258a38ea143c5544bfd051ed03384,2025,2020,argonne_rd_greet_2025_rev1,road_vehicle_cycle_emissions,ldv,Pickup,Vehi_Sum,F139,A139,1.5) PHEV: Conventional Material,phev,conventional,CH4,20908.421844537774,g/vehicle-lifetime,vehicle_cycle_total_no_eol_credits
Pickup,3,50,150,Class 6 PnD Trucks,1,20,True,inputs/0_external_models/R&D GREET2025_Rev1/R&D GREET1_2025_Rev1.xlsm,inputs/0_external_models/R&D GREET2025_Rev1/R&D GREET2_2025_Rev1.xlsm,3abed15be3442b25b66c7d991ce4ea89fd1fe534af930ae772e419241f0d976f,2be89abd169eba7180c0ca41102461682fc258a38ea143c5544bfd051ed03384,2025,2020,argonne_rd_greet_2025_rev1,road_vehicle_cycle_emissions,ldv,Pickup,Vehi_Sum,F140,A140,1.5) PHEV: Conventional Material,phev,conventional,N2O,287.66796664663235,g/vehicle-lifetime,vehicle_cycle_total_no_eol_credits
Pickup,3,50,150,Class 6 PnD Trucks,1,20,True,inputs/0_external_models/R&D GREET2025_Rev1/R&D GREET1_2025_Rev1.xlsm,inputs/0_external_models/R&D GREET2025_Rev1/R&D GREET2_2025_Rev1.xlsm,3abed15be3442b25b66c7d991ce4ea89fd1fe534af930ae772e419241f0d976f,2be89abd169eba7180c0ca41102461682fc258a38ea143c5544bfd051ed03384,2025,2020,argonne_rd_greet_2025_rev1,road_vehicle_cycle_emissions,ldv,Pickup,Vehi_Sum,F168,A168,1.6) PHEV: Lightweight Material,phev,lightweight,CO2,10421607.843976943,g/vehicle-lifetime,vehicle_cycle_total_no_eol_credits
Pickup,3,50,150,Class 6 PnD Trucks,1,20,True,inputs/0_external_models/R&D GREET2025_Rev1/R&D GREET1_2025_Rev1.xlsm,inputs/0_external_models/R&D GREET2025_Rev1/R&D GREET2_2025_Rev1.xlsm,3abed15be3442b25b66c7d991ce4ea89fd1fe534af930ae772e419241f0d976f,2be89abd169eba7180c0ca41102461682fc258a38ea143c5544bfd051ed03384,2025,2020,argonne_rd_greet_2025_rev1,road_vehicle_cycle_emissions,ldv,Pickup,Vehi_Sum,F170,A170,1.6) PHEV: Lightweight Material,phev,lightweight,CH4,24144.841924388093,g/vehicle-lifetime,vehicle_cycle_total_no_eol_credits
Pickup,3,50,150,Class 6 PnD Trucks,1,20,True,inputs/0_external_models/R&D GREET2025_Rev1/R&D GREET1_2025_Rev1.xlsm,inputs/0_external_models/R&D GREET2025_Rev1/R&D GREET2_2025_Rev1.xlsm,3abed15be3442b25b66c7d991ce4ea89fd1fe534af930ae772e419241f0d976f,2be89abd169eba7180c0ca41102461682fc258a38ea143c5544bfd051ed03384,2025,2020,argonne_rd_greet_2025_rev1,road_vehicle_cycle_emissions,ldv,Pickup,Vehi_Sum,F171,A171,1.6) PHEV: Lightweight Material,phev,lightweight,N2O,325.46812187900565,g/vehicle-lifetime,vehicle_cycle_total_no_eol_credits
Pickup,3,50,150,Class 6 PnD Trucks,1,20,True,inputs/0_external_models/R&D GREET2025_Rev1/R&D GREET1_2025_Rev1.xlsm,inputs/0_external_models/R&D GREET2025_Rev1/R&D GREET2_2025_Rev1.xlsm,3abed15be3442b25b66c7d991ce4ea89fd1fe534af930ae772e419241f0d976f,2be89abd169eba7180c0ca41102461682fc258a38ea143c5544bfd051ed03384,2025,2020,argonne_rd_greet_2025_rev1,road_vehicle_cycle_emissions,ldv,Pickup,Vehi_Sum,F199,A199,1.7) EV: Conventional Material,bev,conventional,CO2,10312340.082659308,g/vehicle-lifetime,vehicle_cycle_total_no_eol_credits
Pickup,3,50,150,Class 6 PnD Trucks,1,20,True,inputs/0_external_models/R&D GREET2025_Rev1/R&D GREET1_2025_Rev1.xlsm,inputs/0_external_models/R&D GREET2025_Rev1/R&D GREET2_2025_Rev1.xlsm,3abed15be3442b25b66c7d991ce4ea89fd1fe534af930ae772e419241f0d976f,2be89abd169eba7180c0ca41102461682fc258a38ea143c5544bfd051ed03384,2025,2020,argonne_rd_greet_2025_rev1,road_vehicle_cycle_emissions,ldv,Pickup,Vehi_Sum,F201,A201,1.7) EV: Conventional Material,bev,conventional,CH4,23250.351929897235,g/vehicle-lifetime,vehicle_cycle_total_no_eol_credits
Pickup,3,50,150,Class 6 PnD Trucks,1,20,True,inputs/0_external_models/R&D GREET2025_Rev1/R&D GREET1_2025_Rev1.xlsm,inputs/0_external_models/R&D GREET2025_Rev1/R&D GREET2_2025_Rev1.xlsm,3abed15be3442b25b66c7d991ce4ea89fd1fe534af930ae772e419241f0d976f,2be89abd169eba7180c0ca41102461682fc258a38ea143c5544bfd051ed03384,2025,2020,argonne_rd_greet_2025_rev1,road_vehicle_cycle_emissions,ldv,Pickup,Vehi_Sum,F202,A202,1.7) EV: Conventional Material,bev,conventional,N2O,325.3121627154593,g/vehicle-lifetime,vehicle_cycle_total_no_eol_credits
Pickup,3,50,150,Class 6 PnD Trucks,1,20,True,inputs/0_external_models/R&D GREET2025_Rev1/R&D GREET1_2025_Rev1.xlsm,inputs/0_external_models/R&D GREET2025_Rev1/R&D GREET2_2025_Rev1.xlsm,3abed15be3442b25b66c7d991ce4ea89fd1fe534af930ae772e419241f0d976f,2be89abd169eba7180c0ca41102461682fc258a38ea143c5544bfd051ed03384,2025,2020,argonne_rd_greet_2025_rev1,road_vehicle_cycle_emissions,ldv,Pickup,Vehi_Sum,F230,A230,1.8) EV: Lightweight Material,bev,lightweight,CO2,14450337.531030286,g/vehicle-lifetime,vehicle_cycle_total_no_eol_credits
Pickup,3,50,150,Class 6 PnD Trucks,1,20,True,inputs/0_external_models/R&D GREET2025_Rev1/R&D GREET1_2025_Rev1.xlsm,inputs/0_external_models/R&D GREET2025_Rev1/R&D GREET2_2025_Rev1.xlsm,3abed15be3442b25b66c7d991ce4ea89fd1fe534af930ae772e419241f0d976f,2be89abd169eba7180c0ca41102461682fc258a38ea143c5544bfd051ed03384,2025,2020,argonne_rd_greet_2025_rev1,road_vehicle_cycle_emissions,ldv,Pickup,Vehi_Sum,F232,A232,1.8) EV: Lightweight Material,bev,lightweight,CH4,32175.869076220195,g/vehicle-lifetime,vehicle_cycle_total_no_eol_credits
Pickup,3,50,150,Class 6 PnD Trucks,1,20,True,inputs/0_external_models/R&D GREET2025_Rev1/R&D GREET1_2025_Rev1.xlsm,inputs/0_external_models/R&D GREET2025_Rev1/R&D GREET2_2025_Rev1.xlsm,3abed15be3442b25b66c7d991ce4ea89fd1fe534af930ae772e419241f0d976f,2be89abd169eba7180c0ca41102461682fc258a38ea143c5544bfd051ed03384,2025,2020,argonne_rd_greet_2025_rev1,road_vehicle_cycle_emissions,ldv,Pickup,Vehi_Sum,F233,A233,1.8) EV: Lightweight Material,bev,lightweight,N2O,480.37981116063236,g/vehicle-lifetime,vehicle_cycle_total_no_eol_credits
Pickup,3,50,150,Class 6 PnD Trucks,1,20,True,inputs/0_external_models/R&D GREET2025_Rev1/R&D GREET1_2025_Rev1.xlsm,inputs/0_external_models/R&D GREET2025_Rev1/R&D GREET2_2025_Rev1.xlsm,3abed15be3442b25b66c7d991ce4ea89fd1fe534af930ae772e419241f0d976f,2be89abd169eba7180c0ca41102461682fc258a38ea143c5544bfd051ed03384,2025,2020,argonne_rd_greet_2025_rev1,road_vehicle_cycle_emissions,ldv,Pickup,Vehi_Sum,F261,A261,1.9) FCV: Conventional Material,fcev,conventional,CO2,9339393.984336438,g/vehicle-lifetime,vehicle_cycle_total_no_eol_credits
Pickup,3,50,150,Class 6 PnD Trucks,1,20,True,inputs/0_external_models/R&D GREET2025_Rev1/R&D GREET1_2025_Rev1.xlsm,inputs/0_external_models/R&D GREET2025_Rev1/R&D GREET2_2025_Rev1.xlsm,3abed15be3442b25b66c7d991ce4ea89fd1fe534af930ae772e419241f0d976f,2be89abd169eba7180c0ca41102461682fc258a38ea143c5544bfd051ed03384,2025,2020,argonne_rd_greet_2025_rev1,road_vehicle_cycle_emissions,ldv,Pickup,Vehi_Sum,F263,A263,1.9) FCV: Conventional Material,fcev,conventional,CH4,21844.637994938686,g/vehicle-lifetime,vehicle_cycle_total_no_eol_credits
Pickup,3,50,150,Class 6 PnD Trucks,1,20,True,inputs/0_external_models/R&D GREET2025_Rev1/R&D GREET1_2025_Rev1.xlsm,inputs/0_external_models/R&D GREET2025_Rev1/R&D GREET2_2025_Rev1.xlsm,3abed15be3442b25b66c7d991ce4ea89fd1fe534af930ae772e419241f0d976f,2be89abd169eba7180c0ca41102461682fc258a38ea143c5544bfd051ed03384,2025,2020,argonne_rd_greet_2025_rev1,road_vehicle_cycle_emissions,ldv,Pickup,Vehi_Sum,F264,A264,1.9) FCV: Conventional Material,fcev,conventional,N2O,311.74642460039706,g/vehicle-lifetime,vehicle_cycle_total_no_eol_credits
Pickup,3,50,150,Class 6 PnD Trucks,1,20,True,inputs/0_external_models/R&D GREET2025_Rev1/R&D GREET1_2025_Rev1.xlsm,inputs/0_external_models/R&D GREET2025_Rev1/R&D GREET2_2025_Rev1.xlsm,3abed15be3442b25b66c7d991ce4ea89fd1fe534af930ae772e419241f0d976f,2be89abd169eba7180c0ca41102461682fc258a38ea143c5544bfd051ed03384,2025,2020,argonne_rd_greet_2025_rev1,road_vehicle_cycle_emissions,ldv,Pickup,Vehi_Sum,F292,A292,1.10) FCV: Lightweight Material,fcev,lightweight,CO2,11038429.975205246,g/vehicle-lifetime,vehicle_cycle_total_no_eol_credits
Pickup,3,50,150,Class 6 PnD Trucks,1,20,True,inputs/0_external_models/R&D GREET2025_Rev1/R&D GREET1_2025_Rev1.xlsm,inputs/0_external_models/R&D GREET2025_Rev1/R&D GREET2_2025_Rev1.xlsm,3abed15be3442b25b66c7d991ce4ea89fd1fe534af930ae772e419241f0d976f,2be89abd169eba7180c0ca41102461682fc258a38ea143c5544bfd051ed03384,2025,2020,argonne_rd_greet_2025_rev1,road_vehicle_cycle_emissions,ldv,Pickup,Vehi_Sum,F294,A294,1.10) FCV: Lightweight Material,fcev,lightweight,CH4,27629.935533285337,g/vehicle-lifetime,vehicle_cycle_total_no_eol_credits
Pickup,3,50,150,Class 6 PnD Trucks,1,20,True,inputs/0_external_models/R&D GREET2025_Rev1/R&D GREET1_2025_Rev1.xlsm,inputs/0_external_models/R&D GREET2025_Rev1/R&D GREET2_2025_Rev1.xlsm,3abed15be3442b25b66c7d991ce4ea89fd1fe534af930ae772e419241f0d976f,2be89abd169eba7180c0ca41102461682fc258a38ea143c5544bfd051ed03384,2025,2020,argonne_rd_greet_2025_rev1,road_vehicle_cycle_emissions,ldv,Pickup,Vehi_Sum,F295,A295,1.10) FCV: Lightweight Material,fcev,lightweight,N2O,396.3824283494315,g/vehicle-lifetime,vehicle_cycle_total_no_eol_credits
Pickup,3,50,150,Class 6 PnD Trucks,1,20,True,inputs/0_external_models/R&D GREET2025_Rev1/R&D GREET1_2025_Rev1.xlsm,inputs/0_external_models/R&D GREET2025_Rev1/R&D GREET2_2025_Rev1.xlsm,3abed15be3442b25b66c7d991ce4ea89fd1fe534af930ae772e419241f0d976f,2be89abd169eba7180c0ca41102461682fc258a38ea143c5544bfd051ed03384,2025,2020,argonne_rd_greet_2025_rev1,road_vehicle_cycle_emissions,mhdv,Class 6 PnD Trucks,MHDV_Sum,G13,A13,1.1) ICEV,icev,none,CO2,17814591.789810307,g/vehicle-lifetime,vehicle_cycle_total_no_eol_credits
Pickup,3,50,150,Class 6 PnD Trucks,1,20,True,inputs/0_external_models/R&D GREET2025_Rev1/R&D GREET1_2025_Rev1.xlsm,inputs/0_external_models/R&D GREET2025_Rev1/R&D GREET2_2025_Rev1.xlsm,3abed15be3442b25b66c7d991ce4ea89fd1fe534af930ae772e419241f0d976f,2be89abd169eba7180c0ca41102461682fc258a38ea143c5544bfd051ed03384,2025,2020,argonne_rd_greet_2025_rev1,road_vehicle_cycle_emissions,mhdv,Class 6 PnD Trucks,MHDV_Sum,G15,A15,1.1) ICEV,icev,none,CH4,33984.61026012566,g/vehicle-lifetime,vehicle_cycle_total_no_eol_credits
Pickup,3,50,150,Class 6 PnD Trucks,1,20,True,inputs/0_external_models/R&D GREET2025_Rev1/R&D GREET1_2025_Rev1.xlsm,inputs/0_external_models/R&D GREET2025_Rev1/R&D GREET2_2025_Rev1.xlsm,3abed15be3442b25b66c7d991ce4ea89fd1fe534af930ae772e419241f0d976f,2be89abd169eba7180c0ca41102461682fc258a38ea143c5544bfd051ed03384,2025,2020,argonne_rd_greet_2025_rev1,road_vehicle_cycle_emissions,mhdv,Class 6 PnD Trucks,MHDV_Sum,G16,A16,1.1) ICEV,icev,none,N2O,336.9746755969985,g/vehicle-lifetime,vehicle_cycle_total_no_eol_credits
Pickup,3,50,150,Class 6 PnD Trucks,1,20,True,inputs/0_external_models/R&D GREET2025_Rev1/R&D GREET1_2025_Rev1.xlsm,inputs/0_external_models/R&D GREET2025_Rev1/R&D GREET2_2025_Rev1.xlsm,3abed15be3442b25b66c7d991ce4ea89fd1fe534af930ae772e419241f0d976f,2be89abd169eba7180c0ca41102461682fc258a38ea143c5544bfd051ed03384,2025,2020,argonne_rd_greet_2025_rev1,road_vehicle_cycle_emissions,mhdv,Class 6 PnD Trucks,MHDV_Sum,G44,A44,1.2) HEV,hev,none,CO2,18333102.181475896,g/vehicle-lifetime,vehicle_cycle_total_no_eol_credits
Pickup,3,50,150,Class 6 PnD Trucks,1,20,True,inputs/0_external_models/R&D GREET2025_Rev1/R&D GREET1_2025_Rev1.xlsm,inputs/0_external_models/R&D GREET2025_Rev1/R&D GREET2_2025_Rev1.xlsm,3abed15be3442b25b66c7d991ce4ea89fd1fe534af930ae772e419241f0d976f,2be89abd169eba7180c0ca41102461682fc258a38ea143c5544bfd051ed03384,2025,2020,argonne_rd_greet_2025_rev1,road_vehicle_cycle_emissions,mhdv,Class 6 PnD Trucks,MHDV_Sum,G46,A46,1.2) HEV,hev,none,CH4,34987.40289923422,g/vehicle-lifetime,vehicle_cycle_total_no_eol_credits
Pickup,3,50,150,Class 6 PnD Trucks,1,20,True,inputs/0_external_models/R&D GREET2025_Rev1/R&D GREET1_2025_Rev1.xlsm,inputs/0_external_models/R&D GREET2025_Rev1/R&D GREET2_2025_Rev1.xlsm,3abed15be3442b25b66c7d991ce4ea89fd1fe534af930ae772e419241f0d976f,2be89abd169eba7180c0ca41102461682fc258a38ea143c5544bfd051ed03384,2025,2020,argonne_rd_greet_2025_rev1,road_vehicle_cycle_emissions,mhdv,Class 6 PnD Trucks,MHDV_Sum,G47,A47,1.2) HEV,hev,none,N2O,367.90150824555917,g/vehicle-lifetime,vehicle_cycle_total_no_eol_credits
Pickup,3,50,150,Class 6 PnD Trucks,1,20,True,inputs/0_external_models/R&D GREET2025_Rev1/R&D GREET1_2025_Rev1.xlsm,inputs/0_external_models/R&D GREET2025_Rev1/R&D GREET2_2025_Rev1.xlsm,3abed15be3442b25b66c7d991ce4ea89fd1fe534af930ae772e419241f0d976f,2be89abd169eba7180c0ca41102461682fc258a38ea143c5544bfd051ed03384,2025,2020,argonne_rd_greet_2025_rev1,road_vehicle_cycle_emissions,mhdv,Class 6 PnD Trucks,MHDV_Sum,G75,A75,1.3) EV,bev,none,CO2,29416143.833984002,g/vehicle-lifetime,vehicle_cycle_total_no_eol_credits
Pickup,3,50,150,Class 6 PnD Trucks,1,20,True,inputs/0_external_models/R&D GREET2025_Rev1/R&D GREET1_2025_Rev1.xlsm,inputs/0_external_models/R&D GREET2025_Rev1/R&D GREET2_2025_Rev1.xlsm,3abed15be3442b25b66c7d991ce4ea89fd1fe534af930ae772e419241f0d976f,2be89abd169eba7180c0ca41102461682fc258a38ea143c5544bfd051ed03384,2025,2020,argonne_rd_greet_2025_rev1,road_vehicle_cycle_emissions,mhdv,Class 6 PnD Trucks,MHDV_Sum,G77,A77,1.3) EV,bev,none,CH4,55954.54371452834,g/vehicle-lifetime,vehicle_cycle_total_no_eol_credits
Pickup,3,50,150,Class 6 PnD Trucks,1,20,True,inputs/0_external_models/R&D GREET2025_Rev1/R&D GREET1_2025_Rev1.xlsm,inputs/0_external_models/R&D GREET2025_Rev1/R&D GREET2_2025_Rev1.xlsm,3abed15be3442b25b66c7d991ce4ea89fd1fe534af930ae772e419241f0d976f,2be89abd169eba7180c0ca41102461682fc258a38ea143c5544bfd051ed03384,2025,2020,argonne_rd_greet_2025_rev1,road_vehicle_cycle_emissions,mhdv,Class 6 PnD Trucks,MHDV_Sum,G78,A78,1.3) EV,bev,none,N2O,702.6596442728859,g/vehicle-lifetime,vehicle_cycle_total_no_eol_credits
Pickup,3,50,150,Class 6 PnD Trucks,1,20,True,inputs/0_external_models/R&D GREET2025_Rev1/R&D GREET1_2025_Rev1.xlsm,inputs/0_external_models/R&D GREET2025_Rev1/R&D GREET2_2025_Rev1.xlsm,3abed15be3442b25b66c7d991ce4ea89fd1fe534af930ae772e419241f0d976f,2be89abd169eba7180c0ca41102461682fc258a38ea143c5544bfd051ed03384,2025,2020,argonne_rd_greet_2025_rev1,road_vehicle_cycle_emissions,mhdv,Class 6 PnD Trucks,MHDV_Sum,G106,A106,1.4) FCV,fcev,none,CO2,22456533.43579129,g/vehicle-lifetime,vehicle_cycle_total_no_eol_credits
Pickup,3,50,150,Class 6 PnD Trucks,1,20,True,inputs/0_external_models/R&D GREET2025_Rev1/R&D GREET1_2025_Rev1.xlsm,inputs/0_external_models/R&D GREET2025_Rev1/R&D GREET2_2025_Rev1.xlsm,3abed15be3442b25b66c7d991ce4ea89fd1fe534af930ae772e419241f0d976f,2be89abd169eba7180c0ca41102461682fc258a38ea143c5544bfd051ed03384,2025,2020,argonne_rd_greet_2025_rev1,road_vehicle_cycle_emissions,mhdv,Class 6 PnD Trucks,MHDV_Sum,G108,A108,1.4) FCV,fcev,none,CH4,46226.268830381465,g/vehicle-lifetime,vehicle_cycle_total_no_eol_credits
Pickup,3,50,150,Class 6 PnD Trucks,1,20,True,inputs/0_external_models/R&D GREET2025_Rev1/R&D GREET1_2025_Rev1.xlsm,inputs/0_external_models/R&D GREET2025_Rev1/R&D GREET2_2025_Rev1.xlsm,3abed15be3442b25b66c7d991ce4ea89fd1fe534af930ae772e419241f0d976f,2be89abd169eba7180c0ca41102461682fc258a38ea143c5544bfd051ed03384,2025,2020,argonne_rd_greet_2025_rev1,road_vehicle_cycle_emissions,mhdv,Class 6 PnD Trucks,MHDV_Sum,G109,A109,1.4) FCV,fcev,none,N2O,498.7322965018775,g/vehicle-lifetime,vehicle_cycle_total_no_eol_credits
SUV,2,35,150,Class 6 PnD Trucks,1,21,True,inputs/0_external_models/R&D GREET2025_Rev1/R&D GREET1_2025_Rev1.xlsm,inputs/0_external_models/R&D GREET2025_Rev1/R&D GREET2_2025_Rev1.xlsm,3abed15be3442b25b66c7d991ce4ea89fd1fe534af930ae772e419241f0d976f,2be89abd169eba7180c0ca41102461682fc258a38ea143c5544bfd051ed03384,2025,2020,argonne_rd_greet_2025_rev1,road_vehicle_cycle_emissions,ldv,SUV,Vehi_Sum,F13,A13,1.1) ICEV: Conventional Material,icev,conventional,CO2,6332983.137454158,g/vehicle-lifetime,vehicle_cycle_total_no_eol_credits
SUV,2,35,150,Class 6 PnD Trucks,1,21,True,inputs/0_external_models/R&D GREET2025_Rev1/R&D GREET1_2025_Rev1.xlsm,inputs/0_external_models/R&D GREET2025_Rev1/R&D GREET2_2025_Rev1.xlsm,3abed15be3442b25b66c7d991ce4ea89fd1fe534af930ae772e419241f0d976f,2be89abd169eba7180c0ca41102461682fc258a38ea143c5544bfd051ed03384,2025,2020,argonne_rd_greet_2025_rev1,road_vehicle_cycle_emissions,ldv,SUV,Vehi_Sum,F15,A15,1.1) ICEV: Conventional Material,icev,conventional,CH4,14394.59462971612,g/vehicle-lifetime,vehicle_cycle_total_no_eol_credits
SUV,2,35,150,Class 6 PnD Trucks,1,21,True,inputs/0_external_models/R&D GREET2025_Rev1/R&D GREET1_2025_Rev1.xlsm,inputs/0_external_models/R&D GREET2025_Rev1/R&D GREET2_2025_Rev1.xlsm,3abed15be3442b25b66c7d991ce4ea89fd1fe534af930ae772e419241f0d976f,2be89abd169eba7180c0ca41102461682fc258a38ea143c5544bfd051ed03384,2025,2020,argonne_rd_greet_2025_rev1,road_vehicle_cycle_emissions,ldv,SUV,Vehi_Sum,F16,A16,1.1) ICEV: Conventional Material,icev,conventional,N2O,186.5049448527784,g/vehicle-lifetime,vehicle_cycle_total_no_eol_credits
SUV,2,35,150,Class 6 PnD Trucks,1,21,True,inputs/0_external_models/R&D GREET2025_Rev1/R&D GREET1_2025_Rev1.xlsm,inputs/0_external_models/R&D GREET2025_Rev1/R&D GREET2_2025_Rev1.xlsm,3abed15be3442b25b66c7d991ce4ea89fd1fe534af930ae772e419241f0d976f,2be89abd169eba7180c0ca41102461682fc258a38ea143c5544bfd051ed03384,2025,2020,argonne_rd_greet_2025_rev1,road_vehicle_cycle_emissions,ldv,SUV,Vehi_Sum,F44,A44,1.2) ICEV: Lightweight Material,icev,lightweight,CO2,8212767.4161944,g/vehicle-lifetime,vehicle_cycle_total_no_eol_credits
SUV,2,35,150,Class 6 PnD Trucks,1,21,True,inputs/0_external_models/R&D GREET2025_Rev1/R&D GREET1_2025_Rev1.xlsm,inputs/0_external_models/R&D GREET2025_Rev1/R&D GREET2_2025_Rev1.xlsm,3abed15be3442b25b66c7d991ce4ea89fd1fe534af930ae772e419241f0d976f,2be89abd169eba7180c0ca41102461682fc258a38ea143c5544bfd051ed03384,2025,2020,argonne_rd_greet_2025_rev1,road_vehicle_cycle_emissions,ldv,SUV,Vehi_Sum,F46,A46,1.2) ICEV: Lightweight Material,icev,lightweight,CH4,20082.88161735281,g/vehicle-lifetime,vehicle_cycle_total_no_eol_credits
SUV,2,35,150,Class 6 PnD Trucks,1,21,True,inputs/0_external_models/R&D GREET2025_Rev1/R&D GREET1_2025_Rev1.xlsm,inputs/0_external_models/R&D GREET2025_Rev1/R&D GREET2_2025_Rev1.xlsm,3abed15be3442b25b66c7d991ce4ea89fd1fe534af930ae772e419241f0d976f,2be89abd169eba7180c0ca41102461682fc258a38ea143c5544bfd051ed03384,2025,2020,argonne_rd_greet_2025_rev1,road_vehicle_cycle_emissions,ldv,SUV,Vehi_Sum,F47,A47,1.2) ICEV: Lightweight Material,icev,lightweight,N2O,244.64823562621734,g/vehicle-lifetime,vehicle_cycle_total_no_eol_credits
SUV,2,35,150,Class 6 PnD Trucks,1,21,True,inputs/0_external_models/R&D GREET2025_Rev1/R&D GREET1_2025_Rev1.xlsm,inputs/0_external_models/R&D GREET2025_Rev1/R&D GREET2_2025_Rev1.xlsm,3abed15be3442b25b66c7d991ce4ea89fd1fe534af930ae772e419241f0d976f,2be89abd169eba7180c0ca41102461682fc258a38ea143c5544bfd051ed03384,2025,2020,argonne_rd_greet_2025_rev1,road_vehicle_cycle_emissions,ldv,SUV,Vehi_Sum,F75,A75,1.3) HEV: Conventional Material,hev,conventional,CO2,6746556.176368394,g/vehicle-lifetime,vehicle_cycle_total_no_eol_credits
SUV,2,35,150,Class 6 PnD Trucks,1,21,True,inputs/0_external_models/R&D GREET2025_Rev1/R&D GREET1_2025_Rev1.xlsm,inputs/0_external_models/R&D GREET2025_Rev1/R&D GREET2_2025_Rev1.xlsm,3abed15be3442b25b66c7d991ce4ea89fd1fe534af930ae772e419241f0d976f,2be89abd169eba7180c0ca41102461682fc258a38ea143c5544bfd051ed03384,2025,2020,argonne_rd_greet_2025_rev1,road_vehicle_cycle_emissions,ldv,SUV,Vehi_Sum,F77,A77,1.3) HEV: Conventional Material,hev,conventional,CH4,15220.619886507924,g/vehicle-lifetime,vehicle_cycle_total_no_eol_credits
SUV,2,35,150,Class 6 PnD Trucks,1,21,True,inputs/0_external_models/R&D GREET2025_Rev1/R&D GREET1_2025_Rev1.xlsm,inputs/0_external_models/R&D GREET2025_Rev1/R&D GREET2_2025_Rev1.xlsm,3abed15be3442b25b66c7d991ce4ea89fd1fe534af930ae772e419241f0d976f,2be89abd169eba7180c0ca41102461682fc258a38ea143c5544bfd051ed03384,2025,2020,argonne_rd_greet_2025_rev1,road_vehicle_cycle_emissions,ldv,SUV,Vehi_Sum,F78,A78,1.3) HEV: Conventional Material,hev,conventional,N2O,256.7929794887776,g/vehicle-lifetime,vehicle_cycle_total_no_eol_credits
SUV,2,35,150,Class 6 PnD Trucks,1,21,True,inputs/0_external_models/R&D GREET2025_Rev1/R&D GREET1_2025_Rev1.xlsm,inputs/0_external_models/R&D GREET2025_Rev1/R&D GREET2_2025_Rev1.xlsm,3abed15be3442b25b66c7d991ce4ea89fd1fe534af930ae772e419241f0d976f,2be89abd169eba7180c0ca41102461682fc258a38ea143c5544bfd051ed03384,2025,2020,argonne_rd_greet_2025_rev1,road_vehicle_cycle_emissions,ldv,SUV,Vehi_Sum,F106,A106,1.4) HEV: Lightweight Material,hev,lightweight,CO2,8569583.004411096,g/vehicle-lifetime,vehicle_cycle_total_no_eol_credits
SUV,2,35,150,Class 6 PnD Trucks,1,21,True,inputs/0_external_models/R&D GREET2025_Rev1/R&D GREET1_2025_Rev1.xlsm,inputs/0_external_models/R&D GREET2025_Rev1/R&D GREET2_2025_Rev1.xlsm,3abed15be3442b25b66c7d991ce4ea89fd1fe534af930ae772e419241f0d976f,2be89abd169eba7180c0ca41102461682fc258a38ea143c5544bfd051ed03384,2025,2020,argonne_rd_greet_2025_rev1,road_vehicle_cycle_emissions,ldv,SUV,Vehi_Sum,F108,A108,1.4) HEV: Lightweight Material,hev,lightweight,CH4,20573.917972039057,g/vehicle-lifetime,vehicle_cycle_total_no_eol_credits
SUV,2,35,150,Class 6 PnD Trucks,1,21,True,inputs/0_external_models/R&D GREET2025_Rev1/R&D GREET1_2025_Rev1.xlsm,inputs/0_external_models/R&D GREET2025_Rev1/R&D GREET2_2025_Rev1.xlsm,3abed15be3442b25b66c7d991ce4ea89fd1fe534af930ae772e419241f0d976f,2be89abd169eba7180c0ca41102461682fc258a38ea143c5544bfd051ed03384,2025,2020,argonne_rd_greet_2025_rev1,road_vehicle_cycle_emissions,ldv,SUV,Vehi_Sum,F109,A109,1.4) HEV: Lightweight Material,hev,lightweight,N2O,311.58442078249846,g/vehicle-lifetime,vehicle_cycle_total_no_eol_credits
SUV,2,35,150,Class 6 PnD Trucks,1,21,True,inputs/0_external_models/R&D GREET2025_Rev1/R&D GREET1_2025_Rev1.xlsm,inputs/0_external_models/R&D GREET2025_Rev1/R&D GREET2_2025_Rev1.xlsm,3abed15be3442b25b66c7d991ce4ea89fd1fe534af930ae772e419241f0d976f,2be89abd169eba7180c0ca41102461682fc258a38ea143c5544bfd051ed03384,2025,2020,argonne_rd_greet_2025_rev1,road_vehicle_cycle_emissions,ldv,SUV,Vehi_Sum,F137,A137,1.5) PHEV: Conventional Material,phev,conventional,CO2,7402943.711874342,g/vehicle-lifetime,vehicle_cycle_total_no_eol_credits
SUV,2,35,150,Class 6 PnD Trucks,1,21,True,inputs/0_external_models/R&D GREET2025_Rev1/R&D GREET1_2025_Rev1.xlsm,inputs/0_external_models/R&D GREET2025_Rev1/R&D GREET2_2025_Rev1.xlsm,3abed15be3442b25b66c7d991ce4ea89fd1fe534af930ae772e419241f0d976f,2be89abd169eba7180c0ca41102461682fc258a38ea143c5544bfd051ed03384,2025,2020,argonne_rd_greet_2025_rev1,road_vehicle_cycle_emissions,ldv,SUV,Vehi_Sum,F139,A139,1.5) PHEV: Conventional Material,phev,conventional,CH4,16401.753883398662,g/vehicle-lifetime,vehicle_cycle_total_no_eol_credits
SUV,2,35,150,Class 6 PnD Trucks,1,21,True,inputs/0_external_models/R&D GREET2025_Rev1/R&D GREET1_2025_Rev1.xlsm,inputs/0_external_models/R&D GREET2025_Rev1/R&D GREET2_2025_Rev1.xlsm,3abed15be3442b25b66c7d991ce4ea89fd1fe534af930ae772e419241f0d976f,2be89abd169eba7180c0ca41102461682fc258a38ea143c5544bfd051ed03384,2025,2020,argonne_rd_greet_2025_rev1,road_vehicle_cycle_emissions,ldv,SUV,Vehi_Sum,F140,A140,1.5) PHEV: Conventional Material,phev,conventional,N2O,242.97540719710312,g/vehicle-lifetime,vehicle_cycle_total_no_eol_credits
SUV,2,35,150,Class 6 PnD Trucks,1,21,True,inputs/0_external_models/R&D GREET2025_Rev1/R&D GREET1_2025_Rev1.xlsm,inputs/0_external_models/R&D GREET2025_Rev1/R&D GREET2_2025_Rev1.xlsm,3abed15be3442b25b66c7d991ce4ea89fd1fe534af930ae772e419241f0d976f,2be89abd169eba7180c0ca41102461682fc258a38ea143c5544bfd051ed03384,2025,2020,argonne_rd_greet_2025_rev1,road_vehicle_cycle_emissions,ldv,SUV,Vehi_Sum,F168,A168,1.6) PHEV: Lightweight Material,phev,lightweight,CO2,8855353.914229259,g/vehicle-lifetime,vehicle_cycle_total_no_eol_credits
SUV,2,35,150,Class 6 PnD Trucks,1,21,True,inputs/0_external_models/R&D GREET2025_Rev1/R&D GREET1_2025_Rev1.xlsm,inputs/0_external_models/R&D GREET2025_Rev1/R&D GREET2_2025_Rev1.xlsm,3abed15be3442b25b66c7d991ce4ea89fd1fe534af930ae772e419241f0d976f,2be89abd169eba7180c0ca41102461682fc258a38ea143c5544bfd051ed03384,2025,2020,argonne_rd_greet_2025_rev1,road_vehicle_cycle_emissions,ldv,SUV,Vehi_Sum,F170,A170,1.6) PHEV: Lightweight Material,phev,lightweight,CH4,20998.196024398338,g/vehicle-lifetime,vehicle_cycle_total_no_eol_credits
SUV,2,35,150,Class 6 PnD Trucks,1,21,True,inputs/0_external_models/R&D GREET2025_Rev1/R&D GREET1_2025_Rev1.xlsm,inputs/0_external_models/R&D GREET2025_Rev1/R&D GREET2_2025_Rev1.xlsm,3abed15be3442b25b66c7d991ce4ea89fd1fe534af930ae772e419241f0d976f,2be89abd169eba7180c0ca41102461682fc258a38ea143c5544bfd051ed03384,2025,2020,argonne_rd_greet_2025_rev1,road_vehicle_cycle_emissions,ldv,SUV,Vehi_Sum,F171,A171,1.6) PHEV: Lightweight Material,phev,lightweight,N2O,281.3554415408041,g/vehicle-lifetime,vehicle_cycle_total_no_eol_credits
SUV,2,35,150,Class 6 PnD Trucks,1,21,True,inputs/0_external_models/R&D GREET2025_Rev1/R&D GREET1_2025_Rev1.xlsm,inputs/0_external_models/R&D GREET2025_Rev1/R&D GREET2_2025_Rev1.xlsm,3abed15be3442b25b66c7d991ce4ea89fd1fe534af930ae772e419241f0d976f,2be89abd169eba7180c0ca41102461682fc258a38ea143c5544bfd051ed03384,2025,2020,argonne_rd_greet_2025_rev1,road_vehicle_cycle_emissions,ldv,SUV,Vehi_Sum,F199,A199,1.7) EV: Conventional Material,bev,conventional,CO2,7966406.062618433,g/vehicle-lifetime,vehicle_cycle_total_no_eol_credits
SUV,2,35,150,Class 6 PnD Trucks,1,21,True,inputs/0_external_models/R&D GREET2025_Rev1/R&D GREET1_2025_Rev1.xlsm,inputs/0_external_models/R&D GREET2025_Rev1/R&D GREET2_2025_Rev1.xlsm,3abed15be3442b25b66c7d991ce4ea89fd1fe534af930ae772e419241f0d976f,2be89abd169eba7180c0ca41102461682fc258a38ea143c5544bfd051ed03384,2025,2020,argonne_rd_greet_2025_rev1,road_vehicle_cycle_emissions,ldv,SUV,Vehi_Sum,F201,A201,1.7) EV: Conventional Material,bev,conventional,CH4,17764.390489162593,g/vehicle-lifetime,vehicle_cycle_total_no_eol_credits
SUV,2,35,150,Class 6 PnD Trucks,1,21,True,inputs/0_external_models/R&D GREET2025_Rev1/R&D GREET1_2025_Rev1.xlsm,inputs/0_external_models/R&D GREET2025_Rev1/R&D GREET2_2025_Rev1.xlsm,3abed15be3442b25b66c7d991ce4ea89fd1fe534af930ae772e419241f0d976f,2be89abd169eba7180c0ca41102461682fc258a38ea143c5544bfd051ed03384,2025,2020,argonne_rd_greet_2025_rev1,road_vehicle_cycle_emissions,ldv,SUV,Vehi_Sum,F202,A202,1.7) EV: Conventional Material,bev,conventional,N2O,256.6290091130427,g/vehicle-lifetime,vehicle_cycle_total_no_eol_credits
SUV,2,35,150,Class 6 PnD Trucks,1,21,True,inputs/0_external_models/R&D GREET2025_Rev1/R&D GREET1_2025_Rev1.xlsm,inputs/0_external_models/R&D GREET2025_Rev1/R&D GREET2_2025_Rev1.xlsm,3abed15be3442b25b66c7d991ce4ea89fd1fe534af930ae772e419241f0d976f,2be89abd169eba7180c0ca41102461682fc258a38ea143c5544bfd051ed03384,2025,2020,argonne_rd_greet_2025_rev1,road_vehicle_cycle_emissions,ldv,SUV,Vehi_Sum,F230,A230,1.8) EV: Lightweight Material,bev,lightweight,CO2,12767837.180985441,g/vehicle-lifetime,vehicle_cycle_total_no_eol_credits
SUV,2,35,150,Class 6 PnD Trucks,1,21,True,inputs/0_external_models/R&D GREET2025_Rev1/R&D GREET1_2025_Rev1.xlsm,inputs/0_external_models/R&D GREET2025_Rev1/R&D GREET2_2025_Rev1.xlsm,3abed15be3442b25b66c7d991ce4ea89fd1fe534af930ae772e419241f0d976f,2be89abd169eba7180c0ca41102461682fc258a38ea143c5544bfd051ed03384,2025,2020,argonne_rd_greet_2025_rev1,road_vehicle_cycle_emissions,ldv,SUV,Vehi_Sum,F232,A232,1.8) EV: Lightweight Material,bev,lightweight,CH4,28929.93824956483,g/vehicle-lifetime,vehicle_cycle_total_no_eol_credits
SUV,2,35,150,Class 6 PnD Trucks,1,21,True,inputs/0_external_models/R&D GREET2025_Rev1/R&D GREET1_2025_Rev1.xlsm,inputs/0_external_models/R&D GREET2025_Rev1/R&D GREET2_2025_Rev1.xlsm,3abed15be3442b25b66c7d991ce4ea89fd1fe534af930ae772e419241f0d976f,2be89abd169eba7180c0ca41102461682fc258a38ea143c5544bfd051ed03384,2025,2020,argonne_rd_greet_2025_rev1,road_vehicle_cycle_emissions,ldv,SUV,Vehi_Sum,F233,A233,1.8) EV: Lightweight Material,bev,lightweight,N2O,430.69366644066054,g/vehicle-lifetime,vehicle_cycle_total_no_eol_credits
SUV,2,35,150,Class 6 PnD Trucks,1,21,True,inputs/0_external_models/R&D GREET2025_Rev1/R&D GREET1_2025_Rev1.xlsm,inputs/0_external_models/R&D GREET2025_Rev1/R&D GREET2_2025_Rev1.xlsm,3abed15be3442b25b66c7d991ce4ea89fd1fe534af930ae772e419241f0d976f,2be89abd169eba7180c0ca41102461682fc258a38ea143c5544bfd051ed03384,2025,2020,argonne_rd_greet_2025_rev1,road_vehicle_cycle_emissions,ldv,SUV,Vehi_Sum,F261,A261,1.9) FCV: Conventional Material,fcev,conventional,CO2,7493673.905710698,g/vehicle-lifetime,vehicle_cycle_total_no_eol_credits
SUV,2,35,150,Class 6 PnD Trucks,1,21,True,inputs/0_external_models/R&D GREET2025_Rev1/R&D GREET1_2025_Rev1.xlsm,inputs/0_external_models/R&D GREET2025_Rev1/R&D GREET2_2025_Rev1.xlsm,3abed15be3442b25b66c7d991ce4ea89fd1fe534af930ae772e419241f0d976f,2be89abd169eba7180c0ca41102461682fc258a38ea143c5544bfd051ed03384,2025,2020,argonne_rd_greet_2025_rev1,road_vehicle_cycle_emissions,ldv,SUV,Vehi_Sum,F263,A263,1.9) FCV: Conventional Material,fcev,conventional,CH4,18029.409008966304,g/vehicle-lifetime,vehicle_cycle_total_no_eol_credits
SUV,2,35,150,Class 6 PnD Trucks,1,21,True,inputs/0_external_models/R&D GREET2025_Rev1/R&D GREET1_2025_Rev1.xlsm,inputs/0_external_models/R&D GREET2025_Rev1/R&D GREET2_2025_Rev1.xlsm,3abed15be3442b25b66c7d991ce4ea89fd1fe534af930ae772e419241f0d976f,2be89abd169eba7180c0ca41102461682fc258a38ea143c5544bfd051ed03384,2025,2020,argonne_rd_greet_2025_rev1,road_vehicle_cycle_emissions,ldv,SUV,Vehi_Sum,F264,A264,1.9) FCV: Conventional Material,fcev,conventional,N2O,266.94689244128455,g/vehicle-lifetime,vehicle_cycle_total_no_eol_credits
SUV,2,35,150,Class 6 PnD Trucks,1,21,True,inputs/0_external_models/R&D GREET2025_Rev1/R&D GREET1_2025_Rev1.xlsm,inputs/0_external_models/R&D GREET2025_Rev1/R&D GREET2_2025_Rev1.xlsm,3abed15be3442b25b66c7d991ce4ea89fd1fe534af930ae772e419241f0d976f,2be89abd169eba7180c0ca41102461682fc258a38ea143c5544bfd051ed03384,2025,2020,argonne_rd_greet_2025_rev1,road_vehicle_cycle_emissions,ldv,SUV,Vehi_Sum,F292,A292,1.10) FCV: Lightweight Material,fcev,lightweight,CO2,9619710.765171122,g/vehicle-lifetime,vehicle_cycle_total_no_eol_credits
SUV,2,35,150,Class 6 PnD Trucks,1,21,True,inputs/0_external_models/R&D GREET2025_Rev1/R&D GREET1_2025_Rev1.xlsm,inputs/0_external_models/R&D GREET2025_Rev1/R&D GREET2_2025_Rev1.xlsm,3abed15be3442b25b66c7d991ce4ea89fd1fe534af930ae772e419241f0d976f,2be89abd169eba7180c0ca41102461682fc258a38ea143c5544bfd051ed03384,2025,2020,argonne_rd_greet_2025_rev1,road_vehicle_cycle_emissions,ldv,SUV,Vehi_Sum,F294,A294,1.10) FCV: Lightweight Material,fcev,lightweight,CH4,24384.44598162074,g/vehicle-lifetime,vehicle_cycle_total_no_eol_credits
SUV,2,35,150,Class 6 PnD Trucks,1,21,True,inputs/0_external_models/R&D GREET2025_Rev1/R&D GREET1_2025_Rev1.xlsm,inputs/0_external_models/R&D GREET2025_Rev1/R&D GREET2_2025_Rev1.xlsm,3abed15be3442b25b66c7d991ce4ea89fd1fe534af930ae772e419241f0d976f,2be89abd169eba7180c0ca41102461682fc258a38ea143c5544bfd051ed03384,2025,2020,argonne_rd_greet_2025_rev1,road_vehicle_cycle_emissions,ldv,SUV,Vehi_Sum,F295,A295,1.10) FCV: Lightweight Material,fcev,lightweight,N2O,347.9370277654682,g/vehicle-lifetime,vehicle_cycle_total_no_eol_credits
SUV,2,35,150,Class 6 PnD Trucks,1,21,True,inputs/0_external_models/R&D GREET2025_Rev1/R&D GREET1_2025_Rev1.xlsm,inputs/0_external_models/R&D GREET2025_Rev1/R&D GREET2_2025_Rev1.xlsm,3abed15be3442b25b66c7d991ce4ea89fd1fe534af930ae772e419241f0d976f,2be89abd169eba7180c0ca41102461682fc258a38ea143c5544bfd051ed03384,2025,2020,argonne_rd_greet_2025_rev1,road_vehicle_cycle_emissions,mhdv,Class 6 PnD Trucks,MHDV_Sum,G13,A13,1.1) ICEV,icev,none,CO2,17814591.789810307,g/vehicle-lifetime,vehicle_cycle_total_no_eol_credits
SUV,2,35,150,Class 6 PnD Trucks,1,21,True,inputs/0_external_models/R&D GREET2025_Rev1/R&D GREET1_2025_Rev1.xlsm,inputs/0_external_models/R&D GREET2025_Rev1/R&D GREET2_2025_Rev1.xlsm,3abed15be3442b25b66c7d991ce4ea89fd1fe534af930ae772e419241f0d976f,2be89abd169eba7180c0ca41102461682fc258a38ea143c5544bfd051ed03384,2025,2020,argonne_rd_greet_2025_rev1,road_vehicle_cycle_emissions,mhdv,Class 6 PnD Trucks,MHDV_Sum,G15,A15,1.1) ICEV,icev,none,CH4,33984.61026012566,g/vehicle-lifetime,vehicle_cycle_total_no_eol_credits
SUV,2,35,150,Class 6 PnD Trucks,1,21,True,inputs/0_external_models/R&D GREET2025_Rev1/R&D GREET1_2025_Rev1.xlsm,inputs/0_external_models/R&D GREET2025_Rev1/R&D GREET2_2025_Rev1.xlsm,3abed15be3442b25b66c7d991ce4ea89fd1fe534af930ae772e419241f0d976f,2be89abd169eba7180c0ca41102461682fc258a38ea143c5544bfd051ed03384,2025,2020,argonne_rd_greet_2025_rev1,road_vehicle_cycle_emissions,mhdv,Class 6 PnD Trucks,MHDV_Sum,G16,A16,1.1) ICEV,icev,none,N2O,336.9746755969985,g/vehicle-lifetime,vehicle_cycle_total_no_eol_credits
SUV,2,35,150,Class 6 PnD Trucks,1,21,True,inputs/0_external_models/R&D GREET2025_Rev1/R&D GREET1_2025_Rev1.xlsm,inputs/0_external_models/R&D GREET2025_Rev1/R&D GREET2_2025_Rev1.xlsm,3abed15be3442b25b66c7d991ce4ea89fd1fe534af930ae772e419241f0d976f,2be89abd169eba7180c0ca41102461682fc258a38ea143c5544bfd051ed03384,2025,2020,argonne_rd_greet_2025_rev1,road_vehicle_cycle_emissions,mhdv,Class 6 PnD Trucks,MHDV_Sum,G44,A44,1.2) HEV,hev,none,CO2,18333102.181475896,g/vehicle-lifetime,vehicle_cycle_total_no_eol_credits
SUV,2,35,150,Class 6 PnD Trucks,1,21,True,inputs/0_external_models/R&D GREET2025_Rev1/R&D GREET1_2025_Rev1.xlsm,inputs/0_external_models/R&D GREET2025_Rev1/R&D GREET2_2025_Rev1.xlsm,3abed15be3442b25b66c7d991ce4ea89fd1fe534af930ae772e419241f0d976f,2be89abd169eba7180c0ca41102461682fc258a38ea143c5544bfd051ed03384,2025,2020,argonne_rd_greet_2025_rev1,road_vehicle_cycle_emissions,mhdv,Class 6 PnD Trucks,MHDV_Sum,G46,A46,1.2) HEV,hev,none,CH4,34987.40289923422,g/vehicle-lifetime,vehicle_cycle_total_no_eol_credits
SUV,2,35,150,Class 6 PnD Trucks,1,21,True,inputs/0_external_models/R&D GREET2025_Rev1/R&D GREET1_2025_Rev1.xlsm,inputs/0_external_models/R&D GREET2025_Rev1/R&D GREET2_2025_Rev1.xlsm,3abed15be3442b25b66c7d991ce4ea89fd1fe534af930ae772e419241f0d976f,2be89abd169eba7180c0ca41102461682fc258a38ea143c5544bfd051ed03384,2025,2020,argonne_rd_greet_2025_rev1,road_vehicle_cycle_emissions,mhdv,Class 6 PnD Trucks,MHDV_Sum,G47,A47,1.2) HEV,hev,none,N2O,367.90150824555917,g/vehicle-lifetime,vehicle_cycle_total_no_eol_credits
SUV,2,35,150,Class 6 PnD Trucks,1,21,True,inputs/0_external_models/R&D GREET2025_Rev1/R&D GREET1_2025_Rev1.xlsm,inputs/0_external_models/R&D GREET2025_Rev1/R&D GREET2_2025_Rev1.xlsm,3abed15be3442b25b66c7d991ce4ea89fd1fe534af930ae772e419241f0d976f,2be89abd169eba7180c0ca41102461682fc258a38ea143c5544bfd051ed03384,2025,2020,argonne_rd_greet_2025_rev1,road_vehicle_cycle_emissions,mhdv,Class 6 PnD Trucks,MHDV_Sum,G75,A75,1.3) EV,bev,none,CO2,29416143.833984002,g/vehicle-lifetime,vehicle_cycle_total_no_eol_credits
SUV,2,35,150,Class 6 PnD Trucks,1,21,True,inputs/0_external_models/R&D GREET2025_Rev1/R&D GREET1_2025_Rev1.xlsm,inputs/0_external_models/R&D GREET2025_Rev1/R&D GREET2_2025_Rev1.xlsm,3abed15be3442b25b66c7d991ce4ea89fd1fe534af930ae772e419241f0d976f,2be89abd169eba7180c0ca41102461682fc258a38ea143c5544bfd051ed03384,2025,2020,argonne_rd_greet_2025_rev1,road_vehicle_cycle_emissions,mhdv,Class 6 PnD Trucks,MHDV_Sum,G77,A77,1.3) EV,bev,none,CH4,55954.54371452834,g/vehicle-lifetime,vehicle_cycle_total_no_eol_credits
SUV,2,35,150,Class 6 PnD Trucks,1,21,True,inputs/0_external_models/R&D GREET2025_Rev1/R&D GREET1_2025_Rev1.xlsm,inputs/0_external_models/R&D GREET2025_Rev1/R&D GREET2_2025_Rev1.xlsm,3abed15be3442b25b66c7d991ce4ea89fd1fe534af930ae772e419241f0d976f,2be89abd169eba7180c0ca41102461682fc258a38ea143c5544bfd051ed03384,2025,2020,argonne_rd_greet_2025_rev1,road_vehicle_cycle_emissions,mhdv,Class 6 PnD Trucks,MHDV_Sum,G78,A78,1.3) EV,bev,none,N2O,702.6596442728859,g/vehicle-lifetime,vehicle_cycle_total_no_eol_credits
SUV,2,35,150,Class 6 PnD Trucks,1,21,True,inputs/0_external_models/R&D GREET2025_Rev1/R&D GREET1_2025_Rev1.xlsm,inputs/0_external_models/R&D GREET2025_Rev1/R&D GREET2_2025_Rev1.xlsm,3abed15be3442b25b66c7d991ce4ea89fd1fe534af930ae772e419241f0d976f,2be89abd169eba7180c0ca41102461682fc258a38ea143c5544bfd051ed03384,2025,2020,argonne_rd_greet_2025_rev1,road_vehicle_cycle_emissions,mhdv,Class 6 PnD Trucks,MHDV_Sum,G106,A106,1.4) FCV,fcev,none,CO2,22456533.43579129,g/vehicle-lifetime,vehicle_cycle_total_no_eol_credits
SUV,2,35,150,Class 6 PnD Trucks,1,21,True,inputs/0_external_models/R&D GREET2025_Rev1/R&D GREET1_2025_Rev1.xlsm,inputs/0_external_models/R&D GREET2025_Rev1/R&D GREET2_2025_Rev1.xlsm,3abed15be3442b25b66c7d991ce4ea89fd1fe534af930ae772e419241f0d976f,2be89abd169eba7180c0ca41102461682fc258a38ea143c5544bfd051ed03384,2025,2020,argonne_rd_greet_2025_rev1,road_vehicle_cycle_emissions,mhdv,Class 6 PnD Trucks,MHDV_Sum,G108,A108,1.4) FCV,fcev,none,CH4,46226.268830381465,g/vehicle-lifetime,vehicle_cycle_total_no_eol_credits
SUV,2,35,150,Class 6 PnD Trucks,1,21,True,inputs/0_external_models/R&D GREET2025_Rev1/R&D GREET1_2025_Rev1.xlsm,inputs/0_external_models/R&D GREET2025_Rev1/R&D GREET2_2025_Rev1.xlsm,3abed15be3442b25b66c7d991ce4ea89fd1fe534af930ae772e419241f0d976f,2be89abd169eba7180c0ca41102461682fc258a38ea143c5544bfd051ed03384,2025,2020,argonne_rd_greet_2025_rev1,road_vehicle_cycle_emissions,mhdv,Class 6 PnD Trucks,MHDV_Sum,G109,A109,1.4) FCV,fcev,none,N2O,498.7322965018775,g/vehicle-lifetime,vehicle_cycle_total_no_eol_credits
Car,1,35,150,Class 6 PnD Trucks,1,22,True,inputs/0_external_models/R&D GREET2025_Rev1/R&D GREET1_2025_Rev1.xlsm,inputs/0_external_models/R&D GREET2025_Rev1/R&D GREET2_2025_Rev1.xlsm,3abed15be3442b25b66c7d991ce4ea89fd1fe534af930ae772e419241f0d976f,2be89abd169eba7180c0ca41102461682fc258a38ea143c5544bfd051ed03384,2025,2020,argonne_rd_greet_2025_rev1,road_vehicle_cycle_emissions,ldv,Car,Vehi_Sum,F13,A13,1.1) ICEV: Conventional Material,icev,conventional,CO2,5476200.155968173,g/vehicle-lifetime,vehicle_cycle_total_no_eol_credits
Car,1,35,150,Class 6 PnD Trucks,1,22,True,inputs/0_external_models/R&D GREET2025_Rev1/R&D GREET1_2025_Rev1.xlsm,inputs/0_external_models/R&D GREET2025_Rev1/R&D GREET2_2025_Rev1.xlsm,3abed15be3442b25b66c7d991ce4ea89fd1fe534af930ae772e419241f0d976f,2be89abd169eba7180c0ca41102461682fc258a38ea143c5544bfd051ed03384,2025,2020,argonne_rd_greet_2025_rev1,road_vehicle_cycle_emissions,ldv,Car,Vehi_Sum,F15,A15,1.1) ICEV: Conventional Material,icev,conventional,CH4,12693.203809897663,g/vehicle-lifetime,vehicle_cycle_total_no_eol_credits
Car,1,35,150,Class 6 PnD Trucks,1,22,True,inputs/0_external_models/R&D GREET2025_Rev1/R&D GREET1_2025_Rev1.xlsm,inputs/0_external_models/R&D GREET2025_Rev1/R&D GREET2_2025_Rev1.xlsm,3abed15be3442b25b66c7d991ce4ea89fd1fe534af930ae772e419241f0d976f,2be89abd169eba7180c0ca41102461682fc258a38ea143c5544bfd051ed03384,2025,2020,argonne_rd_greet_2025_rev1,road_vehicle_cycle_emissions,ldv,Car,Vehi_Sum,F16,A16,1.1) ICEV: Conventional Material,icev,conventional,N2O,169.13793887355405,g/vehicle-lifetime,vehicle_cycle_total_no_eol_credits
Car,1,35,150,Class 6 PnD Trucks,1,22,True,inputs/0_external_models/R&D GREET2025_Rev1/R&D GREET1_2025_Rev1.xlsm,inputs/0_external_models/R&D GREET2025_Rev1/R&D GREET2_2025_Rev1.xlsm,3abed15be3442b25b66c7d991ce4ea89fd1fe534af930ae772e419241f0d976f,2be89abd169eba7180c0ca41102461682fc258a38ea143c5544bfd051ed03384,2025,2020,argonne_rd_greet_2025_rev1,road_vehicle_cycle_emissions,ldv,Car,Vehi_Sum,F44,A44,1.2) ICEV: Lightweight Material,icev,lightweight,CO2,6559850.6783518605,g/vehicle-lifetime,vehicle_cycle_total_no_eol_credits
Car,1,35,150,Class 6 PnD Trucks,1,22,True,inputs/0_external_models/R&D GREET2025_Rev1/R&D GREET1_2025_Rev1.xlsm,inputs/0_external_models/R&D GREET2025_Rev1/R&D GREET2_2025_Rev1.xlsm,3abed15be3442b25b66c7d991ce4ea89fd1fe534af930ae772e419241f0d976f,2be89abd169eba7180c0ca41102461682fc258a38ea143c5544bfd051ed03384,2025,2020,argonne_rd_greet_2025_rev1,road_vehicle_cycle_emissions,ldv,Car,Vehi_Sum,F46,A46,1.2) ICEV: Lightweight Material,icev,lightweight,CH4,16104.460934598188,g/vehicle-lifetime,vehicle_cycle_total_no_eol_credits
Car,1,35,150,Class 6 PnD Trucks,1,22,True,inputs/0_external_models/R&D GREET2025_Rev1/R&D GREET1_2025_Rev1.xlsm,inputs/0_external_models/R&D GREET2025_Rev1/R&D GREET2_2025_Rev1.xlsm,3abed15be3442b25b66c7d991ce4ea89fd1fe534af930ae772e419241f0d976f,2be89abd169eba7180c0ca41102461682fc258a38ea143c5544bfd051ed03384,2025,2020,argonne_rd_greet_2025_rev1,road_vehicle_cycle_emissions,ldv,Car,Vehi_Sum,F47,A47,1.2) ICEV: Lightweight Material,icev,lightweight,N2O,203.54750384144234,g/vehicle-lifetime,vehicle_cycle_total_no_eol_credits
Car,1,35,150,Class 6 PnD Trucks,1,22,True,inputs/0_external_models/R&D GREET2025_Rev1/R&D GREET1_2025_Rev1.xlsm,inputs/0_external_models/R&D GREET2025_Rev1/R&D GREET2_2025_Rev1.xlsm,3abed15be3442b25b66c7d991ce4ea89fd1fe534af930ae772e419241f0d976f,2be89abd169eba7180c0ca41102461682fc258a38ea143c5544bfd051ed03384,2025,2020,argonne_rd_greet_2025_rev1,road_vehicle_cycle_emissions,ldv,Car,Vehi_Sum,F75,A75,1.3) HEV: Conventional Material,hev,conventional,CO2,5877157.384556115,g/vehicle-lifetime,vehicle_cycle_total_no_eol_credits
Car,1,35,150,Class 6 PnD Trucks,1,22,True,inputs/0_external_models/R&D GREET2025_Rev1/R&D GREET1_2025_Rev1.xlsm,inputs/0_external_models/R&D GREET2025_Rev1/R&D GREET2_2025_Rev1.xlsm,3abed15be3442b25b66c7d991ce4ea89fd1fe534af930ae772e419241f0d976f,2be89abd169eba7180c0ca41102461682fc258a38ea143c5544bfd051ed03384,2025,2020,argonne_rd_greet_2025_rev1,road_vehicle_cycle_emissions,ldv,Car,Vehi_Sum,F77,A77,1.3) HEV: Conventional Material,hev,conventional,CH4,13263.450359421906,g/vehicle-lifetime,vehicle_cycle_total_no_eol_credits
Car,1,35,150,Class 6 PnD Trucks,1,22,True,inputs/0_external_models/R&D GREET2025_Rev1/R&D GREET1_2025_Rev1.xlsm,inputs/0_external_models/R&D GREET2025_Rev1/R&D GREET2_2025_Rev1.xlsm,3abed15be3442b25b66c7d991ce4ea89fd1fe534af930ae772e419241f0d976f,2be89abd169eba7180c0ca41102461682fc258a38ea143c5544bfd051ed03384,2025,2020,argonne_rd_greet_2025_rev1,road_vehicle_cycle_emissions,ldv,Car,Vehi_Sum,F78,A78,1.3) HEV: Conventional Material,hev,conventional,N2O,222.36902200492415,g/vehicle-lifetime,vehicle_cycle_total_no_eol_credits
Car,1,35,150,Class 6 PnD Trucks,1,22,True,inputs/0_external_models/R&D GREET2025_Rev1/R&D GREET1_2025_Rev1.xlsm,inputs/0_external_models/R&D GREET2025_Rev1/R&D GREET2_2025_Rev1.xlsm,3abed15be3442b25b66c7d991ce4ea89fd1fe534af930ae772e419241f0d976f,2be89abd169eba7180c0ca41102461682fc258a38ea143c5544bfd051ed03384,2025,2020,argonne_rd_greet_2025_rev1,road_vehicle_cycle_emissions,ldv,Car,Vehi_Sum,F106,A106,1.4) HEV: Lightweight Material,hev,lightweight,CO2,6836789.466270282,g/vehicle-lifetime,vehicle_cycle_total_no_eol_credits
Car,1,35,150,Class 6 PnD Trucks,1,22,True,inputs/0_external_models/R&D GREET2025_Rev1/R&D GREET1_2025_Rev1.xlsm,inputs/0_external_models/R&D GREET2025_Rev1/R&D GREET2_2025_Rev1.xlsm,3abed15be3442b25b66c7d991ce4ea89fd1fe534af930ae772e419241f0d976f,2be89abd169eba7180c0ca41102461682fc258a38ea143c5544bfd051ed03384,2025,2020,argonne_rd_greet_2025_rev1,road_vehicle_cycle_emissions,ldv,Car,Vehi_Sum,F108,A108,1.4) HEV: Lightweight Material,hev,lightweight,CH4,16544.84947761421,g/vehicle-lifetime,vehicle_cycle_total_no_eol_credits
Car,1,35,150,Class 6 PnD Trucks,1,22,True,inputs/0_external_models/R&D GREET2025_Rev1/R&D GREET1_2025_Rev1.xlsm,inputs/0_external_models/R&D GREET2025_Rev1/R&D GREET2_2025_Rev1.xlsm,3abed15be3442b25b66c7d991ce4ea89fd1fe534af930ae772e419241f0d976f,2be89abd169eba7180c0ca41102461682fc258a38ea143c5544bfd051ed03384,2025,2020,argonne_rd_greet_2025_rev1,road_vehicle_cycle_emissions,ldv,Car,Vehi_Sum,F109,A109,1.4) HEV: Lightweight Material,hev,lightweight,N2O,257.85499436091357,g/vehicle-lifetime,vehicle_cycle_total_no_eol_credits
Car,1,35,150,Class 6 PnD Trucks,1,22,True,inputs/0_external_models/R&D GREET2025_Rev1/R&D GREET1_2025_Rev1.xlsm,inputs/0_external_models/R&D GREET2025_Rev1/R&D GREET2_2025_Rev1.xlsm,3abed15be3442b25b66c7d991ce4ea89fd1fe534af930ae772e419241f0d976f,2be89abd169eba7180c0ca41102461682fc258a38ea143c5544bfd051ed03384,2025,2020,argonne_rd_greet_2025_rev1,road_vehicle_cycle_emissions,ldv,Car,Vehi_Sum,F137,A137,1.5) PHEV: Conventional Material,phev,conventional,CO2,6391980.52802363,g/vehicle-lifetime,vehicle_cycle_total_no_eol_credits
Car,1,35,150,Class 6 PnD Trucks,1,22,True,inputs/0_external_models/R&D GREET2025_Rev1/R&D GREET1_2025_Rev1.xlsm,inputs/0_external_models/R&D GREET2025_Rev1/R&D GREET2_2025_Rev1.xlsm,3abed15be3442b25b66c7d991ce4ea89fd1fe534af930ae772e419241f0d976f,2be89abd169eba7180c0ca41102461682fc258a38ea143c5544bfd051ed03384,2025,2020,argonne_rd_greet_2025_rev1,road_vehicle_cycle_emissions,ldv,Car,Vehi_Sum,F139,A139,1.5) PHEV: Conventional Material,phev,conventional,CH4,14180.506181527471,g/vehicle-lifetime,vehicle_cycle_total_no_eol_credits
Car,1,35,150,Class 6 PnD Trucks,1,22,True,inputs/0_external_models/R&D GREET2025_Rev1/R&D GREET1_2025_Rev1.xlsm,inputs/0_external_models/R&D GREET2025_Rev1/R&D GREET2_2025_Rev1.xlsm,3abed15be3442b25b66c7d991ce4ea89fd1fe534af930ae772e419241f0d976f,2be89abd169eba7180c0ca41102461682fc258a38ea143c5544bfd051ed03384,2025,2020,argonne_rd_greet_2025_rev1,road_vehicle_cycle_emissions,ldv,Car,Vehi_Sum,F140,A140,1.5) PHEV: Conventional Material,phev,conventional,N2O,205.63655409930487,g/vehicle-lifetime,vehicle_cycle_total_no_eol_credits
Car,1,35,150,Class 6 PnD Trucks,1,22,True,inputs/0_external_models/R&D GREET2025_Rev1/R&D GREET1_2025_Rev1.xlsm,inputs/0_external_models/R&D GREET2025_Rev1/R&D GREET2_2025_Rev1.xlsm,3abed15be3442b25b66c7d991ce4ea89fd1fe534af930ae772e419241f0d976f,2be89abd169eba7180c0ca41102461682fc258a38ea143c5544bfd051ed03384,2025,2020,argonne_rd_greet_2025_rev1,road_vehicle_cycle_emissions,ldv,Car,Vehi_Sum,F168,A168,1.6) PHEV: Lightweight Material,phev,lightweight,CO2,7010626.443937072,g/vehicle-lifetime,vehicle_cycle_total_no_eol_credits
Car,1,35,150,Class 6 PnD Trucks,1,22,True,inputs/0_external_models/R&D GREET2025_Rev1/R&D GREET1_2025_Rev1.xlsm,inputs/0_external_models/R&D GREET2025_Rev1/R&D GREET2_2025_Rev1.xlsm,3abed15be3442b25b66c7d991ce4ea89fd1fe534af930ae772e419241f0d976f,2be89abd169eba7180c0ca41102461682fc258a38ea143c5544bfd051ed03384,2025,2020,argonne_rd_greet_2025_rev1,road_vehicle_cycle_emissions,ldv,Car,Vehi_Sum,F170,A170,1.6) PHEV: Lightweight Material,phev,lightweight,CH4,16896.656533454247,g/vehicle-lifetime,vehicle_cycle_total_no_eol_credits
Car,1,35,150,Class 6 PnD Trucks,1,22,True,inputs/0_external_models/R&D GREET2025_Rev1/R&D GREET1_2025_Rev1.xlsm,inputs/0_external_models/R&D GREET2025_Rev1/R&D GREET2_2025_Rev1.xlsm,3abed15be3442b25b66c7d991ce4ea89fd1fe534af930ae772e419241f0d976f,2be89abd169eba7180c0ca41102461682fc258a38ea143c5544bfd051ed03384,2025,2020,argonne_rd_greet_2025_rev1,road_vehicle_cycle_emissions,ldv,Car,Vehi_Sum,F171,A171,1.6) PHEV: Lightweight Material,phev,lightweight,N2O,238.03649331526952,g/vehicle-lifetime,vehicle_cycle_total_no_eol_credits
Car,1,35,150,Class 6 PnD Trucks,1,22,True,inputs/0_external_models/R&D GREET2025_Rev1/R&D GREET1_2025_Rev1.xlsm,inputs/0_external_models/R&D GREET2025_Rev1/R&D GREET2_2025_Rev1.xlsm,3abed15be3442b25b66c7d991ce4ea89fd1fe534af930ae772e419241f0d976f,2be89abd169eba7180c0ca41102461682fc258a38ea143c5544bfd051ed03384,2025,2020,argonne_rd_greet_2025_rev1,road_vehicle_cycle_emissions,ldv,Car,Vehi_Sum,F199,A199,1.7) EV: Conventional Material,bev,conventional,CO2,6997113.797400506,g/vehicle-lifetime,vehicle_cycle_total_no_eol_credits
Car,1,35,150,Class 6 PnD Trucks,1,22,True,inputs/0_external_models/R&D GREET2025_Rev1/R&D GREET1_2025_Rev1.xlsm,inputs/0_external_models/R&D GREET2025_Rev1/R&D GREET2_2025_Rev1.xlsm,3abed15be3442b25b66c7d991ce4ea89fd1fe534af930ae772e419241f0d976f,2be89abd169eba7180c0ca41102461682fc258a38ea143c5544bfd051ed03384,2025,2020,argonne_rd_greet_2025_rev1,road_vehicle_cycle_emissions,ldv,Car,Vehi_Sum,F201,A201,1.7) EV: Conventional Material,bev,conventional,CH4,16105.310638946912,g/vehicle-lifetime,vehicle_cycle_total_no_eol_credits
Car,1,35,150,Class 6 PnD Trucks,1,22,True,inputs/0_external_models/R&D GREET2025_Rev1/R&D GREET1_2025_Rev1.xlsm,inputs/0_external_models/R&D GREET2025_Rev1/R&D GREET2_2025_Rev1.xlsm,3abed15be3442b25b66c7d991ce4ea89fd1fe534af930ae772e419241f0d976f,2be89abd169eba7180c0ca41102461682fc258a38ea143c5544bfd051ed03384,2025,2020,argonne_rd_greet_2025_rev1,road_vehicle_cycle_emissions,ldv,Car,Vehi_Sum,F202,A202,1.7) EV: Conventional Material,bev,conventional,N2O,232.53862139871126,g/vehicle-lifetime,vehicle_cycle_total_no_eol_credits
Car,1,35,150,Class 6 PnD Trucks,1,22,True,inputs/0_external_models/R&D GREET2025_Rev1/R&D GREET1_2025_Rev1.xlsm,inputs/0_external_models/R&D GREET2025_Rev1/R&D GREET2_2025_Rev1.xlsm,3abed15be3442b25b66c7d991ce4ea89fd1fe534af930ae772e419241f0d976f,2be89abd169eba7180c0ca41102461682fc258a38ea143c5544bfd051ed03384,2025,2020,argonne_rd_greet_2025_rev1,road_vehicle_cycle_emissions,ldv,Car,Vehi_Sum,F230,A230,1.8) EV: Lightweight Material,bev,lightweight,CO2,10146193.900298487,g/vehicle-lifetime,vehicle_cycle_total_no_eol_credits
Car,1,35,150,Class 6 PnD Trucks,1,22,True,inputs/0_external_models/R&D GREET2025_Rev1/R&D GREET1_2025_Rev1.xlsm,inputs/0_external_models/R&D GREET2025_Rev1/R&D GREET2_2025_Rev1.xlsm,3abed15be3442b25b66c7d991ce4ea89fd1fe534af930ae772e419241f0d976f,2be89abd169eba7180c0ca41102461682fc258a38ea143c5544bfd051ed03384,2025,2020,argonne_rd_greet_2025_rev1,road_vehicle_cycle_emissions,ldv,Car,Vehi_Sum,F232,A232,1.8) EV: Lightweight Material,bev,lightweight,CH4,23259.63678750927,g/vehicle-lifetime,vehicle_cycle_total_no_eol_credits
Car,1,35,150,Class 6 PnD Trucks,1,22,True,inputs/0_external_models/R&D GREET2025_Rev1/R&D GREET1_2025_Rev1.xlsm,inputs/0_external_models/R&D GREET2025_Rev1/R&D GREET2_2025_Rev1.xlsm,3abed15be3442b25b66c7d991ce4ea89fd1fe534af930ae772e419241f0d976f,2be89abd169eba7180c0ca41102461682fc258a38ea143c5544bfd051ed03384,2025,2020,argonne_rd_greet_2025_rev1,road_vehicle_cycle_emissions,ldv,Car,Vehi_Sum,F233,A233,1.8) EV: Lightweight Material,bev,lightweight,N2O,363.35261548723525,g/vehicle-lifetime,vehicle_cycle_total_no_eol_credits
Car,1,35,150,Class 6 PnD Trucks,1,22,True,inputs/0_external_models/R&D GREET2025_Rev1/R&D GREET1_2025_Rev1.xlsm,inputs/0_external_models/R&D GREET2025_Rev1/R&D GREET2_2025_Rev1.xlsm,3abed15be3442b25b66c7d991ce4ea89fd1fe534af930ae772e419241f0d976f,2be89abd169eba7180c0ca41102461682fc258a38ea143c5544bfd051ed03384,2025,2020,argonne_rd_greet_2025_rev1,road_vehicle_cycle_emissions,ldv,Car,Vehi_Sum,F261,A261,1.9) FCV: Conventional Material,fcev,conventional,CO2,6640504.807219377,g/vehicle-lifetime,vehicle_cycle_total_no_eol_credits
Car,1,35,150,Class 6 PnD Trucks,1,22,True,inputs/0_external_models/R&D GREET2025_Rev1/R&D GREET1_2025_Rev1.xlsm,inputs/0_external_models/R&D GREET2025_Rev1/R&D GREET2_2025_Rev1.xlsm,3abed15be3442b25b66c7d991ce4ea89fd1fe534af930ae772e419241f0d976f,2be89abd169eba7180c0ca41102461682fc258a38ea143c5544bfd051ed03384,2025,2020,argonne_rd_greet_2025_rev1,road_vehicle_cycle_emissions,ldv,Car,Vehi_Sum,F263,A263,1.9) FCV: Conventional Material,fcev,conventional,CH4,15837.295234170055,g/vehicle-lifetime,vehicle_cycle_total_no_eol_credits
Car,1,35,150,Class 6 PnD Trucks,1,22,True,inputs/0_external_models/R&D GREET2025_Rev1/R&D GREET1_2025_Rev1.xlsm,inputs/0_external_models/R&D GREET2025_Rev1/R&D GREET2_2025_Rev1.xlsm,3abed15be3442b25b66c7d991ce4ea89fd1fe534af930ae772e419241f0d976f,2be89abd169eba7180c0ca41102461682fc258a38ea143c5544bfd051ed03384,2025,2020,argonne_rd_greet_2025_rev1,road_vehicle_cycle_emissions,ldv,Car,Vehi_Sum,F264,A264,1.9) FCV: Conventional Material,fcev,conventional,N2O,247.74077033456757,g/vehicle-lifetime,vehicle_cycle_total_no_eol_credits
Car,1,35,150,Class 6 PnD Trucks,1,22,True,inputs/0_external_models/R&D GREET2025_Rev1/R&D GREET1_2025_Rev1.xlsm,inputs/0_external_models/R&D GREET2025_Rev1/R&D GREET2_2025_Rev1.xlsm,3abed15be3442b25b66c7d991ce4ea89fd1fe534af930ae772e419241f0d976f,2be89abd169eba7180c0ca41102461682fc258a38ea143c5544bfd051ed03384,2025,2020,argonne_rd_greet_2025_rev1,road_vehicle_cycle_emissions,ldv,Car,Vehi_Sum,F292,A292,1.10) FCV: Lightweight Material,fcev,lightweight,CO2,8018085.243384266,g/vehicle-lifetime,vehicle_cycle_total_no_eol_credits
Car,1,35,150,Class 6 PnD Trucks,1,22,True,inputs/0_external_models/R&D GREET2025_Rev1/R&D GREET1_2025_Rev1.xlsm,inputs/0_external_models/R&D GREET2025_Rev1/R&D GREET2_2025_Rev1.xlsm,3abed15be3442b25b66c7d991ce4ea89fd1fe534af930ae772e419241f0d976f,2be89abd169eba7180c0ca41102461682fc258a38ea143c5544bfd051ed03384,2025,2020,argonne_rd_greet_2025_rev1,road_vehicle_cycle_emissions,ldv,Car,Vehi_Sum,F294,A294,1.10) FCV: Lightweight Material,fcev,lightweight,CH4,20647.121453632015,g/vehicle-lifetime,vehicle_cycle_total_no_eol_credits
Car,1,35,150,Class 6 PnD Trucks,1,22,True,inputs/0_external_models/R&D GREET2025_Rev1/R&D GREET1_2025_Rev1.xlsm,inputs/0_external_models/R&D GREET2025_Rev1/R&D GREET2_2025_Rev1.xlsm,3abed15be3442b25b66c7d991ce4ea89fd1fe534af930ae772e419241f0d976f,2be89abd169eba7180c0ca41102461682fc258a38ea143c5544bfd051ed03384,2025,2020,argonne_rd_greet_2025_rev1,road_vehicle_cycle_emissions,ldv,Car,Vehi_Sum,F295,A295,1.10) FCV: Lightweight Material,fcev,lightweight,N2O,299.8785611268483,g/vehicle-lifetime,vehicle_cycle_total_no_eol_credits
Car,1,35,150,Class 6 PnD Trucks,1,22,True,inputs/0_external_models/R&D GREET2025_Rev1/R&D GREET1_2025_Rev1.xlsm,inputs/0_external_models/R&D GREET2025_Rev1/R&D GREET2_2025_Rev1.xlsm,3abed15be3442b25b66c7d991ce4ea89fd1fe534af930ae772e419241f0d976f,2be89abd169eba7180c0ca41102461682fc258a38ea143c5544bfd051ed03384,2025,2020,argonne_rd_greet_2025_rev1,road_vehicle_cycle_emissions,mhdv,Class 6 PnD Trucks,MHDV_Sum,G13,A13,1.1) ICEV,icev,none,CO2,17814591.789810307,g/vehicle-lifetime,vehicle_cycle_total_no_eol_credits
Car,1,35,150,Class 6 PnD Trucks,1,22,True,inputs/0_external_models/R&D GREET2025_Rev1/R&D GREET1_2025_Rev1.xlsm,inputs/0_external_models/R&D GREET2025_Rev1/R&D GREET2_2025_Rev1.xlsm,3abed15be3442b25b66c7d991ce4ea89fd1fe534af930ae772e419241f0d976f,2be89abd169eba7180c0ca41102461682fc258a38ea143c5544bfd051ed03384,2025,2020,argonne_rd_greet_2025_rev1,road_vehicle_cycle_emissions,mhdv,Class 6 PnD Trucks,MHDV_Sum,G15,A15,1.1) ICEV,icev,none,CH4,33984.61026012566,g/vehicle-lifetime,vehicle_cycle_total_no_eol_credits
Car,1,35,150,Class 6 PnD Trucks,1,22,True,inputs/0_external_models/R&D GREET2025_Rev1/R&D GREET1_2025_Rev1.xlsm,inputs/0_external_models/R&D GREET2025_Rev1/R&D GREET2_2025_Rev1.xlsm,3abed15be3442b25b66c7d991ce4ea89fd1fe534af930ae772e419241f0d976f,2be89abd169eba7180c0ca41102461682fc258a38ea143c5544bfd051ed03384,2025,2020,argonne_rd_greet_2025_rev1,road_vehicle_cycle_emissions,mhdv,Class 6 PnD Trucks,MHDV_Sum,G16,A16,1.1) ICEV,icev,none,N2O,336.9746755969985,g/vehicle-lifetime,vehicle_cycle_total_no_eol_credits
Car,1,35,150,Class 6 PnD Trucks,1,22,True,inputs/0_external_models/R&D GREET2025_Rev1/R&D GREET1_2025_Rev1.xlsm,inputs/0_external_models/R&D GREET2025_Rev1/R&D GREET2_2025_Rev1.xlsm,3abed15be3442b25b66c7d991ce4ea89fd1fe534af930ae772e419241f0d976f,2be89abd169eba7180c0ca41102461682fc258a38ea143c5544bfd051ed03384,2025,2020,argonne_rd_greet_2025_rev1,road_vehicle_cycle_emissions,mhdv,Class 6 PnD Trucks,MHDV_Sum,G44,A44,1.2) HEV,hev,none,CO2,18333102.181475896,g/vehicle-lifetime,vehicle_cycle_total_no_eol_credits
Car,1,35,150,Class 6 PnD Trucks,1,22,True,inputs/0_external_models/R&D GREET2025_Rev1/R&D GREET1_2025_Rev1.xlsm,inputs/0_external_models/R&D GREET2025_Rev1/R&D GREET2_2025_Rev1.xlsm,3abed15be3442b25b66c7d991ce4ea89fd1fe534af930ae772e419241f0d976f,2be89abd169eba7180c0ca41102461682fc258a38ea143c5544bfd051ed03384,2025,2020,argonne_rd_greet_2025_rev1,road_vehicle_cycle_emissions,mhdv,Class 6 PnD Trucks,MHDV_Sum,G46,A46,1.2) HEV,hev,none,CH4,34987.40289923422,g/vehicle-lifetime,vehicle_cycle_total_no_eol_credits
Car,1,35,150,Class 6 PnD Trucks,1,22,True,inputs/0_external_models/R&D GREET2025_Rev1/R&D GREET1_2025_Rev1.xlsm,inputs/0_external_models/R&D GREET2025_Rev1/R&D GREET2_2025_Rev1.xlsm,3abed15be3442b25b66c7d991ce4ea89fd1fe534af930ae772e419241f0d976f,2be89abd169eba7180c0ca41102461682fc258a38ea143c5544bfd051ed03384,2025,2020,argonne_rd_greet_2025_rev1,road_vehicle_cycle_emissions,mhdv,Class 6 PnD Trucks,MHDV_Sum,G47,A47,1.2) HEV,hev,none,N2O,367.90150824555917,g/vehicle-lifetime,vehicle_cycle_total_no_eol_credits
Car,1,35,150,Class 6 PnD Trucks,1,22,True,inputs/0_external_models/R&D GREET2025_Rev1/R&D GREET1_2025_Rev1.xlsm,inputs/0_external_models/R&D GREET2025_Rev1/R&D GREET2_2025_Rev1.xlsm,3abed15be3442b25b66c7d991ce4ea89fd1fe534af930ae772e419241f0d976f,2be89abd169eba7180c0ca41102461682fc258a38ea143c5544bfd051ed03384,2025,2020,argonne_rd_greet_2025_rev1,road_vehicle_cycle_emissions,mhdv,Class 6 PnD Trucks,MHDV_Sum,G75,A75,1.3) EV,bev,none,CO2,29416143.833984002,g/vehicle-lifetime,vehicle_cycle_total_no_eol_credits
Car,1,35,150,Class 6 PnD Trucks,1,22,True,inputs/0_external_models/R&D GREET2025_Rev1/R&D GREET1_2025_Rev1.xlsm,inputs/0_external_models/R&D GREET2025_Rev1/R&D GREET2_2025_Rev1.xlsm,3abed15be3442b25b66c7d991ce4ea89fd1fe534af930ae772e419241f0d976f,2be89abd169eba7180c0ca41102461682fc258a38ea143c5544bfd051ed03384,2025,2020,argonne_rd_greet_2025_rev1,road_vehicle_cycle_emissions,mhdv,Class 6 PnD Trucks,MHDV_Sum,G77,A77,1.3) EV,bev,none,CH4,55954.54371452834,g/vehicle-lifetime,vehicle_cycle_total_no_eol_credits
Car,1,35,150,Class 6 PnD Trucks,1,22,True,inputs/0_external_models/R&D GREET2025_Rev1/R&D GREET1_2025_Rev1.xlsm,inputs/0_external_models/R&D GREET2025_Rev1/R&D GREET2_2025_Rev1.xlsm,3abed15be3442b25b66c7d991ce4ea89fd1fe534af930ae772e419241f0d976f,2be89abd169eba7180c0ca41102461682fc258a38ea143c5544bfd051ed03384,2025,2020,argonne_rd_greet_2025_rev1,road_vehicle_cycle_emissions,mhdv,Class 6 PnD Trucks,MHDV_Sum,G78,A78,1.3) EV,bev,none,N2O,702.6596442728859,g/vehicle-lifetime,vehicle_cycle_total_no_eol_credits
Car,1,35,150,Class 6 PnD Trucks,1,22,True,inputs/0_external_models/R&D GREET2025_Rev1/R&D GREET1_2025_Rev1.xlsm,inputs/0_external_models/R&D GREET2025_Rev1/R&D GREET2_2025_Rev1.xlsm,3abed15be3442b25b66c7d991ce4ea89fd1fe534af930ae772e419241f0d976f,2be89abd169eba7180c0ca41102461682fc258a38ea143c5544bfd051ed03384,2025,2020,argonne_rd_greet_2025_rev1,road_vehicle_cycle_emissions,mhdv,Class 6 PnD Trucks,MHDV_Sum,G106,A106,1.4) FCV,fcev,none,CO2,22456533.43579129,g/vehicle-lifetime,vehicle_cycle_total_no_eol_credits
Car,1,35,150,Class 6 PnD Trucks,1,22,True,inputs/0_external_models/R&D GREET2025_Rev1/R&D GREET1_2025_Rev1.xlsm,inputs/0_external_models/R&D GREET2025_Rev1/R&D GREET2_2025_Rev1.xlsm,3abed15be3442b25b66c7d991ce4ea89fd1fe534af930ae772e419241f0d976f,2be89abd169eba7180c0ca41102461682fc258a38ea143c5544bfd051ed03384,2025,2020,argonne_rd_greet_2025_rev1,road_vehicle_cycle_emissions,mhdv,Class 6 PnD Trucks,MHDV_Sum,G108,A108,1.4) FCV,fcev,none,CH4,46226.268830381465,g/vehicle-lifetime,vehicle_cycle_total_no_eol_credits
Car,1,35,150,Class 6 PnD Trucks,1,22,True,inputs/0_external_models/R&D GREET2025_Rev1/R&D GREET1_2025_Rev1.xlsm,inputs/0_external_models/R&D GREET2025_Rev1/R&D GREET2_2025_Rev1.xlsm,3abed15be3442b25b66c7d991ce4ea89fd1fe534af930ae772e419241f0d976f,2be89abd169eba7180c0ca41102461682fc258a38ea143c5544bfd051ed03384,2025,2020,argonne_rd_greet_2025_rev1,road_vehicle_cycle_emissions,mhdv,Class 6 PnD Trucks,MHDV_Sum,G109,A109,1.4) FCV,fcev,none,N2O,498.7322965018775,g/vehicle-lifetime,vehicle_cycle_total_no_eol_credits
