entry_type,mto_make_code,mto_model_code,model_year_from,model_year_to,canonical_make,canonical_model,vehicle_scope,nrcan_vehicle_class,nlr_atb_class,nrcan_ceud_class,match_method,mapping_status,evidence_source,supporting_rating_rows,review_notes
mto_crosswalk,ACUR,22C,1997,1997,Acura,2.2CL,ldv,Subcompact,Compact,Car,automatic_exact_normalized_make_reviewed_canonical_label,reviewed,fueleconomy_gov_vehicle_data | nrcan_fuel_consumption_ratings; Ontario Vehicle Population Report A historical fit-active stock,2,
mto_crosswalk,ACUR,23C,1998,1999,Acura,2.3CL,ldv,Subcompact,Compact,Car,automatic_exact_normalized_make_reviewed_canonical_label,reviewed,fueleconomy_gov_vehicle_data | nrcan_fuel_consumption_ratings; Ontario Vehicle Population Report A historical fit-active stock,2,
mto_crosswalk,ACUR,30C,1997,1999,Acura,3.0CL,ldv,Subcompact,Compact,Car,automatic_exact_normalized_make_reviewed_canonical_label,reviewed,nrcan_fuel_consumption_ratings; Ontario Vehicle Population Report A historical fit-active stock,1,
mto_crosswalk,ACUR,32T,1996,1998,Acura,3.2TL,ldv,Compact,Compact,Car,automatic_normalized_make_prefix_normalized_model_prefix,reviewed,nrcan_fuel_consumption_ratings; Ontario Vehicle Population Report A historical fit-active stock,1,
mto_crosswalk,ACUR,32T,1999,2003,Acura,3.2TL,ldv,Mid-size,Midsize,Car,automatic_normalized_make_prefix_normalized_model_prefix,reviewed,fueleconomy_gov_vehicle_data | nrcan_fuel_consumption_ratings; Ontario Vehicle Population Report A historical fit-active stock,2,
mto_crosswalk,ACUR,35R,1997,1997,Acura,3.5RL,ldv,Compact,Compact,Car,automatic_exact_normalized_make_reviewed_canonical_label,reviewed,fueleconomy_gov_vehicle_data | nrcan_fuel_consumption_ratings; Ontario Vehicle Population Report A historical fit-active stock,2,
mto_crosswalk,ACUR,35R,1996,1996,Acura,3.5RL,ldv,Mid-size,Midsize,Car,automatic_exact_normalized_make_reviewed_canonical_label,reviewed,fueleconomy_gov_vehicle_data | nrcan_fuel_consumption_ratings; Ontario Vehicle Population Report A historical fit-active stock,2,
mto_crosswalk,ACUR,35R,1998,2004,Acura,3.5RL,ldv,Mid-size,Midsize,Car,automatic_exact_normalized_make_reviewed_canonical_label,reviewed,fueleconomy_gov_vehicle_data | nrcan_fuel_consumption_ratings; Ontario Vehicle Population Report A historical fit-active stock,2,
mto_crosswalk,ACUR,CET,2001,2005,Acura,CL,non_ldv_unclassified,,,,automatic_reviewed_manual_make_reviewed_two_pass_agreement,reviewed,reviewed_mto_make_model_evidence; Ontario Vehicle Population Report A historical fit-active stock,0,Public evidence supports the family but not an LDV class hierarchy.
mto_crosswalk,ACUR,CSX,2002,2006,Acura,CSX,ldv,Compact,Compact,Car,automatic_exact_normalized_make_reviewed_canonical_label,reviewed,nrcan_fuel_consumption_ratings; Ontario Vehicle Population Report A historical fit-active stock,1,
mto_crosswalk,ACUR,I20,2013,2015,Acura,ILX,ldv,Compact,Compact,Car,automatic_exact_normalized_make_reviewed_canonical_label,reviewed,fueleconomy_gov_vehicle_data | nrcan_fuel_consumption_ratings; Ontario Vehicle Population Report A historical fit-active stock,4,
mto_crosswalk,ACUR,MDX,2001,2020,Acura,MDX,ldv,Sport utility vehicle: Small,Small SUV,Light Truck,automatic_approved_current_candidate_approved_similarity_exact_normalized,reviewed,fueleconomy_gov_vehicle_data | nrcan_fuel_consumption_ratings; Ontario Vehicle Population Report A historical fit-active stock,1,
mto_crosswalk,ACUR,MDX,2022,2026,Acura,MDX,ldv,Sport utility vehicle: Small,Small SUV,Light Truck,automatic_approved_current_candidate_approved_similarity_exact_normalized,reviewed,fueleconomy_gov_vehicle_data | nrcan_fuel_consumption_ratings; Ontario Vehicle Population Report A historical fit-active stock,1,
mto_crosswalk,ACUR,CID,2014,2015,Acura,RDX,ldv,Sport utility vehicle: Small,Small SUV,Light Truck,automatic_exact_normalized_make_reviewed_canonical_label,reviewed,fueleconomy_gov_vehicle_data | nrcan_fuel_consumption_ratings; Ontario Vehicle Population Report A historical fit-active stock,3,
mto_crosswalk,ACUR,RDX,2007,2026,Acura,RDX,ldv,Sport utility vehicle: Small,Small SUV,Light Truck,automatic_approved_current_candidate_approved_similarity_exact_normalized,reviewed,fueleconomy_gov_vehicle_data | nrcan_fuel_consumption_ratings; Ontario Vehicle Population Report A historical fit-active stock,1,
mto_crosswalk,ACUR,ARL,2005,2012,Acura,RL,ldv,Mid-size,Midsize,Car,automatic_approved_current_candidate_approved_similarity_string_similarity,reviewed,fueleconomy_gov_vehicle_data | nrcan_fuel_consumption_ratings; Ontario Vehicle Population Report A historical fit-active stock,1,
mto_crosswalk,ACUR,RST,2002,2006,Acura,RSX,ldv,Subcompact,Compact,Car,automatic_exact_normalized_make_reviewed_canonical_label,reviewed,fueleconomy_gov_vehicle_data | nrcan_fuel_consumption_ratings; Ontario Vehicle Population Report A historical fit-active stock,3,
mto_crosswalk,ACUR,RSX,2002,2006,Acura,RSX,ldv,Subcompact,Compact,Car,automatic_approved_current_candidate_approved_similarity_exact_normalized,reviewed,fueleconomy_gov_vehicle_data | nrcan_fuel_consumption_ratings; Ontario Vehicle Population Report A historical fit-active stock,1,
mto_crosswalk,ACUR,2TL,2015,2018,Acura,TL,ldv,Mid-size,Midsize,Car,automatic_normalized_make_prefix_mto_prefix_plus_canonical_model,reviewed,fueleconomy_gov_vehicle_data | nrcan_fuel_consumption_ratings; Ontario Vehicle Population Report A historical fit-active stock,4,
mto_crosswalk,ACUR,ATL,2004,2005,Acura,TL,ldv,Mid-size,Midsize,Car,automatic_approved_current_candidate_approved_similarity_string_similarity,reviewed,fueleconomy_gov_vehicle_data | nrcan_fuel_consumption_ratings; Ontario Vehicle Population Report A historical fit-active stock,1,
mto_crosswalk,ACUR,ATL,2007,2014,Acura,TL,ldv,Mid-size,Midsize,Car,automatic_approved_current_candidate_approved_similarity_string_similarity,reviewed,fueleconomy_gov_vehicle_data | nrcan_fuel_consumption_ratings; Ontario Vehicle Population Report A historical fit-active stock,1,
mto_crosswalk,ACUR,TAA,2013,2014,Acura,TL,ldv,Mid-size,Midsize,Car,automatic_exact_normalized_make_reviewed_canonical_label,reviewed,fueleconomy_gov_vehicle_data | nrcan_fuel_consumption_ratings; Ontario Vehicle Population Report A historical fit-active stock,4,
mto_crosswalk,ACUR,TAT,2013,2014,Acura,TL,ldv,Mid-size,Midsize,Car,automatic_exact_normalized_make_reviewed_canonical_label,reviewed,fueleconomy_gov_vehicle_data | nrcan_fuel_consumption_ratings; Ontario Vehicle Population Report A historical fit-active stock,4,
mto_crosswalk,ACUR,TLT,2013,2014,Acura,TL,ldv,Mid-size,Midsize,Car,automatic_exact_normalized_make_reviewed_canonical_label,reviewed,fueleconomy_gov_vehicle_data | nrcan_fuel_consumption_ratings; Ontario Vehicle Population Report A historical fit-active stock,4,
mto_crosswalk,ACUR,TLX,2015,2022,Acura,TLX,ldv,Compact,Compact,Car,automatic_approved_current_candidate_approved_similarity_exact_normalized,reviewed,fueleconomy_gov_vehicle_data | nrcan_fuel_consumption_ratings; Ontario Vehicle Population Report A historical fit-active stock,1,
mto_crosswalk,ACUR,TXB,2015,2020,Acura,TLX,ldv,Compact,Compact,Car,automatic_exact_normalized_make_reviewed_canonical_label,reviewed,fueleconomy_gov_vehicle_data | nrcan_fuel_consumption_ratings; Ontario Vehicle Population Report A historical fit-active stock,8,
mto_crosswalk,ACUR,CPN,2007,2007,Acura,TSX,ldv,Compact,Compact,Car,automatic_exact_normalized_make_reviewed_canonical_label,reviewed,fueleconomy_gov_vehicle_data | nrcan_fuel_consumption_ratings; Ontario Vehicle Population Report A historical fit-active stock,2,
mto_crosswalk,ACUR,CST,2006,2006,Acura,TSX,ldv,Compact,Compact,Car,automatic_exact_normalized_make_reviewed_canonical_label,reviewed,fueleconomy_gov_vehicle_data | nrcan_fuel_consumption_ratings; Ontario Vehicle Population Report A historical fit-active stock,2,
mto_crosswalk,ACUR,CXP,2006,2007,Acura,TSX,ldv,Compact,Compact,Car,automatic_exact_normalized_make_reviewed_canonical_label,reviewed,fueleconomy_gov_vehicle_data | nrcan_fuel_consumption_ratings; Ontario Vehicle Population Report A historical fit-active stock,2,
mto_crosswalk,ACUR,TST,2012,2014,Acura,TSX,ldv,Compact,Compact,Car,automatic_exact_normalized_make_reviewed_canonical_label,reviewed,fueleconomy_gov_vehicle_data | nrcan_fuel_consumption_ratings; Ontario Vehicle Population Report A historical fit-active stock,2,
mto_crosswalk,ACUR,TSX,2004,2014,Acura,TSX,ldv,Compact,Compact,Car,automatic_approved_current_candidate_approved_similarity_exact_normalized,reviewed,fueleconomy_gov_vehicle_data | nrcan_fuel_consumption_ratings; Ontario Vehicle Population Report A historical fit-active stock,1,
mto_crosswalk,ACUR,TYS,2007,2008,Acura,TSX,ldv,Compact,Compact,Car,automatic_exact_normalized_make_reviewed_canonical_label,reviewed,fueleconomy_gov_vehicle_data | nrcan_fuel_consumption_ratings; Ontario Vehicle Population Report A historical fit-active stock,2,
mto_crosswalk,ACUR,ZDX,2010,2013,Acura,ZDX,ldv,Sport utility vehicle: Small,Small SUV,Light Truck,automatic_exact_normalized_make_reviewed_canonical_label,reviewed,fueleconomy_gov_vehicle_data | nrcan_fuel_consumption_ratings; Ontario Vehicle Population Report A historical fit-active stock,2,
mto_crosswalk,ALFA,SPV,1987,1994,Alfa Romeo,Spider,ldv,Two-seater,Midsize,Car,automatic_exact_normalized_make_reviewed_canonical_label,reviewed,fueleconomy_gov_vehicle_data; Ontario Vehicle Population Report A historical fit-active stock,1,
mto_crosswalk,ALFA,STE,2018,2018,Alfa Romeo,Stelvio,ldv,Sport utility vehicle: Small,Small SUV,Light Truck,automatic_approved_current_candidate_approved_similarity_normalized_prefix,reviewed,fueleconomy_gov_vehicle_data | nrcan_fuel_consumption_ratings; Ontario Vehicle Population Report A historical fit-active stock,1,
mto_crosswalk,ALFA,STE,2019,2019,Alfa Romeo,Stelvio,ldv,Sport utility vehicle: Small,Small SUV,Light Truck,automatic_exact_normalized_make_reviewed_canonical_label,reviewed,fueleconomy_gov_vehicle_data | nrcan_fuel_consumption_ratings; Ontario Vehicle Population Report A historical fit-active stock,5,
mto_crosswalk,ASTO,VVT,2006,2016,Aston Martin,Vantage,ldv,Two-seater,Midsize,Car,automatic_exact_normalized_make_reviewed_canonical_label,reviewed,fueleconomy_gov_vehicle_data | nrcan_fuel_consumption_ratings; Ontario Vehicle Population Report A historical fit-active stock,2,
mto_crosswalk,AUDI,1CG,2021,2025,Audi,100,ldv,Compact,Compact,Car,automatic_configured_make_alias_reviewed_canonical_label,reviewed,fueleconomy_gov_vehicle_data; Ontario Vehicle Population Report A historical fit-active stock,2,
mto_crosswalk,AUDI,3PG,2013,2014,Audi,A3,ldv,Station wagon: Small,Midsize,Car,automatic_configured_make_alias_reviewed_canonical_label,reviewed,fueleconomy_gov_vehicle_data | nrcan_fuel_consumption_ratings; Ontario Vehicle Population Report A historical fit-active stock,5,
mto_crosswalk,AUDI,A3,2006,2008,Audi,A3,ldv,Station wagon: Small,Midsize,Car,automatic_exact_normalized_make_exact_normalized_model,reviewed,fueleconomy_gov_vehicle_data | nrcan_fuel_consumption_ratings; Ontario Vehicle Population Report A historical fit-active stock,4,
mto_crosswalk,AUDI,A3,2010,2010,Audi,A3,ldv,Station wagon: Small,Midsize,Car,automatic_exact_normalized_make_exact_normalized_model,reviewed,fueleconomy_gov_vehicle_data | nrcan_fuel_consumption_ratings; Ontario Vehicle Population Report A historical fit-active stock,5,
mto_crosswalk,AUDI,A3,2012,2013,Audi,A3,ldv,Station wagon: Small,Midsize,Car,automatic_exact_normalized_make_exact_normalized_model,reviewed,fueleconomy_gov_vehicle_data | nrcan_fuel_consumption_ratings; Ontario Vehicle Population Report A historical fit-active stock,5,
mto_crosswalk,AUDI,A32,2006,2013,Audi,A3,ldv,Station wagon: Small,Midsize,Car,automatic_exact_normalized_make_canonical_model_plus_mto_suffix,reviewed,fueleconomy_gov_vehicle_data | nrcan_fuel_consumption_ratings; Ontario Vehicle Population Report A historical fit-active stock,5,
mto_crosswalk,AUDI,A3P,2006,2008,Audi,A3,ldv,Station wagon: Small,Midsize,Car,automatic_exact_normalized_make_canonical_model_plus_mto_suffix,reviewed,fueleconomy_gov_vehicle_data | nrcan_fuel_consumption_ratings; Ontario Vehicle Population Report A historical fit-active stock,4,
mto_crosswalk,AUDI,A3P,2010,2013,Audi,A3,ldv,Station wagon: Small,Midsize,Car,automatic_exact_normalized_make_canonical_model_plus_mto_suffix,reviewed,fueleconomy_gov_vehicle_data | nrcan_fuel_consumption_ratings; Ontario Vehicle Population Report A historical fit-active stock,5,
mto_crosswalk,AUDI,A3S,2006,2006,Audi,A3,ldv,Station wagon: Small,Midsize,Car,automatic_exact_normalized_make_reviewed_canonical_label,reviewed,fueleconomy_gov_vehicle_data | nrcan_fuel_consumption_ratings; Ontario Vehicle Population Report A historical fit-active stock,3,
mto_crosswalk,AUDI,A3T,2010,2015,Audi,A3,ldv,Station wagon: Small,Midsize,Car,automatic_exact_normalized_make_reviewed_canonical_label,reviewed,fueleconomy_gov_vehicle_data | nrcan_fuel_consumption_ratings; Ontario Vehicle Population Report A historical fit-active stock,8,
mto_crosswalk,AUDI,AT3,2004,2008,Audi,A3,ldv,Station wagon: Small,Midsize,Car,automatic_configured_make_alias_reviewed_canonical_label,reviewed,fueleconomy_gov_vehicle_data | nrcan_fuel_consumption_ratings; Ontario Vehicle Population Report A historical fit-active stock,4,
mto_crosswalk,AUDI,3LQ,2010,2018,Audi,A3,ldv,Subcompact,Compact,Car,automatic_configured_make_alias_reviewed_canonical_label,reviewed,fueleconomy_gov_vehicle_data | nrcan_fuel_consumption_ratings; Ontario Vehicle Population Report A historical fit-active stock,8,
mto_crosswalk,AUDI,3PG,2015,2020,Audi,A3,ldv,Subcompact,Compact,Car,automatic_configured_make_alias_reviewed_canonical_label,reviewed,fueleconomy_gov_vehicle_data | nrcan_fuel_consumption_ratings; Ontario Vehicle Population Report A historical fit-active stock,8,
mto_crosswalk,AUDI,A3,2015,2015,Audi,A3,ldv,Subcompact,Compact,Car,automatic_exact_normalized_make_exact_normalized_model,reviewed,fueleconomy_gov_vehicle_data | nrcan_fuel_consumption_ratings; Ontario Vehicle Population Report A historical fit-active stock,8,
mto_crosswalk,AUDI,A3,2017,2017,Audi,A3,ldv,Subcompact,Compact,Car,automatic_exact_normalized_make_exact_normalized_model,reviewed,fueleconomy_gov_vehicle_data | nrcan_fuel_consumption_ratings; Ontario Vehicle Population Report A historical fit-active stock,2,
mto_crosswalk,AUDI,A3,2019,2020,Audi,A3,ldv,Subcompact,Compact,Car,automatic_exact_normalized_make_exact_normalized_model,reviewed,fueleconomy_gov_vehicle_data | nrcan_fuel_consumption_ratings; Ontario Vehicle Population Report A historical fit-active stock,7,
mto_crosswalk,AUDI,A3,2022,2026,Audi,A3,ldv,Subcompact,Compact,Car,automatic_exact_normalized_make_exact_normalized_model,reviewed,fueleconomy_gov_vehicle_data | nrcan_fuel_consumption_ratings; Ontario Vehicle Population Report A historical fit-active stock,3,
mto_crosswalk,AUDI,A32,2015,2015,Audi,A3,ldv,Subcompact,Compact,Car,automatic_exact_normalized_make_canonical_model_plus_mto_suffix,reviewed,fueleconomy_gov_vehicle_data | nrcan_fuel_consumption_ratings; Ontario Vehicle Population Report A historical fit-active stock,8,
mto_crosswalk,AUDI,A32,2017,2020,Audi,A3,ldv,Subcompact,Compact,Car,automatic_exact_normalized_make_canonical_model_plus_mto_suffix,reviewed,fueleconomy_gov_vehicle_data | nrcan_fuel_consumption_ratings; Ontario Vehicle Population Report A historical fit-active stock,7,
mto_crosswalk,AUDI,A3P,2015,2020,Audi,A3,ldv,Subcompact,Compact,Car,automatic_exact_normalized_make_canonical_model_plus_mto_suffix,reviewed,fueleconomy_gov_vehicle_data | nrcan_fuel_consumption_ratings; Ontario Vehicle Population Report A historical fit-active stock,8,
mto_crosswalk,AUDI,A3P,2022,2025,Audi,A3,ldv,Subcompact,Compact,Car,automatic_exact_normalized_make_canonical_model_plus_mto_suffix,reviewed,fueleconomy_gov_vehicle_data | nrcan_fuel_consumption_ratings; Ontario Vehicle Population Report A historical fit-active stock,3,
mto_crosswalk,AUDI,A3U,2010,2025,Audi,A3,ldv,Subcompact,Compact,Car,automatic_configured_make_alias_reviewed_canonical_label,reviewed,fueleconomy_gov_vehicle_data | nrcan_fuel_consumption_ratings; Ontario Vehicle Population Report A historical fit-active stock,9,
mto_crosswalk,AUDI,QA3,2009,2015,Audi,A3,ldv,Subcompact,Compact,Car,automatic_configured_make_alias_reviewed_canonical_label,reviewed,fueleconomy_gov_vehicle_data | nrcan_fuel_consumption_ratings; Ontario Vehicle Population Report A historical fit-active stock,8,
mto_crosswalk,AUDI,A42,2000,2000,Audi,A4,ldv,Compact,Compact,Car,automatic_exact_normalized_make_canonical_model_plus_mto_suffix,reviewed,fueleconomy_gov_vehicle_data | nrcan_fuel_consumption_ratings; Ontario Vehicle Population Report A historical fit-active stock,2,
mto_crosswalk,AUDI,A42,2006,2006,Audi,A4,ldv,Compact,Compact,Car,automatic_exact_normalized_make_canonical_model_plus_mto_suffix,reviewed,fueleconomy_gov_vehicle_data | nrcan_fuel_consumption_ratings; Ontario Vehicle Population Report A historical fit-active stock,2,
mto_crosswalk,AUDI,A42,2008,2015,Audi,A4,ldv,Compact,Compact,Car,automatic_exact_normalized_make_canonical_model_plus_mto_suffix,reviewed,fueleconomy_gov_vehicle_data | nrcan_fuel_consumption_ratings; Ontario Vehicle Population Report A historical fit-active stock,4,
mto_crosswalk,AUDI,A42,2021,2025,Audi,A4,ldv,Compact,Compact,Car,automatic_exact_normalized_make_canonical_model_plus_mto_suffix,reviewed,fueleconomy_gov_vehicle_data; Ontario Vehicle Population Report A historical fit-active stock,1,
mto_crosswalk,AUDI,A43,2003,2011,Audi,A4,ldv,Compact,Compact,Car,automatic_exact_normalized_make_reviewed_canonical_label,reviewed,fueleconomy_gov_vehicle_data | nrcan_fuel_consumption_ratings; Ontario Vehicle Population Report A historical fit-active stock,5,
mto_crosswalk,AUDI,A4A,1999,2005,Audi,A4,ldv,Compact,Compact,Car,automatic_configured_make_alias_reviewed_canonical_label,reviewed,fueleconomy_gov_vehicle_data | nrcan_fuel_consumption_ratings; Ontario Vehicle Population Report A historical fit-active stock,4,
mto_crosswalk,AUDI,A4A,2011,2013,Audi,A4,ldv,Compact,Compact,Car,automatic_configured_make_alias_reviewed_canonical_label,reviewed,fueleconomy_gov_vehicle_data | nrcan_fuel_consumption_ratings; Ontario Vehicle Population Report A historical fit-active stock,4,
mto_crosswalk,AUDI,A4L,2013,2025,Audi,A4,ldv,Compact,Compact,Car,automatic_exact_normalized_make_canonical_model_plus_mto_suffix,reviewed,fueleconomy_gov_vehicle_data | nrcan_fuel_consumption_ratings; Ontario Vehicle Population Report A historical fit-active stock,4,
mto_crosswalk,AUDI,A4Q,1996,2006,Audi,A4,ldv,Compact,Compact,Car,automatic_exact_normalized_make_reviewed_canonical_label,reviewed,fueleconomy_gov_vehicle_data | nrcan_fuel_consumption_ratings; Ontario Vehicle Population Report A historical fit-active stock,4,
mto_crosswalk,AUDI,NA4,2005,2008,Audi,A4,ldv,Compact,Compact,Car,automatic_exact_normalized_make_reviewed_canonical_label,reviewed,fueleconomy_gov_vehicle_data | nrcan_fuel_consumption_ratings; Ontario Vehicle Population Report A historical fit-active stock,5,
mto_crosswalk,AUDI,A4A,2021,2025,Audi,A4 S,ldv,Compact,Compact,Car,automatic_configured_make_alias_reviewed_canonical_label,reviewed,fueleconomy_gov_vehicle_data; Ontario Vehicle Population Report A historical fit-active stock,1,
mto_crosswalk,AUDI,A5,2022,2025,Audi,A5,ldv,Mid-size,Midsize,Car,automatic_exact_normalized_make_exact_normalized_model,reviewed,fueleconomy_gov_vehicle_data | nrcan_fuel_consumption_ratings; Ontario Vehicle Population Report A historical fit-active stock,2,
mto_crosswalk,AUDI,A5,2010,2014,Audi,A5,ldv,Subcompact,Compact,Car,automatic_exact_normalized_make_exact_normalized_model,reviewed,fueleconomy_gov_vehicle_data | nrcan_fuel_consumption_ratings; Ontario Vehicle Population Report A historical fit-active stock,5,
mto_crosswalk,AUDI,A5,2018,2021,Audi,A5,ldv,Subcompact,Compact,Car,automatic_exact_normalized_make_exact_normalized_model,reviewed,fueleconomy_gov_vehicle_data | nrcan_fuel_consumption_ratings; Ontario Vehicle Population Report A historical fit-active stock,4,
mto_crosswalk,AUDI,A52,2010,2015,Audi,A5,ldv,Subcompact,Compact,Car,automatic_configured_make_alias_reviewed_canonical_label,reviewed,fueleconomy_gov_vehicle_data | nrcan_fuel_consumption_ratings; Ontario Vehicle Population Report A historical fit-active stock,5,
mto_crosswalk,AUDI,A5C,2009,2025,Audi,A5,ldv,Subcompact,Compact,Car,automatic_configured_make_alias_reviewed_canonical_label,reviewed,fueleconomy_gov_vehicle_data | nrcan_fuel_consumption_ratings; Ontario Vehicle Population Report A historical fit-active stock,5,
mto_crosswalk,AUDI,A5L,2010,2015,Audi,A5,ldv,Subcompact,Compact,Car,automatic_configured_make_alias_reviewed_canonical_label,reviewed,fueleconomy_gov_vehicle_data | nrcan_fuel_consumption_ratings; Ontario Vehicle Population Report A historical fit-active stock,5,
mto_crosswalk,AUDI,A5P,2010,2014,Audi,A5,ldv,Subcompact,Compact,Car,automatic_configured_make_alias_reviewed_canonical_label,reviewed,fueleconomy_gov_vehicle_data | nrcan_fuel_consumption_ratings; Ontario Vehicle Population Report A historical fit-active stock,5,
mto_crosswalk,AUDI,A5R,2010,2018,Audi,A5,ldv,Subcompact,Compact,Car,automatic_exact_normalized_make_reviewed_canonical_label,reviewed,fueleconomy_gov_vehicle_data | nrcan_fuel_consumption_ratings; Ontario Vehicle Population Report A historical fit-active stock,5,
mto_crosswalk,AUDI,A52,2018,2018,Audi,A5 quattro,ldv,Subcompact,Compact,Car,automatic_configured_make_alias_reviewed_canonical_label,reviewed,fueleconomy_gov_vehicle_data | nrcan_fuel_consumption_ratings; Ontario Vehicle Population Report A historical fit-active stock,2,
mto_crosswalk,AUDI,A6,1995,1996,Audi,A6,ldv,Compact,Compact,Car,automatic_exact_normalized_make_exact_normalized_model,reviewed,fueleconomy_gov_vehicle_data | nrcan_fuel_consumption_ratings; Ontario Vehicle Population Report A historical fit-active stock,4,
mto_crosswalk,AUDI,A6Q,1995,1997,Audi,A6,ldv,Compact,Compact,Car,automatic_exact_normalized_make_reviewed_canonical_label,reviewed,fueleconomy_gov_vehicle_data | nrcan_fuel_consumption_ratings; Ontario Vehicle Population Report A historical fit-active stock,4,
mto_crosswalk,AUDI,AA6,1996,1996,Audi,A6,ldv,Compact,Compact,Car,automatic_exact_normalized_make_mto_prefix_plus_canonical_model,reviewed,fueleconomy_gov_vehicle_data | nrcan_fuel_consumption_ratings; Ontario Vehicle Population Report A historical fit-active stock,4,
mto_crosswalk,AUDI,A6,2024,2026,Audi,A6,ldv,Full-size,Midsize,Car,automatic_exact_normalized_make_exact_normalized_model,reviewed,fueleconomy_gov_vehicle_data; Ontario Vehicle Population Report A historical fit-active stock,4,
mto_crosswalk,AUDI,AA6,2024,2025,Audi,A6,ldv,Full-size,Midsize,Car,automatic_exact_normalized_make_mto_prefix_plus_canonical_model,reviewed,fueleconomy_gov_vehicle_data; Ontario Vehicle Population Report A historical fit-active stock,4,
mto_crosswalk,AUDI,A6,2000,2000,Audi,A6,ldv,Mid-size,Midsize,Car,automatic_exact_normalized_make_exact_normalized_model,reviewed,fueleconomy_gov_vehicle_data | nrcan_fuel_consumption_ratings; Ontario Vehicle Population Report A historical fit-active stock,2,
mto_crosswalk,AUDI,A6,2002,2002,Audi,A6,ldv,Mid-size,Midsize,Car,automatic_exact_normalized_make_exact_normalized_model,reviewed,fueleconomy_gov_vehicle_data | nrcan_fuel_consumption_ratings; Ontario Vehicle Population Report A historical fit-active stock,2,
mto_crosswalk,AUDI,A6,2005,2005,Audi,A6,ldv,Mid-size,Midsize,Car,automatic_exact_normalized_make_exact_normalized_model,reviewed,fueleconomy_gov_vehicle_data | nrcan_fuel_consumption_ratings; Ontario Vehicle Population Report A historical fit-active stock,3,
mto_crosswalk,AUDI,A6,2007,2009,Audi,A6,ldv,Mid-size,Midsize,Car,automatic_exact_normalized_make_exact_normalized_model,reviewed,fueleconomy_gov_vehicle_data; Ontario Vehicle Population Report A historical fit-active stock,1,
mto_crosswalk,AUDI,A6,2011,2013,Audi,A6,ldv,Mid-size,Midsize,Car,automatic_exact_normalized_make_exact_normalized_model,reviewed,fueleconomy_gov_vehicle_data | nrcan_fuel_consumption_ratings; Ontario Vehicle Population Report A historical fit-active stock,3,
mto_crosswalk,AUDI,A6,2015,2015,Audi,A6,ldv,Mid-size,Midsize,Car,automatic_exact_normalized_make_exact_normalized_model,reviewed,fueleconomy_gov_vehicle_data | nrcan_fuel_consumption_ratings; Ontario Vehicle Population Report A historical fit-active stock,4,
mto_crosswalk,AUDI,A6,2018,2023,Audi,A6,ldv,Mid-size,Midsize,Car,automatic_exact_normalized_make_exact_normalized_model,reviewed,fueleconomy_gov_vehicle_data | nrcan_fuel_consumption_ratings; Ontario Vehicle Population Report A historical fit-active stock,6,
mto_crosswalk,AUDI,A62,2013,2018,Audi,A6,ldv,Mid-size,Midsize,Car,automatic_configured_make_alias_reviewed_canonical_label,reviewed,fueleconomy_gov_vehicle_data | nrcan_fuel_consumption_ratings; Ontario Vehicle Population Report A historical fit-active stock,4,
mto_crosswalk,AUDI,A63,2006,2011,Audi,A6,ldv,Mid-size,Midsize,Car,automatic_configured_make_alias_reviewed_canonical_label,reviewed,fueleconomy_gov_vehicle_data | nrcan_fuel_consumption_ratings; Ontario Vehicle Population Report A historical fit-active stock,2,
mto_crosswalk,AUDI,A63,2019,2019,Audi,A6,ldv,Mid-size,Midsize,Car,automatic_configured_make_alias_reviewed_canonical_label,reviewed,fueleconomy_gov_vehicle_data | nrcan_fuel_consumption_ratings; Ontario Vehicle Population Report A historical fit-active stock,2,
mto_crosswalk,AUDI,A64,2000,2010,Audi,A6,ldv,Mid-size,Midsize,Car,automatic_exact_normalized_make_reviewed_canonical_label,reviewed,fueleconomy_gov_vehicle_data | nrcan_fuel_consumption_ratings; Ontario Vehicle Population Report A historical fit-active stock,3,
mto_crosswalk,AUDI,A6A,1999,2011,Audi,A6,ldv,Mid-size,Midsize,Car,automatic_exact_normalized_make_reviewed_canonical_label,reviewed,fueleconomy_gov_vehicle_data | nrcan_fuel_consumption_ratings; Ontario Vehicle Population Report A historical fit-active stock,2,
mto_crosswalk,AUDI,A6Q,1998,2000,Audi,A6,ldv,Mid-size,Midsize,Car,automatic_exact_normalized_make_reviewed_canonical_label,reviewed,fueleconomy_gov_vehicle_data | nrcan_fuel_consumption_ratings; Ontario Vehicle Population Report A historical fit-active stock,2,
mto_crosswalk,AUDI,AA6,1998,1998,Audi,A6,ldv,Mid-size,Midsize,Car,automatic_exact_normalized_make_mto_prefix_plus_canonical_model,reviewed,fueleconomy_gov_vehicle_data | nrcan_fuel_consumption_ratings; Ontario Vehicle Population Report A historical fit-active stock,2,
mto_crosswalk,AUDI,AA6,2021,2023,Audi,A6,ldv,Mid-size,Midsize,Car,automatic_exact_normalized_make_mto_prefix_plus_canonical_model,reviewed,fueleconomy_gov_vehicle_data | nrcan_fuel_consumption_ratings; Ontario Vehicle Population Report A historical fit-active stock,6,
mto_crosswalk,AUDI,A62,2023,2023,Audi,A6 45,ldv,Mid-size,Midsize,Car,automatic_configured_make_alias_reviewed_canonical_label,reviewed,nrcan_fuel_consumption_ratings; Ontario Vehicle Population Report A historical fit-active stock,2,
mto_crosswalk,AUDI,A63,2005,2005,Audi,A6 Avant,ldv,Station wagon: Mid-size,Midsize,Car,automatic_configured_make_alias_reviewed_canonical_label,reviewed,nrcan_fuel_consumption_ratings; Ontario Vehicle Population Report A historical fit-active stock,1,
mto_crosswalk,AUDI,A62,2021,2022,Audi,A6 Sedan,ldv,Mid-size,Midsize,Car,automatic_configured_make_alias_reviewed_canonical_label,reviewed,nrcan_fuel_consumption_ratings; Ontario Vehicle Population Report A historical fit-active stock,2,
mto_crosswalk,AUDI,A62,2020,2020,Audi,A6 quattro,ldv,Mid-size,Midsize,Car,automatic_configured_make_alias_reviewed_canonical_label,reviewed,fueleconomy_gov_vehicle_data | nrcan_fuel_consumption_ratings; Ontario Vehicle Population Report A historical fit-active stock,4,
mto_crosswalk,AUDI,A63,2020,2020,Audi,A6 quattro,ldv,Mid-size,Midsize,Car,automatic_configured_make_alias_reviewed_canonical_label,reviewed,fueleconomy_gov_vehicle_data | nrcan_fuel_consumption_ratings; Ontario Vehicle Population Report A historical fit-active stock,4,
mto_crosswalk,AUDI,1AE,2021,2025,Audi,A7,ldv,Mid-size,Midsize,Car,automatic_configured_make_alias_reviewed_canonical_label,reviewed,fueleconomy_gov_vehicle_data | nrcan_fuel_consumption_ratings; Ontario Vehicle Population Report A historical fit-active stock,4,
mto_crosswalk,AUDI,7PQ,2012,2016,Audi,A7,ldv,Mid-size,Midsize,Car,automatic_configured_make_alias_reviewed_canonical_label,reviewed,fueleconomy_gov_vehicle_data | nrcan_fuel_consumption_ratings; Ontario Vehicle Population Report A historical fit-active stock,3,
mto_crosswalk,AUDI,7PT,2016,2016,Audi,A7,ldv,Mid-size,Midsize,Car,automatic_configured_make_alias_reviewed_canonical_label,reviewed,fueleconomy_gov_vehicle_data | nrcan_fuel_consumption_ratings; Ontario Vehicle Population Report A historical fit-active stock,3,
mto_crosswalk,AUDI,A7,2011,2018,Audi,A7,ldv,Mid-size,Midsize,Car,automatic_approved_current_candidate_approved_similarity_exact_normalized,reviewed,fueleconomy_gov_vehicle_data | nrcan_fuel_consumption_ratings; Ontario Vehicle Population Report A historical fit-active stock,1,
mto_crosswalk,AUDI,A7,2019,2020,Audi,A7,ldv,Mid-size,Midsize,Car,automatic_exact_normalized_make_reviewed_canonical_label,reviewed,fueleconomy_gov_vehicle_data | nrcan_fuel_consumption_ratings; Ontario Vehicle Population Report A historical fit-active stock,2,
mto_crosswalk,AUDI,A7,2021,2025,Audi,A7,ldv,Mid-size,Midsize,Car,automatic_approved_current_candidate_approved_similarity_exact_normalized,reviewed,fueleconomy_gov_vehicle_data | nrcan_fuel_consumption_ratings; Ontario Vehicle Population Report A historical fit-active stock,1,
mto_crosswalk,AUDI,A7P,2012,2012,Audi,A7,ldv,Mid-size,Midsize,Car,automatic_exact_normalized_make_reviewed_canonical_label,reviewed,fueleconomy_gov_vehicle_data | nrcan_fuel_consumption_ratings; Ontario Vehicle Population Report A historical fit-active stock,2,
mto_crosswalk,AUDI,ARG,2020,2024,Audi,A7,ldv,Mid-size,Midsize,Car,automatic_configured_make_alias_reviewed_canonical_label,reviewed,fueleconomy_gov_vehicle_data | nrcan_fuel_consumption_ratings; Ontario Vehicle Population Report A historical fit-active stock,4,
mto_crosswalk,AUDI,8NF,2018,2025,Audi,A8,ldv,Full-size,Midsize,Car,automatic_configured_make_alias_reviewed_canonical_label,reviewed,fueleconomy_gov_vehicle_data | nrcan_fuel_consumption_ratings; Ontario Vehicle Population Report A historical fit-active stock,4,
mto_crosswalk,AUDI,A18,2019,2019,Audi,A8,ldv,Full-size,Midsize,Car,automatic_configured_make_alias_reviewed_canonical_label,reviewed,fueleconomy_gov_vehicle_data; Ontario Vehicle Population Report A historical fit-active stock,1,
mto_crosswalk,AUDI,A84,2018,2018,Audi,A8,ldv,Full-size,Midsize,Car,automatic_configured_make_alias_reviewed_canonical_label,reviewed,fueleconomy_gov_vehicle_data | nrcan_fuel_consumption_ratings; Ontario Vehicle Population Report A historical fit-active stock,2,
mto_crosswalk,AUDI,A84,2020,2025,Audi,A8,ldv,Full-size,Midsize,Car,automatic_configured_make_alias_reviewed_canonical_label,reviewed,fueleconomy_gov_vehicle_data | nrcan_fuel_consumption_ratings; Ontario Vehicle Population Report A historical fit-active stock,4,
mto_crosswalk,AUDI,A8L,2001,2001,Audi,A8,ldv,Full-size,Midsize,Car,automatic_exact_normalized_make_reviewed_canonical_label,reviewed,fueleconomy_gov_vehicle_data | nrcan_fuel_consumption_ratings; Ontario Vehicle Population Report A historical fit-active stock,2,
mto_crosswalk,AUDI,A8L,2004,2004,Audi,A8,ldv,Full-size,Midsize,Car,automatic_exact_normalized_make_reviewed_canonical_label,reviewed,fueleconomy_gov_vehicle_data; Ontario Vehicle Population Report A historical fit-active stock,1,
mto_crosswalk,AUDI,A8L,2019,2019,Audi,A8,ldv,Full-size,Midsize,Car,automatic_exact_normalized_make_reviewed_canonical_label,reviewed,fueleconomy_gov_vehicle_data; Ontario Vehicle Population Report A historical fit-active stock,1,
mto_crosswalk,AUDI,A8L,2021,2021,Audi,A8,ldv,Full-size,Midsize,Car,automatic_exact_normalized_make_reviewed_canonical_label,reviewed,fueleconomy_gov_vehicle_data | nrcan_fuel_consumption_ratings; Ontario Vehicle Population Report A historical fit-active stock,4,
mto_crosswalk,AUDI,ATQ,2001,2001,Audi,A8,ldv,Full-size,Midsize,Car,automatic_configured_make_alias_reviewed_canonical_label,reviewed,fueleconomy_gov_vehicle_data | nrcan_fuel_consumption_ratings; Ontario Vehicle Population Report A historical fit-active stock,2,
mto_crosswalk,AUDI,ATQ,2004,2004,Audi,A8,ldv,Full-size,Midsize,Car,automatic_configured_make_alias_reviewed_canonical_label,reviewed,fueleconomy_gov_vehicle_data; Ontario Vehicle Population Report A historical fit-active stock,1,
mto_crosswalk,AUDI,C8Q,2018,2018,Audi,A8,ldv,Full-size,Midsize,Car,automatic_configured_make_alias_reviewed_canonical_label,reviewed,fueleconomy_gov_vehicle_data | nrcan_fuel_consumption_ratings; Ontario Vehicle Population Report A historical fit-active stock,2,
mto_crosswalk,AUDI,C8Q,2021,2024,Audi,A8,ldv,Full-size,Midsize,Car,automatic_configured_make_alias_reviewed_canonical_label,reviewed,fueleconomy_gov_vehicle_data | nrcan_fuel_consumption_ratings; Ontario Vehicle Population Report A historical fit-active stock,4,
mto_crosswalk,AUDI,8NF,2017,2017,Audi,A8,ldv,Mid-size,Midsize,Car,automatic_configured_make_alias_reviewed_canonical_label,reviewed,nrcan_fuel_consumption_ratings; Ontario Vehicle Population Report A historical fit-active stock,1,
mto_crosswalk,AUDI,A18,2015,2015,Audi,A8,ldv,Mid-size,Midsize,Car,automatic_configured_make_alias_reviewed_canonical_label,reviewed,fueleconomy_gov_vehicle_data | nrcan_fuel_consumption_ratings; Ontario Vehicle Population Report A historical fit-active stock,2,
mto_crosswalk,AUDI,A84,2005,2012,Audi,A8,ldv,Mid-size,Midsize,Car,automatic_configured_make_alias_reviewed_canonical_label,reviewed,fueleconomy_gov_vehicle_data | nrcan_fuel_consumption_ratings; Ontario Vehicle Population Report A historical fit-active stock,2,
mto_crosswalk,AUDI,A84,2014,2015,Audi,A8,ldv,Mid-size,Midsize,Car,automatic_configured_make_alias_reviewed_canonical_label,reviewed,fueleconomy_gov_vehicle_data | nrcan_fuel_consumption_ratings; Ontario Vehicle Population Report A historical fit-active stock,2,
mto_crosswalk,AUDI,A84,2017,2017,Audi,A8,ldv,Mid-size,Midsize,Car,automatic_configured_make_alias_reviewed_canonical_label,reviewed,nrcan_fuel_consumption_ratings; Ontario Vehicle Population Report A historical fit-active stock,1,
mto_crosswalk,AUDI,A8L,2003,2003,Audi,A8,ldv,Mid-size,Midsize,Car,automatic_exact_normalized_make_reviewed_canonical_label,reviewed,fueleconomy_gov_vehicle_data | nrcan_fuel_consumption_ratings; Ontario Vehicle Population Report A historical fit-active stock,2,
mto_crosswalk,AUDI,A8L,2005,2015,Audi,A8,ldv,Mid-size,Midsize,Car,automatic_exact_normalized_make_reviewed_canonical_label,reviewed,fueleconomy_gov_vehicle_data | nrcan_fuel_consumption_ratings; Ontario Vehicle Population Report A historical fit-active stock,2,
mto_crosswalk,AUDI,ATQ,2003,2003,Audi,A8,ldv,Mid-size,Midsize,Car,automatic_configured_make_alias_reviewed_canonical_label,reviewed,fueleconomy_gov_vehicle_data | nrcan_fuel_consumption_ratings; Ontario Vehicle Population Report A historical fit-active stock,2,
mto_crosswalk,AUDI,ATQ,2005,2006,Audi,A8,ldv,Mid-size,Midsize,Car,automatic_configured_make_alias_reviewed_canonical_label,reviewed,fueleconomy_gov_vehicle_data | nrcan_fuel_consumption_ratings; Ontario Vehicle Population Report A historical fit-active stock,2,
mto_crosswalk,AUDI,C8Q,2011,2012,Audi,A8,ldv,Mid-size,Midsize,Car,automatic_configured_make_alias_reviewed_canonical_label,reviewed,fueleconomy_gov_vehicle_data | nrcan_fuel_consumption_ratings; Ontario Vehicle Population Report A historical fit-active stock,2,
mto_crosswalk,AUDI,C8Q,2017,2017,Audi,A8,ldv,Mid-size,Midsize,Car,automatic_configured_make_alias_reviewed_canonical_label,reviewed,nrcan_fuel_consumption_ratings; Ontario Vehicle Population Report A historical fit-active stock,1,
mto_crosswalk,AUDI,ATQ,2000,2000,Audi,A8 L,ldv,Full-size,Midsize,Car,automatic_configured_make_alias_reviewed_canonical_label,reviewed,fueleconomy_gov_vehicle_data; Ontario Vehicle Population Report A historical fit-active stock,1,
mto_crosswalk,AUDI,A18,2016,2016,Audi,A8L,ldv,Full-size,Midsize,Car,automatic_configured_make_alias_reviewed_canonical_label,reviewed,fueleconomy_gov_vehicle_data | nrcan_fuel_consumption_ratings; Ontario Vehicle Population Report A historical fit-active stock,2,
mto_crosswalk,AUDI,A84,2016,2016,Audi,A8L,ldv,Full-size,Midsize,Car,automatic_configured_make_alias_reviewed_canonical_label,reviewed,fueleconomy_gov_vehicle_data | nrcan_fuel_consumption_ratings; Ontario Vehicle Population Report A historical fit-active stock,2,
mto_crosswalk,AUDI,A8L,2002,2002,Audi,A8L,ldv,Full-size,Midsize,Car,automatic_exact_normalized_make_reviewed_canonical_label,reviewed,fueleconomy_gov_vehicle_data | nrcan_fuel_consumption_ratings; Ontario Vehicle Population Report A historical fit-active stock,2,
mto_crosswalk,AUDI,A8L,2016,2016,Audi,A8L,ldv,Full-size,Midsize,Car,automatic_exact_normalized_make_reviewed_canonical_label,reviewed,fueleconomy_gov_vehicle_data | nrcan_fuel_consumption_ratings; Ontario Vehicle Population Report A historical fit-active stock,2,
mto_crosswalk,AUDI,ATQ,2002,2002,Audi,A8L,ldv,Full-size,Midsize,Car,automatic_configured_make_alias_reviewed_canonical_label,reviewed,fueleconomy_gov_vehicle_data | nrcan_fuel_consumption_ratings; Ontario Vehicle Population Report A historical fit-active stock,2,
mto_crosswalk,AUDI,C8Q,2016,2016,Audi,A8L,ldv,Full-size,Midsize,Car,automatic_configured_make_alias_reviewed_canonical_label,reviewed,fueleconomy_gov_vehicle_data | nrcan_fuel_consumption_ratings; Ontario Vehicle Population Report A historical fit-active stock,2,
mto_crosswalk,AUDI,AQ3,2015,2018,Audi,Q3,ldv,Compact,Compact,Car,automatic_exact_normalized_make_mto_prefix_plus_canonical_model,reviewed,fueleconomy_gov_vehicle_data | nrcan_fuel_consumption_ratings; Ontario Vehicle Population Report A historical fit-active stock,4,
mto_crosswalk,AUDI,CQ3,2016,2018,Audi,Q3,ldv,Compact,Compact,Car,automatic_exact_normalized_make_mto_prefix_plus_canonical_model,reviewed,fueleconomy_gov_vehicle_data | nrcan_fuel_consumption_ratings; Ontario Vehicle Population Report A historical fit-active stock,4,
mto_crosswalk,AUDI,Q3,2017,2017,Audi,Q3,ldv,Compact,Compact,Car,automatic_exact_normalized_make_exact_normalized_model,reviewed,fueleconomy_gov_vehicle_data | nrcan_fuel_consumption_ratings; Ontario Vehicle Population Report A historical fit-active stock,4,
mto_crosswalk,AUDI,3AE,2020,2025,Audi,Q3,ldv,Sport utility vehicle: Small,Small SUV,Light Truck,automatic_configured_make_alias_reviewed_canonical_label,reviewed,fueleconomy_gov_vehicle_data | nrcan_fuel_consumption_ratings; Ontario Vehicle Population Report A historical fit-active stock,4,
mto_crosswalk,AUDI,AQ3,2019,2025,Audi,Q3,ldv,Sport utility vehicle: Small,Small SUV,Light Truck,automatic_exact_normalized_make_mto_prefix_plus_canonical_model,reviewed,fueleconomy_gov_vehicle_data | nrcan_fuel_consumption_ratings; Ontario Vehicle Population Report A historical fit-active stock,4,
mto_crosswalk,AUDI,Q3,2019,2019,Audi,Q3,ldv,Sport utility vehicle: Small,Small SUV,Light Truck,automatic_exact_normalized_make_exact_normalized_model,reviewed,fueleconomy_gov_vehicle_data | nrcan_fuel_consumption_ratings; Ontario Vehicle Population Report A historical fit-active stock,2,
mto_crosswalk,AUDI,Q3,2023,2025,Audi,Q3,ldv,Sport utility vehicle: Small,Small SUV,Light Truck,automatic_exact_normalized_make_exact_normalized_model,reviewed,fueleconomy_gov_vehicle_data | nrcan_fuel_consumption_ratings; Ontario Vehicle Population Report A historical fit-active stock,4,
mto_crosswalk,AUDI,AQ5,2009,2017,Audi,Q5,ldv,Sport utility vehicle: Small,Small SUV,Light Truck,automatic_exact_normalized_make_mto_prefix_plus_canonical_model,reviewed,fueleconomy_gov_vehicle_data | nrcan_fuel_consumption_ratings; Ontario Vehicle Population Report A historical fit-active stock,5,
mto_crosswalk,AUDI,AQ5,2019,2025,Audi,Q5,ldv,Sport utility vehicle: Small,Small SUV,Light Truck,automatic_exact_normalized_make_mto_prefix_plus_canonical_model,reviewed,fueleconomy_gov_vehicle_data | nrcan_fuel_consumption_ratings; Ontario Vehicle Population Report A historical fit-active stock,10,
mto_crosswalk,AUDI,CQ5,2013,2017,Audi,Q5,ldv,Sport utility vehicle: Small,Small SUV,Light Truck,automatic_approved_current_candidate_approved_similarity_string_similarity,reviewed,fueleconomy_gov_vehicle_data | nrcan_fuel_consumption_ratings; Ontario Vehicle Population Report A historical fit-active stock,1,
mto_crosswalk,AUDI,CQ5,2022,2023,Audi,Q5,ldv,Sport utility vehicle: Small,Small SUV,Light Truck,automatic_approved_current_candidate_approved_similarity_string_similarity,reviewed,fueleconomy_gov_vehicle_data | nrcan_fuel_consumption_ratings; Ontario Vehicle Population Report A historical fit-active stock,1,
mto_crosswalk,AUDI,CQ5,2025,2025,Audi,Q5,ldv,Sport utility vehicle: Small,Small SUV,Light Truck,automatic_exact_normalized_make_mto_prefix_plus_canonical_model,reviewed,fueleconomy_gov_vehicle_data | nrcan_fuel_consumption_ratings; Ontario Vehicle Population Report A historical fit-active stock,10,
mto_crosswalk,AUDI,Q5,2010,2012,Audi,Q5,ldv,Sport utility vehicle: Small,Small SUV,Light Truck,automatic_approved_current_candidate_approved_similarity_exact_normalized,reviewed,fueleconomy_gov_vehicle_data | nrcan_fuel_consumption_ratings; Ontario Vehicle Population Report A historical fit-active stock,1,
mto_crosswalk,AUDI,Q5,2014,2014,Audi,Q5,ldv,Sport utility vehicle: Small,Small SUV,Light Truck,automatic_approved_current_candidate_approved_similarity_exact_normalized,reviewed,fueleconomy_gov_vehicle_data | nrcan_fuel_consumption_ratings; Ontario Vehicle Population Report A historical fit-active stock,1,
mto_crosswalk,AUDI,Q5,2016,2016,Audi,Q5,ldv,Sport utility vehicle: Small,Small SUV,Light Truck,automatic_approved_current_candidate_approved_similarity_exact_normalized,reviewed,fueleconomy_gov_vehicle_data | nrcan_fuel_consumption_ratings; Ontario Vehicle Population Report A historical fit-active stock,1,
mto_crosswalk,AUDI,Q5,2018,2025,Audi,Q5,ldv,Sport utility vehicle: Small,Small SUV,Light Truck,automatic_approved_current_candidate_approved_similarity_exact_normalized,reviewed,fueleconomy_gov_vehicle_data | nrcan_fuel_consumption_ratings; Ontario Vehicle Population Report A historical fit-active stock,1,
mto_crosswalk,AUDI,Q53,2009,2016,Audi,Q5,ldv,Sport utility vehicle: Small,Small SUV,Light Truck,automatic_exact_normalized_make_reviewed_canonical_label,reviewed,fueleconomy_gov_vehicle_data | nrcan_fuel_consumption_ratings; Ontario Vehicle Population Report A historical fit-active stock,5,
mto_crosswalk,AUDI,QPP,2016,2025,Audi,Q5,ldv,Sport utility vehicle: Small,Small SUV,Light Truck,automatic_configured_make_alias_reviewed_canonical_label,reviewed,fueleconomy_gov_vehicle_data | nrcan_fuel_consumption_ratings; Ontario Vehicle Population Report A historical fit-active stock,10,
mto_crosswalk,AUDI,SC5,2015,2019,Audi,Q5,ldv,Sport utility vehicle: Small,Small SUV,Light Truck,automatic_configured_make_alias_reviewed_canonical_label,reviewed,fueleconomy_gov_vehicle_data | nrcan_fuel_consumption_ratings; Ontario Vehicle Population Report A historical fit-active stock,5,
mto_crosswalk,AUDI,Q6E,2025,2025,Audi,Q6,ldv,Sport utility vehicle: Standard,Midsize SUV,Light Truck,automatic_approved_current_candidate_approved_similarity_normalized_prefix,reviewed,fueleconomy_gov_vehicle_data | nrcan_fuel_consumption_ratings; Ontario Vehicle Population Report A historical fit-active stock,1,
mto_crosswalk,AUDI,AQ7,2007,2015,Audi,Q7,ldv,Sport utility vehicle: Standard,Midsize SUV,Light Truck,automatic_exact_normalized_make_mto_prefix_plus_canonical_model,reviewed,fueleconomy_gov_vehicle_data | nrcan_fuel_consumption_ratings; Ontario Vehicle Population Report A historical fit-active stock,3,
mto_crosswalk,AUDI,AQ7,2017,2025,Audi,Q7,ldv,Sport utility vehicle: Standard,Midsize SUV,Light Truck,automatic_exact_normalized_make_mto_prefix_plus_canonical_model,reviewed,fueleconomy_gov_vehicle_data | nrcan_fuel_consumption_ratings; Ontario Vehicle Population Report A historical fit-active stock,3,
mto_crosswalk,AUDI,CQ7,2010,2010,Audi,Q7,ldv,Sport utility vehicle: Standard,Midsize SUV,Light Truck,automatic_approved_current_candidate_approved_similarity_string_similarity,reviewed,fueleconomy_gov_vehicle_data | nrcan_fuel_consumption_ratings; Ontario Vehicle Population Report A historical fit-active stock,1,
mto_crosswalk,AUDI,CQ7,2015,2015,Audi,Q7,ldv,Sport utility vehicle: Standard,Midsize SUV,Light Truck,automatic_approved_current_candidate_approved_similarity_string_similarity,reviewed,fueleconomy_gov_vehicle_data | nrcan_fuel_consumption_ratings; Ontario Vehicle Population Report A historical fit-active stock,1,
mto_crosswalk,AUDI,CQ7,2017,2022,Audi,Q7,ldv,Sport utility vehicle: Standard,Midsize SUV,Light Truck,automatic_approved_current_candidate_approved_similarity_string_similarity,reviewed,fueleconomy_gov_vehicle_data | nrcan_fuel_consumption_ratings; Ontario Vehicle Population Report A historical fit-active stock,1,
mto_crosswalk,AUDI,CQ7,2023,2023,Audi,Q7,ldv,Sport utility vehicle: Standard,Midsize SUV,Light Truck,automatic_exact_normalized_make_mto_prefix_plus_canonical_model,reviewed,fueleconomy_gov_vehicle_data | nrcan_fuel_consumption_ratings; Ontario Vehicle Population Report A historical fit-active stock,3,
mto_crosswalk,AUDI,Q7,2007,2011,Audi,Q7,ldv,Sport utility vehicle: Standard,Midsize SUV,Light Truck,automatic_approved_current_candidate_approved_similarity_exact_normalized,reviewed,fueleconomy_gov_vehicle_data | nrcan_fuel_consumption_ratings; Ontario Vehicle Population Report A historical fit-active stock,1,
mto_crosswalk,AUDI,Q7,2014,2016,Audi,Q7,ldv,Sport utility vehicle: Standard,Midsize SUV,Light Truck,automatic_approved_current_candidate_approved_similarity_exact_normalized,reviewed,fueleconomy_gov_vehicle_data | nrcan_fuel_consumption_ratings; Ontario Vehicle Population Report A historical fit-active stock,1,
mto_crosswalk,AUDI,Q7,2020,2021,Audi,Q7,ldv,Sport utility vehicle: Standard,Midsize SUV,Light Truck,automatic_approved_current_candidate_approved_similarity_exact_normalized,reviewed,fueleconomy_gov_vehicle_data | nrcan_fuel_consumption_ratings; Ontario Vehicle Population Report A historical fit-active stock,1,
mto_crosswalk,AUDI,Q7,2023,2026,Audi,Q7,ldv,Sport utility vehicle: Standard,Midsize SUV,Light Truck,automatic_approved_current_candidate_approved_similarity_exact_normalized,reviewed,fueleconomy_gov_vehicle_data | nrcan_fuel_consumption_ratings; Ontario Vehicle Population Report A historical fit-active stock,1,
mto_crosswalk,AUDI,Q73,2007,2021,Audi,Q7,ldv,Sport utility vehicle: Standard,Midsize SUV,Light Truck,automatic_approved_current_candidate_approved_similarity_normalized_prefix,reviewed,fueleconomy_gov_vehicle_data | nrcan_fuel_consumption_ratings; Ontario Vehicle Population Report A historical fit-active stock,1,
mto_crosswalk,AUDI,Q7T,2009,2011,Audi,Q7,ldv,Sport utility vehicle: Standard,Midsize SUV,Light Truck,automatic_exact_normalized_make_reviewed_canonical_label,reviewed,fueleconomy_gov_vehicle_data | nrcan_fuel_consumption_ratings; Ontario Vehicle Population Report A historical fit-active stock,3,
mto_crosswalk,AUDI,AQ8,2019,2025,Audi,Q8,ldv,Sport utility vehicle: Standard,Midsize SUV,Light Truck,automatic_exact_normalized_make_mto_prefix_plus_canonical_model,reviewed,fueleconomy_gov_vehicle_data | nrcan_fuel_consumption_ratings; Ontario Vehicle Population Report A historical fit-active stock,9,
mto_crosswalk,AUDI,Q8,2025,2026,Audi,Q8,ldv,Sport utility vehicle: Standard,Midsize SUV,Light Truck,automatic_approved_current_candidate_approved_similarity_exact_normalized,reviewed,fueleconomy_gov_vehicle_data | nrcan_fuel_consumption_ratings; Ontario Vehicle Population Report A historical fit-active stock,1,
mto_crosswalk,AUDI,R85,2009,2023,Audi,R8,ldv,Two-seater,Midsize,Car,automatic_approved_current_candidate_approved_similarity_normalized_prefix,reviewed,fueleconomy_gov_vehicle_data | nrcan_fuel_consumption_ratings; Ontario Vehicle Population Report A historical fit-active stock,1,
mto_crosswalk,AUDI,R8Q,2008,2015,Audi,R8,ldv,Two-seater,Midsize,Car,automatic_approved_current_candidate_approved_similarity_normalized_prefix,reviewed,fueleconomy_gov_vehicle_data | nrcan_fuel_consumption_ratings; Ontario Vehicle Population Report A historical fit-active stock,1,
mto_crosswalk,AUDI,RCP,2015,2025,Audi,R8,ldv,Two-seater,Midsize,Car,automatic_configured_make_alias_reviewed_canonical_label,reviewed,fueleconomy_gov_vehicle_data | nrcan_fuel_consumption_ratings; Ontario Vehicle Population Report A historical fit-active stock,11,
mto_crosswalk,AUDI,RS5,2011,2025,Audi,RS 5,ldv,Subcompact,Compact,Car,automatic_approved_current_candidate_approved_similarity_exact_normalized,reviewed,fueleconomy_gov_vehicle_data | nrcan_fuel_consumption_ratings; Ontario Vehicle Population Report A historical fit-active stock,1,
mto_crosswalk,AUDI,RSQ,2007,2026,Audi,RS Q8,ldv,Sport utility vehicle: Standard,Midsize SUV,Light Truck,automatic_approved_current_candidate_approved_similarity_normalized_prefix,reviewed,fueleconomy_gov_vehicle_data | nrcan_fuel_consumption_ratings; Ontario Vehicle Population Report A historical fit-active stock,1,
mto_crosswalk,AUDI,32S,2015,2018,Audi,S3,ldv,Subcompact,Compact,Car,automatic_configured_make_alias_reviewed_canonical_label,reviewed,fueleconomy_gov_vehicle_data | nrcan_fuel_consumption_ratings; Ontario Vehicle Population Report A historical fit-active stock,2,
mto_crosswalk,AUDI,3PS,2016,2020,Audi,S3,ldv,Subcompact,Compact,Car,automatic_configured_make_alias_reviewed_canonical_label,reviewed,fueleconomy_gov_vehicle_data | nrcan_fuel_consumption_ratings; Ontario Vehicle Population Report A historical fit-active stock,2,
mto_crosswalk,AUDI,RS3,2017,2026,Audi,S3,ldv,Subcompact,Compact,Car,automatic_configured_make_alias_reviewed_canonical_label,reviewed,fueleconomy_gov_vehicle_data | nrcan_fuel_consumption_ratings; Ontario Vehicle Population Report A historical fit-active stock,4,
mto_crosswalk,AUDI,S3,2000,2026,Audi,S3,ldv,Subcompact,Compact,Car,automatic_approved_current_candidate_approved_similarity_exact_normalized,reviewed,fueleconomy_gov_vehicle_data | nrcan_fuel_consumption_ratings; Ontario Vehicle Population Report A historical fit-active stock,1,
mto_crosswalk,AUDI,S3P,2015,2020,Audi,S3,ldv,Subcompact,Compact,Car,automatic_approved_current_candidate_approved_similarity_normalized_prefix,reviewed,fueleconomy_gov_vehicle_data | nrcan_fuel_consumption_ratings; Ontario Vehicle Population Report A historical fit-active stock,1,
mto_crosswalk,AUDI,41Q,1998,2022,Audi,S4,ldv,Compact,Compact,Car,automatic_configured_make_alias_reviewed_canonical_label,reviewed,fueleconomy_gov_vehicle_data | nrcan_fuel_consumption_ratings; Ontario Vehicle Population Report A historical fit-active stock,3,
mto_crosswalk,AUDI,C4K,2016,2016,Audi,S4,ldv,Compact,Compact,Car,automatic_configured_make_alias_reviewed_canonical_label,reviewed,fueleconomy_gov_vehicle_data | nrcan_fuel_consumption_ratings; Ontario Vehicle Population Report A historical fit-active stock,2,
mto_crosswalk,AUDI,C4Q,2010,2016,Audi,S4,ldv,Compact,Compact,Car,automatic_configured_make_alias_reviewed_canonical_label,reviewed,fueleconomy_gov_vehicle_data | nrcan_fuel_consumption_ratings; Ontario Vehicle Population Report A historical fit-active stock,2,
mto_crosswalk,AUDI,C4V,2016,2016,Audi,S4,ldv,Compact,Compact,Car,automatic_configured_make_alias_reviewed_canonical_label,reviewed,fueleconomy_gov_vehicle_data | nrcan_fuel_consumption_ratings; Ontario Vehicle Population Report A historical fit-active stock,2,
mto_crosswalk,AUDI,N4A,2005,2009,Audi,S4,ldv,Compact,Compact,Car,automatic_configured_make_alias_reviewed_canonical_label,reviewed,fueleconomy_gov_vehicle_data | nrcan_fuel_consumption_ratings; Ontario Vehicle Population Report A historical fit-active stock,2,
mto_crosswalk,AUDI,S4,1993,1993,Audi,S4,ldv,Compact,Compact,Car,automatic_exact_normalized_make_exact_normalized_model,reviewed,fueleconomy_gov_vehicle_data; Ontario Vehicle Population Report A historical fit-active stock,1,
mto_crosswalk,AUDI,S4,2000,2000,Audi,S4,ldv,Compact,Compact,Car,automatic_exact_normalized_make_exact_normalized_model,reviewed,fueleconomy_gov_vehicle_data | nrcan_fuel_consumption_ratings; Ontario Vehicle Population Report A historical fit-active stock,2,
mto_crosswalk,AUDI,S4,2006,2006,Audi,S4,ldv,Compact,Compact,Car,automatic_exact_normalized_make_exact_normalized_model,reviewed,fueleconomy_gov_vehicle_data | nrcan_fuel_consumption_ratings; Ontario Vehicle Population Report A historical fit-active stock,2,
mto_crosswalk,AUDI,S4,2010,2016,Audi,S4,ldv,Compact,Compact,Car,automatic_exact_normalized_make_exact_normalized_model,reviewed,fueleconomy_gov_vehicle_data | nrcan_fuel_consumption_ratings; Ontario Vehicle Population Report A historical fit-active stock,2,
mto_crosswalk,AUDI,S4,2018,2025,Audi,S4,ldv,Compact,Compact,Car,automatic_exact_normalized_make_exact_normalized_model,reviewed,fueleconomy_gov_vehicle_data | nrcan_fuel_consumption_ratings; Ontario Vehicle Population Report A historical fit-active stock,2,
mto_crosswalk,AUDI,S44,2004,2008,Audi,S4,ldv,Compact,Compact,Car,automatic_exact_normalized_make_reviewed_canonical_label,reviewed,fueleconomy_gov_vehicle_data | nrcan_fuel_consumption_ratings; Ontario Vehicle Population Report A historical fit-active stock,2,
mto_crosswalk,AUDI,S4Q,1992,2002,Audi,S4,ldv,Compact,Compact,Car,automatic_exact_normalized_make_reviewed_canonical_label,reviewed,fueleconomy_gov_vehicle_data | nrcan_fuel_consumption_ratings; Ontario Vehicle Population Report A historical fit-active stock,2,
mto_crosswalk,AUDI,C5T,2025,2025,Audi,S5,ldv,Mid-size,Midsize,Car,automatic_configured_make_alias_reviewed_canonical_label,reviewed,fueleconomy_gov_vehicle_data; Ontario Vehicle Population Report A historical fit-active stock,1,
mto_crosswalk,AUDI,S5,2024,2025,Audi,S5,ldv,Mid-size,Midsize,Car,automatic_exact_normalized_make_exact_normalized_model,reviewed,fueleconomy_gov_vehicle_data; Ontario Vehicle Population Report A historical fit-active stock,1,
mto_crosswalk,AUDI,S5C,2025,2025,Audi,S5,ldv,Mid-size,Midsize,Car,automatic_configured_make_alias_reviewed_canonical_label,reviewed,fueleconomy_gov_vehicle_data; Ontario Vehicle Population Report A historical fit-active stock,1,
mto_crosswalk,AUDI,S5T,2024,2025,Audi,S5,ldv,Mid-size,Midsize,Car,automatic_exact_normalized_make_canonical_model_plus_mto_suffix,reviewed,fueleconomy_gov_vehicle_data; Ontario Vehicle Population Report A historical fit-active stock,1,
mto_crosswalk,AUDI,5QP,2016,2019,Audi,S5,ldv,Subcompact,Compact,Car,automatic_configured_make_alias_reviewed_canonical_label,reviewed,fueleconomy_gov_vehicle_data | nrcan_fuel_consumption_ratings; Ontario Vehicle Population Report A historical fit-active stock,4,
mto_crosswalk,AUDI,C5Q,2010,2014,Audi,S5,ldv,Subcompact,Compact,Car,automatic_configured_make_alias_reviewed_canonical_label,reviewed,fueleconomy_gov_vehicle_data | nrcan_fuel_consumption_ratings; Ontario Vehicle Population Report A historical fit-active stock,4,
mto_crosswalk,AUDI,C5T,2015,2015,Audi,S5,ldv,Subcompact,Compact,Car,automatic_configured_make_alias_reviewed_canonical_label,reviewed,fueleconomy_gov_vehicle_data | nrcan_fuel_consumption_ratings; Ontario Vehicle Population Report A historical fit-active stock,4,
mto_crosswalk,AUDI,C5T,2019,2021,Audi,S5,ldv,Subcompact,Compact,Car,automatic_configured_make_alias_reviewed_canonical_label,reviewed,fueleconomy_gov_vehicle_data | nrcan_fuel_consumption_ratings; Ontario Vehicle Population Report A historical fit-active stock,2,
mto_crosswalk,AUDI,ESV,2019,2021,Audi,S5,ldv,Subcompact,Compact,Car,automatic_configured_make_alias_reviewed_canonical_label,reviewed,fueleconomy_gov_vehicle_data | nrcan_fuel_consumption_ratings; Ontario Vehicle Population Report A historical fit-active stock,2,
mto_crosswalk,AUDI,PPS,2016,2021,Audi,S5,ldv,Subcompact,Compact,Car,automatic_configured_make_alias_reviewed_canonical_label,reviewed,fueleconomy_gov_vehicle_data | nrcan_fuel_consumption_ratings; Ontario Vehicle Population Report A historical fit-active stock,4,
mto_crosswalk,AUDI,R5Q,2013,2015,Audi,S5,ldv,Subcompact,Compact,Car,automatic_configured_make_alias_reviewed_canonical_label,reviewed,fueleconomy_gov_vehicle_data | nrcan_fuel_consumption_ratings; Ontario Vehicle Population Report A historical fit-active stock,4,
mto_crosswalk,AUDI,S5,2011,2011,Audi,S5,ldv,Subcompact,Compact,Car,automatic_exact_normalized_make_exact_normalized_model,reviewed,fueleconomy_gov_vehicle_data | nrcan_fuel_consumption_ratings; Ontario Vehicle Population Report A historical fit-active stock,4,
mto_crosswalk,AUDI,S5,2014,2015,Audi,S5,ldv,Subcompact,Compact,Car,automatic_exact_normalized_make_exact_normalized_model,reviewed,fueleconomy_gov_vehicle_data | nrcan_fuel_consumption_ratings; Ontario Vehicle Population Report A historical fit-active stock,4,
mto_crosswalk,AUDI,S5,2018,2022,Audi,S5,ldv,Subcompact,Compact,Car,automatic_exact_normalized_make_exact_normalized_model,reviewed,fueleconomy_gov_vehicle_data | nrcan_fuel_consumption_ratings; Ontario Vehicle Population Report A historical fit-active stock,2,
mto_crosswalk,AUDI,S5C,2009,2015,Audi,S5,ldv,Subcompact,Compact,Car,automatic_configured_make_alias_reviewed_canonical_label,reviewed,fueleconomy_gov_vehicle_data | nrcan_fuel_consumption_ratings; Ontario Vehicle Population Report A historical fit-active stock,4,
mto_crosswalk,AUDI,S5C,2018,2018,Audi,S5,ldv,Subcompact,Compact,Car,automatic_configured_make_alias_reviewed_canonical_label,reviewed,fueleconomy_gov_vehicle_data | nrcan_fuel_consumption_ratings; Ontario Vehicle Population Report A historical fit-active stock,2,
mto_crosswalk,AUDI,S5C,2020,2020,Audi,S5,ldv,Subcompact,Compact,Car,automatic_configured_make_alias_reviewed_canonical_label,reviewed,fueleconomy_gov_vehicle_data | nrcan_fuel_consumption_ratings; Ontario Vehicle Population Report A historical fit-active stock,2,
mto_crosswalk,AUDI,S5L,2010,2019,Audi,S5,ldv,Subcompact,Compact,Car,automatic_exact_normalized_make_canonical_model_plus_mto_suffix,reviewed,fueleconomy_gov_vehicle_data | nrcan_fuel_consumption_ratings; Ontario Vehicle Population Report A historical fit-active stock,4,
mto_crosswalk,AUDI,S5T,2015,2022,Audi,S5,ldv,Subcompact,Compact,Car,automatic_exact_normalized_make_canonical_model_plus_mto_suffix,reviewed,fueleconomy_gov_vehicle_data | nrcan_fuel_consumption_ratings; Ontario Vehicle Population Report A historical fit-active stock,4,
mto_crosswalk,AUDI,C5T,2023,2024,Audi,S5 Coup,ldv,Subcompact,Compact,Car,automatic_configured_make_alias_reviewed_canonical_label,reviewed,nrcan_fuel_consumption_ratings; Ontario Vehicle Population Report A historical fit-active stock,1,
mto_crosswalk,AUDI,ESV,2023,2023,Audi,S5 Coup,ldv,Subcompact,Compact,Car,automatic_configured_make_alias_reviewed_canonical_label,reviewed,nrcan_fuel_consumption_ratings; Ontario Vehicle Population Report A historical fit-active stock,1,
mto_crosswalk,AUDI,PPS,2023,2024,Audi,S5 Coup,ldv,Subcompact,Compact,Car,automatic_configured_make_alias_reviewed_canonical_label,reviewed,nrcan_fuel_consumption_ratings; Ontario Vehicle Population Report A historical fit-active stock,1,
mto_crosswalk,AUDI,S5C,2023,2024,Audi,S5 Coup,ldv,Subcompact,Compact,Car,automatic_configured_make_alias_reviewed_canonical_label,reviewed,nrcan_fuel_consumption_ratings; Ontario Vehicle Population Report A historical fit-active stock,1,
mto_crosswalk,AUDI,C5T,2022,2022,Audi,S5 Coupe,ldv,Subcompact,Compact,Car,automatic_configured_make_alias_reviewed_canonical_label,reviewed,fueleconomy_gov_vehicle_data | nrcan_fuel_consumption_ratings; Ontario Vehicle Population Report A historical fit-active stock,2,
mto_crosswalk,AUDI,ESV,2022,2022,Audi,S5 Coupe,ldv,Subcompact,Compact,Car,automatic_configured_make_alias_reviewed_canonical_label,reviewed,fueleconomy_gov_vehicle_data | nrcan_fuel_consumption_ratings; Ontario Vehicle Population Report A historical fit-active stock,2,
mto_crosswalk,AUDI,PPS,2022,2022,Audi,S5 Coupe,ldv,Subcompact,Compact,Car,automatic_configured_make_alias_reviewed_canonical_label,reviewed,fueleconomy_gov_vehicle_data | nrcan_fuel_consumption_ratings; Ontario Vehicle Population Report A historical fit-active stock,2,
mto_crosswalk,AUDI,6AG,2021,2025,Audi,S6,ldv,Mid-size,Midsize,Car,automatic_configured_make_alias_reviewed_canonical_label,reviewed,fueleconomy_gov_vehicle_data | nrcan_fuel_consumption_ratings; Ontario Vehicle Population Report A historical fit-active stock,2,
mto_crosswalk,AUDI,6PR,2010,2025,Audi,S6,ldv,Mid-size,Midsize,Car,automatic_configured_make_alias_reviewed_canonical_label,reviewed,fueleconomy_gov_vehicle_data | nrcan_fuel_consumption_ratings; Ontario Vehicle Population Report A historical fit-active stock,4,
mto_crosswalk,AUDI,6PT,2016,2016,Audi,S6,ldv,Mid-size,Midsize,Car,automatic_configured_make_alias_reviewed_canonical_label,reviewed,fueleconomy_gov_vehicle_data | nrcan_fuel_consumption_ratings; Ontario Vehicle Population Report A historical fit-active stock,2,
mto_crosswalk,AUDI,S6L,2016,2018,Audi,S6,ldv,Mid-size,Midsize,Car,automatic_exact_normalized_make_reviewed_canonical_label,reviewed,fueleconomy_gov_vehicle_data | nrcan_fuel_consumption_ratings; Ontario Vehicle Population Report A historical fit-active stock,2,
mto_crosswalk,AUDI,S6P,2009,2024,Audi,S6,ldv,Mid-size,Midsize,Car,automatic_configured_make_alias_reviewed_canonical_label,reviewed,fueleconomy_gov_vehicle_data | nrcan_fuel_consumption_ratings; Ontario Vehicle Population Report A historical fit-active stock,2,
mto_crosswalk,AUDI,S6Q,2007,2017,Audi,S6,ldv,Mid-size,Midsize,Car,automatic_exact_normalized_make_reviewed_canonical_label,reviewed,fueleconomy_gov_vehicle_data | nrcan_fuel_consumption_ratings; Ontario Vehicle Population Report A historical fit-active stock,2,
mto_crosswalk,AUDI,RS7,2014,2016,Audi,S7,ldv,Mid-size,Midsize,Car,automatic_exact_normalized_make_reviewed_canonical_label,reviewed,fueleconomy_gov_vehicle_data | nrcan_fuel_consumption_ratings; Ontario Vehicle Population Report A historical fit-active stock,2,
mto_crosswalk,AUDI,S7P,2016,2025,Audi,S7,ldv,Mid-size,Midsize,Car,automatic_approved_current_candidate_approved_similarity_normalized_prefix,reviewed,fueleconomy_gov_vehicle_data | nrcan_fuel_consumption_ratings; Ontario Vehicle Population Report A historical fit-active stock,1,
mto_crosswalk,AUDI,S8Q,2007,2007,Audi,S8,ldv,Full-size,Midsize,Car,automatic_exact_normalized_make_canonical_model_plus_mto_suffix,reviewed,fueleconomy_gov_vehicle_data | nrcan_fuel_consumption_ratings; Ontario Vehicle Population Report A historical fit-active stock,2,
mto_crosswalk,AUDI,S8Q,2020,2020,Audi,S8,ldv,Full-size,Midsize,Car,automatic_exact_normalized_make_canonical_model_plus_mto_suffix,reviewed,fueleconomy_gov_vehicle_data | nrcan_fuel_consumption_ratings; Ontario Vehicle Population Report A historical fit-active stock,2,
mto_crosswalk,AUDI,S8Q,2022,2025,Audi,S8,ldv,Full-size,Midsize,Car,automatic_exact_normalized_make_canonical_model_plus_mto_suffix,reviewed,fueleconomy_gov_vehicle_data | nrcan_fuel_consumption_ratings; Ontario Vehicle Population Report A historical fit-active stock,2,
mto_crosswalk,AUDI,S8Q,2001,2003,Audi,S8,ldv,Mid-size,Midsize,Car,automatic_exact_normalized_make_canonical_model_plus_mto_suffix,reviewed,fueleconomy_gov_vehicle_data | nrcan_fuel_consumption_ratings; Ontario Vehicle Population Report A historical fit-active stock,2,
mto_crosswalk,AUDI,S8Q,2008,2009,Audi,S8,ldv,Mid-size,Midsize,Car,automatic_exact_normalized_make_canonical_model_plus_mto_suffix,reviewed,fueleconomy_gov_vehicle_data | nrcan_fuel_consumption_ratings; Ontario Vehicle Population Report A historical fit-active stock,2,
mto_crosswalk,AUDI,S8Q,2013,2018,Audi,S8,ldv,Mid-size,Midsize,Car,automatic_exact_normalized_make_canonical_model_plus_mto_suffix,reviewed,fueleconomy_gov_vehicle_data | nrcan_fuel_consumption_ratings; Ontario Vehicle Population Report A historical fit-active stock,2,
mto_crosswalk,AUDI,SQ5,2013,2025,Audi,SQ5,ldv,Sport utility vehicle: Small,Small SUV,Light Truck,automatic_approved_current_candidate_approved_similarity_exact_normalized,reviewed,fueleconomy_gov_vehicle_data | nrcan_fuel_consumption_ratings; Ontario Vehicle Population Report A historical fit-active stock,1,
mto_crosswalk,AUDI,SQC,2016,2017,Audi,SQ6,ldv,Sport utility vehicle: Small,Small SUV,Light Truck,automatic_configured_make_alias_reviewed_canonical_label,reviewed,fueleconomy_gov_vehicle_data | nrcan_fuel_consumption_ratings; Ontario Vehicle Population Report A historical fit-active stock,5,
mto_crosswalk,AUDI,TTP,2008,2023,Audi,TT,ldv,Minicompact,Compact,Car,automatic_exact_normalized_make_reviewed_canonical_label,reviewed,nrcan_fuel_consumption_ratings; Ontario Vehicle Population Report A historical fit-active stock,1,
mto_crosswalk,AUDI,TQL,2009,2010,Audi,TT Coupe,ldv,Subcompact,Compact,Car,automatic_configured_make_alias_reviewed_canonical_label,reviewed,fueleconomy_gov_vehicle_data | nrcan_fuel_consumption_ratings; Ontario Vehicle Population Report A historical fit-active stock,4,
mto_crosswalk,AUDI,TQL,2014,2014,Audi,TT Coupe,ldv,Subcompact,Compact,Car,automatic_configured_make_alias_reviewed_canonical_label,reviewed,fueleconomy_gov_vehicle_data | nrcan_fuel_consumption_ratings; Ontario Vehicle Population Report A historical fit-active stock,2,
mto_crosswalk,AUDI,TQL,2012,2013,Audi,TT RS,ldv,Subcompact,Compact,Car,automatic_configured_make_alias_reviewed_canonical_label,reviewed,fueleconomy_gov_vehicle_data | nrcan_fuel_consumption_ratings; Ontario Vehicle Population Report A historical fit-active stock,2,
mto_crosswalk,AUDI,TTR,2018,2022,Audi,TT RS,ldv,Subcompact,Compact,Car,automatic_configured_make_alias_reviewed_canonical_label,reviewed,fueleconomy_gov_vehicle_data | nrcan_fuel_consumption_ratings; Ontario Vehicle Population Report A historical fit-active stock,2,
mto_crosswalk,AUDI,TTR,2005,2005,Audi,TT Roadster,ldv,Two-seater,Midsize,Car,automatic_configured_make_alias_reviewed_canonical_label,reviewed,fueleconomy_gov_vehicle_data | nrcan_fuel_consumption_ratings; Ontario Vehicle Population Report A historical fit-active stock,4,
mto_crosswalk,AUDI,TTR,2009,2009,Audi,TT Roadster,ldv,Two-seater,Midsize,Car,automatic_configured_make_alias_reviewed_canonical_label,reviewed,fueleconomy_gov_vehicle_data | nrcan_fuel_consumption_ratings; Ontario Vehicle Population Report A historical fit-active stock,4,
mto_crosswalk,AUDI,TTR,2023,2023,Audi,TT Roadster,ldv,Two-seater,Midsize,Car,automatic_configured_make_alias_reviewed_canonical_label,reviewed,fueleconomy_gov_vehicle_data | nrcan_fuel_consumption_ratings; Ontario Vehicle Population Report A historical fit-active stock,2,
mto_crosswalk,AUDI,TTS,2015,2022,Audi,TTS,ldv,Subcompact,Compact,Car,automatic_approved_current_candidate_approved_similarity_exact_normalized,reviewed,fueleconomy_gov_vehicle_data | nrcan_fuel_consumption_ratings; Ontario Vehicle Population Report A historical fit-active stock,1,
mto_crosswalk,AUDI,TTS,2023,2023,Audi,TTS,ldv,Subcompact,Compact,Car,automatic_exact_normalized_make_reviewed_canonical_label,reviewed,fueleconomy_gov_vehicle_data | nrcan_fuel_consumption_ratings; Ontario Vehicle Population Report A historical fit-active stock,2,
mto_crosswalk,AUDI,ALL,2001,2005,Audi,allroad,ldv,Station wagon: Small,Midsize,Car,automatic_exact_normalized_make_reviewed_canonical_label,reviewed,fueleconomy_gov_vehicle_data | nrcan_fuel_consumption_ratings; Ontario Vehicle Population Report A historical fit-active stock,2,
mto_crosswalk,AUDI,ASL,2010,2016,Audi,allroad,ldv,Station wagon: Small,Midsize,Car,automatic_configured_make_alias_reviewed_canonical_label,reviewed,fueleconomy_gov_vehicle_data | nrcan_fuel_consumption_ratings; Ontario Vehicle Population Report A historical fit-active stock,2,
mto_crosswalk,AUDI,CPL,2013,2014,Audi,allroad,ldv,Station wagon: Small,Midsize,Car,automatic_configured_make_alias_reviewed_canonical_label,reviewed,fueleconomy_gov_vehicle_data | nrcan_fuel_consumption_ratings; Ontario Vehicle Population Report A historical fit-active stock,2,
mto_crosswalk,AUDI,EPM,2022,2025,Audi,e-tron,ldv,Compact,Compact,Car,automatic_configured_make_alias_reviewed_canonical_label,reviewed,fueleconomy_gov_vehicle_data | nrcan_fuel_consumption_ratings; Ontario Vehicle Population Report A historical fit-active stock,2,
mto_crosswalk,AUDI,ATN,2000,2023,Audi,e-tron,ldv,Sport utility vehicle: Standard,Midsize SUV,Light Truck,automatic_configured_make_alias_reviewed_canonical_label,reviewed,fueleconomy_gov_vehicle_data | nrcan_fuel_consumption_ratings; Ontario Vehicle Population Report A historical fit-active stock,4,
mto_crosswalk,AUDI,EPM,2017,2021,Audi,e-tron,ldv,Sport utility vehicle: Standard,Midsize SUV,Light Truck,automatic_configured_make_alias_reviewed_canonical_label,reviewed,fueleconomy_gov_vehicle_data | nrcan_fuel_consumption_ratings; Ontario Vehicle Population Report A historical fit-active stock,4,
mto_crosswalk,AUDI,EPG,2016,2018,Audi,e-tron GT,non_ldv_unclassified,,,,automatic_reviewed_manual_make_reviewed_two_pass_agreement,reviewed,reviewed_mto_make_model_evidence; Ontario Vehicle Population Report A historical fit-active stock,0,Public evidence supports the family but not an LDV class hierarchy.
mto_crosswalk,BMW,12I,2008,2013,BMW,128i,ldv,Subcompact,Compact,Car,automatic_approved_current_candidate_approved_similarity_string_similarity,reviewed,fueleconomy_gov_vehicle_data | nrcan_fuel_consumption_ratings; Ontario Vehicle Population Report A historical fit-active stock,1,
mto_crosswalk,BMW,13I,2008,2012,BMW,135i,ldv,Subcompact,Compact,Car,automatic_approved_current_candidate_approved_similarity_string_similarity,reviewed,fueleconomy_gov_vehicle_data | nrcan_fuel_consumption_ratings; Ontario Vehicle Population Report A historical fit-active stock,1,
mto_crosswalk,BMW,31S,1991,1992,BMW,318i,ldv,Subcompact,Compact,Car,automatic_exact_normalized_make_reviewed_canonical_label,reviewed,fueleconomy_gov_vehicle_data; Ontario Vehicle Population Report A historical fit-active stock,2,
mto_crosswalk,BMW,31S,1993,1995,BMW,318i 318is,ldv,Subcompact,Compact,Car,automatic_exact_normalized_make_reviewed_canonical_label,reviewed,fueleconomy_gov_vehicle_data | nrcan_fuel_consumption_ratings; Ontario Vehicle Population Report A historical fit-active stock,2,
mto_crosswalk,BMW,320,1999,2013,BMW,320i,ldv,Compact,Compact,Car,automatic_configured_make_alias_reviewed_canonical_label,reviewed,fueleconomy_gov_vehicle_data | nrcan_fuel_consumption_ratings; Ontario Vehicle Population Report A historical fit-active stock,4,
mto_crosswalk,BMW,320,1982,1998,BMW,320i,ldv,Subcompact,Compact,Car,automatic_configured_make_alias_reviewed_canonical_label,reviewed,nrcan_fuel_consumption_ratings; Ontario Vehicle Population Report A historical fit-active stock,1,
mto_crosswalk,BMW,323,1981,2010,BMW,323,ldv,Compact,Compact,Car,automatic_approved_current_candidate_approved_similarity_exact_normalized,reviewed,nrcan_fuel_consumption_ratings; Ontario Vehicle Population Report A historical fit-active stock,1,
mto_crosswalk,BMW,3IS,1994,2011,BMW,323is,ldv,Subcompact,Compact,Car,automatic_approved_current_candidate_approved_similarity_normalized_substring,reviewed,fueleconomy_gov_vehicle_data | nrcan_fuel_consumption_ratings; Ontario Vehicle Population Report A historical fit-active stock,1,
mto_crosswalk,BMW,325,1991,1991,BMW,325i,ldv,Compact,Compact,Car,automatic_exact_normalized_make_normalized_model_prefix,reviewed,fueleconomy_gov_vehicle_data; Ontario Vehicle Population Report A historical fit-active stock,1,
mto_crosswalk,BMW,325,2001,2006,BMW,325i,ldv,Compact,Compact,Car,automatic_exact_normalized_make_normalized_model_prefix,reviewed,fueleconomy_gov_vehicle_data | nrcan_fuel_consumption_ratings; Ontario Vehicle Population Report A historical fit-active stock,3,
mto_crosswalk,BMW,325,1986,1990,BMW,325i,ldv,Subcompact,Compact,Car,automatic_exact_normalized_make_normalized_model_prefix,reviewed,fueleconomy_gov_vehicle_data; Ontario Vehicle Population Report A historical fit-active stock,2,
mto_crosswalk,BMW,325,1992,1993,BMW,325i,ldv,Subcompact,Compact,Car,automatic_exact_normalized_make_normalized_model_prefix,reviewed,fueleconomy_gov_vehicle_data; Ontario Vehicle Population Report A historical fit-active stock,2,
mto_crosswalk,BMW,325,1994,1995,BMW,325i 325is,ldv,Subcompact,Compact,Car,automatic_exact_normalized_make_normalized_model_prefix,reviewed,fueleconomy_gov_vehicle_data | nrcan_fuel_consumption_ratings; Ontario Vehicle Population Report A historical fit-active stock,2,
mto_crosswalk,BMW,328,1999,2000,BMW,328i,ldv,Compact,Compact,Car,automatic_exact_normalized_make_reviewed_canonical_label,reviewed,fueleconomy_gov_vehicle_data | nrcan_fuel_consumption_ratings; Ontario Vehicle Population Report A historical fit-active stock,2,
mto_crosswalk,BMW,328,1995,1995,BMW,328i is,ldv,Subcompact,Compact,Car,automatic_exact_normalized_make_reviewed_canonical_label,reviewed,nrcan_fuel_consumption_ratings; Ontario Vehicle Population Report A historical fit-active stock,1,
mto_crosswalk,BMW,328,1998,1998,BMW,328i is,ldv,Subcompact,Compact,Car,automatic_exact_normalized_make_reviewed_canonical_label,reviewed,nrcan_fuel_consumption_ratings; Ontario Vehicle Population Report A historical fit-active stock,1,
mto_crosswalk,BMW,328,1997,1997,BMW,328ic,ldv,Minicompact,Compact,Car,automatic_exact_normalized_make_reviewed_canonical_label,reviewed,fueleconomy_gov_vehicle_data; Ontario Vehicle Population Report A historical fit-active stock,1,
mto_crosswalk,BMW,33E,2022,2026,BMW,330e,ldv,Compact,Compact,Car,automatic_approved_current_candidate_approved_similarity_string_similarity,reviewed,fueleconomy_gov_vehicle_data | nrcan_fuel_consumption_ratings; Ontario Vehicle Population Report A historical fit-active stock,1,
mto_crosswalk,BMW,330,2000,2026,BMW,330i,ldv,Compact,Compact,Car,automatic_configured_make_alias_reviewed_canonical_label,reviewed,fueleconomy_gov_vehicle_data | nrcan_fuel_consumption_ratings; Ontario Vehicle Population Report A historical fit-active stock,3,
mto_crosswalk,BMW,34X,2016,2018,BMW,340i,ldv,Full-size,Midsize,Car,automatic_exact_normalized_make_anchored_consonant_abbreviation,reviewed,fueleconomy_gov_vehicle_data | nrcan_fuel_consumption_ratings; Ontario Vehicle Population Report A historical fit-active stock,2,
mto_crosswalk,BMW,43G,2022,2022,BMW,430i Gran,ldv,Compact,Compact,Car,automatic_exact_normalized_make_anchored_consonant_abbreviation,reviewed,fueleconomy_gov_vehicle_data; Ontario Vehicle Population Report A historical fit-active stock,1,
mto_crosswalk,BMW,43X,2014,2014,BMW,435i xDrive,ldv,Compact,Compact,Car,automatic_exact_normalized_make_anchored_consonant_abbreviation,reviewed,fueleconomy_gov_vehicle_data | nrcan_fuel_consumption_ratings; Ontario Vehicle Population Report A historical fit-active stock,2,
mto_crosswalk,BMW,525,1984,2003,BMW,525i,ldv,Compact,Compact,Car,automatic_configured_make_alias_reviewed_canonical_label,reviewed,fueleconomy_gov_vehicle_data | nrcan_fuel_consumption_ratings; Ontario Vehicle Population Report A historical fit-active stock,4,
mto_crosswalk,BMW,525,2004,2007,BMW,525i,ldv,Mid-size,Midsize,Car,automatic_configured_make_alias_reviewed_canonical_label,reviewed,fueleconomy_gov_vehicle_data | nrcan_fuel_consumption_ratings; Ontario Vehicle Population Report A historical fit-active stock,2,
mto_crosswalk,BMW,52X,2006,2007,BMW,525xi,ldv,Mid-size,Midsize,Car,automatic_exact_normalized_make_reviewed_canonical_label,reviewed,fueleconomy_gov_vehicle_data | nrcan_fuel_consumption_ratings; Ontario Vehicle Population Report A historical fit-active stock,2,
mto_crosswalk,BMW,535,1985,2007,BMW,535d,ldv,Compact,Compact,Car,automatic_configured_make_alias_reviewed_canonical_label,reviewed,fueleconomy_gov_vehicle_data; Ontario Vehicle Population Report A historical fit-active stock,1,
mto_crosswalk,BMW,535,2008,2016,BMW,535d,ldv,Mid-size,Midsize,Car,automatic_configured_make_alias_reviewed_canonical_label,reviewed,fueleconomy_gov_vehicle_data | nrcan_fuel_consumption_ratings; Ontario Vehicle Population Report A historical fit-active stock,4,
mto_crosswalk,BMW,53D,2014,2026,BMW,535d,ldv,Mid-size,Midsize,Car,automatic_approved_current_candidate_approved_similarity_string_similarity,reviewed,fueleconomy_gov_vehicle_data | nrcan_fuel_consumption_ratings; Ontario Vehicle Population Report A historical fit-active stock,1,
mto_crosswalk,BMW,540,1993,2021,BMW,540i,ldv,Compact,Compact,Car,automatic_configured_make_alias_reviewed_canonical_label,reviewed,fueleconomy_gov_vehicle_data | nrcan_fuel_consumption_ratings; Ontario Vehicle Population Report A historical fit-active stock,4,
mto_crosswalk,BMW,545,2004,2005,BMW,545i,ldv,Mid-size,Midsize,Car,automatic_exact_normalized_make_reviewed_canonical_label,reviewed,fueleconomy_gov_vehicle_data | nrcan_fuel_consumption_ratings; Ontario Vehicle Population Report A historical fit-active stock,2,
mto_crosswalk,BMW,550,2006,2015,BMW,550i,ldv,Mid-size,Midsize,Car,automatic_configured_make_alias_reviewed_canonical_label,reviewed,fueleconomy_gov_vehicle_data | nrcan_fuel_consumption_ratings; Ontario Vehicle Population Report A historical fit-active stock,4,
mto_crosswalk,BMW,64C,2004,2005,BMW,645Ci,ldv,Subcompact,Compact,Car,automatic_approved_current_candidate_approved_similarity_string_similarity,reviewed,fueleconomy_gov_vehicle_data | nrcan_fuel_consumption_ratings; Ontario Vehicle Population Report A historical fit-active stock,1,
mto_crosswalk,BMW,650,2012,2012,BMW,650i,ldv,Compact,Compact,Car,automatic_configured_make_alias_reviewed_canonical_label,reviewed,fueleconomy_gov_vehicle_data | nrcan_fuel_consumption_ratings; Ontario Vehicle Population Report A historical fit-active stock,7,
mto_crosswalk,BMW,650,2015,2017,BMW,650i,ldv,Compact,Compact,Car,automatic_configured_make_alias_reviewed_canonical_label,reviewed,fueleconomy_gov_vehicle_data | nrcan_fuel_consumption_ratings; Ontario Vehicle Population Report A historical fit-active stock,2,
mto_crosswalk,BMW,650,2013,2014,BMW,650i,ldv,Mid-size,Midsize,Car,automatic_configured_make_alias_reviewed_canonical_label,reviewed,fueleconomy_gov_vehicle_data | nrcan_fuel_consumption_ratings; Ontario Vehicle Population Report A historical fit-active stock,2,
mto_crosswalk,BMW,650,2006,2011,BMW,650i,ldv,Subcompact,Compact,Car,automatic_configured_make_alias_reviewed_canonical_label,reviewed,nrcan_fuel_consumption_ratings; Ontario Vehicle Population Report A historical fit-active stock,2,
mto_crosswalk,BMW,76L,2003,2026,BMW,760Li,ldv,Full-size,Midsize,Car,automatic_approved_current_candidate_approved_similarity_string_similarity,reviewed,fueleconomy_gov_vehicle_data | nrcan_fuel_consumption_ratings; Ontario Vehicle Population Report A historical fit-active stock,1,
mto_crosswalk,BMW,AB7,2019,2026,BMW,Alpina B7,ldv,Full-size,Midsize,Car,automatic_approved_current_candidate_approved_similarity_normalized_substring,reviewed,fueleconomy_gov_vehicle_data | nrcan_fuel_consumption_ratings; Ontario Vehicle Population Report A historical fit-active stock,1,
mto_crosswalk,BMW,M23,2016,2016,BMW,M2,ldv,Subcompact,Compact,Car,automatic_configured_make_alias_reviewed_canonical_label,reviewed,fueleconomy_gov_vehicle_data | nrcan_fuel_consumption_ratings; Ontario Vehicle Population Report A historical fit-active stock,2,
mto_crosswalk,BMW,M23,2020,2020,BMW,M2,ldv,Subcompact,Compact,Car,automatic_configured_make_alias_reviewed_canonical_label,reviewed,fueleconomy_gov_vehicle_data | nrcan_fuel_consumption_ratings; Ontario Vehicle Population Report A historical fit-active stock,4,
mto_crosswalk,BMW,M2C,2016,2020,BMW,M2,ldv,Subcompact,Compact,Car,automatic_approved_current_candidate_approved_similarity_normalized_prefix,reviewed,fueleconomy_gov_vehicle_data | nrcan_fuel_consumption_ratings; Ontario Vehicle Population Report A historical fit-active stock,1,
mto_crosswalk,BMW,M2C,2021,2022,BMW,M2,ldv,Subcompact,Compact,Car,automatic_exact_normalized_make_reviewed_canonical_label,reviewed,fueleconomy_gov_vehicle_data | nrcan_fuel_consumption_ratings; Ontario Vehicle Population Report A historical fit-active stock,2,
mto_crosswalk,BMW,M2C,2023,2026,BMW,M2,ldv,Subcompact,Compact,Car,automatic_approved_current_candidate_approved_similarity_normalized_prefix,reviewed,fueleconomy_gov_vehicle_data | nrcan_fuel_consumption_ratings; Ontario Vehicle Population Report A historical fit-active stock,1,
mto_crosswalk,BMW,M2X,2018,2026,BMW,M2,ldv,Subcompact,Compact,Car,automatic_approved_current_candidate_approved_similarity_normalized_prefix,reviewed,fueleconomy_gov_vehicle_data | nrcan_fuel_consumption_ratings; Ontario Vehicle Population Report A historical fit-active stock,1,
mto_crosswalk,BMW,M23,2014,2015,BMW,M235i,ldv,Subcompact,Compact,Car,automatic_configured_make_alias_reviewed_canonical_label,reviewed,fueleconomy_gov_vehicle_data | nrcan_fuel_consumption_ratings; Ontario Vehicle Population Report A historical fit-active stock,6,
mto_crosswalk,BMW,M3S,2008,2010,BMW,M3,ldv,Compact,Compact,Car,automatic_exact_normalized_make_canonical_model_plus_mto_suffix,reviewed,fueleconomy_gov_vehicle_data | nrcan_fuel_consumption_ratings; Ontario Vehicle Population Report A historical fit-active stock,2,
mto_crosswalk,BMW,M3S,2015,2018,BMW,M3,ldv,Compact,Compact,Car,automatic_exact_normalized_make_canonical_model_plus_mto_suffix,reviewed,fueleconomy_gov_vehicle_data | nrcan_fuel_consumption_ratings; Ontario Vehicle Population Report A historical fit-active stock,3,
mto_crosswalk,BMW,M3S,2020,2026,BMW,M3,ldv,Compact,Compact,Car,automatic_exact_normalized_make_canonical_model_plus_mto_suffix,reviewed,fueleconomy_gov_vehicle_data | nrcan_fuel_consumption_ratings; Ontario Vehicle Population Report A historical fit-active stock,7,
mto_crosswalk,BMW,M3S,1988,1991,BMW,M3,ldv,Subcompact,Compact,Car,automatic_exact_normalized_make_canonical_model_plus_mto_suffix,reviewed,fueleconomy_gov_vehicle_data; Ontario Vehicle Population Report A historical fit-active stock,1,
mto_crosswalk,BMW,M3S,1995,1999,BMW,M3,ldv,Subcompact,Compact,Car,automatic_exact_normalized_make_canonical_model_plus_mto_suffix,reviewed,fueleconomy_gov_vehicle_data | nrcan_fuel_consumption_ratings; Ontario Vehicle Population Report A historical fit-active stock,2,
mto_crosswalk,BMW,M3S,2002,2006,BMW,M3,ldv,Subcompact,Compact,Car,automatic_exact_normalized_make_canonical_model_plus_mto_suffix,reviewed,fueleconomy_gov_vehicle_data | nrcan_fuel_consumption_ratings; Ontario Vehicle Population Report A historical fit-active stock,2,
mto_crosswalk,BMW,M3S,2011,2013,BMW,M3,ldv,Subcompact,Compact,Car,automatic_exact_normalized_make_canonical_model_plus_mto_suffix,reviewed,fueleconomy_gov_vehicle_data | nrcan_fuel_consumption_ratings; Ontario Vehicle Population Report A historical fit-active stock,5,
mto_crosswalk,BMW,M4S,2015,2017,BMW,M4,ldv,Subcompact,Compact,Car,automatic_approved_current_candidate_approved_similarity_normalized_prefix,reviewed,fueleconomy_gov_vehicle_data | nrcan_fuel_consumption_ratings; Ontario Vehicle Population Report A historical fit-active stock,1,
mto_crosswalk,BMW,M4S,2019,2026,BMW,M4,ldv,Subcompact,Compact,Car,automatic_approved_current_candidate_approved_similarity_normalized_prefix,reviewed,fueleconomy_gov_vehicle_data | nrcan_fuel_consumption_ratings; Ontario Vehicle Population Report A historical fit-active stock,1,
mto_crosswalk,BMW,M5S,1988,2005,BMW,M5,ldv,Compact,Compact,Car,automatic_exact_normalized_make_reviewed_canonical_label,reviewed,fueleconomy_gov_vehicle_data | nrcan_fuel_consumption_ratings; Ontario Vehicle Population Report A historical fit-active stock,2,
mto_crosswalk,BMW,M5S,2006,2018,BMW,M5,ldv,Mid-size,Midsize,Car,automatic_exact_normalized_make_reviewed_canonical_label,reviewed,fueleconomy_gov_vehicle_data | nrcan_fuel_consumption_ratings; Ontario Vehicle Population Report A historical fit-active stock,2,
mto_crosswalk,BMW,M55,2018,2021,BMW,M550i,ldv,Mid-size,Midsize,Car,automatic_configured_make_alias_reviewed_canonical_label,reviewed,fueleconomy_gov_vehicle_data | nrcan_fuel_consumption_ratings; Ontario Vehicle Population Report A historical fit-active stock,2,
mto_crosswalk,BMW,X13,2013,2015,BMW,X1 xDrive35i,ldv,Sport utility vehicle: Small,Small SUV,Light Truck,automatic_exact_normalized_make_reviewed_canonical_label,reviewed,fueleconomy_gov_vehicle_data | nrcan_fuel_consumption_ratings; Ontario Vehicle Population Report A historical fit-active stock,2,
mto_crosswalk,BMW,2UG,2019,2021,BMW,X2 M35i,ldv,Sport utility vehicle: Small,Small SUV,Light Truck,automatic_configured_make_alias_reviewed_canonical_label,reviewed,fueleconomy_gov_vehicle_data | nrcan_fuel_consumption_ratings; Ontario Vehicle Population Report A historical fit-active stock,2,
mto_crosswalk,BMW,CX3,2007,2010,BMW,X3 xDrive28i,ldv,Sport utility vehicle: Small,Small SUV,Light Truck,automatic_configured_make_alias_reviewed_canonical_label,reviewed,fueleconomy_gov_vehicle_data | nrcan_fuel_consumption_ratings; Ontario Vehicle Population Report A historical fit-active stock,4,
mto_crosswalk,BMW,5GX,2011,2015,BMW,X5,ldv,Sport utility vehicle: Standard,Midsize SUV,Light Truck,automatic_configured_make_alias_reviewed_canonical_label,reviewed,fueleconomy_gov_vehicle_data | nrcan_fuel_consumption_ratings; Ontario Vehicle Population Report A historical fit-active stock,9,
mto_crosswalk,BMW,BX5,2000,2018,BMW,X5,ldv,Sport utility vehicle: Standard,Midsize SUV,Light Truck,automatic_approved_current_candidate_approved_similarity_string_similarity,reviewed,fueleconomy_gov_vehicle_data | nrcan_fuel_consumption_ratings; Ontario Vehicle Population Report A historical fit-active stock,1,
mto_crosswalk,BMW,XI5,2008,2016,BMW,X5,ldv,Sport utility vehicle: Standard,Midsize SUV,Light Truck,automatic_approved_current_candidate_approved_similarity_string_similarity,reviewed,fueleconomy_gov_vehicle_data | nrcan_fuel_consumption_ratings; Ontario Vehicle Population Report A historical fit-active stock,1,
mto_crosswalk,BMW,XIT,2007,2010,BMW,X5,ldv,Sport utility vehicle: Standard,Midsize SUV,Light Truck,automatic_configured_make_alias_reviewed_canonical_label,reviewed,fueleconomy_gov_vehicle_data | nrcan_fuel_consumption_ratings; Ontario Vehicle Population Report A historical fit-active stock,8,
mto_crosswalk,BMW,ZS5,2009,2016,BMW,X5,ldv,Sport utility vehicle: Standard,Midsize SUV,Light Truck,automatic_configured_make_alias_reviewed_canonical_label,reviewed,fueleconomy_gov_vehicle_data | nrcan_fuel_consumption_ratings; Ontario Vehicle Population Report A historical fit-active stock,11,
mto_crosswalk,BMW,6GX,2014,2019,BMW,X6 M,ldv,Sport utility vehicle: Standard,Midsize SUV,Light Truck,automatic_configured_make_alias_reviewed_canonical_label,reviewed,fueleconomy_gov_vehicle_data | nrcan_fuel_consumption_ratings; Ontario Vehicle Population Report A historical fit-active stock,2,
mto_crosswalk,BMW,6XD,2012,2018,BMW,X6 M,ldv,Sport utility vehicle: Standard,Midsize SUV,Light Truck,automatic_configured_make_alias_reviewed_canonical_label,reviewed,fueleconomy_gov_vehicle_data | nrcan_fuel_consumption_ratings; Ontario Vehicle Population Report A historical fit-active stock,2,
mto_crosswalk,BMW,UZ2,2000,2000,BMW,Z3,ldv,Subcompact,Compact,Car,automatic_configured_make_alias_reviewed_canonical_label,reviewed,nrcan_fuel_consumption_ratings; Ontario Vehicle Population Report A historical fit-active stock,1,
mto_crosswalk,BMW,UZ3,2000,2000,BMW,Z3,ldv,Subcompact,Compact,Car,automatic_configured_make_alias_reviewed_canonical_label,reviewed,nrcan_fuel_consumption_ratings; Ontario Vehicle Population Report A historical fit-active stock,1,
mto_crosswalk,BMW,UZ2,1999,1999,BMW,Z3,ldv,Two-seater,Midsize,Car,automatic_configured_make_alias_reviewed_canonical_label,reviewed,fueleconomy_gov_vehicle_data | nrcan_fuel_consumption_ratings; Ontario Vehicle Population Report A historical fit-active stock,3,
mto_crosswalk,BMW,UZ3,1996,1999,BMW,Z3,ldv,Two-seater,Midsize,Car,automatic_configured_make_alias_reviewed_canonical_label,reviewed,fueleconomy_gov_vehicle_data | nrcan_fuel_consumption_ratings; Ontario Vehicle Population Report A historical fit-active stock,3,
mto_crosswalk,BMW,49G,2023,2024,BMW,Z4,ldv,Two-seater,Midsize,Car,automatic_configured_make_alias_reviewed_canonical_label,reviewed,fueleconomy_gov_vehicle_data | nrcan_fuel_consumption_ratings; Ontario Vehicle Population Report A historical fit-active stock,4,
mto_crosswalk,BMW,JUG,2019,2023,BMW,Z4,ldv,Two-seater,Midsize,Car,automatic_configured_make_alias_reviewed_canonical_label,reviewed,fueleconomy_gov_vehicle_data | nrcan_fuel_consumption_ratings; Ontario Vehicle Population Report A historical fit-active stock,4,
mto_crosswalk,BMW,UZ0,2001,2002,BMW,Z8,ldv,Two-seater,Midsize,Car,automatic_configured_make_alias_reviewed_canonical_label,reviewed,fueleconomy_gov_vehicle_data | nrcan_fuel_consumption_ratings; Ontario Vehicle Population Report A historical fit-active stock,2,
mto_crosswalk,BMW,JFG,2018,2020,BMW,i3,ldv,Subcompact,Compact,Car,automatic_configured_make_alias_reviewed_canonical_label,reviewed,fueleconomy_gov_vehicle_data | nrcan_fuel_consumption_ratings; Ontario Vehicle Population Report A historical fit-active stock,4,
mto_crosswalk,BMW,UJG,2019,2021,BMW,i3,ldv,Subcompact,Compact,Car,automatic_configured_make_alias_reviewed_canonical_label,reviewed,fueleconomy_gov_vehicle_data | nrcan_fuel_consumption_ratings; Ontario Vehicle Population Report A historical fit-active stock,4,
mto_crosswalk,BMW,4XG,2025,2025,BMW,i4 xDrive40 Gran,ldv,Compact,Compact,Car,automatic_exact_normalized_make_anchored_consonant_abbreviation,reviewed,fueleconomy_gov_vehicle_data | nrcan_fuel_consumption_ratings; Ontario Vehicle Population Report A historical fit-active stock,4,
mto_crosswalk,BMW,4XG,2022,2024,BMW,i4 xDrive40 Gran,ldv,Subcompact,Compact,Car,automatic_exact_normalized_make_anchored_consonant_abbreviation,reviewed,fueleconomy_gov_vehicle_data | nrcan_fuel_consumption_ratings; Ontario Vehicle Population Report A historical fit-active stock,4,
mto_crosswalk,BMW,5XD,2011,2016,BMW,i5 xDrive40,ldv,Compact,Compact,Car,automatic_approved_current_candidate_approved_similarity_normalized_substring,reviewed,fueleconomy_gov_vehicle_data | nrcan_fuel_consumption_ratings; Ontario Vehicle Population Report A historical fit-active stock,1,
mto_crosswalk,BMW,I8B,2014,2025,BMW,i8,ldv,Subcompact,Compact,Car,automatic_approved_current_candidate_approved_similarity_normalized_prefix,reviewed,fueleconomy_gov_vehicle_data | nrcan_fuel_consumption_ratings; Ontario Vehicle Population Report A historical fit-active stock,1,
mto_crosswalk,BENT,BGA,2017,2025,Bentley,Bentayga,ldv,Sport utility vehicle: Standard,Midsize SUV,Light Truck,automatic_exact_normalized_make_reviewed_canonical_label,reviewed,fueleconomy_gov_vehicle_data | nrcan_fuel_consumption_ratings; Ontario Vehicle Population Report A historical fit-active stock,8,
mto_crosswalk,BUIC,ALL,2007,2010,Buick,Allure,ldv,Mid-size,Midsize,Car,automatic_approved_current_candidate_approved_similarity_normalized_prefix,reviewed,nrcan_fuel_consumption_ratings; Ontario Vehicle Population Report A historical fit-active stock,1,
mto_crosswalk,BUIC,ALX,2010,2010,Buick,Allure,ldv,Mid-size,Midsize,Car,automatic_exact_normalized_make_reviewed_canonical_label,reviewed,nrcan_fuel_consumption_ratings; Ontario Vehicle Population Report A historical fit-active stock,1,
mto_crosswalk,BUIC,AXS,2005,2008,Buick,Cascada,ldv,Subcompact,Compact,Car,automatic_exact_normalized_make_reviewed_canonical_label,reviewed,fueleconomy_gov_vehicle_data; Ontario Vehicle Population Report A historical fit-active stock,1,
mto_crosswalk,BUIC,ENC,2013,2026,Buick,Encore,ldv,Sport utility vehicle: Small,Small SUV,Light Truck,automatic_normalized_make_prefix_normalized_model_prefix,reviewed,fueleconomy_gov_vehicle_data | nrcan_fuel_consumption_ratings; Ontario Vehicle Population Report A historical fit-active stock,10,
mto_crosswalk,BUIC,ENV,2016,2023,Buick,Envision,ldv,Sport utility vehicle: Small,Small SUV,Light Truck,automatic_normalized_make_prefix_normalized_model_prefix,reviewed,fueleconomy_gov_vehicle_data | nrcan_fuel_consumption_ratings; Ontario Vehicle Population Report A historical fit-active stock,4,
mto_crosswalk,BUIC,ENV,2024,2026,Buick,Envista,ldv,Station wagon: Small,Midsize,Car,automatic_normalized_make_prefix_normalized_model_prefix,reviewed,fueleconomy_gov_vehicle_data | nrcan_fuel_consumption_ratings; Ontario Vehicle Population Report A historical fit-active stock,3,
mto_crosswalk,BUIC,L66,2012,2013,Buick,LaCrosse,ldv,Mid-size,Midsize,Car,automatic_exact_normalized_make_reviewed_canonical_label,reviewed,fueleconomy_gov_vehicle_data | nrcan_fuel_consumption_ratings; Ontario Vehicle Population Report A historical fit-active stock,6,
mto_crosswalk,BUIC,LAC,2012,2016,Buick,LaCrosse,ldv,Mid-size,Midsize,Car,automatic_approved_current_candidate_approved_similarity_normalized_prefix,reviewed,fueleconomy_gov_vehicle_data | nrcan_fuel_consumption_ratings; Ontario Vehicle Population Report A historical fit-active stock,1,
mto_crosswalk,BUIC,LAL,2005,2011,Buick,LaCrosse,ldv,Mid-size,Midsize,Car,automatic_exact_normalized_make_reviewed_canonical_label,reviewed,fueleconomy_gov_vehicle_data | nrcan_fuel_consumption_ratings; Ontario Vehicle Population Report A historical fit-active stock,4,
mto_crosswalk,BUIC,LCF,1986,2005,Buick,LaCrosse,ldv,Mid-size,Midsize,Car,automatic_exact_normalized_make_reviewed_canonical_label,reviewed,fueleconomy_gov_vehicle_data; Ontario Vehicle Population Report A historical fit-active stock,1,
mto_crosswalk,BUIC,LES,1981,1982,Buick,LeSabre,ldv,Full-size,Midsize,Car,automatic_exact_normalized_make_reviewed_canonical_label,reviewed,fueleconomy_gov_vehicle_data; Ontario Vehicle Population Report A historical fit-active stock,1,
mto_crosswalk,BUIC,LLF,1986,2005,Buick,LeSabre,ldv,Full-size,Midsize,Car,automatic_exact_normalized_make_reviewed_canonical_label,reviewed,fueleconomy_gov_vehicle_data | nrcan_fuel_consumption_ratings; Ontario Vehicle Population Report A historical fit-active stock,2,
mto_crosswalk,BUIC,RLS,1997,2004,Buick,LeSabre,ldv,Full-size,Midsize,Car,automatic_exact_normalized_make_reviewed_canonical_label,reviewed,fueleconomy_gov_vehicle_data | nrcan_fuel_consumption_ratings; Ontario Vehicle Population Report A historical fit-active stock,2,
mto_crosswalk,BUIC,RNR,2004,2007,Buick,Rainier,non_ldv_unclassified,,,,automatic_reviewed_manual_make_reviewed_two_pass_agreement,reviewed,reviewed_mto_make_model_evidence; Ontario Vehicle Population Report A historical fit-active stock,0,Public evidence supports the family but not an LDV class hierarchy.
mto_crosswalk,BUIC,REG,2018,2018,Buick,Regal,ldv,Full-size,Midsize,Car,automatic_normalized_make_prefix_normalized_model_prefix,reviewed,fueleconomy_gov_vehicle_data | nrcan_fuel_consumption_ratings; Ontario Vehicle Population Report A historical fit-active stock,2,
mto_crosswalk,BUIC,ZPG,2018,2018,Buick,Regal,ldv,Full-size,Midsize,Car,automatic_exact_normalized_make_reviewed_canonical_label,reviewed,fueleconomy_gov_vehicle_data | nrcan_fuel_consumption_ratings; Ontario Vehicle Population Report A historical fit-active stock,2,
mto_crosswalk,BUIC,ZSG,2018,2018,Buick,Regal,ldv,Full-size,Midsize,Car,automatic_exact_normalized_make_reviewed_canonical_label,reviewed,fueleconomy_gov_vehicle_data | nrcan_fuel_consumption_ratings; Ontario Vehicle Population Report A historical fit-active stock,2,
mto_crosswalk,BUIC,R/G,1997,2017,Buick,Regal,ldv,Mid-size,Midsize,Car,automatic_exact_normalized_make_reviewed_canonical_label,reviewed,fueleconomy_gov_vehicle_data | nrcan_fuel_consumption_ratings; Ontario Vehicle Population Report A historical fit-active stock,6,
mto_crosswalk,BUIC,REG,1981,1987,Buick,Regal,ldv,Mid-size,Midsize,Car,automatic_normalized_make_prefix_normalized_model_prefix,reviewed,fueleconomy_gov_vehicle_data; Ontario Vehicle Population Report A historical fit-active stock,1,
mto_crosswalk,BUIC,REG,2011,2012,Buick,Regal,ldv,Mid-size,Midsize,Car,automatic_normalized_make_prefix_normalized_model_prefix,reviewed,fueleconomy_gov_vehicle_data | nrcan_fuel_consumption_ratings; Ontario Vehicle Population Report A historical fit-active stock,5,
mto_crosswalk,BUIC,REG,2014,2017,Buick,Regal,ldv,Mid-size,Midsize,Car,automatic_normalized_make_prefix_normalized_model_prefix,reviewed,fueleconomy_gov_vehicle_data | nrcan_fuel_consumption_ratings; Ontario Vehicle Population Report A historical fit-active stock,6,
mto_crosswalk,BUIC,REG,2019,2019,Buick,Regal,ldv,Mid-size,Midsize,Car,automatic_normalized_make_prefix_normalized_model_prefix,reviewed,fueleconomy_gov_vehicle_data | nrcan_fuel_consumption_ratings; Ontario Vehicle Population Report A historical fit-active stock,2,
mto_crosswalk,BUIC,RGL,1988,2011,Buick,Regal,ldv,Mid-size,Midsize,Car,automatic_exact_normalized_make_reviewed_canonical_label,reviewed,fueleconomy_gov_vehicle_data | nrcan_fuel_consumption_ratings; Ontario Vehicle Population Report A historical fit-active stock,2,
mto_crosswalk,BUIC,ZPG,2017,2017,Buick,Regal,ldv,Mid-size,Midsize,Car,automatic_exact_normalized_make_reviewed_canonical_label,reviewed,fueleconomy_gov_vehicle_data | nrcan_fuel_consumption_ratings; Ontario Vehicle Population Report A historical fit-active stock,4,
mto_crosswalk,BUIC,ZPG,2019,2019,Buick,Regal,ldv,Mid-size,Midsize,Car,automatic_exact_normalized_make_reviewed_canonical_label,reviewed,fueleconomy_gov_vehicle_data | nrcan_fuel_consumption_ratings; Ontario Vehicle Population Report A historical fit-active stock,2,
mto_crosswalk,BUIC,ZSG,2017,2017,Buick,Regal,ldv,Mid-size,Midsize,Car,automatic_exact_normalized_make_reviewed_canonical_label,reviewed,fueleconomy_gov_vehicle_data | nrcan_fuel_consumption_ratings; Ontario Vehicle Population Report A historical fit-active stock,4,
mto_crosswalk,BUIC,ZSG,2019,2019,Buick,Regal,ldv,Mid-size,Midsize,Car,automatic_exact_normalized_make_reviewed_canonical_label,reviewed,fueleconomy_gov_vehicle_data | nrcan_fuel_consumption_ratings; Ontario Vehicle Population Report A historical fit-active stock,2,
mto_crosswalk,BUIC,RIV,1981,1999,Buick,Riviera,ldv,Mid-size,Midsize,Car,automatic_exact_normalized_make_reviewed_canonical_label,reviewed,fueleconomy_gov_vehicle_data | nrcan_fuel_consumption_ratings; Ontario Vehicle Population Report A historical fit-active stock,3,
mto_crosswalk,BUIC,SKY,1981,1998,Buick,Skylark,ldv,Compact,Compact,Car,automatic_exact_normalized_make_reviewed_canonical_label,reviewed,fueleconomy_gov_vehicle_data | nrcan_fuel_consumption_ratings; Ontario Vehicle Population Report A historical fit-active stock,2,
mto_crosswalk,BUIC,TER,2005,2007,Buick,Terraza,ldv,Minivan,Midsize SUV,Light Truck,automatic_exact_normalized_make_reviewed_canonical_label,reviewed,fueleconomy_gov_vehicle_data | nrcan_fuel_consumption_ratings; Ontario Vehicle Population Report A historical fit-active stock,4,
mto_crosswalk,BUIC,VER,2012,2017,Buick,Verano,ldv,Compact,Compact,Car,automatic_approved_current_candidate_approved_similarity_normalized_prefix,reviewed,fueleconomy_gov_vehicle_data | nrcan_fuel_consumption_ratings; Ontario Vehicle Population Report A historical fit-active stock,1,
mto_crosswalk,BUIC,VPR,2013,2016,Buick,Verano,ldv,Compact,Compact,Car,automatic_exact_normalized_make_reviewed_canonical_label,reviewed,fueleconomy_gov_vehicle_data | nrcan_fuel_consumption_ratings; Ontario Vehicle Population Report A historical fit-active stock,2,
mto_crosswalk,CADI,APR,2013,2018,Cadillac,ATS,ldv,Compact,Compact,Car,automatic_exact_normalized_make_reviewed_canonical_label,reviewed,fueleconomy_gov_vehicle_data | nrcan_fuel_consumption_ratings; Ontario Vehicle Population Report A historical fit-active stock,6,
mto_crosswalk,CADI,ATS,2013,2018,Cadillac,ATS,ldv,Compact,Compact,Car,automatic_approved_current_candidate_approved_similarity_exact_normalized,reviewed,fueleconomy_gov_vehicle_data | nrcan_fuel_consumption_ratings; Ontario Vehicle Population Report A historical fit-active stock,1,
mto_crosswalk,CADI,ALU,2013,2018,Cadillac,Allante,ldv,Two-seater,Midsize,Car,automatic_exact_normalized_make_reviewed_canonical_label,reviewed,fueleconomy_gov_vehicle_data; Ontario Vehicle Population Report A historical fit-active stock,1,
mto_crosswalk,CADI,BRO,1981,1992,Cadillac,Brougham,ldv,Full-size,Midsize,Car,automatic_approved_current_candidate_approved_similarity_normalized_prefix,reviewed,fueleconomy_gov_vehicle_data; Ontario Vehicle Population Report A historical fit-active stock,1,
mto_crosswalk,CADI,C3E,2026,2026,Cadillac,CELESTIQ,ldv,Station wagon: Mid-size,Midsize,Car,automatic_exact_normalized_make_reviewed_canonical_label,reviewed,fueleconomy_gov_vehicle_data | nrcan_fuel_consumption_ratings; Ontario Vehicle Population Report A historical fit-active stock,2,
mto_crosswalk,CADI,CLC,2010,2026,Cadillac,CELESTIQ,ldv,Station wagon: Mid-size,Midsize,Car,automatic_exact_normalized_make_reviewed_canonical_label,reviewed,fueleconomy_gov_vehicle_data | nrcan_fuel_consumption_ratings; Ontario Vehicle Population Report A historical fit-active stock,2,
mto_crosswalk,CADI,CT5,2020,2026,Cadillac,CT5,ldv,Mid-size,Midsize,Car,automatic_approved_current_candidate_approved_similarity_exact_normalized,reviewed,fueleconomy_gov_vehicle_data | nrcan_fuel_consumption_ratings; Ontario Vehicle Population Report A historical fit-active stock,1,
mto_crosswalk,CADI,AF6,2008,2020,Cadillac,CT6,ldv,Full-size,Midsize,Car,automatic_exact_normalized_make_reviewed_canonical_label,reviewed,fueleconomy_gov_vehicle_data | nrcan_fuel_consumption_ratings; Ontario Vehicle Population Report A historical fit-active stock,4,
mto_crosswalk,CADI,CPC,2010,2026,Cadillac,CTS,ldv,Mid-size,Midsize,Car,automatic_exact_normalized_make_reviewed_canonical_label,reviewed,fueleconomy_gov_vehicle_data | nrcan_fuel_consumption_ratings; Ontario Vehicle Population Report A historical fit-active stock,7,
mto_crosswalk,CADI,CST,2005,2011,Cadillac,CTS,ldv,Mid-size,Midsize,Car,automatic_exact_normalized_make_reviewed_canonical_label,reviewed,fueleconomy_gov_vehicle_data | nrcan_fuel_consumption_ratings; Ontario Vehicle Population Report A historical fit-active stock,6,
mto_crosswalk,CADI,HF6,2005,2009,Cadillac,CTS,ldv,Mid-size,Midsize,Car,automatic_exact_normalized_make_reviewed_canonical_label,reviewed,fueleconomy_gov_vehicle_data | nrcan_fuel_consumption_ratings; Ontario Vehicle Population Report A historical fit-active stock,6,
mto_crosswalk,CADI,CTV,2004,2019,Cadillac,CTS V,ldv,Mid-size,Midsize,Car,automatic_approved_current_candidate_approved_similarity_string_similarity,reviewed,fueleconomy_gov_vehicle_data | nrcan_fuel_consumption_ratings; Ontario Vehicle Population Report A historical fit-active stock,1,
mto_crosswalk,CADI,CTR,1997,2000,Cadillac,Catera,ldv,Mid-size,Midsize,Car,automatic_exact_normalized_make_reviewed_canonical_label,reviewed,fueleconomy_gov_vehicle_data | nrcan_fuel_consumption_ratings; Ontario Vehicle Population Report A historical fit-active stock,2,
mto_crosswalk,CADI,CMA,2010,2016,Cadillac,Cimarron,ldv,Compact,Compact,Car,automatic_exact_normalized_make_reviewed_canonical_label,reviewed,fueleconomy_gov_vehicle_data; Ontario Vehicle Population Report A historical fit-active stock,1,
mto_crosswalk,CADI,DEV,1981,2009,Cadillac,DeVille,ldv,Full-size,Midsize,Car,automatic_approved_current_candidate_approved_similarity_normalized_prefix,reviewed,fueleconomy_gov_vehicle_data | nrcan_fuel_consumption_ratings; Ontario Vehicle Population Report A historical fit-active stock,1,
mto_crosswalk,CADI,DFW,1985,2005,Cadillac,DeVille,ldv,Full-size,Midsize,Car,automatic_exact_normalized_make_reviewed_canonical_label,reviewed,fueleconomy_gov_vehicle_data | nrcan_fuel_consumption_ratings; Ontario Vehicle Population Report A historical fit-active stock,2,
mto_crosswalk,CADI,XLU,2013,2014,Cadillac,ELR,ldv,Compact,Compact,Car,automatic_exact_normalized_make_reviewed_canonical_label,reviewed,fueleconomy_gov_vehicle_data | nrcan_fuel_consumption_ratings; Ontario Vehicle Population Report A historical fit-active stock,2,
mto_crosswalk,CADI,XPR,2013,2014,Cadillac,ELR,ldv,Compact,Compact,Car,automatic_exact_normalized_make_reviewed_canonical_label,reviewed,fueleconomy_gov_vehicle_data | nrcan_fuel_consumption_ratings; Ontario Vehicle Population Report A historical fit-active stock,2,
mto_crosswalk,CADI,XLU,2015,2019,Cadillac,ELR,ldv,Subcompact,Compact,Car,automatic_exact_normalized_make_reviewed_canonical_label,reviewed,fueleconomy_gov_vehicle_data | nrcan_fuel_consumption_ratings; Ontario Vehicle Population Report A historical fit-active stock,4,
mto_crosswalk,CADI,XPR,2015,2016,Cadillac,ELR,ldv,Subcompact,Compact,Car,automatic_exact_normalized_make_reviewed_canonical_label,reviewed,fueleconomy_gov_vehicle_data | nrcan_fuel_consumption_ratings; Ontario Vehicle Population Report A historical fit-active stock,4,
mto_crosswalk,CADI,ELD,1981,2000,Cadillac,Eldorado,ldv,Mid-size,Midsize,Car,automatic_exact_normalized_make_reviewed_canonical_label,reviewed,fueleconomy_gov_vehicle_data | nrcan_fuel_consumption_ratings; Ontario Vehicle Population Report A historical fit-active stock,3,
mto_crosswalk,CADI,ESC,1999,2000,Cadillac,Escalade,ldv,Pickup truck: Standard,Pickup,Light Truck,automatic_normalized_make_prefix_normalized_model_prefix,reviewed,nrcan_fuel_consumption_ratings; Ontario Vehicle Population Report A historical fit-active stock,1,
mto_crosswalk,CADI,ESC,2002,2009,Cadillac,Escalade,ldv,Pickup truck: Standard,Pickup,Light Truck,automatic_normalized_make_prefix_normalized_model_prefix,reviewed,nrcan_fuel_consumption_ratings; Ontario Vehicle Population Report A historical fit-active stock,1,
mto_crosswalk,CADI,CPA,2010,2023,Cadillac,Escalade,ldv,Sport utility vehicle: Standard,Midsize SUV,Light Truck,automatic_exact_normalized_make_reviewed_canonical_label,reviewed,fueleconomy_gov_vehicle_data | nrcan_fuel_consumption_ratings; Ontario Vehicle Population Report A historical fit-active stock,10,
mto_crosswalk,CADI,ESC,2010,2026,Cadillac,Escalade,ldv,Sport utility vehicle: Standard,Midsize SUV,Light Truck,automatic_normalized_make_prefix_normalized_model_prefix,reviewed,fueleconomy_gov_vehicle_data | nrcan_fuel_consumption_ratings; Ontario Vehicle Population Report A historical fit-active stock,10,
mto_crosswalk,CADI,TEE,2025,2026,Cadillac,Escalade,ldv,Sport utility vehicle: Standard,Midsize SUV,Light Truck,automatic_exact_normalized_make_reviewed_canonical_label,reviewed,fueleconomy_gov_vehicle_data | nrcan_fuel_consumption_ratings; Ontario Vehicle Population Report A historical fit-active stock,5,
mto_crosswalk,CADI,FLE,1981,1994,Cadillac,Fleetwood,ldv,Full-size,Midsize,Car,automatic_exact_normalized_make_reviewed_canonical_label,reviewed,fueleconomy_gov_vehicle_data; Ontario Vehicle Population Report A historical fit-active stock,1,
mto_crosswalk,CADI,LYR,2023,2026,Cadillac,LYRIQ,ldv,Sport utility vehicle: Small,Small SUV,Light Truck,automatic_approved_current_candidate_approved_similarity_normalized_prefix,reviewed,fueleconomy_gov_vehicle_data | nrcan_fuel_consumption_ratings; Ontario Vehicle Population Report A historical fit-active stock,1,
mto_crosswalk,CADI,OPT,2026,2026,Cadillac,OPTIQ,ldv,Sport utility vehicle: Standard,Midsize SUV,Light Truck,automatic_approved_current_candidate_approved_similarity_normalized_prefix,reviewed,fueleconomy_gov_vehicle_data | nrcan_fuel_consumption_ratings; Ontario Vehicle Population Report A historical fit-active stock,1,
mto_crosswalk,CADI,SRX,2004,2016,Cadillac,SRX,ldv,Sport utility vehicle: Standard,Midsize SUV,Light Truck,automatic_approved_current_candidate_approved_similarity_exact_normalized,reviewed,fueleconomy_gov_vehicle_data | nrcan_fuel_consumption_ratings; Ontario Vehicle Population Report A historical fit-active stock,1,
mto_crosswalk,CADI,STS,1993,2008,Cadillac,STS,ldv,Mid-size,Midsize,Car,automatic_approved_current_candidate_approved_similarity_exact_normalized,reviewed,fueleconomy_gov_vehicle_data | nrcan_fuel_consumption_ratings; Ontario Vehicle Population Report A historical fit-active stock,1,
mto_crosswalk,CADI,SEV,1981,1993,Cadillac,Seville,ldv,Mid-size,Midsize,Car,automatic_exact_normalized_make_reviewed_canonical_label,reviewed,fueleconomy_gov_vehicle_data; Ontario Vehicle Population Report A historical fit-active stock,1,
mto_crosswalk,CADI,XLR,2004,2009,Cadillac,XLR,ldv,Two-seater,Midsize,Car,automatic_approved_current_candidate_approved_similarity_exact_normalized,reviewed,fueleconomy_gov_vehicle_data | nrcan_fuel_consumption_ratings; Ontario Vehicle Population Report A historical fit-active stock,1,
mto_crosswalk,CADI,XT4,2019,2025,Cadillac,XT4,ldv,Sport utility vehicle: Small,Small SUV,Light Truck,automatic_approved_current_candidate_approved_similarity_exact_normalized,reviewed,fueleconomy_gov_vehicle_data | nrcan_fuel_consumption_ratings; Ontario Vehicle Population Report A historical fit-active stock,1,
mto_crosswalk,CADI,XT5,2017,2026,Cadillac,XT5,ldv,Sport utility vehicle: Small,Small SUV,Light Truck,automatic_approved_current_candidate_approved_similarity_exact_normalized,reviewed,fueleconomy_gov_vehicle_data | nrcan_fuel_consumption_ratings; Ontario Vehicle Population Report A historical fit-active stock,1,
mto_crosswalk,CADI,XT6,2020,2025,Cadillac,XT6,ldv,Sport utility vehicle: Small,Small SUV,Light Truck,automatic_approved_current_candidate_approved_similarity_exact_normalized,reviewed,fueleconomy_gov_vehicle_data | nrcan_fuel_consumption_ratings; Ontario Vehicle Population Report A historical fit-active stock,1,
mto_crosswalk,CADI,XTS,2013,2019,Cadillac,XTS,ldv,Full-size,Midsize,Car,automatic_exact_normalized_make_reviewed_canonical_label,reviewed,fueleconomy_gov_vehicle_data | nrcan_fuel_consumption_ratings; Ontario Vehicle Population Report A historical fit-active stock,5,
mto_crosswalk,CHEV,AST,2004,2004,Chevrolet,Astro,ldv,Van: Cargo,Pickup,Light Truck,automatic_normalized_make_prefix_normalized_model_prefix,reviewed,fueleconomy_gov_vehicle_data | nrcan_fuel_consumption_ratings; Ontario Vehicle Population Report A historical fit-active stock,2,
mto_crosswalk,CHEV,AST,1985,1990,Chevrolet,Astro Cargo,ldv,Van: Cargo,Pickup,Light Truck,automatic_normalized_make_prefix_normalized_model_prefix,reviewed,nrcan_fuel_consumption_ratings; Ontario Vehicle Population Report A historical fit-active stock,2,
mto_crosswalk,CHEV,AST,1994,2003,Chevrolet,Astro Cargo,ldv,Van: Cargo,Pickup,Light Truck,automatic_normalized_make_prefix_normalized_model_prefix,reviewed,nrcan_fuel_consumption_ratings; Ontario Vehicle Population Report A historical fit-active stock,2,
mto_crosswalk,CHEV,AST,2005,2005,Chevrolet,Astro Cargo,ldv,Van: Cargo,Pickup,Light Truck,automatic_normalized_make_prefix_normalized_model_prefix,reviewed,nrcan_fuel_consumption_ratings; Ontario Vehicle Population Report A historical fit-active stock,2,
mto_crosswalk,CHEV,AVE,2008,2012,Chevrolet,Aveo,ldv,Compact,Compact,Car,automatic_exact_normalized_make_reviewed_canonical_label,reviewed,fueleconomy_gov_vehicle_data | nrcan_fuel_consumption_ratings; Ontario Vehicle Population Report A historical fit-active stock,2,
mto_crosswalk,CHEV,AVS,2009,2011,Chevrolet,Aveo,ldv,Compact,Compact,Car,automatic_exact_normalized_make_reviewed_canonical_label,reviewed,fueleconomy_gov_vehicle_data | nrcan_fuel_consumption_ratings; Ontario Vehicle Population Report A historical fit-active stock,2,
mto_crosswalk,CHEV,AVE,2006,2007,Chevrolet,Aveo,ldv,Subcompact,Compact,Car,automatic_exact_normalized_make_reviewed_canonical_label,reviewed,fueleconomy_gov_vehicle_data | nrcan_fuel_consumption_ratings; Ontario Vehicle Population Report A historical fit-active stock,2,
mto_crosswalk,CHEV,BL2,2008,2010,Chevrolet,Blazer,ldv,Sport utility vehicle: Small,Small SUV,Light Truck,automatic_exact_normalized_make_reviewed_canonical_label,reviewed,fueleconomy_gov_vehicle_data | nrcan_fuel_consumption_ratings; Ontario Vehicle Population Report A historical fit-active stock,4,
mto_crosswalk,CHEV,BLT,2005,2010,Chevrolet,Bolt,ldv,Station wagon: Small,Midsize,Car,automatic_approved_current_candidate_approved_similarity_string_similarity,reviewed,fueleconomy_gov_vehicle_data | nrcan_fuel_consumption_ratings; Ontario Vehicle Population Report A historical fit-active stock,1,
mto_crosswalk,CHEV,C10,1981,1988,Chevrolet,C10 Pickup,ldv,Pickup truck: Standard,Pickup,Light Truck,automatic_approved_current_candidate_approved_similarity_normalized_prefix,reviewed,fueleconomy_gov_vehicle_data; Ontario Vehicle Population Report A historical fit-active stock,1,
mto_crosswalk,CHEV,C10,1991,1991,Chevrolet,C10 Pickup,ldv,Pickup truck: Standard,Pickup,Light Truck,automatic_approved_current_candidate_approved_similarity_normalized_prefix,reviewed,fueleconomy_gov_vehicle_data; Ontario Vehicle Population Report A historical fit-active stock,1,
mto_crosswalk,CHEV,C10,1993,1993,Chevrolet,C10 Pickup,ldv,Pickup truck: Standard,Pickup,Light Truck,automatic_approved_current_candidate_approved_similarity_normalized_prefix,reviewed,fueleconomy_gov_vehicle_data; Ontario Vehicle Population Report A historical fit-active stock,1,
mto_crosswalk,CHEV,C10,1997,1997,Chevrolet,C10 Pickup,ldv,Pickup truck: Standard,Pickup,Light Truck,automatic_approved_current_candidate_approved_similarity_normalized_prefix,reviewed,fueleconomy_gov_vehicle_data; Ontario Vehicle Population Report A historical fit-active stock,1,
mto_crosswalk,CHEV,C15,1981,2020,Chevrolet,C1500,ldv,Pickup truck: Standard,Pickup,Light Truck,automatic_approved_current_candidate_approved_similarity_normalized_prefix,reviewed,fueleconomy_gov_vehicle_data | nrcan_fuel_consumption_ratings; Ontario Vehicle Population Report A historical fit-active stock,1,
mto_crosswalk,CHEV,C20,1981,1998,Chevrolet,C20 Pickup,ldv,Pickup truck: Standard,Pickup,Light Truck,automatic_approved_current_candidate_approved_similarity_normalized_prefix,reviewed,fueleconomy_gov_vehicle_data; Ontario Vehicle Population Report A historical fit-active stock,1,
mto_crosswalk,CHEV,C55,2003,2009,Chevrolet,C5,mhdv,,,,automatic_reviewed_manual_make_reviewed_two_pass_agreement,reviewed,reviewed_mto_make_model_evidence; Ontario Vehicle Population Report A historical fit-active stock,0,Public evidence supports a mapped non-LDV truck family.
mto_crosswalk,CHEV,CML,2010,2015,Chevrolet,Camaro,ldv,Compact,Compact,Car,automatic_exact_normalized_make_reviewed_canonical_label,reviewed,fueleconomy_gov_vehicle_data | nrcan_fuel_consumption_ratings; Ontario Vehicle Population Report A historical fit-active stock,5,
mto_crosswalk,CHEV,CAM,1981,1990,Chevrolet,Camaro,ldv,Subcompact,Compact,Car,automatic_normalized_make_prefix_normalized_model_prefix,reviewed,fueleconomy_gov_vehicle_data; Ontario Vehicle Population Report A historical fit-active stock,1,
mto_crosswalk,CHEV,CAM,1993,1995,Chevrolet,Camaro,ldv,Subcompact,Compact,Car,automatic_normalized_make_prefix_normalized_model_prefix,reviewed,fueleconomy_gov_vehicle_data | nrcan_fuel_consumption_ratings; Ontario Vehicle Population Report A historical fit-active stock,2,
mto_crosswalk,CHEV,CAM,1998,2002,Chevrolet,Camaro,ldv,Subcompact,Compact,Car,automatic_normalized_make_prefix_normalized_model_prefix,reviewed,fueleconomy_gov_vehicle_data | nrcan_fuel_consumption_ratings; Ontario Vehicle Population Report A historical fit-active stock,2,
mto_crosswalk,CHEV,CAM,2017,2024,Chevrolet,Camaro,ldv,Subcompact,Compact,Car,automatic_normalized_make_prefix_normalized_model_prefix,reviewed,fueleconomy_gov_vehicle_data | nrcan_fuel_consumption_ratings; Ontario Vehicle Population Report A historical fit-active stock,4,
mto_crosswalk,CHEV,CAC,2002,2004,Chevrolet,Caprice,ldv,Full-size,Midsize,Car,automatic_exact_normalized_make_reviewed_canonical_label,reviewed,fueleconomy_gov_vehicle_data | nrcan_fuel_consumption_ratings; Ontario Vehicle Population Report A historical fit-active stock,3,
mto_crosswalk,CHEV,CAP,1986,1992,Chevrolet,Caprice,ldv,Full-size,Midsize,Car,automatic_exact_normalized_make_reviewed_canonical_label,reviewed,fueleconomy_gov_vehicle_data; Ontario Vehicle Population Report A historical fit-active stock,1,
mto_crosswalk,CHEV,CAP,1981,1985,Chevrolet,Caprice,ldv,Station wagon: Mid-size,Midsize,Car,automatic_exact_normalized_make_reviewed_canonical_label,reviewed,fueleconomy_gov_vehicle_data; Ontario Vehicle Population Report A historical fit-active stock,1,
mto_crosswalk,CHEV,CPT,2012,2014,Chevrolet,Captiva,ldv,Sport utility vehicle: Small,Small SUV,Light Truck,automatic_normalized_make_prefix_anchored_consonant_abbreviation,reviewed,fueleconomy_gov_vehicle_data; Ontario Vehicle Population Report A historical fit-active stock,2,
mto_crosswalk,CHEV,C3V,2014,2025,Chevrolet,Captiva Sport,non_ldv_unclassified,,,,automatic_reviewed_manual_make_reviewed_two_pass_agreement,reviewed,reviewed_mto_make_model_evidence; Ontario Vehicle Population Report A historical fit-active stock,0,Public evidence supports the family but not an LDV class hierarchy.
mto_crosswalk,CHEV,CTA,1996,2023,Chevrolet,Captiva Sport,non_ldv_unclassified,,,,automatic_reviewed_manual_make_reviewed_two_pass_agreement,reviewed,reviewed_mto_make_model_evidence; Ontario Vehicle Population Report A historical fit-active stock,0,Public evidence supports the family but not an LDV class hierarchy.
mto_crosswalk,CHEV,CTV,1981,1998,Chevrolet,Captiva Sport,non_ldv_unclassified,,,,automatic_reviewed_manual_make_reviewed_two_pass_agreement,reviewed,reviewed_mto_make_model_evidence; Ontario Vehicle Population Report A historical fit-active stock,0,Public evidence supports the family but not an LDV class hierarchy.
mto_crosswalk,CHEV,CTY,2015,2018,Chevrolet,Captiva Sport,non_ldv_unclassified,,,,automatic_reviewed_manual_make_reviewed_two_pass_agreement,reviewed,reviewed_mto_make_model_evidence; Ontario Vehicle Population Report A historical fit-active stock,0,Public evidence supports the family but not an LDV class hierarchy.
mto_crosswalk,CHEV,CAV,1982,1986,Chevrolet,Cavalier,ldv,Compact,Compact,Car,automatic_normalized_make_prefix_normalized_model_prefix,reviewed,fueleconomy_gov_vehicle_data; Ontario Vehicle Population Report A historical fit-active stock,1,
mto_crosswalk,CHEV,CAV,1988,1990,Chevrolet,Cavalier,ldv,Compact,Compact,Car,automatic_normalized_make_prefix_normalized_model_prefix,reviewed,fueleconomy_gov_vehicle_data; Ontario Vehicle Population Report A historical fit-active stock,1,
mto_crosswalk,CHEV,CAV,1995,1997,Chevrolet,Cavalier,ldv,Compact,Compact,Car,automatic_normalized_make_prefix_normalized_model_prefix,reviewed,fueleconomy_gov_vehicle_data | nrcan_fuel_consumption_ratings; Ontario Vehicle Population Report A historical fit-active stock,2,
mto_crosswalk,CHEV,CAV,2001,2001,Chevrolet,Cavalier,ldv,Compact,Compact,Car,automatic_normalized_make_prefix_normalized_model_prefix,reviewed,fueleconomy_gov_vehicle_data | nrcan_fuel_consumption_ratings; Ontario Vehicle Population Report A historical fit-active stock,3,
mto_crosswalk,CHEV,CAV,2003,2005,Chevrolet,Cavalier,ldv,Compact,Compact,Car,automatic_normalized_make_prefix_normalized_model_prefix,reviewed,fueleconomy_gov_vehicle_data | nrcan_fuel_consumption_ratings; Ontario Vehicle Population Report A historical fit-active stock,2,
mto_crosswalk,CHEV,CAV,1991,1991,Chevrolet,Cavalier,ldv,Subcompact,Compact,Car,automatic_normalized_make_prefix_normalized_model_prefix,reviewed,fueleconomy_gov_vehicle_data; Ontario Vehicle Population Report A historical fit-active stock,1,
mto_crosswalk,CHEV,CAV,1994,1994,Chevrolet,Cavalier,ldv,Subcompact,Compact,Car,automatic_normalized_make_prefix_normalized_model_prefix,reviewed,fueleconomy_gov_vehicle_data; Ontario Vehicle Population Report A historical fit-active stock,1,
mto_crosswalk,CHEV,CAV,1998,2000,Chevrolet,Cavalier,ldv,Subcompact,Compact,Car,automatic_normalized_make_prefix_normalized_model_prefix,reviewed,fueleconomy_gov_vehicle_data | nrcan_fuel_consumption_ratings; Ontario Vehicle Population Report A historical fit-active stock,4,
mto_crosswalk,CHEV,CAV,2002,2002,Chevrolet,Cavalier,ldv,Subcompact,Compact,Car,automatic_normalized_make_prefix_normalized_model_prefix,reviewed,fueleconomy_gov_vehicle_data | nrcan_fuel_consumption_ratings; Ontario Vehicle Population Report A historical fit-active stock,2,
mto_crosswalk,CHEV,CVT,1981,1982,Chevrolet,Cavalier Convertible,ldv,Subcompact,Compact,Car,automatic_normalized_make_prefix_anchored_consonant_abbreviation,reviewed,fueleconomy_gov_vehicle_data; Ontario Vehicle Population Report A historical fit-active stock,1,
mto_crosswalk,CHEV,CVT,1984,1989,Chevrolet,Cavalier Convertible,ldv,Subcompact,Compact,Car,automatic_normalized_make_prefix_anchored_consonant_abbreviation,reviewed,fueleconomy_gov_vehicle_data; Ontario Vehicle Population Report A historical fit-active stock,1,
mto_crosswalk,CHEV,CVT,1991,1991,Chevrolet,Cavalier Convertible,ldv,Subcompact,Compact,Car,automatic_normalized_make_prefix_anchored_consonant_abbreviation,reviewed,fueleconomy_gov_vehicle_data; Ontario Vehicle Population Report A historical fit-active stock,1,
mto_crosswalk,CHEV,CVT,1996,2005,Chevrolet,Cavalier Convertible,ldv,Subcompact,Compact,Car,automatic_normalized_make_prefix_anchored_consonant_abbreviation,reviewed,fueleconomy_gov_vehicle_data; Ontario Vehicle Population Report A historical fit-active stock,1,
mto_crosswalk,CHEV,CCL,1982,1989,Chevrolet,Celebrity,ldv,Mid-size,Midsize,Car,automatic_exact_normalized_make_reviewed_canonical_label,reviewed,fueleconomy_gov_vehicle_data; Ontario Vehicle Population Report A historical fit-active stock,1,
mto_crosswalk,CHEV,CCL,1990,1996,Chevrolet,Celebrity,ldv,Station wagon: Mid-size,Midsize,Car,automatic_exact_normalized_make_reviewed_canonical_label,reviewed,fueleconomy_gov_vehicle_data; Ontario Vehicle Population Report A historical fit-active stock,1,
mto_crosswalk,CHEV,CHE,1981,1987,Chevrolet,Chevette,ldv,Subcompact,Compact,Car,automatic_approved_current_candidate_approved_similarity_normalized_prefix,reviewed,fueleconomy_gov_vehicle_data; Ontario Vehicle Population Report A historical fit-active stock,1,
mto_crosswalk,CHEV,CBT,2005,2009,Chevrolet,Cobalt,ldv,Subcompact,Compact,Car,automatic_exact_normalized_make_reviewed_canonical_label,reviewed,fueleconomy_gov_vehicle_data | nrcan_fuel_consumption_ratings; Ontario Vehicle Population Report A historical fit-active stock,5,
mto_crosswalk,CHEV,CDL,2014,2015,Chevrolet,Colorado,ldv,Pickup truck: Small,Pickup,Light Truck,automatic_exact_normalized_make_reviewed_canonical_label,reviewed,fueleconomy_gov_vehicle_data | nrcan_fuel_consumption_ratings; Ontario Vehicle Population Report A historical fit-active stock,4,
mto_crosswalk,CHEV,COL,2008,2025,Chevrolet,Colorado,ldv,Pickup truck: Small,Pickup,Light Truck,automatic_exact_normalized_make_reviewed_canonical_label,reviewed,fueleconomy_gov_vehicle_data | nrcan_fuel_consumption_ratings; Ontario Vehicle Population Report A historical fit-active stock,12,
mto_crosswalk,CHEV,COL,2004,2007,Chevrolet,Colorado,ldv,Pickup truck: Standard,Pickup,Light Truck,automatic_exact_normalized_make_reviewed_canonical_label,reviewed,fueleconomy_gov_vehicle_data | nrcan_fuel_consumption_ratings; Ontario Vehicle Population Report A historical fit-active stock,6,
mto_crosswalk,CHEV,COL,2026,2026,Chevrolet,Colorado,ldv,Pickup truck: Standard,Pickup,Light Truck,automatic_exact_normalized_make_reviewed_canonical_label,reviewed,fueleconomy_gov_vehicle_data | nrcan_fuel_consumption_ratings; Ontario Vehicle Population Report A historical fit-active stock,10,
mto_crosswalk,CHEV,CGS,2010,2019,Chevrolet,Corsica,ldv,Compact,Compact,Car,automatic_exact_normalized_make_reviewed_canonical_label,reviewed,fueleconomy_gov_vehicle_data | nrcan_fuel_consumption_ratings; Ontario Vehicle Population Report A historical fit-active stock,2,
mto_crosswalk,CHEV,CIS,1995,1996,Chevrolet,Corsica,ldv,Compact,Compact,Car,automatic_exact_normalized_make_reviewed_canonical_label,reviewed,fueleconomy_gov_vehicle_data | nrcan_fuel_consumption_ratings; Ontario Vehicle Population Report A historical fit-active stock,2,
mto_crosswalk,CHEV,COR,1989,1989,Chevrolet,Corsica,ldv,Mid-size,Midsize,Car,automatic_normalized_make_prefix_normalized_model_prefix,reviewed,fueleconomy_gov_vehicle_data; Ontario Vehicle Population Report A historical fit-active stock,1,
mto_crosswalk,CHEV,COR,1981,1981,Chevrolet,Corvette,ldv,Two-seater,Midsize,Car,automatic_normalized_make_prefix_normalized_model_prefix,reviewed,fueleconomy_gov_vehicle_data; Ontario Vehicle Population Report A historical fit-active stock,1,
mto_crosswalk,CHEV,COR,2006,2007,Chevrolet,Corvette,ldv,Two-seater,Midsize,Car,automatic_normalized_make_prefix_normalized_model_prefix,reviewed,fueleconomy_gov_vehicle_data | nrcan_fuel_consumption_ratings; Ontario Vehicle Population Report A historical fit-active stock,2,
mto_crosswalk,CHEV,COR,2011,2012,Chevrolet,Corvette,ldv,Two-seater,Midsize,Car,automatic_normalized_make_prefix_normalized_model_prefix,reviewed,fueleconomy_gov_vehicle_data | nrcan_fuel_consumption_ratings; Ontario Vehicle Population Report A historical fit-active stock,4,
mto_crosswalk,CHEV,COR,2016,2016,Chevrolet,Corvette,ldv,Two-seater,Midsize,Car,automatic_normalized_make_prefix_normalized_model_prefix,reviewed,fueleconomy_gov_vehicle_data | nrcan_fuel_consumption_ratings; Ontario Vehicle Population Report A historical fit-active stock,3,
mto_crosswalk,CHEV,COR,2018,2020,Chevrolet,Corvette,ldv,Two-seater,Midsize,Car,automatic_normalized_make_prefix_normalized_model_prefix,reviewed,fueleconomy_gov_vehicle_data | nrcan_fuel_consumption_ratings; Ontario Vehicle Population Report A historical fit-active stock,6,
mto_crosswalk,CHEV,COR,2022,2026,Chevrolet,Corvette,ldv,Two-seater,Midsize,Car,automatic_normalized_make_prefix_normalized_model_prefix,reviewed,fueleconomy_gov_vehicle_data | nrcan_fuel_consumption_ratings; Ontario Vehicle Population Report A historical fit-active stock,12,
mto_crosswalk,CHEV,CRV,1981,1994,Chevrolet,Corvette,ldv,Two-seater,Midsize,Car,automatic_exact_normalized_make_reviewed_canonical_label,reviewed,fueleconomy_gov_vehicle_data; Ontario Vehicle Population Report A historical fit-active stock,1,
mto_crosswalk,CHEV,EV6,2025,2025,Chevrolet,Corvette,ldv,Two-seater,Midsize,Car,automatic_exact_normalized_make_reviewed_canonical_label,reviewed,fueleconomy_gov_vehicle_data | nrcan_fuel_consumption_ratings; Ontario Vehicle Population Report A historical fit-active stock,10,
mto_crosswalk,CHEV,C2Z,2016,2025,Chevrolet,Cruze,ldv,Compact,Compact,Car,automatic_exact_normalized_make_reviewed_canonical_label,reviewed,fueleconomy_gov_vehicle_data | nrcan_fuel_consumption_ratings; Ontario Vehicle Population Report A historical fit-active stock,6,
mto_crosswalk,CHEV,C3Z,2016,2019,Chevrolet,Cruze,ldv,Compact,Compact,Car,automatic_exact_normalized_make_reviewed_canonical_label,reviewed,fueleconomy_gov_vehicle_data | nrcan_fuel_consumption_ratings; Ontario Vehicle Population Report A historical fit-active stock,6,
mto_crosswalk,CHEV,CZ3,2016,2025,Chevrolet,Cruze,ldv,Compact,Compact,Car,automatic_exact_normalized_make_reviewed_canonical_label,reviewed,fueleconomy_gov_vehicle_data | nrcan_fuel_consumption_ratings; Ontario Vehicle Population Report A historical fit-active stock,6,
mto_crosswalk,CHEV,CZ6,2016,2019,Chevrolet,Cruze,ldv,Compact,Compact,Car,automatic_exact_normalized_make_reviewed_canonical_label,reviewed,fueleconomy_gov_vehicle_data | nrcan_fuel_consumption_ratings; Ontario Vehicle Population Report A historical fit-active stock,6,
mto_crosswalk,CHEV,CZP,2016,2018,Chevrolet,Cruze,ldv,Compact,Compact,Car,automatic_exact_normalized_make_reviewed_canonical_label,reviewed,fueleconomy_gov_vehicle_data | nrcan_fuel_consumption_ratings; Ontario Vehicle Population Report A historical fit-active stock,6,
mto_crosswalk,CHEV,CZR,1990,2011,Chevrolet,Cruze,ldv,Compact,Compact,Car,automatic_exact_normalized_make_reviewed_canonical_label,reviewed,fueleconomy_gov_vehicle_data | nrcan_fuel_consumption_ratings; Ontario Vehicle Population Report A historical fit-active stock,2,
mto_crosswalk,CHEV,CZR,2020,2020,Chevrolet,Cruze,ldv,Compact,Compact,Car,automatic_exact_normalized_make_reviewed_canonical_label,reviewed,fueleconomy_gov_vehicle_data | nrcan_fuel_consumption_ratings; Ontario Vehicle Population Report A historical fit-active stock,4,
mto_crosswalk,CHEV,CZT,2011,2011,Chevrolet,Cruze,ldv,Compact,Compact,Car,automatic_exact_normalized_make_reviewed_canonical_label,reviewed,fueleconomy_gov_vehicle_data | nrcan_fuel_consumption_ratings; Ontario Vehicle Population Report A historical fit-active stock,2,
mto_crosswalk,CHEV,CZT,2016,2019,Chevrolet,Cruze,ldv,Compact,Compact,Car,automatic_exact_normalized_make_reviewed_canonical_label,reviewed,fueleconomy_gov_vehicle_data | nrcan_fuel_consumption_ratings; Ontario Vehicle Population Report A historical fit-active stock,6,
mto_crosswalk,CHEV,C2Z,2014,2015,Chevrolet,Cruze,ldv,Mid-size,Midsize,Car,automatic_exact_normalized_make_reviewed_canonical_label,reviewed,fueleconomy_gov_vehicle_data | nrcan_fuel_consumption_ratings; Ontario Vehicle Population Report A historical fit-active stock,5,
mto_crosswalk,CHEV,C3Z,2015,2015,Chevrolet,Cruze,ldv,Mid-size,Midsize,Car,automatic_exact_normalized_make_reviewed_canonical_label,reviewed,fueleconomy_gov_vehicle_data | nrcan_fuel_consumption_ratings; Ontario Vehicle Population Report A historical fit-active stock,5,
mto_crosswalk,CHEV,CZ3,2014,2015,Chevrolet,Cruze,ldv,Mid-size,Midsize,Car,automatic_exact_normalized_make_reviewed_canonical_label,reviewed,fueleconomy_gov_vehicle_data | nrcan_fuel_consumption_ratings; Ontario Vehicle Population Report A historical fit-active stock,5,
mto_crosswalk,CHEV,CZ6,2015,2015,Chevrolet,Cruze,ldv,Mid-size,Midsize,Car,automatic_exact_normalized_make_reviewed_canonical_label,reviewed,fueleconomy_gov_vehicle_data | nrcan_fuel_consumption_ratings; Ontario Vehicle Population Report A historical fit-active stock,5,
mto_crosswalk,CHEV,CZR,2012,2019,Chevrolet,Cruze,ldv,Mid-size,Midsize,Car,automatic_exact_normalized_make_reviewed_canonical_label,reviewed,fueleconomy_gov_vehicle_data | nrcan_fuel_consumption_ratings; Ontario Vehicle Population Report A historical fit-active stock,4,
mto_crosswalk,CHEV,CZT,2012,2015,Chevrolet,Cruze,ldv,Mid-size,Midsize,Car,automatic_exact_normalized_make_reviewed_canonical_label,reviewed,fueleconomy_gov_vehicle_data | nrcan_fuel_consumption_ratings; Ontario Vehicle Population Report A historical fit-active stock,5,
mto_crosswalk,CHEV,ELC,1981,1987,Chevrolet,El Camino Pickup,ldv,Pickup truck: Standard,Pickup,Light Truck,automatic_approved_current_candidate_approved_similarity_normalized_prefix,reviewed,fueleconomy_gov_vehicle_data; Ontario Vehicle Population Report A historical fit-active stock,1,
mto_crosswalk,CHEV,EQU,2005,2022,Chevrolet,Equinox,ldv,Sport utility vehicle: Small,Small SUV,Light Truck,automatic_approved_current_candidate_approved_similarity_normalized_prefix,reviewed,fueleconomy_gov_vehicle_data | nrcan_fuel_consumption_ratings; Ontario Vehicle Population Report A historical fit-active stock,1,
mto_crosswalk,CHEV,EQU,2026,2026,Chevrolet,Equinox,ldv,Sport utility vehicle: Small,Small SUV,Light Truck,automatic_approved_current_candidate_approved_similarity_normalized_prefix,reviewed,fueleconomy_gov_vehicle_data | nrcan_fuel_consumption_ratings; Ontario Vehicle Population Report A historical fit-active stock,1,
mto_crosswalk,CHEV,EXP,2010,2012,Chevrolet,Express 2500,ldv,Van: Cargo,Pickup,Light Truck,automatic_normalized_make_prefix_normalized_model_prefix,reviewed,nrcan_fuel_consumption_ratings; Ontario Vehicle Population Report A historical fit-active stock,4,
mto_crosswalk,CHEV,EXP,1997,2009,Chevrolet,Express 2500,ldv,Van: Passenger,Pickup,Light Truck,automatic_normalized_make_prefix_normalized_model_prefix,reviewed,fueleconomy_gov_vehicle_data; Ontario Vehicle Population Report A historical fit-active stock,2,
mto_crosswalk,CHEV,EXP,2013,2025,Chevrolet,Express 2500,ldv,Van: Passenger,Pickup,Light Truck,automatic_normalized_make_prefix_normalized_model_prefix,reviewed,fueleconomy_gov_vehicle_data | nrcan_fuel_consumption_ratings; Ontario Vehicle Population Report A historical fit-active stock,4,
mto_crosswalk,CHEV,I/P,2006,2013,Chevrolet,Impala,ldv,Full-size,Midsize,Car,automatic_exact_normalized_make_reviewed_canonical_label,reviewed,fueleconomy_gov_vehicle_data | nrcan_fuel_consumption_ratings; Ontario Vehicle Population Report A historical fit-active stock,3,
mto_crosswalk,CHEV,IMP,1981,1985,Chevrolet,Impala,ldv,Full-size,Midsize,Car,automatic_normalized_make_prefix_normalized_model_prefix,reviewed,fueleconomy_gov_vehicle_data; Ontario Vehicle Population Report A historical fit-active stock,1,
mto_crosswalk,CHEV,IMP,1989,1989,Chevrolet,Impala,ldv,Full-size,Midsize,Car,automatic_normalized_make_prefix_normalized_model_prefix,reviewed,fueleconomy_gov_vehicle_data; Ontario Vehicle Population Report A historical fit-active stock,1,
mto_crosswalk,CHEV,IMP,2000,2005,Chevrolet,Impala,ldv,Full-size,Midsize,Car,automatic_normalized_make_prefix_normalized_model_prefix,reviewed,fueleconomy_gov_vehicle_data | nrcan_fuel_consumption_ratings; Ontario Vehicle Population Report A historical fit-active stock,4,
mto_crosswalk,CHEV,IMP,2009,2009,Chevrolet,Impala,ldv,Full-size,Midsize,Car,automatic_normalized_make_prefix_normalized_model_prefix,reviewed,fueleconomy_gov_vehicle_data | nrcan_fuel_consumption_ratings; Ontario Vehicle Population Report A historical fit-active stock,3,
mto_crosswalk,CHEV,IMP,2015,2015,Chevrolet,Impala,ldv,Full-size,Midsize,Car,automatic_normalized_make_prefix_normalized_model_prefix,reviewed,fueleconomy_gov_vehicle_data | nrcan_fuel_consumption_ratings; Ontario Vehicle Population Report A historical fit-active stock,2,
mto_crosswalk,CHEV,K10,1981,1995,Chevrolet,K10 Pickup,ldv,Pickup truck: Standard,Pickup,Light Truck,automatic_approved_current_candidate_approved_similarity_normalized_prefix,reviewed,fueleconomy_gov_vehicle_data; Ontario Vehicle Population Report A historical fit-active stock,1,
mto_crosswalk,CHEV,K15,1995,1995,Chevrolet,K1500 4X4,ldv,Pickup truck: Standard,Pickup,Light Truck,automatic_normalized_make_prefix_normalized_model_prefix,reviewed,nrcan_fuel_consumption_ratings; Ontario Vehicle Population Report A historical fit-active stock,3,
mto_crosswalk,CHEV,K15,1997,1999,Chevrolet,K1500 4X4,ldv,Pickup truck: Standard,Pickup,Light Truck,automatic_normalized_make_prefix_normalized_model_prefix,reviewed,nrcan_fuel_consumption_ratings; Ontario Vehicle Population Report A historical fit-active stock,2,
mto_crosswalk,CHEV,K15,2002,2013,Chevrolet,K1500 Avalanche,ldv,Pickup truck: Standard,Pickup,Light Truck,automatic_normalized_make_prefix_normalized_model_prefix,reviewed,nrcan_fuel_consumption_ratings; Ontario Vehicle Population Report A historical fit-active stock,7,
mto_crosswalk,CHEV,K15,1992,1994,Chevrolet,K1500 Pickup,ldv,Pickup truck: Standard,Pickup,Light Truck,automatic_normalized_make_prefix_normalized_model_prefix,reviewed,fueleconomy_gov_vehicle_data; Ontario Vehicle Population Report A historical fit-active stock,1,
mto_crosswalk,CHEV,K15,1996,1996,Chevrolet,K1500 Pickup,ldv,Pickup truck: Standard,Pickup,Light Truck,automatic_normalized_make_prefix_normalized_model_prefix,reviewed,fueleconomy_gov_vehicle_data | nrcan_fuel_consumption_ratings; Ontario Vehicle Population Report A historical fit-active stock,3,
mto_crosswalk,CHEV,K15,2000,2001,Chevrolet,K1500 Silverado,ldv,Pickup truck: Standard,Pickup,Light Truck,automatic_normalized_make_prefix_normalized_model_prefix,reviewed,nrcan_fuel_consumption_ratings; Ontario Vehicle Population Report A historical fit-active stock,1,
mto_crosswalk,CHEV,LUM,1982,2001,Chevrolet,Lumina,ldv,Mid-size,Midsize,Car,automatic_exact_normalized_make_reviewed_canonical_label,reviewed,fueleconomy_gov_vehicle_data | nrcan_fuel_consumption_ratings; Ontario Vehicle Population Report A historical fit-active stock,2,
mto_crosswalk,CHEV,M/X,2004,2005,Chevrolet,Malibu,ldv,Mid-size,Midsize,Car,automatic_exact_normalized_make_reviewed_canonical_label,reviewed,fueleconomy_gov_vehicle_data | nrcan_fuel_consumption_ratings; Ontario Vehicle Population Report A historical fit-active stock,2,
mto_crosswalk,CHEV,MAL,1981,1983,Chevrolet,Malibu,ldv,Mid-size,Midsize,Car,automatic_normalized_make_prefix_normalized_model_prefix,reviewed,fueleconomy_gov_vehicle_data | nrcan_fuel_consumption_ratings; Ontario Vehicle Population Report A historical fit-active stock,2,
mto_crosswalk,CHEV,MAL,1997,2005,Chevrolet,Malibu,ldv,Mid-size,Midsize,Car,automatic_normalized_make_prefix_normalized_model_prefix,reviewed,fueleconomy_gov_vehicle_data | nrcan_fuel_consumption_ratings; Ontario Vehicle Population Report A historical fit-active stock,2,
mto_crosswalk,CHEV,MAL,2008,2008,Chevrolet,Malibu,ldv,Mid-size,Midsize,Car,automatic_normalized_make_prefix_normalized_model_prefix,reviewed,fueleconomy_gov_vehicle_data | nrcan_fuel_consumption_ratings; Ontario Vehicle Population Report A historical fit-active stock,4,
mto_crosswalk,CHEV,MAL,2018,2020,Chevrolet,Malibu,ldv,Mid-size,Midsize,Car,automatic_normalized_make_prefix_normalized_model_prefix,reviewed,fueleconomy_gov_vehicle_data | nrcan_fuel_consumption_ratings; Ontario Vehicle Population Report A historical fit-active stock,4,
mto_crosswalk,CHEV,MAL,2023,2023,Chevrolet,Malibu,ldv,Mid-size,Midsize,Car,automatic_normalized_make_prefix_normalized_model_prefix,reviewed,fueleconomy_gov_vehicle_data | nrcan_fuel_consumption_ratings; Ontario Vehicle Population Report A historical fit-active stock,2,
mto_crosswalk,CHEV,MAL,2025,2025,Chevrolet,Malibu,ldv,Mid-size,Midsize,Car,automatic_normalized_make_prefix_normalized_model_prefix,reviewed,fueleconomy_gov_vehicle_data | nrcan_fuel_consumption_ratings; Ontario Vehicle Population Report A historical fit-active stock,2,
mto_crosswalk,CHEV,MTL,2016,2016,Chevrolet,Malibu,ldv,Mid-size,Midsize,Car,automatic_exact_normalized_make_reviewed_canonical_label,reviewed,fueleconomy_gov_vehicle_data | nrcan_fuel_consumption_ratings; Ontario Vehicle Population Report A historical fit-active stock,6,
mto_crosswalk,CHEV,ZL1,2012,2015,Chevrolet,Malibu,ldv,Mid-size,Midsize,Car,automatic_exact_normalized_make_reviewed_canonical_label,reviewed,fueleconomy_gov_vehicle_data | nrcan_fuel_consumption_ratings; Ontario Vehicle Population Report A historical fit-active stock,4,
mto_crosswalk,CHEV,MTS,2016,2016,Chevrolet,Matiz,non_ldv_unclassified,,,,automatic_reviewed_manual_make_reviewed_two_pass_agreement,reviewed,reviewed_mto_make_model_evidence; Ontario Vehicle Population Report A historical fit-active stock,0,Public evidence supports the family but not an LDV class hierarchy.
mto_crosswalk,CHEV,NOV,1981,1981,Chevrolet,Nova,ldv,Compact,Compact,Car,automatic_approved_current_candidate_approved_similarity_normalized_prefix,reviewed,fueleconomy_gov_vehicle_data; Ontario Vehicle Population Report A historical fit-active stock,1,
mto_crosswalk,CHEV,NOV,1983,1983,Chevrolet,Nova,ldv,Compact,Compact,Car,automatic_approved_current_candidate_approved_similarity_normalized_prefix,reviewed,fueleconomy_gov_vehicle_data; Ontario Vehicle Population Report A historical fit-active stock,1,
mto_crosswalk,CHEV,NOV,1986,1988,Chevrolet,Nova,ldv,Compact,Compact,Car,automatic_approved_current_candidate_approved_similarity_normalized_prefix,reviewed,fueleconomy_gov_vehicle_data; Ontario Vehicle Population Report A historical fit-active stock,1,
mto_crosswalk,CHEV,OPT,2004,2006,Chevrolet,Optra,ldv,Compact,Compact,Car,automatic_exact_normalized_make_reviewed_canonical_label,reviewed,fueleconomy_gov_vehicle_data | nrcan_fuel_consumption_ratings; Ontario Vehicle Population Report A historical fit-active stock,2,
mto_crosswalk,CHEV,ORL,2012,2014,Chevrolet,Orlando,ldv,Sport utility vehicle: Small,Small SUV,Light Truck,automatic_approved_current_candidate_approved_similarity_normalized_prefix,reviewed,nrcan_fuel_consumption_ratings; Ontario Vehicle Population Report A historical fit-active stock,1,
mto_crosswalk,CHEV,ORL,2024,2024,Chevrolet,Orlando,ldv,Sport utility vehicle: Small,Small SUV,Light Truck,automatic_approved_current_candidate_approved_similarity_normalized_prefix,reviewed,nrcan_fuel_consumption_ratings; Ontario Vehicle Population Report A historical fit-active stock,1,
mto_crosswalk,CHEV,R10,1987,1988,Chevrolet,R10 Pickup,ldv,Pickup truck: Standard,Pickup,Light Truck,automatic_exact_normalized_make_reviewed_canonical_label,reviewed,fueleconomy_gov_vehicle_data; Ontario Vehicle Population Report A historical fit-active stock,1,
mto_crosswalk,CHEV,S10,1982,2001,Chevrolet,S-10 Blazer,non_ldv_unclassified,,,,automatic_reviewed_manual_make_reviewed_two_pass_agreement,reviewed,reviewed_mto_make_model_evidence; Ontario Vehicle Population Report A historical fit-active stock,0,Public evidence supports the family but not an LDV class hierarchy.
mto_crosswalk,CHEV,BSS,2005,2010,Chevrolet,SS,ldv,Full-size,Midsize,Car,automatic_approved_current_candidate_approved_similarity_string_similarity,reviewed,fueleconomy_gov_vehicle_data; Ontario Vehicle Population Report A historical fit-active stock,1,
mto_crosswalk,CHEV,CX2,2016,2016,Chevrolet,SS,ldv,Full-size,Midsize,Car,automatic_exact_normalized_make_reviewed_canonical_label,reviewed,fueleconomy_gov_vehicle_data; Ontario Vehicle Population Report A historical fit-active stock,1,
mto_crosswalk,CHEV,ISS,2006,2009,Chevrolet,SS,ldv,Full-size,Midsize,Car,automatic_approved_current_candidate_approved_similarity_string_similarity,reviewed,fueleconomy_gov_vehicle_data; Ontario Vehicle Population Report A historical fit-active stock,1,
mto_crosswalk,CHEV,MSS,2000,2007,Chevrolet,SS,ldv,Full-size,Midsize,Car,automatic_approved_current_candidate_approved_similarity_string_similarity,reviewed,fueleconomy_gov_vehicle_data; Ontario Vehicle Population Report A historical fit-active stock,1,
mto_crosswalk,CHEV,SKS,2013,2022,Chevrolet,SS,ldv,Full-size,Midsize,Car,automatic_approved_current_candidate_approved_similarity_string_similarity,reviewed,fueleconomy_gov_vehicle_data; Ontario Vehicle Population Report A historical fit-active stock,1,
mto_crosswalk,CHEV,SNS,2012,2016,Chevrolet,SS,ldv,Full-size,Midsize,Car,automatic_approved_current_candidate_approved_similarity_string_similarity,reviewed,fueleconomy_gov_vehicle_data; Ontario Vehicle Population Report A historical fit-active stock,1,
mto_crosswalk,CHEV,SNS,2020,2020,Chevrolet,SS,ldv,Full-size,Midsize,Car,automatic_approved_current_candidate_approved_similarity_string_similarity,reviewed,fueleconomy_gov_vehicle_data; Ontario Vehicle Population Report A historical fit-active stock,1,
mto_crosswalk,CHEV,SSM,2010,2024,Chevrolet,SS,ldv,Full-size,Midsize,Car,automatic_exact_normalized_make_reviewed_canonical_label,reviewed,fueleconomy_gov_vehicle_data; Ontario Vehicle Population Report A historical fit-active stock,1,
mto_crosswalk,CHEV,SSR,2004,2004,Chevrolet,SSR,ldv,Pickup truck: Small,Pickup,Light Truck,automatic_exact_normalized_make_reviewed_canonical_label,reviewed,nrcan_fuel_consumption_ratings; Ontario Vehicle Population Report A historical fit-active stock,1,
mto_crosswalk,CHEV,SSR,2003,2003,Chevrolet,SSR,ldv,Pickup truck: Standard,Pickup,Light Truck,automatic_exact_normalized_make_reviewed_canonical_label,reviewed,fueleconomy_gov_vehicle_data; Ontario Vehicle Population Report A historical fit-active stock,1,
mto_crosswalk,CHEV,SSR,2005,2006,Chevrolet,SSR,ldv,Pickup truck: Standard,Pickup,Light Truck,automatic_exact_normalized_make_reviewed_canonical_label,reviewed,fueleconomy_gov_vehicle_data | nrcan_fuel_consumption_ratings; Ontario Vehicle Population Report A historical fit-active stock,2,
mto_crosswalk,CHEV,SSC,2006,2007,Chevrolet,SSR Pickup,ldv,Pickup truck: Standard,Pickup,Light Truck,automatic_exact_normalized_make_reviewed_canonical_label,reviewed,fueleconomy_gov_vehicle_data; Ontario Vehicle Population Report A historical fit-active stock,1,
mto_crosswalk,CHEV,S2L,2013,2022,Chevrolet,Silverado,ldv,Pickup truck: Standard,Pickup,Light Truck,automatic_exact_normalized_make_reviewed_canonical_label,reviewed,fueleconomy_gov_vehicle_data | nrcan_fuel_consumption_ratings; Ontario Vehicle Population Report A historical fit-active stock,17,
mto_crosswalk,CHEV,SIL,1981,2026,Chevrolet,Silverado,ldv,Pickup truck: Standard,Pickup,Light Truck,automatic_approved_current_candidate_approved_similarity_normalized_prefix,reviewed,fueleconomy_gov_vehicle_data | nrcan_fuel_consumption_ratings; Ontario Vehicle Population Report A historical fit-active stock,1,
mto_crosswalk,CHEV,NWG,2019,2022,Chevrolet,Sonic,ldv,Compact,Compact,Car,automatic_exact_normalized_make_reviewed_canonical_label,reviewed,fueleconomy_gov_vehicle_data; Ontario Vehicle Population Report A historical fit-active stock,1,
mto_crosswalk,CHEV,SNZ,2012,2019,Chevrolet,Sonic,ldv,Compact,Compact,Car,automatic_exact_normalized_make_reviewed_canonical_label,reviewed,fueleconomy_gov_vehicle_data | nrcan_fuel_consumption_ratings; Ontario Vehicle Population Report A historical fit-active stock,4,
mto_crosswalk,CHEV,1KN,2022,2025,Chevrolet,Spark,ldv,Subcompact,Compact,Car,automatic_exact_normalized_make_reviewed_canonical_label,reviewed,fueleconomy_gov_vehicle_data | nrcan_fuel_consumption_ratings; Ontario Vehicle Population Report A historical fit-active stock,3,
mto_crosswalk,CHEV,2KN,2019,2019,Chevrolet,Spark,ldv,Subcompact,Compact,Car,automatic_exact_normalized_make_reviewed_canonical_label,reviewed,fueleconomy_gov_vehicle_data | nrcan_fuel_consumption_ratings; Ontario Vehicle Population Report A historical fit-active stock,3,
mto_crosswalk,CHEV,SPT,1981,2002,Chevrolet,Sport,ldv,Van: Cargo,Pickup,Light Truck,automatic_exact_normalized_make_reviewed_canonical_label,reviewed,fueleconomy_gov_vehicle_data; Ontario Vehicle Population Report A historical fit-active stock,1,
mto_crosswalk,CHEV,SUB,1981,2026,Chevrolet,Suburban,ldv,Sport utility vehicle: Standard,Midsize SUV,Light Truck,automatic_approved_current_candidate_approved_similarity_normalized_prefix,reviewed,fueleconomy_gov_vehicle_data | nrcan_fuel_consumption_ratings; Ontario Vehicle Population Report A historical fit-active stock,1,
mto_crosswalk,CHEV,TAH,1995,2026,Chevrolet,Tahoe,ldv,Sport utility vehicle: Standard,Midsize SUV,Light Truck,automatic_approved_current_candidate_approved_similarity_normalized_prefix,reviewed,fueleconomy_gov_vehicle_data | nrcan_fuel_consumption_ratings; Ontario Vehicle Population Report A historical fit-active stock,1,
mto_crosswalk,CHEV,TKR,1998,2004,Chevrolet,Tracker,non_ldv_unclassified,,,,automatic_reviewed_manual_make_reviewed_two_pass_agreement,reviewed,reviewed_mto_make_model_evidence; Ontario Vehicle Population Report A historical fit-active stock,0,Public evidence supports the family but not an LDV class hierarchy.
mto_crosswalk,CHEV,TRL,2002,2009,Chevrolet,Trailblazer,ldv,Sport utility vehicle: Small,Small SUV,Light Truck,automatic_normalized_make_prefix_anchored_consonant_abbreviation,reviewed,fueleconomy_gov_vehicle_data | nrcan_fuel_consumption_ratings; Ontario Vehicle Population Report A historical fit-active stock,4,
mto_crosswalk,CHEV,TRL,2024,2024,Chevrolet,Trailblazer,ldv,Sport utility vehicle: Small,Small SUV,Light Truck,automatic_normalized_make_prefix_anchored_consonant_abbreviation,reviewed,fueleconomy_gov_vehicle_data | nrcan_fuel_consumption_ratings; Ontario Vehicle Population Report A historical fit-active stock,4,
mto_crosswalk,CHEV,427,2013,2020,Chevrolet,Traverse,ldv,Sport utility vehicle: Standard,Midsize SUV,Light Truck,automatic_exact_normalized_make_reviewed_canonical_label,reviewed,fueleconomy_gov_vehicle_data | nrcan_fuel_consumption_ratings; Ontario Vehicle Population Report A historical fit-active stock,4,
mto_crosswalk,CHEV,TRV,2009,2025,Chevrolet,Traverse,ldv,Sport utility vehicle: Standard,Midsize SUV,Light Truck,automatic_normalized_make_prefix_anchored_consonant_abbreviation,reviewed,fueleconomy_gov_vehicle_data | nrcan_fuel_consumption_ratings; Ontario Vehicle Population Report A historical fit-active stock,6,
mto_crosswalk,CHEV,TRA,2013,2013,Chevrolet,Trax,ldv,Sport utility vehicle: Small,Small SUV,Light Truck,automatic_normalized_make_prefix_normalized_model_prefix,reviewed,nrcan_fuel_consumption_ratings; Ontario Vehicle Population Report A historical fit-active stock,2,
mto_crosswalk,CHEV,TRA,2021,2021,Chevrolet,Trax,ldv,Sport utility vehicle: Small,Small SUV,Light Truck,automatic_normalized_make_prefix_normalized_model_prefix,reviewed,fueleconomy_gov_vehicle_data | nrcan_fuel_consumption_ratings; Ontario Vehicle Population Report A historical fit-active stock,6,
mto_crosswalk,CHEV,TRX,2013,2015,Chevrolet,Trax,ldv,Sport utility vehicle: Small,Small SUV,Light Truck,automatic_normalized_make_prefix_anchored_consonant_abbreviation,reviewed,fueleconomy_gov_vehicle_data | nrcan_fuel_consumption_ratings; Ontario Vehicle Population Report A historical fit-active stock,4,
mto_crosswalk,CHEV,TRX,2020,2020,Chevrolet,Trax,ldv,Sport utility vehicle: Small,Small SUV,Light Truck,automatic_normalized_make_prefix_anchored_consonant_abbreviation,reviewed,fueleconomy_gov_vehicle_data | nrcan_fuel_consumption_ratings; Ontario Vehicle Population Report A historical fit-active stock,4,
mto_crosswalk,CHEV,TRA,2024,2026,Chevrolet,Trax,ldv,Station wagon: Small,Midsize,Car,automatic_normalized_make_prefix_normalized_model_prefix,reviewed,fueleconomy_gov_vehicle_data | nrcan_fuel_consumption_ratings; Ontario Vehicle Population Report A historical fit-active stock,3,
mto_crosswalk,CHEV,UPL,2005,2008,Chevrolet,Uplander,ldv,Minivan,Midsize SUV,Light Truck,automatic_approved_current_candidate_approved_similarity_normalized_prefix,reviewed,fueleconomy_gov_vehicle_data | nrcan_fuel_consumption_ratings; Ontario Vehicle Population Report A historical fit-active stock,1,
mto_crosswalk,CHEV,V10,1987,1991,Chevrolet,V10 (K10) Pickup,ldv,Pickup truck: Standard,Pickup,Light Truck,automatic_exact_normalized_make_reviewed_canonical_label,reviewed,fueleconomy_gov_vehicle_data; Ontario Vehicle Population Report A historical fit-active stock,1,
mto_crosswalk,CHEV,VAN,1981,2001,Chevrolet,Van 1500,ldv,Van: Cargo,Pickup,Light Truck,automatic_exact_normalized_make_reviewed_canonical_label,reviewed,fueleconomy_gov_vehicle_data; Ontario Vehicle Population Report A historical fit-active stock,1,
mto_crosswalk,CHEV,VTR,1997,2005,Chevrolet,Venture,ldv,Minivan,Midsize SUV,Light Truck,automatic_exact_normalized_make_reviewed_canonical_label,reviewed,fueleconomy_gov_vehicle_data | nrcan_fuel_consumption_ratings; Ontario Vehicle Population Report A historical fit-active stock,4,
mto_crosswalk,CHEV,VLT,2011,2015,Chevrolet,Volt,ldv,Compact,Compact,Car,automatic_approved_current_candidate_approved_similarity_string_similarity,reviewed,fueleconomy_gov_vehicle_data | nrcan_fuel_consumption_ratings; Ontario Vehicle Population Report A historical fit-active stock,1,
mto_crosswalk,CHRY,20C,2015,2017,Chrysler,200 Convertible,ldv,Compact,Compact,Car,automatic_normalized_make_prefix_anchored_consonant_abbreviation,reviewed,fueleconomy_gov_vehicle_data | nrcan_fuel_consumption_ratings; Ontario Vehicle Population Report A historical fit-active stock,3,
mto_crosswalk,CHRY,20S,2011,2017,Chrysler,200 Sedan,ldv,Mid-size,Midsize,Car,automatic_normalized_make_prefix_anchored_consonant_abbreviation,reviewed,nrcan_fuel_consumption_ratings; Ontario Vehicle Population Report A historical fit-active stock,4,
mto_crosswalk,CHRY,300,2000,2022,Chrysler,300,ldv,Full-size,Midsize,Car,automatic_approved_current_candidate_approved_similarity_exact_normalized,reviewed,fueleconomy_gov_vehicle_data | nrcan_fuel_consumption_ratings; Ontario Vehicle Population Report A historical fit-active stock,1,
mto_crosswalk,CHRY,300,2023,2023,Chrysler,300,ldv,Full-size,Midsize,Car,automatic_exact_normalized_make_reviewed_canonical_label,reviewed,fueleconomy_gov_vehicle_data | nrcan_fuel_consumption_ratings; Ontario Vehicle Population Report A historical fit-active stock,4,
mto_crosswalk,CHRY,308,2005,2016,Chrysler,300,ldv,Full-size,Midsize,Car,automatic_exact_normalized_make_reviewed_canonical_label,reviewed,fueleconomy_gov_vehicle_data | nrcan_fuel_consumption_ratings; Ontario Vehicle Population Report A historical fit-active stock,10,
mto_crosswalk,CHRY,3LA,2008,2023,Chrysler,300,ldv,Full-size,Midsize,Car,automatic_exact_normalized_make_reviewed_canonical_label,reviewed,fueleconomy_gov_vehicle_data | nrcan_fuel_consumption_ratings; Ontario Vehicle Population Report A historical fit-active stock,8,
mto_crosswalk,CHRY,3PA,2015,2023,Chrysler,300,ldv,Full-size,Midsize,Car,automatic_exact_normalized_make_reviewed_canonical_label,reviewed,fueleconomy_gov_vehicle_data | nrcan_fuel_consumption_ratings; Ontario Vehicle Population Report A historical fit-active stock,7,
mto_crosswalk,CHRY,3PL,2015,2023,Chrysler,300,ldv,Full-size,Midsize,Car,automatic_exact_normalized_make_reviewed_canonical_label,reviewed,fueleconomy_gov_vehicle_data | nrcan_fuel_consumption_ratings; Ontario Vehicle Population Report A historical fit-active stock,7,
mto_crosswalk,CHRY,43C,2006,2017,Chrysler,300,ldv,Full-size,Midsize,Car,automatic_exact_normalized_make_reviewed_canonical_label,reviewed,fueleconomy_gov_vehicle_data | nrcan_fuel_consumption_ratings; Ontario Vehicle Population Report A historical fit-active stock,10,
mto_crosswalk,CHRY,30C,2005,2017,Chrysler,300C,ldv,Full-size,Midsize,Car,automatic_approved_current_candidate_approved_similarity_string_similarity,reviewed,fueleconomy_gov_vehicle_data | nrcan_fuel_consumption_ratings; Ontario Vehicle Population Report A historical fit-active stock,1,
mto_crosswalk,CHRY,30M,1999,2004,Chrysler,300M,ldv,Full-size,Midsize,Car,automatic_exact_normalized_make_reviewed_canonical_label,reviewed,nrcan_fuel_consumption_ratings; Ontario Vehicle Population Report A historical fit-active stock,2,
mto_crosswalk,CHRY,ASP,2007,2009,Chrysler,Aspen,non_ldv_unclassified,,,,automatic_reviewed_manual_make_reviewed_two_pass_agreement,reviewed,reviewed_mto_make_model_evidence; Ontario Vehicle Population Report A historical fit-active stock,0,Public evidence supports the family but not an LDV class hierarchy.
mto_crosswalk,CHRY,CIR,1999,1999,Chrysler,Cirrus,ldv,Mid-size,Midsize,Car,automatic_exact_normalized_make_reviewed_canonical_label,reviewed,fueleconomy_gov_vehicle_data | nrcan_fuel_consumption_ratings; Ontario Vehicle Population Report A historical fit-active stock,2,
mto_crosswalk,CHRY,CND,1993,1995,Chrysler,Concorde,ldv,Full-size,Midsize,Car,automatic_exact_normalized_make_reviewed_canonical_label,reviewed,fueleconomy_gov_vehicle_data | nrcan_fuel_consumption_ratings; Ontario Vehicle Population Report A historical fit-active stock,2,
mto_crosswalk,CHRY,CRL,2004,2008,Chrysler,Crossfire,ldv,Two-seater,Midsize,Car,automatic_exact_normalized_make_reviewed_canonical_label,reviewed,fueleconomy_gov_vehicle_data | nrcan_fuel_consumption_ratings; Ontario Vehicle Population Report A historical fit-active stock,6,
mto_crosswalk,CHRY,GRA,2024,2025,Chrysler,Grand Caravan,ldv,Minivan,Midsize SUV,Light Truck,automatic_approved_current_candidate_approved_similarity_normalized_prefix,reviewed,nrcan_fuel_consumption_ratings; Ontario Vehicle Population Report A historical fit-active stock,1,
mto_crosswalk,CHRY,INT,1982,2004,Chrysler,Intrepid,ldv,Full-size,Midsize,Car,automatic_exact_normalized_make_reviewed_canonical_label,reviewed,nrcan_fuel_consumption_ratings; Ontario Vehicle Population Report A historical fit-active stock,3,
mto_crosswalk,CHRY,LHS,1994,2001,Chrysler,LHS,ldv,Full-size,Midsize,Car,automatic_exact_normalized_make_reviewed_canonical_label,reviewed,fueleconomy_gov_vehicle_data | nrcan_fuel_consumption_ratings; Ontario Vehicle Population Report A historical fit-active stock,2,
mto_crosswalk,CHRY,LEB,1988,1993,Chrysler,LeBaron,ldv,Compact,Compact,Car,automatic_exact_normalized_make_reviewed_canonical_label,reviewed,fueleconomy_gov_vehicle_data; Ontario Vehicle Population Report A historical fit-active stock,1,
mto_crosswalk,CHRY,LEB,1981,1987,Chrysler,LeBaron,ldv,Mid-size,Midsize,Car,automatic_exact_normalized_make_reviewed_canonical_label,reviewed,fueleconomy_gov_vehicle_data; Ontario Vehicle Population Report A historical fit-active stock,1,
mto_crosswalk,CHRY,PTC,2006,2010,Chrysler,PT Cruiser,ldv,Compact,Compact,Car,automatic_normalized_make_prefix_normalized_model_prefix,reviewed,fueleconomy_gov_vehicle_data | nrcan_fuel_consumption_ratings; Ontario Vehicle Population Report A historical fit-active stock,2,
mto_crosswalk,CHRY,PTC,2001,2005,Chrysler,PT Cruiser,ldv,Subcompact,Compact,Car,automatic_normalized_make_prefix_normalized_model_prefix,reviewed,nrcan_fuel_consumption_ratings; Ontario Vehicle Population Report A historical fit-active stock,1,
mto_crosswalk,CHRY,PAC,2006,2006,Chrysler,Pacifica,ldv,Minivan,Midsize SUV,Light Truck,automatic_approved_current_candidate_approved_similarity_normalized_prefix,reviewed,fueleconomy_gov_vehicle_data | nrcan_fuel_consumption_ratings; Ontario Vehicle Population Report A historical fit-active stock,1,
mto_crosswalk,CHRY,PAC,2021,2021,Chrysler,Pacifica,ldv,Minivan,Midsize SUV,Light Truck,automatic_approved_current_candidate_approved_similarity_normalized_prefix,reviewed,fueleconomy_gov_vehicle_data | nrcan_fuel_consumption_ratings; Ontario Vehicle Population Report A historical fit-active stock,1,
mto_crosswalk,CHRY,PAC,2023,2026,Chrysler,Pacifica,ldv,Minivan,Midsize SUV,Light Truck,automatic_approved_current_candidate_approved_similarity_normalized_prefix,reviewed,fueleconomy_gov_vehicle_data | nrcan_fuel_consumption_ratings; Ontario Vehicle Population Report A historical fit-active stock,1,
mto_crosswalk,CHRY,SEB,2008,2008,Chrysler,Sebring,ldv,Compact,Compact,Car,automatic_exact_normalized_make_reviewed_canonical_label,reviewed,fueleconomy_gov_vehicle_data | nrcan_fuel_consumption_ratings; Ontario Vehicle Population Report A historical fit-active stock,3,
mto_crosswalk,CHRY,SEB,2003,2007,Chrysler,Sebring,ldv,Mid-size,Midsize,Car,automatic_exact_normalized_make_reviewed_canonical_label,reviewed,fueleconomy_gov_vehicle_data | nrcan_fuel_consumption_ratings; Ontario Vehicle Population Report A historical fit-active stock,3,
mto_crosswalk,CHRY,SEB,2009,2009,Chrysler,Sebring,ldv,Mid-size,Midsize,Car,automatic_exact_normalized_make_reviewed_canonical_label,reviewed,fueleconomy_gov_vehicle_data; Ontario Vehicle Population Report A historical fit-active stock,1,
mto_crosswalk,CHRY,TEP,2005,2008,Chrysler,Sebring,ldv,Mid-size,Midsize,Car,automatic_exact_normalized_make_reviewed_canonical_label,reviewed,fueleconomy_gov_vehicle_data | nrcan_fuel_consumption_ratings; Ontario Vehicle Population Report A historical fit-active stock,3,
mto_crosswalk,CHRY,TWC,1994,1998,Chrysler,Town & Country,ldv,Minivan,Midsize SUV,Light Truck,automatic_normalized_make_prefix_anchored_consonant_abbreviation,reviewed,nrcan_fuel_consumption_ratings; Ontario Vehicle Population Report A historical fit-active stock,2,
mto_crosswalk,CHRY,TWC,2005,2005,Chrysler,Town & Country,ldv,Minivan,Midsize SUV,Light Truck,automatic_normalized_make_prefix_anchored_consonant_abbreviation,reviewed,nrcan_fuel_consumption_ratings; Ontario Vehicle Population Report A historical fit-active stock,1,
mto_crosswalk,CHRY,TWC,1990,1991,Chrysler,Town and Country,ldv,Station wagon: Mid-size,Midsize,Car,automatic_normalized_make_prefix_anchored_consonant_abbreviation,reviewed,fueleconomy_gov_vehicle_data; Ontario Vehicle Population Report A historical fit-active stock,1,
mto_crosswalk,CHRY,GRC,2026,2026,Chrysler,Voyager,ldv,Minivan,Midsize SUV,Light Truck,automatic_exact_normalized_make_reviewed_canonical_label,reviewed,fueleconomy_gov_vehicle_data; Ontario Vehicle Population Report A historical fit-active stock,1,
mto_crosswalk,DODG,CSX,2003,2018,Dodge,CSX,ldv,Compact,Compact,Car,automatic_approved_current_candidate_approved_similarity_exact_normalized,reviewed,fueleconomy_gov_vehicle_data; Ontario Vehicle Population Report A historical fit-active stock,1,
mto_crosswalk,DODG,CSX,2019,2019,Dodge,CSX,ldv,Compact,Compact,Car,automatic_exact_normalized_make_reviewed_canonical_label,reviewed,fueleconomy_gov_vehicle_data; Ontario Vehicle Population Report A historical fit-active stock,1,
mto_crosswalk,DODG,CLB,2007,2010,Dodge,Caliber,ldv,Mid-size,Midsize,Car,automatic_exact_normalized_make_reviewed_canonical_label,reviewed,fueleconomy_gov_vehicle_data | nrcan_fuel_consumption_ratings; Ontario Vehicle Population Report A historical fit-active stock,4,
mto_crosswalk,DODG,CTL,2006,2012,Dodge,Caliber,ldv,Mid-size,Midsize,Car,automatic_exact_normalized_make_reviewed_canonical_label,reviewed,fueleconomy_gov_vehicle_data | nrcan_fuel_consumption_ratings; Ontario Vehicle Population Report A historical fit-active stock,2,
mto_crosswalk,DODG,CAR,1981,2020,Dodge,Caravan,ldv,Minivan,Midsize SUV,Light Truck,automatic_approved_current_candidate_approved_similarity_normalized_prefix,reviewed,fueleconomy_gov_vehicle_data | nrcan_fuel_consumption_ratings; Ontario Vehicle Population Report A historical fit-active stock,1,
mto_crosswalk,DODG,CRC,2016,2023,Dodge,Caravan/Grand Caravan,non_ldv_unclassified,,,,automatic_reviewed_manual_make_reviewed_two_pass_agreement,reviewed,reviewed_mto_make_model_evidence; Ontario Vehicle Population Report A historical fit-active stock,0,Public evidence supports the family but not an LDV class hierarchy.
mto_crosswalk,DODG,CHL,2011,2013,Dodge,Challenger,ldv,Compact,Compact,Car,automatic_exact_normalized_make_reviewed_canonical_label,reviewed,fueleconomy_gov_vehicle_data | nrcan_fuel_consumption_ratings; Ontario Vehicle Population Report A historical fit-active stock,6,
mto_crosswalk,DODG,CHL,1981,2010,Dodge,Challenger,ldv,Mid-size,Midsize,Car,automatic_exact_normalized_make_reviewed_canonical_label,reviewed,fueleconomy_gov_vehicle_data; Ontario Vehicle Population Report A historical fit-active stock,1,
mto_crosswalk,DODG,CHL,2014,2019,Dodge,Challenger,ldv,Mid-size,Midsize,Car,automatic_exact_normalized_make_reviewed_canonical_label,reviewed,fueleconomy_gov_vehicle_data | nrcan_fuel_consumption_ratings; Ontario Vehicle Population Report A historical fit-active stock,8,
mto_crosswalk,DODG,CCX,2011,2012,Dodge,Charger,ldv,Full-size,Midsize,Car,automatic_exact_normalized_make_reviewed_canonical_label,reviewed,fueleconomy_gov_vehicle_data | nrcan_fuel_consumption_ratings; Ontario Vehicle Population Report A historical fit-active stock,10,
mto_crosswalk,DODG,CGS,2012,2023,Dodge,Charger,ldv,Full-size,Midsize,Car,automatic_exact_normalized_make_reviewed_canonical_label,reviewed,fueleconomy_gov_vehicle_data | nrcan_fuel_consumption_ratings; Ontario Vehicle Population Report A historical fit-active stock,11,
mto_crosswalk,DODG,CHA,2006,2012,Dodge,Charger,ldv,Full-size,Midsize,Car,automatic_configured_make_alias_normalized_model_prefix,reviewed,fueleconomy_gov_vehicle_data | nrcan_fuel_consumption_ratings; Ontario Vehicle Population Report A historical fit-active stock,10,
mto_crosswalk,DODG,CHA,2017,2019,Dodge,Charger,ldv,Full-size,Midsize,Car,automatic_configured_make_alias_normalized_model_prefix,reviewed,fueleconomy_gov_vehicle_data | nrcan_fuel_consumption_ratings; Ontario Vehicle Population Report A historical fit-active stock,11,
mto_crosswalk,DODG,CHA,2026,2026,Dodge,Charger,ldv,Full-size,Midsize,Car,automatic_configured_make_alias_normalized_model_prefix,reviewed,fueleconomy_gov_vehicle_data | nrcan_fuel_consumption_ratings; Ontario Vehicle Population Report A historical fit-active stock,18,
mto_crosswalk,DODG,CHC,2015,2023,Dodge,Charger,ldv,Full-size,Midsize,Car,automatic_exact_normalized_make_reviewed_canonical_label,reviewed,fueleconomy_gov_vehicle_data | nrcan_fuel_consumption_ratings; Ontario Vehicle Population Report A historical fit-active stock,11,
mto_crosswalk,DODG,CHE,2009,2010,Dodge,Charger,ldv,Full-size,Midsize,Car,automatic_exact_normalized_make_reviewed_canonical_label,reviewed,fueleconomy_gov_vehicle_data | nrcan_fuel_consumption_ratings; Ontario Vehicle Population Report A historical fit-active stock,7,
mto_crosswalk,DODG,CHR,2006,2007,Dodge,Charger,ldv,Full-size,Midsize,Car,automatic_configured_make_alias_anchored_consonant_abbreviation,reviewed,fueleconomy_gov_vehicle_data | nrcan_fuel_consumption_ratings; Ontario Vehicle Population Report A historical fit-active stock,7,
mto_crosswalk,DODG,CPR,2015,2018,Dodge,Charger,ldv,Full-size,Midsize,Car,automatic_exact_normalized_make_reviewed_canonical_label,reviewed,fueleconomy_gov_vehicle_data | nrcan_fuel_consumption_ratings; Ontario Vehicle Population Report A historical fit-active stock,11,
mto_crosswalk,DODG,CRS,2015,2023,Dodge,Charger,ldv,Full-size,Midsize,Car,automatic_exact_normalized_make_reviewed_canonical_label,reviewed,fueleconomy_gov_vehicle_data | nrcan_fuel_consumption_ratings; Ontario Vehicle Population Report A historical fit-active stock,11,
mto_crosswalk,DODG,CTP,2015,2015,Dodge,Charger,ldv,Full-size,Midsize,Car,automatic_exact_normalized_make_reviewed_canonical_label,reviewed,fueleconomy_gov_vehicle_data | nrcan_fuel_consumption_ratings; Ontario Vehicle Population Report A historical fit-active stock,11,
mto_crosswalk,DODG,CHA,1982,1982,Dodge,Charger,ldv,Subcompact,Compact,Car,automatic_configured_make_alias_normalized_model_prefix,reviewed,fueleconomy_gov_vehicle_data; Ontario Vehicle Population Report A historical fit-active stock,1,
mto_crosswalk,DODG,COR,1981,1981,Dodge,Colt,ldv,Subcompact,Compact,Car,automatic_exact_normalized_make_reviewed_canonical_label,reviewed,fueleconomy_gov_vehicle_data; Ontario Vehicle Population Report A historical fit-active stock,1,
mto_crosswalk,DODG,D10,1981,1989,Dodge,D100/D150 Pickup,ldv,Pickup truck: Standard,Pickup,Light Truck,automatic_approved_current_candidate_approved_similarity_normalized_prefix,reviewed,fueleconomy_gov_vehicle_data; Ontario Vehicle Population Report A historical fit-active stock,1,
mto_crosswalk,DODG,D15,1981,1993,Dodge,D100/D150 Pickup,ldv,Pickup truck: Standard,Pickup,Light Truck,automatic_approved_current_candidate_approved_similarity_normalized_substring,reviewed,fueleconomy_gov_vehicle_data; Ontario Vehicle Population Report A historical fit-active stock,1,
mto_crosswalk,DODG,D20,1981,1993,Dodge,D250 Pickup,ldv,Pickup truck: Standard,Pickup,Light Truck,automatic_exact_normalized_make_reviewed_canonical_label,reviewed,fueleconomy_gov_vehicle_data; Ontario Vehicle Population Report A historical fit-active stock,1,
mto_crosswalk,DODG,DAK,1987,2011,Dodge,Dakota,ldv,Pickup truck: Standard,Pickup,Light Truck,automatic_approved_current_candidate_approved_similarity_normalized_prefix,reviewed,fueleconomy_gov_vehicle_data | nrcan_fuel_consumption_ratings; Ontario Vehicle Population Report A historical fit-active stock,1,
mto_crosswalk,DODG,ART,2008,2014,Dodge,Dart,ldv,Mid-size,Midsize,Car,automatic_approved_current_candidate_approved_similarity_normalized_substring,reviewed,fueleconomy_gov_vehicle_data | nrcan_fuel_consumption_ratings; Ontario Vehicle Population Report A historical fit-active stock,1,
mto_crosswalk,DODG,DAR,1983,1983,Dodge,Dart,ldv,Mid-size,Midsize,Car,automatic_approved_current_candidate_approved_similarity_normalized_prefix,reviewed,fueleconomy_gov_vehicle_data | nrcan_fuel_consumption_ratings; Ontario Vehicle Population Report A historical fit-active stock,1,
mto_crosswalk,DODG,DGT,2014,2016,Dodge,Dart,ldv,Mid-size,Midsize,Car,automatic_exact_normalized_make_reviewed_canonical_label,reviewed,fueleconomy_gov_vehicle_data | nrcan_fuel_consumption_ratings; Ontario Vehicle Population Report A historical fit-active stock,7,
mto_crosswalk,DODG,DLI,2013,2013,Dodge,Dart,ldv,Mid-size,Midsize,Car,automatic_exact_normalized_make_reviewed_canonical_label,reviewed,fueleconomy_gov_vehicle_data | nrcan_fuel_consumption_ratings; Ontario Vehicle Population Report A historical fit-active stock,6,
mto_crosswalk,DODG,RT8,2006,2015,Dodge,Dart,ldv,Mid-size,Midsize,Car,automatic_exact_normalized_make_reviewed_canonical_label,reviewed,fueleconomy_gov_vehicle_data | nrcan_fuel_consumption_ratings; Ontario Vehicle Population Report A historical fit-active stock,7,
mto_crosswalk,DODG,DLM,2014,2016,Dodge,Diplomat,ldv,Mid-size,Midsize,Car,automatic_exact_normalized_make_reviewed_canonical_label,reviewed,fueleconomy_gov_vehicle_data; Ontario Vehicle Population Report A historical fit-active stock,1,
mto_crosswalk,DODG,DUR,1998,2009,Dodge,Durango,ldv,Sport utility vehicle: Standard,Midsize SUV,Light Truck,automatic_approved_current_candidate_approved_similarity_normalized_prefix,reviewed,fueleconomy_gov_vehicle_data | nrcan_fuel_consumption_ratings; Ontario Vehicle Population Report A historical fit-active stock,1,
mto_crosswalk,DODG,DUR,2011,2026,Dodge,Durango,ldv,Sport utility vehicle: Standard,Midsize SUV,Light Truck,automatic_approved_current_candidate_approved_similarity_normalized_prefix,reviewed,fueleconomy_gov_vehicle_data | nrcan_fuel_consumption_ratings; Ontario Vehicle Population Report A historical fit-active stock,1,
mto_crosswalk,DODG,DAS,2013,2016,Dodge,Dynasty,ldv,Mid-size,Midsize,Car,automatic_exact_normalized_make_reviewed_canonical_label,reviewed,fueleconomy_gov_vehicle_data; Ontario Vehicle Population Report A historical fit-active stock,1,
mto_crosswalk,DODG,GRC,2002,2008,Dodge,Grand Caravan,ldv,Minivan,Midsize SUV,Light Truck,automatic_exact_normalized_make_reviewed_canonical_label,reviewed,nrcan_fuel_consumption_ratings; Ontario Vehicle Population Report A historical fit-active stock,5,
mto_crosswalk,DODG,PDL,2024,2025,Dodge,Intrepid,ldv,Full-size,Midsize,Car,automatic_exact_normalized_make_reviewed_canonical_label,reviewed,fueleconomy_gov_vehicle_data; Ontario Vehicle Population Report A historical fit-active stock,1,
mto_crosswalk,DODG,JOU,2009,2020,Dodge,Journey,ldv,Sport utility vehicle: Small,Small SUV,Light Truck,automatic_approved_current_candidate_approved_similarity_normalized_prefix,reviewed,fueleconomy_gov_vehicle_data | nrcan_fuel_consumption_ratings; Ontario Vehicle Population Report A historical fit-active stock,1,
mto_crosswalk,DODG,JOU,2022,2022,Dodge,Journey,ldv,Sport utility vehicle: Small,Small SUV,Light Truck,automatic_approved_current_candidate_approved_similarity_normalized_prefix,reviewed,fueleconomy_gov_vehicle_data | nrcan_fuel_consumption_ratings; Ontario Vehicle Population Report A historical fit-active stock,1,
mto_crosswalk,DODG,RAM,1981,1993,Dodge,Ram,ldv,Pickup truck: Small,Pickup,Light Truck,automatic_exact_normalized_make_reviewed_canonical_label,reviewed,fueleconomy_gov_vehicle_data; Ontario Vehicle Population Report A historical fit-active stock,1,
mto_crosswalk,DODG,RAM,1994,2021,Dodge,Ram,ldv,Pickup truck: Standard,Pickup,Light Truck,automatic_exact_normalized_make_reviewed_canonical_label,reviewed,fueleconomy_gov_vehicle_data | nrcan_fuel_consumption_ratings; Ontario Vehicle Population Report A historical fit-active stock,9,
mto_crosswalk,DODG,AMN,2011,2011,Dodge,Ram Van,ldv,Van: Cargo,Pickup,Light Truck,automatic_exact_normalized_make_reviewed_canonical_label,reviewed,fueleconomy_gov_vehicle_data; Ontario Vehicle Population Report A historical fit-active stock,3,
mto_crosswalk,DODG,RPC,1995,2012,Dodge,Ram pickup,ldv,Pickup truck: Standard,Pickup,Light Truck,automatic_exact_normalized_make_reviewed_canonical_label,reviewed,fueleconomy_gov_vehicle_data; Ontario Vehicle Population Report A historical fit-active stock,2,
mto_crosswalk,DODG,SHA,1987,1994,Dodge,Shadow,ldv,Compact,Compact,Car,automatic_exact_normalized_make_reviewed_canonical_label,reviewed,fueleconomy_gov_vehicle_data; Ontario Vehicle Population Report A historical fit-active stock,1,
mto_crosswalk,DODG,SPI,1989,1995,Dodge,Spirit,ldv,Mid-size,Midsize,Car,automatic_exact_normalized_make_reviewed_canonical_label,reviewed,fueleconomy_gov_vehicle_data | nrcan_fuel_consumption_ratings; Ontario Vehicle Population Report A historical fit-active stock,2,
mto_crosswalk,DODG,SPR,2004,2009,Dodge,Spirit,ldv,Mid-size,Midsize,Car,automatic_exact_normalized_make_reviewed_canonical_label,reviewed,fueleconomy_gov_vehicle_data | nrcan_fuel_consumption_ratings; Ontario Vehicle Population Report A historical fit-active stock,2,
mto_crosswalk,DODG,SNC,2005,2005,Dodge,Stratus,ldv,Compact,Compact,Car,automatic_exact_normalized_make_reviewed_canonical_label,reviewed,fueleconomy_gov_vehicle_data; Ontario Vehicle Population Report A historical fit-active stock,1,
mto_crosswalk,DODG,ST1,2003,2005,Dodge,Stratus,ldv,Compact,Compact,Car,automatic_exact_normalized_make_reviewed_canonical_label,reviewed,fueleconomy_gov_vehicle_data; Ontario Vehicle Population Report A historical fit-active stock,1,
mto_crosswalk,DODG,SNC,2006,2009,Dodge,Stratus,ldv,Mid-size,Midsize,Car,automatic_exact_normalized_make_reviewed_canonical_label,reviewed,fueleconomy_gov_vehicle_data; Ontario Vehicle Population Report A historical fit-active stock,1,
mto_crosswalk,DODG,ST1,2006,2015,Dodge,Stratus,ldv,Mid-size,Midsize,Car,automatic_exact_normalized_make_reviewed_canonical_label,reviewed,fueleconomy_gov_vehicle_data; Ontario Vehicle Population Report A historical fit-active stock,1,
mto_crosswalk,DODG,STR,1995,2001,Dodge,Stratus,ldv,Mid-size,Midsize,Car,automatic_exact_normalized_make_reviewed_canonical_label,reviewed,fueleconomy_gov_vehicle_data | nrcan_fuel_consumption_ratings; Ontario Vehicle Population Report A historical fit-active stock,4,
mto_crosswalk,DODG,W15,1981,1993,Dodge,W100/W150 Pickup,ldv,Pickup truck: Standard,Pickup,Light Truck,automatic_exact_normalized_make_reviewed_canonical_label,reviewed,fueleconomy_gov_vehicle_data; Ontario Vehicle Population Report A historical fit-active stock,1,
mto_crosswalk,DODG,W20,1981,1993,Dodge,W250 Pickup,ldv,Pickup truck: Standard,Pickup,Light Truck,automatic_exact_normalized_make_reviewed_canonical_label,reviewed,fueleconomy_gov_vehicle_data; Ontario Vehicle Population Report A historical fit-active stock,1,
mto_crosswalk,FIAT,124,1981,1982,FIAT,124 Spider,ldv,Two-seater,Midsize,Car,automatic_exact_normalized_make_reviewed_canonical_label,reviewed,fueleconomy_gov_vehicle_data | nrcan_fuel_consumption_ratings; Ontario Vehicle Population Report A historical fit-active stock,2,
mto_crosswalk,FIAT,5AB,2012,2019,FIAT,500,ldv,Minicompact,Compact,Car,automatic_configured_make_alias_reviewed_canonical_label,reviewed,fueleconomy_gov_vehicle_data | nrcan_fuel_consumption_ratings; Ontario Vehicle Population Report A historical fit-active stock,7,
mto_crosswalk,FIAT,NFG,2017,2019,FIAT,500,ldv,Minicompact,Compact,Car,automatic_configured_make_alias_reviewed_canonical_label,reviewed,fueleconomy_gov_vehicle_data | nrcan_fuel_consumption_ratings; Ontario Vehicle Population Report A historical fit-active stock,2,
mto_crosswalk,FIAT,NFG,2020,2020,FIAT,500,ldv,Station wagon: Small,Midsize,Car,automatic_configured_make_alias_reviewed_canonical_label,reviewed,fueleconomy_gov_vehicle_data; Ontario Vehicle Population Report A historical fit-active stock,1,
mto_crosswalk,FIAT,50L,2014,2018,FIAT,500L,ldv,Station wagon: Small,Midsize,Car,automatic_exact_normalized_make_anchored_consonant_abbreviation,reviewed,fueleconomy_gov_vehicle_data | nrcan_fuel_consumption_ratings; Ontario Vehicle Population Report A historical fit-active stock,2,
mto_crosswalk,FIAT,50X,2016,2018,FIAT,500X,ldv,Sport utility vehicle: Small,Small SUV,Light Truck,automatic_configured_make_alias_reviewed_canonical_label,reviewed,fueleconomy_gov_vehicle_data | nrcan_fuel_consumption_ratings; Ontario Vehicle Population Report A historical fit-active stock,4,
mto_crosswalk,FIAT,NFG,2021,2023,FIAT,500X,ldv,Sport utility vehicle: Small,Small SUV,Light Truck,automatic_configured_make_alias_reviewed_canonical_label,reviewed,fueleconomy_gov_vehicle_data | nrcan_fuel_consumption_ratings; Ontario Vehicle Population Report A historical fit-active stock,2,
mto_crosswalk,FIAT,FFE,2024,2025,FIAT,Freemont,non_ldv_unclassified,,,,automatic_reviewed_manual_make_reviewed_two_pass_agreement,reviewed,reviewed_mto_make_model_evidence; Ontario Vehicle Population Report A historical fit-active stock,0,Public evidence supports the family but not an LDV class hierarchy.
mto_crosswalk,FERR,90G,2022,2025,Ferrari,SF90 Spider,ldv,Two-seater,Midsize,Car,automatic_exact_normalized_make_reviewed_canonical_label,reviewed,fueleconomy_gov_vehicle_data | nrcan_fuel_consumption_ratings; Ontario Vehicle Population Report A historical fit-active stock,2,
mto_crosswalk,FERR,90G,2019,2021,Ferrari,SF90 Stradale,ldv,Two-seater,Midsize,Car,automatic_exact_normalized_make_reviewed_canonical_label,reviewed,fueleconomy_gov_vehicle_data; Ontario Vehicle Population Report A historical fit-active stock,1,
mto_crosswalk,FORD,BRO,1981,1996,Ford,Bronco,ldv,Sport utility vehicle: Small,Small SUV,Light Truck,automatic_configured_make_alias_reviewed_canonical_label,reviewed,fueleconomy_gov_vehicle_data | nrcan_fuel_consumption_ratings; Ontario Vehicle Population Report A historical fit-active stock,10,
mto_crosswalk,FORD,BRO,2023,2025,Ford,Bronco 4WD,ldv,Sport utility vehicle: Small,Small SUV,Light Truck,automatic_configured_make_alias_reviewed_canonical_label,reviewed,fueleconomy_gov_vehicle_data | nrcan_fuel_consumption_ratings; Ontario Vehicle Population Report A historical fit-active stock,3,
mto_crosswalk,FORD,CML,2013,2016,Ford,C MAX Hybrid,ldv,Full-size,Midsize,Car,automatic_configured_make_alias_reviewed_canonical_label,reviewed,fueleconomy_gov_vehicle_data | nrcan_fuel_consumption_ratings; Ontario Vehicle Population Report A historical fit-active stock,4,
mto_crosswalk,FORD,CMS,2013,2017,Ford,C MAX Hybrid,ldv,Full-size,Midsize,Car,automatic_configured_make_alias_reviewed_canonical_label,reviewed,fueleconomy_gov_vehicle_data | nrcan_fuel_consumption_ratings; Ontario Vehicle Population Report A historical fit-active stock,4,
mto_crosswalk,FORD,CMS,2018,2018,Ford,C-MAX,ldv,Full-size,Midsize,Car,automatic_configured_make_alias_reviewed_canonical_label,reviewed,fueleconomy_gov_vehicle_data | nrcan_fuel_consumption_ratings; Ontario Vehicle Population Report A historical fit-active stock,2,
mto_crosswalk,FORD,CON,1981,1998,Ford,Contour,ldv,Compact,Compact,Car,automatic_configured_make_alias_reviewed_canonical_label,reviewed,fueleconomy_gov_vehicle_data | nrcan_fuel_consumption_ratings; Ontario Vehicle Population Report A historical fit-active stock,2,
mto_crosswalk,FORD,CVL,1987,2011,Ford,Crown Victoria,ldv,Full-size,Midsize,Car,automatic_configured_make_alias_reviewed_canonical_label,reviewed,fueleconomy_gov_vehicle_data | nrcan_fuel_consumption_ratings; Ontario Vehicle Population Report A historical fit-active stock,5,
mto_crosswalk,FORD,CVP,1994,2011,Ford,Crown Victoria,ldv,Full-size,Midsize,Car,automatic_configured_make_alias_reviewed_canonical_label,reviewed,fueleconomy_gov_vehicle_data | nrcan_fuel_consumption_ratings; Ontario Vehicle Population Report A historical fit-active stock,5,
mto_crosswalk,FORD,CLU,1981,1999,Ford,E150 Club,ldv,Van: Passenger,Pickup,Light Truck,automatic_approved_current_candidate_approved_similarity_normalized_substring,reviewed,fueleconomy_gov_vehicle_data | nrcan_fuel_consumption_ratings; Ontario Vehicle Population Report A historical fit-active stock,1,
mto_crosswalk,FORD,CLU,2021,2025,Ford,E150 Club,ldv,Van: Passenger,Pickup,Light Truck,automatic_approved_current_candidate_approved_similarity_normalized_substring,reviewed,fueleconomy_gov_vehicle_data | nrcan_fuel_consumption_ratings; Ontario Vehicle Population Report A historical fit-active stock,1,
mto_crosswalk,FORD,COL,1981,2025,Ford,E250,ldv,Van: Cargo,Pickup,Light Truck,automatic_configured_make_alias_reviewed_canonical_label,reviewed,fueleconomy_gov_vehicle_data | nrcan_fuel_consumption_ratings; Ontario Vehicle Population Report A historical fit-active stock,2,
mto_crosswalk,FORD,CWN,2001,2003,Ford,E350 Van,ldv,Van: Cargo,Pickup,Light Truck,automatic_configured_make_alias_reviewed_canonical_label,reviewed,fueleconomy_gov_vehicle_data; Ontario Vehicle Population Report A historical fit-active stock,2,
mto_crosswalk,FORD,MB3,2012,2013,Ford,E350 Van,ldv,Van: Cargo,Pickup,Light Truck,automatic_configured_make_alias_reviewed_canonical_label,reviewed,fueleconomy_gov_vehicle_data; Ontario Vehicle Population Report A historical fit-active stock,2,
mto_crosswalk,FORD,EXP,1982,2026,Ford,EXP,ldv,Two-seater,Midsize,Car,automatic_approved_current_candidate_approved_similarity_exact_normalized,reviewed,fueleconomy_gov_vehicle_data; Ontario Vehicle Population Report A historical fit-active stock,1,
mto_crosswalk,FORD,ECO,1981,1987,Ford,EcoSport,ldv,Sport utility vehicle: Small,Small SUV,Light Truck,automatic_approved_current_candidate_approved_similarity_normalized_prefix,reviewed,fueleconomy_gov_vehicle_data | nrcan_fuel_consumption_ratings; Ontario Vehicle Population Report A historical fit-active stock,1,
mto_crosswalk,FORD,ECO,1991,1991,Ford,EcoSport,ldv,Sport utility vehicle: Small,Small SUV,Light Truck,automatic_approved_current_candidate_approved_similarity_normalized_prefix,reviewed,fueleconomy_gov_vehicle_data | nrcan_fuel_consumption_ratings; Ontario Vehicle Population Report A historical fit-active stock,1,
mto_crosswalk,FORD,ECO,1993,1993,Ford,EcoSport,ldv,Sport utility vehicle: Small,Small SUV,Light Truck,automatic_approved_current_candidate_approved_similarity_normalized_prefix,reviewed,fueleconomy_gov_vehicle_data | nrcan_fuel_consumption_ratings; Ontario Vehicle Population Report A historical fit-active stock,1,
mto_crosswalk,FORD,ECO,1996,1997,Ford,EcoSport,ldv,Sport utility vehicle: Small,Small SUV,Light Truck,automatic_approved_current_candidate_approved_similarity_normalized_prefix,reviewed,fueleconomy_gov_vehicle_data | nrcan_fuel_consumption_ratings; Ontario Vehicle Population Report A historical fit-active stock,1,
mto_crosswalk,FORD,ECO,1999,2014,Ford,EcoSport,ldv,Sport utility vehicle: Small,Small SUV,Light Truck,automatic_approved_current_candidate_approved_similarity_normalized_prefix,reviewed,fueleconomy_gov_vehicle_data | nrcan_fuel_consumption_ratings; Ontario Vehicle Population Report A historical fit-active stock,1,
mto_crosswalk,FORD,ECO,2020,2024,Ford,EcoSport,ldv,Sport utility vehicle: Small,Small SUV,Light Truck,automatic_approved_current_candidate_approved_similarity_normalized_prefix,reviewed,fueleconomy_gov_vehicle_data | nrcan_fuel_consumption_ratings; Ontario Vehicle Population Report A historical fit-active stock,1,
mto_crosswalk,FORD,EDG,2007,2024,Ford,Edge,ldv,Sport utility vehicle: Small,Small SUV,Light Truck,automatic_approved_current_candidate_approved_similarity_normalized_prefix,reviewed,fueleconomy_gov_vehicle_data | nrcan_fuel_consumption_ratings; Ontario Vehicle Population Report A historical fit-active stock,1,
mto_crosswalk,FORD,EPR,2001,2010,Ford,Explorer,ldv,Pickup truck: Standard,Pickup,Light Truck,reviewed_external_model_vin_family_association,reviewed,fueleconomy_gov_vehicle_data | nrcan_fuel_consumption_ratings; Ontario Vehicle Population Report A historical fit-active stock,4,Repeated code/VIN records resolve to Explorer families; 2006 fills the stable class interval.
mto_crosswalk,FORD,EPR,2011,2025,Ford,Explorer,ldv,Sport utility vehicle: Standard,Midsize SUV,Light Truck,reviewed_external_model_vin_family_association,reviewed,fueleconomy_gov_vehicle_data | nrcan_fuel_consumption_ratings; Ontario Vehicle Population Report A historical fit-active stock,13,Repeated code/VIN records resolve to Explorer families; 2011-2012 fill the stable class interval.
mto_crosswalk,FORD,SPE,2001,2026,Ford,Escape,ldv,Sport utility vehicle: Small,Small SUV,Light Truck,reviewed_external_model_vin_family_association,reviewed,fueleconomy_gov_vehicle_data | nrcan_fuel_consumption_ratings; Ontario Vehicle Population Report A historical fit-active stock,10,External review found repeated explicit model/VIN-family associations.
mto_crosswalk,FORD,ESC,1982,2006,Ford,Escort,ldv,Compact,Compact,Car,automatic_configured_make_alias_reviewed_canonical_label,reviewed,fueleconomy_gov_vehicle_data | nrcan_fuel_consumption_ratings; Ontario Vehicle Population Report A historical fit-active stock,3,
mto_crosswalk,FORD,ESC,2007,2026,Ford,Escort,ldv,Subcompact,Compact,Car,automatic_configured_make_alias_reviewed_canonical_label,reviewed,fueleconomy_gov_vehicle_data; Ontario Vehicle Population Report A historical fit-active stock,1,
mto_crosswalk,FORD,F/S,2006,2008,Ford,Escort FS,ldv,Compact,Compact,Car,automatic_approved_current_candidate_approved_similarity_normalized_substring,reviewed,fueleconomy_gov_vehicle_data; Ontario Vehicle Population Report A historical fit-active stock,1,
mto_crosswalk,FORD,F/S,2010,2019,Ford,Escort FS,ldv,Compact,Compact,Car,automatic_approved_current_candidate_approved_similarity_normalized_substring,reviewed,fueleconomy_gov_vehicle_data; Ontario Vehicle Population Report A historical fit-active stock,1,
mto_crosswalk,FORD,SCS,1999,1999,Ford,Escort FS,ldv,Compact,Compact,Car,automatic_configured_make_alias_reviewed_canonical_label,reviewed,fueleconomy_gov_vehicle_data; Ontario Vehicle Population Report A historical fit-active stock,1,
mto_crosswalk,FORD,EXC,2000,2010,Ford,Excursion,non_ldv_unclassified,,,,automatic_reviewed_manual_make_reviewed_two_pass_agreement,reviewed,reviewed_mto_make_model_evidence; Ontario Vehicle Population Report A historical fit-active stock,0,Public evidence supports the family but not an LDV class hierarchy.
mto_crosswalk,FORD,5SL,2005,2007,Ford,F-150,ldv,Pickup truck: Standard,Pickup,Light Truck,automatic_configured_make_alias_reviewed_canonical_label,reviewed,fueleconomy_gov_vehicle_data | nrcan_fuel_consumption_ratings; Ontario Vehicle Population Report A historical fit-active stock,10,
mto_crosswalk,FORD,F10,1998,1998,Ford,F-150,ldv,Pickup truck: Standard,Pickup,Light Truck,automatic_configured_make_alias_anchored_consonant_abbreviation,reviewed,fueleconomy_gov_vehicle_data | nrcan_fuel_consumption_ratings; Ontario Vehicle Population Report A historical fit-active stock,4,
mto_crosswalk,FORD,F10,2013,2013,Ford,F-150,ldv,Pickup truck: Standard,Pickup,Light Truck,automatic_configured_make_alias_anchored_consonant_abbreviation,reviewed,fueleconomy_gov_vehicle_data | nrcan_fuel_consumption_ratings; Ontario Vehicle Population Report A historical fit-active stock,9,
mto_crosswalk,FORD,F15,1995,1995,Ford,F-150,ldv,Pickup truck: Standard,Pickup,Light Truck,automatic_configured_make_alias_reviewed_canonical_label,reviewed,fueleconomy_gov_vehicle_data | nrcan_fuel_consumption_ratings; Ontario Vehicle Population Report A historical fit-active stock,4,
mto_crosswalk,FORD,F15,1997,1998,Ford,F-150,ldv,Pickup truck: Standard,Pickup,Light Truck,automatic_configured_make_alias_reviewed_canonical_label,reviewed,fueleconomy_gov_vehicle_data | nrcan_fuel_consumption_ratings; Ontario Vehicle Population Report A historical fit-active stock,4,
mto_crosswalk,FORD,F15,2001,2001,Ford,F-150,ldv,Pickup truck: Standard,Pickup,Light Truck,automatic_configured_make_alias_reviewed_canonical_label,reviewed,fueleconomy_gov_vehicle_data | nrcan_fuel_consumption_ratings; Ontario Vehicle Population Report A historical fit-active stock,9,
mto_crosswalk,FORD,F15,2003,2004,Ford,F-150,ldv,Pickup truck: Standard,Pickup,Light Truck,automatic_configured_make_alias_reviewed_canonical_label,reviewed,fueleconomy_gov_vehicle_data | nrcan_fuel_consumption_ratings; Ontario Vehicle Population Report A historical fit-active stock,15,
mto_crosswalk,FORD,F15,2006,2006,Ford,F-150,ldv,Pickup truck: Standard,Pickup,Light Truck,automatic_configured_make_alias_reviewed_canonical_label,reviewed,fueleconomy_gov_vehicle_data | nrcan_fuel_consumption_ratings; Ontario Vehicle Population Report A historical fit-active stock,6,
mto_crosswalk,FORD,F15,2008,2008,Ford,F-150,ldv,Pickup truck: Standard,Pickup,Light Truck,automatic_configured_make_alias_reviewed_canonical_label,reviewed,fueleconomy_gov_vehicle_data | nrcan_fuel_consumption_ratings; Ontario Vehicle Population Report A historical fit-active stock,10,
mto_crosswalk,FORD,F15,2012,2013,Ford,F-150,ldv,Pickup truck: Standard,Pickup,Light Truck,automatic_configured_make_alias_reviewed_canonical_label,reviewed,fueleconomy_gov_vehicle_data | nrcan_fuel_consumption_ratings; Ontario Vehicle Population Report A historical fit-active stock,10,
mto_crosswalk,FORD,F15,2015,2015,Ford,F-150,ldv,Pickup truck: Standard,Pickup,Light Truck,automatic_configured_make_alias_reviewed_canonical_label,reviewed,fueleconomy_gov_vehicle_data | nrcan_fuel_consumption_ratings; Ontario Vehicle Population Report A historical fit-active stock,8,
mto_crosswalk,FORD,F15,2018,2018,Ford,F-150,ldv,Pickup truck: Standard,Pickup,Light Truck,automatic_configured_make_alias_reviewed_canonical_label,reviewed,fueleconomy_gov_vehicle_data | nrcan_fuel_consumption_ratings; Ontario Vehicle Population Report A historical fit-active stock,34,
mto_crosswalk,FORD,F15,2021,2026,Ford,F-150,ldv,Pickup truck: Standard,Pickup,Light Truck,automatic_configured_make_alias_reviewed_canonical_label,reviewed,fueleconomy_gov_vehicle_data | nrcan_fuel_consumption_ratings; Ontario Vehicle Population Report A historical fit-active stock,36,
mto_crosswalk,FORD,FX5,2002,2006,Ford,F-150,ldv,Pickup truck: Standard,Pickup,Light Truck,automatic_configured_make_alias_reviewed_canonical_label,reviewed,fueleconomy_gov_vehicle_data | nrcan_fuel_consumption_ratings; Ontario Vehicle Population Report A historical fit-active stock,15,
mto_crosswalk,FORD,F25,1998,1998,Ford,F-250,ldv,Pickup truck: Standard,Pickup,Light Truck,automatic_configured_make_alias_normalized_model_prefix,reviewed,fueleconomy_gov_vehicle_data | nrcan_fuel_consumption_ratings; Ontario Vehicle Population Report A historical fit-active stock,6,
mto_crosswalk,FORD,F25,2001,2001,Ford,F-250,ldv,Pickup truck: Standard,Pickup,Light Truck,automatic_configured_make_alias_normalized_model_prefix,reviewed,fueleconomy_gov_vehicle_data | nrcan_fuel_consumption_ratings; Ontario Vehicle Population Report A historical fit-active stock,5,
mto_crosswalk,FORD,F25,2005,2006,Ford,F-250,ldv,Pickup truck: Standard,Pickup,Light Truck,automatic_configured_make_alias_normalized_model_prefix,reviewed,fueleconomy_gov_vehicle_data | nrcan_fuel_consumption_ratings; Ontario Vehicle Population Report A historical fit-active stock,5,
mto_crosswalk,FORD,F25,2008,2008,Ford,F-250,ldv,Pickup truck: Standard,Pickup,Light Truck,automatic_configured_make_alias_normalized_model_prefix,reviewed,fueleconomy_gov_vehicle_data | nrcan_fuel_consumption_ratings; Ontario Vehicle Population Report A historical fit-active stock,5,
mto_crosswalk,FORD,F25,2014,2014,Ford,F-250,ldv,Pickup truck: Standard,Pickup,Light Truck,automatic_configured_make_alias_normalized_model_prefix,reviewed,fueleconomy_gov_vehicle_data | nrcan_fuel_consumption_ratings; Ontario Vehicle Population Report A historical fit-active stock,5,
mto_crosswalk,FORD,F25,2023,2026,Ford,F-250,ldv,Pickup truck: Standard,Pickup,Light Truck,automatic_configured_make_alias_normalized_model_prefix,reviewed,fueleconomy_gov_vehicle_data | nrcan_fuel_consumption_ratings; Ontario Vehicle Population Report A historical fit-active stock,5,
mto_crosswalk,FORD,F35,1981,2026,Ford,F-350,mhdv,,,,automatic_reviewed_manual_make_reviewed_two_pass_agreement,reviewed,reviewed_mto_make_model_evidence; Ontario Vehicle Population Report A historical fit-active stock,0,Public evidence supports a mapped non-LDV truck family.
mto_crosswalk,FORD,F55,2006,2026,Ford,F-550,mhdv,,,,automatic_reviewed_manual_make_reviewed_two_pass_agreement,reviewed,reviewed_mto_make_model_evidence; Ontario Vehicle Population Report A historical fit-active stock,0,Public evidence supports a mapped non-LDV truck family.
mto_crosswalk,FORD,DRW,1999,1999,Ford,F-Series,mhdv,,,,automatic_configured_make_alias_reviewed_canonical_label,reviewed,fueleconomy_gov_vehicle_data | nrcan_fuel_consumption_ratings; Ontario Vehicle Population Report A historical fit-active stock,5,Public evidence supports a mapped non-LDV truck family.
mto_crosswalk,FORD,F/E,2006,2020,Ford,F-Series,ldv,Pickup truck: Standard,Pickup,Light Truck,automatic_configured_make_alias_reviewed_canonical_label,reviewed,fueleconomy_gov_vehicle_data | nrcan_fuel_consumption_ratings; Ontario Vehicle Population Report A historical fit-active stock,34,
mto_crosswalk,FORD,F/L,2006,2012,Ford,F-Series,ldv,Pickup truck: Standard,Pickup,Light Truck,automatic_configured_make_alias_reviewed_canonical_label,reviewed,fueleconomy_gov_vehicle_data | nrcan_fuel_consumption_ratings; Ontario Vehicle Population Report A historical fit-active stock,10,
mto_crosswalk,FORD,SRW,1996,2026,Ford,F-Series,ldv,Pickup truck: Standard,Pickup,Light Truck,reviewed_external_class_configuration,reviewed,fueleconomy_gov_vehicle_data | nrcan_fuel_consumption_ratings; Ontario Vehicle Population Report A historical fit-active stock,5,External review supports standard Ford pickup class only; SRW is not an exact model.
mto_crosswalk,FORD,F10,1981,1983,Ford,F150,ldv,Pickup truck: Standard,Pickup,Light Truck,automatic_configured_make_alias_anchored_consonant_abbreviation,reviewed,fueleconomy_gov_vehicle_data; Ontario Vehicle Population Report A historical fit-active stock,2,
mto_crosswalk,FORD,F15,1981,1983,Ford,F150,ldv,Pickup truck: Standard,Pickup,Light Truck,automatic_configured_make_alias_reviewed_canonical_label,reviewed,fueleconomy_gov_vehicle_data; Ontario Vehicle Population Report A historical fit-active stock,2,
mto_crosswalk,FORD,F15,1986,1986,Ford,F150,ldv,Pickup truck: Standard,Pickup,Light Truck,automatic_configured_make_alias_reviewed_canonical_label,reviewed,fueleconomy_gov_vehicle_data; Ontario Vehicle Population Report A historical fit-active stock,2,
mto_crosswalk,FORD,F15,1993,1993,Ford,F150,ldv,Pickup truck: Standard,Pickup,Light Truck,automatic_configured_make_alias_reviewed_canonical_label,reviewed,fueleconomy_gov_vehicle_data; Ontario Vehicle Population Report A historical fit-active stock,2,
mto_crosswalk,FORD,F25,1981,1983,Ford,F250,ldv,Pickup truck: Standard,Pickup,Light Truck,automatic_configured_make_alias_normalized_model_prefix,reviewed,fueleconomy_gov_vehicle_data; Ontario Vehicle Population Report A historical fit-active stock,2,
mto_crosswalk,FORD,F25,1986,1987,Ford,F250,ldv,Pickup truck: Standard,Pickup,Light Truck,automatic_configured_make_alias_normalized_model_prefix,reviewed,fueleconomy_gov_vehicle_data; Ontario Vehicle Population Report A historical fit-active stock,2,
mto_crosswalk,FORD,F25,1989,1989,Ford,F250,ldv,Pickup truck: Standard,Pickup,Light Truck,automatic_configured_make_alias_normalized_model_prefix,reviewed,fueleconomy_gov_vehicle_data; Ontario Vehicle Population Report A historical fit-active stock,2,
mto_crosswalk,FORD,FTP,2013,2020,Ford,FT900,non_ldv_unclassified,,,,automatic_reviewed_manual_make_reviewed_two_pass_agreement,reviewed,reviewed_mto_make_model_evidence; Ontario Vehicle Population Report A historical fit-active stock,0,Public evidence supports the family but not an LDV class hierarchy.
mto_crosswalk,FORD,FEV,2012,2018,Ford,Fiesta,ldv,Subcompact,Compact,Car,automatic_configured_make_alias_reviewed_canonical_label,reviewed,fueleconomy_gov_vehicle_data | nrcan_fuel_consumption_ratings; Ontario Vehicle Population Report A historical fit-active stock,4,
mto_crosswalk,FORD,FIS,2011,2019,Ford,Fiesta,ldv,Subcompact,Compact,Car,automatic_configured_make_alias_reviewed_canonical_label,reviewed,fueleconomy_gov_vehicle_data | nrcan_fuel_consumption_ratings; Ontario Vehicle Population Report A historical fit-active stock,4,
mto_crosswalk,FORD,FR8,2016,2018,Ford,Fiesta,ldv,Subcompact,Compact,Car,automatic_configured_make_alias_reviewed_canonical_label,reviewed,nrcan_fuel_consumption_ratings; Ontario Vehicle Population Report A historical fit-active stock,2,
mto_crosswalk,FORD,FST,2003,2004,Ford,Fiesta,ldv,Subcompact,Compact,Car,automatic_configured_make_alias_reviewed_canonical_label,reviewed,fueleconomy_gov_vehicle_data | nrcan_fuel_consumption_ratings; Ontario Vehicle Population Report A historical fit-active stock,4,
mto_crosswalk,FORD,FTI,2013,2018,Ford,Fiesta,ldv,Subcompact,Compact,Car,automatic_configured_make_alias_reviewed_canonical_label,reviewed,fueleconomy_gov_vehicle_data | nrcan_fuel_consumption_ratings; Ontario Vehicle Population Report A historical fit-active stock,4,
mto_crosswalk,FORD,FLE,2009,2019,Ford,Flex,ldv,Sport utility vehicle: Standard,Midsize SUV,Light Truck,automatic_approved_current_candidate_approved_similarity_normalized_prefix,reviewed,fueleconomy_gov_vehicle_data | nrcan_fuel_consumption_ratings; Ontario Vehicle Population Report A historical fit-active stock,1,
mto_crosswalk,FORD,FLS,2011,2012,Ford,Flex,ldv,Sport utility vehicle: Standard,Midsize SUV,Light Truck,automatic_configured_make_alias_reviewed_canonical_label,reviewed,fueleconomy_gov_vehicle_data | nrcan_fuel_consumption_ratings; Ontario Vehicle Population Report A historical fit-active stock,5,
mto_crosswalk,FORD,FSE,2000,2000,Ford,Focus,ldv,Compact,Compact,Car,automatic_configured_make_alias_reviewed_canonical_label,reviewed,fueleconomy_gov_vehicle_data; Ontario Vehicle Population Report A historical fit-active stock,1,
mto_crosswalk,FORD,FSE,2002,2004,Ford,Focus,ldv,Compact,Compact,Car,automatic_configured_make_alias_reviewed_canonical_label,reviewed,fueleconomy_gov_vehicle_data | nrcan_fuel_consumption_ratings; Ontario Vehicle Population Report A historical fit-active stock,3,
mto_crosswalk,FORD,FSE,2009,2016,Ford,Focus,ldv,Compact,Compact,Car,automatic_configured_make_alias_reviewed_canonical_label,reviewed,fueleconomy_gov_vehicle_data | nrcan_fuel_consumption_ratings; Ontario Vehicle Population Report A historical fit-active stock,8,
mto_crosswalk,FORD,FSE,2018,2018,Ford,Focus,ldv,Compact,Compact,Car,automatic_configured_make_alias_reviewed_canonical_label,reviewed,nrcan_fuel_consumption_ratings; Ontario Vehicle Population Report A historical fit-active stock,1,
mto_crosswalk,FORD,FSE,2017,2017,Ford,Focus,ldv,Mid-size,Midsize,Car,automatic_configured_make_alias_reviewed_canonical_label,reviewed,nrcan_fuel_consumption_ratings; Ontario Vehicle Population Report A historical fit-active stock,1,
mto_crosswalk,FORD,FCL,2009,2012,Ford,Focus Electric,ldv,Compact,Compact,Car,automatic_configured_make_alias_anchored_consonant_abbreviation,reviewed,fueleconomy_gov_vehicle_data | nrcan_fuel_consumption_ratings; Ontario Vehicle Population Report A historical fit-active stock,2,
mto_crosswalk,FORD,FRE,2006,2006,Ford,Freestar,ldv,Minivan,Midsize SUV,Light Truck,automatic_configured_make_alias_normalized_model_prefix,reviewed,fueleconomy_gov_vehicle_data | nrcan_fuel_consumption_ratings; Ontario Vehicle Population Report A historical fit-active stock,3,
mto_crosswalk,FORD,FRE,2004,2005,Ford,Freestar Van,ldv,Van: Cargo,Pickup,Light Truck,automatic_configured_make_alias_normalized_model_prefix,reviewed,nrcan_fuel_consumption_ratings; Ontario Vehicle Population Report A historical fit-active stock,1,
mto_crosswalk,FORD,FRE,2007,2007,Ford,Freestar Van,ldv,Van: Cargo,Pickup,Light Truck,automatic_configured_make_alias_normalized_model_prefix,reviewed,nrcan_fuel_consumption_ratings; Ontario Vehicle Population Report A historical fit-active stock,1,
mto_crosswalk,FORD,FSB,2015,2018,Ford,Freestar Van,ldv,Van: Cargo,Pickup,Light Truck,automatic_configured_make_alias_reviewed_canonical_label,reviewed,nrcan_fuel_consumption_ratings; Ontario Vehicle Population Report A historical fit-active stock,1,
mto_crosswalk,FORD,FHY,2010,2012,Ford,Freestyle,non_ldv_unclassified,,,,automatic_reviewed_manual_make_reviewed_two_pass_agreement,reviewed,reviewed_mto_make_model_evidence; Ontario Vehicle Population Report A historical fit-active stock,0,Public evidence supports the family but not an LDV class hierarchy.
mto_crosswalk,FORD,FSL,2005,2007,Ford,Freestyle,non_ldv_unclassified,,,,automatic_reviewed_manual_make_reviewed_two_pass_agreement,reviewed,reviewed_mto_make_model_evidence; Ontario Vehicle Population Report A historical fit-active stock,0,Public evidence supports the family but not an LDV class hierarchy.
mto_crosswalk,FORD,FFS,2014,2019,Ford,Fusion,ldv,Mid-size,Midsize,Car,automatic_configured_make_alias_reviewed_canonical_label,reviewed,fueleconomy_gov_vehicle_data | nrcan_fuel_consumption_ratings; Ontario Vehicle Population Report A historical fit-active stock,9,
mto_crosswalk,FORD,PGT,1989,1997,Ford,GT,ldv,Two-seater,Midsize,Car,automatic_configured_make_alias_reviewed_canonical_label,reviewed,fueleconomy_gov_vehicle_data; Ontario Vehicle Population Report A historical fit-active stock,1,
mto_crosswalk,FORD,MGT,2005,2010,Ford,Mustang,ldv,Compact,Compact,Car,automatic_configured_make_alias_reviewed_canonical_label,reviewed,fueleconomy_gov_vehicle_data | nrcan_fuel_consumption_ratings; Ontario Vehicle Population Report A historical fit-active stock,2,
mto_crosswalk,FORD,MUS,2005,2010,Ford,Mustang,ldv,Compact,Compact,Car,automatic_configured_make_alias_normalized_model_prefix,reviewed,fueleconomy_gov_vehicle_data | nrcan_fuel_consumption_ratings; Ontario Vehicle Population Report A historical fit-active stock,2,
mto_crosswalk,FORD,SGT,2007,2010,Ford,Mustang,ldv,Compact,Compact,Car,automatic_configured_make_alias_reviewed_canonical_label,reviewed,fueleconomy_gov_vehicle_data | nrcan_fuel_consumption_ratings; Ontario Vehicle Population Report A historical fit-active stock,2,
mto_crosswalk,FORD,MCG,1989,1993,Ford,Mustang,ldv,Subcompact,Compact,Car,automatic_configured_make_alias_reviewed_canonical_label,reviewed,fueleconomy_gov_vehicle_data; Ontario Vehicle Population Report A historical fit-active stock,1,
mto_crosswalk,FORD,MCS,1995,2004,Ford,Mustang,ldv,Subcompact,Compact,Car,automatic_configured_make_alias_reviewed_canonical_label,reviewed,fueleconomy_gov_vehicle_data | nrcan_fuel_consumption_ratings; Ontario Vehicle Population Report A historical fit-active stock,4,
mto_crosswalk,FORD,MG3,2015,2020,Ford,Mustang,ldv,Subcompact,Compact,Car,automatic_configured_make_alias_reviewed_canonical_label,reviewed,fueleconomy_gov_vehicle_data | nrcan_fuel_consumption_ratings; Ontario Vehicle Population Report A historical fit-active stock,10,
mto_crosswalk,FORD,MGT,1987,1988,Ford,Mustang,ldv,Subcompact,Compact,Car,automatic_configured_make_alias_reviewed_canonical_label,reviewed,fueleconomy_gov_vehicle_data; Ontario Vehicle Population Report A historical fit-active stock,1,
mto_crosswalk,FORD,MGT,1990,1990,Ford,Mustang,ldv,Subcompact,Compact,Car,automatic_configured_make_alias_reviewed_canonical_label,reviewed,fueleconomy_gov_vehicle_data; Ontario Vehicle Population Report A historical fit-active stock,1,
mto_crosswalk,FORD,MGT,1994,2004,Ford,Mustang,ldv,Subcompact,Compact,Car,automatic_configured_make_alias_reviewed_canonical_label,reviewed,fueleconomy_gov_vehicle_data | nrcan_fuel_consumption_ratings; Ontario Vehicle Population Report A historical fit-active stock,4,
mto_crosswalk,FORD,MGT,2011,2025,Ford,Mustang,ldv,Subcompact,Compact,Car,automatic_configured_make_alias_reviewed_canonical_label,reviewed,fueleconomy_gov_vehicle_data | nrcan_fuel_consumption_ratings; Ontario Vehicle Population Report A historical fit-active stock,10,
mto_crosswalk,FORD,MLG,1985,1986,Ford,Mustang,ldv,Subcompact,Compact,Car,automatic_configured_make_alias_reviewed_canonical_label,reviewed,fueleconomy_gov_vehicle_data; Ontario Vehicle Population Report A historical fit-active stock,1,
mto_crosswalk,FORD,MM1,2003,2004,Ford,Mustang,ldv,Subcompact,Compact,Car,automatic_configured_make_alias_reviewed_canonical_label,reviewed,fueleconomy_gov_vehicle_data | nrcan_fuel_consumption_ratings; Ontario Vehicle Population Report A historical fit-active stock,4,
mto_crosswalk,FORD,MUL,1984,1985,Ford,Mustang,ldv,Subcompact,Compact,Car,automatic_configured_make_alias_reviewed_canonical_label,reviewed,fueleconomy_gov_vehicle_data; Ontario Vehicle Population Report A historical fit-active stock,1,
mto_crosswalk,FORD,MUS,1981,1983,Ford,Mustang,ldv,Subcompact,Compact,Car,automatic_configured_make_alias_normalized_model_prefix,reviewed,fueleconomy_gov_vehicle_data; Ontario Vehicle Population Report A historical fit-active stock,1,
mto_crosswalk,FORD,MUS,1989,1990,Ford,Mustang,ldv,Subcompact,Compact,Car,automatic_configured_make_alias_normalized_model_prefix,reviewed,fueleconomy_gov_vehicle_data; Ontario Vehicle Population Report A historical fit-active stock,1,
mto_crosswalk,FORD,MUS,1994,2004,Ford,Mustang,ldv,Subcompact,Compact,Car,automatic_configured_make_alias_normalized_model_prefix,reviewed,fueleconomy_gov_vehicle_data | nrcan_fuel_consumption_ratings; Ontario Vehicle Population Report A historical fit-active stock,4,
mto_crosswalk,FORD,MUS,2011,2026,Ford,Mustang,ldv,Subcompact,Compact,Car,automatic_configured_make_alias_normalized_model_prefix,reviewed,fueleconomy_gov_vehicle_data | nrcan_fuel_consumption_ratings; Ontario Vehicle Population Report A historical fit-active stock,10,
mto_crosswalk,FORD,SGT,2011,2014,Ford,Mustang,ldv,Subcompact,Compact,Car,automatic_configured_make_alias_reviewed_canonical_label,reviewed,fueleconomy_gov_vehicle_data | nrcan_fuel_consumption_ratings; Ontario Vehicle Population Report A historical fit-active stock,4,
mto_crosswalk,FORD,RNG,1983,1992,Ford,Ranger,ldv,Pickup truck: Small,Pickup,Light Truck,automatic_configured_make_alias_anchored_consonant_abbreviation,reviewed,fueleconomy_gov_vehicle_data; Ontario Vehicle Population Report A historical fit-active stock,2,
mto_crosswalk,FORD,RNG,2008,2011,Ford,Ranger,ldv,Pickup truck: Small,Pickup,Light Truck,automatic_configured_make_alias_anchored_consonant_abbreviation,reviewed,fueleconomy_gov_vehicle_data | nrcan_fuel_consumption_ratings; Ontario Vehicle Population Report A historical fit-active stock,4,
mto_crosswalk,FORD,RNG,1993,2007,Ford,Ranger,ldv,Pickup truck: Standard,Pickup,Light Truck,automatic_configured_make_alias_anchored_consonant_abbreviation,reviewed,fueleconomy_gov_vehicle_data | nrcan_fuel_consumption_ratings; Ontario Vehicle Population Report A historical fit-active stock,8,
mto_crosswalk,FORD,RNG,2019,2025,Ford,Ranger,ldv,Pickup truck: Standard,Pickup,Light Truck,automatic_configured_make_alias_anchored_consonant_abbreviation,reviewed,fueleconomy_gov_vehicle_data | nrcan_fuel_consumption_ratings; Ontario Vehicle Population Report A historical fit-active stock,6,
mto_crosswalk,FORD,TAU,1986,2014,Ford,Taurus,ldv,Mid-size,Midsize,Car,automatic_configured_make_alias_reviewed_canonical_label,reviewed,fueleconomy_gov_vehicle_data | nrcan_fuel_consumption_ratings; Ontario Vehicle Population Report A historical fit-active stock,8,
mto_crosswalk,FORD,SHO,1989,2019,Ford,Taurus SHO,ldv,Mid-size,Midsize,Car,automatic_approved_current_candidate_approved_similarity_normalized_substring,reviewed,fueleconomy_gov_vehicle_data | nrcan_fuel_consumption_ratings; Ontario Vehicle Population Report A historical fit-active stock,1,
mto_crosswalk,FORD,THU,1981,1988,Ford,Thunderbird,ldv,Compact,Compact,Car,automatic_configured_make_alias_normalized_model_prefix,reviewed,fueleconomy_gov_vehicle_data; Ontario Vehicle Population Report A historical fit-active stock,1,
mto_crosswalk,FORD,THU,1989,1992,Ford,Thunderbird,ldv,Mid-size,Midsize,Car,automatic_configured_make_alias_normalized_model_prefix,reviewed,fueleconomy_gov_vehicle_data; Ontario Vehicle Population Report A historical fit-active stock,1,
mto_crosswalk,FORD,THU,2002,2005,Ford,Thunderbird,ldv,Two-seater,Midsize,Car,automatic_configured_make_alias_normalized_model_prefix,reviewed,fueleconomy_gov_vehicle_data | nrcan_fuel_consumption_ratings; Ontario Vehicle Population Report A historical fit-active stock,3,
mto_crosswalk,FORD,TST,2015,2026,Ford,Transit,ldv,Van: Passenger,Pickup,Light Truck,automatic_configured_make_alias_reviewed_canonical_label,reviewed,fueleconomy_gov_vehicle_data; Ontario Vehicle Population Report A historical fit-active stock,2,
mto_crosswalk,FORD,TRA,1981,2026,Ford,Transit T150,ldv,Van: Passenger,Pickup,Light Truck,automatic_approved_current_candidate_approved_similarity_normalized_prefix,reviewed,fueleconomy_gov_vehicle_data; Ontario Vehicle Population Report A historical fit-active stock,1,
mto_crosswalk,FORD,TRN,2015,2026,Ford,Transit T150,ldv,Van: Passenger,Pickup,Light Truck,automatic_configured_make_alias_anchored_consonant_abbreviation,reviewed,fueleconomy_gov_vehicle_data; Ontario Vehicle Population Report A historical fit-active stock,2,
mto_crosswalk,FORD,WIN,1995,1995,Ford,Windstar,ldv,Minivan,Midsize SUV,Light Truck,automatic_configured_make_alias_reviewed_canonical_label,reviewed,nrcan_fuel_consumption_ratings; Ontario Vehicle Population Report A historical fit-active stock,1,
mto_crosswalk,FORD,WIN,2001,2001,Ford,Windstar,ldv,Minivan,Midsize SUV,Light Truck,automatic_configured_make_alias_reviewed_canonical_label,reviewed,fueleconomy_gov_vehicle_data | nrcan_fuel_consumption_ratings; Ontario Vehicle Population Report A historical fit-active stock,3,
mto_crosswalk,FORD,WIN,1996,2000,Ford,Windstar Van,ldv,Van: Cargo,Pickup,Light Truck,automatic_configured_make_alias_reviewed_canonical_label,reviewed,fueleconomy_gov_vehicle_data | nrcan_fuel_consumption_ratings; Ontario Vehicle Population Report A historical fit-active stock,3,
mto_crosswalk,FORD,WIN,2002,2003,Ford,Windstar Van,ldv,Van: Cargo,Pickup,Light Truck,automatic_configured_make_alias_reviewed_canonical_label,reviewed,fueleconomy_gov_vehicle_data | nrcan_fuel_consumption_ratings; Ontario Vehicle Population Report A historical fit-active stock,3,
mto_crosswalk,FORD,WIN,2005,2005,Ford,Windstar Van,ldv,Van: Cargo,Pickup,Light Truck,automatic_configured_make_alias_reviewed_canonical_label,reviewed,fueleconomy_gov_vehicle_data | nrcan_fuel_consumption_ratings; Ontario Vehicle Population Report A historical fit-active stock,3,
mto_crosswalk,FORD,WIN,2015,2015,Ford,Windstar Van,ldv,Van: Cargo,Pickup,Light Truck,automatic_configured_make_alias_reviewed_canonical_label,reviewed,fueleconomy_gov_vehicle_data | nrcan_fuel_consumption_ratings; Ontario Vehicle Population Report A historical fit-active stock,3,
mto_crosswalk,FORD,ZX4,2005,2006,Ford,ZX2,non_ldv_unclassified,,,,automatic_reviewed_manual_make_reviewed_two_pass_agreement,reviewed,reviewed_mto_make_model_evidence; Ontario Vehicle Population Report A historical fit-active stock,0,Public evidence supports the family but not an LDV class hierarchy.
mto_crosswalk,FORD,ZXW,2005,2007,Ford,ZX2,non_ldv_unclassified,,,,automatic_reviewed_manual_make_reviewed_two_pass_agreement,reviewed,reviewed_mto_make_model_evidence; Ontario Vehicle Population Report A historical fit-active stock,0,Public evidence supports the family but not an LDV class hierarchy.
mto_crosswalk,GMC,ACA,2007,2026,GMC,Acadia,ldv,Sport utility vehicle: Standard,Midsize SUV,Light Truck,automatic_approved_current_candidate_approved_similarity_normalized_prefix,reviewed,fueleconomy_gov_vehicle_data | nrcan_fuel_consumption_ratings; Ontario Vehicle Population Report A historical fit-active stock,1,
mto_crosswalk,GMC,C55,2003,2009,GMC,Acadia,ldv,Sport utility vehicle: Standard,Midsize SUV,Light Truck,automatic_configured_make_alias_reviewed_canonical_label,reviewed,fueleconomy_gov_vehicle_data | nrcan_fuel_consumption_ratings; Ontario Vehicle Population Report A historical fit-active stock,4,
mto_crosswalk,GMC,C75,1998,2009,GMC,Acadia,ldv,Sport utility vehicle: Standard,Midsize SUV,Light Truck,automatic_configured_make_alias_reviewed_canonical_label,reviewed,fueleconomy_gov_vehicle_data | nrcan_fuel_consumption_ratings; Ontario Vehicle Population Report A historical fit-active stock,4,
mto_crosswalk,GMC,C15,1981,1986,GMC,C15 Pickup,ldv,Pickup truck: Standard,Pickup,Light Truck,automatic_exact_normalized_make_normalized_model_prefix,reviewed,fueleconomy_gov_vehicle_data; Ontario Vehicle Population Report A historical fit-active stock,1,
mto_crosswalk,GMC,C15,1995,1999,GMC,C1500 Sierra,ldv,Pickup truck: Standard,Pickup,Light Truck,automatic_exact_normalized_make_normalized_model_prefix,reviewed,nrcan_fuel_consumption_ratings; Ontario Vehicle Population Report A historical fit-active stock,3,
mto_crosswalk,GMC,C25,1981,1986,GMC,C25 Pickup,ldv,Pickup truck: Standard,Pickup,Light Truck,automatic_exact_normalized_make_reviewed_canonical_label,reviewed,fueleconomy_gov_vehicle_data; Ontario Vehicle Population Report A historical fit-active stock,1,
mto_crosswalk,GMC,C25,1993,1994,GMC,C2500 Sierra,ldv,Pickup truck: Standard,Pickup,Light Truck,automatic_exact_normalized_make_reviewed_canonical_label,reviewed,fueleconomy_gov_vehicle_data | nrcan_fuel_consumption_ratings; Ontario Vehicle Population Report A historical fit-active stock,3,
mto_crosswalk,GMC,C25,1996,1997,GMC,C2500 Sierra,ldv,Pickup truck: Standard,Pickup,Light Truck,automatic_exact_normalized_make_reviewed_canonical_label,reviewed,nrcan_fuel_consumption_ratings; Ontario Vehicle Population Report A historical fit-active stock,2,
mto_crosswalk,GMC,C25,1999,1999,GMC,C2500 Sierra,ldv,Pickup truck: Standard,Pickup,Light Truck,automatic_exact_normalized_make_reviewed_canonical_label,reviewed,nrcan_fuel_consumption_ratings; Ontario Vehicle Population Report A historical fit-active stock,1,
mto_crosswalk,GMC,CAN,2008,2012,GMC,Canyon,ldv,Pickup truck: Small,Pickup,Light Truck,automatic_exact_normalized_make_normalized_model_prefix,reviewed,fueleconomy_gov_vehicle_data | nrcan_fuel_consumption_ratings; Ontario Vehicle Population Report A historical fit-active stock,12,
mto_crosswalk,GMC,CAN,2015,2024,GMC,Canyon,ldv,Pickup truck: Small,Pickup,Light Truck,automatic_exact_normalized_make_normalized_model_prefix,reviewed,fueleconomy_gov_vehicle_data | nrcan_fuel_consumption_ratings; Ontario Vehicle Population Report A historical fit-active stock,10,
mto_crosswalk,GMC,CAN,2004,2007,GMC,Canyon,ldv,Pickup truck: Standard,Pickup,Light Truck,automatic_exact_normalized_make_normalized_model_prefix,reviewed,fueleconomy_gov_vehicle_data | nrcan_fuel_consumption_ratings; Ontario Vehicle Population Report A historical fit-active stock,11,
mto_crosswalk,GMC,CAN,2026,2026,GMC,Canyon,ldv,Pickup truck: Standard,Pickup,Light Truck,automatic_exact_normalized_make_normalized_model_prefix,reviewed,fueleconomy_gov_vehicle_data | nrcan_fuel_consumption_ratings; Ontario Vehicle Population Report A historical fit-active stock,9,
mto_crosswalk,GMC,HUM,2022,2026,GMC,Hummer EV SUV,ldv,Sport utility vehicle: Standard,Midsize SUV,Light Truck,automatic_configured_make_alias_reviewed_canonical_label,reviewed,fueleconomy_gov_vehicle_data; Ontario Vehicle Population Report A historical fit-active stock,4,
mto_crosswalk,GMC,CJM,2002,2005,GMC,Jimmy,non_ldv_unclassified,,,,automatic_reviewed_manual_make_reviewed_two_pass_agreement,reviewed,reviewed_mto_make_model_evidence; Ontario Vehicle Population Report A historical fit-active stock,0,Public evidence supports the family but not an LDV class hierarchy.
mto_crosswalk,GMC,GM4,1988,2000,GMC,Jimmy,non_ldv_unclassified,,,,automatic_reviewed_manual_make_reviewed_two_pass_agreement,reviewed,reviewed_mto_make_model_evidence; Ontario Vehicle Population Report A historical fit-active stock,0,Public evidence supports the family but not an LDV class hierarchy.
mto_crosswalk,GMC,JMY,1995,2001,GMC,Jimmy,non_ldv_unclassified,,,,automatic_reviewed_manual_make_reviewed_two_pass_agreement,reviewed,reviewed_mto_make_model_evidence; Ontario Vehicle Population Report A historical fit-active stock,0,Public evidence supports the family but not an LDV class hierarchy.
mto_crosswalk,GMC,K15,1981,2001,GMC,K1500 Sierra,ldv,Pickup truck: Standard,Pickup,Light Truck,automatic_exact_normalized_make_reviewed_canonical_label,reviewed,nrcan_fuel_consumption_ratings; Ontario Vehicle Population Report A historical fit-active stock,3,
mto_crosswalk,GMC,K25,1981,1986,GMC,K25 Pickup,ldv,Pickup truck: Standard,Pickup,Light Truck,automatic_exact_normalized_make_reviewed_canonical_label,reviewed,fueleconomy_gov_vehicle_data; Ontario Vehicle Population Report A historical fit-active stock,1,
mto_crosswalk,GMC,K25,1992,1999,GMC,K2500 Sierra,ldv,Pickup truck: Standard,Pickup,Light Truck,automatic_exact_normalized_make_reviewed_canonical_label,reviewed,fueleconomy_gov_vehicle_data | nrcan_fuel_consumption_ratings; Ontario Vehicle Population Report A historical fit-active stock,3,
mto_crosswalk,GMC,R/V,1982,1995,GMC,Rally G15/25,ldv,Van: Passenger,Pickup,Light Truck,automatic_configured_make_alias_reviewed_canonical_label,reviewed,fueleconomy_gov_vehicle_data; Ontario Vehicle Population Report A historical fit-active stock,2,
mto_crosswalk,GMC,RAL,1981,2002,GMC,Rally G15/25,ldv,Van: Passenger,Pickup,Light Truck,automatic_exact_normalized_make_reviewed_canonical_label,reviewed,fueleconomy_gov_vehicle_data; Ontario Vehicle Population Report A historical fit-active stock,2,
mto_crosswalk,GMC,S15,1984,1988,GMC,S15 Pickup,ldv,Pickup truck: Small,Pickup,Light Truck,automatic_exact_normalized_make_reviewed_canonical_label,reviewed,fueleconomy_gov_vehicle_data; Ontario Vehicle Population Report A historical fit-active stock,1,
mto_crosswalk,GMC,S15,1989,1992,GMC,S15 Pickup 2WD,ldv,Pickup truck: Small,Pickup,Light Truck,automatic_exact_normalized_make_reviewed_canonical_label,reviewed,fueleconomy_gov_vehicle_data; Ontario Vehicle Population Report A historical fit-active stock,1,
mto_crosswalk,GMC,S15,1993,1995,GMC,S15 Sonoma,ldv,Pickup truck: Small,Pickup,Light Truck,automatic_exact_normalized_make_reviewed_canonical_label,reviewed,nrcan_fuel_consumption_ratings; Ontario Vehicle Population Report A historical fit-active stock,2,
mto_crosswalk,GMC,S,1982,1990,GMC,Safari,ldv,Van: Passenger,Pickup,Light Truck,automatic_configured_make_alias_reviewed_canonical_label,reviewed,fueleconomy_gov_vehicle_data; Ontario Vehicle Population Report A historical fit-active stock,1,
mto_crosswalk,GMC,SAF,1985,1990,GMC,Safari,ldv,Van: Passenger,Pickup,Light Truck,automatic_exact_normalized_make_normalized_model_prefix,reviewed,fueleconomy_gov_vehicle_data; Ontario Vehicle Population Report A historical fit-active stock,1,
mto_crosswalk,GMC,SAF,1993,2005,GMC,Safari Cargo,ldv,Van: Cargo,Pickup,Light Truck,automatic_exact_normalized_make_normalized_model_prefix,reviewed,nrcan_fuel_consumption_ratings; Ontario Vehicle Population Report A historical fit-active stock,2,
mto_crosswalk,GMC,SAV,1996,2012,GMC,Savana 2500,ldv,Van: Cargo,Pickup,Light Truck,automatic_exact_normalized_make_normalized_model_prefix,reviewed,fueleconomy_gov_vehicle_data | nrcan_fuel_consumption_ratings; Ontario Vehicle Population Report A historical fit-active stock,8,
mto_crosswalk,GMC,SAV,2013,2025,GMC,Savana 2500,ldv,Van: Passenger,Pickup,Light Truck,automatic_exact_normalized_make_normalized_model_prefix,reviewed,fueleconomy_gov_vehicle_data | nrcan_fuel_consumption_ratings; Ontario Vehicle Population Report A historical fit-active stock,4,
mto_crosswalk,GMC,CSR,1997,2002,GMC,Sierra,ldv,Pickup truck: Standard,Pickup,Light Truck,automatic_configured_make_alias_reviewed_canonical_label,reviewed,fueleconomy_gov_vehicle_data; Ontario Vehicle Population Report A historical fit-active stock,3,
mto_crosswalk,GMC,SIE,1981,2026,GMC,Sierra,ldv,Pickup truck: Standard,Pickup,Light Truck,automatic_approved_current_candidate_approved_similarity_normalized_prefix,reviewed,fueleconomy_gov_vehicle_data | nrcan_fuel_consumption_ratings; Ontario Vehicle Population Report A historical fit-active stock,1,
mto_crosswalk,GMC,TSR,1997,2009,GMC,Sierra,ldv,Pickup truck: Standard,Pickup,Light Truck,automatic_configured_make_alias_reviewed_canonical_label,reviewed,fueleconomy_gov_vehicle_data | nrcan_fuel_consumption_ratings; Ontario Vehicle Population Report A historical fit-active stock,19,
mto_crosswalk,GMC,SON,2000,2003,GMC,Sonoma,ldv,Pickup truck: Small,Pickup,Light Truck,automatic_exact_normalized_make_normalized_model_prefix,reviewed,nrcan_fuel_consumption_ratings; Ontario Vehicle Population Report A historical fit-active stock,1,
mto_crosswalk,GMC,SON,2004,2004,GMC,Sonoma,ldv,Pickup truck: Standard,Pickup,Light Truck,automatic_exact_normalized_make_normalized_model_prefix,reviewed,fueleconomy_gov_vehicle_data; Ontario Vehicle Population Report A historical fit-active stock,1,
mto_crosswalk,GMC,SON,1991,1999,GMC,Sonoma 2WD,ldv,Pickup truck: Small,Pickup,Light Truck,automatic_exact_normalized_make_normalized_model_prefix,reviewed,fueleconomy_gov_vehicle_data; Ontario Vehicle Population Report A historical fit-active stock,2,
mto_crosswalk,GMC,22N,2019,2019,GMC,Terrain,ldv,Sport utility vehicle: Small,Small SUV,Light Truck,automatic_configured_make_alias_reviewed_canonical_label,reviewed,fueleconomy_gov_vehicle_data | nrcan_fuel_consumption_ratings; Ontario Vehicle Population Report A historical fit-active stock,4,
mto_crosswalk,GMC,N8G,2019,2022,GMC,Terrain,ldv,Sport utility vehicle: Small,Small SUV,Light Truck,automatic_configured_make_alias_reviewed_canonical_label,reviewed,fueleconomy_gov_vehicle_data | nrcan_fuel_consumption_ratings; Ontario Vehicle Population Report A historical fit-active stock,4,
mto_crosswalk,GMC,N9G,2019,2024,GMC,Terrain,ldv,Sport utility vehicle: Small,Small SUV,Light Truck,automatic_configured_make_alias_reviewed_canonical_label,reviewed,fueleconomy_gov_vehicle_data | nrcan_fuel_consumption_ratings; Ontario Vehicle Population Report A historical fit-active stock,4,
mto_crosswalk,GMC,TER,2010,2026,GMC,Terrain,ldv,Sport utility vehicle: Small,Small SUV,Light Truck,automatic_approved_current_candidate_approved_similarity_normalized_prefix,reviewed,fueleconomy_gov_vehicle_data | nrcan_fuel_consumption_ratings; Ontario Vehicle Population Report A historical fit-active stock,1,
mto_crosswalk,GMC,TOP,1990,1996,GMC,Typhoon,non_ldv_unclassified,,,,automatic_reviewed_manual_make_reviewed_two_pass_agreement,reviewed,reviewed_mto_make_model_evidence; Ontario Vehicle Population Report A historical fit-active stock,0,Public evidence supports the family but not an LDV class hierarchy.
mto_crosswalk,GMC,CTV,1989,1990,GMC,Vandura G15/25,ldv,Van: Cargo,Pickup,Light Truck,automatic_configured_make_alias_reviewed_canonical_label,reviewed,fueleconomy_gov_vehicle_data; Ontario Vehicle Population Report A historical fit-active stock,1,
mto_crosswalk,GMC,CTV,1992,1996,GMC,Vandura G15/25,ldv,Van: Cargo,Pickup,Light Truck,automatic_configured_make_alias_reviewed_canonical_label,reviewed,fueleconomy_gov_vehicle_data; Ontario Vehicle Population Report A historical fit-active stock,1,
mto_crosswalk,GMC,VAN,1982,2001,GMC,Vandura G15/25,ldv,Van: Cargo,Pickup,Light Truck,automatic_exact_normalized_make_reviewed_canonical_label,reviewed,fueleconomy_gov_vehicle_data; Ontario Vehicle Population Report A historical fit-active stock,1,
mto_crosswalk,GMC,CTV,1982,1988,GMC,Vandura G35,ldv,Van: Cargo,Pickup,Light Truck,automatic_configured_make_alias_reviewed_canonical_label,reviewed,fueleconomy_gov_vehicle_data; Ontario Vehicle Population Report A historical fit-active stock,1,
mto_crosswalk,GMC,550,1999,2009,GMC,Yukon,ldv,Sport utility vehicle: Standard,Midsize SUV,Light Truck,automatic_configured_make_alias_reviewed_canonical_label,reviewed,fueleconomy_gov_vehicle_data | nrcan_fuel_consumption_ratings; Ontario Vehicle Population Report A historical fit-active stock,22,
mto_crosswalk,GMC,YUK,1992,2026,GMC,Yukon,ldv,Sport utility vehicle: Standard,Midsize SUV,Light Truck,automatic_approved_current_candidate_approved_similarity_normalized_prefix,reviewed,fueleconomy_gov_vehicle_data | nrcan_fuel_consumption_ratings; Ontario Vehicle Population Report A historical fit-active stock,1,
mto_crosswalk,GENS,G80,2019,2026,Genesis,G80,ldv,Full-size,Midsize,Car,automatic_exact_normalized_make_reviewed_canonical_label,reviewed,fueleconomy_gov_vehicle_data | nrcan_fuel_consumption_ratings; Ontario Vehicle Population Report A historical fit-active stock,3,
mto_crosswalk,GENS,G90,2019,2026,Genesis,G90,ldv,Full-size,Midsize,Car,automatic_exact_normalized_make_reviewed_canonical_label,reviewed,fueleconomy_gov_vehicle_data | nrcan_fuel_consumption_ratings; Ontario Vehicle Population Report A historical fit-active stock,3,
mto_crosswalk,GENS,GN3,2017,2019,Genesis,G90,ldv,Full-size,Midsize,Car,automatic_exact_normalized_make_reviewed_canonical_label,reviewed,fueleconomy_gov_vehicle_data | nrcan_fuel_consumption_ratings; Ontario Vehicle Population Report A historical fit-active stock,3,
mto_crosswalk,GENS,GN5,2017,2019,Genesis,G90,ldv,Full-size,Midsize,Car,automatic_exact_normalized_make_reviewed_canonical_label,reviewed,fueleconomy_gov_vehicle_data | nrcan_fuel_consumption_ratings; Ontario Vehicle Population Report A historical fit-active stock,3,
mto_crosswalk,GENS,HBG,2021,2026,Genesis,G90,ldv,Full-size,Midsize,Car,automatic_exact_normalized_make_reviewed_canonical_label,reviewed,fueleconomy_gov_vehicle_data | nrcan_fuel_consumption_ratings; Ontario Vehicle Population Report A historical fit-active stock,3,
mto_crosswalk,GENS,JBG,2025,2026,Genesis,G90,ldv,Full-size,Midsize,Car,automatic_exact_normalized_make_reviewed_canonical_label,reviewed,fueleconomy_gov_vehicle_data | nrcan_fuel_consumption_ratings; Ontario Vehicle Population Report A historical fit-active stock,3,
mto_crosswalk,GENS,GV7,2022,2026,Genesis,GV70,ldv,Sport utility vehicle: Small,Small SUV,Light Truck,automatic_exact_normalized_make_reviewed_canonical_label,reviewed,fueleconomy_gov_vehicle_data | nrcan_fuel_consumption_ratings; Ontario Vehicle Population Report A historical fit-active stock,4,
mto_crosswalk,GENS,V70,2022,2024,Genesis,GV70,ldv,Sport utility vehicle: Small,Small SUV,Light Truck,automatic_exact_normalized_make_reviewed_canonical_label,reviewed,fueleconomy_gov_vehicle_data | nrcan_fuel_consumption_ratings; Ontario Vehicle Population Report A historical fit-active stock,2,
mto_crosswalk,GENS,GV8,2023,2026,Genesis,GV80,ldv,Sport utility vehicle: Standard,Midsize SUV,Light Truck,automatic_exact_normalized_make_reviewed_canonical_label,reviewed,fueleconomy_gov_vehicle_data | nrcan_fuel_consumption_ratings; Ontario Vehicle Population Report A historical fit-active stock,4,
mto_crosswalk,GENS,KEE,2023,2025,Genesis,GV80,ldv,Sport utility vehicle: Standard,Midsize SUV,Light Truck,automatic_exact_normalized_make_reviewed_canonical_label,reviewed,fueleconomy_gov_vehicle_data | nrcan_fuel_consumption_ratings; Ontario Vehicle Population Report A historical fit-active stock,4,
mto_crosswalk,GENS,GV8,2021,2022,Genesis,GV80 AWD,ldv,Sport utility vehicle: Standard,Midsize SUV,Light Truck,automatic_exact_normalized_make_reviewed_canonical_label,reviewed,fueleconomy_gov_vehicle_data | nrcan_fuel_consumption_ratings; Ontario Vehicle Population Report A historical fit-active stock,3,
mto_crosswalk,HOND,ACC,1987,1997,Honda,Accord,ldv,Compact,Compact,Car,automatic_exact_normalized_make_reviewed_canonical_label,reviewed,fueleconomy_gov_vehicle_data | nrcan_fuel_consumption_ratings; Ontario Vehicle Population Report A historical fit-active stock,2,
mto_crosswalk,HOND,UCC,1992,1997,Honda,Accord,ldv,Compact,Compact,Car,automatic_exact_normalized_make_reviewed_canonical_label,reviewed,fueleconomy_gov_vehicle_data | nrcan_fuel_consumption_ratings; Ontario Vehicle Population Report A historical fit-active stock,2,
mto_crosswalk,HOND,ACC,2009,2012,Honda,Accord,ldv,Full-size,Midsize,Car,automatic_exact_normalized_make_reviewed_canonical_label,reviewed,fueleconomy_gov_vehicle_data; Ontario Vehicle Population Report A historical fit-active stock,1,
mto_crosswalk,HOND,ACC,2018,2022,Honda,Accord,ldv,Full-size,Midsize,Car,automatic_exact_normalized_make_reviewed_canonical_label,reviewed,fueleconomy_gov_vehicle_data | nrcan_fuel_consumption_ratings; Ontario Vehicle Population Report A historical fit-active stock,8,
mto_crosswalk,HOND,ACS,2011,2011,Honda,Accord,ldv,Full-size,Midsize,Car,automatic_exact_normalized_make_reviewed_canonical_label,reviewed,fueleconomy_gov_vehicle_data; Ontario Vehicle Population Report A historical fit-active stock,1,
mto_crosswalk,HOND,ACT,1991,2011,Honda,Accord,ldv,Full-size,Midsize,Car,automatic_exact_normalized_make_reviewed_canonical_label,reviewed,fueleconomy_gov_vehicle_data | nrcan_fuel_consumption_ratings; Ontario Vehicle Population Report A historical fit-active stock,4,
mto_crosswalk,HOND,AC1,2016,2017,Honda,Accord,ldv,Mid-size,Midsize,Car,automatic_exact_normalized_make_reviewed_canonical_label,reviewed,fueleconomy_gov_vehicle_data | nrcan_fuel_consumption_ratings; Ontario Vehicle Population Report A historical fit-active stock,6,
mto_crosswalk,HOND,ACC,1998,2008,Honda,Accord,ldv,Mid-size,Midsize,Car,automatic_exact_normalized_make_reviewed_canonical_label,reviewed,fueleconomy_gov_vehicle_data | nrcan_fuel_consumption_ratings; Ontario Vehicle Population Report A historical fit-active stock,4,
mto_crosswalk,HOND,ACC,2013,2017,Honda,Accord,ldv,Mid-size,Midsize,Car,automatic_exact_normalized_make_reviewed_canonical_label,reviewed,fueleconomy_gov_vehicle_data | nrcan_fuel_consumption_ratings; Ontario Vehicle Population Report A historical fit-active stock,6,
mto_crosswalk,HOND,ACS,2002,2010,Honda,Accord,ldv,Mid-size,Midsize,Car,automatic_exact_normalized_make_reviewed_canonical_label,reviewed,fueleconomy_gov_vehicle_data | nrcan_fuel_consumption_ratings; Ontario Vehicle Population Report A historical fit-active stock,2,
mto_crosswalk,HOND,AHB,2005,2015,Honda,Accord,ldv,Mid-size,Midsize,Car,automatic_exact_normalized_make_reviewed_canonical_label,reviewed,fueleconomy_gov_vehicle_data | nrcan_fuel_consumption_ratings; Ontario Vehicle Population Report A historical fit-active stock,5,
mto_crosswalk,HOND,UCC,1998,2000,Honda,Accord,ldv,Mid-size,Midsize,Car,automatic_exact_normalized_make_reviewed_canonical_label,reviewed,fueleconomy_gov_vehicle_data | nrcan_fuel_consumption_ratings; Ontario Vehicle Population Report A historical fit-active stock,4,
mto_crosswalk,HOND,ACC,1981,1986,Honda,Accord,ldv,Subcompact,Compact,Car,automatic_exact_normalized_make_reviewed_canonical_label,reviewed,fueleconomy_gov_vehicle_data; Ontario Vehicle Population Report A historical fit-active stock,1,
mto_crosswalk,HOND,CCX,1991,1995,Honda,Accord EX,ldv,Compact,Compact,Car,automatic_exact_normalized_make_reviewed_canonical_label,reviewed,nrcan_fuel_consumption_ratings; Ontario Vehicle Population Report A historical fit-active stock,1,
mto_crosswalk,HOND,CRV,1997,2023,Honda,CR-V,ldv,Sport utility vehicle: Small,Small SUV,Light Truck,automatic_configured_make_alias_exact_normalized_model,reviewed,fueleconomy_gov_vehicle_data | nrcan_fuel_consumption_ratings; Ontario Vehicle Population Report A historical fit-active stock,7,
mto_crosswalk,HOND,CRV,2025,2025,Honda,CR-V,ldv,Sport utility vehicle: Small,Small SUV,Light Truck,automatic_configured_make_alias_exact_normalized_model,reviewed,fueleconomy_gov_vehicle_data | nrcan_fuel_consumption_ratings; Ontario Vehicle Population Report A historical fit-active stock,6,
mto_crosswalk,HOND,CVS,1989,2007,Honda,CR-V,ldv,Sport utility vehicle: Small,Small SUV,Light Truck,automatic_exact_normalized_make_reviewed_canonical_label,reviewed,fueleconomy_gov_vehicle_data | nrcan_fuel_consumption_ratings; Ontario Vehicle Population Report A historical fit-active stock,4,
mto_crosswalk,HOND,CXE,1997,2000,Honda,CR-V,ldv,Sport utility vehicle: Small,Small SUV,Light Truck,automatic_exact_normalized_make_reviewed_canonical_label,reviewed,fueleconomy_gov_vehicle_data | nrcan_fuel_consumption_ratings; Ontario Vehicle Population Report A historical fit-active stock,4,
mto_crosswalk,HOND,DXC,1985,2020,Honda,CR-V,ldv,Sport utility vehicle: Small,Small SUV,Light Truck,automatic_exact_normalized_make_reviewed_canonical_label,reviewed,fueleconomy_gov_vehicle_data | nrcan_fuel_consumption_ratings; Ontario Vehicle Population Report A historical fit-active stock,5,
mto_crosswalk,HOND,CEZ,2011,2016,Honda,CR-Z,ldv,Two-seater,Midsize,Car,automatic_exact_normalized_make_reviewed_canonical_label,reviewed,fueleconomy_gov_vehicle_data | nrcan_fuel_consumption_ratings; Ontario Vehicle Population Report A historical fit-active stock,2,
mto_crosswalk,HOND,CRS,2012,2015,Honda,CR-Z,ldv,Two-seater,Midsize,Car,automatic_exact_normalized_make_reviewed_canonical_label,reviewed,fueleconomy_gov_vehicle_data | nrcan_fuel_consumption_ratings; Ontario Vehicle Population Report A historical fit-active stock,2,
mto_crosswalk,HOND,CAL,1984,2004,Honda,Civic,ldv,Compact,Compact,Car,automatic_exact_normalized_make_reviewed_canonical_label,reviewed,fueleconomy_gov_vehicle_data | nrcan_fuel_consumption_ratings; Ontario Vehicle Population Report A historical fit-active stock,7,
mto_crosswalk,HOND,CCL,2012,2015,Honda,Civic,ldv,Compact,Compact,Car,automatic_exact_normalized_make_reviewed_canonical_label,reviewed,fueleconomy_gov_vehicle_data | nrcan_fuel_consumption_ratings; Ontario Vehicle Population Report A historical fit-active stock,7,
mto_crosswalk,HOND,CIV,2001,2006,Honda,Civic,ldv,Compact,Compact,Car,automatic_configured_make_alias_normalized_model_prefix,reviewed,fueleconomy_gov_vehicle_data | nrcan_fuel_consumption_ratings; Ontario Vehicle Population Report A historical fit-active stock,7,
mto_crosswalk,HOND,CIV,2012,2014,Honda,Civic,ldv,Compact,Compact,Car,automatic_configured_make_alias_normalized_model_prefix,reviewed,fueleconomy_gov_vehicle_data | nrcan_fuel_consumption_ratings; Ontario Vehicle Population Report A historical fit-active stock,6,
mto_crosswalk,HOND,DUC,2001,2001,Honda,Civic,ldv,Compact,Compact,Car,automatic_exact_normalized_make_reviewed_canonical_label,reviewed,fueleconomy_gov_vehicle_data | nrcan_fuel_consumption_ratings; Ontario Vehicle Population Report A historical fit-active stock,2,
mto_crosswalk,HOND,SIX,2001,2002,Honda,Civic,ldv,Compact,Compact,Car,automatic_exact_normalized_make_reviewed_canonical_label,reviewed,fueleconomy_gov_vehicle_data | nrcan_fuel_consumption_ratings; Ontario Vehicle Population Report A historical fit-active stock,2,
mto_crosswalk,HOND,UAX,2001,2006,Honda,Civic,ldv,Compact,Compact,Car,reviewed_external_model_vin_family_association,reviewed,fueleconomy_gov_vehicle_data | nrcan_fuel_consumption_ratings; Ontario Vehicle Population Report A historical fit-active stock,7,External review found repeated explicit model/VIN-family associations.
mto_crosswalk,HOND,UAX,2012,2015,Honda,Civic,ldv,Compact,Compact,Car,reviewed_external_model_vin_family_association,reviewed,fueleconomy_gov_vehicle_data | nrcan_fuel_consumption_ratings; Ontario Vehicle Population Report A historical fit-active stock,7,External review found repeated explicit model/VIN-family associations.
mto_crosswalk,HOND,UCL,2001,2006,Honda,Civic,ldv,Compact,Compact,Car,reviewed_external_model_vin_family_association,reviewed,fueleconomy_gov_vehicle_data | nrcan_fuel_consumption_ratings; Ontario Vehicle Population Report A historical fit-active stock,7,External review found repeated explicit model/VIN-family associations.
mto_crosswalk,HOND,UCL,2012,2015,Honda,Civic,ldv,Compact,Compact,Car,reviewed_external_model_vin_family_association,reviewed,fueleconomy_gov_vehicle_data | nrcan_fuel_consumption_ratings; Ontario Vehicle Population Report A historical fit-active stock,7,External review found repeated explicit model/VIN-family associations.
mto_crosswalk,HOND,CCL,1989,1989,Honda,Civic,ldv,Subcompact,Compact,Car,automatic_exact_normalized_make_reviewed_canonical_label,reviewed,fueleconomy_gov_vehicle_data; Ontario Vehicle Population Report A historical fit-active stock,1,
mto_crosswalk,HOND,CCL,1991,1991,Honda,Civic,ldv,Subcompact,Compact,Car,automatic_exact_normalized_make_reviewed_canonical_label,reviewed,fueleconomy_gov_vehicle_data; Ontario Vehicle Population Report A historical fit-active stock,1,
mto_crosswalk,HOND,CCL,1999,1999,Honda,Civic,ldv,Subcompact,Compact,Car,automatic_exact_normalized_make_reviewed_canonical_label,reviewed,fueleconomy_gov_vehicle_data | nrcan_fuel_consumption_ratings; Ontario Vehicle Population Report A historical fit-active stock,5,
mto_crosswalk,HOND,CIV,1981,1983,Honda,Civic,ldv,Subcompact,Compact,Car,automatic_configured_make_alias_normalized_model_prefix,reviewed,fueleconomy_gov_vehicle_data; Ontario Vehicle Population Report A historical fit-active stock,1,
mto_crosswalk,HOND,CIV,1988,1992,Honda,Civic,ldv,Subcompact,Compact,Car,automatic_configured_make_alias_normalized_model_prefix,reviewed,fueleconomy_gov_vehicle_data; Ontario Vehicle Population Report A historical fit-active stock,2,
mto_crosswalk,HOND,CIV,1995,1995,Honda,Civic,ldv,Subcompact,Compact,Car,automatic_configured_make_alias_normalized_model_prefix,reviewed,fueleconomy_gov_vehicle_data | nrcan_fuel_consumption_ratings; Ontario Vehicle Population Report A historical fit-active stock,2,
mto_crosswalk,HOND,CIV,1997,2000,Honda,Civic,ldv,Subcompact,Compact,Car,automatic_configured_make_alias_normalized_model_prefix,reviewed,fueleconomy_gov_vehicle_data | nrcan_fuel_consumption_ratings; Ontario Vehicle Population Report A historical fit-active stock,6,
mto_crosswalk,HOND,CIV,2007,2011,Honda,Civic,ldv,Subcompact,Compact,Car,automatic_configured_make_alias_normalized_model_prefix,reviewed,fueleconomy_gov_vehicle_data | nrcan_fuel_consumption_ratings; Ontario Vehicle Population Report A historical fit-active stock,2,
mto_crosswalk,HOND,CSI,1986,1991,Honda,Civic,ldv,Subcompact,Compact,Car,automatic_exact_normalized_make_reviewed_canonical_label,reviewed,fueleconomy_gov_vehicle_data; Ontario Vehicle Population Report A historical fit-active stock,1,
mto_crosswalk,HOND,CUI,1996,2000,Honda,Civic,ldv,Subcompact,Compact,Car,automatic_exact_normalized_make_reviewed_canonical_label,reviewed,fueleconomy_gov_vehicle_data | nrcan_fuel_consumption_ratings; Ontario Vehicle Population Report A historical fit-active stock,6,
mto_crosswalk,HOND,DUC,1991,2000,Honda,Civic,ldv,Subcompact,Compact,Car,automatic_exact_normalized_make_reviewed_canonical_label,reviewed,fueleconomy_gov_vehicle_data | nrcan_fuel_consumption_ratings; Ontario Vehicle Population Report A historical fit-active stock,6,
mto_crosswalk,HOND,SIX,1993,2000,Honda,Civic,ldv,Subcompact,Compact,Car,automatic_exact_normalized_make_reviewed_canonical_label,reviewed,fueleconomy_gov_vehicle_data | nrcan_fuel_consumption_ratings; Ontario Vehicle Population Report A historical fit-active stock,2,
mto_crosswalk,HOND,UAX,1990,2000,Honda,Civic,ldv,Subcompact,Compact,Car,reviewed_external_model_vin_family_association,reviewed,fueleconomy_gov_vehicle_data | nrcan_fuel_consumption_ratings; Ontario Vehicle Population Report A historical fit-active stock,6,External review found repeated explicit model/VIN-family associations.
mto_crosswalk,HOND,UAX,2007,2011,Honda,Civic,ldv,Subcompact,Compact,Car,reviewed_external_model_vin_family_association,reviewed,fueleconomy_gov_vehicle_data | nrcan_fuel_consumption_ratings; Ontario Vehicle Population Report A historical fit-active stock,2,External review found repeated explicit model/VIN-family associations.
mto_crosswalk,HOND,UCL,1988,2000,Honda,Civic,ldv,Subcompact,Compact,Car,reviewed_external_model_vin_family_association,reviewed,fueleconomy_gov_vehicle_data | nrcan_fuel_consumption_ratings; Ontario Vehicle Population Report A historical fit-active stock,6,External review found repeated explicit model/VIN-family associations.
mto_crosswalk,HOND,UCL,2007,2011,Honda,Civic,ldv,Subcompact,Compact,Car,reviewed_external_model_vin_family_association,reviewed,fueleconomy_gov_vehicle_data | nrcan_fuel_consumption_ratings; Ontario Vehicle Population Report A historical fit-active stock,2,External review found repeated explicit model/VIN-family associations.
mto_crosswalk,HOND,UAX,2016,2020,Honda,Civic,ldv,Mid-size,Midsize,Car,reviewed_external_model_vin_family_association,reviewed,fueleconomy_gov_vehicle_data | nrcan_fuel_consumption_ratings; Ontario Vehicle Population Report A historical fit-active stock,4,External review found repeated explicit model/VIN-family associations.
mto_crosswalk,HOND,UCL,2016,2020,Honda,Civic,ldv,Mid-size,Midsize,Car,reviewed_external_model_vin_family_association,reviewed,fueleconomy_gov_vehicle_data | nrcan_fuel_consumption_ratings; Ontario Vehicle Population Report A historical fit-active stock,4,External review found repeated explicit model/VIN-family associations.
mto_crosswalk,HOND,UAX,2021,2021,Honda,Civic,ldv,Full-size,Midsize,Car,reviewed_external_model_vin_family_association,reviewed,fueleconomy_gov_vehicle_data | nrcan_fuel_consumption_ratings; Ontario Vehicle Population Report A historical fit-active stock,2,External review found repeated explicit model/VIN-family associations.
mto_crosswalk,HOND,UCL,2021,2021,Honda,Civic,ldv,Full-size,Midsize,Car,reviewed_external_model_vin_family_association,reviewed,fueleconomy_gov_vehicle_data | nrcan_fuel_consumption_ratings; Ontario Vehicle Population Report A historical fit-active stock,2,External review found repeated explicit model/VIN-family associations.
mto_crosswalk,HOND,CIV,2021,2025,Honda,Civic 5Dr,ldv,Full-size,Midsize,Car,automatic_configured_make_alias_normalized_model_prefix,reviewed,fueleconomy_gov_vehicle_data; Ontario Vehicle Population Report A historical fit-active stock,2,
mto_crosswalk,HOND,CCR,1998,2004,Honda,Civic CRX,ldv,Two-seater,Midsize,Car,automatic_approved_current_candidate_approved_similarity_normalized_substring,reviewed,fueleconomy_gov_vehicle_data; Ontario Vehicle Population Report A historical fit-active stock,1,
mto_crosswalk,HOND,CCR,2010,2010,Honda,Civic CRX,ldv,Two-seater,Midsize,Car,automatic_approved_current_candidate_approved_similarity_normalized_substring,reviewed,fueleconomy_gov_vehicle_data; Ontario Vehicle Population Report A historical fit-active stock,1,
mto_crosswalk,HOND,CCR,2015,2015,Honda,Civic CRX,ldv,Two-seater,Midsize,Car,automatic_approved_current_candidate_approved_similarity_normalized_substring,reviewed,fueleconomy_gov_vehicle_data; Ontario Vehicle Population Report A historical fit-active stock,1,
mto_crosswalk,HOND,CVL,2008,2015,Honda,Civic Del,ldv,Two-seater,Midsize,Car,automatic_configured_make_alias_anchored_consonant_abbreviation,reviewed,fueleconomy_gov_vehicle_data; Ontario Vehicle Population Report A historical fit-active stock,1,
mto_crosswalk,HOND,CVT,2013,2014,Honda,Civic Hatchback,ldv,Full-size,Midsize,Car,automatic_configured_make_alias_anchored_consonant_abbreviation,reviewed,nrcan_fuel_consumption_ratings; Ontario Vehicle Population Report A historical fit-active stock,1,
mto_crosswalk,HOND,CHY,2003,2015,Honda,Civic Hybrid,ldv,Compact,Compact,Car,automatic_approved_current_candidate_approved_similarity_normalized_substring,reviewed,fueleconomy_gov_vehicle_data | nrcan_fuel_consumption_ratings; Ontario Vehicle Population Report A historical fit-active stock,1,
mto_crosswalk,HOND,UVP,1996,2007,Honda,EV Plus,ldv,Compact,Compact,Car,automatic_exact_normalized_make_reviewed_canonical_label,reviewed,fueleconomy_gov_vehicle_data; Ontario Vehicle Population Report A historical fit-active stock,1,
mto_crosswalk,HOND,FCL,2018,2021,Honda,FCX Clarity,ldv,Mid-size,Midsize,Car,automatic_exact_normalized_make_reviewed_canonical_label,reviewed,fueleconomy_gov_vehicle_data; Ontario Vehicle Population Report A historical fit-active stock,1,
mto_crosswalk,HOND,FDX,2007,2020,Honda,Fit,ldv,Station wagon: Small,Midsize,Car,automatic_exact_normalized_make_reviewed_canonical_label,reviewed,fueleconomy_gov_vehicle_data | nrcan_fuel_consumption_ratings; Ontario Vehicle Population Report A historical fit-active stock,3,
mto_crosswalk,HOND,FIT,2004,2004,Honda,Fit,ldv,Station wagon: Small,Midsize,Car,automatic_approved_current_candidate_approved_similarity_exact_normalized,reviewed,fueleconomy_gov_vehicle_data | nrcan_fuel_consumption_ratings; Ontario Vehicle Population Report A historical fit-active stock,1,
mto_crosswalk,HOND,FIT,2006,2013,Honda,Fit,ldv,Station wagon: Small,Midsize,Car,automatic_approved_current_candidate_approved_similarity_exact_normalized,reviewed,fueleconomy_gov_vehicle_data | nrcan_fuel_consumption_ratings; Ontario Vehicle Population Report A historical fit-active stock,1,
mto_crosswalk,HOND,FIT,2015,2015,Honda,Fit,ldv,Station wagon: Small,Midsize,Car,automatic_approved_current_candidate_approved_similarity_exact_normalized,reviewed,fueleconomy_gov_vehicle_data | nrcan_fuel_consumption_ratings; Ontario Vehicle Population Report A historical fit-active stock,1,
mto_crosswalk,HOND,FIT,2017,2017,Honda,Fit,ldv,Station wagon: Small,Midsize,Car,automatic_configured_make_alias_exact_normalized_model,reviewed,fueleconomy_gov_vehicle_data | nrcan_fuel_consumption_ratings; Ontario Vehicle Population Report A historical fit-active stock,2,
mto_crosswalk,HOND,FIT,2019,2019,Honda,Fit,ldv,Station wagon: Small,Midsize,Car,automatic_configured_make_alias_exact_normalized_model,reviewed,fueleconomy_gov_vehicle_data | nrcan_fuel_consumption_ratings; Ontario Vehicle Population Report A historical fit-active stock,2,
mto_crosswalk,HOND,HRV,2016,2016,Honda,HR-V,ldv,Sport utility vehicle: Small,Small SUV,Light Truck,automatic_configured_make_alias_exact_normalized_model,reviewed,fueleconomy_gov_vehicle_data | nrcan_fuel_consumption_ratings; Ontario Vehicle Population Report A historical fit-active stock,4,
mto_crosswalk,HOND,HRV,2017,2026,Honda,HR-V,ldv,Station wagon: Small,Midsize,Car,automatic_configured_make_alias_exact_normalized_model,reviewed,fueleconomy_gov_vehicle_data | nrcan_fuel_consumption_ratings; Ontario Vehicle Population Report A historical fit-active stock,4,
mto_crosswalk,HOND,KHE,2024,2025,Honda,HR-V,ldv,Station wagon: Small,Midsize,Car,automatic_exact_normalized_make_reviewed_canonical_label,reviewed,fueleconomy_gov_vehicle_data | nrcan_fuel_consumption_ratings; Ontario Vehicle Population Report A historical fit-active stock,4,
mto_crosswalk,HOND,ODY,1995,1995,Honda,Odyssey,ldv,Minivan,Midsize SUV,Light Truck,automatic_configured_make_alias_normalized_model_prefix,reviewed,fueleconomy_gov_vehicle_data | nrcan_fuel_consumption_ratings; Ontario Vehicle Population Report A historical fit-active stock,2,
mto_crosswalk,HOND,ODY,1997,2009,Honda,Odyssey,ldv,Minivan,Midsize SUV,Light Truck,automatic_configured_make_alias_normalized_model_prefix,reviewed,fueleconomy_gov_vehicle_data | nrcan_fuel_consumption_ratings; Ontario Vehicle Population Report A historical fit-active stock,3,
mto_crosswalk,HOND,ODY,2011,2018,Honda,Odyssey,ldv,Minivan,Midsize SUV,Light Truck,automatic_configured_make_alias_normalized_model_prefix,reviewed,fueleconomy_gov_vehicle_data | nrcan_fuel_consumption_ratings; Ontario Vehicle Population Report A historical fit-active stock,3,
mto_crosswalk,HOND,ODY,2026,2026,Honda,Odyssey,ldv,Minivan,Midsize SUV,Light Truck,automatic_configured_make_alias_normalized_model_prefix,reviewed,fueleconomy_gov_vehicle_data | nrcan_fuel_consumption_ratings; Ontario Vehicle Population Report A historical fit-active stock,2,
mto_crosswalk,HOND,UDX,1987,2005,Honda,Odyssey,ldv,Minivan,Midsize SUV,Light Truck,automatic_exact_normalized_make_reviewed_canonical_label,reviewed,fueleconomy_gov_vehicle_data | nrcan_fuel_consumption_ratings; Ontario Vehicle Population Report A historical fit-active stock,3,
mto_crosswalk,HOND,UDY,1999,2026,Honda,Odyssey,ldv,Minivan,Midsize SUV,Light Truck,reviewed_external_model_vin_family_association,reviewed,fueleconomy_gov_vehicle_data | nrcan_fuel_consumption_ratings; Ontario Vehicle Population Report A historical fit-active stock,3,External review found repeated explicit model/VIN-family associations.
mto_crosswalk,HOND,ODY,1996,1996,Honda,Odyssey,ldv,Station wagon: Mid-size,Midsize,Car,automatic_configured_make_alias_normalized_model_prefix,reviewed,fueleconomy_gov_vehicle_data; Ontario Vehicle Population Report A historical fit-active stock,1,
mto_crosswalk,HOND,CPL,2008,2022,Honda,Pilot,ldv,Sport utility vehicle: Small,Small SUV,Light Truck,automatic_exact_normalized_make_reviewed_canonical_label,reviewed,fueleconomy_gov_vehicle_data | nrcan_fuel_consumption_ratings; Ontario Vehicle Population Report A historical fit-active stock,5,
mto_crosswalk,HOND,ILX,2010,2012,Honda,Pilot,ldv,Sport utility vehicle: Small,Small SUV,Light Truck,automatic_exact_normalized_make_reviewed_canonical_label,reviewed,nrcan_fuel_consumption_ratings; Ontario Vehicle Population Report A historical fit-active stock,1,
mto_crosswalk,HOND,PIL,2003,2022,Honda,Pilot,ldv,Sport utility vehicle: Small,Small SUV,Light Truck,automatic_configured_make_alias_normalized_model_prefix,reviewed,fueleconomy_gov_vehicle_data | nrcan_fuel_consumption_ratings; Ontario Vehicle Population Report A historical fit-active stock,5,
mto_crosswalk,HOND,PIL,2023,2025,Honda,Pilot AWD,ldv,Sport utility vehicle: Standard,Midsize SUV,Light Truck,automatic_configured_make_alias_normalized_model_prefix,reviewed,fueleconomy_gov_vehicle_data | nrcan_fuel_consumption_ratings; Ontario Vehicle Population Report A historical fit-active stock,7,
mto_crosswalk,HOND,PEC,2001,2001,Honda,Prelude,ldv,Subcompact,Compact,Car,automatic_exact_normalized_make_reviewed_canonical_label,reviewed,fueleconomy_gov_vehicle_data | nrcan_fuel_consumption_ratings; Ontario Vehicle Population Report A historical fit-active stock,2,
mto_crosswalk,HOND,PRE,1981,2026,Honda,Prelude,ldv,Subcompact,Compact,Car,automatic_approved_current_candidate_approved_similarity_normalized_prefix,reviewed,fueleconomy_gov_vehicle_data | nrcan_fuel_consumption_ratings; Ontario Vehicle Population Report A historical fit-active stock,1,
mto_crosswalk,HOND,UCE,1999,2000,Honda,Prelude,ldv,Subcompact,Compact,Car,automatic_exact_normalized_make_reviewed_canonical_label,reviewed,fueleconomy_gov_vehicle_data | nrcan_fuel_consumption_ratings; Ontario Vehicle Population Report A historical fit-active stock,2,
mto_crosswalk,HOND,RID,2006,2014,Honda,Ridgeline,ldv,Pickup truck: Standard,Pickup,Light Truck,automatic_configured_make_alias_normalized_model_prefix,reviewed,fueleconomy_gov_vehicle_data | nrcan_fuel_consumption_ratings; Ontario Vehicle Population Report A historical fit-active stock,2,
mto_crosswalk,HOND,RID,2021,2026,Honda,Ridgeline,ldv,Pickup truck: Standard,Pickup,Light Truck,automatic_configured_make_alias_normalized_model_prefix,reviewed,fueleconomy_gov_vehicle_data | nrcan_fuel_consumption_ratings; Ontario Vehicle Population Report A historical fit-active stock,4,
mto_crosswalk,HOND,ZEL,2021,2022,Honda,Ridgeline,ldv,Pickup truck: Standard,Pickup,Light Truck,automatic_exact_normalized_make_reviewed_canonical_label,reviewed,fueleconomy_gov_vehicle_data | nrcan_fuel_consumption_ratings; Ontario Vehicle Population Report A historical fit-active stock,2,
mto_crosswalk,HOND,RID,2017,2020,Honda,Ridgeline AWD,ldv,Pickup truck: Standard,Pickup,Light Truck,automatic_configured_make_alias_normalized_model_prefix,reviewed,fueleconomy_gov_vehicle_data | nrcan_fuel_consumption_ratings; Ontario Vehicle Population Report A historical fit-active stock,3,
mto_crosswalk,HOND,ZEL,2019,2020,Honda,Ridgeline AWD,ldv,Pickup truck: Standard,Pickup,Light Truck,automatic_exact_normalized_make_reviewed_canonical_label,reviewed,fueleconomy_gov_vehicle_data | nrcan_fuel_consumption_ratings; Ontario Vehicle Population Report A historical fit-active stock,3,
mto_crosswalk,HOND,S20,2000,2000,Honda,S2000,ldv,Subcompact,Compact,Car,automatic_configured_make_alias_normalized_model_prefix,reviewed,fueleconomy_gov_vehicle_data | nrcan_fuel_consumption_ratings; Ontario Vehicle Population Report A historical fit-active stock,2,
mto_crosswalk,HOND,S20,2001,2009,Honda,S2000,ldv,Two-seater,Midsize,Car,automatic_configured_make_alias_normalized_model_prefix,reviewed,fueleconomy_gov_vehicle_data | nrcan_fuel_consumption_ratings; Ontario Vehicle Population Report A historical fit-active stock,2,
mto_crosswalk,HOND,DSI,1993,1997,Honda,del Sol,ldv,Two-seater,Midsize,Car,automatic_exact_normalized_make_reviewed_canonical_label,reviewed,fueleconomy_gov_vehicle_data | nrcan_fuel_consumption_ratings; Ontario Vehicle Population Report A historical fit-active stock,4,
mto_crosswalk,HUMM,***,1985,2009,Hummer,H3T,ldv,Pickup truck: Standard,Pickup,Light Truck,automatic_approved_current_candidate_approved_similarity_normalized_prefix,reviewed,fueleconomy_gov_vehicle_data | nrcan_fuel_consumption_ratings; Ontario Vehicle Population Report A historical fit-active stock,1,
mto_crosswalk,HYUN,ACC,1997,1998,Hyundai,Accent,ldv,Compact,Compact,Car,automatic_configured_make_alias_normalized_model_prefix,reviewed,fueleconomy_gov_vehicle_data | nrcan_fuel_consumption_ratings; Ontario Vehicle Population Report A historical fit-active stock,2,
mto_crosswalk,HYUN,ACC,2003,2003,Hyundai,Accent,ldv,Compact,Compact,Car,automatic_configured_make_alias_normalized_model_prefix,reviewed,fueleconomy_gov_vehicle_data | nrcan_fuel_consumption_ratings; Ontario Vehicle Population Report A historical fit-active stock,2,
mto_crosswalk,HYUN,ACC,2006,2006,Hyundai,Accent,ldv,Compact,Compact,Car,automatic_configured_make_alias_normalized_model_prefix,reviewed,fueleconomy_gov_vehicle_data | nrcan_fuel_consumption_ratings; Ontario Vehicle Population Report A historical fit-active stock,3,
mto_crosswalk,HYUN,ACC,2008,2008,Hyundai,Accent,ldv,Compact,Compact,Car,automatic_configured_make_alias_normalized_model_prefix,reviewed,fueleconomy_gov_vehicle_data | nrcan_fuel_consumption_ratings; Ontario Vehicle Population Report A historical fit-active stock,2,
mto_crosswalk,HYUN,ACC,2012,2012,Hyundai,Accent,ldv,Compact,Compact,Car,automatic_configured_make_alias_normalized_model_prefix,reviewed,fueleconomy_gov_vehicle_data | nrcan_fuel_consumption_ratings; Ontario Vehicle Population Report A historical fit-active stock,2,
mto_crosswalk,HYUN,ACC,2017,2020,Hyundai,Accent,ldv,Compact,Compact,Car,automatic_configured_make_alias_normalized_model_prefix,reviewed,fueleconomy_gov_vehicle_data | nrcan_fuel_consumption_ratings; Ontario Vehicle Population Report A historical fit-active stock,2,
mto_crosswalk,HYUN,CTG,2008,2008,Hyundai,Accent,ldv,Compact,Compact,Car,automatic_exact_normalized_make_reviewed_canonical_label,reviewed,fueleconomy_gov_vehicle_data | nrcan_fuel_consumption_ratings; Ontario Vehicle Population Report A historical fit-active stock,2,
mto_crosswalk,HYUN,ACC,1999,1999,Hyundai,Accent,ldv,Subcompact,Compact,Car,automatic_configured_make_alias_normalized_model_prefix,reviewed,fueleconomy_gov_vehicle_data | nrcan_fuel_consumption_ratings; Ontario Vehicle Population Report A historical fit-active stock,2,
mto_crosswalk,HYUN,AZL,2006,2009,Hyundai,Azera,ldv,Full-size,Midsize,Car,automatic_exact_normalized_make_reviewed_canonical_label,reviewed,fueleconomy_gov_vehicle_data | nrcan_fuel_consumption_ratings; Ontario Vehicle Population Report A historical fit-active stock,2,
mto_crosswalk,HYUN,ELA,1995,1995,Hyundai,Elantra,ldv,Compact,Compact,Car,automatic_configured_make_alias_normalized_model_prefix,reviewed,fueleconomy_gov_vehicle_data | nrcan_fuel_consumption_ratings; Ontario Vehicle Population Report A historical fit-active stock,2,
mto_crosswalk,HYUN,ELA,1997,2000,Hyundai,Elantra,ldv,Compact,Compact,Car,automatic_configured_make_alias_normalized_model_prefix,reviewed,fueleconomy_gov_vehicle_data | nrcan_fuel_consumption_ratings; Ontario Vehicle Population Report A historical fit-active stock,2,
mto_crosswalk,HYUN,ELA,2006,2006,Hyundai,Elantra,ldv,Compact,Compact,Car,automatic_configured_make_alias_normalized_model_prefix,reviewed,fueleconomy_gov_vehicle_data | nrcan_fuel_consumption_ratings; Ontario Vehicle Population Report A historical fit-active stock,2,
mto_crosswalk,HYUN,CEA,1992,2009,Hyundai,Elantra,ldv,Mid-size,Midsize,Car,automatic_exact_normalized_make_reviewed_canonical_label,reviewed,fueleconomy_gov_vehicle_data | nrcan_fuel_consumption_ratings; Ontario Vehicle Population Report A historical fit-active stock,2,
mto_crosswalk,HYUN,ELA,2008,2008,Hyundai,Elantra,ldv,Mid-size,Midsize,Car,automatic_configured_make_alias_normalized_model_prefix,reviewed,fueleconomy_gov_vehicle_data | nrcan_fuel_consumption_ratings; Ontario Vehicle Population Report A historical fit-active stock,2,
mto_crosswalk,HYUN,ELA,2012,2012,Hyundai,Elantra,ldv,Mid-size,Midsize,Car,automatic_configured_make_alias_normalized_model_prefix,reviewed,fueleconomy_gov_vehicle_data | nrcan_fuel_consumption_ratings; Ontario Vehicle Population Report A historical fit-active stock,2,
mto_crosswalk,HYUN,ELA,2016,2020,Hyundai,Elantra,ldv,Mid-size,Midsize,Car,automatic_configured_make_alias_normalized_model_prefix,reviewed,fueleconomy_gov_vehicle_data | nrcan_fuel_consumption_ratings; Ontario Vehicle Population Report A historical fit-active stock,5,
mto_crosswalk,HYUN,ELA,2025,2026,Hyundai,Elantra,ldv,Mid-size,Midsize,Car,automatic_configured_make_alias_normalized_model_prefix,reviewed,fueleconomy_gov_vehicle_data | nrcan_fuel_consumption_ratings; Ontario Vehicle Population Report A historical fit-active stock,10,
mto_crosswalk,HYUN,ESM,2017,2020,Hyundai,Elantra,ldv,Mid-size,Midsize,Car,automatic_exact_normalized_make_reviewed_canonical_label,reviewed,fueleconomy_gov_vehicle_data | nrcan_fuel_consumption_ratings; Ontario Vehicle Population Report A historical fit-active stock,5,
mto_crosswalk,HYUN,ENT,2006,2010,Hyundai,Entourage,ldv,Minivan,Midsize SUV,Light Truck,automatic_approved_current_candidate_approved_similarity_normalized_prefix,reviewed,fueleconomy_gov_vehicle_data | nrcan_fuel_consumption_ratings; Ontario Vehicle Population Report A historical fit-active stock,1,
mto_crosswalk,HYUN,EST,2001,2005,Hyundai,Entourage,ldv,Minivan,Midsize SUV,Light Truck,automatic_exact_normalized_make_reviewed_canonical_label,reviewed,fueleconomy_gov_vehicle_data | nrcan_fuel_consumption_ratings; Ontario Vehicle Population Report A historical fit-active stock,2,
mto_crosswalk,HYUN,ETO,2009,2009,Hyundai,Entourage,ldv,Minivan,Midsize SUV,Light Truck,automatic_exact_normalized_make_reviewed_canonical_label,reviewed,fueleconomy_gov_vehicle_data | nrcan_fuel_consumption_ratings; Ontario Vehicle Population Report A historical fit-active stock,2,
mto_crosswalk,HYUN,CRU,2016,2016,Hyundai,Equus,ldv,Full-size,Midsize,Car,automatic_exact_normalized_make_reviewed_canonical_label,reviewed,fueleconomy_gov_vehicle_data | nrcan_fuel_consumption_ratings; Ontario Vehicle Population Report A historical fit-active stock,2,
mto_crosswalk,HYUN,EXL,1986,1993,Hyundai,Excel,ldv,Subcompact,Compact,Car,automatic_approved_current_candidate_approved_similarity_string_similarity,reviewed,fueleconomy_gov_vehicle_data; Ontario Vehicle Population Report A historical fit-active stock,1,
mto_crosswalk,HYUN,EXL,2020,2026,Hyundai,Excel,ldv,Subcompact,Compact,Car,automatic_approved_current_candidate_approved_similarity_string_similarity,reviewed,fueleconomy_gov_vehicle_data; Ontario Vehicle Population Report A historical fit-active stock,1,
mto_crosswalk,HYUN,EGE,2013,2014,Hyundai,Genesis,ldv,Full-size,Midsize,Car,automatic_exact_normalized_make_reviewed_canonical_label,reviewed,fueleconomy_gov_vehicle_data | nrcan_fuel_consumption_ratings; Ontario Vehicle Population Report A historical fit-active stock,2,
mto_crosswalk,HYUN,GC3,2011,2011,Hyundai,Genesis,ldv,Full-size,Midsize,Car,automatic_exact_normalized_make_reviewed_canonical_label,reviewed,fueleconomy_gov_vehicle_data | nrcan_fuel_consumption_ratings; Ontario Vehicle Population Report A historical fit-active stock,2,
mto_crosswalk,HYUN,GC3,2014,2014,Hyundai,Genesis,ldv,Full-size,Midsize,Car,automatic_exact_normalized_make_reviewed_canonical_label,reviewed,fueleconomy_gov_vehicle_data | nrcan_fuel_consumption_ratings; Ontario Vehicle Population Report A historical fit-active stock,2,
mto_crosswalk,HYUN,GN5,2012,2014,Hyundai,Genesis,ldv,Full-size,Midsize,Car,automatic_exact_normalized_make_reviewed_canonical_label,reviewed,fueleconomy_gov_vehicle_data | nrcan_fuel_consumption_ratings; Ontario Vehicle Population Report A historical fit-active stock,2,
mto_crosswalk,HYUN,PGS,2010,2010,Hyundai,Genesis,ldv,Full-size,Midsize,Car,automatic_exact_normalized_make_reviewed_canonical_label,reviewed,fueleconomy_gov_vehicle_data | nrcan_fuel_consumption_ratings; Ontario Vehicle Population Report A historical fit-active stock,2,
mto_crosswalk,HYUN,GC3,2015,2016,Hyundai,Genesis AWD,ldv,Full-size,Midsize,Car,automatic_exact_normalized_make_reviewed_canonical_label,reviewed,fueleconomy_gov_vehicle_data | nrcan_fuel_consumption_ratings; Ontario Vehicle Population Report A historical fit-active stock,3,
mto_crosswalk,HYUN,GN5,2015,2016,Hyundai,Genesis AWD,ldv,Full-size,Midsize,Car,automatic_exact_normalized_make_reviewed_canonical_label,reviewed,fueleconomy_gov_vehicle_data | nrcan_fuel_consumption_ratings; Ontario Vehicle Population Report A historical fit-active stock,3,
mto_crosswalk,HYUN,ION,2017,2022,Hyundai,IONIQ,ldv,Full-size,Midsize,Car,automatic_configured_make_alias_normalized_model_prefix,reviewed,fueleconomy_gov_vehicle_data | nrcan_fuel_consumption_ratings; Ontario Vehicle Population Report A historical fit-active stock,2,
mto_crosswalk,HYUN,ISP,2019,2022,Hyundai,IONIQ,ldv,Full-size,Midsize,Car,automatic_exact_normalized_make_reviewed_canonical_label,reviewed,fueleconomy_gov_vehicle_data | nrcan_fuel_consumption_ratings; Ontario Vehicle Population Report A historical fit-active stock,2,
mto_crosswalk,HYUN,KON,2018,2020,Hyundai,Kona,ldv,Sport utility vehicle: Small,Small SUV,Light Truck,automatic_approved_current_candidate_approved_similarity_normalized_prefix,reviewed,fueleconomy_gov_vehicle_data | nrcan_fuel_consumption_ratings; Ontario Vehicle Population Report A historical fit-active stock,1,
mto_crosswalk,HYUN,KON,2022,2024,Hyundai,Kona,ldv,Sport utility vehicle: Small,Small SUV,Light Truck,automatic_approved_current_candidate_approved_similarity_normalized_prefix,reviewed,fueleconomy_gov_vehicle_data | nrcan_fuel_consumption_ratings; Ontario Vehicle Population Report A historical fit-active stock,1,
mto_crosswalk,HYUN,KON,2026,2026,Hyundai,Kona,ldv,Sport utility vehicle: Small,Small SUV,Light Truck,automatic_approved_current_candidate_approved_similarity_normalized_prefix,reviewed,fueleconomy_gov_vehicle_data | nrcan_fuel_consumption_ratings; Ontario Vehicle Population Report A historical fit-active stock,1,
mto_crosswalk,HYUN,MYE,2026,2026,Hyundai,Nexo,ldv,Sport utility vehicle: Small,Small SUV,Light Truck,automatic_exact_normalized_make_reviewed_canonical_label,reviewed,fueleconomy_gov_vehicle_data; Ontario Vehicle Population Report A historical fit-active stock,2,
mto_crosswalk,HYUN,P2L,2024,2025,Hyundai,Palisade,ldv,Sport utility vehicle: Small,Small SUV,Light Truck,automatic_exact_normalized_make_reviewed_canonical_label,reviewed,fueleconomy_gov_vehicle_data | nrcan_fuel_consumption_ratings; Ontario Vehicle Population Report A historical fit-active stock,3,
mto_crosswalk,HYUN,P5L,2024,2025,Hyundai,Palisade,ldv,Sport utility vehicle: Small,Small SUV,Light Truck,automatic_exact_normalized_make_reviewed_canonical_label,reviewed,fueleconomy_gov_vehicle_data | nrcan_fuel_consumption_ratings; Ontario Vehicle Population Report A historical fit-active stock,3,
mto_crosswalk,HYUN,SAN,2001,2023,Hyundai,Santa Fe,ldv,Sport utility vehicle: Small,Small SUV,Light Truck,automatic_configured_make_alias_normalized_model_prefix,reviewed,fueleconomy_gov_vehicle_data | nrcan_fuel_consumption_ratings; Ontario Vehicle Population Report A historical fit-active stock,14,
mto_crosswalk,HYUN,SAN,2025,2025,Hyundai,Santa Fe,ldv,Sport utility vehicle: Small,Small SUV,Light Truck,automatic_configured_make_alias_normalized_model_prefix,reviewed,fueleconomy_gov_vehicle_data | nrcan_fuel_consumption_ratings; Ontario Vehicle Population Report A historical fit-active stock,8,
mto_crosswalk,HYUN,SFT,2013,2018,Hyundai,Santa Fe,ldv,Sport utility vehicle: Small,Small SUV,Light Truck,automatic_exact_normalized_make_reviewed_canonical_label,reviewed,fueleconomy_gov_vehicle_data | nrcan_fuel_consumption_ratings; Ontario Vehicle Population Report A historical fit-active stock,14,
mto_crosswalk,HYUN,SHL,2016,2019,Hyundai,Sonata,ldv,Full-size,Midsize,Car,automatic_exact_normalized_make_reviewed_canonical_label,reviewed,fueleconomy_gov_vehicle_data | nrcan_fuel_consumption_ratings; Ontario Vehicle Population Report A historical fit-active stock,2,
mto_crosswalk,HYUN,SOL,2006,2006,Hyundai,Sonata,ldv,Full-size,Midsize,Car,automatic_exact_normalized_make_reviewed_canonical_label,reviewed,fueleconomy_gov_vehicle_data | nrcan_fuel_consumption_ratings; Ontario Vehicle Population Report A historical fit-active stock,2,
mto_crosswalk,HYUN,SOL,1995,2005,Hyundai,Sonata,ldv,Mid-size,Midsize,Car,automatic_exact_normalized_make_reviewed_canonical_label,reviewed,fueleconomy_gov_vehicle_data | nrcan_fuel_consumption_ratings; Ontario Vehicle Population Report A historical fit-active stock,2,
mto_crosswalk,HYUN,SON,1995,2019,Hyundai,Sonata,ldv,Mid-size,Midsize,Car,automatic_exact_normalized_make_reviewed_canonical_label,reviewed,fueleconomy_gov_vehicle_data | nrcan_fuel_consumption_ratings; Ontario Vehicle Population Report A historical fit-active stock,3,
mto_crosswalk,HYUN,ASP,2016,2019,Hyundai,Sonata Sport,ldv,Full-size,Midsize,Car,automatic_approved_current_candidate_approved_similarity_normalized_substring,reviewed,fueleconomy_gov_vehicle_data | nrcan_fuel_consumption_ratings; Ontario Vehicle Population Report A historical fit-active stock,1,
mto_crosswalk,HYUN,TIB,1997,2008,Hyundai,Tiburon,ldv,Subcompact,Compact,Car,automatic_approved_current_candidate_approved_similarity_normalized_prefix,reviewed,fueleconomy_gov_vehicle_data | nrcan_fuel_consumption_ratings; Ontario Vehicle Population Report A historical fit-active stock,1,
mto_crosswalk,HYUN,CPS,2007,2007,Hyundai,Tucson,ldv,Sport utility vehicle: Small,Small SUV,Light Truck,automatic_exact_normalized_make_reviewed_canonical_label,reviewed,fueleconomy_gov_vehicle_data | nrcan_fuel_consumption_ratings; Ontario Vehicle Population Report A historical fit-active stock,4,
mto_crosswalk,HYUN,CSN,1991,2007,Hyundai,Tucson,ldv,Sport utility vehicle: Small,Small SUV,Light Truck,automatic_exact_normalized_make_reviewed_canonical_label,reviewed,fueleconomy_gov_vehicle_data | nrcan_fuel_consumption_ratings; Ontario Vehicle Population Report A historical fit-active stock,4,
mto_crosswalk,HYUN,GTL,2006,2006,Hyundai,Tucson,ldv,Sport utility vehicle: Small,Small SUV,Light Truck,automatic_exact_normalized_make_reviewed_canonical_label,reviewed,fueleconomy_gov_vehicle_data | nrcan_fuel_consumption_ratings; Ontario Vehicle Population Report A historical fit-active stock,4,
mto_crosswalk,HYUN,TUC,2005,2026,Hyundai,Tucson,ldv,Sport utility vehicle: Small,Small SUV,Light Truck,automatic_approved_current_candidate_approved_similarity_normalized_prefix,reviewed,fueleconomy_gov_vehicle_data | nrcan_fuel_consumption_ratings; Ontario Vehicle Population Report A historical fit-active stock,1,
mto_crosswalk,HYUN,VEL,2011,2019,Hyundai,Veloster,ldv,Compact,Compact,Car,automatic_approved_current_candidate_approved_similarity_normalized_prefix,reviewed,fueleconomy_gov_vehicle_data | nrcan_fuel_consumption_ratings; Ontario Vehicle Population Report A historical fit-active stock,1,
mto_crosswalk,HYUN,GV7,2022,2023,Hyundai,Venue,ldv,Mid-size,Midsize,Car,automatic_exact_normalized_make_reviewed_canonical_label,reviewed,fueleconomy_gov_vehicle_data | nrcan_fuel_consumption_ratings; Ontario Vehicle Population Report A historical fit-active stock,2,
mto_crosswalk,HYUN,M3E,2023,2023,Hyundai,Venue,ldv,Mid-size,Midsize,Car,automatic_exact_normalized_make_reviewed_canonical_label,reviewed,fueleconomy_gov_vehicle_data | nrcan_fuel_consumption_ratings; Ontario Vehicle Population Report A historical fit-active stock,2,
mto_crosswalk,HYUN,M5E,2023,2023,Hyundai,Venue,ldv,Mid-size,Midsize,Car,automatic_exact_normalized_make_reviewed_canonical_label,reviewed,fueleconomy_gov_vehicle_data | nrcan_fuel_consumption_ratings; Ontario Vehicle Population Report A historical fit-active stock,2,
mto_crosswalk,HYUN,GV7,2024,2025,Hyundai,Venue,ldv,Sport utility vehicle: Small,Small SUV,Light Truck,automatic_exact_normalized_make_reviewed_canonical_label,reviewed,fueleconomy_gov_vehicle_data | nrcan_fuel_consumption_ratings; Ontario Vehicle Population Report A historical fit-active stock,2,
mto_crosswalk,HYUN,M3E,2024,2025,Hyundai,Venue,ldv,Sport utility vehicle: Small,Small SUV,Light Truck,automatic_exact_normalized_make_reviewed_canonical_label,reviewed,fueleconomy_gov_vehicle_data | nrcan_fuel_consumption_ratings; Ontario Vehicle Population Report A historical fit-active stock,2,
mto_crosswalk,HYUN,M5E,2024,2025,Hyundai,Venue,ldv,Sport utility vehicle: Small,Small SUV,Light Truck,automatic_exact_normalized_make_reviewed_canonical_label,reviewed,fueleconomy_gov_vehicle_data | nrcan_fuel_consumption_ratings; Ontario Vehicle Population Report A historical fit-active stock,2,
mto_crosswalk,HYUN,XG5,2002,2004,Hyundai,XG350,ldv,Mid-size,Midsize,Car,automatic_exact_normalized_make_reviewed_canonical_label,reviewed,fueleconomy_gov_vehicle_data | nrcan_fuel_consumption_ratings; Ontario Vehicle Population Report A historical fit-active stock,2,
mto_crosswalk,INFI,G20,1993,2002,Infiniti,G20,ldv,Compact,Compact,Car,automatic_exact_normalized_make_reviewed_canonical_label,reviewed,fueleconomy_gov_vehicle_data | nrcan_fuel_consumption_ratings; Ontario Vehicle Population Report A historical fit-active stock,2,
mto_crosswalk,INFI,G2A,2011,2012,Infiniti,G25,ldv,Mid-size,Midsize,Car,automatic_exact_normalized_make_reviewed_canonical_label,reviewed,fueleconomy_gov_vehicle_data | nrcan_fuel_consumption_ratings; Ontario Vehicle Population Report A historical fit-active stock,2,
mto_crosswalk,INFI,G35,2003,2006,Infiniti,G35,ldv,Compact,Compact,Car,automatic_normalized_make_prefix_exact_normalized_model,reviewed,fueleconomy_gov_vehicle_data | nrcan_fuel_consumption_ratings; Ontario Vehicle Population Report A historical fit-active stock,5,
mto_crosswalk,INFI,G35,2007,2008,Infiniti,G35,ldv,Mid-size,Midsize,Car,automatic_normalized_make_prefix_exact_normalized_model,reviewed,fueleconomy_gov_vehicle_data | nrcan_fuel_consumption_ratings; Ontario Vehicle Population Report A historical fit-active stock,2,
mto_crosswalk,INFI,G3S,2009,2013,Infiniti,G37,ldv,Mid-size,Midsize,Car,automatic_exact_normalized_make_reviewed_canonical_label,reviewed,fueleconomy_gov_vehicle_data | nrcan_fuel_consumption_ratings; Ontario Vehicle Population Report A historical fit-active stock,2,
mto_crosswalk,INFI,GBS,2009,2012,Infiniti,G37,ldv,Mid-size,Midsize,Car,automatic_exact_normalized_make_reviewed_canonical_label,reviewed,fueleconomy_gov_vehicle_data | nrcan_fuel_consumption_ratings; Ontario Vehicle Population Report A historical fit-active stock,2,
mto_crosswalk,INFI,G3S,2008,2008,Infiniti,G37,ldv,Subcompact,Compact,Car,automatic_exact_normalized_make_reviewed_canonical_label,reviewed,fueleconomy_gov_vehicle_data | nrcan_fuel_consumption_ratings; Ontario Vehicle Population Report A historical fit-active stock,2,
mto_crosswalk,INFI,I30,1996,2001,Infiniti,I30,ldv,Mid-size,Midsize,Car,automatic_exact_normalized_make_reviewed_canonical_label,reviewed,fueleconomy_gov_vehicle_data | nrcan_fuel_consumption_ratings; Ontario Vehicle Population Report A historical fit-active stock,2,
mto_crosswalk,INFI,I35,2002,2004,Infiniti,I35,ldv,Mid-size,Midsize,Car,automatic_exact_normalized_make_reviewed_canonical_label,reviewed,fueleconomy_gov_vehicle_data | nrcan_fuel_consumption_ratings; Ontario Vehicle Population Report A historical fit-active stock,2,
mto_crosswalk,INFI,J35,2013,2013,Infiniti,JX35,ldv,Sport utility vehicle: Small,Small SUV,Light Truck,automatic_approved_current_candidate_approved_similarity_string_similarity,reviewed,fueleconomy_gov_vehicle_data | nrcan_fuel_consumption_ratings; Ontario Vehicle Population Report A historical fit-active stock,1,
mto_crosswalk,INFI,M3A,2007,2010,Infiniti,M35,ldv,Full-size,Midsize,Car,automatic_exact_normalized_make_reviewed_canonical_label,reviewed,fueleconomy_gov_vehicle_data | nrcan_fuel_consumption_ratings; Ontario Vehicle Population Report A historical fit-active stock,2,
mto_crosswalk,INFI,M3S,2006,2010,Infiniti,M35,ldv,Full-size,Midsize,Car,automatic_exact_normalized_make_reviewed_canonical_label,reviewed,fueleconomy_gov_vehicle_data | nrcan_fuel_consumption_ratings; Ontario Vehicle Population Report A historical fit-active stock,3,
mto_crosswalk,INFI,M7X,2011,2013,Infiniti,M37x,ldv,Mid-size,Midsize,Car,automatic_approved_current_candidate_approved_similarity_string_similarity,reviewed,fueleconomy_gov_vehicle_data | nrcan_fuel_consumption_ratings; Ontario Vehicle Population Report A historical fit-active stock,1,
mto_crosswalk,INFI,Q40,2015,2018,Infiniti,Q40,ldv,Mid-size,Midsize,Car,automatic_approved_current_candidate_approved_similarity_exact_normalized,reviewed,fueleconomy_gov_vehicle_data; Ontario Vehicle Population Report A historical fit-active stock,1,
mto_crosswalk,INFI,Q45,2003,2003,Infiniti,Q45,ldv,Full-size,Midsize,Car,automatic_exact_normalized_make_reviewed_canonical_label,reviewed,fueleconomy_gov_vehicle_data | nrcan_fuel_consumption_ratings; Ontario Vehicle Population Report A historical fit-active stock,2,
mto_crosswalk,INFI,Q45,1990,2002,Infiniti,Q45,ldv,Mid-size,Midsize,Car,automatic_exact_normalized_make_reviewed_canonical_label,reviewed,fueleconomy_gov_vehicle_data | nrcan_fuel_consumption_ratings; Ontario Vehicle Population Report A historical fit-active stock,3,
mto_crosswalk,INFI,Q45,2004,2005,Infiniti,Q45,ldv,Mid-size,Midsize,Car,automatic_exact_normalized_make_reviewed_canonical_label,reviewed,fueleconomy_gov_vehicle_data | nrcan_fuel_consumption_ratings; Ontario Vehicle Population Report A historical fit-active stock,2,
mto_crosswalk,INFI,Q5H,2014,2018,Infiniti,Q50 Hybrid,ldv,Compact,Compact,Car,automatic_exact_normalized_make_reviewed_canonical_label,reviewed,fueleconomy_gov_vehicle_data | nrcan_fuel_consumption_ratings; Ontario Vehicle Population Report A historical fit-active stock,4,
mto_crosswalk,INFI,Q5S,2014,2015,Infiniti,Q50S,ldv,Compact,Compact,Car,automatic_normalized_make_prefix_anchored_consonant_abbreviation,reviewed,fueleconomy_gov_vehicle_data; Ontario Vehicle Population Report A historical fit-active stock,2,
mto_crosswalk,INFI,QX5,2019,2025,Infiniti,QX50,ldv,Sport utility vehicle: Small,Small SUV,Light Truck,automatic_exact_normalized_make_reviewed_canonical_label,reviewed,fueleconomy_gov_vehicle_data | nrcan_fuel_consumption_ratings; Ontario Vehicle Population Report A historical fit-active stock,3,
mto_crosswalk,INFI,QX5,2004,2018,Infiniti,QX50,ldv,Station wagon: Small,Midsize,Car,automatic_exact_normalized_make_reviewed_canonical_label,reviewed,fueleconomy_gov_vehicle_data | nrcan_fuel_consumption_ratings; Ontario Vehicle Population Report A historical fit-active stock,3,
mto_crosswalk,INFI,QX6,2014,2018,Infiniti,QX60,ldv,Sport utility vehicle: Small,Small SUV,Light Truck,automatic_normalized_make_prefix_normalized_model_prefix,reviewed,fueleconomy_gov_vehicle_data | nrcan_fuel_consumption_ratings; Ontario Vehicle Population Report A historical fit-active stock,3,
mto_crosswalk,INFI,QX6,2025,2026,Infiniti,QX60,ldv,Sport utility vehicle: Standard,Midsize SUV,Light Truck,automatic_normalized_make_prefix_normalized_model_prefix,reviewed,fueleconomy_gov_vehicle_data | nrcan_fuel_consumption_ratings; Ontario Vehicle Population Report A historical fit-active stock,3,
mto_crosswalk,INFI,QX7,2014,2017,Infiniti,QX70,ldv,Sport utility vehicle: Small,Small SUV,Light Truck,automatic_approved_current_candidate_approved_similarity_normalized_prefix,reviewed,fueleconomy_gov_vehicle_data | nrcan_fuel_consumption_ratings; Ontario Vehicle Population Report A historical fit-active stock,1,
mto_crosswalk,INFI,CHG,2017,2018,Infiniti,QX80,ldv,Sport utility vehicle: Standard,Midsize SUV,Light Truck,automatic_exact_normalized_make_reviewed_canonical_label,reviewed,fueleconomy_gov_vehicle_data | nrcan_fuel_consumption_ratings; Ontario Vehicle Population Report A historical fit-active stock,3,
mto_crosswalk,INFI,QX8,2014,2026,Infiniti,QX80,ldv,Sport utility vehicle: Standard,Midsize SUV,Light Truck,automatic_approved_current_candidate_approved_similarity_normalized_prefix,reviewed,fueleconomy_gov_vehicle_data | nrcan_fuel_consumption_ratings; Ontario Vehicle Population Report A historical fit-active stock,1,
mto_crosswalk,INTL,560,2000,2014,International,5600i,non_ldv_unclassified,,,,automatic_reviewed_manual_make_reviewed_two_pass_agreement,reviewed,reviewed_mto_make_model_evidence; Ontario Vehicle Population Report A historical fit-active stock,0,Public evidence supports the family but not an LDV class hierarchy.
mto_crosswalk,INTL,590,2001,2017,International,5900i,non_ldv_unclassified,,,,automatic_reviewed_manual_make_reviewed_two_pass_agreement,reviewed,reviewed_mto_make_model_evidence; Ontario Vehicle Population Report A historical fit-active stock,0,Public evidence supports the family but not an LDV class hierarchy.
mto_crosswalk,INTL,90S,1990,2000,International,900,mhdv,,,,automatic_reviewed_manual_make_reviewed_two_pass_agreement,reviewed,reviewed_mto_make_model_evidence; Ontario Vehicle Population Report A historical fit-active stock,0,Public evidence supports a mapped non-LDV truck family.
mto_crosswalk,INTL,920,1993,2011,International,9200,mhdv,,,,automatic_reviewed_manual_make_reviewed_two_pass_agreement,reviewed,reviewed_mto_make_model_evidence; Ontario Vehicle Population Report A historical fit-active stock,0,Public evidence supports a mapped non-LDV truck family.
mto_crosswalk,INTL,940,1999,2007,International,9400,mhdv,,,,automatic_reviewed_manual_make_reviewed_two_pass_agreement,reviewed,reviewed_mto_make_model_evidence; Ontario Vehicle Population Report A historical fit-active stock,0,Public evidence supports a mapped non-LDV truck family.
mto_crosswalk,INTL,990,1999,2018,International,9900,non_ldv_unclassified,,,,automatic_reviewed_manual_make_reviewed_two_pass_agreement,reviewed,reviewed_mto_make_model_evidence; Ontario Vehicle Population Report A historical fit-active stock,0,Public evidence supports the family but not an LDV class hierarchy.
mto_crosswalk,INTL,HX6,2017,2026,International,HX62Z,non_ldv_unclassified,,,,automatic_reviewed_manual_make_reviewed_two_pass_agreement,reviewed,reviewed_mto_make_model_evidence; Ontario Vehicle Population Report A historical fit-active stock,0,Public evidence supports the family but not an LDV class hierarchy.
mto_crosswalk,INTE,MV6,2019,2026,International,MV60E,mhdv,,,,automatic_reviewed_manual_make_reviewed_two_pass_agreement,reviewed,reviewed_mto_make_model_evidence; Ontario Vehicle Population Report A historical fit-active stock,0,Public evidence supports a mapped non-LDV truck family.
mto_crosswalk,INTL,RH6,2018,2026,International,RH61T,mhdv,,,,automatic_reviewed_manual_make_reviewed_two_pass_agreement,reviewed,reviewed_mto_make_model_evidence; Ontario Vehicle Population Report A historical fit-active stock,0,Public evidence supports a mapped non-LDV truck family.
mto_crosswalk,JAGU,FCS,2014,2017,Jaguar,F-Pace,ldv,Sport utility vehicle: Small,Small SUV,Light Truck,automatic_exact_normalized_make_reviewed_canonical_label,reviewed,fueleconomy_gov_vehicle_data | nrcan_fuel_consumption_ratings; Ontario Vehicle Population Report A historical fit-active stock,2,
mto_crosswalk,JAGU,FPC,2017,2026,Jaguar,F-Pace,ldv,Sport utility vehicle: Small,Small SUV,Light Truck,automatic_approved_current_candidate_approved_similarity_string_similarity,reviewed,fueleconomy_gov_vehicle_data | nrcan_fuel_consumption_ratings; Ontario Vehicle Population Report A historical fit-active stock,1,
mto_crosswalk,JAGU,FTP,2014,2024,Jaguar,F-TYPE,ldv,Two-seater,Midsize,Car,automatic_approved_current_candidate_approved_similarity_string_similarity,reviewed,fueleconomy_gov_vehicle_data | nrcan_fuel_consumption_ratings; Ontario Vehicle Population Report A historical fit-active stock,1,
mto_crosswalk,JAGU,PRS,2016,2024,Jaguar,F-TYPE,ldv,Two-seater,Midsize,Car,automatic_exact_normalized_make_reviewed_canonical_label,reviewed,fueleconomy_gov_vehicle_data | nrcan_fuel_consumption_ratings; Ontario Vehicle Population Report A historical fit-active stock,22,
mto_crosswalk,JAGU,CST,2000,2008,Jaguar,S-TYPE,ldv,Mid-size,Midsize,Car,automatic_exact_normalized_make_reviewed_canonical_label,reviewed,fueleconomy_gov_vehicle_data | nrcan_fuel_consumption_ratings; Ontario Vehicle Population Report A historical fit-active stock,6,
mto_crosswalk,JAGU,VDC,1994,1995,Jaguar,Vanden Plas,ldv,Compact,Compact,Car,automatic_exact_normalized_make_reviewed_canonical_label,reviewed,nrcan_fuel_consumption_ratings; Ontario Vehicle Population Report A historical fit-active stock,1,
mto_crosswalk,JAGU,VDC,2007,2007,Jaguar,Vanden Plas,ldv,Full-size,Midsize,Car,automatic_exact_normalized_make_reviewed_canonical_label,reviewed,nrcan_fuel_consumption_ratings; Ontario Vehicle Population Report A historical fit-active stock,1,
mto_crosswalk,JAGU,VDC,1996,2006,Jaguar,Vanden Plas,ldv,Mid-size,Midsize,Car,automatic_exact_normalized_make_reviewed_canonical_label,reviewed,fueleconomy_gov_vehicle_data | nrcan_fuel_consumption_ratings; Ontario Vehicle Population Report A historical fit-active stock,4,
mto_crosswalk,JAGU,VDP,1988,2007,Jaguar,Vdp,ldv,Full-size,Midsize,Car,automatic_exact_normalized_make_reviewed_canonical_label,reviewed,fueleconomy_gov_vehicle_data; Ontario Vehicle Population Report A historical fit-active stock,1,
mto_crosswalk,JAGU,HDE,2019,2024,Jaguar,XE,ldv,Compact,Compact,Car,automatic_exact_normalized_make_reviewed_canonical_label,reviewed,fueleconomy_gov_vehicle_data | nrcan_fuel_consumption_ratings; Ontario Vehicle Population Report A historical fit-active stock,7,
mto_crosswalk,JAGU,XER,2017,2020,Jaguar,XE,ldv,Compact,Compact,Car,automatic_exact_normalized_make_reviewed_canonical_label,reviewed,fueleconomy_gov_vehicle_data | nrcan_fuel_consumption_ratings; Ontario Vehicle Population Report A historical fit-active stock,7,
mto_crosswalk,JAGU,XET,2017,2020,Jaguar,XE,ldv,Compact,Compact,Car,automatic_exact_normalized_make_reviewed_canonical_label,reviewed,fueleconomy_gov_vehicle_data | nrcan_fuel_consumption_ratings; Ontario Vehicle Population Report A historical fit-active stock,7,
mto_crosswalk,JAGU,CX3,2002,2003,Jaguar,XJ,ldv,Compact,Compact,Car,automatic_exact_normalized_make_reviewed_canonical_label,reviewed,fueleconomy_gov_vehicle_data | nrcan_fuel_consumption_ratings; Ontario Vehicle Population Report A historical fit-active stock,2,
mto_crosswalk,JAGU,CJB,2011,2019,Jaguar,XJ,ldv,Full-size,Midsize,Car,automatic_exact_normalized_make_reviewed_canonical_label,reviewed,fueleconomy_gov_vehicle_data | nrcan_fuel_consumption_ratings; Ontario Vehicle Population Report A historical fit-active stock,8,
mto_crosswalk,JAGU,CLP,2009,2010,Jaguar,XJ,ldv,Full-size,Midsize,Car,automatic_exact_normalized_make_reviewed_canonical_label,reviewed,fueleconomy_gov_vehicle_data; Ontario Vehicle Population Report A historical fit-active stock,1,
mto_crosswalk,JAGU,XJ6,1988,1997,Jaguar,XJ6,ldv,Compact,Compact,Car,automatic_exact_normalized_make_reviewed_canonical_label,reviewed,fueleconomy_gov_vehicle_data | nrcan_fuel_consumption_ratings; Ontario Vehicle Population Report A historical fit-active stock,2,
mto_crosswalk,JAGU,XJ6,1981,1987,Jaguar,XJ6,ldv,Subcompact,Compact,Car,automatic_exact_normalized_make_reviewed_canonical_label,reviewed,fueleconomy_gov_vehicle_data; Ontario Vehicle Population Report A historical fit-active stock,1,
mto_crosswalk,JAGU,CX3,2004,2008,Jaguar,XJ8,ldv,Compact,Compact,Car,automatic_exact_normalized_make_reviewed_canonical_label,reviewed,fueleconomy_gov_vehicle_data | nrcan_fuel_consumption_ratings; Ontario Vehicle Population Report A historical fit-active stock,4,
mto_crosswalk,JAGU,CKR,2008,2015,Jaguar,XK,ldv,Minicompact,Compact,Car,automatic_exact_normalized_make_reviewed_canonical_label,reviewed,fueleconomy_gov_vehicle_data | nrcan_fuel_consumption_ratings; Ontario Vehicle Population Report A historical fit-active stock,4,
mto_crosswalk,JAGU,CXH,2011,2015,Jaguar,XK,ldv,Minicompact,Compact,Car,automatic_exact_normalized_make_reviewed_canonical_label,reviewed,fueleconomy_gov_vehicle_data | nrcan_fuel_consumption_ratings; Ontario Vehicle Population Report A historical fit-active stock,4,
mto_crosswalk,JAGU,CJ8,1998,2009,Jaguar,XK8,ldv,Subcompact,Compact,Car,automatic_exact_normalized_make_reviewed_canonical_label,reviewed,fueleconomy_gov_vehicle_data | nrcan_fuel_consumption_ratings; Ontario Vehicle Population Report A historical fit-active stock,2,
mto_crosswalk,JAGU,CKR,2000,2004,Jaguar,XK8,ldv,Subcompact,Compact,Car,automatic_exact_normalized_make_reviewed_canonical_label,reviewed,fueleconomy_gov_vehicle_data | nrcan_fuel_consumption_ratings; Ontario Vehicle Population Report A historical fit-active stock,4,
mto_crosswalk,JAGU,CKR,2006,2006,Jaguar,XK8,ldv,Subcompact,Compact,Car,automatic_exact_normalized_make_reviewed_canonical_label,reviewed,fueleconomy_gov_vehicle_data | nrcan_fuel_consumption_ratings; Ontario Vehicle Population Report A historical fit-active stock,4,
mto_crosswalk,JAGU,CX8,1997,2006,Jaguar,XK8,ldv,Subcompact,Compact,Car,automatic_exact_normalized_make_reviewed_canonical_label,reviewed,fueleconomy_gov_vehicle_data | nrcan_fuel_consumption_ratings; Ontario Vehicle Population Report A historical fit-active stock,2,
mto_crosswalk,JEEP,CCK,2014,2015,Jeep,Cherokee,ldv,Sport utility vehicle: Small,Small SUV,Light Truck,automatic_configured_make_alias_reviewed_canonical_label,reviewed,fueleconomy_gov_vehicle_data | nrcan_fuel_consumption_ratings; Ontario Vehicle Population Report A historical fit-active stock,10,
mto_crosswalk,JEEP,CHK,1982,1983,Jeep,Cherokee,ldv,Sport utility vehicle: Small,Small SUV,Light Truck,automatic_exact_normalized_make_anchored_consonant_abbreviation,reviewed,fueleconomy_gov_vehicle_data | nrcan_fuel_consumption_ratings; Ontario Vehicle Population Report A historical fit-active stock,8,
mto_crosswalk,JEEP,CHK,1989,1989,Jeep,Cherokee,ldv,Sport utility vehicle: Small,Small SUV,Light Truck,automatic_exact_normalized_make_anchored_consonant_abbreviation,reviewed,fueleconomy_gov_vehicle_data | nrcan_fuel_consumption_ratings; Ontario Vehicle Population Report A historical fit-active stock,8,
mto_crosswalk,JEEP,CHK,1996,2001,Jeep,Cherokee,ldv,Sport utility vehicle: Small,Small SUV,Light Truck,automatic_exact_normalized_make_anchored_consonant_abbreviation,reviewed,fueleconomy_gov_vehicle_data | nrcan_fuel_consumption_ratings; Ontario Vehicle Population Report A historical fit-active stock,8,
mto_crosswalk,JEEP,CHK,2014,2024,Jeep,Cherokee,ldv,Sport utility vehicle: Small,Small SUV,Light Truck,automatic_exact_normalized_make_anchored_consonant_abbreviation,reviewed,fueleconomy_gov_vehicle_data | nrcan_fuel_consumption_ratings; Ontario Vehicle Population Report A historical fit-active stock,10,
mto_crosswalk,JEEP,COM,1989,2026,Jeep,Comanche,ldv,Pickup truck: Standard,Pickup,Light Truck,automatic_configured_make_alias_reviewed_canonical_label,reviewed,fueleconomy_gov_vehicle_data; Ontario Vehicle Population Report A historical fit-active stock,2,
mto_crosswalk,JEEP,CMD,2006,2010,Jeep,Commander,non_ldv_unclassified,,,,automatic_reviewed_manual_make_reviewed_two_pass_agreement,reviewed,reviewed_mto_make_model_evidence; Ontario Vehicle Population Report A historical fit-active stock,0,Public evidence supports the family but not an LDV class hierarchy.
mto_crosswalk,JEEP,CCP,2011,2011,Jeep,Compass,ldv,Sport utility vehicle: Small,Small SUV,Light Truck,automatic_configured_make_alias_reviewed_canonical_label,reviewed,fueleconomy_gov_vehicle_data | nrcan_fuel_consumption_ratings; Ontario Vehicle Population Report A historical fit-active stock,4,
mto_crosswalk,JEEP,CMP,2007,2025,Jeep,Compass,ldv,Sport utility vehicle: Small,Small SUV,Light Truck,automatic_exact_normalized_make_anchored_consonant_abbreviation,reviewed,fueleconomy_gov_vehicle_data | nrcan_fuel_consumption_ratings; Ontario Vehicle Population Report A historical fit-active stock,5,
mto_crosswalk,JEEP,GLA,2025,2026,Jeep,Gladiator,ldv,Pickup truck: Standard,Pickup,Light Truck,automatic_approved_current_candidate_approved_similarity_normalized_prefix,reviewed,fueleconomy_gov_vehicle_data | nrcan_fuel_consumption_ratings; Ontario Vehicle Population Report A historical fit-active stock,1,
mto_crosswalk,JEEP,GCK,1993,1993,Jeep,Grand Cherokee,ldv,Sport utility vehicle: Standard,Midsize SUV,Light Truck,automatic_exact_normalized_make_reviewed_canonical_label,reviewed,fueleconomy_gov_vehicle_data | nrcan_fuel_consumption_ratings; Ontario Vehicle Population Report A historical fit-active stock,6,
mto_crosswalk,JEEP,GCK,1996,2025,Jeep,Grand Cherokee,ldv,Sport utility vehicle: Standard,Midsize SUV,Light Truck,automatic_exact_normalized_make_reviewed_canonical_label,reviewed,fueleconomy_gov_vehicle_data | nrcan_fuel_consumption_ratings; Ontario Vehicle Population Report A historical fit-active stock,11,
mto_crosswalk,JEEP,LIB,2002,2012,Jeep,Liberty 4X4,ldv,Subcompact,Compact,Car,automatic_approved_current_candidate_approved_similarity_normalized_prefix,reviewed,nrcan_fuel_consumption_ratings; Ontario Vehicle Population Report A historical fit-active stock,1,
mto_crosswalk,JEEP,NJG,2019,2023,Jeep,Renegade,ldv,Sport utility vehicle: Small,Small SUV,Light Truck,automatic_configured_make_alias_reviewed_canonical_label,reviewed,fueleconomy_gov_vehicle_data | nrcan_fuel_consumption_ratings; Ontario Vehicle Population Report A historical fit-active stock,6,
mto_crosswalk,JEEP,WAG,1981,1981,Jeep,Wagoneer,ldv,Sport utility vehicle: Standard,Midsize SUV,Light Truck,automatic_approved_current_candidate_approved_similarity_normalized_prefix,reviewed,fueleconomy_gov_vehicle_data | nrcan_fuel_consumption_ratings; Ontario Vehicle Population Report A historical fit-active stock,1,
mto_crosswalk,JEEP,WAG,1983,1989,Jeep,Wagoneer,ldv,Sport utility vehicle: Standard,Midsize SUV,Light Truck,automatic_approved_current_candidate_approved_similarity_normalized_prefix,reviewed,fueleconomy_gov_vehicle_data | nrcan_fuel_consumption_ratings; Ontario Vehicle Population Report A historical fit-active stock,1,
mto_crosswalk,JEEP,WAG,1991,1991,Jeep,Wagoneer,ldv,Sport utility vehicle: Standard,Midsize SUV,Light Truck,automatic_approved_current_candidate_approved_similarity_normalized_prefix,reviewed,fueleconomy_gov_vehicle_data | nrcan_fuel_consumption_ratings; Ontario Vehicle Population Report A historical fit-active stock,1,
mto_crosswalk,JEEP,WAG,1993,1993,Jeep,Wagoneer,ldv,Sport utility vehicle: Standard,Midsize SUV,Light Truck,automatic_approved_current_candidate_approved_similarity_normalized_prefix,reviewed,fueleconomy_gov_vehicle_data | nrcan_fuel_consumption_ratings; Ontario Vehicle Population Report A historical fit-active stock,1,
mto_crosswalk,JEEP,WAG,2022,2025,Jeep,Wagoneer,ldv,Sport utility vehicle: Standard,Midsize SUV,Light Truck,automatic_approved_current_candidate_approved_similarity_normalized_prefix,reviewed,fueleconomy_gov_vehicle_data | nrcan_fuel_consumption_ratings; Ontario Vehicle Population Report A historical fit-active stock,1,
mto_crosswalk,JEEP,W/Y,1989,1995,Jeep,Wrangler,ldv,Sport utility vehicle: Small,Small SUV,Light Truck,automatic_configured_make_alias_reviewed_canonical_label,reviewed,fueleconomy_gov_vehicle_data | nrcan_fuel_consumption_ratings; Ontario Vehicle Population Report A historical fit-active stock,4,
mto_crosswalk,JEEP,WRA,1988,1989,Jeep,Wrangler,ldv,Sport utility vehicle: Small,Small SUV,Light Truck,automatic_approved_current_candidate_approved_similarity_normalized_prefix,reviewed,fueleconomy_gov_vehicle_data | nrcan_fuel_consumption_ratings; Ontario Vehicle Population Report A historical fit-active stock,1,
mto_crosswalk,JEEP,WRA,1993,1993,Jeep,Wrangler,ldv,Sport utility vehicle: Small,Small SUV,Light Truck,automatic_approved_current_candidate_approved_similarity_normalized_prefix,reviewed,fueleconomy_gov_vehicle_data | nrcan_fuel_consumption_ratings; Ontario Vehicle Population Report A historical fit-active stock,1,
mto_crosswalk,JEEP,WRA,2002,2026,Jeep,Wrangler,ldv,Sport utility vehicle: Small,Small SUV,Light Truck,automatic_approved_current_candidate_approved_similarity_normalized_prefix,reviewed,fueleconomy_gov_vehicle_data | nrcan_fuel_consumption_ratings; Ontario Vehicle Population Report A historical fit-active stock,1,
mto_crosswalk,KW,5LD,2023,2026,Kenworth,542,non_ldv_unclassified,,,,automatic_reviewed_manual_make_reviewed_two_pass_agreement,reviewed,reviewed_mto_make_model_evidence; Ontario Vehicle Population Report A historical fit-active stock,0,Public evidence supports the family but not an LDV class hierarchy.
mto_crosswalk,KW,1DD,2019,2026,Kenworth,T180,mhdv,,,,automatic_reviewed_manual_make_reviewed_two_pass_agreement,reviewed,reviewed_mto_make_model_evidence; Ontario Vehicle Population Report A historical fit-active stock,0,Public evidence supports a mapped non-LDV truck family.
mto_crosswalk,KIA,ADE,2024,2026,Kia,Cadenza,ldv,Full-size,Midsize,Car,automatic_approved_current_candidate_approved_similarity_normalized_substring,reviewed,fueleconomy_gov_vehicle_data | nrcan_fuel_consumption_ratings; Ontario Vehicle Population Report A historical fit-active stock,1,
mto_crosswalk,KIA,EV6,2024,2025,Kia,EV6,ldv,Sport utility vehicle: Small,Small SUV,Light Truck,automatic_configured_make_alias_exact_normalized_model,reviewed,fueleconomy_gov_vehicle_data | nrcan_fuel_consumption_ratings; Ontario Vehicle Population Report A historical fit-active stock,9,
mto_crosswalk,KIA,EV6,2022,2023,Kia,EV6,ldv,Station wagon: Small,Midsize,Car,automatic_configured_make_alias_exact_normalized_model,reviewed,fueleconomy_gov_vehicle_data | nrcan_fuel_consumption_ratings; Ontario Vehicle Population Report A historical fit-active stock,10,
mto_crosswalk,KIA,FOR,2010,2010,Kia,Forte,ldv,Compact,Compact,Car,automatic_configured_make_alias_normalized_model_prefix,reviewed,fueleconomy_gov_vehicle_data | nrcan_fuel_consumption_ratings; Ontario Vehicle Population Report A historical fit-active stock,2,
mto_crosswalk,KIA,FOR,2016,2024,Kia,Forte,ldv,Mid-size,Midsize,Car,automatic_configured_make_alias_normalized_model_prefix,reviewed,fueleconomy_gov_vehicle_data | nrcan_fuel_consumption_ratings; Ontario Vehicle Population Report A historical fit-active stock,3,
mto_crosswalk,KIA,K4,2020,2025,Kia,K4,ldv,Mid-size,Midsize,Car,automatic_approved_current_candidate_approved_similarity_exact_normalized,reviewed,fueleconomy_gov_vehicle_data | nrcan_fuel_consumption_ratings; Ontario Vehicle Population Report A historical fit-active stock,1,
mto_crosswalk,KIA,NIR,2024,2026,Kia,Niro,ldv,Sport utility vehicle: Small,Small SUV,Light Truck,automatic_configured_make_alias_normalized_model_prefix,reviewed,fueleconomy_gov_vehicle_data | nrcan_fuel_consumption_ratings; Ontario Vehicle Population Report A historical fit-active stock,8,
mto_crosswalk,KIA,NIE,2019,2022,Kia,Niro,ldv,Station wagon: Small,Midsize,Car,automatic_configured_make_alias_reviewed_canonical_label,reviewed,fueleconomy_gov_vehicle_data | nrcan_fuel_consumption_ratings; Ontario Vehicle Population Report A historical fit-active stock,10,
mto_crosswalk,KIA,NIR,2017,2023,Kia,Niro,ldv,Station wagon: Small,Midsize,Car,automatic_configured_make_alias_normalized_model_prefix,reviewed,fueleconomy_gov_vehicle_data | nrcan_fuel_consumption_ratings; Ontario Vehicle Population Report A historical fit-active stock,10,
mto_crosswalk,KIA,OHH,2017,2020,Kia,Optima,ldv,Full-size,Midsize,Car,automatic_configured_make_alias_reviewed_canonical_label,reviewed,fueleconomy_gov_vehicle_data | nrcan_fuel_consumption_ratings; Ontario Vehicle Population Report A historical fit-active stock,2,
mto_crosswalk,KIA,OHY,2016,2020,Kia,Optima,ldv,Full-size,Midsize,Car,automatic_configured_make_alias_reviewed_canonical_label,reviewed,fueleconomy_gov_vehicle_data | nrcan_fuel_consumption_ratings; Ontario Vehicle Population Report A historical fit-active stock,2,
mto_crosswalk,KIA,OES,2011,2011,Kia,Optima,ldv,Mid-size,Midsize,Car,automatic_configured_make_alias_reviewed_canonical_label,reviewed,fueleconomy_gov_vehicle_data | nrcan_fuel_consumption_ratings; Ontario Vehicle Population Report A historical fit-active stock,4,
mto_crosswalk,KIA,OHY,2011,2015,Kia,Optima,ldv,Mid-size,Midsize,Car,automatic_configured_make_alias_reviewed_canonical_label,reviewed,fueleconomy_gov_vehicle_data | nrcan_fuel_consumption_ratings; Ontario Vehicle Population Report A historical fit-active stock,6,
mto_crosswalk,KIA,OLE,2004,2009,Kia,Optima,ldv,Mid-size,Midsize,Car,automatic_configured_make_alias_reviewed_canonical_label,reviewed,fueleconomy_gov_vehicle_data; Ontario Vehicle Population Report A historical fit-active stock,2,
mto_crosswalk,KIA,AFE,2024,2026,Kia,Optima FE,ldv,Full-size,Midsize,Car,automatic_approved_current_candidate_approved_similarity_normalized_substring,reviewed,fueleconomy_gov_vehicle_data | nrcan_fuel_consumption_ratings; Ontario Vehicle Population Report A historical fit-active stock,1,
mto_crosswalk,KIA,RGL,2021,2026,Kia,Rio,ldv,Compact,Compact,Car,automatic_configured_make_alias_reviewed_canonical_label,reviewed,fueleconomy_gov_vehicle_data | nrcan_fuel_consumption_ratings; Ontario Vehicle Population Report A historical fit-active stock,2,
mto_crosswalk,KIA,RIO,2002,2006,Kia,Rio,ldv,Compact,Compact,Car,automatic_configured_make_alias_exact_normalized_model,reviewed,fueleconomy_gov_vehicle_data | nrcan_fuel_consumption_ratings; Ontario Vehicle Population Report A historical fit-active stock,2,
mto_crosswalk,KIA,RIO,2018,2023,Kia,Rio,ldv,Compact,Compact,Car,automatic_configured_make_alias_exact_normalized_model,reviewed,fueleconomy_gov_vehicle_data | nrcan_fuel_consumption_ratings; Ontario Vehicle Population Report A historical fit-active stock,2,
mto_crosswalk,KIA,RIO,2001,2001,Kia,Rio,ldv,Subcompact,Compact,Car,automatic_configured_make_alias_exact_normalized_model,reviewed,fueleconomy_gov_vehicle_data | nrcan_fuel_consumption_ratings; Ontario Vehicle Population Report A historical fit-active stock,2,
mto_crosswalk,KIA,RNE,2010,2010,Kia,Rondo,ldv,Station wagon: Mid-size,Midsize,Car,automatic_configured_make_alias_reviewed_canonical_label,reviewed,fueleconomy_gov_vehicle_data | nrcan_fuel_consumption_ratings; Ontario Vehicle Population Report A historical fit-active stock,2,
mto_crosswalk,KIA,ROE,2007,2009,Kia,Rondo,ldv,Station wagon: Mid-size,Midsize,Car,automatic_configured_make_alias_reviewed_canonical_label,reviewed,fueleconomy_gov_vehicle_data | nrcan_fuel_consumption_ratings; Ontario Vehicle Population Report A historical fit-active stock,2,
mto_crosswalk,KIA,KMS,2005,2006,Kia,Sedona,ldv,Minivan,Midsize SUV,Light Truck,automatic_configured_make_alias_reviewed_canonical_label,reviewed,fueleconomy_gov_vehicle_data | nrcan_fuel_consumption_ratings; Ontario Vehicle Population Report A historical fit-active stock,2,
mto_crosswalk,KIA,SED,2002,2012,Kia,Sedona,ldv,Minivan,Midsize SUV,Light Truck,automatic_approved_current_candidate_approved_similarity_normalized_prefix,reviewed,fueleconomy_gov_vehicle_data | nrcan_fuel_consumption_ratings; Ontario Vehicle Population Report A historical fit-active stock,1,
mto_crosswalk,KIA,SED,2014,2021,Kia,Sedona,ldv,Minivan,Midsize SUV,Light Truck,automatic_approved_current_candidate_approved_similarity_normalized_prefix,reviewed,fueleconomy_gov_vehicle_data | nrcan_fuel_consumption_ratings; Ontario Vehicle Population Report A historical fit-active stock,1,
mto_crosswalk,KIA,SLE,2004,2006,Kia,Sedona,ldv,Minivan,Midsize SUV,Light Truck,automatic_configured_make_alias_reviewed_canonical_label,reviewed,fueleconomy_gov_vehicle_data | nrcan_fuel_consumption_ratings; Ontario Vehicle Population Report A historical fit-active stock,2,
mto_crosswalk,KIA,SOR,2002,2009,Kia,Sorento,ldv,Sport utility vehicle: Small,Small SUV,Light Truck,automatic_approved_current_candidate_approved_similarity_normalized_prefix,reviewed,fueleconomy_gov_vehicle_data | nrcan_fuel_consumption_ratings; Ontario Vehicle Population Report A historical fit-active stock,1,
mto_crosswalk,KIA,SOR,2011,2020,Kia,Sorento,ldv,Sport utility vehicle: Small,Small SUV,Light Truck,automatic_approved_current_candidate_approved_similarity_normalized_prefix,reviewed,fueleconomy_gov_vehicle_data | nrcan_fuel_consumption_ratings; Ontario Vehicle Population Report A historical fit-active stock,1,
mto_crosswalk,KIA,SOR,2022,2022,Kia,Sorento,ldv,Sport utility vehicle: Small,Small SUV,Light Truck,automatic_configured_make_alias_normalized_model_prefix,reviewed,fueleconomy_gov_vehicle_data | nrcan_fuel_consumption_ratings; Ontario Vehicle Population Report A historical fit-active stock,8,
mto_crosswalk,KIA,SOR,2023,2024,Kia,Sorento,ldv,Sport utility vehicle: Small,Small SUV,Light Truck,automatic_approved_current_candidate_approved_similarity_normalized_prefix,reviewed,fueleconomy_gov_vehicle_data | nrcan_fuel_consumption_ratings; Ontario Vehicle Population Report A historical fit-active stock,1,
mto_crosswalk,KIA,OSL,2016,2019,Kia,Soul,ldv,Station wagon: Small,Midsize,Car,automatic_configured_make_alias_reviewed_canonical_label,reviewed,fueleconomy_gov_vehicle_data | nrcan_fuel_consumption_ratings; Ontario Vehicle Population Report A historical fit-active stock,6,
mto_crosswalk,KIA,SOU,2009,2025,Kia,Soul,ldv,Station wagon: Small,Midsize,Car,automatic_approved_current_candidate_approved_similarity_normalized_prefix,reviewed,fueleconomy_gov_vehicle_data | nrcan_fuel_consumption_ratings; Ontario Vehicle Population Report A historical fit-active stock,1,
mto_crosswalk,KIA,5SX,2007,2009,Kia,Spectra,ldv,Mid-size,Midsize,Car,automatic_configured_make_alias_reviewed_canonical_label,reviewed,fueleconomy_gov_vehicle_data | nrcan_fuel_consumption_ratings; Ontario Vehicle Population Report A historical fit-active stock,2,
mto_crosswalk,KIA,SX5,2007,2009,Kia,Spectra,ldv,Mid-size,Midsize,Car,automatic_configured_make_alias_reviewed_canonical_label,reviewed,fueleconomy_gov_vehicle_data | nrcan_fuel_consumption_ratings; Ontario Vehicle Population Report A historical fit-active stock,2,
mto_crosswalk,KIA,SXC,2007,2009,Kia,Spectra,ldv,Mid-size,Midsize,Car,automatic_configured_make_alias_reviewed_canonical_label,reviewed,fueleconomy_gov_vehicle_data | nrcan_fuel_consumption_ratings; Ontario Vehicle Population Report A historical fit-active stock,2,
mto_crosswalk,KIA,CPO,2008,2009,Kia,Sportage,ldv,Sport utility vehicle: Small,Small SUV,Light Truck,automatic_configured_make_alias_reviewed_canonical_label,reviewed,fueleconomy_gov_vehicle_data | nrcan_fuel_consumption_ratings; Ontario Vehicle Population Report A historical fit-active stock,4,
mto_crosswalk,KIA,SPO,1995,2002,Kia,Sportage,ldv,Sport utility vehicle: Small,Small SUV,Light Truck,automatic_approved_current_candidate_approved_similarity_normalized_prefix,reviewed,fueleconomy_gov_vehicle_data | nrcan_fuel_consumption_ratings; Ontario Vehicle Population Report A historical fit-active stock,1,
mto_crosswalk,KIA,SPO,2004,2005,Kia,Sportage,ldv,Sport utility vehicle: Small,Small SUV,Light Truck,automatic_approved_current_candidate_approved_similarity_normalized_prefix,reviewed,fueleconomy_gov_vehicle_data | nrcan_fuel_consumption_ratings; Ontario Vehicle Population Report A historical fit-active stock,1,
mto_crosswalk,KIA,SPO,2007,2026,Kia,Sportage,ldv,Sport utility vehicle: Small,Small SUV,Light Truck,automatic_approved_current_candidate_approved_similarity_normalized_prefix,reviewed,fueleconomy_gov_vehicle_data | nrcan_fuel_consumption_ratings; Ontario Vehicle Population Report A historical fit-active stock,1,
mto_crosswalk,KIA,E3G,2018,2021,Kia,Stinger,ldv,Mid-size,Midsize,Car,automatic_configured_make_alias_reviewed_canonical_label,reviewed,fueleconomy_gov_vehicle_data | nrcan_fuel_consumption_ratings; Ontario Vehicle Population Report A historical fit-active stock,3,
mto_crosswalk,KIA,TEL,2020,2025,Kia,Telluride,ldv,Sport utility vehicle: Small,Small SUV,Light Truck,automatic_configured_make_alias_normalized_model_prefix,reviewed,fueleconomy_gov_vehicle_data | nrcan_fuel_consumption_ratings; Ontario Vehicle Population Report A historical fit-active stock,3,
mto_crosswalk,LAMO,CAG,2019,2024,Lamborghini,Huracan,ldv,Two-seater,Midsize,Car,automatic_exact_normalized_make_reviewed_canonical_label,reviewed,fueleconomy_gov_vehicle_data | nrcan_fuel_consumption_ratings; Ontario Vehicle Population Report A historical fit-active stock,10,
mto_crosswalk,LAMO,CHU,2015,2025,Lamborghini,Huracan,ldv,Two-seater,Midsize,Car,automatic_exact_normalized_make_reviewed_canonical_label,reviewed,fueleconomy_gov_vehicle_data | nrcan_fuel_consumption_ratings; Ontario Vehicle Population Report A historical fit-active stock,10,
mto_crosswalk,LAMO,CSV,2016,2024,Lamborghini,Huracan,ldv,Two-seater,Midsize,Car,automatic_exact_normalized_make_reviewed_canonical_label,reviewed,fueleconomy_gov_vehicle_data | nrcan_fuel_consumption_ratings; Ontario Vehicle Population Report A historical fit-active stock,9,
mto_crosswalk,LAND,DEF,1982,2025,Land Rover,Defender 90,ldv,Sport utility vehicle: Standard,Midsize SUV,Light Truck,automatic_exact_normalized_make_reviewed_canonical_label,reviewed,fueleconomy_gov_vehicle_data | nrcan_fuel_consumption_ratings; Ontario Vehicle Population Report A historical fit-active stock,5,
mto_crosswalk,LNDR,1ML,2023,2025,Land Rover,Defender 90,ldv,Sport utility vehicle: Standard,Midsize SUV,Light Truck,automatic_exact_normalized_make_reviewed_canonical_label,reviewed,fueleconomy_gov_vehicle_data | nrcan_fuel_consumption_ratings; Ontario Vehicle Population Report A historical fit-active stock,5,
mto_crosswalk,LNDR,K1G,2022,2025,Land Rover,Defender 90,ldv,Sport utility vehicle: Standard,Midsize SUV,Light Truck,automatic_exact_normalized_make_reviewed_canonical_label,reviewed,fueleconomy_gov_vehicle_data | nrcan_fuel_consumption_ratings; Ontario Vehicle Population Report A historical fit-active stock,5,
mto_crosswalk,LNDR,LR3,2005,2009,Land Rover,LR3,non_ldv_unclassified,,,,automatic_reviewed_manual_make_reviewed_two_pass_agreement,reviewed,reviewed_mto_make_model_evidence; Ontario Vehicle Population Report A historical fit-active stock,0,Public evidence supports the family but not an LDV class hierarchy.
mto_crosswalk,LNDR,LR4,2010,2016,Land Rover,LR4,ldv,Sport utility vehicle: Standard,Midsize SUV,Light Truck,automatic_exact_normalized_make_reviewed_canonical_label,reviewed,fueleconomy_gov_vehicle_data | nrcan_fuel_consumption_ratings; Ontario Vehicle Population Report A historical fit-active stock,2,
mto_crosswalk,LNDR,ZLG,2020,2022,Land Rover,Range Rover,ldv,Sport utility vehicle: Standard,Midsize SUV,Light Truck,automatic_exact_normalized_make_reviewed_canonical_label,reviewed,fueleconomy_gov_vehicle_data; Ontario Vehicle Population Report A historical fit-active stock,1,
mto_crosswalk,LNDR,ZMG,2020,2021,Land Rover,Range Rover,ldv,Sport utility vehicle: Standard,Midsize SUV,Light Truck,automatic_exact_normalized_make_reviewed_canonical_label,reviewed,fueleconomy_gov_vehicle_data; Ontario Vehicle Population Report A historical fit-active stock,1,
mto_crosswalk,LNDR,ZPG,2020,2022,Land Rover,Range Rover,ldv,Sport utility vehicle: Standard,Midsize SUV,Light Truck,automatic_exact_normalized_make_reviewed_canonical_label,reviewed,fueleconomy_gov_vehicle_data; Ontario Vehicle Population Report A historical fit-active stock,1,
mto_crosswalk,LNDR,EPG,2020,2024,Land Rover,Range Rover Evoque,ldv,Sport utility vehicle: Small,Small SUV,Light Truck,automatic_exact_normalized_make_reviewed_canonical_label,reviewed,fueleconomy_gov_vehicle_data | nrcan_fuel_consumption_ratings; Ontario Vehicle Population Report A historical fit-active stock,4,
mto_crosswalk,LNDR,ZLG,2023,2026,Land Rover,Range Rover SV,ldv,Sport utility vehicle: Standard,Midsize SUV,Light Truck,automatic_exact_normalized_make_reviewed_canonical_label,reviewed,fueleconomy_gov_vehicle_data | nrcan_fuel_consumption_ratings; Ontario Vehicle Population Report A historical fit-active stock,4,
mto_crosswalk,LNDR,ZMG,2024,2026,Land Rover,Range Rover SV,ldv,Sport utility vehicle: Standard,Midsize SUV,Light Truck,automatic_exact_normalized_make_reviewed_canonical_label,reviewed,fueleconomy_gov_vehicle_data | nrcan_fuel_consumption_ratings; Ontario Vehicle Population Report A historical fit-active stock,4,
mto_crosswalk,LNDR,ZPG,2023,2023,Land Rover,Range Rover SV,ldv,Sport utility vehicle: Standard,Midsize SUV,Light Truck,automatic_exact_normalized_make_reviewed_canonical_label,reviewed,nrcan_fuel_consumption_ratings; Ontario Vehicle Population Report A historical fit-active stock,2,
mto_crosswalk,LEXS,ESH,2021,2025,Lexus,ES 250,ldv,Mid-size,Midsize,Car,automatic_exact_normalized_make_reviewed_canonical_label,reviewed,fueleconomy_gov_vehicle_data | nrcan_fuel_consumption_ratings; Ontario Vehicle Population Report A historical fit-active stock,6,
mto_crosswalk,LEXS,ES3,1992,2001,Lexus,ES 300,ldv,Compact,Compact,Car,automatic_configured_make_alias_normalized_model_prefix,reviewed,fueleconomy_gov_vehicle_data | nrcan_fuel_consumption_ratings; Ontario Vehicle Population Report A historical fit-active stock,2,
mto_crosswalk,LEXS,ES3,2002,2003,Lexus,ES 300,ldv,Mid-size,Midsize,Car,automatic_configured_make_alias_normalized_model_prefix,reviewed,fueleconomy_gov_vehicle_data | nrcan_fuel_consumption_ratings; Ontario Vehicle Population Report A historical fit-active stock,2,
mto_crosswalk,LEXS,E33,2004,2006,Lexus,ES 330,ldv,Mid-size,Midsize,Car,automatic_approved_current_candidate_approved_similarity_string_similarity,reviewed,fueleconomy_gov_vehicle_data | nrcan_fuel_consumption_ratings; Ontario Vehicle Population Report A historical fit-active stock,1,
mto_crosswalk,LEXS,E35,2007,2022,Lexus,ES 350,ldv,Mid-size,Midsize,Car,automatic_approved_current_candidate_approved_similarity_string_similarity,reviewed,fueleconomy_gov_vehicle_data | nrcan_fuel_consumption_ratings; Ontario Vehicle Population Report A historical fit-active stock,1,
mto_crosswalk,LEXS,ESH,2020,2020,Lexus,ES 350,ldv,Mid-size,Midsize,Car,automatic_exact_normalized_make_reviewed_canonical_label,reviewed,fueleconomy_gov_vehicle_data | nrcan_fuel_consumption_ratings; Ontario Vehicle Population Report A historical fit-active stock,4,
mto_crosswalk,LEXS,GS3,1994,2005,Lexus,GS 300,ldv,Mid-size,Midsize,Car,automatic_exact_normalized_make_reviewed_canonical_label,reviewed,fueleconomy_gov_vehicle_data | nrcan_fuel_consumption_ratings; Ontario Vehicle Population Report A historical fit-active stock,3,
mto_crosswalk,LEXS,GS3,2010,2010,Lexus,GS 350,ldv,Mid-size,Midsize,Car,automatic_exact_normalized_make_reviewed_canonical_label,reviewed,fueleconomy_gov_vehicle_data | nrcan_fuel_consumption_ratings; Ontario Vehicle Population Report A historical fit-active stock,6,
mto_crosswalk,LEXS,GSH,2007,2011,Lexus,GS 350,ldv,Mid-size,Midsize,Car,automatic_exact_normalized_make_reviewed_canonical_label,reviewed,fueleconomy_gov_vehicle_data | nrcan_fuel_consumption_ratings; Ontario Vehicle Population Report A historical fit-active stock,6,
mto_crosswalk,LEXS,GSH,2013,2015,Lexus,GS 350,ldv,Mid-size,Midsize,Car,automatic_exact_normalized_make_reviewed_canonical_label,reviewed,fueleconomy_gov_vehicle_data | nrcan_fuel_consumption_ratings; Ontario Vehicle Population Report A historical fit-active stock,4,
mto_crosswalk,LEXS,GS4,1998,2000,Lexus,GS 400,ldv,Mid-size,Midsize,Car,automatic_exact_normalized_make_reviewed_canonical_label,reviewed,nrcan_fuel_consumption_ratings; Ontario Vehicle Population Report A historical fit-active stock,1,
mto_crosswalk,LEXS,GS4,2010,2010,Lexus,GS 460,ldv,Mid-size,Midsize,Car,automatic_exact_normalized_make_reviewed_canonical_label,reviewed,fueleconomy_gov_vehicle_data | nrcan_fuel_consumption_ratings; Ontario Vehicle Population Report A historical fit-active stock,2,
mto_crosswalk,LEXS,GSH,2016,2017,Lexus,GS F,ldv,Compact,Compact,Car,automatic_exact_normalized_make_reviewed_canonical_label,reviewed,fueleconomy_gov_vehicle_data | nrcan_fuel_consumption_ratings; Ontario Vehicle Population Report A historical fit-active stock,2,
mto_crosswalk,LEXS,GS3,1993,1993,Lexus,GS300,ldv,Mid-size,Midsize,Car,automatic_exact_normalized_make_reviewed_canonical_label,reviewed,fueleconomy_gov_vehicle_data; Ontario Vehicle Population Report A historical fit-active stock,1,
mto_crosswalk,LEXS,AAG,2020,2020,Lexus,GX 460,ldv,Sport utility vehicle: Standard,Midsize SUV,Light Truck,automatic_exact_normalized_make_reviewed_canonical_label,reviewed,fueleconomy_gov_vehicle_data | nrcan_fuel_consumption_ratings; Ontario Vehicle Population Report A historical fit-active stock,2,
mto_crosswalk,LEXS,DZG,2018,2022,Lexus,GX 460,ldv,Sport utility vehicle: Standard,Midsize SUV,Light Truck,automatic_exact_normalized_make_reviewed_canonical_label,reviewed,fueleconomy_gov_vehicle_data | nrcan_fuel_consumption_ratings; Ontario Vehicle Population Report A historical fit-active stock,2,
mto_crosswalk,LEXS,GX6,2010,2020,Lexus,GX 460,ldv,Sport utility vehicle: Standard,Midsize SUV,Light Truck,automatic_approved_current_candidate_approved_similarity_string_similarity,reviewed,fueleconomy_gov_vehicle_data | nrcan_fuel_consumption_ratings; Ontario Vehicle Population Report A historical fit-active stock,1,
mto_crosswalk,LEXS,GX7,2003,2009,Lexus,GX 460,ldv,Sport utility vehicle: Standard,Midsize SUV,Light Truck,automatic_exact_normalized_make_reviewed_canonical_label,reviewed,fueleconomy_gov_vehicle_data | nrcan_fuel_consumption_ratings; Ontario Vehicle Population Report A historical fit-active stock,2,
mto_crosswalk,LEXS,YZG,2020,2020,Lexus,GX 460,ldv,Sport utility vehicle: Standard,Midsize SUV,Light Truck,automatic_exact_normalized_make_reviewed_canonical_label,reviewed,fueleconomy_gov_vehicle_data | nrcan_fuel_consumption_ratings; Ontario Vehicle Population Report A historical fit-active stock,2,
mto_crosswalk,LEXS,HS2,2010,2011,Lexus,HS 250h,ldv,Compact,Compact,Car,automatic_approved_current_candidate_approved_similarity_normalized_prefix,reviewed,fueleconomy_gov_vehicle_data | nrcan_fuel_consumption_ratings; Ontario Vehicle Population Report A historical fit-active stock,1,
mto_crosswalk,LEXS,I35,2015,2015,Lexus,IS 250,ldv,Compact,Compact,Car,automatic_exact_normalized_make_reviewed_canonical_label,reviewed,fueleconomy_gov_vehicle_data | nrcan_fuel_consumption_ratings; Ontario Vehicle Population Report A historical fit-active stock,4,
mto_crosswalk,LEXS,I35,2006,2007,Lexus,IS 250,ldv,Subcompact,Compact,Car,automatic_exact_normalized_make_reviewed_canonical_label,reviewed,fueleconomy_gov_vehicle_data | nrcan_fuel_consumption_ratings; Ontario Vehicle Population Report A historical fit-active stock,6,
mto_crosswalk,LEXS,NS3,2006,2006,Lexus,IS 250,ldv,Subcompact,Compact,Car,automatic_exact_normalized_make_reviewed_canonical_label,reviewed,fueleconomy_gov_vehicle_data | nrcan_fuel_consumption_ratings; Ontario Vehicle Population Report A historical fit-active stock,6,
mto_crosswalk,LEXS,I35,2020,2021,Lexus,IS 300,ldv,Compact,Compact,Car,automatic_exact_normalized_make_reviewed_canonical_label,reviewed,fueleconomy_gov_vehicle_data | nrcan_fuel_consumption_ratings; Ontario Vehicle Population Report A historical fit-active stock,7,
mto_crosswalk,LEXS,IS3,2002,2005,Lexus,IS 300,ldv,Compact,Compact,Car,automatic_configured_make_alias_normalized_model_prefix,reviewed,fueleconomy_gov_vehicle_data | nrcan_fuel_consumption_ratings; Ontario Vehicle Population Report A historical fit-active stock,3,
mto_crosswalk,LEXS,IS3,2016,2017,Lexus,IS 300,ldv,Compact,Compact,Car,automatic_configured_make_alias_normalized_model_prefix,reviewed,fueleconomy_gov_vehicle_data | nrcan_fuel_consumption_ratings; Ontario Vehicle Population Report A historical fit-active stock,6,
mto_crosswalk,LEXS,IS3,2019,2019,Lexus,IS 300,ldv,Compact,Compact,Car,automatic_configured_make_alias_normalized_model_prefix,reviewed,fueleconomy_gov_vehicle_data | nrcan_fuel_consumption_ratings; Ontario Vehicle Population Report A historical fit-active stock,7,
mto_crosswalk,LEXS,IS3,2021,2021,Lexus,IS 300,ldv,Compact,Compact,Car,automatic_configured_make_alias_normalized_model_prefix,reviewed,fueleconomy_gov_vehicle_data | nrcan_fuel_consumption_ratings; Ontario Vehicle Population Report A historical fit-active stock,7,
mto_crosswalk,LEXS,IS3,2001,2001,Lexus,IS 300,ldv,Subcompact,Compact,Car,automatic_configured_make_alias_normalized_model_prefix,reviewed,fueleconomy_gov_vehicle_data | nrcan_fuel_consumption_ratings; Ontario Vehicle Population Report A historical fit-active stock,2,
mto_crosswalk,LEXS,I35,2008,2014,Lexus,IS F,ldv,Subcompact,Compact,Car,automatic_exact_normalized_make_reviewed_canonical_label,reviewed,fueleconomy_gov_vehicle_data | nrcan_fuel_consumption_ratings; Ontario Vehicle Population Report A historical fit-active stock,2,
mto_crosswalk,LEXS,ISF,2008,2021,Lexus,IS F,ldv,Subcompact,Compact,Car,automatic_exact_normalized_make_reviewed_canonical_label,reviewed,fueleconomy_gov_vehicle_data | nrcan_fuel_consumption_ratings; Ontario Vehicle Population Report A historical fit-active stock,2,
mto_crosswalk,LEXS,LC,2018,2026,Lexus,LC 500,ldv,Subcompact,Compact,Car,automatic_exact_normalized_make_reviewed_canonical_label,reviewed,fueleconomy_gov_vehicle_data | nrcan_fuel_consumption_ratings; Ontario Vehicle Population Report A historical fit-active stock,2,
mto_crosswalk,LEXS,LS4,1990,2000,Lexus,LS 400,ldv,Mid-size,Midsize,Car,automatic_exact_normalized_make_reviewed_canonical_label,reviewed,fueleconomy_gov_vehicle_data | nrcan_fuel_consumption_ratings; Ontario Vehicle Population Report A historical fit-active stock,2,
mto_crosswalk,LEXS,L43,2001,2006,Lexus,LS 430,ldv,Full-size,Midsize,Car,automatic_exact_normalized_make_reviewed_canonical_label,reviewed,fueleconomy_gov_vehicle_data | nrcan_fuel_consumption_ratings; Ontario Vehicle Population Report A historical fit-active stock,2,
mto_crosswalk,LEXS,LS,2006,2006,Lexus,LS 430,ldv,Full-size,Midsize,Car,automatic_exact_normalized_make_reviewed_canonical_label,reviewed,fueleconomy_gov_vehicle_data | nrcan_fuel_consumption_ratings; Ontario Vehicle Population Report A historical fit-active stock,2,
mto_crosswalk,LEXS,L46,2008,2008,Lexus,LS 460,ldv,Full-size,Midsize,Car,automatic_exact_normalized_make_reviewed_canonical_label,reviewed,fueleconomy_gov_vehicle_data | nrcan_fuel_consumption_ratings; Ontario Vehicle Population Report A historical fit-active stock,4,
mto_crosswalk,LEXS,46A,2009,2017,Lexus,LS 460,ldv,Mid-size,Midsize,Car,automatic_exact_normalized_make_reviewed_canonical_label,reviewed,fueleconomy_gov_vehicle_data | nrcan_fuel_consumption_ratings; Ontario Vehicle Population Report A historical fit-active stock,8,
mto_crosswalk,LEXS,L46,2007,2007,Lexus,LS 460,ldv,Mid-size,Midsize,Car,automatic_exact_normalized_make_reviewed_canonical_label,reviewed,fueleconomy_gov_vehicle_data | nrcan_fuel_consumption_ratings; Ontario Vehicle Population Report A historical fit-active stock,4,
mto_crosswalk,LEXS,L46,2009,2017,Lexus,LS 460,ldv,Mid-size,Midsize,Car,automatic_exact_normalized_make_reviewed_canonical_label,reviewed,fueleconomy_gov_vehicle_data | nrcan_fuel_consumption_ratings; Ontario Vehicle Population Report A historical fit-active stock,8,
mto_crosswalk,LEXS,LS,2019,2025,Lexus,LS 500,ldv,Mid-size,Midsize,Car,automatic_exact_normalized_make_reviewed_canonical_label,reviewed,fueleconomy_gov_vehicle_data | nrcan_fuel_consumption_ratings; Ontario Vehicle Population Report A historical fit-active stock,3,
mto_crosswalk,LEXS,LS5,2018,2021,Lexus,LS 500,ldv,Mid-size,Midsize,Car,automatic_configured_make_alias_normalized_model_prefix,reviewed,fueleconomy_gov_vehicle_data | nrcan_fuel_consumption_ratings; Ontario Vehicle Population Report A historical fit-active stock,4,
mto_crosswalk,LEXS,LSL,2009,2010,Lexus,LS 600h L,ldv,Mid-size,Midsize,Car,automatic_configured_make_alias_anchored_consonant_abbreviation,reviewed,fueleconomy_gov_vehicle_data | nrcan_fuel_consumption_ratings; Ontario Vehicle Population Report A historical fit-active stock,2,
mto_crosswalk,LEXS,LSL,2020,2021,Lexus,LS 600h L,ldv,Mid-size,Midsize,Car,automatic_configured_make_alias_anchored_consonant_abbreviation,reviewed,fueleconomy_gov_vehicle_data | nrcan_fuel_consumption_ratings; Ontario Vehicle Population Report A historical fit-active stock,2,
mto_crosswalk,LEXS,JGL,2020,2020,Lexus,LX 570,ldv,Sport utility vehicle: Standard,Midsize SUV,Light Truck,automatic_exact_normalized_make_reviewed_canonical_label,reviewed,fueleconomy_gov_vehicle_data | nrcan_fuel_consumption_ratings; Ontario Vehicle Population Report A historical fit-active stock,2,
mto_crosswalk,LEXS,L9L,2020,2021,Lexus,LX 570,ldv,Sport utility vehicle: Standard,Midsize SUV,Light Truck,automatic_exact_normalized_make_reviewed_canonical_label,reviewed,fueleconomy_gov_vehicle_data | nrcan_fuel_consumption_ratings; Ontario Vehicle Population Report A historical fit-active stock,2,
mto_crosswalk,LEXS,LHL,2008,2021,Lexus,LX 570,ldv,Sport utility vehicle: Standard,Midsize SUV,Light Truck,automatic_exact_normalized_make_reviewed_canonical_label,reviewed,fueleconomy_gov_vehicle_data | nrcan_fuel_consumption_ratings; Ontario Vehicle Population Report A historical fit-active stock,2,
mto_crosswalk,LEXS,LX5,2008,2020,Lexus,LX 570,ldv,Sport utility vehicle: Standard,Midsize SUV,Light Truck,automatic_approved_current_candidate_approved_similarity_normalized_prefix,reviewed,fueleconomy_gov_vehicle_data | nrcan_fuel_consumption_ratings; Ontario Vehicle Population Report A historical fit-active stock,1,
mto_crosswalk,LEXS,P9L,2020,2021,Lexus,LX 570,ldv,Sport utility vehicle: Standard,Midsize SUV,Light Truck,automatic_exact_normalized_make_reviewed_canonical_label,reviewed,fueleconomy_gov_vehicle_data | nrcan_fuel_consumption_ratings; Ontario Vehicle Population Report A historical fit-active stock,2,
mto_crosswalk,LEXS,L9L,2022,2022,Lexus,LX 600,ldv,Sport utility vehicle: Standard,Midsize SUV,Light Truck,automatic_exact_normalized_make_reviewed_canonical_label,reviewed,fueleconomy_gov_vehicle_data | nrcan_fuel_consumption_ratings; Ontario Vehicle Population Report A historical fit-active stock,2,
mto_crosswalk,LEXS,LX,2022,2026,Lexus,LX 600,ldv,Sport utility vehicle: Standard,Midsize SUV,Light Truck,automatic_exact_normalized_make_reviewed_canonical_label,reviewed,fueleconomy_gov_vehicle_data | nrcan_fuel_consumption_ratings; Ontario Vehicle Population Report A historical fit-active stock,2,
mto_crosswalk,LEXS,P9L,2022,2022,Lexus,LX 600,ldv,Sport utility vehicle: Standard,Midsize SUV,Light Truck,automatic_exact_normalized_make_reviewed_canonical_label,reviewed,fueleconomy_gov_vehicle_data | nrcan_fuel_consumption_ratings; Ontario Vehicle Population Report A historical fit-active stock,2,
mto_crosswalk,LEXS,LX7,1998,2007,Lexus,LX 700h,ldv,Sport utility vehicle: Standard,Midsize SUV,Light Truck,automatic_exact_normalized_make_reviewed_canonical_label,reviewed,fueleconomy_gov_vehicle_data | nrcan_fuel_consumption_ratings; Ontario Vehicle Population Report A historical fit-active stock,2,
mto_crosswalk,LEXS,NX4,2006,2006,Lexus,NX 200t,ldv,Sport utility vehicle: Small,Small SUV,Light Truck,automatic_exact_normalized_make_reviewed_canonical_label,reviewed,fueleconomy_gov_vehicle_data | nrcan_fuel_consumption_ratings; Ontario Vehicle Population Report A historical fit-active stock,8,
mto_crosswalk,LEXS,NXT,2015,2019,Lexus,NX 200t,ldv,Sport utility vehicle: Small,Small SUV,Light Truck,automatic_configured_make_alias_anchored_consonant_abbreviation,reviewed,fueleconomy_gov_vehicle_data | nrcan_fuel_consumption_ratings; Ontario Vehicle Population Report A historical fit-active stock,5,
mto_crosswalk,LEXS,NX4,2023,2023,Lexus,NX 250,ldv,Sport utility vehicle: Small,Small SUV,Light Truck,automatic_exact_normalized_make_reviewed_canonical_label,reviewed,fueleconomy_gov_vehicle_data | nrcan_fuel_consumption_ratings; Ontario Vehicle Population Report A historical fit-active stock,6,
mto_crosswalk,LEXS,NX3,2018,2021,Lexus,NX 300,ldv,Sport utility vehicle: Small,Small SUV,Light Truck,automatic_configured_make_alias_normalized_model_prefix,reviewed,fueleconomy_gov_vehicle_data | nrcan_fuel_consumption_ratings; Ontario Vehicle Population Report A historical fit-active stock,5,
mto_crosswalk,LEXS,NX3,2015,2017,Lexus,NX 300h,ldv,Sport utility vehicle: Small,Small SUV,Light Truck,automatic_configured_make_alias_normalized_model_prefix,reviewed,fueleconomy_gov_vehicle_data | nrcan_fuel_consumption_ratings; Ontario Vehicle Population Report A historical fit-active stock,3,
mto_crosswalk,LEXS,RC,2022,2026,Lexus,RC F,ldv,Subcompact,Compact,Car,automatic_exact_normalized_make_reviewed_canonical_label,reviewed,fueleconomy_gov_vehicle_data | nrcan_fuel_consumption_ratings; Ontario Vehicle Population Report A historical fit-active stock,2,
mto_crosswalk,LEXS,RC3,2015,2021,Lexus,RC F,ldv,Subcompact,Compact,Car,automatic_exact_normalized_make_reviewed_canonical_label,reviewed,fueleconomy_gov_vehicle_data | nrcan_fuel_consumption_ratings; Ontario Vehicle Population Report A historical fit-active stock,2,
mto_crosswalk,LEXS,RX3,1999,2003,Lexus,RX 300,ldv,Station wagon: Mid-size,Midsize,Car,automatic_exact_normalized_make_reviewed_canonical_label,reviewed,fueleconomy_gov_vehicle_data | nrcan_fuel_consumption_ratings; Ontario Vehicle Population Report A historical fit-active stock,3,
mto_crosswalk,LEXS,RX3,2007,2007,Lexus,RX 300,ldv,Station wagon: Mid-size,Midsize,Car,automatic_exact_normalized_make_reviewed_canonical_label,reviewed,fueleconomy_gov_vehicle_data | nrcan_fuel_consumption_ratings; Ontario Vehicle Population Report A historical fit-active stock,3,
mto_crosswalk,LEXS,R9L,2020,2022,Lexus,RX 350,ldv,Sport utility vehicle: Small,Small SUV,Light Truck,automatic_exact_normalized_make_reviewed_canonical_label,reviewed,fueleconomy_gov_vehicle_data | nrcan_fuel_consumption_ratings; Ontario Vehicle Population Report A historical fit-active stock,6,
mto_crosswalk,LEXS,RX3,2017,2017,Lexus,RX 350,ldv,Sport utility vehicle: Small,Small SUV,Light Truck,automatic_exact_normalized_make_reviewed_canonical_label,reviewed,fueleconomy_gov_vehicle_data | nrcan_fuel_consumption_ratings; Ontario Vehicle Population Report A historical fit-active stock,3,
mto_crosswalk,LEXS,RX3,2022,2022,Lexus,RX 350,ldv,Sport utility vehicle: Small,Small SUV,Light Truck,automatic_exact_normalized_make_reviewed_canonical_label,reviewed,fueleconomy_gov_vehicle_data | nrcan_fuel_consumption_ratings; Ontario Vehicle Population Report A historical fit-active stock,6,
mto_crosswalk,LEXS,RXH,2007,2008,Lexus,RX 450h,ldv,Sport utility vehicle: Small,Small SUV,Light Truck,automatic_configured_make_alias_anchored_consonant_abbreviation,reviewed,fueleconomy_gov_vehicle_data | nrcan_fuel_consumption_ratings; Ontario Vehicle Population Report A historical fit-active stock,3,
mto_crosswalk,LEXS,RXH,2018,2018,Lexus,RX 450h,ldv,Sport utility vehicle: Standard,Midsize SUV,Light Truck,automatic_configured_make_alias_anchored_consonant_abbreviation,reviewed,fueleconomy_gov_vehicle_data | nrcan_fuel_consumption_ratings; Ontario Vehicle Population Report A historical fit-active stock,3,
mto_crosswalk,LEXS,RXH,2020,2021,Lexus,RX 450h,ldv,Sport utility vehicle: Standard,Midsize SUV,Light Truck,automatic_configured_make_alias_anchored_consonant_abbreviation,reviewed,fueleconomy_gov_vehicle_data | nrcan_fuel_consumption_ratings; Ontario Vehicle Population Report A historical fit-active stock,4,
mto_crosswalk,LEXS,RX5,2007,2020,Lexus,RX 500h,ldv,Sport utility vehicle: Small,Small SUV,Light Truck,automatic_approved_current_candidate_approved_similarity_normalized_prefix,reviewed,fueleconomy_gov_vehicle_data | nrcan_fuel_consumption_ratings; Ontario Vehicle Population Report A historical fit-active stock,1,
mto_crosswalk,LEXS,RX5,2022,2022,Lexus,RX 500h,ldv,Sport utility vehicle: Small,Small SUV,Light Truck,automatic_approved_current_candidate_approved_similarity_normalized_prefix,reviewed,fueleconomy_gov_vehicle_data | nrcan_fuel_consumption_ratings; Ontario Vehicle Population Report A historical fit-active stock,1,
mto_crosswalk,LINC,AVI,2003,2026,Lincoln,Aviator,ldv,Sport utility vehicle: Standard,Midsize SUV,Light Truck,automatic_approved_current_candidate_approved_similarity_normalized_prefix,reviewed,fueleconomy_gov_vehicle_data | nrcan_fuel_consumption_ratings; Ontario Vehicle Population Report A historical fit-active stock,1,
mto_crosswalk,LINC,CON,1988,2019,Lincoln,Continental,ldv,Full-size,Midsize,Car,automatic_exact_normalized_make_reviewed_canonical_label,reviewed,fueleconomy_gov_vehicle_data | nrcan_fuel_consumption_ratings; Ontario Vehicle Population Report A historical fit-active stock,4,
mto_crosswalk,LINC,CON,1982,1987,Lincoln,Continental,ldv,Mid-size,Midsize,Car,automatic_exact_normalized_make_reviewed_canonical_label,reviewed,fueleconomy_gov_vehicle_data; Ontario Vehicle Population Report A historical fit-active stock,1,
mto_crosswalk,LINC,COR,2023,2026,Lincoln,Corsair,ldv,Sport utility vehicle: Small,Small SUV,Light Truck,automatic_approved_current_candidate_approved_similarity_normalized_prefix,reviewed,fueleconomy_gov_vehicle_data | nrcan_fuel_consumption_ratings; Ontario Vehicle Population Report A historical fit-active stock,1,
mto_crosswalk,LINC,LLS,2000,2006,Lincoln,LS,ldv,Mid-size,Midsize,Car,automatic_approved_current_candidate_approved_similarity_string_similarity,reviewed,fueleconomy_gov_vehicle_data | nrcan_fuel_consumption_ratings; Ontario Vehicle Population Report A historical fit-active stock,1,
mto_crosswalk,LINC,SGL,2005,2011,Lincoln,LS,ldv,Mid-size,Midsize,Car,automatic_exact_normalized_make_reviewed_canonical_label,reviewed,fueleconomy_gov_vehicle_data | nrcan_fuel_consumption_ratings; Ontario Vehicle Population Report A historical fit-active stock,3,
mto_crosswalk,LINC,SIG,1987,2007,Lincoln,LS,ldv,Mid-size,Midsize,Car,automatic_exact_normalized_make_reviewed_canonical_label,reviewed,fueleconomy_gov_vehicle_data | nrcan_fuel_consumption_ratings; Ontario Vehicle Population Report A historical fit-active stock,3,
mto_crosswalk,LINC,MKC,2015,2022,Lincoln,MKC,ldv,Sport utility vehicle: Small,Small SUV,Light Truck,automatic_approved_current_candidate_approved_similarity_exact_normalized,reviewed,fueleconomy_gov_vehicle_data | nrcan_fuel_consumption_ratings; Ontario Vehicle Population Report A historical fit-active stock,1,
mto_crosswalk,LINC,MKS,2009,2014,Lincoln,MKS,ldv,Full-size,Midsize,Car,automatic_approved_current_candidate_approved_similarity_exact_normalized,reviewed,fueleconomy_gov_vehicle_data | nrcan_fuel_consumption_ratings; Ontario Vehicle Population Report A historical fit-active stock,1,
mto_crosswalk,LINC,MKT,2010,2013,Lincoln,MKT,ldv,Sport utility vehicle: Small,Small SUV,Light Truck,automatic_exact_normalized_make_reviewed_canonical_label,reviewed,fueleconomy_gov_vehicle_data | nrcan_fuel_consumption_ratings; Ontario Vehicle Population Report A historical fit-active stock,3,
mto_crosswalk,LINC,MKT,2014,2019,Lincoln,MKT,ldv,Sport utility vehicle: Standard,Midsize SUV,Light Truck,automatic_exact_normalized_make_reviewed_canonical_label,reviewed,fueleconomy_gov_vehicle_data | nrcan_fuel_consumption_ratings; Ontario Vehicle Population Report A historical fit-active stock,3,
mto_crosswalk,LINC,MSL,2017,2018,Lincoln,MKT,ldv,Sport utility vehicle: Standard,Midsize SUV,Light Truck,automatic_exact_normalized_make_reviewed_canonical_label,reviewed,fueleconomy_gov_vehicle_data | nrcan_fuel_consumption_ratings; Ontario Vehicle Population Report A historical fit-active stock,3,
mto_crosswalk,LINC,EXC,1991,2011,Lincoln,MKX,ldv,Sport utility vehicle: Small,Small SUV,Light Truck,automatic_exact_normalized_make_reviewed_canonical_label,reviewed,fueleconomy_gov_vehicle_data | nrcan_fuel_consumption_ratings; Ontario Vehicle Population Report A historical fit-active stock,3,
mto_crosswalk,LINC,MKX,2007,2018,Lincoln,MKX,ldv,Sport utility vehicle: Small,Small SUV,Light Truck,automatic_approved_current_candidate_approved_similarity_exact_normalized,reviewed,fueleconomy_gov_vehicle_data | nrcan_fuel_consumption_ratings; Ontario Vehicle Population Report A historical fit-active stock,1,
mto_crosswalk,LINC,MKH,2011,2016,Lincoln,MKZ,ldv,Mid-size,Midsize,Car,automatic_exact_normalized_make_reviewed_canonical_label,reviewed,fueleconomy_gov_vehicle_data | nrcan_fuel_consumption_ratings; Ontario Vehicle Population Report A historical fit-active stock,6,
mto_crosswalk,LINC,MKZ,2007,2016,Lincoln,MKZ,ldv,Mid-size,Midsize,Car,automatic_approved_current_candidate_approved_similarity_exact_normalized,reviewed,fueleconomy_gov_vehicle_data | nrcan_fuel_consumption_ratings; Ontario Vehicle Population Report A historical fit-active stock,1,
mto_crosswalk,LINC,MKZ,2019,2019,Lincoln,MKZ,ldv,Mid-size,Midsize,Car,automatic_normalized_make_prefix_exact_normalized_model,reviewed,fueleconomy_gov_vehicle_data | nrcan_fuel_consumption_ratings; Ontario Vehicle Population Report A historical fit-active stock,5,
mto_crosswalk,LINC,MRS,2017,2020,Lincoln,MKZ,ldv,Mid-size,Midsize,Car,automatic_exact_normalized_make_reviewed_canonical_label,reviewed,fueleconomy_gov_vehicle_data | nrcan_fuel_consumption_ratings; Ontario Vehicle Population Report A historical fit-active stock,6,
mto_crosswalk,LINC,MRK,2006,2008,Lincoln,Mark LT,mhdv,,,,automatic_reviewed_manual_make_reviewed_two_pass_agreement,reviewed,reviewed_mto_make_model_evidence; Ontario Vehicle Population Report A historical fit-active stock,0,Public evidence supports a mapped non-LDV truck family.
mto_crosswalk,LINC,NAU,2019,2023,Lincoln,Nautilus,ldv,Sport utility vehicle: Small,Small SUV,Light Truck,automatic_approved_current_candidate_approved_similarity_normalized_prefix,reviewed,fueleconomy_gov_vehicle_data | nrcan_fuel_consumption_ratings; Ontario Vehicle Population Report A historical fit-active stock,1,
mto_crosswalk,LINC,NAU,2025,2025,Lincoln,Nautilus,ldv,Sport utility vehicle: Small,Small SUV,Light Truck,automatic_normalized_make_prefix_normalized_model_prefix,reviewed,fueleconomy_gov_vehicle_data | nrcan_fuel_consumption_ratings; Ontario Vehicle Population Report A historical fit-active stock,4,
mto_crosswalk,LINC,NAU,2026,2026,Lincoln,Nautilus,ldv,Sport utility vehicle: Small,Small SUV,Light Truck,automatic_approved_current_candidate_approved_similarity_normalized_prefix,reviewed,fueleconomy_gov_vehicle_data | nrcan_fuel_consumption_ratings; Ontario Vehicle Population Report A historical fit-active stock,1,
mto_crosswalk,LINC,YJL,2020,2023,Lincoln,Nautilus,ldv,Sport utility vehicle: Small,Small SUV,Light Truck,automatic_exact_normalized_make_reviewed_canonical_label,reviewed,fueleconomy_gov_vehicle_data | nrcan_fuel_consumption_ratings; Ontario Vehicle Population Report A historical fit-active stock,3,
mto_crosswalk,LINC,NAV,1998,2026,Lincoln,Navigator,ldv,Sport utility vehicle: Standard,Midsize SUV,Light Truck,automatic_approved_current_candidate_approved_similarity_normalized_prefix,reviewed,fueleconomy_gov_vehicle_data | nrcan_fuel_consumption_ratings; Ontario Vehicle Population Report A historical fit-active stock,1,
mto_crosswalk,LINC,CAR,1981,2003,Lincoln,Town Car,ldv,Full-size,Midsize,Car,automatic_approved_current_candidate_approved_similarity_normalized_substring,reviewed,fueleconomy_gov_vehicle_data | nrcan_fuel_consumption_ratings; Ontario Vehicle Population Report A historical fit-active stock,1,
mto_crosswalk,LINC,ZHR,2006,2006,Lincoln,Zephyr,ldv,Mid-size,Midsize,Car,automatic_exact_normalized_make_reviewed_canonical_label,reviewed,fueleconomy_gov_vehicle_data | nrcan_fuel_consumption_ratings; Ontario Vehicle Population Report A historical fit-active stock,2,
mto_crosswalk,MNNI,43G,2021,2026,MINI,Clubman,ldv,Subcompact,Compact,Car,automatic_exact_normalized_make_reviewed_canonical_label,reviewed,fueleconomy_gov_vehicle_data; Ontario Vehicle Population Report A historical fit-active stock,1,
mto_crosswalk,MNNI,73G,2022,2024,MINI,Clubman,ldv,Subcompact,Compact,Car,automatic_exact_normalized_make_reviewed_canonical_label,reviewed,fueleconomy_gov_vehicle_data; Ontario Vehicle Population Report A historical fit-active stock,1,
mto_crosswalk,MNNI,CBM,2008,2018,MINI,Clubman,ldv,Subcompact,Compact,Car,automatic_exact_normalized_make_reviewed_canonical_label,reviewed,fueleconomy_gov_vehicle_data; Ontario Vehicle Population Report A historical fit-active stock,2,
mto_crosswalk,MIN,COO,2002,2003,MINI,Cooper,ldv,Minicompact,Compact,Car,automatic_exact_normalized_make_reviewed_canonical_label,reviewed,fueleconomy_gov_vehicle_data | nrcan_fuel_consumption_ratings; Ontario Vehicle Population Report A historical fit-active stock,4,
mto_crosswalk,MNNI,CCW,2009,2013,MINI,Cooper,ldv,Minicompact,Compact,Car,automatic_exact_normalized_make_reviewed_canonical_label,reviewed,fueleconomy_gov_vehicle_data | nrcan_fuel_consumption_ratings; Ontario Vehicle Population Report A historical fit-active stock,4,
mto_crosswalk,MNNI,COO,2004,2013,MINI,Cooper,ldv,Minicompact,Compact,Car,automatic_configured_make_alias_normalized_model_prefix,reviewed,fueleconomy_gov_vehicle_data | nrcan_fuel_consumption_ratings; Ontario Vehicle Population Report A historical fit-active stock,8,
mto_crosswalk,MNNI,CCW,2018,2019,MINI,Cooper,ldv,Station wagon: Small,Midsize,Car,automatic_exact_normalized_make_reviewed_canonical_label,reviewed,fueleconomy_gov_vehicle_data | nrcan_fuel_consumption_ratings; Ontario Vehicle Population Report A historical fit-active stock,3,
mto_crosswalk,MNNI,COO,2018,2019,MINI,Cooper,ldv,Station wagon: Small,Midsize,Car,automatic_configured_make_alias_normalized_model_prefix,reviewed,fueleconomy_gov_vehicle_data | nrcan_fuel_consumption_ratings; Ontario Vehicle Population Report A historical fit-active stock,3,
mto_crosswalk,MNNI,13E,2022,2024,MINI,Cooper 3,ldv,Subcompact,Compact,Car,automatic_exact_normalized_make_reviewed_canonical_label,reviewed,nrcan_fuel_consumption_ratings; Ontario Vehicle Population Report A historical fit-active stock,2,
mto_crosswalk,MNNI,CCW,2014,2017,MINI,Cooper 3,ldv,Subcompact,Compact,Car,automatic_exact_normalized_make_reviewed_canonical_label,reviewed,fueleconomy_gov_vehicle_data | nrcan_fuel_consumption_ratings; Ontario Vehicle Population Report A historical fit-active stock,4,
mto_crosswalk,MNNI,COO,2014,2017,MINI,Cooper 3,ldv,Subcompact,Compact,Car,automatic_configured_make_alias_normalized_model_prefix,reviewed,fueleconomy_gov_vehicle_data | nrcan_fuel_consumption_ratings; Ontario Vehicle Population Report A historical fit-active stock,4,
mto_crosswalk,MNNI,COO,2020,2024,MINI,Cooper 3,ldv,Subcompact,Compact,Car,automatic_configured_make_alias_normalized_model_prefix,reviewed,nrcan_fuel_consumption_ratings; Ontario Vehicle Population Report A historical fit-active stock,2,
mto_crosswalk,MNNI,13E,2025,2026,MINI,Cooper 5,ldv,Compact,Compact,Car,automatic_exact_normalized_make_reviewed_canonical_label,reviewed,nrcan_fuel_consumption_ratings; Ontario Vehicle Population Report A historical fit-active stock,2,
mto_crosswalk,MNNI,CTY,2011,2024,MINI,Countryman,ldv,Sport utility vehicle: Small,Small SUV,Light Truck,automatic_exact_normalized_make_reviewed_canonical_label,reviewed,fueleconomy_gov_vehicle_data | nrcan_fuel_consumption_ratings; Ontario Vehicle Population Report A historical fit-active stock,5,
mto_crosswalk,MASE,82G,2023,2023,Maserati,Ghibli,ldv,Mid-size,Midsize,Car,automatic_exact_normalized_make_reviewed_canonical_label,reviewed,fueleconomy_gov_vehicle_data | nrcan_fuel_consumption_ratings; Ontario Vehicle Population Report A historical fit-active stock,8,
mto_crosswalk,MASE,GQ4,2015,2024,Maserati,Ghibli,ldv,Mid-size,Midsize,Car,automatic_exact_normalized_make_reviewed_canonical_label,reviewed,fueleconomy_gov_vehicle_data | nrcan_fuel_consumption_ratings; Ontario Vehicle Population Report A historical fit-active stock,8,
mto_crosswalk,MASE,GTM,2013,2019,Maserati,GranTurismo,ldv,Subcompact,Compact,Car,automatic_exact_normalized_make_reviewed_canonical_label,reviewed,fueleconomy_gov_vehicle_data | nrcan_fuel_consumption_ratings; Ontario Vehicle Population Report A historical fit-active stock,4,
mto_crosswalk,MASE,PMG,2024,2025,Maserati,MC20,ldv,Two-seater,Midsize,Car,automatic_exact_normalized_make_reviewed_canonical_label,reviewed,fueleconomy_gov_vehicle_data | nrcan_fuel_consumption_ratings; Ontario Vehicle Population Report A historical fit-active stock,4,
mto_crosswalk,MASE,QSS,2009,2024,Maserati,Q,ldv,Two-seater,Midsize,Car,automatic_exact_normalized_make_reviewed_canonical_label,reviewed,fueleconomy_gov_vehicle_data; Ontario Vehicle Population Report A historical fit-active stock,1,
mto_crosswalk,MAZD,2SP,2014,2014,Mazda,2,ldv,Compact,Compact,Car,automatic_exact_normalized_make_reviewed_canonical_label,reviewed,fueleconomy_gov_vehicle_data; Ontario Vehicle Population Report A historical fit-active stock,1,
mto_crosswalk,MAZD,B25,2000,2000,Mazda,2500,ldv,Pickup truck: Standard,Pickup,Light Truck,automatic_exact_normalized_make_reviewed_canonical_label,reviewed,fueleconomy_gov_vehicle_data; Ontario Vehicle Population Report A historical fit-active stock,1,
mto_crosswalk,MAZD,3GT,2014,2016,Mazda,3,ldv,Compact,Compact,Car,automatic_exact_normalized_make_reviewed_canonical_label,reviewed,fueleconomy_gov_vehicle_data; Ontario Vehicle Population Report A historical fit-active stock,1,
mto_crosswalk,MAZD,3SP,2014,2016,Mazda,3,ldv,Compact,Compact,Car,automatic_exact_normalized_make_reviewed_canonical_label,reviewed,fueleconomy_gov_vehicle_data; Ontario Vehicle Population Report A historical fit-active stock,1,
mto_crosswalk,MAZD,3TR,2014,2025,Mazda,3,ldv,Compact,Compact,Car,automatic_exact_normalized_make_reviewed_canonical_label,reviewed,fueleconomy_gov_vehicle_data; Ontario Vehicle Population Report A historical fit-active stock,1,
mto_crosswalk,MAZD,6TR,2014,2016,Mazda,6,ldv,Mid-size,Midsize,Car,automatic_exact_normalized_make_reviewed_canonical_label,reviewed,fueleconomy_gov_vehicle_data; Ontario Vehicle Population Report A historical fit-active stock,1,
mto_crosswalk,MAZD,B22,1983,1984,Mazda,B2200/B2600,ldv,Pickup truck: Small,Pickup,Light Truck,automatic_exact_normalized_make_reviewed_canonical_label,reviewed,fueleconomy_gov_vehicle_data; Ontario Vehicle Population Report A historical fit-active stock,1,
mto_crosswalk,MAZD,B22,1987,1989,Mazda,B2200/B2600,ldv,Pickup truck: Small,Pickup,Light Truck,automatic_exact_normalized_make_reviewed_canonical_label,reviewed,fueleconomy_gov_vehicle_data; Ontario Vehicle Population Report A historical fit-active stock,1,
mto_crosswalk,MAZD,B22,1990,1993,Mazda,B2200/B2600i,ldv,Pickup truck: Standard,Pickup,Light Truck,automatic_exact_normalized_make_reviewed_canonical_label,reviewed,fueleconomy_gov_vehicle_data; Ontario Vehicle Population Report A historical fit-active stock,1,
mto_crosswalk,MAZD,B23,2008,2010,Mazda,B2300,ldv,Pickup truck: Small,Pickup,Light Truck,automatic_exact_normalized_make_reviewed_canonical_label,reviewed,fueleconomy_gov_vehicle_data | nrcan_fuel_consumption_ratings; Ontario Vehicle Population Report A historical fit-active stock,2,
mto_crosswalk,MAZD,B23,1994,2007,Mazda,B2300,ldv,Pickup truck: Standard,Pickup,Light Truck,automatic_exact_normalized_make_reviewed_canonical_label,reviewed,fueleconomy_gov_vehicle_data | nrcan_fuel_consumption_ratings; Ontario Vehicle Population Report A historical fit-active stock,4,
mto_crosswalk,MAZD,B25,1998,1999,Mazda,B2500,ldv,Pickup truck: Standard,Pickup,Light Truck,automatic_exact_normalized_make_reviewed_canonical_label,reviewed,fueleconomy_gov_vehicle_data | nrcan_fuel_consumption_ratings; Ontario Vehicle Population Report A historical fit-active stock,3,
mto_crosswalk,MAZD,B25,2001,2001,Mazda,B2500,ldv,Pickup truck: Standard,Pickup,Light Truck,automatic_exact_normalized_make_reviewed_canonical_label,reviewed,fueleconomy_gov_vehicle_data; Ontario Vehicle Population Report A historical fit-active stock,1,
mto_crosswalk,MAZD,B30,2008,2008,Mazda,B3000,ldv,Pickup truck: Small,Pickup,Light Truck,automatic_exact_normalized_make_reviewed_canonical_label,reviewed,fueleconomy_gov_vehicle_data | nrcan_fuel_consumption_ratings; Ontario Vehicle Population Report A historical fit-active stock,2,
mto_crosswalk,MAZD,B30,1994,2007,Mazda,B3000,ldv,Pickup truck: Standard,Pickup,Light Truck,automatic_exact_normalized_make_reviewed_canonical_label,reviewed,fueleconomy_gov_vehicle_data | nrcan_fuel_consumption_ratings; Ontario Vehicle Population Report A historical fit-active stock,5,
mto_crosswalk,MAZD,B40,2008,2010,Mazda,B4000,ldv,Pickup truck: Small,Pickup,Light Truck,automatic_configured_make_alias_normalized_model_prefix,reviewed,fueleconomy_gov_vehicle_data | nrcan_fuel_consumption_ratings; Ontario Vehicle Population Report A historical fit-active stock,4,
mto_crosswalk,MAZD,B40,1996,2007,Mazda,B4000,ldv,Pickup truck: Standard,Pickup,Light Truck,automatic_configured_make_alias_normalized_model_prefix,reviewed,fueleconomy_gov_vehicle_data | nrcan_fuel_consumption_ratings; Ontario Vehicle Population Report A historical fit-active stock,4,
mto_crosswalk,MAZD,CX3,2020,2026,Mazda,CX-3,ldv,Compact,Compact,Car,automatic_approved_current_candidate_approved_similarity_exact_normalized,reviewed,fueleconomy_gov_vehicle_data | nrcan_fuel_consumption_ratings; Ontario Vehicle Population Report A historical fit-active stock,1,
mto_crosswalk,MAZD,C30,1998,1998,Mazda,CX-30,ldv,Sport utility vehicle: Small,Small SUV,Light Truck,automatic_approved_current_candidate_approved_similarity_string_similarity,reviewed,fueleconomy_gov_vehicle_data | nrcan_fuel_consumption_ratings; Ontario Vehicle Population Report A historical fit-active stock,1,
mto_crosswalk,MAZD,C30,2000,2000,Mazda,CX-30,ldv,Sport utility vehicle: Small,Small SUV,Light Truck,automatic_approved_current_candidate_approved_similarity_string_similarity,reviewed,fueleconomy_gov_vehicle_data | nrcan_fuel_consumption_ratings; Ontario Vehicle Population Report A historical fit-active stock,1,
mto_crosswalk,MAZD,C30,2020,2021,Mazda,CX-30,ldv,Sport utility vehicle: Small,Small SUV,Light Truck,automatic_approved_current_candidate_approved_similarity_string_similarity,reviewed,fueleconomy_gov_vehicle_data | nrcan_fuel_consumption_ratings; Ontario Vehicle Population Report A historical fit-active stock,1,
mto_crosswalk,MAZD,C30,2023,2025,Mazda,CX-30,ldv,Sport utility vehicle: Small,Small SUV,Light Truck,automatic_approved_current_candidate_approved_similarity_string_similarity,reviewed,fueleconomy_gov_vehicle_data | nrcan_fuel_consumption_ratings; Ontario Vehicle Population Report A historical fit-active stock,1,
mto_crosswalk,MAZD,CX5,2003,2003,Mazda,CX-5,ldv,Sport utility vehicle: Small,Small SUV,Light Truck,automatic_approved_current_candidate_approved_similarity_exact_normalized,reviewed,fueleconomy_gov_vehicle_data | nrcan_fuel_consumption_ratings; Ontario Vehicle Population Report A historical fit-active stock,1,
mto_crosswalk,MAZD,CX5,2013,2025,Mazda,CX-5,ldv,Sport utility vehicle: Small,Small SUV,Light Truck,automatic_approved_current_candidate_approved_similarity_exact_normalized,reviewed,fueleconomy_gov_vehicle_data | nrcan_fuel_consumption_ratings; Ontario Vehicle Population Report A historical fit-active stock,1,
mto_crosswalk,MAZD,C50,2023,2025,Mazda,CX-50,ldv,Sport utility vehicle: Small,Small SUV,Light Truck,automatic_approved_current_candidate_approved_similarity_string_similarity,reviewed,fueleconomy_gov_vehicle_data | nrcan_fuel_consumption_ratings; Ontario Vehicle Population Report A historical fit-active stock,1,
mto_crosswalk,MAZD,C70,2025,2025,Mazda,CX-70,ldv,Sport utility vehicle: Standard,Midsize SUV,Light Truck,automatic_approved_current_candidate_approved_similarity_string_similarity,reviewed,fueleconomy_gov_vehicle_data | nrcan_fuel_consumption_ratings; Ontario Vehicle Population Report A historical fit-active stock,1,
mto_crosswalk,MAZD,CX9,2007,2023,Mazda,CX-9,ldv,Sport utility vehicle: Small,Small SUV,Light Truck,automatic_approved_current_candidate_approved_similarity_exact_normalized,reviewed,fueleconomy_gov_vehicle_data | nrcan_fuel_consumption_ratings; Ontario Vehicle Population Report A historical fit-active stock,1,
mto_crosswalk,MAZD,C90,2024,2025,Mazda,CX-90,ldv,Sport utility vehicle: Standard,Midsize SUV,Light Truck,automatic_approved_current_candidate_approved_similarity_string_similarity,reviewed,fueleconomy_gov_vehicle_data | nrcan_fuel_consumption_ratings; Ontario Vehicle Population Report A historical fit-active stock,1,
mto_crosswalk,MAZD,MWG,1989,2006,Mazda,MPV,ldv,Minivan,Midsize SUV,Light Truck,automatic_exact_normalized_make_reviewed_canonical_label,reviewed,fueleconomy_gov_vehicle_data | nrcan_fuel_consumption_ratings; Ontario Vehicle Population Report A historical fit-active stock,3,
mto_crosswalk,MAZD,MST,2013,2013,Mazda,MX-5,ldv,Two-seater,Midsize,Car,automatic_exact_normalized_make_reviewed_canonical_label,reviewed,fueleconomy_gov_vehicle_data | nrcan_fuel_consumption_ratings; Ontario Vehicle Population Report A historical fit-active stock,2,
mto_crosswalk,MAZD,MX5,1989,1990,Mazda,MX-5,ldv,Two-seater,Midsize,Car,automatic_configured_make_alias_exact_normalized_model,reviewed,fueleconomy_gov_vehicle_data; Ontario Vehicle Population Report A historical fit-active stock,1,
mto_crosswalk,MAZD,MX5,1994,1994,Mazda,MX-5,ldv,Two-seater,Midsize,Car,automatic_configured_make_alias_exact_normalized_model,reviewed,fueleconomy_gov_vehicle_data; Ontario Vehicle Population Report A historical fit-active stock,1,
mto_crosswalk,MAZD,MX5,1999,1999,Mazda,MX-5,ldv,Two-seater,Midsize,Car,automatic_configured_make_alias_exact_normalized_model,reviewed,fueleconomy_gov_vehicle_data | nrcan_fuel_consumption_ratings; Ontario Vehicle Population Report A historical fit-active stock,2,
mto_crosswalk,MAZD,MX5,2001,2001,Mazda,MX-5,ldv,Two-seater,Midsize,Car,automatic_configured_make_alias_exact_normalized_model,reviewed,fueleconomy_gov_vehicle_data | nrcan_fuel_consumption_ratings; Ontario Vehicle Population Report A historical fit-active stock,2,
mto_crosswalk,MAZD,MX5,2005,2005,Mazda,MX-5,ldv,Two-seater,Midsize,Car,automatic_configured_make_alias_exact_normalized_model,reviewed,fueleconomy_gov_vehicle_data | nrcan_fuel_consumption_ratings; Ontario Vehicle Population Report A historical fit-active stock,2,
mto_crosswalk,MAZD,MX5,2019,2019,Mazda,MX-5,ldv,Two-seater,Midsize,Car,automatic_configured_make_alias_exact_normalized_model,reviewed,fueleconomy_gov_vehicle_data | nrcan_fuel_consumption_ratings; Ontario Vehicle Population Report A historical fit-active stock,3,
mto_crosswalk,MAZD,MX5,2023,2025,Mazda,MX-5,ldv,Two-seater,Midsize,Car,automatic_configured_make_alias_exact_normalized_model,reviewed,fueleconomy_gov_vehicle_data | nrcan_fuel_consumption_ratings; Ontario Vehicle Population Report A historical fit-active stock,3,
mto_crosswalk,MAZD,MXC,2013,2023,Mazda,MX-5,ldv,Two-seater,Midsize,Car,automatic_exact_normalized_make_reviewed_canonical_label,reviewed,fueleconomy_gov_vehicle_data | nrcan_fuel_consumption_ratings; Ontario Vehicle Population Report A historical fit-active stock,3,
mto_crosswalk,MAZD,MXS,2013,2023,Mazda,MX-5,ldv,Two-seater,Midsize,Car,automatic_exact_normalized_make_reviewed_canonical_label,reviewed,fueleconomy_gov_vehicle_data | nrcan_fuel_consumption_ratings; Ontario Vehicle Population Report A historical fit-active stock,3,
mto_crosswalk,MAZD,XSV,2018,2023,Mazda,MX-5,ldv,Two-seater,Midsize,Car,automatic_exact_normalized_make_reviewed_canonical_label,reviewed,fueleconomy_gov_vehicle_data | nrcan_fuel_consumption_ratings; Ontario Vehicle Population Report A historical fit-active stock,3,
mto_crosswalk,MAZD,M3I,2004,2006,Mazda,Mazda3,ldv,Compact,Compact,Car,automatic_exact_normalized_make_reviewed_canonical_label,reviewed,nrcan_fuel_consumption_ratings; Ontario Vehicle Population Report A historical fit-active stock,1,
mto_crosswalk,MAZD,M3I,2008,2012,Mazda,Mazda3,ldv,Compact,Compact,Car,automatic_exact_normalized_make_reviewed_canonical_label,reviewed,nrcan_fuel_consumption_ratings; Ontario Vehicle Population Report A historical fit-active stock,1,
mto_crosswalk,MAZD,MS3,2008,2012,Mazda,Mazda3,ldv,Compact,Compact,Car,automatic_exact_normalized_make_reviewed_canonical_label,reviewed,nrcan_fuel_consumption_ratings; Ontario Vehicle Population Report A historical fit-active stock,1,
mto_crosswalk,MAZD,M3I,2007,2007,Mazda,Mazda3,ldv,Mid-size,Midsize,Car,automatic_exact_normalized_make_reviewed_canonical_label,reviewed,nrcan_fuel_consumption_ratings; Ontario Vehicle Population Report A historical fit-active stock,2,
mto_crosswalk,MAZD,MS3,2007,2007,Mazda,Mazda3,ldv,Mid-size,Midsize,Car,automatic_exact_normalized_make_reviewed_canonical_label,reviewed,nrcan_fuel_consumption_ratings; Ontario Vehicle Population Report A historical fit-active stock,2,
mto_crosswalk,MAZD,6SP,2014,2016,Mazda,Mazda6,ldv,Mid-size,Midsize,Car,automatic_exact_normalized_make_reviewed_canonical_label,reviewed,nrcan_fuel_consumption_ratings; Ontario Vehicle Population Report A historical fit-active stock,3,
mto_crosswalk,MAZD,M6G,2013,2021,Mazda,Mazda6,ldv,Mid-size,Midsize,Car,automatic_exact_normalized_make_reviewed_canonical_label,reviewed,nrcan_fuel_consumption_ratings; Ontario Vehicle Population Report A historical fit-active stock,3,
mto_crosswalk,MAZD,CMI,1992,1997,Mazda,Millenia,ldv,Compact,Compact,Car,automatic_exact_normalized_make_reviewed_canonical_label,reviewed,fueleconomy_gov_vehicle_data | nrcan_fuel_consumption_ratings; Ontario Vehicle Population Report A historical fit-active stock,3,
mto_crosswalk,MAZD,RX7,1981,2003,Mazda,RX-7,ldv,Two-seater,Midsize,Car,automatic_exact_normalized_make_reviewed_canonical_label,reviewed,fueleconomy_gov_vehicle_data; Ontario Vehicle Population Report A historical fit-active stock,1,
mto_crosswalk,MAZD,RX8,2004,2011,Mazda,RX-8,ldv,Subcompact,Compact,Car,automatic_approved_current_candidate_approved_similarity_exact_normalized,reviewed,fueleconomy_gov_vehicle_data | nrcan_fuel_consumption_ratings; Ontario Vehicle Population Report A historical fit-active stock,1,
mto_crosswalk,MCLA,M6S,2015,2025,McLaren Automotive,650S,ldv,Two-seater,Midsize,Car,automatic_exact_normalized_make_reviewed_canonical_label,reviewed,fueleconomy_gov_vehicle_data; Ontario Vehicle Population Report A historical fit-active stock,3,
mto_crosswalk,MCLA,720,2018,2025,McLaren Automotive,720S,ldv,Two-seater,Midsize,Car,automatic_approved_current_candidate_approved_similarity_normalized_prefix,reviewed,fueleconomy_gov_vehicle_data; Ontario Vehicle Population Report A historical fit-active stock,1,
mto_crosswalk,MERZ,300,1981,1985,Mercedes-Benz,300D,ldv,Compact,Compact,Car,automatic_exact_normalized_make_reviewed_canonical_label,reviewed,fueleconomy_gov_vehicle_data; Ontario Vehicle Population Report A historical fit-active stock,1,
mto_crosswalk,MERZ,300,1987,1987,Mercedes-Benz,300D,ldv,Compact,Compact,Car,automatic_exact_normalized_make_reviewed_canonical_label,reviewed,fueleconomy_gov_vehicle_data; Ontario Vehicle Population Report A historical fit-active stock,2,
mto_crosswalk,MERZ,300,1990,1990,Mercedes-Benz,300D,ldv,Compact,Compact,Car,automatic_exact_normalized_make_reviewed_canonical_label,reviewed,fueleconomy_gov_vehicle_data; Ontario Vehicle Population Report A historical fit-active stock,4,
mto_crosswalk,MERZ,300,1992,1993,Mercedes-Benz,300D,ldv,Compact,Compact,Car,automatic_exact_normalized_make_reviewed_canonical_label,reviewed,fueleconomy_gov_vehicle_data; Ontario Vehicle Population Report A historical fit-active stock,4,
mto_crosswalk,MERZ,300,1986,1986,Mercedes-Benz,300E,ldv,Compact,Compact,Car,automatic_exact_normalized_make_reviewed_canonical_label,reviewed,fueleconomy_gov_vehicle_data; Ontario Vehicle Population Report A historical fit-active stock,1,
mto_crosswalk,MERZ,300,1988,1989,Mercedes-Benz,300E,ldv,Compact,Compact,Car,automatic_exact_normalized_make_reviewed_canonical_label,reviewed,fueleconomy_gov_vehicle_data; Ontario Vehicle Population Report A historical fit-active stock,1,
mto_crosswalk,MERZ,380,1981,1985,Mercedes-Benz,380SL,ldv,Two-seater,Midsize,Car,automatic_exact_normalized_make_reviewed_canonical_label,reviewed,fueleconomy_gov_vehicle_data; Ontario Vehicle Population Report A historical fit-active stock,1,
mto_crosswalk,MERZ,38S,1983,1984,Mercedes-Benz,380SL,ldv,Two-seater,Midsize,Car,automatic_exact_normalized_make_reviewed_canonical_label,reviewed,fueleconomy_gov_vehicle_data; Ontario Vehicle Population Report A historical fit-active stock,1,
mto_crosswalk,MERZ,42S,1990,1990,Mercedes-Benz,420SE,ldv,Mid-size,Midsize,Car,automatic_exact_normalized_make_reviewed_canonical_label,reviewed,fueleconomy_gov_vehicle_data; Ontario Vehicle Population Report A historical fit-active stock,1,
mto_crosswalk,MERZ,42S,1986,1989,Mercedes-Benz,420SEL,ldv,Mid-size,Midsize,Car,automatic_exact_normalized_make_reviewed_canonical_label,reviewed,fueleconomy_gov_vehicle_data; Ontario Vehicle Population Report A historical fit-active stock,1,
mto_crosswalk,MERZ,42S,1991,1991,Mercedes-Benz,420SEL,ldv,Mid-size,Midsize,Car,automatic_exact_normalized_make_reviewed_canonical_label,reviewed,fueleconomy_gov_vehicle_data; Ontario Vehicle Population Report A historical fit-active stock,1,
mto_crosswalk,MERZ,50L,1990,1996,Mercedes-Benz,500SEL 5 0L,ldv,Full-size,Midsize,Car,automatic_approved_current_candidate_approved_similarity_normalized_substring,reviewed,fueleconomy_gov_vehicle_data; Ontario Vehicle Population Report A historical fit-active stock,1,
mto_crosswalk,MERZ,56S,1986,1989,Mercedes-Benz,560SL,ldv,Two-seater,Midsize,Car,automatic_exact_normalized_make_reviewed_canonical_label,reviewed,fueleconomy_gov_vehicle_data; Ontario Vehicle Population Report A historical fit-active stock,1,
mto_crosswalk,MERZ,MG3,2015,2015,Mercedes-Benz,AMG C63,ldv,Compact,Compact,Car,automatic_configured_make_alias_anchored_consonant_abbreviation,reviewed,fueleconomy_gov_vehicle_data; Ontario Vehicle Population Report A historical fit-active stock,2,
mto_crosswalk,MERZ,1JG,2022,2023,Mercedes-Benz,AMG GT,ldv,Compact,Compact,Car,automatic_exact_normalized_make_reviewed_canonical_label,reviewed,fueleconomy_gov_vehicle_data | nrcan_fuel_consumption_ratings; Ontario Vehicle Population Report A historical fit-active stock,7,
mto_crosswalk,MERZ,1KG,2022,2023,Mercedes-Benz,AMG GT,ldv,Compact,Compact,Car,automatic_exact_normalized_make_reviewed_canonical_label,reviewed,fueleconomy_gov_vehicle_data | nrcan_fuel_consumption_ratings; Ontario Vehicle Population Report A historical fit-active stock,7,
mto_crosswalk,MERZ,2JG,2022,2023,Mercedes-Benz,AMG GT,ldv,Compact,Compact,Car,automatic_exact_normalized_make_reviewed_canonical_label,reviewed,fueleconomy_gov_vehicle_data | nrcan_fuel_consumption_ratings; Ontario Vehicle Population Report A historical fit-active stock,7,
mto_crosswalk,MERZ,6GG,2022,2025,Mercedes-Benz,AMG GT,ldv,Compact,Compact,Car,automatic_exact_normalized_make_reviewed_canonical_label,reviewed,fueleconomy_gov_vehicle_data | nrcan_fuel_consumption_ratings; Ontario Vehicle Population Report A historical fit-active stock,7,
mto_crosswalk,MERZ,7XG,2022,2025,Mercedes-Benz,AMG GT,ldv,Compact,Compact,Car,automatic_exact_normalized_make_reviewed_canonical_label,reviewed,fueleconomy_gov_vehicle_data | nrcan_fuel_consumption_ratings; Ontario Vehicle Population Report A historical fit-active stock,7,
mto_crosswalk,MERZ,AMG,2023,2025,Mercedes-Benz,AMG GT,ldv,Compact,Compact,Car,automatic_exact_normalized_make_reviewed_canonical_label,reviewed,fueleconomy_gov_vehicle_data | nrcan_fuel_consumption_ratings; Ontario Vehicle Population Report A historical fit-active stock,7,
mto_crosswalk,MERZ,LFG,2024,2025,Mercedes-Benz,AMG GT,ldv,Compact,Compact,Car,automatic_exact_normalized_make_reviewed_canonical_label,reviewed,fueleconomy_gov_vehicle_data | nrcan_fuel_consumption_ratings; Ontario Vehicle Population Report A historical fit-active stock,5,
mto_crosswalk,MERZ,MJG,2024,2025,Mercedes-Benz,AMG GT,ldv,Compact,Compact,Car,automatic_exact_normalized_make_reviewed_canonical_label,reviewed,fueleconomy_gov_vehicle_data | nrcan_fuel_consumption_ratings; Ontario Vehicle Population Report A historical fit-active stock,5,
mto_crosswalk,MERZ,VKG,2022,2025,Mercedes-Benz,AMG GT,ldv,Compact,Compact,Car,automatic_exact_normalized_make_reviewed_canonical_label,reviewed,fueleconomy_gov_vehicle_data | nrcan_fuel_consumption_ratings; Ontario Vehicle Population Report A historical fit-active stock,7,
mto_crosswalk,MERZ,WHG,2025,2025,Mercedes-Benz,AMG GT,ldv,Compact,Compact,Car,automatic_exact_normalized_make_reviewed_canonical_label,reviewed,fueleconomy_gov_vehicle_data | nrcan_fuel_consumption_ratings; Ontario Vehicle Population Report A historical fit-active stock,5,
mto_crosswalk,MERZ,WJG,2022,2023,Mercedes-Benz,AMG GT,ldv,Compact,Compact,Car,automatic_exact_normalized_make_reviewed_canonical_label,reviewed,fueleconomy_gov_vehicle_data | nrcan_fuel_consumption_ratings; Ontario Vehicle Population Report A historical fit-active stock,7,
mto_crosswalk,MERZ,WKG,2022,2023,Mercedes-Benz,AMG GT,ldv,Compact,Compact,Car,automatic_exact_normalized_make_reviewed_canonical_label,reviewed,fueleconomy_gov_vehicle_data | nrcan_fuel_consumption_ratings; Ontario Vehicle Population Report A historical fit-active stock,7,
mto_crosswalk,MERZ,AMG,2026,2026,Mercedes-Benz,AMG GT,ldv,Station wagon: Small,Midsize,Car,automatic_exact_normalized_make_reviewed_canonical_label,reviewed,fueleconomy_gov_vehicle_data; Ontario Vehicle Population Report A historical fit-active stock,1,
mto_crosswalk,MERZ,AMG,1988,1988,Mercedes-Benz,AMG GT,ldv,Two-seater,Midsize,Car,automatic_exact_normalized_make_reviewed_canonical_label,reviewed,fueleconomy_gov_vehicle_data | nrcan_fuel_consumption_ratings; Ontario Vehicle Population Report A historical fit-active stock,2,
mto_crosswalk,MERZ,AMG,2016,2018,Mercedes-Benz,AMG GT,ldv,Two-seater,Midsize,Car,automatic_exact_normalized_make_reviewed_canonical_label,reviewed,fueleconomy_gov_vehicle_data | nrcan_fuel_consumption_ratings; Ontario Vehicle Population Report A historical fit-active stock,12,
mto_crosswalk,MERZ,1JG,2020,2021,Mercedes-Benz,AMG GT C,ldv,Two-seater,Midsize,Car,automatic_exact_normalized_make_reviewed_canonical_label,reviewed,fueleconomy_gov_vehicle_data | nrcan_fuel_consumption_ratings; Ontario Vehicle Population Report A historical fit-active stock,8,
mto_crosswalk,MERZ,1KG,2020,2021,Mercedes-Benz,AMG GT C,ldv,Two-seater,Midsize,Car,automatic_exact_normalized_make_reviewed_canonical_label,reviewed,fueleconomy_gov_vehicle_data | nrcan_fuel_consumption_ratings; Ontario Vehicle Population Report A historical fit-active stock,8,
mto_crosswalk,MERZ,2JG,2019,2021,Mercedes-Benz,AMG GT C,ldv,Two-seater,Midsize,Car,automatic_exact_normalized_make_reviewed_canonical_label,reviewed,fueleconomy_gov_vehicle_data | nrcan_fuel_consumption_ratings; Ontario Vehicle Population Report A historical fit-active stock,8,
mto_crosswalk,MERZ,6GG,2021,2021,Mercedes-Benz,AMG GT C,ldv,Two-seater,Midsize,Car,automatic_exact_normalized_make_reviewed_canonical_label,reviewed,fueleconomy_gov_vehicle_data | nrcan_fuel_consumption_ratings; Ontario Vehicle Population Report A historical fit-active stock,6,
mto_crosswalk,MERZ,7XG,2019,2021,Mercedes-Benz,AMG GT C,ldv,Two-seater,Midsize,Car,automatic_exact_normalized_make_reviewed_canonical_label,reviewed,fueleconomy_gov_vehicle_data | nrcan_fuel_consumption_ratings; Ontario Vehicle Population Report A historical fit-active stock,8,
mto_crosswalk,MERZ,AMG,2019,2021,Mercedes-Benz,AMG GT C,ldv,Two-seater,Midsize,Car,automatic_exact_normalized_make_reviewed_canonical_label,reviewed,fueleconomy_gov_vehicle_data | nrcan_fuel_consumption_ratings; Ontario Vehicle Population Report A historical fit-active stock,8,
mto_crosswalk,MERZ,WFG,2020,2021,Mercedes-Benz,AMG GT C,ldv,Two-seater,Midsize,Car,automatic_exact_normalized_make_reviewed_canonical_label,reviewed,fueleconomy_gov_vehicle_data | nrcan_fuel_consumption_ratings; Ontario Vehicle Population Report A historical fit-active stock,8,
mto_crosswalk,MERZ,WJG,2020,2021,Mercedes-Benz,AMG GT C,ldv,Two-seater,Midsize,Car,automatic_exact_normalized_make_reviewed_canonical_label,reviewed,fueleconomy_gov_vehicle_data | nrcan_fuel_consumption_ratings; Ontario Vehicle Population Report A historical fit-active stock,8,
mto_crosswalk,MERZ,WKG,2020,2021,Mercedes-Benz,AMG GT C,ldv,Two-seater,Midsize,Car,automatic_exact_normalized_make_reviewed_canonical_label,reviewed,fueleconomy_gov_vehicle_data | nrcan_fuel_consumption_ratings; Ontario Vehicle Population Report A historical fit-active stock,8,
mto_crosswalk,MERZ,B20,2006,2011,Mercedes-Benz,B 200,ldv,Station wagon: Small,Midsize,Car,automatic_approved_current_candidate_approved_similarity_normalized_prefix,reviewed,nrcan_fuel_consumption_ratings; Ontario Vehicle Population Report A historical fit-active stock,1,
mto_crosswalk,MERZ,B25,2016,2018,Mercedes-Benz,B 250,ldv,Mid-size,Midsize,Car,automatic_configured_make_alias_normalized_model_prefix,reviewed,nrcan_fuel_consumption_ratings; Ontario Vehicle Population Report A historical fit-active stock,2,
mto_crosswalk,MERZ,B25,2013,2015,Mercedes-Benz,B 250,ldv,Station wagon: Small,Midsize,Car,automatic_configured_make_alias_normalized_model_prefix,reviewed,nrcan_fuel_consumption_ratings; Ontario Vehicle Population Report A historical fit-active stock,2,
mto_crosswalk,MERZ,B25,2019,2019,Mercedes-Benz,B 250,ldv,Station wagon: Small,Midsize,Car,automatic_configured_make_alias_normalized_model_prefix,reviewed,nrcan_fuel_consumption_ratings; Ontario Vehicle Population Report A historical fit-active stock,2,
mto_crosswalk,MERZ,C22,1995,1997,Mercedes-Benz,C 220,ldv,Compact,Compact,Car,automatic_exact_normalized_make_reviewed_canonical_label,reviewed,fueleconomy_gov_vehicle_data | nrcan_fuel_consumption_ratings; Ontario Vehicle Population Report A historical fit-active stock,2,
mto_crosswalk,MERZ,C23,1997,2000,Mercedes-Benz,C 230,ldv,Compact,Compact,Car,automatic_configured_make_alias_normalized_model_prefix,reviewed,fueleconomy_gov_vehicle_data | nrcan_fuel_consumption_ratings; Ontario Vehicle Population Report A historical fit-active stock,2,
mto_crosswalk,MERZ,C23,2007,2009,Mercedes-Benz,C 230,ldv,Compact,Compact,Car,automatic_configured_make_alias_normalized_model_prefix,reviewed,fueleconomy_gov_vehicle_data | nrcan_fuel_consumption_ratings; Ontario Vehicle Population Report A historical fit-active stock,2,
mto_crosswalk,MERZ,C2K,2003,2005,Mercedes-Benz,C 230K,ldv,Compact,Compact,Car,automatic_approved_current_candidate_approved_similarity_string_similarity,reviewed,nrcan_fuel_consumption_ratings; Ontario Vehicle Population Report A historical fit-active stock,1,
mto_crosswalk,MERZ,C24,2001,2005,Mercedes-Benz,C 240,ldv,Compact,Compact,Car,automatic_exact_normalized_make_reviewed_canonical_label,reviewed,fueleconomy_gov_vehicle_data | nrcan_fuel_consumption_ratings; Ontario Vehicle Population Report A historical fit-active stock,5,
mto_crosswalk,MERZ,C20,1995,2015,Mercedes-Benz,C 250,ldv,Compact,Compact,Car,automatic_exact_normalized_make_reviewed_canonical_label,reviewed,fueleconomy_gov_vehicle_data | nrcan_fuel_consumption_ratings; Ontario Vehicle Population Report A historical fit-active stock,2,
mto_crosswalk,MERZ,C25,1995,2011,Mercedes-Benz,C 250,ldv,Compact,Compact,Car,automatic_exact_normalized_make_reviewed_canonical_label,reviewed,nrcan_fuel_consumption_ratings; Ontario Vehicle Population Report A historical fit-active stock,2,
mto_crosswalk,MERZ,C28,1995,2000,Mercedes-Benz,C 280,ldv,Compact,Compact,Car,automatic_exact_normalized_make_reviewed_canonical_label,reviewed,fueleconomy_gov_vehicle_data | nrcan_fuel_consumption_ratings; Ontario Vehicle Population Report A historical fit-active stock,2,
mto_crosswalk,MERZ,C28,2007,2007,Mercedes-Benz,C 280,ldv,Compact,Compact,Car,automatic_exact_normalized_make_reviewed_canonical_label,reviewed,fueleconomy_gov_vehicle_data | nrcan_fuel_consumption_ratings; Ontario Vehicle Population Report A historical fit-active stock,4,
mto_crosswalk,MERZ,C30,2005,2005,Mercedes-Benz,C 300,ldv,Compact,Compact,Car,automatic_exact_normalized_make_reviewed_canonical_label,reviewed,fueleconomy_gov_vehicle_data | nrcan_fuel_consumption_ratings; Ontario Vehicle Population Report A historical fit-active stock,5,
mto_crosswalk,MERZ,C30,2008,2011,Mercedes-Benz,C 300,ldv,Compact,Compact,Car,automatic_exact_normalized_make_reviewed_canonical_label,reviewed,fueleconomy_gov_vehicle_data | nrcan_fuel_consumption_ratings; Ontario Vehicle Population Report A historical fit-active stock,5,
mto_crosswalk,MERZ,C30,2013,2013,Mercedes-Benz,C 300,ldv,Compact,Compact,Car,automatic_exact_normalized_make_reviewed_canonical_label,reviewed,fueleconomy_gov_vehicle_data | nrcan_fuel_consumption_ratings; Ontario Vehicle Population Report A historical fit-active stock,2,
mto_crosswalk,MERZ,C30,2015,2020,Mercedes-Benz,C 300,ldv,Compact,Compact,Car,automatic_exact_normalized_make_reviewed_canonical_label,reviewed,fueleconomy_gov_vehicle_data | nrcan_fuel_consumption_ratings; Ontario Vehicle Population Report A historical fit-active stock,3,
mto_crosswalk,MERZ,C30,2024,2026,Mercedes-Benz,C 300,ldv,Compact,Compact,Car,automatic_exact_normalized_make_reviewed_canonical_label,reviewed,fueleconomy_gov_vehicle_data | nrcan_fuel_consumption_ratings; Ontario Vehicle Population Report A historical fit-active stock,4,
mto_crosswalk,MERZ,C3G,2015,2018,Mercedes-Benz,C 300 4MATIC Wagon,ldv,Station wagon: Mid-size,Midsize,Car,automatic_exact_normalized_make_reviewed_canonical_label,reviewed,nrcan_fuel_consumption_ratings; Ontario Vehicle Population Report A historical fit-active stock,1,
mto_crosswalk,MERZ,C3G,2019,2020,Mercedes-Benz,C 300 4MATIC Wagon,ldv,Station wagon: Small,Midsize,Car,automatic_exact_normalized_make_reviewed_canonical_label,reviewed,nrcan_fuel_consumption_ratings; Ontario Vehicle Population Report A historical fit-active stock,1,
mto_crosswalk,MERZ,C32,2001,2005,Mercedes-Benz,C 320,ldv,Compact,Compact,Car,automatic_exact_normalized_make_reviewed_canonical_label,reviewed,fueleconomy_gov_vehicle_data | nrcan_fuel_consumption_ratings; Ontario Vehicle Population Report A historical fit-active stock,8,
mto_crosswalk,MERZ,C35,2004,2010,Mercedes-Benz,C 350,ldv,Compact,Compact,Car,automatic_exact_normalized_make_reviewed_canonical_label,reviewed,fueleconomy_gov_vehicle_data | nrcan_fuel_consumption_ratings; Ontario Vehicle Population Report A historical fit-active stock,4,
mto_crosswalk,MERZ,C4M,2003,2006,Mercedes-Benz,C 43 AMG,ldv,Compact,Compact,Car,automatic_exact_normalized_make_reviewed_canonical_label,reviewed,nrcan_fuel_consumption_ratings; Ontario Vehicle Population Report A historical fit-active stock,1,
mto_crosswalk,MERZ,C45,2016,2016,Mercedes-Benz,C 450 AMG,ldv,Compact,Compact,Car,automatic_configured_make_alias_normalized_model_prefix,reviewed,fueleconomy_gov_vehicle_data | nrcan_fuel_consumption_ratings; Ontario Vehicle Population Report A historical fit-active stock,2,
mto_crosswalk,MERZ,C6G,2008,2011,Mercedes-Benz,C 63 AMG,ldv,Compact,Compact,Car,automatic_configured_make_alias_anchored_consonant_abbreviation,reviewed,fueleconomy_gov_vehicle_data | nrcan_fuel_consumption_ratings; Ontario Vehicle Population Report A historical fit-active stock,2,
mto_crosswalk,MERZ,C6G,2015,2015,Mercedes-Benz,C 63 AMG,ldv,Subcompact,Compact,Car,automatic_configured_make_alias_anchored_consonant_abbreviation,reviewed,fueleconomy_gov_vehicle_data | nrcan_fuel_consumption_ratings; Ontario Vehicle Population Report A historical fit-active stock,2,
mto_crosswalk,MERZ,C2S,2002,2005,Mercedes-Benz,C-Class,non_ldv_unclassified,,,,automatic_reviewed_manual_make_reviewed_two_pass_agreement,reviewed,reviewed_mto_make_model_evidence; Ontario Vehicle Population Report A historical fit-active stock,0,Public evidence supports the family but not an LDV class hierarchy.
mto_crosswalk,MERZ,CEM,2012,2016,Mercedes-Benz,C-Class,non_ldv_unclassified,,,,automatic_reviewed_manual_make_reviewed_two_pass_agreement,reviewed,reviewed_mto_make_model_evidence; Ontario Vehicle Population Report A historical fit-active stock,0,Public evidence supports the family but not an LDV class hierarchy.
mto_crosswalk,MERZ,CGE,2016,2025,Mercedes-Benz,C-Class,non_ldv_unclassified,,,,automatic_reviewed_manual_make_reviewed_two_pass_agreement,reviewed,reviewed_mto_make_model_evidence; Ontario Vehicle Population Report A historical fit-active stock,0,Public evidence supports the family but not an LDV class hierarchy.
mto_crosswalk,MERZ,C22,1994,1994,Mercedes-Benz,C220,ldv,Compact,Compact,Car,automatic_exact_normalized_make_reviewed_canonical_label,reviewed,fueleconomy_gov_vehicle_data; Ontario Vehicle Population Report A historical fit-active stock,1,
mto_crosswalk,MERZ,C28,1994,1994,Mercedes-Benz,C280,ldv,Compact,Compact,Car,automatic_exact_normalized_make_reviewed_canonical_label,reviewed,fueleconomy_gov_vehicle_data; Ontario Vehicle Population Report A historical fit-active stock,1,
mto_crosswalk,MERZ,C30,2021,2021,Mercedes-Benz,C300,ldv,Compact,Compact,Car,automatic_exact_normalized_make_reviewed_canonical_label,reviewed,fueleconomy_gov_vehicle_data; Ontario Vehicle Population Report A historical fit-active stock,2,
mto_crosswalk,MERZ,C30,2023,2023,Mercedes-Benz,C300,ldv,Compact,Compact,Car,automatic_exact_normalized_make_reviewed_canonical_label,reviewed,fueleconomy_gov_vehicle_data; Ontario Vehicle Population Report A historical fit-active stock,2,
mto_crosswalk,MERZ,C43,1998,2019,Mercedes-Benz,C43,ldv,Compact,Compact,Car,automatic_exact_normalized_make_reviewed_canonical_label,reviewed,fueleconomy_gov_vehicle_data; Ontario Vehicle Population Report A historical fit-active stock,1,
mto_crosswalk,MERZ,CLA,2008,2026,Mercedes-Benz,CLA-Class,non_ldv_unclassified,,,,automatic_reviewed_manual_make_reviewed_two_pass_agreement,reviewed,reviewed_mto_make_model_evidence; Ontario Vehicle Population Report A historical fit-active stock,0,Public evidence supports the family but not an LDV class hierarchy.
mto_crosswalk,MERZ,CLK,1998,2007,Mercedes-Benz,CLK-Class,non_ldv_unclassified,,,,automatic_reviewed_manual_make_reviewed_two_pass_agreement,reviewed,reviewed_mto_make_model_evidence; Ontario Vehicle Population Report A historical fit-active stock,0,Public evidence supports the family but not an LDV class hierarchy.
mto_crosswalk,MERZ,280,1981,1988,Mercedes-Benz,E 280,ldv,Mid-size,Midsize,Car,automatic_exact_normalized_make_reviewed_canonical_label,reviewed,nrcan_fuel_consumption_ratings; Ontario Vehicle Population Report A historical fit-active stock,1,
mto_crosswalk,MERZ,S28,2006,2008,Mercedes-Benz,E 280,ldv,Mid-size,Midsize,Car,automatic_exact_normalized_make_reviewed_canonical_label,reviewed,nrcan_fuel_consumption_ratings; Ontario Vehicle Population Report A historical fit-active stock,1,
mto_crosswalk,MERZ,E30,1987,1996,Mercedes-Benz,E 300,ldv,Compact,Compact,Car,automatic_exact_normalized_make_reviewed_canonical_label,reviewed,fueleconomy_gov_vehicle_data | nrcan_fuel_consumption_ratings; Ontario Vehicle Population Report A historical fit-active stock,2,
mto_crosswalk,MERZ,300,2011,2011,Mercedes-Benz,E 300,ldv,Mid-size,Midsize,Car,automatic_exact_normalized_make_reviewed_canonical_label,reviewed,nrcan_fuel_consumption_ratings; Ontario Vehicle Population Report A historical fit-active stock,1,
mto_crosswalk,MERZ,300,2015,2015,Mercedes-Benz,E 300,ldv,Mid-size,Midsize,Car,automatic_exact_normalized_make_reviewed_canonical_label,reviewed,nrcan_fuel_consumption_ratings; Ontario Vehicle Population Report A historical fit-active stock,1,
mto_crosswalk,MERZ,300,2017,2026,Mercedes-Benz,E 300,ldv,Mid-size,Midsize,Car,automatic_exact_normalized_make_reviewed_canonical_label,reviewed,fueleconomy_gov_vehicle_data | nrcan_fuel_consumption_ratings; Ontario Vehicle Population Report A historical fit-active stock,3,
mto_crosswalk,MERZ,E30,1997,2012,Mercedes-Benz,E 300,ldv,Mid-size,Midsize,Car,automatic_exact_normalized_make_reviewed_canonical_label,reviewed,fueleconomy_gov_vehicle_data | nrcan_fuel_consumption_ratings; Ontario Vehicle Population Report A historical fit-active stock,2,
mto_crosswalk,MERZ,E32,1995,1996,Mercedes-Benz,E 320,ldv,Compact,Compact,Car,automatic_configured_make_alias_normalized_model_prefix,reviewed,fueleconomy_gov_vehicle_data | nrcan_fuel_consumption_ratings; Ontario Vehicle Population Report A historical fit-active stock,2,
mto_crosswalk,MERZ,E32,1997,2005,Mercedes-Benz,E 320,ldv,Mid-size,Midsize,Car,automatic_configured_make_alias_normalized_model_prefix,reviewed,fueleconomy_gov_vehicle_data | nrcan_fuel_consumption_ratings; Ontario Vehicle Population Report A historical fit-active stock,4,
mto_crosswalk,MERZ,E40,2015,2018,Mercedes-Benz,E 400,ldv,Mid-size,Midsize,Car,automatic_configured_make_alias_normalized_model_prefix,reviewed,fueleconomy_gov_vehicle_data | nrcan_fuel_consumption_ratings; Ontario Vehicle Population Report A historical fit-active stock,3,
mto_crosswalk,MERZ,E43,1998,2017,Mercedes-Benz,E 430,ldv,Mid-size,Midsize,Car,automatic_exact_normalized_make_reviewed_canonical_label,reviewed,fueleconomy_gov_vehicle_data | nrcan_fuel_consumption_ratings; Ontario Vehicle Population Report A historical fit-active stock,4,
mto_crosswalk,MERZ,E50,2003,2006,Mercedes-Benz,E 500,ldv,Mid-size,Midsize,Car,automatic_exact_normalized_make_reviewed_canonical_label,reviewed,fueleconomy_gov_vehicle_data | nrcan_fuel_consumption_ratings; Ontario Vehicle Population Report A historical fit-active stock,4,
mto_crosswalk,MERZ,E55,2000,2002,Mercedes-Benz,E 55 AMG,ldv,Mid-size,Midsize,Car,automatic_exact_normalized_make_reviewed_canonical_label,reviewed,fueleconomy_gov_vehicle_data | nrcan_fuel_consumption_ratings; Ontario Vehicle Population Report A historical fit-active stock,2,
mto_crosswalk,MERZ,E55,2004,2006,Mercedes-Benz,E 55 AMG,ldv,Mid-size,Midsize,Car,automatic_exact_normalized_make_reviewed_canonical_label,reviewed,fueleconomy_gov_vehicle_data | nrcan_fuel_consumption_ratings; Ontario Vehicle Population Report A historical fit-active stock,2,
mto_crosswalk,MERZ,4ED,2020,2025,Mercedes-Benz,E-Class,non_ldv_unclassified,,,,automatic_reviewed_manual_make_reviewed_two_pass_agreement,reviewed,reviewed_mto_make_model_evidence; Ontario Vehicle Population Report A historical fit-active stock,0,Public evidence supports the family but not an LDV class hierarchy.
mto_crosswalk,MERZ,8ED,2020,2025,Mercedes-Benz,E-Class,non_ldv_unclassified,,,,automatic_reviewed_manual_make_reviewed_two_pass_agreement,reviewed,reviewed_mto_make_model_evidence; Ontario Vehicle Population Report A historical fit-active stock,0,Public evidence supports the family but not an LDV class hierarchy.
mto_crosswalk,MERZ,ECD,2005,2009,Mercedes-Benz,E-Class,non_ldv_unclassified,,,,automatic_reviewed_manual_make_reviewed_two_pass_agreement,reviewed,reviewed_mto_make_model_evidence; Ontario Vehicle Population Report A historical fit-active stock,0,Public evidence supports the family but not an LDV class hierarchy.
mto_crosswalk,MERZ,EWM,2006,2016,Mercedes-Benz,E-Class,non_ldv_unclassified,,,,automatic_reviewed_manual_make_reviewed_two_pass_agreement,reviewed,reviewed_mto_make_model_evidence; Ontario Vehicle Population Report A historical fit-active stock,0,Public evidence supports the family but not an LDV class hierarchy.
mto_crosswalk,MERZ,E50,1992,1992,Mercedes-Benz,E500,ldv,Compact,Compact,Car,automatic_exact_normalized_make_reviewed_canonical_label,reviewed,fueleconomy_gov_vehicle_data; Ontario Vehicle Population Report A historical fit-active stock,1,
mto_crosswalk,MERZ,E50,1994,1994,Mercedes-Benz,E500,ldv,Compact,Compact,Car,automatic_exact_normalized_make_reviewed_canonical_label,reviewed,fueleconomy_gov_vehicle_data; Ontario Vehicle Population Report A historical fit-active stock,1,
mto_crosswalk,MERZ,E55,1999,1999,Mercedes-Benz,E55 AMG,ldv,Mid-size,Midsize,Car,automatic_exact_normalized_make_reviewed_canonical_label,reviewed,fueleconomy_gov_vehicle_data; Ontario Vehicle Population Report A historical fit-active stock,1,
mto_crosswalk,MERZ,E55,2003,2003,Mercedes-Benz,E55 AMG,ldv,Mid-size,Midsize,Car,automatic_exact_normalized_make_reviewed_canonical_label,reviewed,fueleconomy_gov_vehicle_data; Ontario Vehicle Population Report A historical fit-active stock,1,
mto_crosswalk,MERZ,EGE,2023,2025,Mercedes-Benz,EQE-Class SUV,non_ldv_unclassified,,,,automatic_reviewed_manual_make_reviewed_two_pass_agreement,reviewed,reviewed_mto_make_model_evidence; Ontario Vehicle Population Report A historical fit-active stock,0,Public evidence supports the family but not an LDV class hierarchy.
mto_crosswalk,MERZ,EQE,2023,2025,Mercedes-Benz,EQE-Class SUV,non_ldv_unclassified,,,,automatic_reviewed_manual_make_reviewed_two_pass_agreement,reviewed,reviewed_mto_make_model_evidence; Ontario Vehicle Population Report A historical fit-active stock,0,Public evidence supports the family but not an LDV class hierarchy.
mto_crosswalk,MERZ,9ME,2022,2025,Mercedes-Benz,EQS-Class SUV,non_ldv_unclassified,,,,automatic_reviewed_manual_make_reviewed_two_pass_agreement,reviewed,reviewed_mto_make_model_evidence; Ontario Vehicle Population Report A historical fit-active stock,0,Public evidence supports the family but not an LDV class hierarchy.
mto_crosswalk,MERZ,GAG,2015,2019,Mercedes-Benz,G-Class,non_ldv_unclassified,,,,automatic_reviewed_manual_make_reviewed_two_pass_agreement,reviewed,reviewed_mto_make_model_evidence; Ontario Vehicle Population Report A historical fit-active stock,0,Public evidence supports the family but not an LDV class hierarchy.
mto_crosswalk,MERZ,GL3,2007,2009,Mercedes-Benz,GL 350 BlueTec,ldv,Sport utility vehicle: Standard,Midsize SUV,Light Truck,automatic_approved_current_candidate_approved_similarity_normalized_prefix,reviewed,nrcan_fuel_consumption_ratings; Ontario Vehicle Population Report A historical fit-active stock,1,
mto_crosswalk,MERZ,GL3,2010,2024,Mercedes-Benz,GL 350 BlueTec,ldv,Sport utility vehicle: Standard,Midsize SUV,Light Truck,automatic_exact_normalized_make_reviewed_canonical_label,reviewed,nrcan_fuel_consumption_ratings; Ontario Vehicle Population Report A historical fit-active stock,1,
mto_crosswalk,MERZ,GL3,2025,2026,Mercedes-Benz,GL 350 BlueTec,ldv,Sport utility vehicle: Standard,Midsize SUV,Light Truck,automatic_approved_current_candidate_approved_similarity_normalized_prefix,reviewed,nrcan_fuel_consumption_ratings; Ontario Vehicle Population Report A historical fit-active stock,1,
mto_crosswalk,MERZ,GL4,2013,2016,Mercedes-Benz,GL 450,ldv,Sport utility vehicle: Standard,Midsize SUV,Light Truck,automatic_configured_make_alias_normalized_model_prefix,reviewed,fueleconomy_gov_vehicle_data | nrcan_fuel_consumption_ratings; Ontario Vehicle Population Report A historical fit-active stock,2,
mto_crosswalk,MERZ,GL5,2002,2016,Mercedes-Benz,GL 550,ldv,Sport utility vehicle: Standard,Midsize SUV,Light Truck,automatic_exact_normalized_make_reviewed_canonical_label,reviewed,fueleconomy_gov_vehicle_data | nrcan_fuel_consumption_ratings; Ontario Vehicle Population Report A historical fit-active stock,2,
mto_crosswalk,MERZ,GLA,2015,2025,Mercedes-Benz,GLA 250,ldv,Sport utility vehicle: Small,Small SUV,Light Truck,automatic_configured_make_alias_normalized_model_prefix,reviewed,fueleconomy_gov_vehicle_data | nrcan_fuel_consumption_ratings; Ontario Vehicle Population Report A historical fit-active stock,3,
mto_crosswalk,MERZ,GLA,2026,2026,Mercedes-Benz,GLA250,ldv,Sport utility vehicle: Small,Small SUV,Light Truck,automatic_configured_make_alias_normalized_model_prefix,reviewed,fueleconomy_gov_vehicle_data; Ontario Vehicle Population Report A historical fit-active stock,1,
mto_crosswalk,MERZ,GLB,2020,2026,Mercedes-Benz,GLB-Class,non_ldv_unclassified,,,,automatic_reviewed_manual_make_reviewed_two_pass_agreement,reviewed,reviewed_mto_make_model_evidence; Ontario Vehicle Population Report A historical fit-active stock,0,Public evidence supports the family but not an LDV class hierarchy.
mto_crosswalk,MERZ,GLC,2017,2026,Mercedes-Benz,GLC 300,ldv,Sport utility vehicle: Small,Small SUV,Light Truck,automatic_configured_make_alias_normalized_model_prefix,reviewed,fueleconomy_gov_vehicle_data | nrcan_fuel_consumption_ratings; Ontario Vehicle Population Report A historical fit-active stock,5,
mto_crosswalk,MERZ,GLC,2016,2016,Mercedes-Benz,GLC300,ldv,Sport utility vehicle: Small,Small SUV,Light Truck,automatic_configured_make_alias_normalized_model_prefix,reviewed,fueleconomy_gov_vehicle_data; Ontario Vehicle Population Report A historical fit-active stock,2,
mto_crosswalk,MERZ,GLE,2020,2026,Mercedes-Benz,GLE 350,ldv,Sport utility vehicle: Standard,Midsize SUV,Light Truck,automatic_configured_make_alias_normalized_model_prefix,reviewed,fueleconomy_gov_vehicle_data | nrcan_fuel_consumption_ratings; Ontario Vehicle Population Report A historical fit-active stock,9,
mto_crosswalk,MERZ,GLE,2016,2019,Mercedes-Benz,GLE 400,ldv,Sport utility vehicle: Standard,Midsize SUV,Light Truck,automatic_configured_make_alias_normalized_model_prefix,reviewed,fueleconomy_gov_vehicle_data | nrcan_fuel_consumption_ratings; Ontario Vehicle Population Report A historical fit-active stock,8,
mto_crosswalk,MERZ,GME,2023,2024,Mercedes-Benz,GLE-Class,non_ldv_unclassified,,,,automatic_reviewed_manual_make_reviewed_two_pass_agreement,reviewed,reviewed_mto_make_model_evidence; Ontario Vehicle Population Report A historical fit-active stock,0,Public evidence supports the family but not an LDV class hierarchy.
mto_crosswalk,MERZ,ML4,1999,2001,Mercedes-Benz,ML 400,ldv,Sport utility vehicle: Standard,Midsize SUV,Light Truck,automatic_exact_normalized_make_reviewed_canonical_label,reviewed,fueleconomy_gov_vehicle_data | nrcan_fuel_consumption_ratings; Ontario Vehicle Population Report A historical fit-active stock,2,
mto_crosswalk,MERZ,ML6,2007,2015,Mercedes-Benz,ML 63 AMG,ldv,Sport utility vehicle: Standard,Midsize SUV,Light Truck,automatic_exact_normalized_make_reviewed_canonical_label,reviewed,fueleconomy_gov_vehicle_data | nrcan_fuel_consumption_ratings; Ontario Vehicle Population Report A historical fit-active stock,2,
mto_crosswalk,MERC,MLL,1998,1998,Mercedes-Benz,ML250 Bluetec,ldv,Sport utility vehicle: Standard,Midsize SUV,Light Truck,automatic_exact_normalized_make_reviewed_canonical_label,reviewed,fueleconomy_gov_vehicle_data; Ontario Vehicle Population Report A historical fit-active stock,1,
mto_crosswalk,MERZ,MEA,2007,2016,Mercedes-Benz,Metris,non_ldv_unclassified,,,,automatic_reviewed_manual_make_reviewed_two_pass_agreement,reviewed,reviewed_mto_make_model_evidence; Ontario Vehicle Population Report A historical fit-active stock,0,Public evidence supports the family but not an LDV class hierarchy.
mto_crosswalk,MERZ,R35,2006,2013,Mercedes-Benz,R 350,ldv,Sport utility vehicle: Standard,Midsize SUV,Light Truck,automatic_exact_normalized_make_reviewed_canonical_label,reviewed,fueleconomy_gov_vehicle_data | nrcan_fuel_consumption_ratings; Ontario Vehicle Population Report A historical fit-active stock,3,
mto_crosswalk,MERZ,S43,2000,2002,Mercedes-Benz,S 430,ldv,Full-size,Midsize,Car,automatic_exact_normalized_make_reviewed_canonical_label,reviewed,fueleconomy_gov_vehicle_data | nrcan_fuel_consumption_ratings; Ontario Vehicle Population Report A historical fit-active stock,2,
mto_crosswalk,MERZ,S45,2008,2020,Mercedes-Benz,S 450,ldv,Full-size,Midsize,Car,automatic_exact_normalized_make_reviewed_canonical_label,reviewed,fueleconomy_gov_vehicle_data | nrcan_fuel_consumption_ratings; Ontario Vehicle Population Report A historical fit-active stock,3,
mto_crosswalk,MERZ,S55,2002,2002,Mercedes-Benz,S 55 AMG,ldv,Full-size,Midsize,Car,automatic_exact_normalized_make_reviewed_canonical_label,reviewed,fueleconomy_gov_vehicle_data | nrcan_fuel_consumption_ratings; Ontario Vehicle Population Report A historical fit-active stock,2,
mto_crosswalk,MERZ,S55,2006,2006,Mercedes-Benz,S 55 AMG,ldv,Full-size,Midsize,Car,automatic_exact_normalized_make_reviewed_canonical_label,reviewed,fueleconomy_gov_vehicle_data | nrcan_fuel_consumption_ratings; Ontario Vehicle Population Report A historical fit-active stock,2,
mto_crosswalk,MERZ,S5M,2006,2006,Mercedes-Benz,S 55 AMG,ldv,Full-size,Midsize,Car,automatic_exact_normalized_make_reviewed_canonical_label,reviewed,fueleconomy_gov_vehicle_data | nrcan_fuel_consumption_ratings; Ontario Vehicle Population Report A historical fit-active stock,2,
mto_crosswalk,MERZ,S63,2008,2014,Mercedes-Benz,S 63 AMG,ldv,Full-size,Midsize,Car,automatic_exact_normalized_make_reviewed_canonical_label,reviewed,fueleconomy_gov_vehicle_data | nrcan_fuel_consumption_ratings; Ontario Vehicle Population Report A historical fit-active stock,2,
mto_crosswalk,MERZ,2CA,2014,2019,Mercedes-Benz,S-Class,non_ldv_unclassified,,,,automatic_reviewed_manual_make_reviewed_two_pass_agreement,reviewed,reviewed_mto_make_model_evidence; Ontario Vehicle Population Report A historical fit-active stock,0,Public evidence supports the family but not an LDV class hierarchy.
mto_crosswalk,MERZ,S43,2003,2006,Mercedes-Benz,S430,ldv,Full-size,Midsize,Car,automatic_exact_normalized_make_reviewed_canonical_label,reviewed,fueleconomy_gov_vehicle_data; Ontario Vehicle Population Report A historical fit-active stock,2,
mto_crosswalk,MERZ,S55,2001,2001,Mercedes-Benz,S55 AMG,ldv,Full-size,Midsize,Car,automatic_exact_normalized_make_reviewed_canonical_label,reviewed,fueleconomy_gov_vehicle_data; Ontario Vehicle Population Report A historical fit-active stock,1,
mto_crosswalk,MERZ,S55,2003,2005,Mercedes-Benz,S55 AMG,ldv,Full-size,Midsize,Car,automatic_exact_normalized_make_reviewed_canonical_label,reviewed,fueleconomy_gov_vehicle_data; Ontario Vehicle Population Report A historical fit-active stock,1,
mto_crosswalk,MERZ,S5M,2003,2003,Mercedes-Benz,S55 AMG,ldv,Full-size,Midsize,Car,automatic_exact_normalized_make_reviewed_canonical_label,reviewed,fueleconomy_gov_vehicle_data; Ontario Vehicle Population Report A historical fit-active stock,1,
mto_crosswalk,MERZ,S55,2017,2017,Mercedes-Benz,S550,ldv,Full-size,Midsize,Car,automatic_exact_normalized_make_reviewed_canonical_label,reviewed,fueleconomy_gov_vehicle_data; Ontario Vehicle Population Report A historical fit-active stock,2,
mto_crosswalk,MERZ,S63,2015,2019,Mercedes-Benz,S63 AMG,ldv,Full-size,Midsize,Car,automatic_exact_normalized_make_reviewed_canonical_label,reviewed,fueleconomy_gov_vehicle_data; Ontario Vehicle Population Report A historical fit-active stock,1,
mto_crosswalk,MERZ,S63,2021,2021,Mercedes-Benz,S63 AMG,ldv,Full-size,Midsize,Car,automatic_exact_normalized_make_reviewed_canonical_label,reviewed,fueleconomy_gov_vehicle_data; Ontario Vehicle Population Report A historical fit-active stock,1,
mto_crosswalk,MERZ,S63,2024,2024,Mercedes-Benz,S63 AMG,ldv,Full-size,Midsize,Car,automatic_exact_normalized_make_reviewed_canonical_label,reviewed,fueleconomy_gov_vehicle_data; Ontario Vehicle Population Report A historical fit-active stock,1,
mto_crosswalk,MERZ,SL5,2000,2000,Mercedes-Benz,SL 500,ldv,Subcompact,Compact,Car,automatic_configured_make_alias_normalized_model_prefix,reviewed,fueleconomy_gov_vehicle_data | nrcan_fuel_consumption_ratings; Ontario Vehicle Population Report A historical fit-active stock,2,
mto_crosswalk,MERZ,SL5,1995,1999,Mercedes-Benz,SL 500,ldv,Two-seater,Midsize,Car,automatic_configured_make_alias_normalized_model_prefix,reviewed,fueleconomy_gov_vehicle_data | nrcan_fuel_consumption_ratings; Ontario Vehicle Population Report A historical fit-active stock,2,
mto_crosswalk,MERZ,SL5,2001,2006,Mercedes-Benz,SL 500,ldv,Two-seater,Midsize,Car,automatic_configured_make_alias_normalized_model_prefix,reviewed,fueleconomy_gov_vehicle_data | nrcan_fuel_consumption_ratings; Ontario Vehicle Population Report A historical fit-active stock,2,
mto_crosswalk,MERZ,SL5,2010,2010,Mercedes-Benz,SL 550,ldv,Two-seater,Midsize,Car,automatic_configured_make_alias_normalized_model_prefix,reviewed,nrcan_fuel_consumption_ratings; Ontario Vehicle Population Report A historical fit-active stock,1,
mto_crosswalk,MERZ,SL5,1984,1984,Mercedes-Benz,SL500,ldv,Two-seater,Midsize,Car,automatic_configured_make_alias_normalized_model_prefix,reviewed,fueleconomy_gov_vehicle_data; Ontario Vehicle Population Report A historical fit-active stock,1,
mto_crosswalk,MERZ,SL5,1990,1994,Mercedes-Benz,SL500,ldv,Two-seater,Midsize,Car,automatic_configured_make_alias_normalized_model_prefix,reviewed,fueleconomy_gov_vehicle_data; Ontario Vehicle Population Report A historical fit-active stock,1,
mto_crosswalk,MERZ,SLR,2003,2004,Mercedes-Benz,SLR,ldv,Two-seater,Midsize,Car,automatic_approved_current_candidate_approved_similarity_exact_normalized,reviewed,fueleconomy_gov_vehicle_data | nrcan_fuel_consumption_ratings; Ontario Vehicle Population Report A historical fit-active stock,1,
mto_crosswalk,MERZ,SLR,2005,2008,Mercedes-Benz,SLR,ldv,Two-seater,Midsize,Car,automatic_exact_normalized_make_reviewed_canonical_label,reviewed,fueleconomy_gov_vehicle_data | nrcan_fuel_consumption_ratings; Ontario Vehicle Population Report A historical fit-active stock,2,
mto_crosswalk,MERZ,SLR,2009,2009,Mercedes-Benz,SLR,ldv,Two-seater,Midsize,Car,automatic_approved_current_candidate_approved_similarity_exact_normalized,reviewed,fueleconomy_gov_vehicle_data | nrcan_fuel_consumption_ratings; Ontario Vehicle Population Report A historical fit-active stock,1,
mto_crosswalk,MERC,SLS,1987,2001,Mercedes-Benz,SLS AMG,ldv,Two-seater,Midsize,Car,automatic_exact_normalized_make_reviewed_canonical_label,reviewed,fueleconomy_gov_vehicle_data | nrcan_fuel_consumption_ratings; Ontario Vehicle Population Report A historical fit-active stock,2,
mto_crosswalk,MERZ,SPR,2010,2026,Mercedes-Benz,Sprinter,non_ldv_unclassified,,,,automatic_reviewed_manual_make_reviewed_two_pass_agreement,reviewed,reviewed_mto_make_model_evidence; Ontario Vehicle Population Report A historical fit-active stock,0,Public evidence supports the family but not an LDV class hierarchy.
mto_crosswalk,MERC,COU,1981,1994,Mercury,Cougar,ldv,Compact,Compact,Car,automatic_exact_normalized_make_reviewed_canonical_label,reviewed,fueleconomy_gov_vehicle_data; Ontario Vehicle Population Report A historical fit-active stock,1,
mto_crosswalk,MERC,GMG,1987,2008,Mercury,Grand Marquis,ldv,Full-size,Midsize,Car,automatic_exact_normalized_make_reviewed_canonical_label,reviewed,fueleconomy_gov_vehicle_data | nrcan_fuel_consumption_ratings; Ontario Vehicle Population Report A historical fit-active stock,2,
mto_crosswalk,MERC,GLA,2006,2026,Mercury,Milan,ldv,Mid-size,Midsize,Car,automatic_exact_normalized_make_reviewed_canonical_label,reviewed,fueleconomy_gov_vehicle_data; Ontario Vehicle Population Report A historical fit-active stock,5,
mto_crosswalk,MERC,MYS,1998,1998,Mercury,Mystique,ldv,Compact,Compact,Car,automatic_exact_normalized_make_reviewed_canonical_label,reviewed,fueleconomy_gov_vehicle_data | nrcan_fuel_consumption_ratings; Ontario Vehicle Population Report A historical fit-active stock,2,
mto_crosswalk,MERC,VLR,1993,2002,Mercury,Villager,ldv,Minivan,Midsize SUV,Light Truck,automatic_exact_normalized_make_reviewed_canonical_label,reviewed,fueleconomy_gov_vehicle_data | nrcan_fuel_consumption_ratings; Ontario Vehicle Population Report A historical fit-active stock,1,
mto_crosswalk,MITS,ECL,2018,2020,Mitsubishi,Eclipse,ldv,Sport utility vehicle: Small,Small SUV,Light Truck,automatic_normalized_make_prefix_normalized_model_prefix,reviewed,fueleconomy_gov_vehicle_data | nrcan_fuel_consumption_ratings; Ontario Vehicle Population Report A historical fit-active stock,6,
mto_crosswalk,MITS,ECL,2022,2025,Mitsubishi,Eclipse,ldv,Sport utility vehicle: Small,Small SUV,Light Truck,automatic_normalized_make_prefix_normalized_model_prefix,reviewed,fueleconomy_gov_vehicle_data | nrcan_fuel_consumption_ratings; Ontario Vehicle Population Report A historical fit-active stock,5,
mto_crosswalk,MITS,ECG,2000,2012,Mitsubishi,Eclipse,ldv,Subcompact,Compact,Car,automatic_exact_normalized_make_reviewed_canonical_label,reviewed,fueleconomy_gov_vehicle_data | nrcan_fuel_consumption_ratings; Ontario Vehicle Population Report A historical fit-active stock,2,
mto_crosswalk,MITS,ECL,1997,1997,Mitsubishi,Eclipse,ldv,Subcompact,Compact,Car,automatic_normalized_make_prefix_normalized_model_prefix,reviewed,fueleconomy_gov_vehicle_data; Ontario Vehicle Population Report A historical fit-active stock,1,
mto_crosswalk,MITS,ECL,2007,2007,Mitsubishi,Eclipse,ldv,Subcompact,Compact,Car,automatic_normalized_make_prefix_normalized_model_prefix,reviewed,fueleconomy_gov_vehicle_data | nrcan_fuel_consumption_ratings; Ontario Vehicle Population Report A historical fit-active stock,2,
mto_crosswalk,MITS,ECL,2009,2009,Mitsubishi,Eclipse,ldv,Subcompact,Compact,Car,automatic_normalized_make_prefix_normalized_model_prefix,reviewed,fueleconomy_gov_vehicle_data | nrcan_fuel_consumption_ratings; Ontario Vehicle Population Report A historical fit-active stock,2,
mto_crosswalk,MITS,ECL,2011,2011,Mitsubishi,Eclipse,ldv,Subcompact,Compact,Car,automatic_normalized_make_prefix_normalized_model_prefix,reviewed,fueleconomy_gov_vehicle_data | nrcan_fuel_consumption_ratings; Ontario Vehicle Population Report A historical fit-active stock,2,
mto_crosswalk,MITS,EGS,1990,2012,Mitsubishi,Eclipse,ldv,Subcompact,Compact,Car,automatic_exact_normalized_make_reviewed_canonical_label,reviewed,fueleconomy_gov_vehicle_data | nrcan_fuel_consumption_ratings; Ontario Vehicle Population Report A historical fit-active stock,2,
mto_crosswalk,MITS,LSE,2012,2014,Mitsubishi,Eclipse,ldv,Subcompact,Compact,Car,automatic_exact_normalized_make_reviewed_canonical_label,reviewed,fueleconomy_gov_vehicle_data | nrcan_fuel_consumption_ratings; Ontario Vehicle Population Report A historical fit-active stock,2,
mto_crosswalk,MITS,ECC,2026,2026,Mitsubishi,Eclipse Cross,non_ldv_unclassified,,,,automatic_reviewed_manual_make_reviewed_two_pass_agreement,reviewed,reviewed_mto_make_model_evidence; Ontario Vehicle Population Report A historical fit-active stock,0,Public evidence supports the family but not an LDV class hierarchy.
mto_crosswalk,MITS,END,2004,2011,Mitsubishi,Endeavor,non_ldv_unclassified,,,,automatic_reviewed_manual_make_reviewed_two_pass_agreement,reviewed,reviewed_mto_make_model_evidence; Ontario Vehicle Population Report A historical fit-active stock,0,Public evidence supports the family but not an LDV class hierarchy.
mto_crosswalk,MITS,SGS,1996,2012,Mitsubishi,Galant,ldv,Mid-size,Midsize,Car,automatic_exact_normalized_make_reviewed_canonical_label,reviewed,fueleconomy_gov_vehicle_data | nrcan_fuel_consumption_ratings; Ontario Vehicle Population Report A historical fit-active stock,4,
mto_crosswalk,MITS,LAG,2016,2017,Mitsubishi,Lancer,ldv,Compact,Compact,Car,automatic_exact_normalized_make_reviewed_canonical_label,reviewed,fueleconomy_gov_vehicle_data | nrcan_fuel_consumption_ratings; Ontario Vehicle Population Report A historical fit-active stock,2,
mto_crosswalk,MITS,LDE,2008,2016,Mitsubishi,Lancer,ldv,Compact,Compact,Car,automatic_exact_normalized_make_reviewed_canonical_label,reviewed,fueleconomy_gov_vehicle_data | nrcan_fuel_consumption_ratings; Ontario Vehicle Population Report A historical fit-active stock,4,
mto_crosswalk,MITS,LEG,1996,2015,Mitsubishi,Lancer,ldv,Compact,Compact,Car,automatic_exact_normalized_make_reviewed_canonical_label,reviewed,fueleconomy_gov_vehicle_data | nrcan_fuel_consumption_ratings; Ontario Vehicle Population Report A historical fit-active stock,4,
mto_crosswalk,MITS,LRL,2004,2015,Mitsubishi,Lancer,ldv,Compact,Compact,Car,automatic_exact_normalized_make_reviewed_canonical_label,reviewed,fueleconomy_gov_vehicle_data | nrcan_fuel_consumption_ratings; Ontario Vehicle Population Report A historical fit-active stock,2,
mto_crosswalk,MITS,LSB,2015,2017,Mitsubishi,Lancer,ldv,Compact,Compact,Car,automatic_exact_normalized_make_reviewed_canonical_label,reviewed,fueleconomy_gov_vehicle_data | nrcan_fuel_consumption_ratings; Ontario Vehicle Population Report A historical fit-active stock,2,
mto_crosswalk,MITS,LSL,2016,2017,Mitsubishi,Lancer,ldv,Compact,Compact,Car,automatic_exact_normalized_make_reviewed_canonical_label,reviewed,fueleconomy_gov_vehicle_data | nrcan_fuel_consumption_ratings; Ontario Vehicle Population Report A historical fit-active stock,2,
mto_crosswalk,MITS,OUT,2003,2022,Mitsubishi,Outlander,ldv,Sport utility vehicle: Small,Small SUV,Light Truck,automatic_normalized_make_prefix_normalized_model_prefix,reviewed,fueleconomy_gov_vehicle_data | nrcan_fuel_consumption_ratings; Ontario Vehicle Population Report A historical fit-active stock,7,
mto_crosswalk,MITS,OUT,2023,2026,Mitsubishi,Outlander 4WD,ldv,Sport utility vehicle: Small,Small SUV,Light Truck,automatic_normalized_make_prefix_normalized_model_prefix,reviewed,fueleconomy_gov_vehicle_data | nrcan_fuel_consumption_ratings; Ontario Vehicle Population Report A historical fit-active stock,3,
mto_crosswalk,MITS,RVR,1992,1992,Mitsubishi,RVR,ldv,Sport utility vehicle: Small,Small SUV,Light Truck,automatic_approved_current_candidate_approved_similarity_exact_normalized,reviewed,nrcan_fuel_consumption_ratings; Ontario Vehicle Population Report A historical fit-active stock,1,
mto_crosswalk,MITS,RVR,2011,2026,Mitsubishi,RVR,ldv,Sport utility vehicle: Small,Small SUV,Light Truck,automatic_approved_current_candidate_approved_similarity_exact_normalized,reviewed,nrcan_fuel_consumption_ratings; Ontario Vehicle Population Report A historical fit-active stock,1,
mto_crosswalk,MITS,STG,2001,2010,Mitsubishi,Sigma,ldv,Compact,Compact,Car,automatic_exact_normalized_make_reviewed_canonical_label,reviewed,fueleconomy_gov_vehicle_data; Ontario Vehicle Population Report A historical fit-active stock,1,
mto_crosswalk,NISS,C24,1990,1993,Nissan,240SX,ldv,Minicompact,Compact,Car,automatic_exact_normalized_make_reviewed_canonical_label,reviewed,fueleconomy_gov_vehicle_data; Ontario Vehicle Population Report A historical fit-active stock,1,
mto_crosswalk,NISS,C24,1989,1989,Nissan,240SX,ldv,Subcompact,Compact,Car,automatic_exact_normalized_make_reviewed_canonical_label,reviewed,fueleconomy_gov_vehicle_data; Ontario Vehicle Population Report A historical fit-active stock,1,
mto_crosswalk,NISS,30X,1985,1996,Nissan,300ZX,ldv,Two-seater,Midsize,Car,automatic_approved_current_candidate_approved_similarity_string_similarity,reviewed,fueleconomy_gov_vehicle_data | nrcan_fuel_consumption_ratings; Ontario Vehicle Population Report A historical fit-active stock,1,
mto_crosswalk,NISS,A5E,2008,2009,Nissan,350Z,ldv,Two-seater,Midsize,Car,automatic_exact_normalized_make_reviewed_canonical_label,reviewed,fueleconomy_gov_vehicle_data | nrcan_fuel_consumption_ratings; Ontario Vehicle Population Report A historical fit-active stock,4,
mto_crosswalk,NISS,370,2009,2015,Nissan,370Z,ldv,Two-seater,Midsize,Car,automatic_approved_current_candidate_approved_similarity_normalized_prefix,reviewed,fueleconomy_gov_vehicle_data | nrcan_fuel_consumption_ratings; Ontario Vehicle Population Report A historical fit-active stock,1,
mto_crosswalk,NISS,370,2018,2018,Nissan,370Z,ldv,Two-seater,Midsize,Car,automatic_configured_make_alias_normalized_model_prefix,reviewed,fueleconomy_gov_vehicle_data | nrcan_fuel_consumption_ratings; Ontario Vehicle Population Report A historical fit-active stock,4,
mto_crosswalk,NISS,A3S,2013,2015,Nissan,370Z,ldv,Two-seater,Midsize,Car,automatic_exact_normalized_make_reviewed_canonical_label,reviewed,fueleconomy_gov_vehicle_data | nrcan_fuel_consumption_ratings; Ontario Vehicle Population Report A historical fit-active stock,4,
mto_crosswalk,NISS,ARI,2023,2026,Nissan,ARIYA,non_ldv_unclassified,,,,automatic_reviewed_manual_make_reviewed_two_pass_agreement,reviewed,reviewed_mto_make_model_evidence; Ontario Vehicle Population Report A historical fit-active stock,0,Public evidence supports the family but not an LDV class hierarchy.
mto_crosswalk,NISS,ASL,2005,2006,Nissan,ARIYA SL,ldv,Station wagon: Small,Midsize,Car,automatic_approved_current_candidate_approved_similarity_normalized_substring,reviewed,nrcan_fuel_consumption_ratings; Ontario Vehicle Population Report A historical fit-active stock,1,
mto_crosswalk,NISS,ABE,2002,2010,Nissan,Altima,ldv,Mid-size,Midsize,Car,automatic_exact_normalized_make_reviewed_canonical_label,reviewed,fueleconomy_gov_vehicle_data | nrcan_fuel_consumption_ratings; Ontario Vehicle Population Report A historical fit-active stock,2,
mto_crosswalk,NISS,ABS,2002,2004,Nissan,Altima,ldv,Mid-size,Midsize,Car,automatic_exact_normalized_make_reviewed_canonical_label,reviewed,fueleconomy_gov_vehicle_data | nrcan_fuel_consumption_ratings; Ontario Vehicle Population Report A historical fit-active stock,2,
mto_crosswalk,NISS,ATR,2010,2012,Nissan,Altra,ldv,Station wagon: Mid-size,Midsize,Car,automatic_approved_current_candidate_approved_similarity_string_similarity,reviewed,fueleconomy_gov_vehicle_data; Ontario Vehicle Population Report A historical fit-active stock,1,
mto_crosswalk,NISS,ARM,2004,2019,Nissan,Armada,ldv,Sport utility vehicle: Standard,Midsize SUV,Light Truck,automatic_approved_current_candidate_approved_similarity_normalized_prefix,reviewed,fueleconomy_gov_vehicle_data | nrcan_fuel_consumption_ratings; Ontario Vehicle Population Report A historical fit-active stock,1,
mto_crosswalk,NISS,ARM,2020,2021,Nissan,Armada,ldv,Sport utility vehicle: Standard,Midsize SUV,Light Truck,automatic_exact_normalized_make_reviewed_canonical_label,reviewed,fueleconomy_gov_vehicle_data | nrcan_fuel_consumption_ratings; Ontario Vehicle Population Report A historical fit-active stock,3,
mto_crosswalk,NISS,ARM,2022,2026,Nissan,Armada,ldv,Sport utility vehicle: Standard,Midsize SUV,Light Truck,automatic_approved_current_candidate_approved_similarity_normalized_prefix,reviewed,fueleconomy_gov_vehicle_data | nrcan_fuel_consumption_ratings; Ontario Vehicle Population Report A historical fit-active stock,1,
mto_crosswalk,NISS,ASR,2005,2006,Nissan,Armada,ldv,Sport utility vehicle: Standard,Midsize SUV,Light Truck,automatic_exact_normalized_make_reviewed_canonical_label,reviewed,fueleconomy_gov_vehicle_data | nrcan_fuel_consumption_ratings; Ontario Vehicle Population Report A historical fit-active stock,3,
mto_crosswalk,NISS,CUB,2009,2014,Nissan,Cube,ldv,Station wagon: Small,Midsize,Car,automatic_approved_current_candidate_approved_similarity_normalized_prefix,reviewed,fueleconomy_gov_vehicle_data | nrcan_fuel_consumption_ratings; Ontario Vehicle Population Report A historical fit-active stock,1,
mto_crosswalk,NISS,FRT,2008,2019,Nissan,Frontier,ldv,Pickup truck: Small,Pickup,Light Truck,automatic_configured_make_alias_anchored_consonant_abbreviation,reviewed,fueleconomy_gov_vehicle_data | nrcan_fuel_consumption_ratings; Ontario Vehicle Population Report A historical fit-active stock,6,
mto_crosswalk,NISS,FRT,1998,2007,Nissan,Frontier,ldv,Pickup truck: Standard,Pickup,Light Truck,automatic_configured_make_alias_anchored_consonant_abbreviation,reviewed,fueleconomy_gov_vehicle_data | nrcan_fuel_consumption_ratings; Ontario Vehicle Population Report A historical fit-active stock,8,
mto_crosswalk,NISS,FRT,2022,2025,Nissan,Frontier,ldv,Pickup truck: Standard,Pickup,Light Truck,automatic_configured_make_alias_anchored_consonant_abbreviation,reviewed,fueleconomy_gov_vehicle_data | nrcan_fuel_consumption_ratings; Ontario Vehicle Population Report A historical fit-active stock,8,
mto_crosswalk,NISS,GTN,2016,2024,Nissan,GT-R,ldv,Subcompact,Compact,Car,automatic_exact_normalized_make_reviewed_canonical_label,reviewed,fueleconomy_gov_vehicle_data | nrcan_fuel_consumption_ratings; Ontario Vehicle Population Report A historical fit-active stock,2,
mto_crosswalk,NISS,JUK,2010,2017,Nissan,Juke,ldv,Station wagon: Small,Midsize,Car,automatic_approved_current_candidate_approved_similarity_normalized_prefix,reviewed,fueleconomy_gov_vehicle_data | nrcan_fuel_consumption_ratings; Ontario Vehicle Population Report A historical fit-active stock,1,
mto_crosswalk,NISS,JUK,2025,2025,Nissan,Juke,ldv,Station wagon: Small,Midsize,Car,automatic_approved_current_candidate_approved_similarity_normalized_prefix,reviewed,fueleconomy_gov_vehicle_data | nrcan_fuel_consumption_ratings; Ontario Vehicle Population Report A historical fit-active stock,1,
mto_crosswalk,NISS,KIC,2019,2024,Nissan,Kicks,ldv,Mid-size,Midsize,Car,automatic_configured_make_alias_normalized_model_prefix,reviewed,fueleconomy_gov_vehicle_data | nrcan_fuel_consumption_ratings; Ontario Vehicle Population Report A historical fit-active stock,2,
mto_crosswalk,NISS,KIC,2025,2026,Nissan,Kicks,ldv,Sport utility vehicle: Small,Small SUV,Light Truck,automatic_configured_make_alias_normalized_model_prefix,reviewed,fueleconomy_gov_vehicle_data | nrcan_fuel_consumption_ratings; Ontario Vehicle Population Report A historical fit-active stock,4,
mto_crosswalk,NISS,LSV,2013,2015,Nissan,LEAF,ldv,Mid-size,Midsize,Car,automatic_exact_normalized_make_reviewed_canonical_label,reviewed,fueleconomy_gov_vehicle_data | nrcan_fuel_consumption_ratings; Ontario Vehicle Population Report A historical fit-active stock,2,
mto_crosswalk,NISS,LVL,2011,2022,Nissan,LEAF,ldv,Mid-size,Midsize,Car,automatic_exact_normalized_make_reviewed_canonical_label,reviewed,fueleconomy_gov_vehicle_data | nrcan_fuel_consumption_ratings; Ontario Vehicle Population Report A historical fit-active stock,6,
mto_crosswalk,NISS,MAX,1987,2016,Nissan,Maxima,ldv,Mid-size,Midsize,Car,automatic_exact_normalized_make_reviewed_canonical_label,reviewed,fueleconomy_gov_vehicle_data | nrcan_fuel_consumption_ratings; Ontario Vehicle Population Report A historical fit-active stock,2,
mto_crosswalk,NISS,MEL,2004,2008,Nissan,Maxima,ldv,Mid-size,Midsize,Car,automatic_exact_normalized_make_reviewed_canonical_label,reviewed,fueleconomy_gov_vehicle_data | nrcan_fuel_consumption_ratings; Ontario Vehicle Population Report A historical fit-active stock,2,
mto_crosswalk,NISS,MGL,2002,2003,Nissan,Maxima,ldv,Mid-size,Midsize,Car,automatic_exact_normalized_make_reviewed_canonical_label,reviewed,fueleconomy_gov_vehicle_data | nrcan_fuel_consumption_ratings; Ontario Vehicle Population Report A historical fit-active stock,2,
mto_crosswalk,NISS,XGX,1996,2003,Nissan,Maxima,ldv,Mid-size,Midsize,Car,automatic_exact_normalized_make_reviewed_canonical_label,reviewed,fueleconomy_gov_vehicle_data | nrcan_fuel_consumption_ratings; Ontario Vehicle Population Report A historical fit-active stock,2,
mto_crosswalk,NISS,MIC,1983,1991,Nissan,Micra,ldv,Compact,Compact,Car,automatic_approved_current_candidate_approved_similarity_normalized_prefix,reviewed,nrcan_fuel_consumption_ratings; Ontario Vehicle Population Report A historical fit-active stock,1,
mto_crosswalk,NISS,MIC,2015,2019,Nissan,Micra,ldv,Compact,Compact,Car,automatic_approved_current_candidate_approved_similarity_normalized_prefix,reviewed,nrcan_fuel_consumption_ratings; Ontario Vehicle Population Report A historical fit-active stock,1,
mto_crosswalk,NISS,MUR,2003,2007,Nissan,Murano,ldv,Sport utility vehicle: Small,Small SUV,Light Truck,automatic_configured_make_alias_normalized_model_prefix,reviewed,fueleconomy_gov_vehicle_data | nrcan_fuel_consumption_ratings; Ontario Vehicle Population Report A historical fit-active stock,4,
mto_crosswalk,NISS,MUR,2009,2014,Nissan,Murano,ldv,Sport utility vehicle: Small,Small SUV,Light Truck,automatic_configured_make_alias_normalized_model_prefix,reviewed,fueleconomy_gov_vehicle_data | nrcan_fuel_consumption_ratings; Ontario Vehicle Population Report A historical fit-active stock,4,
mto_crosswalk,NISS,MUR,2025,2025,Nissan,Murano,ldv,Sport utility vehicle: Small,Small SUV,Light Truck,automatic_configured_make_alias_normalized_model_prefix,reviewed,fueleconomy_gov_vehicle_data | nrcan_fuel_consumption_ratings; Ontario Vehicle Population Report A historical fit-active stock,3,
mto_crosswalk,NISS,MUR,2015,2024,Nissan,Murano,ldv,Station wagon: Mid-size,Midsize,Car,automatic_configured_make_alias_normalized_model_prefix,reviewed,fueleconomy_gov_vehicle_data | nrcan_fuel_consumption_ratings; Ontario Vehicle Population Report A historical fit-active stock,6,
mto_crosswalk,NISS,NV2,2013,2021,Nissan,NV200 Cargo,ldv,Van: Cargo,Pickup,Light Truck,automatic_approved_current_candidate_approved_similarity_normalized_prefix,reviewed,fueleconomy_gov_vehicle_data; Ontario Vehicle Population Report A historical fit-active stock,1,
mto_crosswalk,NISS,PFI,1987,2025,Nissan,Pathfinder,ldv,Sport utility vehicle: Small,Small SUV,Light Truck,reviewed_external_model_vin_family_association,reviewed,fueleconomy_gov_vehicle_data | nrcan_fuel_consumption_ratings; Ontario Vehicle Population Report A historical fit-active stock,6,External review found repeated explicit model/VIN-family associations.
mto_crosswalk,NISS,QAS,2011,2011,Nissan,Qashqai,ldv,Station wagon: Small,Midsize,Car,automatic_approved_current_candidate_approved_similarity_normalized_prefix,reviewed,nrcan_fuel_consumption_ratings; Ontario Vehicle Population Report A historical fit-active stock,1,
mto_crosswalk,NISS,QAS,2019,2023,Nissan,Qashqai,ldv,Station wagon: Small,Midsize,Car,automatic_approved_current_candidate_approved_similarity_normalized_prefix,reviewed,nrcan_fuel_consumption_ratings; Ontario Vehicle Population Report A historical fit-active stock,1,
mto_crosswalk,NISS,QST,1993,2002,Nissan,Quest,ldv,Minivan,Midsize SUV,Light Truck,automatic_approved_current_candidate_approved_similarity_string_similarity,reviewed,fueleconomy_gov_vehicle_data | nrcan_fuel_consumption_ratings; Ontario Vehicle Population Report A historical fit-active stock,1,
mto_crosswalk,NISS,QST,2004,2009,Nissan,Quest,ldv,Minivan,Midsize SUV,Light Truck,automatic_approved_current_candidate_approved_similarity_string_similarity,reviewed,fueleconomy_gov_vehicle_data | nrcan_fuel_consumption_ratings; Ontario Vehicle Population Report A historical fit-active stock,1,
mto_crosswalk,NISS,QST,2011,2017,Nissan,Quest,ldv,Minivan,Midsize SUV,Light Truck,automatic_approved_current_candidate_approved_similarity_string_similarity,reviewed,fueleconomy_gov_vehicle_data | nrcan_fuel_consumption_ratings; Ontario Vehicle Population Report A historical fit-active stock,1,
mto_crosswalk,NISS,ROG,2008,2023,Nissan,Rogue,ldv,Sport utility vehicle: Small,Small SUV,Light Truck,automatic_configured_make_alias_normalized_model_prefix,reviewed,fueleconomy_gov_vehicle_data | nrcan_fuel_consumption_ratings; Ontario Vehicle Population Report A historical fit-active stock,7,
mto_crosswalk,NISS,ROG,2026,2026,Nissan,Rogue,ldv,Sport utility vehicle: Small,Small SUV,Light Truck,automatic_configured_make_alias_normalized_model_prefix,reviewed,nrcan_fuel_consumption_ratings; Ontario Vehicle Population Report A historical fit-active stock,1,
mto_crosswalk,NISS,S18,2004,2006,Nissan,Sentra,ldv,Compact,Compact,Car,automatic_exact_normalized_make_reviewed_canonical_label,reviewed,fueleconomy_gov_vehicle_data | nrcan_fuel_consumption_ratings; Ontario Vehicle Population Report A historical fit-active stock,2,
mto_crosswalk,NISS,SKY,1988,1989,Nissan,Sentra,ldv,Compact,Compact,Car,automatic_exact_normalized_make_reviewed_canonical_label,reviewed,fueleconomy_gov_vehicle_data; Ontario Vehicle Population Report A historical fit-active stock,1,
mto_crosswalk,NISS,SKY,2000,2003,Nissan,Sentra,ldv,Compact,Compact,Car,automatic_exact_normalized_make_reviewed_canonical_label,reviewed,fueleconomy_gov_vehicle_data | nrcan_fuel_consumption_ratings; Ontario Vehicle Population Report A historical fit-active stock,2,
mto_crosswalk,NISS,USE,1991,2012,Nissan,Sentra,ldv,Mid-size,Midsize,Car,automatic_exact_normalized_make_reviewed_canonical_label,reviewed,fueleconomy_gov_vehicle_data | nrcan_fuel_consumption_ratings; Ontario Vehicle Population Report A historical fit-active stock,3,
mto_crosswalk,NISS,SKY,1983,1987,Nissan,Sentra,ldv,Subcompact,Compact,Car,automatic_exact_normalized_make_reviewed_canonical_label,reviewed,fueleconomy_gov_vehicle_data; Ontario Vehicle Population Report A historical fit-active stock,1,
mto_crosswalk,NISS,SKY,1990,1999,Nissan,Sentra,ldv,Subcompact,Compact,Car,automatic_exact_normalized_make_reviewed_canonical_label,reviewed,fueleconomy_gov_vehicle_data | nrcan_fuel_consumption_ratings; Ontario Vehicle Population Report A historical fit-active stock,4,
mto_crosswalk,NISS,TTN,2004,2022,Nissan,Titan,ldv,Pickup truck: Standard,Pickup,Light Truck,automatic_approved_current_candidate_approved_similarity_string_similarity,reviewed,fueleconomy_gov_vehicle_data | nrcan_fuel_consumption_ratings; Ontario Vehicle Population Report A historical fit-active stock,1,
mto_crosswalk,NISS,TTN,2024,2024,Nissan,Titan,ldv,Pickup truck: Standard,Pickup,Light Truck,automatic_approved_current_candidate_approved_similarity_string_similarity,reviewed,fueleconomy_gov_vehicle_data | nrcan_fuel_consumption_ratings; Ontario Vehicle Population Report A historical fit-active stock,1,
mto_crosswalk,NISS,TTX,2016,2019,Nissan,Titan,ldv,Pickup truck: Standard,Pickup,Light Truck,automatic_exact_normalized_make_reviewed_canonical_label,reviewed,fueleconomy_gov_vehicle_data | nrcan_fuel_consumption_ratings; Ontario Vehicle Population Report A historical fit-active stock,10,
mto_crosswalk,NISS,VVS,2012,2012,Nissan,Versa,ldv,Compact,Compact,Car,automatic_exact_normalized_make_reviewed_canonical_label,reviewed,fueleconomy_gov_vehicle_data | nrcan_fuel_consumption_ratings; Ontario Vehicle Population Report A historical fit-active stock,2,
mto_crosswalk,NISS,XTR,1999,2016,Nissan,X-Trail,ldv,Station wagon: Small,Midsize,Car,automatic_approved_current_candidate_approved_similarity_normalized_prefix,reviewed,nrcan_fuel_consumption_ratings; Ontario Vehicle Population Report A historical fit-active stock,1,
mto_crosswalk,NISS,ATL,2007,2009,Nissan,Xterra,ldv,Sport utility vehicle: Small,Small SUV,Light Truck,automatic_exact_normalized_make_reviewed_canonical_label,reviewed,fueleconomy_gov_vehicle_data | nrcan_fuel_consumption_ratings; Ontario Vehicle Population Report A historical fit-active stock,3,
mto_crosswalk,OLDS,AUR,1995,2002,Oldsmobile,Aurora,ldv,Mid-size,Midsize,Car,automatic_exact_normalized_make_reviewed_canonical_label,reviewed,fueleconomy_gov_vehicle_data | nrcan_fuel_consumption_ratings; Ontario Vehicle Population Report A historical fit-active stock,2,
mto_crosswalk,OLDS,A/G,1999,2004,Oldsmobile,Ciera SL Wagon,ldv,Station wagon: Mid-size,Midsize,Car,automatic_approved_current_candidate_approved_similarity_normalized_substring,reviewed,fueleconomy_gov_vehicle_data | nrcan_fuel_consumption_ratings; Ontario Vehicle Population Report A historical fit-active stock,1,
mto_crosswalk,OLDS,CUT,1997,1998,Oldsmobile,Cutlass,ldv,Mid-size,Midsize,Car,automatic_normalized_make_prefix_normalized_model_prefix,reviewed,fueleconomy_gov_vehicle_data | nrcan_fuel_consumption_ratings; Ontario Vehicle Population Report A historical fit-active stock,3,
mto_crosswalk,OLDS,CUT,1981,1983,Oldsmobile,Cutlass Ciera,ldv,Mid-size,Midsize,Car,automatic_normalized_make_prefix_normalized_model_prefix,reviewed,fueleconomy_gov_vehicle_data; Ontario Vehicle Population Report A historical fit-active stock,1,
mto_crosswalk,OLDS,CUT,1987,1987,Oldsmobile,Cutlass Ciera,ldv,Mid-size,Midsize,Car,automatic_normalized_make_prefix_normalized_model_prefix,reviewed,fueleconomy_gov_vehicle_data; Ontario Vehicle Population Report A historical fit-active stock,1,
mto_crosswalk,OLDS,SBC,1984,1987,Oldsmobile,Cutlass Ciera,ldv,Mid-size,Midsize,Car,automatic_exact_normalized_make_reviewed_canonical_label,reviewed,fueleconomy_gov_vehicle_data; Ontario Vehicle Population Report A historical fit-active stock,1,
mto_crosswalk,OLDS,DLT,1981,1982,Oldsmobile,Delta 88,ldv,Full-size,Midsize,Car,automatic_exact_normalized_make_reviewed_canonical_label,reviewed,fueleconomy_gov_vehicle_data; Ontario Vehicle Population Report A historical fit-active stock,1,
mto_crosswalk,OLDS,SIL,1997,2004,Oldsmobile,Silhouette,ldv,Minivan,Midsize SUV,Light Truck,automatic_exact_normalized_make_reviewed_canonical_label,reviewed,fueleconomy_gov_vehicle_data | nrcan_fuel_consumption_ratings; Ontario Vehicle Population Report A historical fit-active stock,4,
mto_crosswalk,PTRB,8LD,2023,2025,Peterbilt,589,mhdv,,,,automatic_reviewed_manual_make_reviewed_two_pass_agreement,reviewed,reviewed_mto_make_model_evidence; Ontario Vehicle Population Report A historical fit-active stock,0,Public evidence supports a mapped non-LDV truck family.
mto_crosswalk,PTRB,COE,1983,2025,Peterbilt,Medium Duty COE,non_ldv_unclassified,,,,automatic_reviewed_manual_make_reviewed_two_pass_agreement,reviewed,reviewed_mto_make_model_evidence; Ontario Vehicle Population Report A historical fit-active stock,0,Public evidence supports the family but not an LDV class hierarchy.
mto_crosswalk,PLYM,ACC,1989,1995,Plymouth,Acclaim,ldv,Mid-size,Midsize,Car,automatic_exact_normalized_make_reviewed_canonical_label,reviewed,fueleconomy_gov_vehicle_data | nrcan_fuel_consumption_ratings; Ontario Vehicle Population Report A historical fit-active stock,2,
mto_crosswalk,PLYM,BRE,1996,2000,Plymouth,Breeze,ldv,Mid-size,Midsize,Car,automatic_exact_normalized_make_reviewed_canonical_label,reviewed,fueleconomy_gov_vehicle_data | nrcan_fuel_consumption_ratings; Ontario Vehicle Population Report A historical fit-active stock,2,
mto_crosswalk,PLYM,FUR,1981,1985,Plymouth,Gran Fury,ldv,Mid-size,Midsize,Car,automatic_approved_current_candidate_approved_similarity_normalized_substring,reviewed,fueleconomy_gov_vehicle_data; Ontario Vehicle Population Report A historical fit-active stock,1,
mto_crosswalk,PLYM,PRO,1997,1998,Plymouth,Prowler,ldv,Compact,Compact,Car,automatic_exact_normalized_make_reviewed_canonical_label,reviewed,nrcan_fuel_consumption_ratings; Ontario Vehicle Population Report A historical fit-active stock,1,
mto_crosswalk,PLYM,PRO,2000,2000,Plymouth,Prowler,ldv,Subcompact,Compact,Car,automatic_exact_normalized_make_reviewed_canonical_label,reviewed,fueleconomy_gov_vehicle_data | nrcan_fuel_consumption_ratings; Ontario Vehicle Population Report A historical fit-active stock,2,
mto_crosswalk,PLYM,PRO,1999,1999,Plymouth,Prowler,ldv,Two-seater,Midsize,Car,automatic_exact_normalized_make_reviewed_canonical_label,reviewed,fueleconomy_gov_vehicle_data | nrcan_fuel_consumption_ratings; Ontario Vehicle Population Report A historical fit-active stock,2,
mto_crosswalk,PLYM,PRO,2001,2001,Plymouth,Prowler,ldv,Two-seater,Midsize,Car,automatic_exact_normalized_make_reviewed_canonical_label,reviewed,fueleconomy_gov_vehicle_data | nrcan_fuel_consumption_ratings; Ontario Vehicle Population Report A historical fit-active stock,2,
mto_crosswalk,PLYM,SUN,1987,1994,Plymouth,Sundance,ldv,Compact,Compact,Car,automatic_exact_normalized_make_reviewed_canonical_label,reviewed,fueleconomy_gov_vehicle_data; Ontario Vehicle Population Report A historical fit-active stock,1,
mto_crosswalk,PLYM,VOF,1984,2000,Plymouth,Voyager,ldv,Minivan,Midsize SUV,Light Truck,automatic_exact_normalized_make_reviewed_canonical_label,reviewed,fueleconomy_gov_vehicle_data | nrcan_fuel_consumption_ratings; Ontario Vehicle Population Report A historical fit-active stock,2,
mto_crosswalk,PONT,FGT,1985,1988,Pontiac,Fiero,ldv,Two-seater,Midsize,Car,automatic_exact_normalized_make_reviewed_canonical_label,reviewed,fueleconomy_gov_vehicle_data; Ontario Vehicle Population Report A historical fit-active stock,1,
mto_crosswalk,PONT,FRS,1984,1987,Pontiac,Firebird,ldv,Subcompact,Compact,Car,automatic_exact_normalized_make_reviewed_canonical_label,reviewed,fueleconomy_gov_vehicle_data; Ontario Vehicle Population Report A historical fit-active stock,1,
mto_crosswalk,PONT,FIR,1981,1999,Pontiac,Firefly,ldv,Minicompact,Compact,Car,automatic_exact_normalized_make_reviewed_canonical_label,reviewed,fueleconomy_gov_vehicle_data; Ontario Vehicle Population Report A historical fit-active stock,1,
mto_crosswalk,PONT,FIR,2000,2000,Pontiac,Firefly,ldv,Subcompact,Compact,Car,automatic_exact_normalized_make_reviewed_canonical_label,reviewed,nrcan_fuel_consumption_ratings; Ontario Vehicle Population Report A historical fit-active stock,1,
mto_crosswalk,PONT,FTG,1989,1992,Pontiac,Firefly,ldv,Subcompact,Compact,Car,automatic_exact_normalized_make_reviewed_canonical_label,reviewed,fueleconomy_gov_vehicle_data; Ontario Vehicle Population Report A historical fit-active stock,1,
mto_crosswalk,PONT,G3S,2009,2010,Pontiac,G3,ldv,Compact,Compact,Car,automatic_approved_current_candidate_approved_similarity_normalized_prefix,reviewed,fueleconomy_gov_vehicle_data | nrcan_fuel_consumption_ratings; Ontario Vehicle Population Report A historical fit-active stock,1,
mto_crosswalk,PONT,G3W,2009,2010,Pontiac,G3,ldv,Compact,Compact,Car,automatic_exact_normalized_make_reviewed_canonical_label,reviewed,fueleconomy_gov_vehicle_data | nrcan_fuel_consumption_ratings; Ontario Vehicle Population Report A historical fit-active stock,2,
mto_crosswalk,PONT,G/5,2007,2009,Pontiac,G5,ldv,Subcompact,Compact,Car,automatic_approved_current_candidate_approved_similarity_exact_normalized,reviewed,fueleconomy_gov_vehicle_data | nrcan_fuel_consumption_ratings; Ontario Vehicle Population Report A historical fit-active stock,1,
mto_crosswalk,PONT,G5,2007,2010,Pontiac,G5,ldv,Subcompact,Compact,Car,automatic_exact_normalized_make_reviewed_canonical_label,reviewed,fueleconomy_gov_vehicle_data | nrcan_fuel_consumption_ratings; Ontario Vehicle Population Report A historical fit-active stock,5,
mto_crosswalk,PONT,G5C,2007,2010,Pontiac,G5,ldv,Subcompact,Compact,Car,automatic_approved_current_candidate_approved_similarity_normalized_prefix,reviewed,fueleconomy_gov_vehicle_data | nrcan_fuel_consumption_ratings; Ontario Vehicle Population Report A historical fit-active stock,1,
mto_crosswalk,PONT,G5T,2007,2010,Pontiac,G5,ldv,Subcompact,Compact,Car,automatic_approved_current_candidate_approved_similarity_normalized_prefix,reviewed,fueleconomy_gov_vehicle_data | nrcan_fuel_consumption_ratings; Ontario Vehicle Population Report A historical fit-active stock,1,
mto_crosswalk,PONT,G/6,2005,2010,Pontiac,G6,ldv,Compact,Compact,Car,automatic_approved_current_candidate_approved_similarity_exact_normalized,reviewed,fueleconomy_gov_vehicle_data | nrcan_fuel_consumption_ratings; Ontario Vehicle Population Report A historical fit-active stock,1,
mto_crosswalk,PONT,G6E,2006,2006,Pontiac,G6,ldv,Compact,Compact,Car,automatic_approved_current_candidate_approved_similarity_normalized_prefix,reviewed,fueleconomy_gov_vehicle_data | nrcan_fuel_consumption_ratings; Ontario Vehicle Population Report A historical fit-active stock,1,
mto_crosswalk,PONT,8GT,2008,2009,Pontiac,G8,ldv,Full-size,Midsize,Car,automatic_exact_normalized_make_reviewed_canonical_label,reviewed,fueleconomy_gov_vehicle_data | nrcan_fuel_consumption_ratings; Ontario Vehicle Population Report A historical fit-active stock,2,
mto_crosswalk,PONT,G/8,2008,2009,Pontiac,G8,ldv,Full-size,Midsize,Car,automatic_approved_current_candidate_approved_similarity_exact_normalized,reviewed,fueleconomy_gov_vehicle_data | nrcan_fuel_consumption_ratings; Ontario Vehicle Population Report A historical fit-active stock,1,
mto_crosswalk,PONT,GTO,2004,2006,Pontiac,GTO,ldv,Compact,Compact,Car,automatic_approved_current_candidate_approved_similarity_exact_normalized,reviewed,fueleconomy_gov_vehicle_data; Ontario Vehicle Population Report A historical fit-active stock,1,
mto_crosswalk,PONT,GTP,1997,2005,Pontiac,GTO,ldv,Compact,Compact,Car,automatic_exact_normalized_make_reviewed_canonical_label,reviewed,fueleconomy_gov_vehicle_data; Ontario Vehicle Population Report A historical fit-active stock,1,
mto_crosswalk,PONT,GAG,1992,2005,Pontiac,Grand Am,ldv,Compact,Compact,Car,automatic_exact_normalized_make_reviewed_canonical_label,reviewed,fueleconomy_gov_vehicle_data | nrcan_fuel_consumption_ratings; Ontario Vehicle Population Report A historical fit-active stock,2,
mto_crosswalk,PONT,GAS,1987,2005,Pontiac,Grand Am,ldv,Compact,Compact,Car,automatic_exact_normalized_make_reviewed_canonical_label,reviewed,fueleconomy_gov_vehicle_data | nrcan_fuel_consumption_ratings; Ontario Vehicle Population Report A historical fit-active stock,2,
mto_crosswalk,PONT,GRA,1985,1987,Pontiac,Grand Am,ldv,Compact,Compact,Car,automatic_normalized_make_prefix_normalized_model_prefix,reviewed,fueleconomy_gov_vehicle_data; Ontario Vehicle Population Report A historical fit-active stock,1,
mto_crosswalk,PONT,GRA,2005,2005,Pontiac,Grand Am,ldv,Compact,Compact,Car,automatic_normalized_make_prefix_normalized_model_prefix,reviewed,fueleconomy_gov_vehicle_data | nrcan_fuel_consumption_ratings; Ontario Vehicle Population Report A historical fit-active stock,2,
mto_crosswalk,PONT,GPG,1991,2007,Pontiac,Grand Prix,ldv,Mid-size,Midsize,Car,automatic_exact_normalized_make_reviewed_canonical_label,reviewed,fueleconomy_gov_vehicle_data | nrcan_fuel_consumption_ratings; Ontario Vehicle Population Report A historical fit-active stock,3,
mto_crosswalk,PONT,GRA,1981,1984,Pontiac,Grand Prix,ldv,Mid-size,Midsize,Car,automatic_normalized_make_prefix_normalized_model_prefix,reviewed,fueleconomy_gov_vehicle_data; Ontario Vehicle Population Report A historical fit-active stock,1,
mto_crosswalk,PONT,GRA,2006,2008,Pontiac,Grand Prix,ldv,Mid-size,Midsize,Car,automatic_normalized_make_prefix_normalized_model_prefix,reviewed,fueleconomy_gov_vehicle_data | nrcan_fuel_consumption_ratings; Ontario Vehicle Population Report A historical fit-active stock,3,
mto_crosswalk,PONT,GS1,2006,2006,Pontiac,Grand Prix,ldv,Mid-size,Midsize,Car,automatic_exact_normalized_make_reviewed_canonical_label,reviewed,fueleconomy_gov_vehicle_data | nrcan_fuel_consumption_ratings; Ontario Vehicle Population Report A historical fit-active stock,3,
mto_crosswalk,PONT,LEM,1981,1993,Pontiac,Lemans,ldv,Compact,Compact,Car,automatic_approved_current_candidate_approved_similarity_normalized_prefix,reviewed,fueleconomy_gov_vehicle_data; Ontario Vehicle Population Report A historical fit-active stock,1,
mto_crosswalk,PONT,MON,1999,2007,Pontiac,Montana,ldv,Minivan,Midsize SUV,Light Truck,automatic_normalized_make_prefix_normalized_model_prefix,reviewed,fueleconomy_gov_vehicle_data | nrcan_fuel_consumption_ratings; Ontario Vehicle Population Report A historical fit-active stock,5,
mto_crosswalk,PONT,PAR,1981,1983,Pontiac,Parisienne,ldv,Full-size,Midsize,Car,automatic_exact_normalized_make_reviewed_canonical_label,reviewed,fueleconomy_gov_vehicle_data; Ontario Vehicle Population Report A historical fit-active stock,1,
mto_crosswalk,PONT,PUR,2005,2006,Pontiac,Pursuit,ldv,Subcompact,Compact,Car,automatic_approved_current_candidate_approved_similarity_normalized_prefix,reviewed,nrcan_fuel_consumption_ratings; Ontario Vehicle Population Report A historical fit-active stock,1,
mto_crosswalk,PONT,ACA,1981,1987,Pontiac,Safari,ldv,Station wagon: Mid-size,Midsize,Car,automatic_exact_normalized_make_reviewed_canonical_label,reviewed,fueleconomy_gov_vehicle_data; Ontario Vehicle Population Report A historical fit-active stock,1,
mto_crosswalk,PONT,SFR,2003,2005,Pontiac,Safari,ldv,Station wagon: Mid-size,Midsize,Car,automatic_exact_normalized_make_reviewed_canonical_label,reviewed,fueleconomy_gov_vehicle_data; Ontario Vehicle Population Report A historical fit-active stock,1,
mto_crosswalk,PONT,SOL,2006,2009,Pontiac,Solstice,ldv,Two-seater,Midsize,Car,automatic_approved_current_candidate_approved_similarity_normalized_prefix,reviewed,fueleconomy_gov_vehicle_data | nrcan_fuel_consumption_ratings; Ontario Vehicle Population Report A historical fit-active stock,1,
mto_crosswalk,PONT,SXP,2007,2010,Pontiac,Solstice,ldv,Two-seater,Midsize,Car,automatic_exact_normalized_make_reviewed_canonical_label,reviewed,fueleconomy_gov_vehicle_data | nrcan_fuel_consumption_ratings; Ontario Vehicle Population Report A historical fit-active stock,3,
mto_crosswalk,PONT,PUE,2005,2006,Pontiac,Sunfire,ldv,Compact,Compact,Car,automatic_exact_normalized_make_reviewed_canonical_label,reviewed,fueleconomy_gov_vehicle_data | nrcan_fuel_consumption_ratings; Ontario Vehicle Population Report A historical fit-active stock,2,
mto_crosswalk,PONT,SE1,2001,2001,Pontiac,Sunfire,ldv,Compact,Compact,Car,automatic_exact_normalized_make_reviewed_canonical_label,reviewed,fueleconomy_gov_vehicle_data | nrcan_fuel_consumption_ratings; Ontario Vehicle Population Report A historical fit-active stock,2,
mto_crosswalk,PONT,SE1,2003,2004,Pontiac,Sunfire,ldv,Compact,Compact,Car,automatic_exact_normalized_make_reviewed_canonical_label,reviewed,fueleconomy_gov_vehicle_data | nrcan_fuel_consumption_ratings; Ontario Vehicle Population Report A historical fit-active stock,2,
mto_crosswalk,PONT,SFS,1995,1997,Pontiac,Sunfire,ldv,Compact,Compact,Car,automatic_exact_normalized_make_reviewed_canonical_label,reviewed,fueleconomy_gov_vehicle_data | nrcan_fuel_consumption_ratings; Ontario Vehicle Population Report A historical fit-active stock,2,
mto_crosswalk,PONT,SFS,2001,2001,Pontiac,Sunfire,ldv,Compact,Compact,Car,automatic_exact_normalized_make_reviewed_canonical_label,reviewed,fueleconomy_gov_vehicle_data | nrcan_fuel_consumption_ratings; Ontario Vehicle Population Report A historical fit-active stock,2,
mto_crosswalk,PONT,SFS,2005,2005,Pontiac,Sunfire,ldv,Compact,Compact,Car,automatic_exact_normalized_make_reviewed_canonical_label,reviewed,fueleconomy_gov_vehicle_data | nrcan_fuel_consumption_ratings; Ontario Vehicle Population Report A historical fit-active stock,2,
mto_crosswalk,PONT,SSL,2003,2004,Pontiac,Sunfire,ldv,Compact,Compact,Car,automatic_exact_normalized_make_reviewed_canonical_label,reviewed,fueleconomy_gov_vehicle_data | nrcan_fuel_consumption_ratings; Ontario Vehicle Population Report A historical fit-active stock,2,
mto_crosswalk,PONT,SUN,1985,2005,Pontiac,Sunfire,ldv,Compact,Compact,Car,automatic_exact_normalized_make_reviewed_canonical_label,reviewed,fueleconomy_gov_vehicle_data | nrcan_fuel_consumption_ratings; Ontario Vehicle Population Report A historical fit-active stock,2,
mto_crosswalk,PONT,SE1,2000,2000,Pontiac,Sunfire,ldv,Subcompact,Compact,Car,automatic_exact_normalized_make_reviewed_canonical_label,reviewed,fueleconomy_gov_vehicle_data | nrcan_fuel_consumption_ratings; Ontario Vehicle Population Report A historical fit-active stock,2,
mto_crosswalk,PONT,SE1,2002,2002,Pontiac,Sunfire,ldv,Subcompact,Compact,Car,automatic_exact_normalized_make_reviewed_canonical_label,reviewed,fueleconomy_gov_vehicle_data | nrcan_fuel_consumption_ratings; Ontario Vehicle Population Report A historical fit-active stock,2,
mto_crosswalk,PONT,SFS,1998,2000,Pontiac,Sunfire,ldv,Subcompact,Compact,Car,automatic_exact_normalized_make_reviewed_canonical_label,reviewed,fueleconomy_gov_vehicle_data | nrcan_fuel_consumption_ratings; Ontario Vehicle Population Report A historical fit-active stock,2,
mto_crosswalk,PONT,SFS,2002,2004,Pontiac,Sunfire,ldv,Subcompact,Compact,Car,automatic_exact_normalized_make_reviewed_canonical_label,reviewed,fueleconomy_gov_vehicle_data | nrcan_fuel_consumption_ratings; Ontario Vehicle Population Report A historical fit-active stock,2,
mto_crosswalk,PONT,VA4,2003,2010,Pontiac,Vibe,ldv,Station wagon: Small,Midsize,Car,automatic_exact_normalized_make_reviewed_canonical_label,reviewed,fueleconomy_gov_vehicle_data | nrcan_fuel_consumption_ratings; Ontario Vehicle Population Report A historical fit-active stock,5,
mto_crosswalk,PONT,VGT,2003,2010,Pontiac,Vibe,ldv,Station wagon: Small,Midsize,Car,automatic_exact_normalized_make_reviewed_canonical_label,reviewed,fueleconomy_gov_vehicle_data | nrcan_fuel_consumption_ratings; Ontario Vehicle Population Report A historical fit-active stock,5,
mto_crosswalk,PONT,VIB,2003,2010,Pontiac,Vibe,ldv,Station wagon: Small,Midsize,Car,automatic_approved_current_candidate_approved_similarity_normalized_prefix,reviewed,fueleconomy_gov_vehicle_data | nrcan_fuel_consumption_ratings; Ontario Vehicle Population Report A historical fit-active stock,1,
mto_crosswalk,PONT,WAV,2007,2008,Pontiac,Wave,ldv,Compact,Compact,Car,automatic_exact_normalized_make_reviewed_canonical_label,reviewed,nrcan_fuel_consumption_ratings; Ontario Vehicle Population Report A historical fit-active stock,1,
mto_crosswalk,PONT,WLT,2007,2008,Pontiac,Wave,ldv,Compact,Compact,Car,automatic_exact_normalized_make_reviewed_canonical_label,reviewed,nrcan_fuel_consumption_ratings; Ontario Vehicle Population Report A historical fit-active stock,1,
mto_crosswalk,PONT,WAV,2005,2006,Pontiac,Wave,ldv,Subcompact,Compact,Car,automatic_exact_normalized_make_reviewed_canonical_label,reviewed,fueleconomy_gov_vehicle_data | nrcan_fuel_consumption_ratings; Ontario Vehicle Population Report A historical fit-active stock,2,
mto_crosswalk,PONT,WLT,2005,2006,Pontiac,Wave,ldv,Subcompact,Compact,Car,automatic_exact_normalized_make_reviewed_canonical_label,reviewed,fueleconomy_gov_vehicle_data | nrcan_fuel_consumption_ratings; Ontario Vehicle Population Report A historical fit-active stock,2,
mto_crosswalk,PORS,911,1981,1991,Porsche,911,ldv,Minicompact,Compact,Car,automatic_exact_normalized_make_reviewed_canonical_label,reviewed,fueleconomy_gov_vehicle_data; Ontario Vehicle Population Report A historical fit-active stock,3,
mto_crosswalk,PORS,911,1996,2001,Porsche,911,ldv,Minicompact,Compact,Car,automatic_exact_normalized_make_reviewed_canonical_label,reviewed,fueleconomy_gov_vehicle_data | nrcan_fuel_consumption_ratings; Ontario Vehicle Population Report A historical fit-active stock,5,
mto_crosswalk,PORS,911,2006,2008,Porsche,911,ldv,Minicompact,Compact,Car,automatic_exact_normalized_make_reviewed_canonical_label,reviewed,fueleconomy_gov_vehicle_data | nrcan_fuel_consumption_ratings; Ontario Vehicle Population Report A historical fit-active stock,5,
mto_crosswalk,PORS,911,2017,2017,Porsche,911,ldv,Minicompact,Compact,Car,automatic_exact_normalized_make_reviewed_canonical_label,reviewed,fueleconomy_gov_vehicle_data | nrcan_fuel_consumption_ratings; Ontario Vehicle Population Report A historical fit-active stock,33,
mto_crosswalk,PORS,92R,2011,2011,Porsche,911,ldv,Minicompact,Compact,Car,automatic_exact_normalized_make_reviewed_canonical_label,reviewed,fueleconomy_gov_vehicle_data | nrcan_fuel_consumption_ratings; Ontario Vehicle Population Report A historical fit-active stock,2,
mto_crosswalk,PORS,92R,2020,2021,Porsche,911,ldv,Minicompact,Compact,Car,automatic_exact_normalized_make_reviewed_canonical_label,reviewed,fueleconomy_gov_vehicle_data | nrcan_fuel_consumption_ratings; Ontario Vehicle Population Report A historical fit-active stock,28,
mto_crosswalk,PORS,9NC,2006,2008,Porsche,911,ldv,Minicompact,Compact,Car,automatic_exact_normalized_make_reviewed_canonical_label,reviewed,fueleconomy_gov_vehicle_data | nrcan_fuel_consumption_ratings; Ontario Vehicle Population Report A historical fit-active stock,5,
mto_crosswalk,PORS,9R4,2011,2011,Porsche,911,ldv,Minicompact,Compact,Car,automatic_exact_normalized_make_reviewed_canonical_label,reviewed,fueleconomy_gov_vehicle_data | nrcan_fuel_consumption_ratings; Ontario Vehicle Population Report A historical fit-active stock,2,
mto_crosswalk,PORS,9TA,1996,1997,Porsche,911,ldv,Minicompact,Compact,Car,automatic_exact_normalized_make_reviewed_canonical_label,reviewed,fueleconomy_gov_vehicle_data | nrcan_fuel_consumption_ratings; Ontario Vehicle Population Report A historical fit-active stock,5,
mto_crosswalk,PORS,9TA,2007,2008,Porsche,911,ldv,Minicompact,Compact,Car,automatic_exact_normalized_make_reviewed_canonical_label,reviewed,fueleconomy_gov_vehicle_data | nrcan_fuel_consumption_ratings; Ontario Vehicle Population Report A historical fit-active stock,5,
mto_crosswalk,PORS,9TA,2011,2011,Porsche,911,ldv,Minicompact,Compact,Car,automatic_exact_normalized_make_reviewed_canonical_label,reviewed,fueleconomy_gov_vehicle_data | nrcan_fuel_consumption_ratings; Ontario Vehicle Population Report A historical fit-active stock,2,
mto_crosswalk,PORS,9TA,2017,2017,Porsche,911,ldv,Minicompact,Compact,Car,automatic_exact_normalized_make_reviewed_canonical_label,reviewed,fueleconomy_gov_vehicle_data | nrcan_fuel_consumption_ratings; Ontario Vehicle Population Report A historical fit-active stock,33,
mto_crosswalk,PORS,9TA,2021,2021,Porsche,911,ldv,Minicompact,Compact,Car,automatic_exact_normalized_make_reviewed_canonical_label,reviewed,fueleconomy_gov_vehicle_data | nrcan_fuel_consumption_ratings; Ontario Vehicle Population Report A historical fit-active stock,28,
mto_crosswalk,PORS,9TB,1996,1996,Porsche,911,ldv,Minicompact,Compact,Car,automatic_exact_normalized_make_reviewed_canonical_label,reviewed,fueleconomy_gov_vehicle_data | nrcan_fuel_consumption_ratings; Ontario Vehicle Population Report A historical fit-active stock,5,
mto_crosswalk,PORS,9TB,2001,2001,Porsche,911,ldv,Minicompact,Compact,Car,automatic_exact_normalized_make_reviewed_canonical_label,reviewed,fueleconomy_gov_vehicle_data | nrcan_fuel_consumption_ratings; Ontario Vehicle Population Report A historical fit-active stock,5,
mto_crosswalk,PORS,9TB,2007,2008,Porsche,911,ldv,Minicompact,Compact,Car,automatic_exact_normalized_make_reviewed_canonical_label,reviewed,fueleconomy_gov_vehicle_data | nrcan_fuel_consumption_ratings; Ontario Vehicle Population Report A historical fit-active stock,5,
mto_crosswalk,PORS,911,2009,2009,Porsche,911,ldv,Two-seater,Midsize,Car,automatic_exact_normalized_make_reviewed_canonical_label,reviewed,fueleconomy_gov_vehicle_data | nrcan_fuel_consumption_ratings; Ontario Vehicle Population Report A historical fit-active stock,4,
mto_crosswalk,PORS,9NC,2009,2009,Porsche,911,ldv,Two-seater,Midsize,Car,automatic_exact_normalized_make_reviewed_canonical_label,reviewed,fueleconomy_gov_vehicle_data | nrcan_fuel_consumption_ratings; Ontario Vehicle Population Report A historical fit-active stock,4,
mto_crosswalk,PORS,9TA,2009,2009,Porsche,911,ldv,Two-seater,Midsize,Car,automatic_exact_normalized_make_reviewed_canonical_label,reviewed,fueleconomy_gov_vehicle_data | nrcan_fuel_consumption_ratings; Ontario Vehicle Population Report A historical fit-active stock,4,
mto_crosswalk,PORS,9TB,2009,2009,Porsche,911,ldv,Two-seater,Midsize,Car,automatic_exact_normalized_make_reviewed_canonical_label,reviewed,fueleconomy_gov_vehicle_data | nrcan_fuel_consumption_ratings; Ontario Vehicle Population Report A historical fit-active stock,4,
mto_crosswalk,PORS,9TA,2012,2012,Porsche,911 C4,ldv,Minicompact,Compact,Car,automatic_exact_normalized_make_reviewed_canonical_label,reviewed,fueleconomy_gov_vehicle_data; Ontario Vehicle Population Report A historical fit-active stock,2,
mto_crosswalk,PORS,911,2002,2002,Porsche,911 GT2,ldv,Two-seater,Midsize,Car,automatic_exact_normalized_make_reviewed_canonical_label,reviewed,fueleconomy_gov_vehicle_data | nrcan_fuel_consumption_ratings; Ontario Vehicle Population Report A historical fit-active stock,2,
mto_crosswalk,PORS,911,2019,2019,Porsche,911 GT2,ldv,Two-seater,Midsize,Car,automatic_exact_normalized_make_reviewed_canonical_label,reviewed,fueleconomy_gov_vehicle_data | nrcan_fuel_consumption_ratings; Ontario Vehicle Population Report A historical fit-active stock,8,
mto_crosswalk,PORS,92R,2019,2019,Porsche,911 GT2,ldv,Two-seater,Midsize,Car,automatic_exact_normalized_make_reviewed_canonical_label,reviewed,fueleconomy_gov_vehicle_data | nrcan_fuel_consumption_ratings; Ontario Vehicle Population Report A historical fit-active stock,8,
mto_crosswalk,PORS,9CS,2002,2002,Porsche,911 GT2,ldv,Two-seater,Midsize,Car,automatic_exact_normalized_make_reviewed_canonical_label,reviewed,fueleconomy_gov_vehicle_data | nrcan_fuel_consumption_ratings; Ontario Vehicle Population Report A historical fit-active stock,2,
mto_crosswalk,PORS,9R4,2019,2019,Porsche,911 GT2,ldv,Two-seater,Midsize,Car,automatic_exact_normalized_make_reviewed_canonical_label,reviewed,fueleconomy_gov_vehicle_data | nrcan_fuel_consumption_ratings; Ontario Vehicle Population Report A historical fit-active stock,8,
mto_crosswalk,PORS,9TA,2002,2002,Porsche,911 GT2,ldv,Two-seater,Midsize,Car,automatic_exact_normalized_make_reviewed_canonical_label,reviewed,fueleconomy_gov_vehicle_data | nrcan_fuel_consumption_ratings; Ontario Vehicle Population Report A historical fit-active stock,2,
mto_crosswalk,PORS,9TA,2019,2019,Porsche,911 GT2,ldv,Two-seater,Midsize,Car,automatic_exact_normalized_make_reviewed_canonical_label,reviewed,fueleconomy_gov_vehicle_data | nrcan_fuel_consumption_ratings; Ontario Vehicle Population Report A historical fit-active stock,8,
mto_crosswalk,PORS,9TB,2002,2002,Porsche,911 GT2,ldv,Two-seater,Midsize,Car,automatic_exact_normalized_make_reviewed_canonical_label,reviewed,fueleconomy_gov_vehicle_data | nrcan_fuel_consumption_ratings; Ontario Vehicle Population Report A historical fit-active stock,2,
mto_crosswalk,PORS,911,2010,2010,Porsche,911 GT3,ldv,Two-seater,Midsize,Car,automatic_exact_normalized_make_reviewed_canonical_label,reviewed,fueleconomy_gov_vehicle_data | nrcan_fuel_consumption_ratings; Ontario Vehicle Population Report A historical fit-active stock,4,
mto_crosswalk,PORS,911,2026,2026,Porsche,911 GT3,ldv,Two-seater,Midsize,Car,automatic_exact_normalized_make_reviewed_canonical_label,reviewed,fueleconomy_gov_vehicle_data; Ontario Vehicle Population Report A historical fit-active stock,2,
mto_crosswalk,PORS,92R,2018,2018,Porsche,911 GT3,ldv,Two-seater,Midsize,Car,automatic_exact_normalized_make_reviewed_canonical_label,reviewed,fueleconomy_gov_vehicle_data | nrcan_fuel_consumption_ratings; Ontario Vehicle Population Report A historical fit-active stock,4,
mto_crosswalk,PORS,92R,2022,2023,Porsche,911 GT3,ldv,Two-seater,Midsize,Car,automatic_exact_normalized_make_reviewed_canonical_label,reviewed,fueleconomy_gov_vehicle_data | nrcan_fuel_consumption_ratings; Ontario Vehicle Population Report A historical fit-active stock,6,
mto_crosswalk,PORS,92R,2025,2026,Porsche,911 GT3,ldv,Two-seater,Midsize,Car,automatic_exact_normalized_make_reviewed_canonical_label,reviewed,fueleconomy_gov_vehicle_data | nrcan_fuel_consumption_ratings; Ontario Vehicle Population Report A historical fit-active stock,3,
mto_crosswalk,PORS,9CS,2010,2010,Porsche,911 GT3,ldv,Two-seater,Midsize,Car,automatic_exact_normalized_make_reviewed_canonical_label,reviewed,fueleconomy_gov_vehicle_data | nrcan_fuel_consumption_ratings; Ontario Vehicle Population Report A historical fit-active stock,4,
mto_crosswalk,PORS,9R4,2023,2023,Porsche,911 GT3,ldv,Two-seater,Midsize,Car,automatic_exact_normalized_make_reviewed_canonical_label,reviewed,fueleconomy_gov_vehicle_data | nrcan_fuel_consumption_ratings; Ontario Vehicle Population Report A historical fit-active stock,6,
mto_crosswalk,PORS,9R4,2025,2025,Porsche,911 GT3,ldv,Two-seater,Midsize,Car,automatic_exact_normalized_make_reviewed_canonical_label,reviewed,nrcan_fuel_consumption_ratings; Ontario Vehicle Population Report A historical fit-active stock,3,
mto_crosswalk,PORS,9TA,2010,2010,Porsche,911 GT3,ldv,Two-seater,Midsize,Car,automatic_exact_normalized_make_reviewed_canonical_label,reviewed,fueleconomy_gov_vehicle_data | nrcan_fuel_consumption_ratings; Ontario Vehicle Population Report A historical fit-active stock,4,
mto_crosswalk,PORS,9TA,2014,2015,Porsche,911 GT3,ldv,Two-seater,Midsize,Car,automatic_exact_normalized_make_reviewed_canonical_label,reviewed,fueleconomy_gov_vehicle_data | nrcan_fuel_consumption_ratings; Ontario Vehicle Population Report A historical fit-active stock,2,
mto_crosswalk,PORS,9TA,2018,2018,Porsche,911 GT3,ldv,Two-seater,Midsize,Car,automatic_exact_normalized_make_reviewed_canonical_label,reviewed,fueleconomy_gov_vehicle_data | nrcan_fuel_consumption_ratings; Ontario Vehicle Population Report A historical fit-active stock,4,
mto_crosswalk,PORS,9TA,2022,2023,Porsche,911 GT3,ldv,Two-seater,Midsize,Car,automatic_exact_normalized_make_reviewed_canonical_label,reviewed,fueleconomy_gov_vehicle_data | nrcan_fuel_consumption_ratings; Ontario Vehicle Population Report A historical fit-active stock,6,
mto_crosswalk,PORS,911,2016,2016,Porsche,911 R,ldv,Minicompact,Compact,Car,automatic_exact_normalized_make_reviewed_canonical_label,reviewed,fueleconomy_gov_vehicle_data; Ontario Vehicle Population Report A historical fit-active stock,1,
mto_crosswalk,PORS,9R4,2016,2016,Porsche,911 R,ldv,Minicompact,Compact,Car,automatic_exact_normalized_make_reviewed_canonical_label,reviewed,fueleconomy_gov_vehicle_data; Ontario Vehicle Population Report A historical fit-active stock,1,
mto_crosswalk,PORS,9TA,2016,2016,Porsche,911 R,ldv,Minicompact,Compact,Car,automatic_exact_normalized_make_reviewed_canonical_label,reviewed,fueleconomy_gov_vehicle_data; Ontario Vehicle Population Report A historical fit-active stock,1,
mto_crosswalk,PORS,92R,2024,2024,Porsche,911 S,ldv,Two-seater,Midsize,Car,automatic_exact_normalized_make_reviewed_canonical_label,reviewed,fueleconomy_gov_vehicle_data | nrcan_fuel_consumption_ratings; Ontario Vehicle Population Report A historical fit-active stock,2,
mto_crosswalk,PORS,9R4,2024,2024,Porsche,911 S,ldv,Two-seater,Midsize,Car,automatic_exact_normalized_make_reviewed_canonical_label,reviewed,fueleconomy_gov_vehicle_data | nrcan_fuel_consumption_ratings; Ontario Vehicle Population Report A historical fit-active stock,2,
mto_crosswalk,PORS,9TA,2024,2024,Porsche,911 S,ldv,Two-seater,Midsize,Car,automatic_exact_normalized_make_reviewed_canonical_label,reviewed,fueleconomy_gov_vehicle_data | nrcan_fuel_consumption_ratings; Ontario Vehicle Population Report A historical fit-active stock,2,
mto_crosswalk,PORS,9/4,1999,2011,Porsche,944,ldv,Minicompact,Compact,Car,automatic_exact_normalized_make_reviewed_canonical_label,reviewed,fueleconomy_gov_vehicle_data; Ontario Vehicle Population Report A historical fit-active stock,1,
mto_crosswalk,PORS,944,1981,1991,Porsche,944,ldv,Minicompact,Compact,Car,automatic_approved_current_candidate_approved_similarity_exact_normalized,reviewed,fueleconomy_gov_vehicle_data; Ontario Vehicle Population Report A historical fit-active stock,1,
mto_crosswalk,PORS,BEL,2020,2026,Porsche,Boxster,ldv,Two-seater,Midsize,Car,automatic_exact_normalized_make_reviewed_canonical_label,reviewed,fueleconomy_gov_vehicle_data; Ontario Vehicle Population Report A historical fit-active stock,3,
mto_crosswalk,PORS,BGS,2016,2025,Porsche,Boxster,ldv,Two-seater,Midsize,Car,automatic_exact_normalized_make_reviewed_canonical_label,reviewed,fueleconomy_gov_vehicle_data | nrcan_fuel_consumption_ratings; Ontario Vehicle Population Report A historical fit-active stock,8,
mto_crosswalk,PORS,BHL,2020,2026,Porsche,Boxster,ldv,Two-seater,Midsize,Car,automatic_exact_normalized_make_reviewed_canonical_label,reviewed,fueleconomy_gov_vehicle_data; Ontario Vehicle Population Report A historical fit-active stock,3,
mto_crosswalk,PORS,BOX,1997,2025,Porsche,Boxster,ldv,Two-seater,Midsize,Car,automatic_approved_current_candidate_approved_similarity_normalized_prefix,reviewed,fueleconomy_gov_vehicle_data | nrcan_fuel_consumption_ratings; Ontario Vehicle Population Report A historical fit-active stock,1,
mto_crosswalk,PORS,CAR,2003,2003,Porsche,Carrera,ldv,Minicompact,Compact,Car,automatic_exact_normalized_make_reviewed_canonical_label,reviewed,fueleconomy_gov_vehicle_data; Ontario Vehicle Population Report A historical fit-active stock,8,
mto_crosswalk,PORS,CAR,2008,2009,Porsche,Carrera,ldv,Minicompact,Compact,Car,automatic_exact_normalized_make_reviewed_canonical_label,reviewed,fueleconomy_gov_vehicle_data | nrcan_fuel_consumption_ratings; Ontario Vehicle Population Report A historical fit-active stock,20,
mto_crosswalk,PORS,CAR,2012,2014,Porsche,Carrera,ldv,Minicompact,Compact,Car,automatic_exact_normalized_make_reviewed_canonical_label,reviewed,fueleconomy_gov_vehicle_data | nrcan_fuel_consumption_ratings; Ontario Vehicle Population Report A historical fit-active stock,20,
mto_crosswalk,PORS,CAR,1984,1989,Porsche,Carrera,ldv,Two-seater,Midsize,Car,automatic_exact_normalized_make_reviewed_canonical_label,reviewed,fueleconomy_gov_vehicle_data; Ontario Vehicle Population Report A historical fit-active stock,2,
mto_crosswalk,PORS,CAR,1991,1991,Porsche,Carrera,ldv,Two-seater,Midsize,Car,automatic_exact_normalized_make_reviewed_canonical_label,reviewed,fueleconomy_gov_vehicle_data; Ontario Vehicle Population Report A historical fit-active stock,2,
mto_crosswalk,PORS,CAR,2006,2006,Porsche,Carrera 2,ldv,Minicompact,Compact,Car,automatic_exact_normalized_make_reviewed_canonical_label,reviewed,fueleconomy_gov_vehicle_data | nrcan_fuel_consumption_ratings; Ontario Vehicle Population Report A historical fit-active stock,6,
mto_crosswalk,PORS,CG4,2016,2026,Porsche,Cayenne,ldv,Sport utility vehicle: Standard,Midsize SUV,Light Truck,automatic_exact_normalized_make_reviewed_canonical_label,reviewed,fueleconomy_gov_vehicle_data | nrcan_fuel_consumption_ratings; Ontario Vehicle Population Report A historical fit-active stock,22,
mto_crosswalk,PORS,CNC,2005,2009,Porsche,Cayenne,ldv,Sport utility vehicle: Standard,Midsize SUV,Light Truck,automatic_exact_normalized_make_reviewed_canonical_label,reviewed,fueleconomy_gov_vehicle_data | nrcan_fuel_consumption_ratings; Ontario Vehicle Population Report A historical fit-active stock,12,
mto_crosswalk,PORS,CSG,2015,2025,Porsche,Cayenne,ldv,Sport utility vehicle: Standard,Midsize SUV,Light Truck,automatic_exact_normalized_make_reviewed_canonical_label,reviewed,fueleconomy_gov_vehicle_data | nrcan_fuel_consumption_ratings; Ontario Vehicle Population Report A historical fit-active stock,22,
mto_crosswalk,PORS,CMS,2006,2014,Porsche,Cayman,ldv,Two-seater,Midsize,Car,automatic_exact_normalized_make_reviewed_canonical_label,reviewed,fueleconomy_gov_vehicle_data | nrcan_fuel_consumption_ratings; Ontario Vehicle Population Report A historical fit-active stock,4,
mto_crosswalk,PORS,N24,2011,2020,Porsche,Cayman,ldv,Two-seater,Midsize,Car,automatic_exact_normalized_make_reviewed_canonical_label,reviewed,fueleconomy_gov_vehicle_data | nrcan_fuel_consumption_ratings; Ontario Vehicle Population Report A historical fit-active stock,11,
mto_crosswalk,PORS,BAG,2020,2026,Porsche,Macan,ldv,Sport utility vehicle: Small,Small SUV,Light Truck,automatic_exact_normalized_make_reviewed_canonical_label,reviewed,fueleconomy_gov_vehicle_data | nrcan_fuel_consumption_ratings; Ontario Vehicle Population Report A historical fit-active stock,16,
mto_crosswalk,PORS,MAC,2015,2026,Porsche,Macan,ldv,Sport utility vehicle: Small,Small SUV,Light Truck,automatic_approved_current_candidate_approved_similarity_normalized_prefix,reviewed,fueleconomy_gov_vehicle_data | nrcan_fuel_consumption_ratings; Ontario Vehicle Population Report A historical fit-active stock,1,
mto_crosswalk,PORS,PGS,2013,2026,Porsche,Panamera,ldv,Full-size,Midsize,Car,automatic_exact_normalized_make_reviewed_canonical_label,reviewed,fueleconomy_gov_vehicle_data | nrcan_fuel_consumption_ratings; Ontario Vehicle Population Report A historical fit-active stock,35,
mto_crosswalk,PORS,BGG,2021,2026,Porsche,Taycan,ldv,Compact,Compact,Car,automatic_exact_normalized_make_reviewed_canonical_label,reviewed,fueleconomy_gov_vehicle_data | nrcan_fuel_consumption_ratings; Ontario Vehicle Population Report A historical fit-active stock,4,
mto_crosswalk,PORS,TSG,2016,2026,Porsche,Taycan,ldv,Compact,Compact,Car,automatic_exact_normalized_make_reviewed_canonical_label,reviewed,fueleconomy_gov_vehicle_data | nrcan_fuel_consumption_ratings; Ontario Vehicle Population Report A historical fit-active stock,4,
mto_crosswalk,RAM,150,2014,2014,Ram,1500,ldv,Pickup truck: Standard,Pickup,Light Truck,automatic_approved_current_candidate_approved_similarity_normalized_prefix,reviewed,fueleconomy_gov_vehicle_data | nrcan_fuel_consumption_ratings; Ontario Vehicle Population Report A historical fit-active stock,1,
mto_crosswalk,RAM,150,2018,2026,Ram,1500,ldv,Pickup truck: Standard,Pickup,Light Truck,automatic_approved_current_candidate_approved_similarity_normalized_prefix,reviewed,fueleconomy_gov_vehicle_data | nrcan_fuel_consumption_ratings; Ontario Vehicle Population Report A historical fit-active stock,1,
mto_crosswalk,RAM,350,2014,2026,Ram,3500,non_ldv_unclassified,,,,automatic_reviewed_manual_make_reviewed_two_pass_agreement,reviewed,reviewed_mto_make_model_evidence; Ontario Vehicle Population Report A historical fit-active stock,0,Public evidence supports the family but not an LDV class hierarchy.
mto_crosswalk,RAM,SRG,2025,2025,Ram,ProMaster 3500,non_ldv_unclassified,,,,automatic_reviewed_manual_make_reviewed_two_pass_agreement,reviewed,reviewed_mto_make_model_evidence; Ontario Vehicle Population Report A historical fit-active stock,0,Public evidence supports the family but not an LDV class hierarchy.
mto_crosswalk,RAM,RTR,2013,2026,Ram,Ram pickup,ldv,Pickup truck: Standard,Pickup,Light Truck,automatic_exact_normalized_make_reviewed_canonical_label,reviewed,fueleconomy_gov_vehicle_data | nrcan_fuel_consumption_ratings; Ontario Vehicle Population Report A historical fit-active stock,17,
mto_crosswalk,SAA,93T,2008,2009,Saab,9 3 Aero Sedan,ldv,Compact,Compact,Car,automatic_exact_normalized_make_reviewed_canonical_label,reviewed,fueleconomy_gov_vehicle_data; Ontario Vehicle Population Report A historical fit-active stock,1,
mto_crosswalk,SAA,93A,2003,2003,Saab,9 3 Arc,ldv,Compact,Compact,Car,automatic_exact_normalized_make_reviewed_canonical_label,reviewed,nrcan_fuel_consumption_ratings; Ontario Vehicle Population Report A historical fit-active stock,1,
mto_crosswalk,SAA,93A,2004,2005,Saab,9 3 Arc Turbo,ldv,Compact,Compact,Car,automatic_exact_normalized_make_reviewed_canonical_label,reviewed,nrcan_fuel_consumption_ratings; Ontario Vehicle Population Report A historical fit-active stock,1,
mto_crosswalk,SAA,93L,2003,2005,Saab,9 3 Linear,ldv,Compact,Compact,Car,automatic_exact_normalized_make_reviewed_canonical_label,reviewed,nrcan_fuel_consumption_ratings; Ontario Vehicle Population Report A historical fit-active stock,1,
mto_crosswalk,SAA,93S,1999,1999,Saab,9 3 SE,ldv,Subcompact,Compact,Car,automatic_exact_normalized_make_reviewed_canonical_label,reviewed,nrcan_fuel_consumption_ratings; Ontario Vehicle Population Report A historical fit-active stock,1,
mto_crosswalk,SAA,93T,2010,2011,Saab,9 3 Sedan,ldv,Compact,Compact,Car,automatic_exact_normalized_make_reviewed_canonical_label,reviewed,fueleconomy_gov_vehicle_data; Ontario Vehicle Population Report A historical fit-active stock,1,
mto_crosswalk,SAA,93,2000,2001,Saab,9-3,ldv,Mid-size,Midsize,Car,automatic_exact_normalized_make_reviewed_canonical_label,reviewed,fueleconomy_gov_vehicle_data; Ontario Vehicle Population Report A historical fit-active stock,2,
mto_crosswalk,SAA,93O,2004,2011,Saab,9-3,ldv,Mid-size,Midsize,Car,automatic_exact_normalized_make_reviewed_canonical_label,reviewed,fueleconomy_gov_vehicle_data; Ontario Vehicle Population Report A historical fit-active stock,2,
mto_crosswalk,STRN,ASE,2008,2009,Saturn,Astra,ldv,Compact,Compact,Car,automatic_exact_normalized_make_reviewed_canonical_label,reviewed,fueleconomy_gov_vehicle_data | nrcan_fuel_consumption_ratings; Ontario Vehicle Population Report A historical fit-active stock,3,
mto_crosswalk,STRN,ASR,2008,2009,Saturn,Astra,ldv,Compact,Compact,Car,automatic_exact_normalized_make_reviewed_canonical_label,reviewed,fueleconomy_gov_vehicle_data | nrcan_fuel_consumption_ratings; Ontario Vehicle Population Report A historical fit-active stock,3,
mto_crosswalk,STRN,OUT,2007,2010,Saturn,Outlook,non_ldv_unclassified,,,,automatic_reviewed_manual_make_reviewed_two_pass_agreement,reviewed,reviewed_mto_make_model_evidence; Ontario Vehicle Population Report A historical fit-active stock,0,Public evidence supports the family but not an LDV class hierarchy.
mto_crosswalk,STRN,RSK,2007,2009,Saturn,SKY,ldv,Two-seater,Midsize,Car,automatic_exact_normalized_make_reviewed_canonical_label,reviewed,fueleconomy_gov_vehicle_data | nrcan_fuel_consumption_ratings; Ontario Vehicle Population Report A historical fit-active stock,3,
mto_crosswalk,STRN,SI3,2003,2007,Saturn,SKY,ldv,Two-seater,Midsize,Car,automatic_exact_normalized_make_reviewed_canonical_label,reviewed,fueleconomy_gov_vehicle_data | nrcan_fuel_consumption_ratings; Ontario Vehicle Population Report A historical fit-active stock,3,
mto_crosswalk,STRN,SKY,2007,2009,Saturn,SKY,ldv,Two-seater,Midsize,Car,automatic_exact_normalized_make_reviewed_canonical_label,reviewed,fueleconomy_gov_vehicle_data | nrcan_fuel_consumption_ratings; Ontario Vehicle Population Report A historical fit-active stock,3,
mto_crosswalk,STRN,SL1,1992,2002,Saturn,SL,ldv,Compact,Compact,Car,automatic_exact_normalized_make_reviewed_canonical_label,reviewed,fueleconomy_gov_vehicle_data | nrcan_fuel_consumption_ratings; Ontario Vehicle Population Report A historical fit-active stock,3,
mto_crosswalk,SUBA,ASC,2019,2025,Subaru,Ascent,ldv,Sport utility vehicle: Standard,Midsize SUV,Light Truck,automatic_approved_current_candidate_approved_similarity_normalized_prefix,reviewed,fueleconomy_gov_vehicle_data | nrcan_fuel_consumption_ratings; Ontario Vehicle Population Report A historical fit-active stock,1,
mto_crosswalk,SUBA,BRL,2013,2014,Subaru,BRZ,ldv,Minicompact,Compact,Car,automatic_exact_normalized_make_reviewed_canonical_label,reviewed,fueleconomy_gov_vehicle_data | nrcan_fuel_consumption_ratings; Ontario Vehicle Population Report A historical fit-active stock,2,
mto_crosswalk,SUBA,CRO,2016,2026,Subaru,Crosstrek,ldv,Sport utility vehicle: Small,Small SUV,Light Truck,automatic_approved_current_candidate_approved_similarity_normalized_prefix,reviewed,fueleconomy_gov_vehicle_data | nrcan_fuel_consumption_ratings; Ontario Vehicle Population Report A historical fit-active stock,1,
mto_crosswalk,SUBA,FOR,1997,2026,Subaru,Forester,ldv,Sport utility vehicle: Small,Small SUV,Light Truck,automatic_approved_current_candidate_approved_similarity_normalized_prefix,reviewed,fueleconomy_gov_vehicle_data | nrcan_fuel_consumption_ratings; Ontario Vehicle Population Report A historical fit-active stock,1,
mto_crosswalk,SUBA,O2I,2008,2014,Subaru,Forester,ldv,Sport utility vehicle: Small,Small SUV,Light Truck,automatic_exact_normalized_make_reviewed_canonical_label,reviewed,fueleconomy_gov_vehicle_data | nrcan_fuel_consumption_ratings; Ontario Vehicle Population Report A historical fit-active stock,2,
mto_crosswalk,SUBA,O6P,2010,2014,Subaru,Forester,ldv,Sport utility vehicle: Small,Small SUV,Light Truck,automatic_exact_normalized_make_reviewed_canonical_label,reviewed,fueleconomy_gov_vehicle_data | nrcan_fuel_consumption_ratings; Ontario Vehicle Population Report A historical fit-active stock,2,
mto_crosswalk,SUBA,C2I,2009,2009,Subaru,Impreza,ldv,Compact,Compact,Car,automatic_exact_normalized_make_reviewed_canonical_label,reviewed,nrcan_fuel_consumption_ratings; Ontario Vehicle Population Report A historical fit-active stock,1,
mto_crosswalk,SUBA,I2P,2009,2010,Subaru,Impreza,ldv,Compact,Compact,Car,automatic_exact_normalized_make_reviewed_canonical_label,reviewed,nrcan_fuel_consumption_ratings; Ontario Vehicle Population Report A historical fit-active stock,3,
mto_crosswalk,SUBA,IMP,2010,2010,Subaru,Impreza,ldv,Compact,Compact,Car,automatic_normalized_make_prefix_normalized_model_prefix,reviewed,nrcan_fuel_consumption_ratings; Ontario Vehicle Population Report A historical fit-active stock,3,
mto_crosswalk,SUBA,IWL,2010,2010,Subaru,Impreza,ldv,Compact,Compact,Car,automatic_exact_normalized_make_reviewed_canonical_label,reviewed,nrcan_fuel_consumption_ratings; Ontario Vehicle Population Report A historical fit-active stock,3,
mto_crosswalk,SUBA,IMP,2026,2026,Subaru,Impreza,ldv,Station wagon: Small,Midsize,Car,automatic_normalized_make_prefix_normalized_model_prefix,reviewed,fueleconomy_gov_vehicle_data | nrcan_fuel_consumption_ratings; Ontario Vehicle Population Report A historical fit-active stock,2,
mto_crosswalk,SUBA,IMP,1993,1999,Subaru,Impreza,ldv,Subcompact,Compact,Car,automatic_normalized_make_prefix_normalized_model_prefix,reviewed,fueleconomy_gov_vehicle_data | nrcan_fuel_consumption_ratings; Ontario Vehicle Population Report A historical fit-active stock,3,
mto_crosswalk,SUBA,IR4,1998,1999,Subaru,Impreza,ldv,Subcompact,Compact,Car,automatic_exact_normalized_make_reviewed_canonical_label,reviewed,fueleconomy_gov_vehicle_data | nrcan_fuel_consumption_ratings; Ontario Vehicle Population Report A historical fit-active stock,2,
mto_crosswalk,SUBA,IWL,2007,2007,Subaru,Impreza,ldv,Subcompact,Compact,Car,automatic_exact_normalized_make_reviewed_canonical_label,reviewed,nrcan_fuel_consumption_ratings; Ontario Vehicle Population Report A historical fit-active stock,2,
mto_crosswalk,SUBA,C2I,2008,2008,Subaru,Impreza 2,ldv,Compact,Compact,Car,automatic_exact_normalized_make_reviewed_canonical_label,reviewed,nrcan_fuel_consumption_ratings; Ontario Vehicle Population Report A historical fit-active stock,1,
mto_crosswalk,SUBA,IMP,2008,2008,Subaru,Impreza 2,ldv,Compact,Compact,Car,automatic_normalized_make_prefix_normalized_model_prefix,reviewed,nrcan_fuel_consumption_ratings; Ontario Vehicle Population Report A historical fit-active stock,1,
mto_crosswalk,SUBA,IMP,2006,2006,Subaru,Impreza 2,ldv,Subcompact,Compact,Car,automatic_normalized_make_prefix_normalized_model_prefix,reviewed,nrcan_fuel_consumption_ratings; Ontario Vehicle Population Report A historical fit-active stock,1,
mto_crosswalk,SUBA,ISW,2006,2006,Subaru,Impreza 2,ldv,Subcompact,Compact,Car,automatic_exact_normalized_make_reviewed_canonical_label,reviewed,nrcan_fuel_consumption_ratings; Ontario Vehicle Population Report A historical fit-active stock,1,
mto_crosswalk,SUBA,IWL,2006,2006,Subaru,Impreza 2,ldv,Subcompact,Compact,Car,automatic_exact_normalized_make_reviewed_canonical_label,reviewed,nrcan_fuel_consumption_ratings; Ontario Vehicle Population Report A historical fit-active stock,1,
mto_crosswalk,SUBA,IMP,2017,2017,Subaru,Impreza 4,ldv,Mid-size,Midsize,Car,automatic_normalized_make_prefix_normalized_model_prefix,reviewed,fueleconomy_gov_vehicle_data | nrcan_fuel_consumption_ratings; Ontario Vehicle Population Report A historical fit-active stock,4,
mto_crosswalk,SUBA,IMP,2019,2022,Subaru,Impreza 4,ldv,Mid-size,Midsize,Car,automatic_normalized_make_prefix_normalized_model_prefix,reviewed,fueleconomy_gov_vehicle_data | nrcan_fuel_consumption_ratings; Ontario Vehicle Population Report A historical fit-active stock,4,
mto_crosswalk,SUBA,IMP,2023,2023,Subaru,Impreza 5,ldv,Station wagon: Small,Midsize,Car,automatic_normalized_make_prefix_normalized_model_prefix,reviewed,fueleconomy_gov_vehicle_data | nrcan_fuel_consumption_ratings; Ontario Vehicle Population Report A historical fit-active stock,3,
mto_crosswalk,SUBA,I2P,2011,2011,Subaru,Impreza AWD,ldv,Compact,Compact,Car,automatic_exact_normalized_make_reviewed_canonical_label,reviewed,fueleconomy_gov_vehicle_data | nrcan_fuel_consumption_ratings; Ontario Vehicle Population Report A historical fit-active stock,2,
mto_crosswalk,SUBA,IMP,2013,2016,Subaru,Impreza AWD,ldv,Compact,Compact,Car,automatic_normalized_make_prefix_normalized_model_prefix,reviewed,fueleconomy_gov_vehicle_data | nrcan_fuel_consumption_ratings; Ontario Vehicle Population Report A historical fit-active stock,2,
mto_crosswalk,SUBA,IWL,2013,2014,Subaru,Impreza AWD,ldv,Compact,Compact,Car,automatic_exact_normalized_make_reviewed_canonical_label,reviewed,fueleconomy_gov_vehicle_data | nrcan_fuel_consumption_ratings; Ontario Vehicle Population Report A historical fit-active stock,2,
mto_crosswalk,SUBA,IMP,2000,2003,Subaru,Impreza AWD,ldv,Subcompact,Compact,Car,automatic_normalized_make_prefix_normalized_model_prefix,reviewed,fueleconomy_gov_vehicle_data | nrcan_fuel_consumption_ratings; Ontario Vehicle Population Report A historical fit-active stock,2,
mto_crosswalk,SUBA,IMP,2005,2005,Subaru,Impreza AWD,ldv,Subcompact,Compact,Car,automatic_normalized_make_prefix_normalized_model_prefix,reviewed,fueleconomy_gov_vehicle_data; Ontario Vehicle Population Report A historical fit-active stock,1,
mto_crosswalk,SUBA,IR4,2000,2005,Subaru,Impreza AWD,ldv,Subcompact,Compact,Car,automatic_exact_normalized_make_reviewed_canonical_label,reviewed,fueleconomy_gov_vehicle_data | nrcan_fuel_consumption_ratings; Ontario Vehicle Population Report A historical fit-active stock,4,
mto_crosswalk,SUBA,LEG,1990,1990,Subaru,Legacy,ldv,Compact,Compact,Car,automatic_exact_normalized_make_reviewed_canonical_label,reviewed,fueleconomy_gov_vehicle_data; Ontario Vehicle Population Report A historical fit-active stock,1,
mto_crosswalk,SUBA,LEG,1994,1994,Subaru,Legacy,ldv,Compact,Compact,Car,automatic_exact_normalized_make_reviewed_canonical_label,reviewed,fueleconomy_gov_vehicle_data; Ontario Vehicle Population Report A historical fit-active stock,1,
mto_crosswalk,SUBA,LEG,1996,1996,Subaru,Legacy,ldv,Compact,Compact,Car,automatic_exact_normalized_make_reviewed_canonical_label,reviewed,fueleconomy_gov_vehicle_data | nrcan_fuel_consumption_ratings; Ontario Vehicle Population Report A historical fit-active stock,3,
mto_crosswalk,SUBA,LEG,1998,1999,Subaru,Legacy,ldv,Compact,Compact,Car,automatic_exact_normalized_make_reviewed_canonical_label,reviewed,fueleconomy_gov_vehicle_data | nrcan_fuel_consumption_ratings; Ontario Vehicle Population Report A historical fit-active stock,3,
mto_crosswalk,SUBA,LEG,2008,2009,Subaru,Legacy,ldv,Compact,Compact,Car,automatic_exact_normalized_make_reviewed_canonical_label,reviewed,nrcan_fuel_consumption_ratings; Ontario Vehicle Population Report A historical fit-active stock,3,
mto_crosswalk,SUBA,LEG,2020,2021,Subaru,Legacy,ldv,Full-size,Midsize,Car,automatic_exact_normalized_make_reviewed_canonical_label,reviewed,fueleconomy_gov_vehicle_data | nrcan_fuel_consumption_ratings; Ontario Vehicle Population Report A historical fit-active stock,2,
mto_crosswalk,SUBA,LEG,2023,2023,Subaru,Legacy,ldv,Full-size,Midsize,Car,automatic_exact_normalized_make_reviewed_canonical_label,reviewed,fueleconomy_gov_vehicle_data | nrcan_fuel_consumption_ratings; Ontario Vehicle Population Report A historical fit-active stock,2,
mto_crosswalk,SUBA,WLE,2021,2021,Subaru,Legacy,ldv,Full-size,Midsize,Car,automatic_exact_normalized_make_reviewed_canonical_label,reviewed,fueleconomy_gov_vehicle_data | nrcan_fuel_consumption_ratings; Ontario Vehicle Population Report A historical fit-active stock,2,
mto_crosswalk,SUBA,LEG,2013,2015,Subaru,Legacy,ldv,Mid-size,Midsize,Car,automatic_exact_normalized_make_reviewed_canonical_label,reviewed,fueleconomy_gov_vehicle_data | nrcan_fuel_consumption_ratings; Ontario Vehicle Population Report A historical fit-active stock,2,
mto_crosswalk,SUBA,LEG,2017,2019,Subaru,Legacy,ldv,Mid-size,Midsize,Car,automatic_exact_normalized_make_reviewed_canonical_label,reviewed,fueleconomy_gov_vehicle_data | nrcan_fuel_consumption_ratings; Ontario Vehicle Population Report A historical fit-active stock,2,
mto_crosswalk,SUBA,LEG,2024,2024,Subaru,Legacy,ldv,Mid-size,Midsize,Car,automatic_exact_normalized_make_reviewed_canonical_label,reviewed,fueleconomy_gov_vehicle_data | nrcan_fuel_consumption_ratings; Ontario Vehicle Population Report A historical fit-active stock,2,
mto_crosswalk,SUBA,WLE,2018,2020,Subaru,Legacy,ldv,Mid-size,Midsize,Car,automatic_exact_normalized_make_reviewed_canonical_label,reviewed,fueleconomy_gov_vehicle_data | nrcan_fuel_consumption_ratings; Ontario Vehicle Population Report A historical fit-active stock,2,
mto_crosswalk,SUBA,LEG,2010,2010,Subaru,Legacy 2,ldv,Compact,Compact,Car,automatic_exact_normalized_make_reviewed_canonical_label,reviewed,nrcan_fuel_consumption_ratings; Ontario Vehicle Population Report A historical fit-active stock,7,
mto_crosswalk,SUBA,ISE,2012,2014,Subaru,Legacy 2 5i Sedan,ldv,Compact,Compact,Car,automatic_approved_current_candidate_approved_similarity_normalized_substring,reviewed,nrcan_fuel_consumption_ratings; Ontario Vehicle Population Report A historical fit-active stock,1,
mto_crosswalk,SUBA,LEG,2000,2002,Subaru,Legacy AWD,ldv,Compact,Compact,Car,automatic_exact_normalized_make_reviewed_canonical_label,reviewed,fueleconomy_gov_vehicle_data | nrcan_fuel_consumption_ratings; Ontario Vehicle Population Report A historical fit-active stock,3,
mto_crosswalk,SUBA,LEG,2004,2006,Subaru,Legacy AWD,ldv,Compact,Compact,Car,automatic_exact_normalized_make_reviewed_canonical_label,reviewed,fueleconomy_gov_vehicle_data | nrcan_fuel_consumption_ratings; Ontario Vehicle Population Report A historical fit-active stock,3,
mto_crosswalk,SUBA,LEG,2003,2003,Subaru,Legacy AWD,ldv,Station wagon: Mid-size,Midsize,Car,automatic_exact_normalized_make_reviewed_canonical_label,reviewed,nrcan_fuel_consumption_ratings; Ontario Vehicle Population Report A historical fit-active stock,1,
mto_crosswalk,SUBA,LOI,2005,2007,Subaru,Loyale,ldv,Compact,Compact,Car,automatic_exact_normalized_make_reviewed_canonical_label,reviewed,fueleconomy_gov_vehicle_data; Ontario Vehicle Population Report A historical fit-active stock,1,
mto_crosswalk,SUBA,OUT,2007,2026,Subaru,Outback,ldv,Sport utility vehicle: Small,Small SUV,Light Truck,automatic_exact_normalized_make_reviewed_canonical_label,reviewed,fueleconomy_gov_vehicle_data | nrcan_fuel_consumption_ratings; Ontario Vehicle Population Report A historical fit-active stock,4,
mto_crosswalk,SUBA,TRB,2008,2014,Subaru,Tribeca,ldv,Sport utility vehicle: Small,Small SUV,Light Truck,automatic_normalized_make_prefix_anchored_consonant_abbreviation,reviewed,fueleconomy_gov_vehicle_data | nrcan_fuel_consumption_ratings; Ontario Vehicle Population Report A historical fit-active stock,2,
mto_crosswalk,SUBA,TRI,2006,2008,Subaru,Tribeca,ldv,Sport utility vehicle: Small,Small SUV,Light Truck,automatic_approved_current_candidate_approved_similarity_normalized_prefix,reviewed,fueleconomy_gov_vehicle_data | nrcan_fuel_consumption_ratings; Ontario Vehicle Population Report A historical fit-active stock,1,
mto_crosswalk,SUBA,SWI,2015,2021,Subaru,WRX,ldv,Compact,Compact,Car,automatic_exact_normalized_make_reviewed_canonical_label,reviewed,fueleconomy_gov_vehicle_data | nrcan_fuel_consumption_ratings; Ontario Vehicle Population Report A historical fit-active stock,5,
mto_crosswalk,SUBA,RAV,2023,2024,Subaru,WRX,ldv,Mid-size,Midsize,Car,automatic_exact_normalized_make_reviewed_canonical_label,reviewed,fueleconomy_gov_vehicle_data | nrcan_fuel_consumption_ratings; Ontario Vehicle Population Report A historical fit-active stock,2,
mto_crosswalk,SUBA,XVC,2013,2015,Subaru,XV Crosstrek,ldv,Sport utility vehicle: Small,Small SUV,Light Truck,automatic_approved_current_candidate_approved_similarity_normalized_prefix,reviewed,fueleconomy_gov_vehicle_data | nrcan_fuel_consumption_ratings; Ontario Vehicle Population Report A historical fit-active stock,1,
mto_crosswalk,SUZI,H3N,2010,2010,Suzuki,Kizashi,ldv,Compact,Compact,Car,automatic_exact_normalized_make_reviewed_canonical_label,reviewed,fueleconomy_gov_vehicle_data; Ontario Vehicle Population Report A historical fit-active stock,4,
mto_crosswalk,SUZI,CX4,2007,2012,Suzuki,SX4,ldv,Station wagon: Small,Midsize,Car,automatic_exact_normalized_make_reviewed_canonical_label,reviewed,fueleconomy_gov_vehicle_data | nrcan_fuel_consumption_ratings; Ontario Vehicle Population Report A historical fit-active stock,5,
mto_crosswalk,SUZI,CXJ,2007,2011,Suzuki,SX4,ldv,Station wagon: Small,Midsize,Car,automatic_exact_normalized_make_reviewed_canonical_label,reviewed,fueleconomy_gov_vehicle_data | nrcan_fuel_consumption_ratings; Ontario Vehicle Population Report A historical fit-active stock,5,
mto_crosswalk,SUZI,SXA,2007,2012,Suzuki,SX4,ldv,Station wagon: Small,Midsize,Car,automatic_exact_normalized_make_reviewed_canonical_label,reviewed,fueleconomy_gov_vehicle_data | nrcan_fuel_consumption_ratings; Ontario Vehicle Population Report A historical fit-active stock,5,
mto_crosswalk,SUZI,SXC,2008,2009,Suzuki,SX4,ldv,Station wagon: Small,Midsize,Car,automatic_exact_normalized_make_reviewed_canonical_label,reviewed,fueleconomy_gov_vehicle_data | nrcan_fuel_consumption_ratings; Ontario Vehicle Population Report A historical fit-active stock,2,
mto_crosswalk,SUZI,SXL,2008,2012,Suzuki,SX4,ldv,Station wagon: Small,Midsize,Car,automatic_exact_normalized_make_reviewed_canonical_label,reviewed,fueleconomy_gov_vehicle_data | nrcan_fuel_consumption_ratings; Ontario Vehicle Population Report A historical fit-active stock,2,
mto_crosswalk,SUZI,SXA,2013,2013,Suzuki,SX4,ldv,Subcompact,Compact,Car,automatic_exact_normalized_make_reviewed_canonical_label,reviewed,fueleconomy_gov_vehicle_data; Ontario Vehicle Population Report A historical fit-active stock,1,
mto_crosswalk,SUZI,SXL,2013,2013,Suzuki,SX4,ldv,Subcompact,Compact,Car,automatic_exact_normalized_make_reviewed_canonical_label,reviewed,fueleconomy_gov_vehicle_data; Ontario Vehicle Population Report A historical fit-active stock,1,
mto_crosswalk,SUZI,XL7,2002,2009,Suzuki,XL7,non_ldv_unclassified,,,,automatic_reviewed_manual_make_reviewed_two_pass_agreement,reviewed,reviewed_mto_make_model_evidence; Ontario Vehicle Population Report A historical fit-active stock,0,Public evidence supports the family but not an LDV class hierarchy.
mto_crosswalk,TESL,CEE,2024,2025,Tesla,Cybertruck,ldv,Pickup truck: Standard,Pickup,Light Truck,automatic_exact_normalized_make_reviewed_canonical_label,reviewed,fueleconomy_gov_vehicle_data | nrcan_fuel_consumption_ratings; Ontario Vehicle Population Report A historical fit-active stock,4,
mto_crosswalk,TESL,CYB,2024,2026,Tesla,Cybertruck,ldv,Pickup truck: Standard,Pickup,Light Truck,automatic_approved_current_candidate_approved_similarity_normalized_prefix,reviewed,fueleconomy_gov_vehicle_data | nrcan_fuel_consumption_ratings; Ontario Vehicle Population Report A historical fit-active stock,1,
mto_crosswalk,TESL,3,2017,2025,Tesla,Model 3,ldv,Mid-size,Midsize,Car,automatic_approved_current_candidate_approved_similarity_normalized_substring,reviewed,fueleconomy_gov_vehicle_data | nrcan_fuel_consumption_ratings; Ontario Vehicle Population Report A historical fit-active stock,1,
mto_crosswalk,TESL,YGE,2020,2026,Tesla,Model Y,ldv,Sport utility vehicle: Small,Small SUV,Light Truck,automatic_exact_normalized_make_reviewed_canonical_label,reviewed,fueleconomy_gov_vehicle_data | nrcan_fuel_consumption_ratings; Ontario Vehicle Population Report A historical fit-active stock,13,
mto_crosswalk,TOYT,4RU,1985,1986,Toyota,4Runner,ldv,Sport utility vehicle: Standard,Midsize SUV,Light Truck,automatic_approved_current_candidate_approved_similarity_normalized_prefix,reviewed,fueleconomy_gov_vehicle_data | nrcan_fuel_consumption_ratings; Ontario Vehicle Population Report A historical fit-active stock,1,
mto_crosswalk,TOYT,4RU,1989,1991,Toyota,4Runner,ldv,Sport utility vehicle: Standard,Midsize SUV,Light Truck,automatic_approved_current_candidate_approved_similarity_normalized_prefix,reviewed,fueleconomy_gov_vehicle_data | nrcan_fuel_consumption_ratings; Ontario Vehicle Population Report A historical fit-active stock,1,
mto_crosswalk,TOYT,4RU,1995,1999,Toyota,4Runner,ldv,Sport utility vehicle: Standard,Midsize SUV,Light Truck,automatic_approved_current_candidate_approved_similarity_normalized_prefix,reviewed,fueleconomy_gov_vehicle_data | nrcan_fuel_consumption_ratings; Ontario Vehicle Population Report A historical fit-active stock,1,
mto_crosswalk,TOYT,4RU,2001,2001,Toyota,4Runner,ldv,Sport utility vehicle: Standard,Midsize SUV,Light Truck,automatic_approved_current_candidate_approved_similarity_normalized_prefix,reviewed,fueleconomy_gov_vehicle_data | nrcan_fuel_consumption_ratings; Ontario Vehicle Population Report A historical fit-active stock,1,
mto_crosswalk,TOYT,4RU,2021,2024,Toyota,4Runner,ldv,Sport utility vehicle: Standard,Midsize SUV,Light Truck,automatic_approved_current_candidate_approved_similarity_normalized_prefix,reviewed,fueleconomy_gov_vehicle_data | nrcan_fuel_consumption_ratings; Ontario Vehicle Population Report A historical fit-active stock,1,
mto_crosswalk,TOYT,4WL,2022,2023,Toyota,4Runner,ldv,Sport utility vehicle: Standard,Midsize SUV,Light Truck,automatic_exact_normalized_make_reviewed_canonical_label,reviewed,fueleconomy_gov_vehicle_data | nrcan_fuel_consumption_ratings; Ontario Vehicle Population Report A historical fit-active stock,4,
mto_crosswalk,TOYT,RUN,1984,2022,Toyota,4Runner,ldv,Sport utility vehicle: Standard,Midsize SUV,Light Truck,automatic_approved_current_candidate_approved_similarity_normalized_substring,reviewed,fueleconomy_gov_vehicle_data | nrcan_fuel_consumption_ratings; Ontario Vehicle Population Report A historical fit-active stock,1,
mto_crosswalk,TOYT,UEX,1997,2001,Toyota,4Runner,ldv,Sport utility vehicle: Standard,Midsize SUV,Light Truck,automatic_exact_normalized_make_reviewed_canonical_label,reviewed,fueleconomy_gov_vehicle_data | nrcan_fuel_consumption_ratings; Ontario Vehicle Population Report A historical fit-active stock,4,
mto_crosswalk,TOYT,ABL,2011,2012,Toyota,Avalon,ldv,Full-size,Midsize,Car,automatic_exact_normalized_make_reviewed_canonical_label,reviewed,fueleconomy_gov_vehicle_data | nrcan_fuel_consumption_ratings; Ontario Vehicle Population Report A historical fit-active stock,2,
mto_crosswalk,TOYT,CHR,2018,2019,Toyota,C-HR,ldv,Compact,Compact,Car,automatic_configured_make_alias_exact_normalized_model,reviewed,fueleconomy_gov_vehicle_data | nrcan_fuel_consumption_ratings; Ontario Vehicle Population Report A historical fit-active stock,2,
mto_crosswalk,TOYT,CHR,2021,2022,Toyota,C-HR,ldv,Compact,Compact,Car,automatic_configured_make_alias_exact_normalized_model,reviewed,fueleconomy_gov_vehicle_data | nrcan_fuel_consumption_ratings; Ontario Vehicle Population Report A historical fit-active stock,2,
mto_crosswalk,TOYT,CAM,1983,1983,Toyota,Camry,ldv,Compact,Compact,Car,automatic_configured_make_alias_normalized_model_prefix,reviewed,fueleconomy_gov_vehicle_data; Ontario Vehicle Population Report A historical fit-active stock,1,
mto_crosswalk,TOYT,CAM,1988,1988,Toyota,Camry,ldv,Compact,Compact,Car,automatic_configured_make_alias_normalized_model_prefix,reviewed,fueleconomy_gov_vehicle_data; Ontario Vehicle Population Report A historical fit-active stock,1,
mto_crosswalk,TOYT,CGF,1986,1991,Toyota,Camry,ldv,Compact,Compact,Car,automatic_exact_normalized_make_reviewed_canonical_label,reviewed,fueleconomy_gov_vehicle_data; Ontario Vehicle Population Report A historical fit-active stock,1,
mto_crosswalk,TOYT,CAM,2020,2026,Toyota,Camry,ldv,Mid-size,Midsize,Car,automatic_configured_make_alias_normalized_model_prefix,reviewed,fueleconomy_gov_vehicle_data | nrcan_fuel_consumption_ratings; Ontario Vehicle Population Report A historical fit-active stock,18,
mto_crosswalk,TOYT,CGF,1992,2005,Toyota,Camry,ldv,Mid-size,Midsize,Car,automatic_exact_normalized_make_reviewed_canonical_label,reviewed,fueleconomy_gov_vehicle_data | nrcan_fuel_consumption_ratings; Ontario Vehicle Population Report A historical fit-active stock,2,
mto_crosswalk,TOYT,CML,1988,1993,Toyota,Camry Solara,ldv,Compact,Compact,Car,automatic_exact_normalized_make_reviewed_canonical_label,reviewed,fueleconomy_gov_vehicle_data | nrcan_fuel_consumption_ratings; Ontario Vehicle Population Report A historical fit-active stock,2,
mto_crosswalk,TOYT,CMS,2009,2013,Toyota,Camry Solara,ldv,Compact,Compact,Car,automatic_configured_make_alias_anchored_consonant_abbreviation,reviewed,fueleconomy_gov_vehicle_data | nrcan_fuel_consumption_ratings; Ontario Vehicle Population Report A historical fit-active stock,4,
mto_crosswalk,TOYT,CTC,1997,1999,Toyota,Celica,ldv,Subcompact,Compact,Car,automatic_exact_normalized_make_reviewed_canonical_label,reviewed,fueleconomy_gov_vehicle_data | nrcan_fuel_consumption_ratings; Ontario Vehicle Population Report A historical fit-active stock,2,
mto_crosswalk,TOYT,COR,1981,1981,Toyota,Corolla,ldv,Compact,Compact,Car,automatic_configured_make_alias_normalized_model_prefix,reviewed,fueleconomy_gov_vehicle_data; Ontario Vehicle Population Report A historical fit-active stock,1,
mto_crosswalk,TOYT,COR,1985,1985,Toyota,Corolla,ldv,Compact,Compact,Car,automatic_configured_make_alias_normalized_model_prefix,reviewed,fueleconomy_gov_vehicle_data; Ontario Vehicle Population Report A historical fit-active stock,1,
mto_crosswalk,TOYT,COR,1994,1994,Toyota,Corolla,ldv,Compact,Compact,Car,automatic_configured_make_alias_normalized_model_prefix,reviewed,fueleconomy_gov_vehicle_data; Ontario Vehicle Population Report A historical fit-active stock,1,
mto_crosswalk,TOYT,COR,1998,1998,Toyota,Corolla,ldv,Compact,Compact,Car,automatic_configured_make_alias_normalized_model_prefix,reviewed,fueleconomy_gov_vehicle_data | nrcan_fuel_consumption_ratings; Ontario Vehicle Population Report A historical fit-active stock,2,
mto_crosswalk,TOYT,COR,2003,2003,Toyota,Corolla,ldv,Compact,Compact,Car,automatic_configured_make_alias_normalized_model_prefix,reviewed,fueleconomy_gov_vehicle_data | nrcan_fuel_consumption_ratings; Ontario Vehicle Population Report A historical fit-active stock,2,
mto_crosswalk,TOYT,COR,2008,2008,Toyota,Corolla,ldv,Compact,Compact,Car,automatic_configured_make_alias_normalized_model_prefix,reviewed,fueleconomy_gov_vehicle_data | nrcan_fuel_consumption_ratings; Ontario Vehicle Population Report A historical fit-active stock,2,
mto_crosswalk,TOYT,COR,2020,2026,Toyota,Corolla,ldv,Compact,Compact,Car,automatic_configured_make_alias_normalized_model_prefix,reviewed,fueleconomy_gov_vehicle_data | nrcan_fuel_consumption_ratings; Ontario Vehicle Population Report A historical fit-active stock,13,
mto_crosswalk,TOYT,CXR,2003,2010,Toyota,Corolla,ldv,Compact,Compact,Car,automatic_exact_normalized_make_reviewed_canonical_label,reviewed,fueleconomy_gov_vehicle_data | nrcan_fuel_consumption_ratings; Ontario Vehicle Population Report A historical fit-active stock,3,
mto_crosswalk,TOYT,UCL,1990,2021,Toyota,Corolla,ldv,Compact,Compact,Car,automatic_exact_normalized_make_reviewed_canonical_label,reviewed,fueleconomy_gov_vehicle_data | nrcan_fuel_consumption_ratings; Ontario Vehicle Population Report A historical fit-active stock,13,
mto_crosswalk,TOYT,MTL,2020,2022,Toyota,Corolla,ldv,Compact,Compact,Car,reviewed_external_model_vin_family_association,reviewed,fueleconomy_gov_vehicle_data | nrcan_fuel_consumption_ratings; Ontario Vehicle Population Report A historical fit-active stock,13,External review found repeated explicit model/VIN-family associations.
mto_crosswalk,TOYT,CCT,2014,2017,Toyota,Corolla,ldv,Mid-size,Midsize,Car,automatic_exact_normalized_make_reviewed_canonical_label,reviewed,fueleconomy_gov_vehicle_data | nrcan_fuel_consumption_ratings; Ontario Vehicle Population Report A historical fit-active stock,7,
mto_crosswalk,TOYT,COR,2018,2018,Toyota,Corolla,ldv,Mid-size,Midsize,Car,automatic_configured_make_alias_normalized_model_prefix,reviewed,fueleconomy_gov_vehicle_data | nrcan_fuel_consumption_ratings; Ontario Vehicle Population Report A historical fit-active stock,7,
mto_crosswalk,TOYT,MTL,2014,2019,Toyota,Corolla,ldv,Mid-size,Midsize,Car,reviewed_external_model_vin_family_association,reviewed,fueleconomy_gov_vehicle_data | nrcan_fuel_consumption_ratings; Ontario Vehicle Population Report A historical fit-active stock,7,External review found repeated explicit model/VIN-family associations.
mto_crosswalk,TOYT,COR,1988,1988,Toyota,Corolla,ldv,Subcompact,Compact,Car,automatic_configured_make_alias_normalized_model_prefix,reviewed,fueleconomy_gov_vehicle_data; Ontario Vehicle Population Report A historical fit-active stock,1,
mto_crosswalk,TOYT,COR,1990,1990,Toyota,Corolla,ldv,Subcompact,Compact,Car,automatic_configured_make_alias_normalized_model_prefix,reviewed,fueleconomy_gov_vehicle_data; Ontario Vehicle Population Report A historical fit-active stock,1,
mto_crosswalk,TOYT,COR,1997,1997,Toyota,Corolla,ldv,Subcompact,Compact,Car,automatic_configured_make_alias_normalized_model_prefix,reviewed,fueleconomy_gov_vehicle_data | nrcan_fuel_consumption_ratings; Ontario Vehicle Population Report A historical fit-active stock,2,
mto_crosswalk,TOYT,AAL,2021,2021,Toyota,Corolla All,ldv,Station wagon: Small,Midsize,Car,automatic_approved_current_candidate_approved_similarity_normalized_substring,reviewed,fueleconomy_gov_vehicle_data; Ontario Vehicle Population Report A historical fit-active stock,1,
mto_crosswalk,TOYT,AAL,2023,2023,Toyota,Corolla All,ldv,Station wagon: Small,Midsize,Car,automatic_approved_current_candidate_approved_similarity_normalized_substring,reviewed,fueleconomy_gov_vehicle_data; Ontario Vehicle Population Report A historical fit-active stock,1,
mto_crosswalk,TOYT,LAC,2024,2026,Toyota,Corolla Cross,ldv,Sport utility vehicle: Small,Small SUV,Light Truck,automatic_approved_current_candidate_approved_similarity_normalized_substring,reviewed,fueleconomy_gov_vehicle_data | nrcan_fuel_consumption_ratings; Ontario Vehicle Population Report A historical fit-active stock,1,
mto_crosswalk,TOYT,XLE,1992,1995,Toyota,Corolla XLE,ldv,Compact,Compact,Car,automatic_approved_current_candidate_approved_similarity_normalized_substring,reviewed,fueleconomy_gov_vehicle_data | nrcan_fuel_consumption_ratings; Ontario Vehicle Population Report A historical fit-active stock,1,
mto_crosswalk,TOYT,XLE,2020,2021,Toyota,Corolla XLE,ldv,Compact,Compact,Car,automatic_approved_current_candidate_approved_similarity_normalized_substring,reviewed,fueleconomy_gov_vehicle_data | nrcan_fuel_consumption_ratings; Ontario Vehicle Population Report A historical fit-active stock,1,
mto_crosswalk,TOYT,CRE,1981,2003,Toyota,Cressida,ldv,Compact,Compact,Car,automatic_exact_normalized_make_reviewed_canonical_label,reviewed,fueleconomy_gov_vehicle_data; Ontario Vehicle Population Report A historical fit-active stock,1,
mto_crosswalk,TOYT,CRO,2023,2024,Toyota,Crown,ldv,Mid-size,Midsize,Car,automatic_configured_make_alias_normalized_model_prefix,reviewed,fueleconomy_gov_vehicle_data | nrcan_fuel_consumption_ratings; Ontario Vehicle Population Report A historical fit-active stock,2,
mto_crosswalk,TOYT,CRO,2025,2026,Toyota,Crown AWD,ldv,Mid-size,Midsize,Car,automatic_configured_make_alias_normalized_model_prefix,reviewed,fueleconomy_gov_vehicle_data | nrcan_fuel_consumption_ratings; Ontario Vehicle Population Report A historical fit-active stock,2,
mto_crosswalk,TOYT,CZG,2021,2022,Toyota,Crown Signia,ldv,Station wagon: Small,Midsize,Car,automatic_exact_normalized_make_reviewed_canonical_label,reviewed,fueleconomy_gov_vehicle_data | nrcan_fuel_consumption_ratings; Ontario Vehicle Population Report A historical fit-active stock,2,
mto_crosswalk,TOYT,ECH,2000,2003,Toyota,Echo,ldv,Compact,Compact,Car,automatic_configured_make_alias_normalized_model_prefix,reviewed,fueleconomy_gov_vehicle_data | nrcan_fuel_consumption_ratings; Ontario Vehicle Population Report A historical fit-active stock,2,
mto_crosswalk,TOYT,ECH,2005,2005,Toyota,Echo,ldv,Compact,Compact,Car,automatic_configured_make_alias_normalized_model_prefix,reviewed,fueleconomy_gov_vehicle_data | nrcan_fuel_consumption_ratings; Ontario Vehicle Population Report A historical fit-active stock,2,
mto_crosswalk,TOYT,ECH,2004,2004,Toyota,Echo,ldv,Subcompact,Compact,Car,automatic_configured_make_alias_normalized_model_prefix,reviewed,fueleconomy_gov_vehicle_data | nrcan_fuel_consumption_ratings; Ontario Vehicle Population Report A historical fit-active stock,2,
mto_crosswalk,TOYT,FJC,2007,2014,Toyota,FJ Cruiser,ldv,Sport utility vehicle: Small,Small SUV,Light Truck,automatic_approved_current_candidate_approved_similarity_normalized_prefix,reviewed,fueleconomy_gov_vehicle_data | nrcan_fuel_consumption_ratings; Ontario Vehicle Population Report A historical fit-active stock,1,
mto_crosswalk,TOYT,FJC,2017,2017,Toyota,FJ Cruiser,ldv,Sport utility vehicle: Small,Small SUV,Light Truck,automatic_approved_current_candidate_approved_similarity_normalized_prefix,reviewed,fueleconomy_gov_vehicle_data | nrcan_fuel_consumption_ratings; Ontario Vehicle Population Report A historical fit-active stock,1,
mto_crosswalk,TOYT,GRC,2023,2026,Toyota,GR Corolla,ldv,Subcompact,Compact,Car,automatic_approved_current_candidate_approved_similarity_normalized_prefix,reviewed,fueleconomy_gov_vehicle_data | nrcan_fuel_consumption_ratings; Ontario Vehicle Population Report A historical fit-active stock,1,
mto_crosswalk,TOYT,DZG,2022,2022,Toyota,GR86,ldv,Minicompact,Compact,Car,automatic_exact_normalized_make_reviewed_canonical_label,reviewed,fueleconomy_gov_vehicle_data | nrcan_fuel_consumption_ratings; Ontario Vehicle Population Report A historical fit-active stock,2,
mto_crosswalk,TOYT,GR8,2023,2026,Toyota,GR86,ldv,Minicompact,Compact,Car,automatic_exact_normalized_make_reviewed_canonical_label,reviewed,fueleconomy_gov_vehicle_data | nrcan_fuel_consumption_ratings; Ontario Vehicle Population Report A historical fit-active stock,2,
mto_crosswalk,TOYT,5WL,2022,2023,Toyota,Highlander,ldv,Sport utility vehicle: Small,Small SUV,Light Truck,automatic_exact_normalized_make_reviewed_canonical_label,reviewed,fueleconomy_gov_vehicle_data; Ontario Vehicle Population Report A historical fit-active stock,2,
mto_crosswalk,TOYT,GBL,2020,2021,Toyota,Highlander,ldv,Sport utility vehicle: Small,Small SUV,Light Truck,automatic_exact_normalized_make_reviewed_canonical_label,reviewed,fueleconomy_gov_vehicle_data | nrcan_fuel_consumption_ratings; Ontario Vehicle Population Report A historical fit-active stock,3,
mto_crosswalk,TOYT,HIG,2001,2025,Toyota,Highlander,ldv,Sport utility vehicle: Small,Small SUV,Light Truck,automatic_configured_make_alias_normalized_model_prefix,reviewed,fueleconomy_gov_vehicle_data | nrcan_fuel_consumption_ratings; Ontario Vehicle Population Report A historical fit-active stock,3,
mto_crosswalk,TOYT,HIG,2026,2026,Toyota,Highlander AWD,ldv,Sport utility vehicle: Small,Small SUV,Light Truck,automatic_configured_make_alias_normalized_model_prefix,reviewed,fueleconomy_gov_vehicle_data | nrcan_fuel_consumption_ratings; Ontario Vehicle Population Report A historical fit-active stock,2,
mto_crosswalk,TOYT,SWS,1987,1998,Toyota,Paseo,ldv,Minicompact,Compact,Car,automatic_exact_normalized_make_reviewed_canonical_label,reviewed,fueleconomy_gov_vehicle_data | nrcan_fuel_consumption_ratings; Ontario Vehicle Population Report A historical fit-active stock,3,
mto_crosswalk,TOYT,PRE,1991,1997,Toyota,Previa,ldv,Minivan,Midsize SUV,Light Truck,automatic_exact_normalized_make_reviewed_canonical_label,reviewed,nrcan_fuel_consumption_ratings; Ontario Vehicle Population Report A historical fit-active stock,2,
mto_crosswalk,TOYT,PRI,2001,2003,Toyota,Prius,ldv,Compact,Compact,Car,automatic_configured_make_alias_normalized_model_prefix,reviewed,fueleconomy_gov_vehicle_data | nrcan_fuel_consumption_ratings; Ontario Vehicle Population Report A historical fit-active stock,2,
mto_crosswalk,TOYT,BPL,2013,2014,Toyota,Prius,ldv,Mid-size,Midsize,Car,automatic_exact_normalized_make_reviewed_canonical_label,reviewed,fueleconomy_gov_vehicle_data | nrcan_fuel_consumption_ratings; Ontario Vehicle Population Report A historical fit-active stock,2,
mto_crosswalk,TOYT,PRI,2004,2026,Toyota,Prius,ldv,Mid-size,Midsize,Car,automatic_configured_make_alias_normalized_model_prefix,reviewed,fueleconomy_gov_vehicle_data | nrcan_fuel_consumption_ratings; Ontario Vehicle Population Report A historical fit-active stock,9,
mto_crosswalk,TOYT,XPL,2015,2015,Toyota,Prius,ldv,Mid-size,Midsize,Car,automatic_exact_normalized_make_reviewed_canonical_label,reviewed,fueleconomy_gov_vehicle_data | nrcan_fuel_consumption_ratings; Ontario Vehicle Population Report A historical fit-active stock,2,
mto_crosswalk,TOYT,PRC,2012,2015,Toyota,Prius c,ldv,Compact,Compact,Car,automatic_configured_make_alias_anchored_consonant_abbreviation,reviewed,fueleconomy_gov_vehicle_data | nrcan_fuel_consumption_ratings; Ontario Vehicle Population Report A historical fit-active stock,2,
mto_crosswalk,TOYT,PRV,2012,2018,Toyota,Prius v,ldv,Station wagon: Mid-size,Midsize,Car,automatic_configured_make_alias_anchored_consonant_abbreviation,reviewed,fueleconomy_gov_vehicle_data | nrcan_fuel_consumption_ratings; Ontario Vehicle Population Report A historical fit-active stock,2,
mto_crosswalk,TOYO,RAV,1995,2021,Toyota,RAV4,ldv,Sport utility vehicle: Small,Small SUV,Light Truck,automatic_exact_normalized_make_reviewed_canonical_label,reviewed,fueleconomy_gov_vehicle_data | nrcan_fuel_consumption_ratings; Ontario Vehicle Population Report A historical fit-active stock,14,
mto_crosswalk,TOYT,RAV,1994,1994,Toyota,RAV4,ldv,Sport utility vehicle: Small,Small SUV,Light Truck,automatic_approved_current_candidate_approved_similarity_normalized_prefix,reviewed,fueleconomy_gov_vehicle_data | nrcan_fuel_consumption_ratings; Ontario Vehicle Population Report A historical fit-active stock,1,
mto_crosswalk,TOYT,RAV,1998,2002,Toyota,RAV4,ldv,Sport utility vehicle: Small,Small SUV,Light Truck,automatic_approved_current_candidate_approved_similarity_normalized_prefix,reviewed,fueleconomy_gov_vehicle_data | nrcan_fuel_consumption_ratings; Ontario Vehicle Population Report A historical fit-active stock,1,
mto_crosswalk,TOYT,RAV,2004,2005,Toyota,RAV4,ldv,Sport utility vehicle: Small,Small SUV,Light Truck,automatic_approved_current_candidate_approved_similarity_normalized_prefix,reviewed,fueleconomy_gov_vehicle_data | nrcan_fuel_consumption_ratings; Ontario Vehicle Population Report A historical fit-active stock,1,
mto_crosswalk,TOYT,RAV,2008,2009,Toyota,RAV4,ldv,Sport utility vehicle: Small,Small SUV,Light Truck,automatic_approved_current_candidate_approved_similarity_normalized_prefix,reviewed,fueleconomy_gov_vehicle_data | nrcan_fuel_consumption_ratings; Ontario Vehicle Population Report A historical fit-active stock,1,
mto_crosswalk,TOYT,RAV,2012,2012,Toyota,RAV4,ldv,Sport utility vehicle: Small,Small SUV,Light Truck,automatic_approved_current_candidate_approved_similarity_normalized_prefix,reviewed,fueleconomy_gov_vehicle_data | nrcan_fuel_consumption_ratings; Ontario Vehicle Population Report A historical fit-active stock,1,
mto_crosswalk,TOYT,RAV,2014,2014,Toyota,RAV4,ldv,Sport utility vehicle: Small,Small SUV,Light Truck,automatic_approved_current_candidate_approved_similarity_normalized_prefix,reviewed,fueleconomy_gov_vehicle_data | nrcan_fuel_consumption_ratings; Ontario Vehicle Population Report A historical fit-active stock,1,
mto_crosswalk,TOYT,RAV,2019,2025,Toyota,RAV4,ldv,Sport utility vehicle: Small,Small SUV,Light Truck,automatic_approved_current_candidate_approved_similarity_normalized_prefix,reviewed,fueleconomy_gov_vehicle_data | nrcan_fuel_consumption_ratings; Ontario Vehicle Population Report A historical fit-active stock,1,
mto_crosswalk,TOYT,RG4,2006,2012,Toyota,RAV4,ldv,Sport utility vehicle: Small,Small SUV,Light Truck,automatic_exact_normalized_make_reviewed_canonical_label,reviewed,fueleconomy_gov_vehicle_data | nrcan_fuel_consumption_ratings; Ontario Vehicle Population Report A historical fit-active stock,7,
mto_crosswalk,TOYT,RG4,2019,2019,Toyota,RAV4,ldv,Sport utility vehicle: Small,Small SUV,Light Truck,automatic_exact_normalized_make_reviewed_canonical_label,reviewed,fueleconomy_gov_vehicle_data | nrcan_fuel_consumption_ratings; Ontario Vehicle Population Report A historical fit-active stock,6,
mto_crosswalk,TOYT,RV4,1996,2005,Toyota,RAV4,ldv,Sport utility vehicle: Small,Small SUV,Light Truck,automatic_approved_current_candidate_approved_similarity_string_similarity,reviewed,fueleconomy_gov_vehicle_data | nrcan_fuel_consumption_ratings; Ontario Vehicle Population Report A historical fit-active stock,1,
mto_crosswalk,TOYT,RV4,2013,2021,Toyota,RAV4,ldv,Sport utility vehicle: Small,Small SUV,Light Truck,automatic_approved_current_candidate_approved_similarity_string_similarity,reviewed,fueleconomy_gov_vehicle_data | nrcan_fuel_consumption_ratings; Ontario Vehicle Population Report A historical fit-active stock,1,
mto_crosswalk,TOYT,RV4,2023,2023,Toyota,RAV4,ldv,Sport utility vehicle: Small,Small SUV,Light Truck,automatic_configured_make_alias_anchored_consonant_abbreviation,reviewed,fueleconomy_gov_vehicle_data | nrcan_fuel_consumption_ratings; Ontario Vehicle Population Report A historical fit-active stock,13,
mto_crosswalk,TOYT,SEQ,2001,2020,Toyota,Sequoia,ldv,Sport utility vehicle: Standard,Midsize SUV,Light Truck,automatic_approved_current_candidate_approved_similarity_normalized_prefix,reviewed,fueleconomy_gov_vehicle_data | nrcan_fuel_consumption_ratings; Ontario Vehicle Population Report A historical fit-active stock,1,
mto_crosswalk,TOYT,SEQ,2021,2021,Toyota,Sequoia,ldv,Sport utility vehicle: Standard,Midsize SUV,Light Truck,automatic_configured_make_alias_normalized_model_prefix,reviewed,fueleconomy_gov_vehicle_data | nrcan_fuel_consumption_ratings; Ontario Vehicle Population Report A historical fit-active stock,3,
mto_crosswalk,TOYT,SEQ,2022,2026,Toyota,Sequoia,ldv,Sport utility vehicle: Standard,Midsize SUV,Light Truck,automatic_approved_current_candidate_approved_similarity_normalized_prefix,reviewed,fueleconomy_gov_vehicle_data | nrcan_fuel_consumption_ratings; Ontario Vehicle Population Report A historical fit-active stock,1,
mto_crosswalk,TOYT,SIQ,2012,2015,Toyota,Sequoia,ldv,Sport utility vehicle: Standard,Midsize SUV,Light Truck,automatic_exact_normalized_make_reviewed_canonical_label,reviewed,fueleconomy_gov_vehicle_data | nrcan_fuel_consumption_ratings; Ontario Vehicle Population Report A historical fit-active stock,4,
mto_crosswalk,TOYT,SIE,1998,2026,Toyota,Sienna,ldv,Minivan,Midsize SUV,Light Truck,automatic_approved_current_candidate_approved_similarity_normalized_prefix,reviewed,fueleconomy_gov_vehicle_data | nrcan_fuel_consumption_ratings; Ontario Vehicle Population Report A historical fit-active stock,1,
mto_crosswalk,TOYT,SXD,2008,2014,Toyota,Sienna,ldv,Minivan,Midsize SUV,Light Truck,automatic_exact_normalized_make_reviewed_canonical_label,reviewed,fueleconomy_gov_vehicle_data | nrcan_fuel_consumption_ratings; Ontario Vehicle Population Report A historical fit-active stock,4,
mto_crosswalk,TOYT,SZG,2021,2022,Toyota,Sienna,ldv,Minivan,Midsize SUV,Light Truck,automatic_exact_normalized_make_reviewed_canonical_label,reviewed,fueleconomy_gov_vehicle_data | nrcan_fuel_consumption_ratings; Ontario Vehicle Population Report A historical fit-active stock,4,
mto_crosswalk,TOYT,DBG,2020,2022,Toyota,Supra,ldv,Minicompact,Compact,Car,automatic_exact_normalized_make_reviewed_canonical_label,reviewed,fueleconomy_gov_vehicle_data; Ontario Vehicle Population Report A historical fit-active stock,1,
mto_crosswalk,TOYT,FZG,2020,2022,Toyota,Supra,ldv,Minicompact,Compact,Car,automatic_exact_normalized_make_reviewed_canonical_label,reviewed,fueleconomy_gov_vehicle_data; Ontario Vehicle Population Report A historical fit-active stock,1,
mto_crosswalk,TOYT,G1G,2019,2021,Toyota,Supra,ldv,Minicompact,Compact,Car,automatic_exact_normalized_make_reviewed_canonical_label,reviewed,fueleconomy_gov_vehicle_data; Ontario Vehicle Population Report A historical fit-active stock,1,
mto_crosswalk,TOYT,GRH,2026,2026,Toyota,Supra,ldv,Minicompact,Compact,Car,automatic_exact_normalized_make_reviewed_canonical_label,reviewed,fueleconomy_gov_vehicle_data; Ontario Vehicle Population Report A historical fit-active stock,1,
mto_crosswalk,TOYT,JZG,2020,2020,Toyota,Supra,ldv,Minicompact,Compact,Car,automatic_exact_normalized_make_reviewed_canonical_label,reviewed,fueleconomy_gov_vehicle_data; Ontario Vehicle Population Report A historical fit-active stock,1,
mto_crosswalk,TOYT,KZG,2020,2022,Toyota,Supra,ldv,Minicompact,Compact,Car,automatic_exact_normalized_make_reviewed_canonical_label,reviewed,fueleconomy_gov_vehicle_data; Ontario Vehicle Population Report A historical fit-active stock,1,
mto_crosswalk,TOYT,SUP,1993,2026,Toyota,Supra,ldv,Minicompact,Compact,Car,automatic_exact_normalized_make_reviewed_canonical_label,reviewed,fueleconomy_gov_vehicle_data | nrcan_fuel_consumption_ratings; Ontario Vehicle Population Report A historical fit-active stock,2,
mto_crosswalk,TOYT,URS,2005,2010,Toyota,Supra,ldv,Minicompact,Compact,Car,automatic_exact_normalized_make_reviewed_canonical_label,reviewed,fueleconomy_gov_vehicle_data; Ontario Vehicle Population Report A historical fit-active stock,1,
mto_crosswalk,TOYT,SUP,1981,1992,Toyota,Supra,ldv,Subcompact,Compact,Car,automatic_exact_normalized_make_reviewed_canonical_label,reviewed,fueleconomy_gov_vehicle_data; Ontario Vehicle Population Report A historical fit-active stock,1,
mto_crosswalk,TOYT,T10,1993,1998,Toyota,T100,ldv,Pickup truck: Standard,Pickup,Light Truck,automatic_exact_normalized_make_reviewed_canonical_label,reviewed,fueleconomy_gov_vehicle_data | nrcan_fuel_consumption_ratings; Ontario Vehicle Population Report A historical fit-active stock,4,
mto_crosswalk,TOYT,TAC,1996,1998,Toyota,Tacoma,ldv,Pickup truck: Small,Pickup,Light Truck,automatic_configured_make_alias_normalized_model_prefix,reviewed,nrcan_fuel_consumption_ratings; Ontario Vehicle Population Report A historical fit-active stock,1,
mto_crosswalk,TOYT,TAC,2008,2023,Toyota,Tacoma,ldv,Pickup truck: Small,Pickup,Light Truck,automatic_configured_make_alias_normalized_model_prefix,reviewed,fueleconomy_gov_vehicle_data | nrcan_fuel_consumption_ratings; Ontario Vehicle Population Report A historical fit-active stock,7,
mto_crosswalk,TOYT,TAC,1999,2007,Toyota,Tacoma,ldv,Pickup truck: Standard,Pickup,Light Truck,automatic_configured_make_alias_normalized_model_prefix,reviewed,fueleconomy_gov_vehicle_data | nrcan_fuel_consumption_ratings; Ontario Vehicle Population Report A historical fit-active stock,4,
mto_crosswalk,TOYT,TAC,1995,1995,Toyota,Tacoma 2WD,ldv,Pickup truck: Small,Pickup,Light Truck,automatic_configured_make_alias_normalized_model_prefix,reviewed,fueleconomy_gov_vehicle_data; Ontario Vehicle Population Report A historical fit-active stock,2,
mto_crosswalk,TOYT,TAC,2024,2026,Toyota,Tacoma 4WD,ldv,Pickup truck: Small,Pickup,Light Truck,automatic_configured_make_alias_normalized_model_prefix,reviewed,fueleconomy_gov_vehicle_data | nrcan_fuel_consumption_ratings; Ontario Vehicle Population Report A historical fit-active stock,8,
mto_crosswalk,TOYT,GTF,1986,2005,Toyota,Tercel,ldv,Subcompact,Compact,Car,automatic_exact_normalized_make_reviewed_canonical_label,reviewed,fueleconomy_gov_vehicle_data | nrcan_fuel_consumption_ratings; Ontario Vehicle Population Report A historical fit-active stock,2,
mto_crosswalk,TOYT,HTP,1981,1995,Toyota,Tercel,ldv,Subcompact,Compact,Car,automatic_exact_normalized_make_reviewed_canonical_label,reviewed,fueleconomy_gov_vehicle_data | nrcan_fuel_consumption_ratings; Ontario Vehicle Population Report A historical fit-active stock,2,
mto_crosswalk,TOYT,TUN,2000,2026,Toyota,Tundra,ldv,Pickup truck: Standard,Pickup,Light Truck,automatic_approved_current_candidate_approved_similarity_normalized_prefix,reviewed,fueleconomy_gov_vehicle_data | nrcan_fuel_consumption_ratings; Ontario Vehicle Population Report A historical fit-active stock,1,
mto_crosswalk,TOYT,UTS,2007,2008,Toyota,Tundra,ldv,Pickup truck: Standard,Pickup,Light Truck,automatic_exact_normalized_make_reviewed_canonical_label,reviewed,fueleconomy_gov_vehicle_data | nrcan_fuel_consumption_ratings; Ontario Vehicle Population Report A historical fit-active stock,4,
mto_crosswalk,TOYT,VEN,2009,2015,Toyota,Venza,ldv,Sport utility vehicle: Small,Small SUV,Light Truck,automatic_approved_current_candidate_approved_similarity_normalized_prefix,reviewed,fueleconomy_gov_vehicle_data | nrcan_fuel_consumption_ratings; Ontario Vehicle Population Report A historical fit-active stock,1,
mto_crosswalk,TOYT,VEN,2021,2024,Toyota,Venza,ldv,Sport utility vehicle: Small,Small SUV,Light Truck,automatic_approved_current_candidate_approved_similarity_normalized_prefix,reviewed,fueleconomy_gov_vehicle_data | nrcan_fuel_consumption_ratings; Ontario Vehicle Population Report A historical fit-active stock,1,
mto_crosswalk,TOYT,YAR,2012,2016,Toyota,Yaris,ldv,Compact,Compact,Car,automatic_configured_make_alias_normalized_model_prefix,reviewed,fueleconomy_gov_vehicle_data | nrcan_fuel_consumption_ratings; Ontario Vehicle Population Report A historical fit-active stock,4,
mto_crosswalk,TOYT,YAR,2020,2020,Toyota,Yaris,ldv,Compact,Compact,Car,automatic_configured_make_alias_normalized_model_prefix,reviewed,fueleconomy_gov_vehicle_data | nrcan_fuel_consumption_ratings; Ontario Vehicle Population Report A historical fit-active stock,3,
mto_crosswalk,TOYT,YAR,2006,2011,Toyota,Yaris,ldv,Subcompact,Compact,Car,automatic_configured_make_alias_normalized_model_prefix,reviewed,fueleconomy_gov_vehicle_data | nrcan_fuel_consumption_ratings; Ontario Vehicle Population Report A historical fit-active stock,2,
mto_crosswalk,TOYT,BZ,2026,2026,Toyota,bZ,ldv,Sport utility vehicle: Small,Small SUV,Light Truck,automatic_approved_current_candidate_approved_similarity_exact_normalized,reviewed,fueleconomy_gov_vehicle_data | nrcan_fuel_consumption_ratings; Ontario Vehicle Population Report A historical fit-active stock,1,
mto_crosswalk,TOYT,BZ4,2023,2025,Toyota,bZ4X,ldv,Sport utility vehicle: Small,Small SUV,Light Truck,automatic_exact_normalized_make_reviewed_canonical_label,reviewed,fueleconomy_gov_vehicle_data | nrcan_fuel_consumption_ratings; Ontario Vehicle Population Report A historical fit-active stock,8,
mto_crosswalk,TOYT,VBL,2025,2025,Toyota,bZ4X,ldv,Sport utility vehicle: Small,Small SUV,Light Truck,automatic_exact_normalized_make_reviewed_canonical_label,reviewed,fueleconomy_gov_vehicle_data | nrcan_fuel_consumption_ratings; Ontario Vehicle Population Report A historical fit-active stock,8,
mto_crosswalk,VNFS,V1E,2023,2025,VinFast,VF8 ECO,ldv,Sport utility vehicle: Standard,Midsize SUV,Light Truck,automatic_exact_normalized_make_reviewed_canonical_label,reviewed,nrcan_fuel_consumption_ratings; Ontario Vehicle Population Report A historical fit-active stock,1,
mto_crosswalk,VNFS,VF8,2023,2025,VinFast,VF8 ECO,ldv,Sport utility vehicle: Standard,Midsize SUV,Light Truck,automatic_exact_normalized_make_reviewed_canonical_label,reviewed,nrcan_fuel_consumption_ratings; Ontario Vehicle Population Report A historical fit-active stock,1,
mto_crosswalk,VOLK,ACS,2026,2026,Volkswagen,Atlas,ldv,Sport utility vehicle: Small,Small SUV,Light Truck,automatic_exact_normalized_make_reviewed_canonical_label,reviewed,fueleconomy_gov_vehicle_data | nrcan_fuel_consumption_ratings; Ontario Vehicle Population Report A historical fit-active stock,10,
mto_crosswalk,VOLK,ATL,2018,2020,Volkswagen,Atlas,ldv,Sport utility vehicle: Small,Small SUV,Light Truck,automatic_configured_make_alias_normalized_model_prefix,reviewed,fueleconomy_gov_vehicle_data | nrcan_fuel_consumption_ratings; Ontario Vehicle Population Report A historical fit-active stock,4,
mto_crosswalk,VOLK,ATL,2022,2026,Volkswagen,Atlas,ldv,Sport utility vehicle: Small,Small SUV,Light Truck,automatic_configured_make_alias_normalized_model_prefix,reviewed,fueleconomy_gov_vehicle_data | nrcan_fuel_consumption_ratings; Ontario Vehicle Population Report A historical fit-active stock,10,
mto_crosswalk,VOLK,B3L,2016,2016,Volkswagen,Beetle,ldv,Compact,Compact,Car,automatic_exact_normalized_make_reviewed_canonical_label,reviewed,fueleconomy_gov_vehicle_data | nrcan_fuel_consumption_ratings; Ontario Vehicle Population Report A historical fit-active stock,4,
mto_crosswalk,VOLK,BEE,2017,2017,Volkswagen,Beetle,ldv,Compact,Compact,Car,automatic_exact_normalized_make_reviewed_canonical_label,reviewed,fueleconomy_gov_vehicle_data | nrcan_fuel_consumption_ratings; Ontario Vehicle Population Report A historical fit-active stock,4,
mto_crosswalk,VOLK,BLD,2016,2017,Volkswagen,Beetle,ldv,Compact,Compact,Car,automatic_exact_normalized_make_reviewed_canonical_label,reviewed,fueleconomy_gov_vehicle_data | nrcan_fuel_consumption_ratings; Ontario Vehicle Population Report A historical fit-active stock,4,
mto_crosswalk,VOLK,BRE,2018,2024,Volkswagen,Beetle,ldv,Compact,Compact,Car,automatic_exact_normalized_make_reviewed_canonical_label,reviewed,fueleconomy_gov_vehicle_data | nrcan_fuel_consumption_ratings; Ontario Vehicle Population Report A historical fit-active stock,4,
mto_crosswalk,VOLK,BSD,2016,2017,Volkswagen,Beetle,ldv,Compact,Compact,Car,automatic_exact_normalized_make_reviewed_canonical_label,reviewed,fueleconomy_gov_vehicle_data | nrcan_fuel_consumption_ratings; Ontario Vehicle Population Report A historical fit-active stock,4,
mto_crosswalk,VOLK,BSW,2016,2024,Volkswagen,Beetle,ldv,Compact,Compact,Car,automatic_exact_normalized_make_reviewed_canonical_label,reviewed,fueleconomy_gov_vehicle_data | nrcan_fuel_consumption_ratings; Ontario Vehicle Population Report A historical fit-active stock,4,
mto_crosswalk,VOLK,BEE,1981,2016,Volkswagen,Beetle,ldv,Subcompact,Compact,Car,automatic_exact_normalized_make_reviewed_canonical_label,reviewed,fueleconomy_gov_vehicle_data | nrcan_fuel_consumption_ratings; Ontario Vehicle Population Report A historical fit-active stock,2,
mto_crosswalk,VOLK,BTL,1981,1982,Volkswagen,Beetle,ldv,Subcompact,Compact,Car,automatic_configured_make_alias_anchored_consonant_abbreviation,reviewed,fueleconomy_gov_vehicle_data | nrcan_fuel_consumption_ratings; Ontario Vehicle Population Report A historical fit-active stock,2,
mto_crosswalk,VOLK,BTL,1986,1986,Volkswagen,Beetle,ldv,Subcompact,Compact,Car,automatic_configured_make_alias_anchored_consonant_abbreviation,reviewed,fueleconomy_gov_vehicle_data | nrcan_fuel_consumption_ratings; Ontario Vehicle Population Report A historical fit-active stock,2,
mto_crosswalk,VOLK,BTL,2005,2005,Volkswagen,Beetle,ldv,Subcompact,Compact,Car,automatic_configured_make_alias_anchored_consonant_abbreviation,reviewed,fueleconomy_gov_vehicle_data | nrcan_fuel_consumption_ratings; Ontario Vehicle Population Report A historical fit-active stock,2,
mto_crosswalk,VOLK,BTL,2009,2009,Volkswagen,Beetle,ldv,Subcompact,Compact,Car,automatic_configured_make_alias_anchored_consonant_abbreviation,reviewed,fueleconomy_gov_vehicle_data | nrcan_fuel_consumption_ratings; Ontario Vehicle Population Report A historical fit-active stock,2,
mto_crosswalk,VOLK,BTL,2012,2012,Volkswagen,Beetle,ldv,Subcompact,Compact,Car,automatic_configured_make_alias_anchored_consonant_abbreviation,reviewed,fueleconomy_gov_vehicle_data | nrcan_fuel_consumption_ratings; Ontario Vehicle Population Report A historical fit-active stock,2,
mto_crosswalk,VOLK,LUX,2007,2007,Volkswagen,Beetle,ldv,Subcompact,Compact,Car,automatic_exact_normalized_make_reviewed_canonical_label,reviewed,fueleconomy_gov_vehicle_data | nrcan_fuel_consumption_ratings; Ontario Vehicle Population Report A historical fit-active stock,2,
mto_crosswalk,VOLK,NBT,1998,2010,Volkswagen,Beetle,ldv,Subcompact,Compact,Car,automatic_exact_normalized_make_reviewed_canonical_label,reviewed,fueleconomy_gov_vehicle_data | nrcan_fuel_consumption_ratings; Ontario Vehicle Population Report A historical fit-active stock,2,
mto_crosswalk,VOLK,CEH,2012,2024,Volkswagen,CC,ldv,Compact,Compact,Car,automatic_exact_normalized_make_reviewed_canonical_label,reviewed,fueleconomy_gov_vehicle_data | nrcan_fuel_consumption_ratings; Ontario Vehicle Population Report A historical fit-active stock,4,
mto_crosswalk,VOLK,CLU,2009,2009,Volkswagen,CC,ldv,Compact,Compact,Car,automatic_exact_normalized_make_reviewed_canonical_label,reviewed,fueleconomy_gov_vehicle_data; Ontario Vehicle Population Report A historical fit-active stock,2,
mto_crosswalk,VOLK,CLU,2011,2015,Volkswagen,CC,ldv,Compact,Compact,Car,automatic_exact_normalized_make_reviewed_canonical_label,reviewed,fueleconomy_gov_vehicle_data | nrcan_fuel_consumption_ratings; Ontario Vehicle Population Report A historical fit-active stock,4,
mto_crosswalk,VOLK,CSP,1993,2025,Volkswagen,CC,ldv,Compact,Compact,Car,automatic_exact_normalized_make_reviewed_canonical_label,reviewed,fueleconomy_gov_vehicle_data | nrcan_fuel_consumption_ratings; Ontario Vehicle Population Report A historical fit-active stock,3,
mto_crosswalk,VOLK,CEH,2010,2011,Volkswagen,CC,ldv,Subcompact,Compact,Car,automatic_exact_normalized_make_reviewed_canonical_label,reviewed,fueleconomy_gov_vehicle_data | nrcan_fuel_consumption_ratings; Ontario Vehicle Population Report A historical fit-active stock,4,
mto_crosswalk,VOLK,CLU,2010,2010,Volkswagen,CC,ldv,Subcompact,Compact,Car,automatic_exact_normalized_make_reviewed_canonical_label,reviewed,fueleconomy_gov_vehicle_data | nrcan_fuel_consumption_ratings; Ontario Vehicle Population Report A historical fit-active stock,4,
mto_crosswalk,VOLK,CAB,1995,1996,Volkswagen,Cabrio,ldv,Subcompact,Compact,Car,automatic_exact_normalized_make_reviewed_canonical_label,reviewed,fueleconomy_gov_vehicle_data | nrcan_fuel_consumption_ratings; Ontario Vehicle Population Report A historical fit-active stock,2,
mto_crosswalk,VOLK,CGD,2002,2006,Volkswagen,Cabrio,ldv,Subcompact,Compact,Car,automatic_exact_normalized_make_reviewed_canonical_label,reviewed,fueleconomy_gov_vehicle_data | nrcan_fuel_consumption_ratings; Ontario Vehicle Population Report A historical fit-active stock,2,
mto_crosswalk,VOLK,CLF,2002,2006,Volkswagen,Cabrio,ldv,Subcompact,Compact,Car,automatic_exact_normalized_make_reviewed_canonical_label,reviewed,fueleconomy_gov_vehicle_data | nrcan_fuel_consumption_ratings; Ontario Vehicle Population Report A historical fit-active stock,2,
mto_crosswalk,VOLK,CAB,1986,1993,Volkswagen,Cabriolet,ldv,Minicompact,Compact,Car,automatic_exact_normalized_make_reviewed_canonical_label,reviewed,fueleconomy_gov_vehicle_data; Ontario Vehicle Population Report A historical fit-active stock,1,
mto_crosswalk,VOLK,CEV,1992,1997,Volkswagen,Cabriolet,ldv,Minicompact,Compact,Car,automatic_exact_normalized_make_reviewed_canonical_label,reviewed,fueleconomy_gov_vehicle_data; Ontario Vehicle Population Report A historical fit-active stock,1,
mto_crosswalk,VOLK,CTG,2007,2010,Volkswagen,City Golf,ldv,Compact,Compact,Car,automatic_configured_make_alias_anchored_consonant_abbreviation,reviewed,nrcan_fuel_consumption_ratings; Ontario Vehicle Population Report A historical fit-active stock,1,
mto_crosswalk,VOLK,CTJ,2007,2009,Volkswagen,City Jetta,ldv,Compact,Compact,Car,automatic_configured_make_alias_anchored_consonant_abbreviation,reviewed,nrcan_fuel_consumption_ratings; Ontario Vehicle Population Report A historical fit-active stock,1,
mto_crosswalk,VOLK,EGP,2016,2022,Volkswagen,Eos,ldv,Subcompact,Compact,Car,automatic_exact_normalized_make_reviewed_canonical_label,reviewed,fueleconomy_gov_vehicle_data; Ontario Vehicle Population Report A historical fit-active stock,1,
mto_crosswalk,VOLK,ELX,2008,2010,Volkswagen,Eos,ldv,Subcompact,Compact,Car,automatic_exact_normalized_make_reviewed_canonical_label,reviewed,fueleconomy_gov_vehicle_data | nrcan_fuel_consumption_ratings; Ontario Vehicle Population Report A historical fit-active stock,2,
mto_crosswalk,VOLK,GBS,2016,2017,Volkswagen,Eos,ldv,Subcompact,Compact,Car,automatic_exact_normalized_make_reviewed_canonical_label,reviewed,fueleconomy_gov_vehicle_data; Ontario Vehicle Population Report A historical fit-active stock,1,
mto_crosswalk,VOLK,GSE,2015,2015,Volkswagen,Eos,ldv,Subcompact,Compact,Car,automatic_exact_normalized_make_reviewed_canonical_label,reviewed,fueleconomy_gov_vehicle_data | nrcan_fuel_consumption_ratings; Ontario Vehicle Population Report A historical fit-active stock,2,
mto_crosswalk,VOLK,ERN,1995,2004,Volkswagen,Eurovan,ldv,Minivan,Midsize SUV,Light Truck,automatic_exact_normalized_make_reviewed_canonical_label,reviewed,fueleconomy_gov_vehicle_data | nrcan_fuel_consumption_ratings; Ontario Vehicle Population Report A historical fit-active stock,4,
mto_crosswalk,VOLK,ERN,1993,1994,Volkswagen,Eurovan,ldv,Van: Passenger,Pickup,Light Truck,automatic_exact_normalized_make_reviewed_canonical_label,reviewed,fueleconomy_gov_vehicle_data; Ontario Vehicle Population Report A historical fit-active stock,1,
mto_crosswalk,VOLK,FXG,2023,2024,Volkswagen,Fox GL,ldv,Station wagon: Small,Midsize,Car,automatic_approved_current_candidate_approved_similarity_string_similarity,reviewed,fueleconomy_gov_vehicle_data; Ontario Vehicle Population Report A historical fit-active stock,1,
mto_crosswalk,VOLK,58G,2022,2024,Volkswagen,GLI,ldv,Compact,Compact,Car,automatic_exact_normalized_make_reviewed_canonical_label,reviewed,fueleconomy_gov_vehicle_data; Ontario Vehicle Population Report A historical fit-active stock,1,
mto_crosswalk,VOLK,7XG,2023,2023,Volkswagen,GLI,ldv,Compact,Compact,Car,automatic_exact_normalized_make_reviewed_canonical_label,reviewed,fueleconomy_gov_vehicle_data; Ontario Vehicle Population Report A historical fit-active stock,1,
mto_crosswalk,VOLK,CXG,2022,2023,Volkswagen,GLI,ldv,Compact,Compact,Car,automatic_exact_normalized_make_reviewed_canonical_label,reviewed,fueleconomy_gov_vehicle_data; Ontario Vehicle Population Report A historical fit-active stock,1,
mto_crosswalk,VOLK,EXG,2022,2022,Volkswagen,GLI,ldv,Compact,Compact,Car,automatic_exact_normalized_make_reviewed_canonical_label,reviewed,fueleconomy_gov_vehicle_data; Ontario Vehicle Population Report A historical fit-active stock,1,
mto_crosswalk,VOLK,GDS,2024,2024,Volkswagen,GLI,ldv,Compact,Compact,Car,automatic_exact_normalized_make_reviewed_canonical_label,reviewed,fueleconomy_gov_vehicle_data; Ontario Vehicle Population Report A historical fit-active stock,1,
mto_crosswalk,VOLK,GLI,1999,2022,Volkswagen,GLI,ldv,Compact,Compact,Car,automatic_approved_current_candidate_approved_similarity_exact_normalized,reviewed,fueleconomy_gov_vehicle_data; Ontario Vehicle Population Report A historical fit-active stock,1,
mto_crosswalk,VOLK,GLI,2023,2023,Volkswagen,GLI,ldv,Compact,Compact,Car,automatic_exact_normalized_make_reviewed_canonical_label,reviewed,fueleconomy_gov_vehicle_data; Ontario Vehicle Population Report A historical fit-active stock,1,
mto_crosswalk,VOLK,NXG,2023,2023,Volkswagen,GLI,ldv,Compact,Compact,Car,automatic_exact_normalized_make_reviewed_canonical_label,reviewed,fueleconomy_gov_vehicle_data; Ontario Vehicle Population Report A historical fit-active stock,1,
mto_crosswalk,VOLK,WXG,2022,2023,Volkswagen,GLI,ldv,Compact,Compact,Car,automatic_exact_normalized_make_reviewed_canonical_label,reviewed,fueleconomy_gov_vehicle_data; Ontario Vehicle Population Report A historical fit-active stock,1,
mto_crosswalk,VOLK,GIS,2016,2019,Volkswagen,GTI,ldv,Compact,Compact,Car,automatic_exact_normalized_make_reviewed_canonical_label,reviewed,fueleconomy_gov_vehicle_data; Ontario Vehicle Population Report A historical fit-active stock,1,
mto_crosswalk,VOLK,GST,2015,2015,Volkswagen,GTI,ldv,Compact,Compact,Car,automatic_exact_normalized_make_reviewed_canonical_label,reviewed,fueleconomy_gov_vehicle_data; Ontario Vehicle Population Report A historical fit-active stock,1,
mto_crosswalk,VOLK,GTI,1985,1987,Volkswagen,GTI,ldv,Compact,Compact,Car,automatic_configured_make_alias_exact_normalized_model,reviewed,fueleconomy_gov_vehicle_data; Ontario Vehicle Population Report A historical fit-active stock,2,
mto_crosswalk,VOLK,GTI,1990,1990,Volkswagen,GTI,ldv,Compact,Compact,Car,automatic_configured_make_alias_exact_normalized_model,reviewed,fueleconomy_gov_vehicle_data; Ontario Vehicle Population Report A historical fit-active stock,1,
mto_crosswalk,VOLK,GTI,1995,1996,Volkswagen,GTI,ldv,Compact,Compact,Car,automatic_configured_make_alias_exact_normalized_model,reviewed,fueleconomy_gov_vehicle_data | nrcan_fuel_consumption_ratings; Ontario Vehicle Population Report A historical fit-active stock,2,
mto_crosswalk,VOLK,GTI,1998,1999,Volkswagen,GTI,ldv,Compact,Compact,Car,automatic_configured_make_alias_exact_normalized_model,reviewed,fueleconomy_gov_vehicle_data | nrcan_fuel_consumption_ratings; Ontario Vehicle Population Report A historical fit-active stock,2,
mto_crosswalk,VOLK,GTI,2002,2015,Volkswagen,GTI,ldv,Compact,Compact,Car,automatic_configured_make_alias_exact_normalized_model,reviewed,fueleconomy_gov_vehicle_data | nrcan_fuel_consumption_ratings; Ontario Vehicle Population Report A historical fit-active stock,2,
mto_crosswalk,VOLK,GTI,2019,2019,Volkswagen,GTI,ldv,Compact,Compact,Car,automatic_configured_make_alias_exact_normalized_model,reviewed,fueleconomy_gov_vehicle_data; Ontario Vehicle Population Report A historical fit-active stock,1,
mto_crosswalk,VOLK,GTI,2023,2025,Volkswagen,GTI,ldv,Compact,Compact,Car,automatic_configured_make_alias_exact_normalized_model,reviewed,fueleconomy_gov_vehicle_data; Ontario Vehicle Population Report A historical fit-active stock,1,
mto_crosswalk,VOLK,NGI,1999,2005,Volkswagen,GTI,ldv,Compact,Compact,Car,automatic_exact_normalized_make_reviewed_canonical_label,reviewed,fueleconomy_gov_vehicle_data | nrcan_fuel_consumption_ratings; Ontario Vehicle Population Report A historical fit-active stock,2,
mto_crosswalk,VOLK,NTI,2006,2007,Volkswagen,GTI,ldv,Compact,Compact,Car,automatic_exact_normalized_make_reviewed_canonical_label,reviewed,fueleconomy_gov_vehicle_data | nrcan_fuel_consumption_ratings; Ontario Vehicle Population Report A historical fit-active stock,2,
mto_crosswalk,VOLK,GTI,2022,2022,Volkswagen,GTI,ldv,Mid-size,Midsize,Car,automatic_configured_make_alias_exact_normalized_model,reviewed,fueleconomy_gov_vehicle_data; Ontario Vehicle Population Report A historical fit-active stock,1,
mto_crosswalk,VOLK,GTI,2026,2026,Volkswagen,GTI,ldv,Mid-size,Midsize,Car,automatic_configured_make_alias_exact_normalized_model,reviewed,fueleconomy_gov_vehicle_data; Ontario Vehicle Population Report A historical fit-active stock,1,
mto_crosswalk,VOLK,GLF,1982,1983,Volkswagen,Golf,ldv,Compact,Compact,Car,automatic_configured_make_alias_anchored_consonant_abbreviation,reviewed,fueleconomy_gov_vehicle_data; Ontario Vehicle Population Report A historical fit-active stock,1,
mto_crosswalk,VOLK,GLF,1985,1990,Volkswagen,Golf,ldv,Compact,Compact,Car,automatic_configured_make_alias_anchored_consonant_abbreviation,reviewed,fueleconomy_gov_vehicle_data; Ontario Vehicle Population Report A historical fit-active stock,1,
mto_crosswalk,VOLK,GLF,1992,1992,Volkswagen,Golf,ldv,Compact,Compact,Car,automatic_configured_make_alias_anchored_consonant_abbreviation,reviewed,fueleconomy_gov_vehicle_data; Ontario Vehicle Population Report A historical fit-active stock,1,
mto_crosswalk,VOLK,GLF,1994,1995,Volkswagen,Golf,ldv,Compact,Compact,Car,automatic_configured_make_alias_anchored_consonant_abbreviation,reviewed,fueleconomy_gov_vehicle_data | nrcan_fuel_consumption_ratings; Ontario Vehicle Population Report A historical fit-active stock,5,
mto_crosswalk,VOLK,GLF,1997,2001,Volkswagen,Golf,ldv,Compact,Compact,Car,automatic_configured_make_alias_anchored_consonant_abbreviation,reviewed,fueleconomy_gov_vehicle_data | nrcan_fuel_consumption_ratings; Ontario Vehicle Population Report A historical fit-active stock,4,
mto_crosswalk,VOLK,GLF,2003,2005,Volkswagen,Golf,ldv,Compact,Compact,Car,automatic_configured_make_alias_anchored_consonant_abbreviation,reviewed,fueleconomy_gov_vehicle_data | nrcan_fuel_consumption_ratings; Ontario Vehicle Population Report A historical fit-active stock,3,
mto_crosswalk,VOLK,GLF,2023,2025,Volkswagen,Golf,ldv,Compact,Compact,Car,automatic_configured_make_alias_anchored_consonant_abbreviation,reviewed,fueleconomy_gov_vehicle_data | nrcan_fuel_consumption_ratings; Ontario Vehicle Population Report A historical fit-active stock,3,
mto_crosswalk,VOLK,GLF,2022,2022,Volkswagen,Golf,ldv,Mid-size,Midsize,Car,automatic_configured_make_alias_anchored_consonant_abbreviation,reviewed,fueleconomy_gov_vehicle_data | nrcan_fuel_consumption_ratings; Ontario Vehicle Population Report A historical fit-active stock,3,
mto_crosswalk,VOLK,GFR,2012,2013,Volkswagen,Golf R,ldv,Compact,Compact,Car,automatic_approved_current_candidate_approved_similarity_string_similarity,reviewed,fueleconomy_gov_vehicle_data | nrcan_fuel_consumption_ratings; Ontario Vehicle Population Report A historical fit-active stock,1,
mto_crosswalk,VOLK,GFR,2016,2017,Volkswagen,Golf R,ldv,Compact,Compact,Car,automatic_approved_current_candidate_approved_similarity_string_similarity,reviewed,fueleconomy_gov_vehicle_data | nrcan_fuel_consumption_ratings; Ontario Vehicle Population Report A historical fit-active stock,1,
mto_crosswalk,VOLK,GFR,2022,2023,Volkswagen,Golf R,ldv,Compact,Compact,Car,automatic_approved_current_candidate_approved_similarity_string_similarity,reviewed,fueleconomy_gov_vehicle_data | nrcan_fuel_consumption_ratings; Ontario Vehicle Population Report A historical fit-active stock,1,
mto_crosswalk,VOLK,GFR,2025,2025,Volkswagen,Golf R,ldv,Compact,Compact,Car,automatic_approved_current_candidate_approved_similarity_string_similarity,reviewed,fueleconomy_gov_vehicle_data | nrcan_fuel_consumption_ratings; Ontario Vehicle Population Report A historical fit-active stock,1,
mto_crosswalk,VOLK,6YE,2025,2025,Volkswagen,Jetta,ldv,Compact,Compact,Car,automatic_exact_normalized_make_reviewed_canonical_label,reviewed,fueleconomy_gov_vehicle_data | nrcan_fuel_consumption_ratings; Ontario Vehicle Population Report A historical fit-active stock,4,
mto_crosswalk,VOLK,7NE,2023,2025,Volkswagen,Jetta,ldv,Compact,Compact,Car,automatic_exact_normalized_make_reviewed_canonical_label,reviewed,fueleconomy_gov_vehicle_data | nrcan_fuel_consumption_ratings; Ontario Vehicle Population Report A historical fit-active stock,5,
mto_crosswalk,VOLK,9NE,2023,2025,Volkswagen,Jetta,ldv,Compact,Compact,Car,automatic_exact_normalized_make_reviewed_canonical_label,reviewed,fueleconomy_gov_vehicle_data | nrcan_fuel_consumption_ratings; Ontario Vehicle Population Report A historical fit-active stock,5,
mto_crosswalk,VOLK,ETK,2008,2010,Volkswagen,Jetta,ldv,Compact,Compact,Car,automatic_exact_normalized_make_reviewed_canonical_label,reviewed,fueleconomy_gov_vehicle_data | nrcan_fuel_consumption_ratings; Ontario Vehicle Population Report A historical fit-active stock,2,
mto_crosswalk,VOLK,JDS,2019,2019,Volkswagen,Jetta,ldv,Compact,Compact,Car,automatic_exact_normalized_make_reviewed_canonical_label,reviewed,fueleconomy_gov_vehicle_data | nrcan_fuel_consumption_ratings; Ontario Vehicle Population Report A historical fit-active stock,4,
mto_crosswalk,VOLK,JET,1985,1990,Volkswagen,Jetta,ldv,Compact,Compact,Car,automatic_configured_make_alias_normalized_model_prefix,reviewed,fueleconomy_gov_vehicle_data; Ontario Vehicle Population Report A historical fit-active stock,3,
mto_crosswalk,VOLK,JET,1994,1997,Volkswagen,Jetta,ldv,Compact,Compact,Car,automatic_configured_make_alias_normalized_model_prefix,reviewed,fueleconomy_gov_vehicle_data | nrcan_fuel_consumption_ratings; Ontario Vehicle Population Report A historical fit-active stock,6,
mto_crosswalk,VOLK,JET,1999,2004,Volkswagen,Jetta,ldv,Compact,Compact,Car,automatic_configured_make_alias_normalized_model_prefix,reviewed,fueleconomy_gov_vehicle_data | nrcan_fuel_consumption_ratings; Ontario Vehicle Population Report A historical fit-active stock,3,
mto_crosswalk,VOLK,JET,2006,2009,Volkswagen,Jetta,ldv,Compact,Compact,Car,automatic_configured_make_alias_normalized_model_prefix,reviewed,fueleconomy_gov_vehicle_data | nrcan_fuel_consumption_ratings; Ontario Vehicle Population Report A historical fit-active stock,2,
mto_crosswalk,VOLK,JET,2011,2012,Volkswagen,Jetta,ldv,Compact,Compact,Car,automatic_configured_make_alias_normalized_model_prefix,reviewed,fueleconomy_gov_vehicle_data | nrcan_fuel_consumption_ratings; Ontario Vehicle Population Report A historical fit-active stock,2,
mto_crosswalk,VOLK,JET,2014,2014,Volkswagen,Jetta,ldv,Compact,Compact,Car,automatic_configured_make_alias_normalized_model_prefix,reviewed,fueleconomy_gov_vehicle_data | nrcan_fuel_consumption_ratings; Ontario Vehicle Population Report A historical fit-active stock,2,
mto_crosswalk,VOLK,JET,2019,2019,Volkswagen,Jetta,ldv,Compact,Compact,Car,automatic_configured_make_alias_normalized_model_prefix,reviewed,fueleconomy_gov_vehicle_data | nrcan_fuel_consumption_ratings; Ontario Vehicle Population Report A historical fit-active stock,4,
mto_crosswalk,VOLK,JET,2023,2024,Volkswagen,Jetta,ldv,Compact,Compact,Car,automatic_configured_make_alias_normalized_model_prefix,reviewed,fueleconomy_gov_vehicle_data | nrcan_fuel_consumption_ratings; Ontario Vehicle Population Report A historical fit-active stock,5,
mto_crosswalk,VOLK,JET,2026,2026,Volkswagen,Jetta,ldv,Compact,Compact,Car,automatic_configured_make_alias_normalized_model_prefix,reviewed,fueleconomy_gov_vehicle_data | nrcan_fuel_consumption_ratings; Ontario Vehicle Population Report A historical fit-active stock,4,
mto_crosswalk,VOLK,JGL,1985,2015,Volkswagen,Jetta,ldv,Compact,Compact,Car,automatic_exact_normalized_make_reviewed_canonical_label,reviewed,fueleconomy_gov_vehicle_data | nrcan_fuel_consumption_ratings; Ontario Vehicle Population Report A historical fit-active stock,6,
mto_crosswalk,VOLK,JSE,2008,2010,Volkswagen,Jetta,ldv,Compact,Compact,Car,automatic_exact_normalized_make_reviewed_canonical_label,reviewed,fueleconomy_gov_vehicle_data | nrcan_fuel_consumption_ratings; Ontario Vehicle Population Report A historical fit-active stock,2,
mto_crosswalk,VOLK,JTG,1986,2024,Volkswagen,Jetta,ldv,Compact,Compact,Car,automatic_exact_normalized_make_reviewed_canonical_label,reviewed,fueleconomy_gov_vehicle_data | nrcan_fuel_consumption_ratings; Ontario Vehicle Population Report A historical fit-active stock,5,
mto_crosswalk,VOLK,JTS,2006,2018,Volkswagen,Jetta,ldv,Compact,Compact,Car,automatic_exact_normalized_make_reviewed_canonical_label,reviewed,fueleconomy_gov_vehicle_data | nrcan_fuel_consumption_ratings; Ontario Vehicle Population Report A historical fit-active stock,4,
mto_crosswalk,VOLK,JTT,2007,2011,Volkswagen,Jetta,ldv,Compact,Compact,Car,automatic_exact_normalized_make_reviewed_canonical_label,reviewed,fueleconomy_gov_vehicle_data | nrcan_fuel_consumption_ratings; Ontario Vehicle Population Report A historical fit-active stock,2,
mto_crosswalk,VOLK,JXG,1996,2019,Volkswagen,Jetta,ldv,Compact,Compact,Car,automatic_exact_normalized_make_reviewed_canonical_label,reviewed,fueleconomy_gov_vehicle_data | nrcan_fuel_consumption_ratings; Ontario Vehicle Population Report A historical fit-active stock,6,
mto_crosswalk,VOLK,JET,1981,1982,Volkswagen,Jetta,ldv,Subcompact,Compact,Car,automatic_configured_make_alias_normalized_model_prefix,reviewed,fueleconomy_gov_vehicle_data; Ontario Vehicle Population Report A historical fit-active stock,1,
mto_crosswalk,VOLK,JTD,1997,1998,Volkswagen,Jetta TDI,ldv,Compact,Compact,Car,automatic_configured_make_alias_anchored_consonant_abbreviation,reviewed,nrcan_fuel_consumption_ratings; Ontario Vehicle Population Report A historical fit-active stock,1,
mto_crosswalk,VOLK,JTD,2006,2006,Volkswagen,Jetta TDI,ldv,Compact,Compact,Car,automatic_configured_make_alias_anchored_consonant_abbreviation,reviewed,nrcan_fuel_consumption_ratings; Ontario Vehicle Population Report A historical fit-active stock,1,
mto_crosswalk,VOLK,JTD,2009,2012,Volkswagen,Jetta TDI,ldv,Compact,Compact,Car,automatic_configured_make_alias_anchored_consonant_abbreviation,reviewed,nrcan_fuel_consumption_ratings; Ontario Vehicle Population Report A historical fit-active stock,1,
mto_crosswalk,VOLK,PAS,2011,2011,Volkswagen,Passat,ldv,Compact,Compact,Car,automatic_configured_make_alias_normalized_model_prefix,reviewed,nrcan_fuel_consumption_ratings; Ontario Vehicle Population Report A historical fit-active stock,2,
mto_crosswalk,VOLK,GSS,2015,2018,Volkswagen,Passat,ldv,Mid-size,Midsize,Car,automatic_exact_normalized_make_reviewed_canonical_label,reviewed,fueleconomy_gov_vehicle_data | nrcan_fuel_consumption_ratings; Ontario Vehicle Population Report A historical fit-active stock,3,
mto_crosswalk,VOLK,PAS,1986,1986,Volkswagen,Passat,ldv,Mid-size,Midsize,Car,automatic_configured_make_alias_normalized_model_prefix,reviewed,fueleconomy_gov_vehicle_data; Ontario Vehicle Population Report A historical fit-active stock,1,
mto_crosswalk,VOLK,PAS,1991,1991,Volkswagen,Passat,ldv,Mid-size,Midsize,Car,automatic_configured_make_alias_normalized_model_prefix,reviewed,fueleconomy_gov_vehicle_data; Ontario Vehicle Population Report A historical fit-active stock,1,
mto_crosswalk,VOLK,PAS,1993,1993,Volkswagen,Passat,ldv,Mid-size,Midsize,Car,automatic_configured_make_alias_normalized_model_prefix,reviewed,fueleconomy_gov_vehicle_data; Ontario Vehicle Population Report A historical fit-active stock,1,
mto_crosswalk,VOLK,PAS,1996,1998,Volkswagen,Passat,ldv,Mid-size,Midsize,Car,automatic_configured_make_alias_normalized_model_prefix,reviewed,fueleconomy_gov_vehicle_data | nrcan_fuel_consumption_ratings; Ontario Vehicle Population Report A historical fit-active stock,3,
mto_crosswalk,VOLK,PAS,2000,2000,Volkswagen,Passat,ldv,Mid-size,Midsize,Car,automatic_configured_make_alias_normalized_model_prefix,reviewed,fueleconomy_gov_vehicle_data | nrcan_fuel_consumption_ratings; Ontario Vehicle Population Report A historical fit-active stock,2,
mto_crosswalk,VOLK,PAS,2002,2003,Volkswagen,Passat,ldv,Mid-size,Midsize,Car,automatic_configured_make_alias_normalized_model_prefix,reviewed,fueleconomy_gov_vehicle_data | nrcan_fuel_consumption_ratings; Ontario Vehicle Population Report A historical fit-active stock,4,
mto_crosswalk,VOLK,PAS,2005,2010,Volkswagen,Passat,ldv,Mid-size,Midsize,Car,automatic_configured_make_alias_normalized_model_prefix,reviewed,fueleconomy_gov_vehicle_data | nrcan_fuel_consumption_ratings; Ontario Vehicle Population Report A historical fit-active stock,4,
mto_crosswalk,VOLK,PAS,2015,2015,Volkswagen,Passat,ldv,Mid-size,Midsize,Car,automatic_configured_make_alias_normalized_model_prefix,reviewed,fueleconomy_gov_vehicle_data | nrcan_fuel_consumption_ratings; Ontario Vehicle Population Report A historical fit-active stock,3,
mto_crosswalk,VOLK,PAS,2017,2021,Volkswagen,Passat,ldv,Mid-size,Midsize,Car,automatic_configured_make_alias_normalized_model_prefix,reviewed,fueleconomy_gov_vehicle_data | nrcan_fuel_consumption_ratings; Ontario Vehicle Population Report A historical fit-active stock,2,
mto_crosswalk,VOLK,PGS,1998,2005,Volkswagen,Passat,ldv,Mid-size,Midsize,Car,automatic_exact_normalized_make_reviewed_canonical_label,reviewed,fueleconomy_gov_vehicle_data | nrcan_fuel_consumption_ratings; Ontario Vehicle Population Report A historical fit-active stock,4,
mto_crosswalk,VOLK,PKM,2008,2025,Volkswagen,Passat,ldv,Mid-size,Midsize,Car,automatic_exact_normalized_make_reviewed_canonical_label,reviewed,fueleconomy_gov_vehicle_data | nrcan_fuel_consumption_ratings; Ontario Vehicle Population Report A historical fit-active stock,4,
mto_crosswalk,VOLK,PSP,2016,2021,Volkswagen,Passat,ldv,Mid-size,Midsize,Car,automatic_exact_normalized_make_reviewed_canonical_label,reviewed,fueleconomy_gov_vehicle_data | nrcan_fuel_consumption_ratings; Ontario Vehicle Population Report A historical fit-active stock,2,
mto_crosswalk,VOLK,PST,2005,2006,Volkswagen,Passat,ldv,Mid-size,Midsize,Car,automatic_exact_normalized_make_reviewed_canonical_label,reviewed,fueleconomy_gov_vehicle_data | nrcan_fuel_consumption_ratings; Ontario Vehicle Population Report A historical fit-active stock,4,
mto_crosswalk,VOLK,GLS,1981,2024,Volkswagen,Passat GLS,ldv,Mid-size,Midsize,Car,automatic_approved_current_candidate_approved_similarity_normalized_substring,reviewed,nrcan_fuel_consumption_ratings; Ontario Vehicle Population Report A historical fit-active stock,1,
mto_crosswalk,VOLK,PSR,2016,2017,Volkswagen,Passat Syncro,ldv,Mid-size,Midsize,Car,automatic_configured_make_alias_anchored_consonant_abbreviation,reviewed,fueleconomy_gov_vehicle_data | nrcan_fuel_consumption_ratings; Ontario Vehicle Population Report A historical fit-active stock,2,
mto_crosswalk,VOLK,25L,2007,2009,Volkswagen,R32,ldv,Compact,Compact,Car,automatic_exact_normalized_make_reviewed_canonical_label,reviewed,fueleconomy_gov_vehicle_data; Ontario Vehicle Population Report A historical fit-active stock,1,
mto_crosswalk,VOLK,E32,2007,2025,Volkswagen,R32,ldv,Compact,Compact,Car,automatic_exact_normalized_make_reviewed_canonical_label,reviewed,fueleconomy_gov_vehicle_data; Ontario Vehicle Population Report A historical fit-active stock,1,
mto_crosswalk,VOLK,RAB,2006,2009,Volkswagen,Rabbit,ldv,Compact,Compact,Car,automatic_configured_make_alias_normalized_model_prefix,reviewed,fueleconomy_gov_vehicle_data | nrcan_fuel_consumption_ratings; Ontario Vehicle Population Report A historical fit-active stock,2,
mto_crosswalk,VOLK,RAB,1981,1983,Volkswagen,Rabbit,ldv,Subcompact,Compact,Car,automatic_configured_make_alias_normalized_model_prefix,reviewed,fueleconomy_gov_vehicle_data; Ontario Vehicle Population Report A historical fit-active stock,1,
mto_crosswalk,VOLK,ROT,2009,2012,Volkswagen,Routan,ldv,Minivan,Midsize SUV,Light Truck,automatic_exact_normalized_make_reviewed_canonical_label,reviewed,fueleconomy_gov_vehicle_data | nrcan_fuel_consumption_ratings; Ontario Vehicle Population Report A historical fit-active stock,2,
mto_crosswalk,VOLK,TAO,2022,2026,Volkswagen,Taos,ldv,Sport utility vehicle: Small,Small SUV,Light Truck,automatic_approved_current_candidate_approved_similarity_normalized_prefix,reviewed,fueleconomy_gov_vehicle_data | nrcan_fuel_consumption_ratings; Ontario Vehicle Population Report A historical fit-active stock,1,
mto_crosswalk,VOLK,TIG,2009,2026,Volkswagen,Tiguan,ldv,Sport utility vehicle: Small,Small SUV,Light Truck,automatic_approved_current_candidate_approved_similarity_normalized_prefix,reviewed,fueleconomy_gov_vehicle_data | nrcan_fuel_consumption_ratings; Ontario Vehicle Population Report A historical fit-active stock,1,
mto_crosswalk,VOLK,BRG,2025,2025,Volkswagen,Touareg,ldv,Sport utility vehicle: Standard,Midsize SUV,Light Truck,automatic_exact_normalized_make_reviewed_canonical_label,reviewed,fueleconomy_gov_vehicle_data | nrcan_fuel_consumption_ratings; Ontario Vehicle Population Report A historical fit-active stock,2,
mto_crosswalk,VOLK,BTO,2012,2015,Volkswagen,Touareg,ldv,Sport utility vehicle: Standard,Midsize SUV,Light Truck,automatic_exact_normalized_make_reviewed_canonical_label,reviewed,fueleconomy_gov_vehicle_data | nrcan_fuel_consumption_ratings; Ontario Vehicle Population Report A historical fit-active stock,4,
mto_crosswalk,VOLK,CTO,2010,2016,Volkswagen,Touareg,ldv,Sport utility vehicle: Standard,Midsize SUV,Light Truck,automatic_exact_normalized_make_reviewed_canonical_label,reviewed,fueleconomy_gov_vehicle_data | nrcan_fuel_consumption_ratings; Ontario Vehicle Population Report A historical fit-active stock,4,
mto_crosswalk,VOLK,JRG,2023,2025,Volkswagen,Touareg,ldv,Sport utility vehicle: Standard,Midsize SUV,Light Truck,automatic_exact_normalized_make_reviewed_canonical_label,reviewed,fueleconomy_gov_vehicle_data | nrcan_fuel_consumption_ratings; Ontario Vehicle Population Report A historical fit-active stock,2,
mto_crosswalk,VOLK,RFG,2017,2017,Volkswagen,Touareg,ldv,Sport utility vehicle: Standard,Midsize SUV,Light Truck,automatic_exact_normalized_make_reviewed_canonical_label,reviewed,fueleconomy_gov_vehicle_data | nrcan_fuel_consumption_ratings; Ontario Vehicle Population Report A historical fit-active stock,2,
mto_crosswalk,VOLK,TOU,2004,2008,Volkswagen,Touareg,ldv,Sport utility vehicle: Standard,Midsize SUV,Light Truck,automatic_approved_current_candidate_approved_similarity_normalized_prefix,reviewed,fueleconomy_gov_vehicle_data | nrcan_fuel_consumption_ratings; Ontario Vehicle Population Report A historical fit-active stock,1,
mto_crosswalk,VOLK,TOU,2010,2017,Volkswagen,Touareg,ldv,Sport utility vehicle: Standard,Midsize SUV,Light Truck,automatic_approved_current_candidate_approved_similarity_normalized_prefix,reviewed,fueleconomy_gov_vehicle_data | nrcan_fuel_consumption_ratings; Ontario Vehicle Population Report A historical fit-active stock,1,
mto_crosswalk,VOLK,TOU,2022,2022,Volkswagen,Touareg,ldv,Sport utility vehicle: Standard,Midsize SUV,Light Truck,automatic_approved_current_candidate_approved_similarity_normalized_prefix,reviewed,fueleconomy_gov_vehicle_data | nrcan_fuel_consumption_ratings; Ontario Vehicle Population Report A historical fit-active stock,1,
mto_crosswalk,VOLK,TRG,2009,2009,Volkswagen,Touareg,ldv,Sport utility vehicle: Standard,Midsize SUV,Light Truck,automatic_configured_make_alias_anchored_consonant_abbreviation,reviewed,fueleconomy_gov_vehicle_data | nrcan_fuel_consumption_ratings; Ontario Vehicle Population Report A historical fit-active stock,4,
mto_crosswalk,VOLK,VNC,1982,1991,Volkswagen,Vanagon,ldv,Van: Passenger,Pickup,Light Truck,automatic_exact_normalized_make_reviewed_canonical_label,reviewed,fueleconomy_gov_vehicle_data; Ontario Vehicle Population Report A historical fit-active stock,1,
mto_crosswalk,VOLV,74G,1985,1988,Volvo,740 760 Wagon,ldv,Station wagon: Mid-size,Midsize,Car,automatic_exact_normalized_make_reviewed_canonical_label,reviewed,fueleconomy_gov_vehicle_data; Ontario Vehicle Population Report A historical fit-active stock,1,
mto_crosswalk,VOLV,74G,1989,1989,Volvo,740 Wagon,ldv,Station wagon: Mid-size,Midsize,Car,automatic_exact_normalized_make_reviewed_canonical_label,reviewed,fueleconomy_gov_vehicle_data; Ontario Vehicle Population Report A historical fit-active stock,1,
mto_crosswalk,VOLV,850,1993,1997,Volvo,850,ldv,Mid-size,Midsize,Car,automatic_exact_normalized_make_reviewed_canonical_label,reviewed,fueleconomy_gov_vehicle_data | nrcan_fuel_consumption_ratings; Ontario Vehicle Population Report A historical fit-active stock,4,
mto_crosswalk,VOLV,940,1991,1995,Volvo,940,ldv,Mid-size,Midsize,Car,automatic_exact_normalized_make_reviewed_canonical_label,reviewed,fueleconomy_gov_vehicle_data | nrcan_fuel_consumption_ratings; Ontario Vehicle Population Report A historical fit-active stock,3,
mto_crosswalk,VOLV,960,1995,1997,Volvo,960,ldv,Compact,Compact,Car,automatic_exact_normalized_make_reviewed_canonical_label,reviewed,fueleconomy_gov_vehicle_data | nrcan_fuel_consumption_ratings; Ontario Vehicle Population Report A historical fit-active stock,2,
mto_crosswalk,VOLV,960,1992,1994,Volvo,960,ldv,Mid-size,Midsize,Car,automatic_exact_normalized_make_reviewed_canonical_label,reviewed,fueleconomy_gov_vehicle_data; Ontario Vehicle Population Report A historical fit-active stock,1,
mto_crosswalk,VOLV,S3F,2007,2014,Volvo,C30,ldv,Compact,Compact,Car,automatic_exact_normalized_make_reviewed_canonical_label,reviewed,fueleconomy_gov_vehicle_data | nrcan_fuel_consumption_ratings; Ontario Vehicle Population Report A historical fit-active stock,3,
mto_crosswalk,VOLV,C24,2007,2007,Volvo,C70,ldv,Subcompact,Compact,Car,automatic_exact_normalized_make_reviewed_canonical_label,reviewed,fueleconomy_gov_vehicle_data | nrcan_fuel_consumption_ratings; Ontario Vehicle Population Report A historical fit-active stock,2,
mto_crosswalk,VOLV,C24,2010,2010,Volvo,C70,ldv,Subcompact,Compact,Car,automatic_exact_normalized_make_reviewed_canonical_label,reviewed,fueleconomy_gov_vehicle_data | nrcan_fuel_consumption_ratings; Ontario Vehicle Population Report A historical fit-active stock,2,
mto_crosswalk,VOLV,C7T,1998,2001,Volvo,C70 Convertible,ldv,Subcompact,Compact,Car,automatic_exact_normalized_make_reviewed_canonical_label,reviewed,fueleconomy_gov_vehicle_data | nrcan_fuel_consumption_ratings; Ontario Vehicle Population Report A historical fit-active stock,2,
mto_crosswalk,VOLV,C24,2008,2009,Volvo,C70 T5,ldv,Compact,Compact,Car,automatic_exact_normalized_make_reviewed_canonical_label,reviewed,nrcan_fuel_consumption_ratings; Ontario Vehicle Population Report A historical fit-active stock,1,
mto_crosswalk,VOLV,30T,2008,2013,Volvo,EX30 Twin,ldv,Sport utility vehicle: Small,Small SUV,Light Truck,automatic_approved_current_candidate_approved_similarity_normalized_substring,reviewed,fueleconomy_gov_vehicle_data | nrcan_fuel_consumption_ratings; Ontario Vehicle Population Report A historical fit-active stock,1,
mto_crosswalk,VOLV,S40,1999,2005,Volvo,S40,ldv,Compact,Compact,Car,automatic_exact_normalized_make_reviewed_canonical_label,reviewed,fueleconomy_gov_vehicle_data | nrcan_fuel_consumption_ratings; Ontario Vehicle Population Report A historical fit-active stock,5,
mto_crosswalk,VOLV,S42,2004,2010,Volvo,S40,ldv,Compact,Compact,Car,automatic_exact_normalized_make_reviewed_canonical_label,reviewed,fueleconomy_gov_vehicle_data | nrcan_fuel_consumption_ratings; Ontario Vehicle Population Report A historical fit-active stock,5,
mto_crosswalk,VOLV,S45,2004,2011,Volvo,S40,ldv,Compact,Compact,Car,automatic_exact_normalized_make_reviewed_canonical_label,reviewed,fueleconomy_gov_vehicle_data | nrcan_fuel_consumption_ratings; Ontario Vehicle Population Report A historical fit-active stock,5,
mto_crosswalk,VOLV,66A,2011,2014,Volvo,S60,ldv,Compact,Compact,Car,automatic_exact_normalized_make_reviewed_canonical_label,reviewed,fueleconomy_gov_vehicle_data | nrcan_fuel_consumption_ratings; Ontario Vehicle Population Report A historical fit-active stock,4,
mto_crosswalk,VOLV,S60,2001,2005,Volvo,S60,ldv,Compact,Compact,Car,automatic_approved_current_candidate_approved_similarity_exact_normalized,reviewed,fueleconomy_gov_vehicle_data | nrcan_fuel_consumption_ratings; Ontario Vehicle Population Report A historical fit-active stock,1,
mto_crosswalk,VOLV,S60,2011,2013,Volvo,S60,ldv,Compact,Compact,Car,automatic_approved_current_candidate_approved_similarity_exact_normalized,reviewed,fueleconomy_gov_vehicle_data | nrcan_fuel_consumption_ratings; Ontario Vehicle Population Report A historical fit-active stock,1,
mto_crosswalk,VOLV,S60,2015,2025,Volvo,S60,ldv,Compact,Compact,Car,automatic_approved_current_candidate_approved_similarity_exact_normalized,reviewed,fueleconomy_gov_vehicle_data | nrcan_fuel_consumption_ratings; Ontario Vehicle Population Report A historical fit-active stock,1,
mto_crosswalk,VOLV,S6A,2002,2009,Volvo,S60,ldv,Compact,Compact,Car,automatic_exact_normalized_make_reviewed_canonical_label,reviewed,fueleconomy_gov_vehicle_data | nrcan_fuel_consumption_ratings; Ontario Vehicle Population Report A historical fit-active stock,8,
mto_crosswalk,VOLV,S6E,2015,2018,Volvo,S60,ldv,Compact,Compact,Car,automatic_exact_normalized_make_reviewed_canonical_label,reviewed,fueleconomy_gov_vehicle_data | nrcan_fuel_consumption_ratings; Ontario Vehicle Population Report A historical fit-active stock,15,
mto_crosswalk,VOLV,S6F,2004,2009,Volvo,S60,ldv,Compact,Compact,Car,automatic_exact_normalized_make_reviewed_canonical_label,reviewed,fueleconomy_gov_vehicle_data | nrcan_fuel_consumption_ratings; Ontario Vehicle Population Report A historical fit-active stock,8,
mto_crosswalk,VOLV,S6S,2015,2018,Volvo,S60,ldv,Compact,Compact,Car,automatic_exact_normalized_make_reviewed_canonical_label,reviewed,fueleconomy_gov_vehicle_data | nrcan_fuel_consumption_ratings; Ontario Vehicle Population Report A historical fit-active stock,15,
mto_crosswalk,VOLV,S70,1997,2006,Volvo,S70,ldv,Mid-size,Midsize,Car,automatic_approved_current_candidate_approved_similarity_exact_normalized,reviewed,fueleconomy_gov_vehicle_data | nrcan_fuel_consumption_ratings; Ontario Vehicle Population Report A historical fit-active stock,1,
mto_crosswalk,VOLV,S80,1999,2010,Volvo,S80,ldv,Mid-size,Midsize,Car,automatic_exact_normalized_make_reviewed_canonical_label,reviewed,fueleconomy_gov_vehicle_data | nrcan_fuel_consumption_ratings; Ontario Vehicle Population Report A historical fit-active stock,6,
mto_crosswalk,VOLV,S90,1998,2017,Volvo,S90,ldv,Compact,Compact,Car,automatic_exact_normalized_make_reviewed_canonical_label,reviewed,fueleconomy_gov_vehicle_data | nrcan_fuel_consumption_ratings; Ontario Vehicle Population Report A historical fit-active stock,2,
mto_crosswalk,VOLV,S90,2018,2025,Volvo,S90,ldv,Mid-size,Midsize,Car,automatic_exact_normalized_make_reviewed_canonical_label,reviewed,fueleconomy_gov_vehicle_data | nrcan_fuel_consumption_ratings; Ontario Vehicle Population Report A historical fit-active stock,6,
mto_crosswalk,VOLV,V54,2005,2010,Volvo,V50,ldv,Station wagon: Small,Midsize,Car,automatic_exact_normalized_make_reviewed_canonical_label,reviewed,fueleconomy_gov_vehicle_data | nrcan_fuel_consumption_ratings; Ontario Vehicle Population Report A historical fit-active stock,5,
mto_crosswalk,VOLV,6VP,2018,2018,Volvo,V60,ldv,Station wagon: Small,Midsize,Car,automatic_exact_normalized_make_reviewed_canonical_label,reviewed,fueleconomy_gov_vehicle_data | nrcan_fuel_consumption_ratings; Ontario Vehicle Population Report A historical fit-active stock,8,
mto_crosswalk,VOLV,H6L,2022,2023,Volvo,V60,ldv,Station wagon: Small,Midsize,Car,automatic_exact_normalized_make_reviewed_canonical_label,reviewed,fueleconomy_gov_vehicle_data | nrcan_fuel_consumption_ratings; Ontario Vehicle Population Report A historical fit-active stock,6,
mto_crosswalk,VOLV,V32,2020,2020,Volvo,V60,ldv,Station wagon: Small,Midsize,Car,automatic_exact_normalized_make_reviewed_canonical_label,reviewed,fueleconomy_gov_vehicle_data | nrcan_fuel_consumption_ratings; Ontario Vehicle Population Report A historical fit-active stock,7,
mto_crosswalk,VOLV,V60,2015,2026,Volvo,V60,ldv,Station wagon: Small,Midsize,Car,automatic_approved_current_candidate_approved_similarity_exact_normalized,reviewed,fueleconomy_gov_vehicle_data | nrcan_fuel_consumption_ratings; Ontario Vehicle Population Report A historical fit-active stock,1,
mto_crosswalk,VOLV,V6P,2016,2017,Volvo,V60,ldv,Station wagon: Small,Midsize,Car,automatic_exact_normalized_make_reviewed_canonical_label,reviewed,fueleconomy_gov_vehicle_data | nrcan_fuel_consumption_ratings; Ontario Vehicle Population Report A historical fit-active stock,10,
mto_crosswalk,VOLV,VPL,2016,2020,Volvo,V60,ldv,Station wagon: Small,Midsize,Car,automatic_exact_normalized_make_reviewed_canonical_label,reviewed,fueleconomy_gov_vehicle_data | nrcan_fuel_consumption_ratings; Ontario Vehicle Population Report A historical fit-active stock,10,
mto_crosswalk,VOLV,CT5,2006,2013,Volvo,V60CC T5,ldv,Station wagon: Small,Midsize,Car,automatic_approved_current_candidate_approved_similarity_normalized_substring,reviewed,fueleconomy_gov_vehicle_data; Ontario Vehicle Population Report A historical fit-active stock,1,
mto_crosswalk,VOLV,V70,1998,2016,Volvo,V70,ldv,Station wagon: Mid-size,Midsize,Car,automatic_approved_current_candidate_approved_similarity_exact_normalized,reviewed,fueleconomy_gov_vehicle_data | nrcan_fuel_consumption_ratings; Ontario Vehicle Population Report A historical fit-active stock,1,
mto_crosswalk,VOLV,VXC,1998,2005,Volvo,V70,ldv,Station wagon: Mid-size,Midsize,Car,automatic_exact_normalized_make_reviewed_canonical_label,reviewed,fueleconomy_gov_vehicle_data | nrcan_fuel_consumption_ratings; Ontario Vehicle Population Report A historical fit-active stock,8,
mto_crosswalk,VOLV,V90,1998,2026,Volvo,V90,ldv,Station wagon: Mid-size,Midsize,Car,automatic_exact_normalized_make_reviewed_canonical_label,reviewed,fueleconomy_gov_vehicle_data | nrcan_fuel_consumption_ratings; Ontario Vehicle Population Report A historical fit-active stock,6,
mto_crosswalk,VOLV,XC4,2019,2026,Volvo,XC40,ldv,Sport utility vehicle: Small,Small SUV,Light Truck,automatic_approved_current_candidate_approved_similarity_normalized_prefix,reviewed,fueleconomy_gov_vehicle_data | nrcan_fuel_consumption_ratings; Ontario Vehicle Population Report A historical fit-active stock,1,
mto_crosswalk,VOLV,XC6,2000,2000,Volvo,XC60,ldv,Sport utility vehicle: Small,Small SUV,Light Truck,automatic_approved_current_candidate_approved_similarity_normalized_prefix,reviewed,fueleconomy_gov_vehicle_data | nrcan_fuel_consumption_ratings; Ontario Vehicle Population Report A historical fit-active stock,1,
mto_crosswalk,VOLV,XC6,2009,2026,Volvo,XC60,ldv,Sport utility vehicle: Small,Small SUV,Light Truck,automatic_approved_current_candidate_approved_similarity_normalized_prefix,reviewed,fueleconomy_gov_vehicle_data | nrcan_fuel_consumption_ratings; Ontario Vehicle Population Report A historical fit-active stock,1,
mto_crosswalk,VOLV,XC7,2004,2004,Volvo,XC70,ldv,Sport utility vehicle: Small,Small SUV,Light Truck,automatic_approved_current_candidate_approved_similarity_normalized_prefix,reviewed,fueleconomy_gov_vehicle_data | nrcan_fuel_consumption_ratings; Ontario Vehicle Population Report A historical fit-active stock,1,
mto_crosswalk,VOLV,XC7,2006,2018,Volvo,XC70,ldv,Sport utility vehicle: Small,Small SUV,Light Truck,automatic_approved_current_candidate_approved_similarity_normalized_prefix,reviewed,fueleconomy_gov_vehicle_data | nrcan_fuel_consumption_ratings; Ontario Vehicle Population Report A historical fit-active stock,1,
mto_crosswalk,VOLV,A2G,2018,2020,Volvo,XC90,ldv,Sport utility vehicle: Standard,Midsize SUV,Light Truck,automatic_exact_normalized_make_reviewed_canonical_label,reviewed,fueleconomy_gov_vehicle_data | nrcan_fuel_consumption_ratings; Ontario Vehicle Population Report A historical fit-active stock,6,
mto_crosswalk,VOLV,BCD,2025,2026,Volvo,XC90,ldv,Sport utility vehicle: Standard,Midsize SUV,Light Truck,automatic_exact_normalized_make_reviewed_canonical_label,reviewed,fueleconomy_gov_vehicle_data | nrcan_fuel_consumption_ratings; Ontario Vehicle Population Report A historical fit-active stock,5,
mto_crosswalk,VOLV,EDE,2021,2023,Volvo,XC90,ldv,Sport utility vehicle: Standard,Midsize SUV,Light Truck,automatic_exact_normalized_make_reviewed_canonical_label,reviewed,fueleconomy_gov_vehicle_data | nrcan_fuel_consumption_ratings; Ontario Vehicle Population Report A historical fit-active stock,9,
mto_crosswalk,VOLV,L1G,2022,2023,Volvo,XC90,ldv,Sport utility vehicle: Standard,Midsize SUV,Light Truck,automatic_exact_normalized_make_reviewed_canonical_label,reviewed,fueleconomy_gov_vehicle_data | nrcan_fuel_consumption_ratings; Ontario Vehicle Population Report A historical fit-active stock,9,
mto_crosswalk,VOLV,M1G,2025,2025,Volvo,XC90,ldv,Sport utility vehicle: Standard,Midsize SUV,Light Truck,automatic_exact_normalized_make_reviewed_canonical_label,reviewed,fueleconomy_gov_vehicle_data | nrcan_fuel_consumption_ratings; Ontario Vehicle Population Report A historical fit-active stock,5,
mto_crosswalk,VOLV,XC9,2003,2014,Volvo,XC90,ldv,Sport utility vehicle: Standard,Midsize SUV,Light Truck,automatic_approved_current_candidate_approved_similarity_normalized_prefix,reviewed,fueleconomy_gov_vehicle_data | nrcan_fuel_consumption_ratings; Ontario Vehicle Population Report A historical fit-active stock,1,
mto_crosswalk,VOLV,XC9,2016,2026,Volvo,XC90,ldv,Sport utility vehicle: Standard,Midsize SUV,Light Truck,automatic_approved_current_candidate_approved_similarity_normalized_prefix,reviewed,fueleconomy_gov_vehicle_data | nrcan_fuel_consumption_ratings; Ontario Vehicle Population Report A historical fit-active stock,1,
mto_crosswalk,WRKH,MPG,2001,2011,Workhorse,P42,non_ldv_unclassified,,,,automatic_reviewed_manual_make_reviewed_two_pass_agreement,reviewed,reviewed_mto_make_model_evidence; Ontario Vehicle Population Report A historical fit-active stock,0,Public evidence supports the family but not an LDV class hierarchy.
mto_crosswalk,SMRT,SME,2013,2017,smart,fortwo,ldv,Two-seater,Midsize,Car,automatic_exact_normalized_make_reviewed_canonical_label,reviewed,fueleconomy_gov_vehicle_data | nrcan_fuel_consumption_ratings; Ontario Vehicle Population Report A historical fit-active stock,8,
mto_crosswalk,SMRT,SMR,2005,2005,smart,fortwo,ldv,Two-seater,Midsize,Car,automatic_exact_normalized_make_reviewed_canonical_label,reviewed,nrcan_fuel_consumption_ratings; Ontario Vehicle Population Report A historical fit-active stock,1,
mto_crosswalk,SMRT,SMR,2016,2018,smart,fortwo,ldv,Two-seater,Midsize,Car,automatic_exact_normalized_make_reviewed_canonical_label,reviewed,fueleconomy_gov_vehicle_data | nrcan_fuel_consumption_ratings; Ontario Vehicle Population Report A historical fit-active stock,7,
mto_crosswalk,SMRT,SMR,2019,2019,smart EQ,fortwo,ldv,Two-seater,Midsize,Car,automatic_normalized_make_prefix_reviewed_canonical_label,reviewed,nrcan_fuel_consumption_ratings; Ontario Vehicle Population Report A historical fit-active stock,2,
