region,tech,vintage,cost,units,notes,data_source,dq_cred,dq_geog,dq_struc,dq_tech,dq_time,data_id
AB,T_HDV_AJF_JFL_N,2025,6132.623678803439,$M 2020CAD / bn tonne-km,CIMS aircraft CAPEX normalized by FAA All Aircraft annual service output; Mid; CER Current Measures,T15,5,5,5,5,5,transport-cost-invest-freight-air-e97ac762:composite:1:bd087d6387d7310e
AB,T_HDV_AJF_JFL_N,2030,6132.623678803439,$M 2020CAD / bn tonne-km,CIMS aircraft CAPEX normalized by FAA All Aircraft annual service output; Mid; CER Current Measures,T15,5,5,5,5,5,transport-cost-invest-freight-air-e97ac762:composite:1:bd087d6387d7310e
AB,T_HDV_AJF_JFL_N,2035,6132.623678803439,$M 2020CAD / bn tonne-km,CIMS aircraft CAPEX normalized by FAA All Aircraft annual service output; Mid; CER Current Measures,T15,5,5,5,5,5,transport-cost-invest-freight-air-e97ac762:composite:1:bd087d6387d7310e
AB,T_HDV_AJF_JFL_N,2040,6132.623678803439,$M 2020CAD / bn tonne-km,CIMS aircraft CAPEX normalized by FAA All Aircraft annual service output; Mid; CER Current Measures,T15,5,5,5,5,5,transport-cost-invest-freight-air-e97ac762:composite:1:bd087d6387d7310e
AB,T_HDV_AJF_JFL_N,2045,6132.623678803439,$M 2020CAD / bn tonne-km,CIMS aircraft CAPEX normalized by FAA All Aircraft annual service output; Mid; CER Current Measures,T15,5,5,5,5,5,transport-cost-invest-freight-air-e97ac762:composite:1:bd087d6387d7310e
AB,T_HDV_AJF_SPK_N,2025,6132.623678803439,$M 2020CAD / bn tonne-km,CIMS aircraft CAPEX normalized by FAA All Aircraft annual service output; Mid; CER Current Measures,T15,5,5,5,5,5,transport-cost-invest-freight-air-e97ac762:composite:1:bd087d6387d7310e
AB,T_HDV_AJF_SPK_N,2030,6132.623678803439,$M 2020CAD / bn tonne-km,CIMS aircraft CAPEX normalized by FAA All Aircraft annual service output; Mid; CER Current Measures,T15,5,5,5,5,5,transport-cost-invest-freight-air-e97ac762:composite:1:bd087d6387d7310e
AB,T_HDV_AJF_SPK_N,2035,6132.623678803439,$M 2020CAD / bn tonne-km,CIMS aircraft CAPEX normalized by FAA All Aircraft annual service output; Mid; CER Current Measures,T15,5,5,5,5,5,transport-cost-invest-freight-air-e97ac762:composite:1:bd087d6387d7310e
AB,T_HDV_AJF_SPK_N,2040,6132.623678803439,$M 2020CAD / bn tonne-km,CIMS aircraft CAPEX normalized by FAA All Aircraft annual service output; Mid; CER Current Measures,T15,5,5,5,5,5,transport-cost-invest-freight-air-e97ac762:composite:1:bd087d6387d7310e
AB,T_HDV_AJF_SPK_N,2045,6132.623678803439,$M 2020CAD / bn tonne-km,CIMS aircraft CAPEX normalized by FAA All Aircraft annual service output; Mid; CER Current Measures,T15,5,5,5,5,5,transport-cost-invest-freight-air-e97ac762:composite:1:bd087d6387d7310e
AB,T_HDV_AJP_JFL_N,2025,1032.1218289023984,$M 2020CAD / bn passenger-km,CIMS aircraft CAPEX normalized by FAA All Aircraft annual service output; Mid; CER Current Measures,T15,5,5,5,5,5,transport-cost-invest-passenger-air-e97ac762:composite:1:ca4132bec8ddc7b3
AB,T_HDV_AJP_JFL_N,2030,1032.1218289023984,$M 2020CAD / bn passenger-km,CIMS aircraft CAPEX normalized by FAA All Aircraft annual service output; Mid; CER Current Measures,T15,5,5,5,5,5,transport-cost-invest-passenger-air-e97ac762:composite:1:ca4132bec8ddc7b3
AB,T_HDV_AJP_JFL_N,2035,1032.1218289023984,$M 2020CAD / bn passenger-km,CIMS aircraft CAPEX normalized by FAA All Aircraft annual service output; Mid; CER Current Measures,T15,5,5,5,5,5,transport-cost-invest-passenger-air-e97ac762:composite:1:ca4132bec8ddc7b3
AB,T_HDV_AJP_JFL_N,2040,1032.1218289023984,$M 2020CAD / bn passenger-km,CIMS aircraft CAPEX normalized by FAA All Aircraft annual service output; Mid; CER Current Measures,T15,5,5,5,5,5,transport-cost-invest-passenger-air-e97ac762:composite:1:ca4132bec8ddc7b3
AB,T_HDV_AJP_JFL_N,2045,1032.1218289023984,$M 2020CAD / bn passenger-km,CIMS aircraft CAPEX normalized by FAA All Aircraft annual service output; Mid; CER Current Measures,T15,5,5,5,5,5,transport-cost-invest-passenger-air-e97ac762:composite:1:ca4132bec8ddc7b3
AB,T_HDV_AJP_SPK_N,2025,1032.1218289023984,$M 2020CAD / bn passenger-km,CIMS aircraft CAPEX normalized by FAA All Aircraft annual service output; Mid; CER Current Measures,T15,5,5,5,5,5,transport-cost-invest-passenger-air-e97ac762:composite:1:ca4132bec8ddc7b3
AB,T_HDV_AJP_SPK_N,2030,1032.1218289023984,$M 2020CAD / bn passenger-km,CIMS aircraft CAPEX normalized by FAA All Aircraft annual service output; Mid; CER Current Measures,T15,5,5,5,5,5,transport-cost-invest-passenger-air-e97ac762:composite:1:ca4132bec8ddc7b3
AB,T_HDV_AJP_SPK_N,2035,1032.1218289023984,$M 2020CAD / bn passenger-km,CIMS aircraft CAPEX normalized by FAA All Aircraft annual service output; Mid; CER Current Measures,T15,5,5,5,5,5,transport-cost-invest-passenger-air-e97ac762:composite:1:ca4132bec8ddc7b3
AB,T_HDV_AJP_SPK_N,2040,1032.1218289023984,$M 2020CAD / bn passenger-km,CIMS aircraft CAPEX normalized by FAA All Aircraft annual service output; Mid; CER Current Measures,T15,5,5,5,5,5,transport-cost-invest-passenger-air-e97ac762:composite:1:ca4132bec8ddc7b3
AB,T_HDV_AJP_SPK_N,2045,1032.1218289023984,$M 2020CAD / bn passenger-km,CIMS aircraft CAPEX normalized by FAA All Aircraft annual service output; Mid; CER Current Measures,T15,5,5,5,5,5,transport-cost-invest-passenger-air-e97ac762:composite:1:ca4132bec8ddc7b3
AB,T_HDV_BIC_BEV_N,2025,724.9291694090558,$M 2020CAD / k vehicles,REGEN intercity purchase price; Mid; CER Current Measures,T12,5,5,5,5,5,transport-cost-invest-inter-city-buses-8fe13d81:composite:1:a4215f62e54efd1d
AB,T_HDV_BIC_BEV_N,2030,687.3711076208749,$M 2020CAD / k vehicles,REGEN intercity purchase price; Mid; CER Current Measures,T12,5,5,5,5,5,transport-cost-invest-inter-city-buses-8fe13d81:composite:1:a4215f62e54efd1d
AB,T_HDV_BIC_BEV_N,2035,649.8130458326937,$M 2020CAD / k vehicles,REGEN intercity purchase price; Mid; CER Current Measures,T12,5,5,5,5,5,transport-cost-invest-inter-city-buses-8fe13d81:composite:1:a4215f62e54efd1d
AB,T_HDV_BIC_BEV_N,2040,637.7195688948578,$M 2020CAD / k vehicles,REGEN intercity purchase price; Mid; CER Current Measures,T12,5,5,5,5,5,transport-cost-invest-inter-city-buses-8fe13d81:composite:1:a4215f62e54efd1d
AB,T_HDV_BIC_BEV_N,2045,625.6260919570221,$M 2020CAD / k vehicles,REGEN intercity purchase price; Mid; CER Current Measures,T12,5,5,5,5,5,transport-cost-invest-inter-city-buses-8fe13d81:composite:1:a4215f62e54efd1d
AB,T_HDV_BIC_DSL_HEV_N,2025,625.0231638861476,$M 2020CAD / k vehicles,REGEN intercity purchase price; Mid; CER Current Measures,T12,5,5,5,5,5,transport-cost-invest-inter-city-buses-0a292860:composite:1:bb531e37aa681bea
AB,T_HDV_BIC_DSL_HEV_N,2030,631.1135387568029,$M 2020CAD / k vehicles,REGEN intercity purchase price; Mid; CER Current Measures,T12,5,5,5,5,5,transport-cost-invest-inter-city-buses-0a292860:composite:1:bb531e37aa681bea
AB,T_HDV_BIC_DSL_HEV_N,2035,639.1593250453943,$M 2020CAD / k vehicles,REGEN intercity purchase price; Mid; CER Current Measures,T12,5,5,5,5,5,transport-cost-invest-inter-city-buses-0a292860:composite:1:bb531e37aa681bea
AB,T_HDV_BIC_DSL_HEV_N,2040,638.5264211730566,$M 2020CAD / k vehicles,REGEN intercity purchase price; Mid; CER Current Measures,T12,5,5,5,5,5,transport-cost-invest-inter-city-buses-0a292860:composite:1:bb531e37aa681bea
AB,T_HDV_BIC_DSL_HEV_N,2045,637.8945752873842,$M 2020CAD / k vehicles,REGEN intercity purchase price; Mid; CER Current Measures,T12,5,5,5,5,5,transport-cost-invest-inter-city-buses-0a292860:composite:1:bb531e37aa681bea
AB,T_HDV_BIC_DSL_N,2025,578.3503599462776,$M 2020CAD / k vehicles,REGEN intercity purchase price; Mid; CER Current Measures,T12,5,5,5,5,5,transport-cost-invest-inter-city-buses-8fe13d81:composite:1:a4215f62e54efd1d
AB,T_HDV_BIC_DSL_N,2030,592.376084435917,$M 2020CAD / k vehicles,REGEN intercity purchase price; Mid; CER Current Measures,T12,5,5,5,5,5,transport-cost-invest-inter-city-buses-8fe13d81:composite:1:a4215f62e54efd1d
AB,T_HDV_BIC_DSL_N,2035,606.4018089255563,$M 2020CAD / k vehicles,REGEN intercity purchase price; Mid; CER Current Measures,T12,5,5,5,5,5,transport-cost-invest-inter-city-buses-8fe13d81:composite:1:a4215f62e54efd1d
AB,T_HDV_BIC_DSL_N,2040,606.4018089255563,$M 2020CAD / k vehicles,REGEN intercity purchase price; Mid; CER Current Measures,T12,5,5,5,5,5,transport-cost-invest-inter-city-buses-8fe13d81:composite:1:a4215f62e54efd1d
AB,T_HDV_BIC_DSL_N,2045,606.4018089255563,$M 2020CAD / k vehicles,REGEN intercity purchase price; Mid; CER Current Measures,T12,5,5,5,5,5,transport-cost-invest-inter-city-buses-8fe13d81:composite:1:a4215f62e54efd1d
AB,T_HDV_BIC_FCEV_N,2025,726.7192071527243,$M 2020CAD / k vehicles,REGEN intercity purchase price; Mid; CER Current Measures,T12,5,5,5,5,5,transport-cost-invest-inter-city-buses-8fe13d81:composite:1:a4215f62e54efd1d
AB,T_HDV_BIC_FCEV_N,2030,702.2862077359937,$M 2020CAD / k vehicles,REGEN intercity purchase price; Mid; CER Current Measures,T12,5,5,5,5,5,transport-cost-invest-inter-city-buses-8fe13d81:composite:1:a4215f62e54efd1d
AB,T_HDV_BIC_FCEV_N,2035,677.8520796699922,$M 2020CAD / k vehicles,REGEN intercity purchase price; Mid; CER Current Measures,T12,5,5,5,5,5,transport-cost-invest-inter-city-buses-8fe13d81:composite:1:a4215f62e54efd1d
AB,T_HDV_BIC_FCEV_N,2040,660.4821673906367,$M 2020CAD / k vehicles,REGEN intercity purchase price; Mid; CER Current Measures,T12,5,5,5,5,5,transport-cost-invest-inter-city-buses-8fe13d81:composite:1:a4215f62e54efd1d
AB,T_HDV_BIC_FCEV_N,2045,643.1111264620107,$M 2020CAD / k vehicles,REGEN intercity purchase price; Mid; CER Current Measures,T12,5,5,5,5,5,transport-cost-invest-inter-city-buses-8fe13d81:composite:1:a4215f62e54efd1d
AB,T_HDV_BIC_GSL_N,2025,578.3503599462776,$M 2020CAD / k vehicles,REGEN intercity purchase price; Mid; CER Current Measures,T12,5,5,5,5,5,transport-cost-invest-inter-city-buses-8fe13d81:composite:1:a4215f62e54efd1d
AB,T_HDV_BIC_GSL_N,2030,592.376084435917,$M 2020CAD / k vehicles,REGEN intercity purchase price; Mid; CER Current Measures,T12,5,5,5,5,5,transport-cost-invest-inter-city-buses-8fe13d81:composite:1:a4215f62e54efd1d
AB,T_HDV_BIC_GSL_N,2035,606.4018089255563,$M 2020CAD / k vehicles,REGEN intercity purchase price; Mid; CER Current Measures,T12,5,5,5,5,5,transport-cost-invest-inter-city-buses-8fe13d81:composite:1:a4215f62e54efd1d
AB,T_HDV_BIC_GSL_N,2040,606.4018089255563,$M 2020CAD / k vehicles,REGEN intercity purchase price; Mid; CER Current Measures,T12,5,5,5,5,5,transport-cost-invest-inter-city-buses-8fe13d81:composite:1:a4215f62e54efd1d
AB,T_HDV_BIC_GSL_N,2045,606.4018089255563,$M 2020CAD / k vehicles,REGEN intercity purchase price; Mid; CER Current Measures,T12,5,5,5,5,5,transport-cost-invest-inter-city-buses-8fe13d81:composite:1:a4215f62e54efd1d
AB,T_HDV_BS_BEV_N,2025,84.19758949061635,$M 2020CAD / k vehicles,NLR manufacturing price (RPE / 1.5); Mid; CER Current Measures,T06,5,5,5,5,5,transport-cost-invest-school-buses-db3394b4:composite:1:4cfd8123718eed66
AB,T_HDV_BS_BEV_N,2030,70.11365479609992,$M 2020CAD / k vehicles,NLR manufacturing price (RPE / 1.5); Mid; CER Current Measures,T06,5,5,5,5,5,transport-cost-invest-school-buses-db3394b4:composite:1:4cfd8123718eed66
AB,T_HDV_BS_BEV_N,2035,62.61319010234349,$M 2020CAD / k vehicles,NLR manufacturing price (RPE / 1.5); Mid; CER Current Measures,T06,5,5,5,5,5,transport-cost-invest-school-buses-db3394b4:composite:1:4cfd8123718eed66
AB,T_HDV_BS_BEV_N,2040,59.22776267866287,$M 2020CAD / k vehicles,NLR manufacturing price (RPE / 1.5); Mid; CER Current Measures,T06,5,5,5,5,5,transport-cost-invest-school-buses-db3394b4:composite:1:4cfd8123718eed66
AB,T_HDV_BS_BEV_N,2045,55.842335254982245,$M 2020CAD / k vehicles,NLR manufacturing price (RPE / 1.5); Mid; CER Current Measures,T06,5,5,5,5,5,transport-cost-invest-school-buses-db3394b4:composite:1:4cfd8123718eed66
AB,T_HDV_BS_CNG_N,2025,53.16800325295391,$M 2020CAD / k vehicles,NLR manufacturing price (RPE / 1.5); reviewed cng->diesel purchase proxy; Mid; CER Current Measures,T06,5,5,5,5,5,transport-cost-invest-school-buses-db3394b4:composite:1:4cfd8123718eed66
AB,T_HDV_BS_CNG_N,2030,53.4655312378343,$M 2020CAD / k vehicles,NLR manufacturing price (RPE / 1.5); reviewed cng->diesel purchase proxy; Mid; CER Current Measures,T06,5,5,5,5,5,transport-cost-invest-school-buses-db3394b4:composite:1:4cfd8123718eed66
AB,T_HDV_BS_CNG_N,2035,53.3714260725808,$M 2020CAD / k vehicles,NLR manufacturing price (RPE / 1.5); reviewed cng->diesel purchase proxy; Mid; CER Current Measures,T06,5,5,5,5,5,transport-cost-invest-school-buses-db3394b4:composite:1:4cfd8123718eed66
AB,T_HDV_BS_CNG_N,2040,53.437700637583895,$M 2020CAD / k vehicles,NLR manufacturing price (RPE / 1.5); reviewed cng->diesel purchase proxy; Mid; CER Current Measures,T06,5,5,5,5,5,transport-cost-invest-school-buses-db3394b4:composite:1:4cfd8123718eed66
AB,T_HDV_BS_CNG_N,2045,53.50397520258698,$M 2020CAD / k vehicles,NLR manufacturing price (RPE / 1.5); reviewed cng->diesel purchase proxy; Mid; CER Current Measures,T06,5,5,5,5,5,transport-cost-invest-school-buses-db3394b4:composite:1:4cfd8123718eed66
AB,T_HDV_BS_DSL_HEV_N,2025,58.50015757889593,$M 2020CAD / k vehicles,NLR manufacturing price (RPE / 1.5); Mid; CER Current Measures,T06,5,5,5,5,5,transport-cost-invest-school-buses-db3394b4:composite:1:4cfd8123718eed66
AB,T_HDV_BS_DSL_HEV_N,2030,57.81028888624818,$M 2020CAD / k vehicles,NLR manufacturing price (RPE / 1.5); Mid; CER Current Measures,T06,5,5,5,5,5,transport-cost-invest-school-buses-db3394b4:composite:1:4cfd8123718eed66
AB,T_HDV_BS_DSL_HEV_N,2035,57.49401062408043,$M 2020CAD / k vehicles,NLR manufacturing price (RPE / 1.5); Mid; CER Current Measures,T06,5,5,5,5,5,transport-cost-invest-school-buses-db3394b4:composite:1:4cfd8123718eed66
AB,T_HDV_BS_DSL_HEV_N,2040,57.405801772439325,$M 2020CAD / k vehicles,NLR manufacturing price (RPE / 1.5); Mid; CER Current Measures,T06,5,5,5,5,5,transport-cost-invest-school-buses-db3394b4:composite:1:4cfd8123718eed66
AB,T_HDV_BS_DSL_HEV_N,2045,57.31759292079822,$M 2020CAD / k vehicles,NLR manufacturing price (RPE / 1.5); Mid; CER Current Measures,T06,5,5,5,5,5,transport-cost-invest-school-buses-db3394b4:composite:1:4cfd8123718eed66
AB,T_HDV_BS_DSL_N,2025,53.16800325295391,$M 2020CAD / k vehicles,NLR manufacturing price (RPE / 1.5); Mid; CER Current Measures,T06,5,5,5,5,5,transport-cost-invest-school-buses-db3394b4:composite:1:4cfd8123718eed66
AB,T_HDV_BS_DSL_N,2030,53.4655312378343,$M 2020CAD / k vehicles,NLR manufacturing price (RPE / 1.5); Mid; CER Current Measures,T06,5,5,5,5,5,transport-cost-invest-school-buses-db3394b4:composite:1:4cfd8123718eed66
AB,T_HDV_BS_DSL_N,2035,53.3714260725808,$M 2020CAD / k vehicles,NLR manufacturing price (RPE / 1.5); Mid; CER Current Measures,T06,5,5,5,5,5,transport-cost-invest-school-buses-db3394b4:composite:1:4cfd8123718eed66
AB,T_HDV_BS_DSL_N,2040,53.437700637583895,$M 2020CAD / k vehicles,NLR manufacturing price (RPE / 1.5); Mid; CER Current Measures,T06,5,5,5,5,5,transport-cost-invest-school-buses-db3394b4:composite:1:4cfd8123718eed66
AB,T_HDV_BS_DSL_N,2045,53.50397520258698,$M 2020CAD / k vehicles,NLR manufacturing price (RPE / 1.5); Mid; CER Current Measures,T06,5,5,5,5,5,transport-cost-invest-school-buses-db3394b4:composite:1:4cfd8123718eed66
AB,T_HDV_BS_DSL_PHEV_N,2025,87.13041588141115,$M 2020CAD / k vehicles,NLR manufacturing price (RPE / 1.5); Mid; CER Current Measures,T06,5,5,5,5,5,transport-cost-invest-school-buses-db3394b4:composite:1:4cfd8123718eed66
AB,T_HDV_BS_DSL_PHEV_N,2030,75.5222253464583,$M 2020CAD / k vehicles,NLR manufacturing price (RPE / 1.5); Mid; CER Current Measures,T06,5,5,5,5,5,transport-cost-invest-school-buses-db3394b4:composite:1:4cfd8123718eed66
AB,T_HDV_BS_DSL_PHEV_N,2035,68.7271956132863,$M 2020CAD / k vehicles,NLR manufacturing price (RPE / 1.5); Mid; CER Current Measures,T06,5,5,5,5,5,transport-cost-invest-school-buses-db3394b4:composite:1:4cfd8123718eed66
AB,T_HDV_BS_DSL_PHEV_N,2040,65.82679894735955,$M 2020CAD / k vehicles,NLR manufacturing price (RPE / 1.5); Mid; CER Current Measures,T06,5,5,5,5,5,transport-cost-invest-school-buses-db3394b4:composite:1:4cfd8123718eed66
AB,T_HDV_BS_DSL_PHEV_N,2045,62.926402281432814,$M 2020CAD / k vehicles,NLR manufacturing price (RPE / 1.5); Mid; CER Current Measures,T06,5,5,5,5,5,transport-cost-invest-school-buses-db3394b4:composite:1:4cfd8123718eed66
AB,T_HDV_BS_FCEV_N,2025,84.25313276484489,$M 2020CAD / k vehicles,NLR manufacturing price (RPE / 1.5); Mid; CER Current Measures,T06,5,5,5,5,5,transport-cost-invest-school-buses-db3394b4:composite:1:4cfd8123718eed66
AB,T_HDV_BS_FCEV_N,2030,66.34980196477711,$M 2020CAD / k vehicles,NLR manufacturing price (RPE / 1.5); Mid; CER Current Measures,T06,5,5,5,5,5,transport-cost-invest-school-buses-db3394b4:composite:1:4cfd8123718eed66
AB,T_HDV_BS_FCEV_N,2035,60.95821279762239,$M 2020CAD / k vehicles,NLR manufacturing price (RPE / 1.5); Mid; CER Current Measures,T06,5,5,5,5,5,transport-cost-invest-school-buses-db3394b4:composite:1:4cfd8123718eed66
AB,T_HDV_BS_FCEV_N,2040,59.87116842004512,$M 2020CAD / k vehicles,NLR manufacturing price (RPE / 1.5); Mid; CER Current Measures,T06,5,5,5,5,5,transport-cost-invest-school-buses-db3394b4:composite:1:4cfd8123718eed66
AB,T_HDV_BS_FCEV_N,2045,58.78412404246786,$M 2020CAD / k vehicles,NLR manufacturing price (RPE / 1.5); Mid; CER Current Measures,T06,5,5,5,5,5,transport-cost-invest-school-buses-db3394b4:composite:1:4cfd8123718eed66
AB,T_HDV_BS_FCHEV_N,2025,73.60226770799707,$M 2020CAD / k vehicles,NLR manufacturing price (RPE / 1.5); Mid; CER Current Measures,T06,5,5,5,5,5,transport-cost-invest-school-buses-db3394b4:composite:1:4cfd8123718eed66
AB,T_HDV_BS_FCHEV_N,2030,61.272368386889674,$M 2020CAD / k vehicles,NLR manufacturing price (RPE / 1.5); Mid; CER Current Measures,T06,5,5,5,5,5,transport-cost-invest-school-buses-db3394b4:composite:1:4cfd8123718eed66
AB,T_HDV_BS_FCHEV_N,2035,57.07478272624065,$M 2020CAD / k vehicles,NLR manufacturing price (RPE / 1.5); Mid; CER Current Measures,T06,5,5,5,5,5,transport-cost-invest-school-buses-db3394b4:composite:1:4cfd8123718eed66
AB,T_HDV_BS_FCHEV_N,2040,55.59150607391185,$M 2020CAD / k vehicles,NLR manufacturing price (RPE / 1.5); Mid; CER Current Measures,T06,5,5,5,5,5,transport-cost-invest-school-buses-db3394b4:composite:1:4cfd8123718eed66
AB,T_HDV_BS_FCHEV_N,2045,54.10822942158307,$M 2020CAD / k vehicles,NLR manufacturing price (RPE / 1.5); Mid; CER Current Measures,T06,5,5,5,5,5,transport-cost-invest-school-buses-db3394b4:composite:1:4cfd8123718eed66
AB,T_HDV_BS_GSL_N,2025,53.16800325295391,$M 2020CAD / k vehicles,NLR manufacturing price (RPE / 1.5); reviewed gasoline->diesel purchase proxy; Mid; CER Current Measures,T06,5,5,5,5,5,transport-cost-invest-school-buses-db3394b4:composite:1:4cfd8123718eed66
AB,T_HDV_BS_GSL_N,2030,53.4655312378343,$M 2020CAD / k vehicles,NLR manufacturing price (RPE / 1.5); reviewed gasoline->diesel purchase proxy; Mid; CER Current Measures,T06,5,5,5,5,5,transport-cost-invest-school-buses-db3394b4:composite:1:4cfd8123718eed66
AB,T_HDV_BS_GSL_N,2035,53.3714260725808,$M 2020CAD / k vehicles,NLR manufacturing price (RPE / 1.5); reviewed gasoline->diesel purchase proxy; Mid; CER Current Measures,T06,5,5,5,5,5,transport-cost-invest-school-buses-db3394b4:composite:1:4cfd8123718eed66
AB,T_HDV_BS_GSL_N,2040,53.437700637583895,$M 2020CAD / k vehicles,NLR manufacturing price (RPE / 1.5); reviewed gasoline->diesel purchase proxy; Mid; CER Current Measures,T06,5,5,5,5,5,transport-cost-invest-school-buses-db3394b4:composite:1:4cfd8123718eed66
AB,T_HDV_BS_GSL_N,2045,53.50397520258698,$M 2020CAD / k vehicles,NLR manufacturing price (RPE / 1.5); reviewed gasoline->diesel purchase proxy; Mid; CER Current Measures,T06,5,5,5,5,5,transport-cost-invest-school-buses-db3394b4:composite:1:4cfd8123718eed66
AB,T_HDV_BT_BEV_N,2025,274.5762303654073,$M 2020CAD / k vehicles,NLR manufacturing price (RPE / 1.5); Mid; CER Current Measures,T06,5,5,5,5,5,transport-cost-invest-urban-transit-db3394b4:composite:1:0cb1db7af1a5e7c6
AB,T_HDV_BT_BEV_N,2030,238.945043058376,$M 2020CAD / k vehicles,NLR manufacturing price (RPE / 1.5); Mid; CER Current Measures,T06,5,5,5,5,5,transport-cost-invest-urban-transit-db3394b4:composite:1:0cb1db7af1a5e7c6
AB,T_HDV_BT_BEV_N,2035,223.4573140190256,$M 2020CAD / k vehicles,NLR manufacturing price (RPE / 1.5); Mid; CER Current Measures,T06,5,5,5,5,5,transport-cost-invest-urban-transit-db3394b4:composite:1:0cb1db7af1a5e7c6
AB,T_HDV_BT_BEV_N,2040,213.91920126710497,$M 2020CAD / k vehicles,NLR manufacturing price (RPE / 1.5); Mid; CER Current Measures,T06,5,5,5,5,5,transport-cost-invest-urban-transit-db3394b4:composite:1:0cb1db7af1a5e7c6
AB,T_HDV_BT_BEV_N,2045,204.38108851518436,$M 2020CAD / k vehicles,NLR manufacturing price (RPE / 1.5); Mid; CER Current Measures,T06,5,5,5,5,5,transport-cost-invest-urban-transit-db3394b4:composite:1:0cb1db7af1a5e7c6
AB,T_HDV_BT_CNG_N,2025,168.10437279387037,$M 2020CAD / k vehicles,NLR manufacturing price (RPE / 1.5); reviewed cng->diesel purchase proxy; Mid; CER Current Measures,T06,5,5,5,5,5,transport-cost-invest-urban-transit-db3394b4:composite:1:0cb1db7af1a5e7c6
AB,T_HDV_BT_CNG_N,2030,168.63008811554965,$M 2020CAD / k vehicles,NLR manufacturing price (RPE / 1.5); reviewed cng->diesel purchase proxy; Mid; CER Current Measures,T06,5,5,5,5,5,transport-cost-invest-urban-transit-db3394b4:composite:1:0cb1db7af1a5e7c6
AB,T_HDV_BT_CNG_N,2035,168.74400489454072,$M 2020CAD / k vehicles,NLR manufacturing price (RPE / 1.5); reviewed cng->diesel purchase proxy; Mid; CER Current Measures,T06,5,5,5,5,5,transport-cost-invest-urban-transit-db3394b4:composite:1:0cb1db7af1a5e7c6
AB,T_HDV_BT_CNG_N,2040,168.88528056869325,$M 2020CAD / k vehicles,NLR manufacturing price (RPE / 1.5); reviewed cng->diesel purchase proxy; Mid; CER Current Measures,T06,5,5,5,5,5,transport-cost-invest-urban-transit-db3394b4:composite:1:0cb1db7af1a5e7c6
AB,T_HDV_BT_CNG_N,2045,169.02655624284563,$M 2020CAD / k vehicles,NLR manufacturing price (RPE / 1.5); reviewed cng->diesel purchase proxy; Mid; CER Current Measures,T06,5,5,5,5,5,transport-cost-invest-urban-transit-db3394b4:composite:1:0cb1db7af1a5e7c6
AB,T_HDV_BT_DSL_HEV_N,2025,181.6703753006759,$M 2020CAD / k vehicles,NLR manufacturing price (RPE / 1.5); Mid; CER Current Measures,T06,5,5,5,5,5,transport-cost-invest-urban-transit-db3394b4:composite:1:0cb1db7af1a5e7c6
AB,T_HDV_BT_DSL_HEV_N,2030,179.65737383341144,$M 2020CAD / k vehicles,NLR manufacturing price (RPE / 1.5); Mid; CER Current Measures,T06,5,5,5,5,5,transport-cost-invest-urban-transit-db3394b4:composite:1:0cb1db7af1a5e7c6
AB,T_HDV_BT_DSL_HEV_N,2035,177.85946988672637,$M 2020CAD / k vehicles,NLR manufacturing price (RPE / 1.5); Mid; CER Current Measures,T06,5,5,5,5,5,transport-cost-invest-urban-transit-db3394b4:composite:1:0cb1db7af1a5e7c6
AB,T_HDV_BT_DSL_HEV_N,2040,177.83211099156486,$M 2020CAD / k vehicles,NLR manufacturing price (RPE / 1.5); Mid; CER Current Measures,T06,5,5,5,5,5,transport-cost-invest-urban-transit-db3394b4:composite:1:0cb1db7af1a5e7c6
AB,T_HDV_BT_DSL_HEV_N,2045,177.80475209640355,$M 2020CAD / k vehicles,NLR manufacturing price (RPE / 1.5); Mid; CER Current Measures,T06,5,5,5,5,5,transport-cost-invest-urban-transit-db3394b4:composite:1:0cb1db7af1a5e7c6
AB,T_HDV_BT_DSL_N,2025,168.10437279387037,$M 2020CAD / k vehicles,NLR manufacturing price (RPE / 1.5); Mid; CER Current Measures,T06,5,5,5,5,5,transport-cost-invest-urban-transit-db3394b4:composite:1:0cb1db7af1a5e7c6
AB,T_HDV_BT_DSL_N,2030,168.63008811554965,$M 2020CAD / k vehicles,NLR manufacturing price (RPE / 1.5); Mid; CER Current Measures,T06,5,5,5,5,5,transport-cost-invest-urban-transit-db3394b4:composite:1:0cb1db7af1a5e7c6
AB,T_HDV_BT_DSL_N,2035,168.74400489454072,$M 2020CAD / k vehicles,NLR manufacturing price (RPE / 1.5); Mid; CER Current Measures,T06,5,5,5,5,5,transport-cost-invest-urban-transit-db3394b4:composite:1:0cb1db7af1a5e7c6
AB,T_HDV_BT_DSL_N,2040,168.88528056869325,$M 2020CAD / k vehicles,NLR manufacturing price (RPE / 1.5); Mid; CER Current Measures,T06,5,5,5,5,5,transport-cost-invest-urban-transit-db3394b4:composite:1:0cb1db7af1a5e7c6
AB,T_HDV_BT_DSL_N,2045,169.02655624284563,$M 2020CAD / k vehicles,NLR manufacturing price (RPE / 1.5); Mid; CER Current Measures,T06,5,5,5,5,5,transport-cost-invest-urban-transit-db3394b4:composite:1:0cb1db7af1a5e7c6
AB,T_HDV_BT_DSL_PHEV_N,2025,259.0927466718578,$M 2020CAD / k vehicles,NLR manufacturing price (RPE / 1.5); Mid; CER Current Measures,T06,5,5,5,5,5,transport-cost-invest-urban-transit-db3394b4:composite:1:0cb1db7af1a5e7c6
AB,T_HDV_BT_DSL_PHEV_N,2030,231.4194600686309,$M 2020CAD / k vehicles,NLR manufacturing price (RPE / 1.5); Mid; CER Current Measures,T06,5,5,5,5,5,transport-cost-invest-urban-transit-db3394b4:composite:1:0cb1db7af1a5e7c6
AB,T_HDV_BT_DSL_PHEV_N,2035,215.48950750835243,$M 2020CAD / k vehicles,NLR manufacturing price (RPE / 1.5); Mid; CER Current Measures,T06,5,5,5,5,5,transport-cost-invest-urban-transit-db3394b4:composite:1:0cb1db7af1a5e7c6
AB,T_HDV_BT_DSL_PHEV_N,2040,207.95920746771745,$M 2020CAD / k vehicles,NLR manufacturing price (RPE / 1.5); Mid; CER Current Measures,T06,5,5,5,5,5,transport-cost-invest-urban-transit-db3394b4:composite:1:0cb1db7af1a5e7c6
AB,T_HDV_BT_DSL_PHEV_N,2045,200.42890742708235,$M 2020CAD / k vehicles,NLR manufacturing price (RPE / 1.5); Mid; CER Current Measures,T06,5,5,5,5,5,transport-cost-invest-urban-transit-db3394b4:composite:1:0cb1db7af1a5e7c6
AB,T_HDV_BT_FCEV_N,2025,215.50153598812167,$M 2020CAD / k vehicles,NLR manufacturing price (RPE / 1.5); Mid; CER Current Measures,T06,5,5,5,5,5,transport-cost-invest-urban-transit-db3394b4:composite:1:0cb1db7af1a5e7c6
AB,T_HDV_BT_FCEV_N,2030,191.4891525805455,$M 2020CAD / k vehicles,NLR manufacturing price (RPE / 1.5); Mid; CER Current Measures,T06,5,5,5,5,5,transport-cost-invest-urban-transit-db3394b4:composite:1:0cb1db7af1a5e7c6
AB,T_HDV_BT_FCEV_N,2035,184.77018529297314,$M 2020CAD / k vehicles,NLR manufacturing price (RPE / 1.5); Mid; CER Current Measures,T06,5,5,5,5,5,transport-cost-invest-urban-transit-db3394b4:composite:1:0cb1db7af1a5e7c6
AB,T_HDV_BT_FCEV_N,2040,183.30082394076953,$M 2020CAD / k vehicles,NLR manufacturing price (RPE / 1.5); Mid; CER Current Measures,T06,5,5,5,5,5,transport-cost-invest-urban-transit-db3394b4:composite:1:0cb1db7af1a5e7c6
AB,T_HDV_BT_FCEV_N,2045,181.83146258856593,$M 2020CAD / k vehicles,NLR manufacturing price (RPE / 1.5); Mid; CER Current Measures,T06,5,5,5,5,5,transport-cost-invest-urban-transit-db3394b4:composite:1:0cb1db7af1a5e7c6
AB,T_HDV_BT_FCHEV_N,2025,199.82064371482988,$M 2020CAD / k vehicles,NLR manufacturing price (RPE / 1.5); Mid; CER Current Measures,T06,5,5,5,5,5,transport-cost-invest-urban-transit-db3394b4:composite:1:0cb1db7af1a5e7c6
AB,T_HDV_BT_FCHEV_N,2030,183.79870866219838,$M 2020CAD / k vehicles,NLR manufacturing price (RPE / 1.5); Mid; CER Current Measures,T06,5,5,5,5,5,transport-cost-invest-urban-transit-db3394b4:composite:1:0cb1db7af1a5e7c6
AB,T_HDV_BT_FCHEV_N,2035,177.91395182450466,$M 2020CAD / k vehicles,NLR manufacturing price (RPE / 1.5); Mid; CER Current Measures,T06,5,5,5,5,5,transport-cost-invest-urban-transit-db3394b4:composite:1:0cb1db7af1a5e7c6
AB,T_HDV_BT_FCHEV_N,2040,175.96227201880893,$M 2020CAD / k vehicles,NLR manufacturing price (RPE / 1.5); Mid; CER Current Measures,T06,5,5,5,5,5,transport-cost-invest-urban-transit-db3394b4:composite:1:0cb1db7af1a5e7c6
AB,T_HDV_BT_FCHEV_N,2045,174.01059221311317,$M 2020CAD / k vehicles,NLR manufacturing price (RPE / 1.5); Mid; CER Current Measures,T06,5,5,5,5,5,transport-cost-invest-urban-transit-db3394b4:composite:1:0cb1db7af1a5e7c6
AB,T_HDV_BT_GSL_N,2025,168.10437279387037,$M 2020CAD / k vehicles,NLR manufacturing price (RPE / 1.5); reviewed gasoline->diesel purchase proxy; Mid; CER Current Measures,T06,5,5,5,5,5,transport-cost-invest-urban-transit-db3394b4:composite:1:0cb1db7af1a5e7c6
AB,T_HDV_BT_GSL_N,2030,168.63008811554965,$M 2020CAD / k vehicles,NLR manufacturing price (RPE / 1.5); reviewed gasoline->diesel purchase proxy; Mid; CER Current Measures,T06,5,5,5,5,5,transport-cost-invest-urban-transit-db3394b4:composite:1:0cb1db7af1a5e7c6
AB,T_HDV_BT_GSL_N,2035,168.74400489454072,$M 2020CAD / k vehicles,NLR manufacturing price (RPE / 1.5); reviewed gasoline->diesel purchase proxy; Mid; CER Current Measures,T06,5,5,5,5,5,transport-cost-invest-urban-transit-db3394b4:composite:1:0cb1db7af1a5e7c6
AB,T_HDV_BT_GSL_N,2040,168.88528056869325,$M 2020CAD / k vehicles,NLR manufacturing price (RPE / 1.5); reviewed gasoline->diesel purchase proxy; Mid; CER Current Measures,T06,5,5,5,5,5,transport-cost-invest-urban-transit-db3394b4:composite:1:0cb1db7af1a5e7c6
AB,T_HDV_BT_GSL_N,2045,169.02655624284563,$M 2020CAD / k vehicles,NLR manufacturing price (RPE / 1.5); reviewed gasoline->diesel purchase proxy; Mid; CER Current Measures,T06,5,5,5,5,5,transport-cost-invest-urban-transit-db3394b4:composite:1:0cb1db7af1a5e7c6
AB,T_HDV_RF_DSL_N,2025,39.10602039451965,$M 2020CAD / bn tonne-km,CIMS service CAPEX times REGEN relative multiplier; Mid; CER Current Measures,T15,5,5,5,5,5,transport-cost-invest-freight-rail-7153c4b0:composite:1:67df951b6b1f4bd6
AB,T_HDV_RF_DSL_N,2030,39.10602039451965,$M 2020CAD / bn tonne-km,CIMS service CAPEX times REGEN relative multiplier; Mid; CER Current Measures,T15,5,5,5,5,5,transport-cost-invest-freight-rail-7153c4b0:composite:1:67df951b6b1f4bd6
AB,T_HDV_RF_DSL_N,2035,39.10602039451965,$M 2020CAD / bn tonne-km,CIMS service CAPEX times REGEN relative multiplier; Mid; CER Current Measures,T15,5,5,5,5,5,transport-cost-invest-freight-rail-7153c4b0:composite:1:67df951b6b1f4bd6
AB,T_HDV_RF_DSL_N,2040,39.10602039451965,$M 2020CAD / bn tonne-km,CIMS service CAPEX times REGEN relative multiplier; Mid; CER Current Measures,T15,5,5,5,5,5,transport-cost-invest-freight-rail-7153c4b0:composite:1:67df951b6b1f4bd6
AB,T_HDV_RF_DSL_N,2045,39.10602039451965,$M 2020CAD / bn tonne-km,CIMS service CAPEX times REGEN relative multiplier; Mid; CER Current Measures,T15,5,5,5,5,5,transport-cost-invest-freight-rail-7153c4b0:composite:1:67df951b6b1f4bd6
AB,T_HDV_RF_H2_N,2025,74.69249895353255,$M 2020CAD / bn tonne-km,CIMS service CAPEX times REGEN relative multiplier; Mid; CER Current Measures,T15,5,5,5,5,5,transport-cost-invest-freight-rail-2b87d19f:composite:1:515b0963e9e286db
AB,T_HDV_RF_H2_N,2030,74.69249895353255,$M 2020CAD / bn tonne-km,CIMS service CAPEX times REGEN relative multiplier; Mid; CER Current Measures,T15,5,5,5,5,5,transport-cost-invest-freight-rail-2b87d19f:composite:1:515b0963e9e286db
AB,T_HDV_RF_H2_N,2035,74.69249895353255,$M 2020CAD / bn tonne-km,CIMS service CAPEX times REGEN relative multiplier; Mid; CER Current Measures,T15,5,5,5,5,5,transport-cost-invest-freight-rail-2b87d19f:composite:1:515b0963e9e286db
AB,T_HDV_RF_H2_N,2040,68.4355356904094,$M 2020CAD / bn tonne-km,CIMS service CAPEX times REGEN relative multiplier; Mid; CER Current Measures,T15,5,5,5,5,5,transport-cost-invest-freight-rail-2b87d19f:composite:1:515b0963e9e286db
AB,T_HDV_RF_H2_N,2045,62.178572427286255,$M 2020CAD / bn tonne-km,CIMS service CAPEX times REGEN relative multiplier; Mid; CER Current Measures,T15,5,5,5,5,5,transport-cost-invest-freight-rail-2b87d19f:composite:1:515b0963e9e286db
AB,T_HDV_RF_LNG_N,2025,61.39645201939587,$M 2020CAD / bn tonne-km,CIMS service CAPEX times REGEN relative multiplier; Mid; CER Current Measures,T15,5,5,5,5,5,transport-cost-invest-freight-rail-2b87d19f:composite:1:515b0963e9e286db
AB,T_HDV_RF_LNG_N,2030,61.39645201939587,$M 2020CAD / bn tonne-km,CIMS service CAPEX times REGEN relative multiplier; Mid; CER Current Measures,T15,5,5,5,5,5,transport-cost-invest-freight-rail-2b87d19f:composite:1:515b0963e9e286db
AB,T_HDV_RF_LNG_N,2035,61.39645201939587,$M 2020CAD / bn tonne-km,CIMS service CAPEX times REGEN relative multiplier; Mid; CER Current Measures,T15,5,5,5,5,5,transport-cost-invest-freight-rail-2b87d19f:composite:1:515b0963e9e286db
AB,T_HDV_RF_LNG_N,2040,61.13574521676574,$M 2020CAD / bn tonne-km,CIMS service CAPEX times REGEN relative multiplier; Mid; CER Current Measures,T15,5,5,5,5,5,transport-cost-invest-freight-rail-2b87d19f:composite:1:515b0963e9e286db
AB,T_HDV_RF_LNG_N,2045,60.87503841413561,$M 2020CAD / bn tonne-km,CIMS service CAPEX times REGEN relative multiplier; Mid; CER Current Measures,T15,5,5,5,5,5,transport-cost-invest-freight-rail-2b87d19f:composite:1:515b0963e9e286db
AB,T_HDV_RICP_DSL_N,2025,1885.6878005906885,$M 2020CAD / bn passenger-km,CIMS service CAPEX times REGEN relative multiplier; Mid; CER Current Measures,T15,5,5,5,5,5,transport-cost-invest-passenger-rail-7153c4b0:composite:1:37d8b07bf17dc2b2
AB,T_HDV_RICP_DSL_N,2030,1885.6878005906885,$M 2020CAD / bn passenger-km,CIMS service CAPEX times REGEN relative multiplier; Mid; CER Current Measures,T15,5,5,5,5,5,transport-cost-invest-passenger-rail-7153c4b0:composite:1:37d8b07bf17dc2b2
AB,T_HDV_RICP_DSL_N,2035,1885.6878005906885,$M 2020CAD / bn passenger-km,CIMS service CAPEX times REGEN relative multiplier; Mid; CER Current Measures,T15,5,5,5,5,5,transport-cost-invest-passenger-rail-7153c4b0:composite:1:37d8b07bf17dc2b2
AB,T_HDV_RICP_DSL_N,2040,1885.6878005906885,$M 2020CAD / bn passenger-km,CIMS service CAPEX times REGEN relative multiplier; Mid; CER Current Measures,T15,5,5,5,5,5,transport-cost-invest-passenger-rail-7153c4b0:composite:1:37d8b07bf17dc2b2
AB,T_HDV_RICP_DSL_N,2045,1885.6878005906885,$M 2020CAD / bn passenger-km,CIMS service CAPEX times REGEN relative multiplier; Mid; CER Current Measures,T15,5,5,5,5,5,transport-cost-invest-passenger-rail-7153c4b0:composite:1:37d8b07bf17dc2b2
AB,T_HDV_RICP_H2_N,2025,2168.5409706792916,$M 2020CAD / bn passenger-km,CIMS service CAPEX times REGEN relative multiplier; Mid; CER Current Measures,T15,5,5,5,5,5,transport-cost-invest-passenger-rail-2b87d19f:composite:1:5b60ef866184bd6b
AB,T_HDV_RICP_H2_N,2030,2168.5409706792916,$M 2020CAD / bn passenger-km,CIMS service CAPEX times REGEN relative multiplier; Mid; CER Current Measures,T15,5,5,5,5,5,transport-cost-invest-passenger-rail-2b87d19f:composite:1:5b60ef866184bd6b
AB,T_HDV_RICP_H2_N,2035,2168.5409706792916,$M 2020CAD / bn passenger-km,CIMS service CAPEX times REGEN relative multiplier; Mid; CER Current Measures,T15,5,5,5,5,5,transport-cost-invest-passenger-rail-2b87d19f:composite:1:5b60ef866184bd6b
AB,T_HDV_RICP_H2_N,2040,2080.5422066517262,$M 2020CAD / bn passenger-km,CIMS service CAPEX times REGEN relative multiplier; Mid; CER Current Measures,T15,5,5,5,5,5,transport-cost-invest-passenger-rail-2b87d19f:composite:1:5b60ef866184bd6b
AB,T_HDV_RICP_H2_N,2045,1992.5434426241607,$M 2020CAD / bn passenger-km,CIMS service CAPEX times REGEN relative multiplier; Mid; CER Current Measures,T15,5,5,5,5,5,transport-cost-invest-passenger-rail-2b87d19f:composite:1:5b60ef866184bd6b
AB,T_HDV_T_BEV_N,2025,322.44287199711675,$M 2020CAD / k vehicles,NLR manufacturing price (RPE / 1.5); Mid; CER Current Measures,T06,5,5,5,5,5,transport-cost-invest-heavy-trucks-e1dceb92:composite:1:9b25f19b8719c99d
AB,T_HDV_T_BEV_N,2030,239.76935141997023,$M 2020CAD / k vehicles,NLR manufacturing price (RPE / 1.5); Mid; CER Current Measures,T06,5,5,5,5,5,transport-cost-invest-heavy-trucks-e1dceb92:composite:1:9b25f19b8719c99d
AB,T_HDV_T_BEV_N,2035,197.18637400455077,$M 2020CAD / k vehicles,NLR manufacturing price (RPE / 1.5); Mid; CER Current Measures,T06,5,5,5,5,5,transport-cost-invest-heavy-trucks-e1dceb92:composite:1:9b25f19b8719c99d
AB,T_HDV_T_BEV_N,2040,178.21551381488217,$M 2020CAD / k vehicles,NLR manufacturing price (RPE / 1.5); Mid; CER Current Measures,T06,5,5,5,5,5,transport-cost-invest-heavy-trucks-e1dceb92:composite:1:9b25f19b8719c99d
AB,T_HDV_T_BEV_N,2045,159.24465362521363,$M 2020CAD / k vehicles,NLR manufacturing price (RPE / 1.5); Mid; CER Current Measures,T06,5,5,5,5,5,transport-cost-invest-heavy-trucks-e1dceb92:composite:1:9b25f19b8719c99d
AB,T_HDV_T_DSL_HEV_N,2025,119.79485539088647,$M 2020CAD / k vehicles,NLR manufacturing price (RPE / 1.5); Mid; CER Current Measures,T06,5,5,5,5,5,transport-cost-invest-heavy-trucks-e1dceb92:composite:1:9b25f19b8719c99d
AB,T_HDV_T_DSL_HEV_N,2030,119.08267043704585,$M 2020CAD / k vehicles,NLR manufacturing price (RPE / 1.5); Mid; CER Current Measures,T06,5,5,5,5,5,transport-cost-invest-heavy-trucks-e1dceb92:composite:1:9b25f19b8719c99d
AB,T_HDV_T_DSL_HEV_N,2035,118.39313519721242,$M 2020CAD / k vehicles,NLR manufacturing price (RPE / 1.5); Mid; CER Current Measures,T06,5,5,5,5,5,transport-cost-invest-heavy-trucks-e1dceb92:composite:1:9b25f19b8719c99d
AB,T_HDV_T_DSL_HEV_N,2040,118.71015994524427,$M 2020CAD / k vehicles,NLR manufacturing price (RPE / 1.5); Mid; CER Current Measures,T06,5,5,5,5,5,transport-cost-invest-heavy-trucks-e1dceb92:composite:1:9b25f19b8719c99d
AB,T_HDV_T_DSL_HEV_N,2045,119.02718469327611,$M 2020CAD / k vehicles,NLR manufacturing price (RPE / 1.5); Mid; CER Current Measures,T06,5,5,5,5,5,transport-cost-invest-heavy-trucks-e1dceb92:composite:1:9b25f19b8719c99d
AB,T_HDV_T_DSL_N,2025,109.47455163382017,$M 2020CAD / k vehicles,NLR manufacturing price (RPE / 1.5); Mid; CER Current Measures,T06,5,5,5,5,5,transport-cost-invest-heavy-trucks-e1dceb92:composite:1:9b25f19b8719c99d
AB,T_HDV_T_DSL_N,2030,109.97000179820667,$M 2020CAD / k vehicles,NLR manufacturing price (RPE / 1.5); Mid; CER Current Measures,T06,5,5,5,5,5,transport-cost-invest-heavy-trucks-e1dceb92:composite:1:9b25f19b8719c99d
AB,T_HDV_T_DSL_N,2035,110.15604742271634,$M 2020CAD / k vehicles,NLR manufacturing price (RPE / 1.5); Mid; CER Current Measures,T06,5,5,5,5,5,transport-cost-invest-heavy-trucks-e1dceb92:composite:1:9b25f19b8719c99d
AB,T_HDV_T_DSL_N,2040,110.64643798447064,$M 2020CAD / k vehicles,NLR manufacturing price (RPE / 1.5); Mid; CER Current Measures,T06,5,5,5,5,5,transport-cost-invest-heavy-trucks-e1dceb92:composite:1:9b25f19b8719c99d
AB,T_HDV_T_DSL_N,2045,111.13682854622496,$M 2020CAD / k vehicles,NLR manufacturing price (RPE / 1.5); Mid; CER Current Measures,T06,5,5,5,5,5,transport-cost-invest-heavy-trucks-e1dceb92:composite:1:9b25f19b8719c99d
AB,T_HDV_T_DSL_PHEV_N,2025,304.40360691754574,$M 2020CAD / k vehicles,NLR manufacturing price (RPE / 1.5); Mid; CER Current Measures,T06,5,5,5,5,5,transport-cost-invest-heavy-trucks-e1dceb92:composite:1:9b25f19b8719c99d
AB,T_HDV_T_DSL_PHEV_N,2030,234.66243176993385,$M 2020CAD / k vehicles,NLR manufacturing price (RPE / 1.5); Mid; CER Current Measures,T06,5,5,5,5,5,transport-cost-invest-heavy-trucks-e1dceb92:composite:1:9b25f19b8719c99d
AB,T_HDV_T_DSL_PHEV_N,2035,195.25332804450954,$M 2020CAD / k vehicles,NLR manufacturing price (RPE / 1.5); Mid; CER Current Measures,T06,5,5,5,5,5,transport-cost-invest-heavy-trucks-e1dceb92:composite:1:9b25f19b8719c99d
AB,T_HDV_T_DSL_PHEV_N,2040,178.79560808553995,$M 2020CAD / k vehicles,NLR manufacturing price (RPE / 1.5); Mid; CER Current Measures,T06,5,5,5,5,5,transport-cost-invest-heavy-trucks-e1dceb92:composite:1:9b25f19b8719c99d
AB,T_HDV_T_DSL_PHEV_N,2045,162.3378881265704,$M 2020CAD / k vehicles,NLR manufacturing price (RPE / 1.5); Mid; CER Current Measures,T06,5,5,5,5,5,transport-cost-invest-heavy-trucks-e1dceb92:composite:1:9b25f19b8719c99d
AB,T_HDV_T_FCEV_N,2025,198.636822956741,$M 2020CAD / k vehicles,NLR manufacturing price (RPE / 1.5); Mid; CER Current Measures,T06,5,5,5,5,5,transport-cost-invest-heavy-trucks-e1dceb92:composite:1:9b25f19b8719c99d
AB,T_HDV_T_FCEV_N,2030,142.67736217508747,$M 2020CAD / k vehicles,NLR manufacturing price (RPE / 1.5); Mid; CER Current Measures,T06,5,5,5,5,5,transport-cost-invest-heavy-trucks-e1dceb92:composite:1:9b25f19b8719c99d
AB,T_HDV_T_FCEV_N,2035,128.94831537319826,$M 2020CAD / k vehicles,NLR manufacturing price (RPE / 1.5); Mid; CER Current Measures,T06,5,5,5,5,5,transport-cost-invest-heavy-trucks-e1dceb92:composite:1:9b25f19b8719c99d
AB,T_HDV_T_FCEV_N,2040,126.05208396011245,$M 2020CAD / k vehicles,NLR manufacturing price (RPE / 1.5); Mid; CER Current Measures,T06,5,5,5,5,5,transport-cost-invest-heavy-trucks-e1dceb92:composite:1:9b25f19b8719c99d
AB,T_HDV_T_FCEV_N,2045,123.15585254702675,$M 2020CAD / k vehicles,NLR manufacturing price (RPE / 1.5); Mid; CER Current Measures,T06,5,5,5,5,5,transport-cost-invest-heavy-trucks-e1dceb92:composite:1:9b25f19b8719c99d
AB,T_HDV_T_FCHEV_N,2025,166.36569663035024,$M 2020CAD / k vehicles,NLR manufacturing price (RPE / 1.5); Mid; CER Current Measures,T06,5,5,5,5,5,transport-cost-invest-heavy-trucks-e1dceb92:composite:1:9b25f19b8719c99d
AB,T_HDV_T_FCHEV_N,2030,128.81065188109795,$M 2020CAD / k vehicles,NLR manufacturing price (RPE / 1.5); Mid; CER Current Measures,T06,5,5,5,5,5,transport-cost-invest-heavy-trucks-e1dceb92:composite:1:9b25f19b8719c99d
AB,T_HDV_T_FCHEV_N,2035,116.61338315886701,$M 2020CAD / k vehicles,NLR manufacturing price (RPE / 1.5); Mid; CER Current Measures,T06,5,5,5,5,5,transport-cost-invest-heavy-trucks-e1dceb92:composite:1:9b25f19b8719c99d
AB,T_HDV_T_FCHEV_N,2040,112.61947190986075,$M 2020CAD / k vehicles,NLR manufacturing price (RPE / 1.5); Mid; CER Current Measures,T06,5,5,5,5,5,transport-cost-invest-heavy-trucks-e1dceb92:composite:1:9b25f19b8719c99d
AB,T_HDV_T_FCHEV_N,2045,108.62556066085446,$M 2020CAD / k vehicles,NLR manufacturing price (RPE / 1.5); Mid; CER Current Measures,T06,5,5,5,5,5,transport-cost-invest-heavy-trucks-e1dceb92:composite:1:9b25f19b8719c99d
AB,T_HDV_WTF_HFO_N,2025,159.71497923605244,$M 2020CAD / bn tonne-km,CIMS service CAPEX times REGEN relative multiplier; Mid; CER Current Measures,T15,5,5,5,5,5,transport-cost-invest-freight-marine-7153c4b0:composite:1:6ed78a0e5715890a
AB,T_HDV_WTF_HFO_N,2030,159.71497923605244,$M 2020CAD / bn tonne-km,CIMS service CAPEX times REGEN relative multiplier; Mid; CER Current Measures,T15,5,5,5,5,5,transport-cost-invest-freight-marine-7153c4b0:composite:1:6ed78a0e5715890a
AB,T_HDV_WTF_HFO_N,2035,159.71497923605244,$M 2020CAD / bn tonne-km,CIMS service CAPEX times REGEN relative multiplier; Mid; CER Current Measures,T15,5,5,5,5,5,transport-cost-invest-freight-marine-7153c4b0:composite:1:6ed78a0e5715890a
AB,T_HDV_WTF_HFO_N,2040,159.71497923605244,$M 2020CAD / bn tonne-km,CIMS service CAPEX times REGEN relative multiplier; Mid; CER Current Measures,T15,5,5,5,5,5,transport-cost-invest-freight-marine-7153c4b0:composite:1:6ed78a0e5715890a
AB,T_HDV_WTF_HFO_N,2045,159.71497923605244,$M 2020CAD / bn tonne-km,CIMS service CAPEX times REGEN relative multiplier; Mid; CER Current Measures,T15,5,5,5,5,5,transport-cost-invest-freight-marine-7153c4b0:composite:1:6ed78a0e5715890a
AB,T_HDV_WTF_LNG_N,2025,167.70072819785508,$M 2020CAD / bn tonne-km,CIMS service CAPEX times REGEN relative multiplier; Mid; CER Current Measures,T15,5,5,5,5,5,transport-cost-invest-freight-marine-2b87d19f:composite:1:ad7b13db5806a90b
AB,T_HDV_WTF_LNG_N,2030,167.70072819785508,$M 2020CAD / bn tonne-km,CIMS service CAPEX times REGEN relative multiplier; Mid; CER Current Measures,T15,5,5,5,5,5,transport-cost-invest-freight-marine-2b87d19f:composite:1:ad7b13db5806a90b
AB,T_HDV_WTF_LNG_N,2035,167.70072819785508,$M 2020CAD / bn tonne-km,CIMS service CAPEX times REGEN relative multiplier; Mid; CER Current Measures,T15,5,5,5,5,5,transport-cost-invest-freight-marine-2b87d19f:composite:1:ad7b13db5806a90b
AB,T_HDV_WTF_LNG_N,2040,167.70072819785508,$M 2020CAD / bn tonne-km,CIMS service CAPEX times REGEN relative multiplier; Mid; CER Current Measures,T15,5,5,5,5,5,transport-cost-invest-freight-marine-2b87d19f:composite:1:ad7b13db5806a90b
AB,T_HDV_WTF_LNG_N,2045,167.70072819785508,$M 2020CAD / bn tonne-km,CIMS service CAPEX times REGEN relative multiplier; Mid; CER Current Measures,T15,5,5,5,5,5,transport-cost-invest-freight-marine-2b87d19f:composite:1:ad7b13db5806a90b
AB,T_HDV_WTF_MDO_N,2025,159.71497923605244,$M 2020CAD / bn tonne-km,CIMS service CAPEX times REGEN relative multiplier; Mid; CER Current Measures,T15,5,5,5,5,5,transport-cost-invest-freight-marine-7153c4b0:composite:1:6ed78a0e5715890a
AB,T_HDV_WTF_MDO_N,2030,159.71497923605244,$M 2020CAD / bn tonne-km,CIMS service CAPEX times REGEN relative multiplier; Mid; CER Current Measures,T15,5,5,5,5,5,transport-cost-invest-freight-marine-7153c4b0:composite:1:6ed78a0e5715890a
AB,T_HDV_WTF_MDO_N,2035,159.71497923605244,$M 2020CAD / bn tonne-km,CIMS service CAPEX times REGEN relative multiplier; Mid; CER Current Measures,T15,5,5,5,5,5,transport-cost-invest-freight-marine-7153c4b0:composite:1:6ed78a0e5715890a
AB,T_HDV_WTF_MDO_N,2040,159.71497923605244,$M 2020CAD / bn tonne-km,CIMS service CAPEX times REGEN relative multiplier; Mid; CER Current Measures,T15,5,5,5,5,5,transport-cost-invest-freight-marine-7153c4b0:composite:1:6ed78a0e5715890a
AB,T_HDV_WTF_MDO_N,2045,159.71497923605244,$M 2020CAD / bn tonne-km,CIMS service CAPEX times REGEN relative multiplier; Mid; CER Current Measures,T15,5,5,5,5,5,transport-cost-invest-freight-marine-7153c4b0:composite:1:6ed78a0e5715890a
AB,T_LDV_C_BEV150_N,2025,16.801003190903973,$M 2020CAD / k vehicles,NLR manufacturing price (RPE / 1.5); Mid; CER Current Measures,T06,5,5,5,5,5,transport-cost-invest-cars-17ac5a44:composite:1:6c9511ec7d0fa9a6
AB,T_LDV_C_BEV150_N,2030,15.869353538567474,$M 2020CAD / k vehicles,NLR manufacturing price (RPE / 1.5); Mid; CER Current Measures,T06,5,5,5,5,5,transport-cost-invest-cars-17ac5a44:composite:1:6c9511ec7d0fa9a6
AB,T_LDV_C_BEV150_N,2035,14.83975417546046,$M 2020CAD / k vehicles,NLR manufacturing price (RPE / 1.5); Mid; CER Current Measures,T06,5,5,5,5,5,transport-cost-invest-cars-17ac5a44:composite:1:6c9511ec7d0fa9a6
AB,T_LDV_C_BEV150_N,2040,14.463386506311748,$M 2020CAD / k vehicles,NLR manufacturing price (RPE / 1.5); Mid; CER Current Measures,T06,5,5,5,5,5,transport-cost-invest-cars-17ac5a44:composite:1:6c9511ec7d0fa9a6
AB,T_LDV_C_BEV150_N,2045,14.087018837163033,$M 2020CAD / k vehicles,NLR manufacturing price (RPE / 1.5); Mid; CER Current Measures,T06,5,5,5,5,5,transport-cost-invest-cars-17ac5a44:composite:1:6c9511ec7d0fa9a6
AB,T_LDV_C_BEV200_N,2025,18.450588718181724,$M 2020CAD / k vehicles,NLR manufacturing price (RPE / 1.5); Mid; CER Current Measures,T06,5,5,5,5,5,transport-cost-invest-cars-17ac5a44:composite:1:6c9511ec7d0fa9a6
AB,T_LDV_C_BEV200_N,2030,17.075432556783035,$M 2020CAD / k vehicles,NLR manufacturing price (RPE / 1.5); Mid; CER Current Measures,T06,5,5,5,5,5,transport-cost-invest-cars-17ac5a44:composite:1:6c9511ec7d0fa9a6
AB,T_LDV_C_BEV200_N,2035,16.064052800119892,$M 2020CAD / k vehicles,NLR manufacturing price (RPE / 1.5); Mid; CER Current Measures,T06,5,5,5,5,5,transport-cost-invest-cars-17ac5a44:composite:1:6c9511ec7d0fa9a6
AB,T_LDV_C_BEV200_N,2040,15.570840343740123,$M 2020CAD / k vehicles,NLR manufacturing price (RPE / 1.5); Mid; CER Current Measures,T06,5,5,5,5,5,transport-cost-invest-cars-17ac5a44:composite:1:6c9511ec7d0fa9a6
AB,T_LDV_C_BEV200_N,2045,15.077627887360357,$M 2020CAD / k vehicles,NLR manufacturing price (RPE / 1.5); Mid; CER Current Measures,T06,5,5,5,5,5,transport-cost-invest-cars-17ac5a44:composite:1:6c9511ec7d0fa9a6
AB,T_LDV_C_BEV300_N,2025,21.64471662156811,$M 2020CAD / k vehicles,NLR manufacturing price (RPE / 1.5); Mid; CER Current Measures,T06,5,5,5,5,5,transport-cost-invest-cars-17ac5a44:composite:1:6c9511ec7d0fa9a6
AB,T_LDV_C_BEV300_N,2030,20.127401795353926,$M 2020CAD / k vehicles,NLR manufacturing price (RPE / 1.5); Mid; CER Current Measures,T06,5,5,5,5,5,transport-cost-invest-cars-17ac5a44:composite:1:6c9511ec7d0fa9a6
AB,T_LDV_C_BEV300_N,2035,18.51224924915488,$M 2020CAD / k vehicles,NLR manufacturing price (RPE / 1.5); Mid; CER Current Measures,T06,5,5,5,5,5,transport-cost-invest-cars-17ac5a44:composite:1:6c9511ec7d0fa9a6
AB,T_LDV_C_BEV300_N,2040,17.8051222661988,$M 2020CAD / k vehicles,NLR manufacturing price (RPE / 1.5); Mid; CER Current Measures,T06,5,5,5,5,5,transport-cost-invest-cars-17ac5a44:composite:1:6c9511ec7d0fa9a6
AB,T_LDV_C_BEV300_N,2045,17.097995283242717,$M 2020CAD / k vehicles,NLR manufacturing price (RPE / 1.5); Mid; CER Current Measures,T06,5,5,5,5,5,transport-cost-invest-cars-17ac5a44:composite:1:6c9511ec7d0fa9a6
AB,T_LDV_C_BEV400_N,2025,26.871404576953083,$M 2020CAD / k vehicles,NLR manufacturing price (RPE / 1.5); Mid; CER Current Measures,T06,5,5,5,5,5,transport-cost-invest-cars-17ac5a44:composite:1:6c9511ec7d0fa9a6
AB,T_LDV_C_BEV400_N,2030,23.992811545238926,$M 2020CAD / k vehicles,NLR manufacturing price (RPE / 1.5); Mid; CER Current Measures,T06,5,5,5,5,5,transport-cost-invest-cars-17ac5a44:composite:1:6c9511ec7d0fa9a6
AB,T_LDV_C_BEV400_N,2035,21.55181606660899,$M 2020CAD / k vehicles,NLR manufacturing price (RPE / 1.5); Mid; CER Current Measures,T06,5,5,5,5,5,transport-cost-invest-cars-17ac5a44:composite:1:6c9511ec7d0fa9a6
AB,T_LDV_C_BEV400_N,2040,20.669024477781626,$M 2020CAD / k vehicles,NLR manufacturing price (RPE / 1.5); Mid; CER Current Measures,T06,5,5,5,5,5,transport-cost-invest-cars-17ac5a44:composite:1:6c9511ec7d0fa9a6
AB,T_LDV_C_BEV400_N,2045,19.786232888954267,$M 2020CAD / k vehicles,NLR manufacturing price (RPE / 1.5); Mid; CER Current Measures,T06,5,5,5,5,5,transport-cost-invest-cars-17ac5a44:composite:1:6c9511ec7d0fa9a6
AB,T_LDV_C_CNG_N,2025,23.453108528211796,$M 2020CAD / k vehicles,NLR manufacturing price (RPE / 1.5); Mid; CER Current Measures,T06,5,5,5,5,5,transport-cost-invest-cars-17ac5a44:composite:1:6c9511ec7d0fa9a6
AB,T_LDV_C_CNG_N,2030,23.465204181505534,$M 2020CAD / k vehicles,NLR manufacturing price (RPE / 1.5); Mid; CER Current Measures,T06,5,5,5,5,5,transport-cost-invest-cars-17ac5a44:composite:1:6c9511ec7d0fa9a6
AB,T_LDV_C_CNG_N,2035,23.51720295021423,$M 2020CAD / k vehicles,NLR manufacturing price (RPE / 1.5); Mid; CER Current Measures,T06,5,5,5,5,5,transport-cost-invest-cars-17ac5a44:composite:1:6c9511ec7d0fa9a6
AB,T_LDV_C_CNG_N,2040,23.486199536200548,$M 2020CAD / k vehicles,NLR manufacturing price (RPE / 1.5); Mid; CER Current Measures,T06,5,5,5,5,5,transport-cost-invest-cars-17ac5a44:composite:1:6c9511ec7d0fa9a6
AB,T_LDV_C_CNG_N,2045,23.455196122186884,$M 2020CAD / k vehicles,NLR manufacturing price (RPE / 1.5); Mid; CER Current Measures,T06,5,5,5,5,5,transport-cost-invest-cars-17ac5a44:composite:1:6c9511ec7d0fa9a6
AB,T_LDV_C_DSL_N,2025,21.616273204696757,$M 2020CAD / k vehicles,NLR manufacturing price (RPE / 1.5); Mid; CER Current Measures,T06,5,5,5,5,5,transport-cost-invest-cars-17ac5a44:composite:1:6c9511ec7d0fa9a6
AB,T_LDV_C_DSL_N,2030,21.664120670538832,$M 2020CAD / k vehicles,NLR manufacturing price (RPE / 1.5); Mid; CER Current Measures,T06,5,5,5,5,5,transport-cost-invest-cars-17ac5a44:composite:1:6c9511ec7d0fa9a6
AB,T_LDV_C_DSL_N,2035,21.697015383143423,$M 2020CAD / k vehicles,NLR manufacturing price (RPE / 1.5); Mid; CER Current Measures,T06,5,5,5,5,5,transport-cost-invest-cars-17ac5a44:composite:1:6c9511ec7d0fa9a6
AB,T_LDV_C_DSL_N,2040,21.66589628197499,$M 2020CAD / k vehicles,NLR manufacturing price (RPE / 1.5); Mid; CER Current Measures,T06,5,5,5,5,5,transport-cost-invest-cars-17ac5a44:composite:1:6c9511ec7d0fa9a6
AB,T_LDV_C_DSL_N,2045,21.634777180806548,$M 2020CAD / k vehicles,NLR manufacturing price (RPE / 1.5); Mid; CER Current Measures,T06,5,5,5,5,5,transport-cost-invest-cars-17ac5a44:composite:1:6c9511ec7d0fa9a6
AB,T_LDV_C_FCEV400_N,2025,24.286118891416027,$M 2020CAD / k vehicles,NLR manufacturing price (RPE / 1.5); Mid; CER Current Measures,T06,5,5,5,5,5,transport-cost-invest-cars-17ac5a44:composite:1:6c9511ec7d0fa9a6
AB,T_LDV_C_FCEV400_N,2030,22.43387181478082,$M 2020CAD / k vehicles,NLR manufacturing price (RPE / 1.5); Mid; CER Current Measures,T06,5,5,5,5,5,transport-cost-invest-cars-17ac5a44:composite:1:6c9511ec7d0fa9a6
AB,T_LDV_C_FCEV400_N,2035,20.99196339019948,$M 2020CAD / k vehicles,NLR manufacturing price (RPE / 1.5); Mid; CER Current Measures,T06,5,5,5,5,5,transport-cost-invest-cars-17ac5a44:composite:1:6c9511ec7d0fa9a6
AB,T_LDV_C_FCEV400_N,2040,20.525515721130493,$M 2020CAD / k vehicles,NLR manufacturing price (RPE / 1.5); Mid; CER Current Measures,T06,5,5,5,5,5,transport-cost-invest-cars-17ac5a44:composite:1:6c9511ec7d0fa9a6
AB,T_LDV_C_FCEV400_N,2045,20.059068052061516,$M 2020CAD / k vehicles,NLR manufacturing price (RPE / 1.5); Mid; CER Current Measures,T06,5,5,5,5,5,transport-cost-invest-cars-17ac5a44:composite:1:6c9511ec7d0fa9a6
AB,T_LDV_C_GSL_HEV_N,2025,20.068117018651932,$M 2020CAD / k vehicles,NLR manufacturing price (RPE / 1.5); Mid; CER Current Measures,T06,5,5,5,5,5,transport-cost-invest-cars-17ac5a44:composite:1:6c9511ec7d0fa9a6
AB,T_LDV_C_GSL_HEV_N,2030,19.480143337341726,$M 2020CAD / k vehicles,NLR manufacturing price (RPE / 1.5); Mid; CER Current Measures,T06,5,5,5,5,5,transport-cost-invest-cars-17ac5a44:composite:1:6c9511ec7d0fa9a6
AB,T_LDV_C_GSL_HEV_N,2035,19.11592132553458,$M 2020CAD / k vehicles,NLR manufacturing price (RPE / 1.5); Mid; CER Current Measures,T06,5,5,5,5,5,transport-cost-invest-cars-17ac5a44:composite:1:6c9511ec7d0fa9a6
AB,T_LDV_C_GSL_HEV_N,2040,18.86171930229058,$M 2020CAD / k vehicles,NLR manufacturing price (RPE / 1.5); Mid; CER Current Measures,T06,5,5,5,5,5,transport-cost-invest-cars-17ac5a44:composite:1:6c9511ec7d0fa9a6
AB,T_LDV_C_GSL_HEV_N,2045,18.607517279046583,$M 2020CAD / k vehicles,NLR manufacturing price (RPE / 1.5); Mid; CER Current Measures,T06,5,5,5,5,5,transport-cost-invest-cars-17ac5a44:composite:1:6c9511ec7d0fa9a6
AB,T_LDV_C_GSL_N,2025,18.099727473265236,$M 2020CAD / k vehicles,NLR manufacturing price (RPE / 1.5); Mid; CER Current Measures,T06,5,5,5,5,5,transport-cost-invest-cars-17ac5a44:composite:1:6c9511ec7d0fa9a6
AB,T_LDV_C_GSL_N,2030,18.568779974193454,$M 2020CAD / k vehicles,NLR manufacturing price (RPE / 1.5); Mid; CER Current Measures,T06,5,5,5,5,5,transport-cost-invest-cars-17ac5a44:composite:1:6c9511ec7d0fa9a6
AB,T_LDV_C_GSL_N,2035,19.547500130824435,$M 2020CAD / k vehicles,NLR manufacturing price (RPE / 1.5); Mid; CER Current Measures,T06,5,5,5,5,5,transport-cost-invest-cars-17ac5a44:composite:1:6c9511ec7d0fa9a6
AB,T_LDV_C_GSL_N,2040,19.51661240396554,$M 2020CAD / k vehicles,NLR manufacturing price (RPE / 1.5); Mid; CER Current Measures,T06,5,5,5,5,5,transport-cost-invest-cars-17ac5a44:composite:1:6c9511ec7d0fa9a6
AB,T_LDV_C_GSL_N,2045,19.485724677106628,$M 2020CAD / k vehicles,NLR manufacturing price (RPE / 1.5); Mid; CER Current Measures,T06,5,5,5,5,5,transport-cost-invest-cars-17ac5a44:composite:1:6c9511ec7d0fa9a6
AB,T_LDV_C_GSL_PHEV35_N,2025,21.329665367851863,$M 2020CAD / k vehicles,NLR manufacturing price (RPE / 1.5); Mid; CER Current Measures,T06,5,5,5,5,5,transport-cost-invest-cars-17ac5a44:composite:1:6c9511ec7d0fa9a6
AB,T_LDV_C_GSL_PHEV35_N,2030,20.243582306410154,$M 2020CAD / k vehicles,NLR manufacturing price (RPE / 1.5); Mid; CER Current Measures,T06,5,5,5,5,5,transport-cost-invest-cars-17ac5a44:composite:1:6c9511ec7d0fa9a6
AB,T_LDV_C_GSL_PHEV35_N,2035,19.51060185521329,$M 2020CAD / k vehicles,NLR manufacturing price (RPE / 1.5); Mid; CER Current Measures,T06,5,5,5,5,5,transport-cost-invest-cars-17ac5a44:composite:1:6c9511ec7d0fa9a6
AB,T_LDV_C_GSL_PHEV35_N,2040,19.119066477548746,$M 2020CAD / k vehicles,NLR manufacturing price (RPE / 1.5); Mid; CER Current Measures,T06,5,5,5,5,5,transport-cost-invest-cars-17ac5a44:composite:1:6c9511ec7d0fa9a6
AB,T_LDV_C_GSL_PHEV35_N,2045,18.727531099884192,$M 2020CAD / k vehicles,NLR manufacturing price (RPE / 1.5); Mid; CER Current Measures,T06,5,5,5,5,5,transport-cost-invest-cars-17ac5a44:composite:1:6c9511ec7d0fa9a6
AB,T_LDV_C_GSL_PHEV50_N,2025,22.408614632413034,$M 2020CAD / k vehicles,NLR manufacturing price (RPE / 1.5); Mid; CER Current Measures,T06,5,5,5,5,5,transport-cost-invest-cars-17ac5a44:composite:1:6c9511ec7d0fa9a6
AB,T_LDV_C_GSL_PHEV50_N,2030,21.11719207550682,$M 2020CAD / k vehicles,NLR manufacturing price (RPE / 1.5); Mid; CER Current Measures,T06,5,5,5,5,5,transport-cost-invest-cars-17ac5a44:composite:1:6c9511ec7d0fa9a6
AB,T_LDV_C_GSL_PHEV50_N,2035,20.22391623356339,$M 2020CAD / k vehicles,NLR manufacturing price (RPE / 1.5); Mid; CER Current Measures,T06,5,5,5,5,5,transport-cost-invest-cars-17ac5a44:composite:1:6c9511ec7d0fa9a6
AB,T_LDV_C_GSL_PHEV50_N,2040,19.775126157686778,$M 2020CAD / k vehicles,NLR manufacturing price (RPE / 1.5); Mid; CER Current Measures,T06,5,5,5,5,5,transport-cost-invest-cars-17ac5a44:composite:1:6c9511ec7d0fa9a6
AB,T_LDV_C_GSL_PHEV50_N,2045,19.326336081810155,$M 2020CAD / k vehicles,NLR manufacturing price (RPE / 1.5); Mid; CER Current Measures,T06,5,5,5,5,5,transport-cost-invest-cars-17ac5a44:composite:1:6c9511ec7d0fa9a6
AB,T_LDV_LTF_BEV150_N,2025,23.198054549055403,$M 2020CAD / k vehicles,NLR manufacturing price (RPE / 1.5); Mid; CER Current Measures,T06,5,5,5,5,5,transport-cost-invest-freight-light-trucks-17ac5a44:composite:1:f148ff7e78890547
AB,T_LDV_LTF_BEV150_N,2030,21.74990711330167,$M 2020CAD / k vehicles,NLR manufacturing price (RPE / 1.5); Mid; CER Current Measures,T06,5,5,5,5,5,transport-cost-invest-freight-light-trucks-17ac5a44:composite:1:f148ff7e78890547
AB,T_LDV_LTF_BEV150_N,2035,20.655907447622376,$M 2020CAD / k vehicles,NLR manufacturing price (RPE / 1.5); Mid; CER Current Measures,T06,5,5,5,5,5,transport-cost-invest-freight-light-trucks-17ac5a44:composite:1:f148ff7e78890547
AB,T_LDV_LTF_BEV150_N,2040,20.10871521160944,$M 2020CAD / k vehicles,NLR manufacturing price (RPE / 1.5); Mid; CER Current Measures,T06,5,5,5,5,5,transport-cost-invest-freight-light-trucks-17ac5a44:composite:1:f148ff7e78890547
AB,T_LDV_LTF_BEV150_N,2045,19.56152297559651,$M 2020CAD / k vehicles,NLR manufacturing price (RPE / 1.5); Mid; CER Current Measures,T06,5,5,5,5,5,transport-cost-invest-freight-light-trucks-17ac5a44:composite:1:f148ff7e78890547
AB,T_LDV_LTF_BEV200_N,2025,25.329852285373793,$M 2020CAD / k vehicles,NLR manufacturing price (RPE / 1.5); Mid; CER Current Measures,T06,5,5,5,5,5,transport-cost-invest-freight-light-trucks-17ac5a44:composite:1:f148ff7e78890547
AB,T_LDV_LTF_BEV200_N,2030,23.716184211003593,$M 2020CAD / k vehicles,NLR manufacturing price (RPE / 1.5); Mid; CER Current Measures,T06,5,5,5,5,5,transport-cost-invest-freight-light-trucks-17ac5a44:composite:1:f148ff7e78890547
AB,T_LDV_LTF_BEV200_N,2035,22.236253814604407,$M 2020CAD / k vehicles,NLR manufacturing price (RPE / 1.5); Mid; CER Current Measures,T06,5,5,5,5,5,transport-cost-invest-freight-light-trucks-17ac5a44:composite:1:f148ff7e78890547
AB,T_LDV_LTF_BEV200_N,2040,21.5507721961262,$M 2020CAD / k vehicles,NLR manufacturing price (RPE / 1.5); Mid; CER Current Measures,T06,5,5,5,5,5,transport-cost-invest-freight-light-trucks-17ac5a44:composite:1:f148ff7e78890547
AB,T_LDV_LTF_BEV200_N,2045,20.86529057764799,$M 2020CAD / k vehicles,NLR manufacturing price (RPE / 1.5); Mid; CER Current Measures,T06,5,5,5,5,5,transport-cost-invest-freight-light-trucks-17ac5a44:composite:1:f148ff7e78890547
AB,T_LDV_LTF_BEV300_N,2025,29.844256602098493,$M 2020CAD / k vehicles,NLR manufacturing price (RPE / 1.5); Mid; CER Current Measures,T06,5,5,5,5,5,transport-cost-invest-freight-light-trucks-17ac5a44:composite:1:f148ff7e78890547
AB,T_LDV_LTF_BEV300_N,2030,27.510148965283708,$M 2020CAD / k vehicles,NLR manufacturing price (RPE / 1.5); Mid; CER Current Measures,T06,5,5,5,5,5,transport-cost-invest-freight-light-trucks-17ac5a44:composite:1:f148ff7e78890547
AB,T_LDV_LTF_BEV300_N,2035,25.31530268754287,$M 2020CAD / k vehicles,NLR manufacturing price (RPE / 1.5); Mid; CER Current Measures,T06,5,5,5,5,5,transport-cost-invest-freight-light-trucks-17ac5a44:composite:1:f148ff7e78890547
AB,T_LDV_LTF_BEV300_N,2040,24.427240043847814,$M 2020CAD / k vehicles,NLR manufacturing price (RPE / 1.5); Mid; CER Current Measures,T06,5,5,5,5,5,transport-cost-invest-freight-light-trucks-17ac5a44:composite:1:f148ff7e78890547
AB,T_LDV_LTF_BEV300_N,2045,23.539177400152745,$M 2020CAD / k vehicles,NLR manufacturing price (RPE / 1.5); Mid; CER Current Measures,T06,5,5,5,5,5,transport-cost-invest-freight-light-trucks-17ac5a44:composite:1:f148ff7e78890547
AB,T_LDV_LTF_BEV400_N,2025,36.584254888203446,$M 2020CAD / k vehicles,NLR manufacturing price (RPE / 1.5); Mid; CER Current Measures,T06,5,5,5,5,5,transport-cost-invest-freight-light-trucks-17ac5a44:composite:1:f148ff7e78890547
AB,T_LDV_LTF_BEV400_N,2030,33.037308850618835,$M 2020CAD / k vehicles,NLR manufacturing price (RPE / 1.5); Mid; CER Current Measures,T06,5,5,5,5,5,transport-cost-invest-freight-light-trucks-17ac5a44:composite:1:f148ff7e78890547
AB,T_LDV_LTF_BEV400_N,2035,30.02648837692175,$M 2020CAD / k vehicles,NLR manufacturing price (RPE / 1.5); Mid; CER Current Measures,T06,5,5,5,5,5,transport-cost-invest-freight-light-trucks-17ac5a44:composite:1:f148ff7e78890547
AB,T_LDV_LTF_BEV400_N,2040,28.662275803539924,$M 2020CAD / k vehicles,NLR manufacturing price (RPE / 1.5); Mid; CER Current Measures,T06,5,5,5,5,5,transport-cost-invest-freight-light-trucks-17ac5a44:composite:1:f148ff7e78890547
AB,T_LDV_LTF_BEV400_N,2045,27.298063230158085,$M 2020CAD / k vehicles,NLR manufacturing price (RPE / 1.5); Mid; CER Current Measures,T06,5,5,5,5,5,transport-cost-invest-freight-light-trucks-17ac5a44:composite:1:f148ff7e78890547
AB,T_LDV_LTF_CNG_N,2025,28.202584348161018,$M 2020CAD / k vehicles,NLR manufacturing price (RPE / 1.5); Mid; CER Current Measures,T06,5,5,5,5,5,transport-cost-invest-freight-light-trucks-17ac5a44:composite:1:f148ff7e78890547
AB,T_LDV_LTF_CNG_N,2030,28.221438791034974,$M 2020CAD / k vehicles,NLR manufacturing price (RPE / 1.5); Mid; CER Current Measures,T06,5,5,5,5,5,transport-cost-invest-freight-light-trucks-17ac5a44:composite:1:f148ff7e78890547
AB,T_LDV_LTF_CNG_N,2035,28.26637565972034,$M 2020CAD / k vehicles,NLR manufacturing price (RPE / 1.5); Mid; CER Current Measures,T06,5,5,5,5,5,transport-cost-invest-freight-light-trucks-17ac5a44:composite:1:f148ff7e78890547
AB,T_LDV_LTF_CNG_N,2040,28.23312614804637,$M 2020CAD / k vehicles,NLR manufacturing price (RPE / 1.5); Mid; CER Current Measures,T06,5,5,5,5,5,transport-cost-invest-freight-light-trucks-17ac5a44:composite:1:f148ff7e78890547
AB,T_LDV_LTF_CNG_N,2045,28.199876636372398,$M 2020CAD / k vehicles,NLR manufacturing price (RPE / 1.5); Mid; CER Current Measures,T06,5,5,5,5,5,transport-cost-invest-freight-light-trucks-17ac5a44:composite:1:f148ff7e78890547
AB,T_LDV_LTF_DSL_N,2025,26.260701373316834,$M 2020CAD / k vehicles,NLR manufacturing price (RPE / 1.5); Mid; CER Current Measures,T06,5,5,5,5,5,transport-cost-invest-freight-light-trucks-17ac5a44:composite:1:f148ff7e78890547
AB,T_LDV_LTF_DSL_N,2030,26.31379742465607,$M 2020CAD / k vehicles,NLR manufacturing price (RPE / 1.5); Mid; CER Current Measures,T06,5,5,5,5,5,transport-cost-invest-freight-light-trucks-17ac5a44:composite:1:f148ff7e78890547
AB,T_LDV_LTF_DSL_N,2035,26.340561352654408,$M 2020CAD / k vehicles,NLR manufacturing price (RPE / 1.5); Mid; CER Current Measures,T06,5,5,5,5,5,transport-cost-invest-freight-light-trucks-17ac5a44:composite:1:f148ff7e78890547
AB,T_LDV_LTF_DSL_N,2040,26.306878671431193,$M 2020CAD / k vehicles,NLR manufacturing price (RPE / 1.5); Mid; CER Current Measures,T06,5,5,5,5,5,transport-cost-invest-freight-light-trucks-17ac5a44:composite:1:f148ff7e78890547
AB,T_LDV_LTF_DSL_N,2045,26.27319599020797,$M 2020CAD / k vehicles,NLR manufacturing price (RPE / 1.5); Mid; CER Current Measures,T06,5,5,5,5,5,transport-cost-invest-freight-light-trucks-17ac5a44:composite:1:f148ff7e78890547
AB,T_LDV_LTF_FCEV400_N,2025,32.37677135524399,$M 2020CAD / k vehicles,NLR manufacturing price (RPE / 1.5); Mid; CER Current Measures,T06,5,5,5,5,5,transport-cost-invest-freight-light-trucks-17ac5a44:composite:1:f148ff7e78890547
AB,T_LDV_LTF_FCEV400_N,2030,29.86525331984078,$M 2020CAD / k vehicles,NLR manufacturing price (RPE / 1.5); Mid; CER Current Measures,T06,5,5,5,5,5,transport-cost-invest-freight-light-trucks-17ac5a44:composite:1:f148ff7e78890547
AB,T_LDV_LTF_FCEV400_N,2035,28.008052077232414,$M 2020CAD / k vehicles,NLR manufacturing price (RPE / 1.5); Mid; CER Current Measures,T06,5,5,5,5,5,transport-cost-invest-freight-light-trucks-17ac5a44:composite:1:f148ff7e78890547
AB,T_LDV_LTF_FCEV400_N,2040,27.372639260917623,$M 2020CAD / k vehicles,NLR manufacturing price (RPE / 1.5); Mid; CER Current Measures,T06,5,5,5,5,5,transport-cost-invest-freight-light-trucks-17ac5a44:composite:1:f148ff7e78890547
AB,T_LDV_LTF_FCEV400_N,2045,26.737226444602825,$M 2020CAD / k vehicles,NLR manufacturing price (RPE / 1.5); Mid; CER Current Measures,T06,5,5,5,5,5,transport-cost-invest-freight-light-trucks-17ac5a44:composite:1:f148ff7e78890547
AB,T_LDV_LTF_GSL_HEV_N,2025,25.805974041711135,$M 2020CAD / k vehicles,NLR manufacturing price (RPE / 1.5); Mid; CER Current Measures,T06,5,5,5,5,5,transport-cost-invest-freight-light-trucks-17ac5a44:composite:1:f148ff7e78890547
AB,T_LDV_LTF_GSL_HEV_N,2030,25.013546241990706,$M 2020CAD / k vehicles,NLR manufacturing price (RPE / 1.5); Mid; CER Current Measures,T06,5,5,5,5,5,transport-cost-invest-freight-light-trucks-17ac5a44:composite:1:f148ff7e78890547
AB,T_LDV_LTF_GSL_HEV_N,2035,24.59411463965462,$M 2020CAD / k vehicles,NLR manufacturing price (RPE / 1.5); Mid; CER Current Measures,T06,5,5,5,5,5,transport-cost-invest-freight-light-trucks-17ac5a44:composite:1:f148ff7e78890547
AB,T_LDV_LTF_GSL_HEV_N,2040,24.273660430577024,$M 2020CAD / k vehicles,NLR manufacturing price (RPE / 1.5); Mid; CER Current Measures,T06,5,5,5,5,5,transport-cost-invest-freight-light-trucks-17ac5a44:composite:1:f148ff7e78890547
AB,T_LDV_LTF_GSL_HEV_N,2045,23.953206221499414,$M 2020CAD / k vehicles,NLR manufacturing price (RPE / 1.5); Mid; CER Current Measures,T06,5,5,5,5,5,transport-cost-invest-freight-light-trucks-17ac5a44:composite:1:f148ff7e78890547
AB,T_LDV_LTF_GSL_N,2025,22.976303566477313,$M 2020CAD / k vehicles,NLR manufacturing price (RPE / 1.5); Mid; CER Current Measures,T06,5,5,5,5,5,transport-cost-invest-freight-light-trucks-17ac5a44:composite:1:f148ff7e78890547
AB,T_LDV_LTF_GSL_N,2030,23.391220360599508,$M 2020CAD / k vehicles,NLR manufacturing price (RPE / 1.5); Mid; CER Current Measures,T06,5,5,5,5,5,transport-cost-invest-freight-light-trucks-17ac5a44:composite:1:f148ff7e78890547
AB,T_LDV_LTF_GSL_N,2035,24.53689334920375,$M 2020CAD / k vehicles,NLR manufacturing price (RPE / 1.5); Mid; CER Current Measures,T06,5,5,5,5,5,transport-cost-invest-freight-light-trucks-17ac5a44:composite:1:f148ff7e78890547
AB,T_LDV_LTF_GSL_N,2040,24.50360380796553,$M 2020CAD / k vehicles,NLR manufacturing price (RPE / 1.5); Mid; CER Current Measures,T06,5,5,5,5,5,transport-cost-invest-freight-light-trucks-17ac5a44:composite:1:f148ff7e78890547
AB,T_LDV_LTF_GSL_N,2045,24.470314266727303,$M 2020CAD / k vehicles,NLR manufacturing price (RPE / 1.5); Mid; CER Current Measures,T06,5,5,5,5,5,transport-cost-invest-freight-light-trucks-17ac5a44:composite:1:f148ff7e78890547
AB,T_LDV_LTF_GSL_PHEV35_N,2025,27.446247654117283,$M 2020CAD / k vehicles,NLR manufacturing price (RPE / 1.5); Mid; CER Current Measures,T06,5,5,5,5,5,transport-cost-invest-freight-light-trucks-17ac5a44:composite:1:f148ff7e78890547
AB,T_LDV_LTF_GSL_PHEV35_N,2030,26.021182399839542,$M 2020CAD / k vehicles,NLR manufacturing price (RPE / 1.5); Mid; CER Current Measures,T06,5,5,5,5,5,transport-cost-invest-freight-light-trucks-17ac5a44:composite:1:f148ff7e78890547
AB,T_LDV_LTF_GSL_PHEV35_N,2035,25.060453577776883,$M 2020CAD / k vehicles,NLR manufacturing price (RPE / 1.5); Mid; CER Current Measures,T06,5,5,5,5,5,transport-cost-invest-freight-light-trucks-17ac5a44:composite:1:f148ff7e78890547
AB,T_LDV_LTF_GSL_PHEV35_N,2040,24.565972014341902,$M 2020CAD / k vehicles,NLR manufacturing price (RPE / 1.5); Mid; CER Current Measures,T06,5,5,5,5,5,transport-cost-invest-freight-light-trucks-17ac5a44:composite:1:f148ff7e78890547
AB,T_LDV_LTF_GSL_PHEV35_N,2045,24.071490450906925,$M 2020CAD / k vehicles,NLR manufacturing price (RPE / 1.5); Mid; CER Current Measures,T06,5,5,5,5,5,transport-cost-invest-freight-light-trucks-17ac5a44:composite:1:f148ff7e78890547
AB,T_LDV_LTF_GSL_PHEV50_N,2025,28.913277009282893,$M 2020CAD / k vehicles,NLR manufacturing price (RPE / 1.5); Mid; CER Current Measures,T06,5,5,5,5,5,transport-cost-invest-freight-light-trucks-17ac5a44:composite:1:f148ff7e78890547
AB,T_LDV_LTF_GSL_PHEV50_N,2030,27.21484800643277,$M 2020CAD / k vehicles,NLR manufacturing price (RPE / 1.5); Mid; CER Current Measures,T06,5,5,5,5,5,transport-cost-invest-freight-light-trucks-17ac5a44:composite:1:f148ff7e78890547
AB,T_LDV_LTF_GSL_PHEV50_N,2035,26.025159541718963,$M 2020CAD / k vehicles,NLR manufacturing price (RPE / 1.5); Mid; CER Current Measures,T06,5,5,5,5,5,transport-cost-invest-freight-light-trucks-17ac5a44:composite:1:f148ff7e78890547
AB,T_LDV_LTF_GSL_PHEV50_N,2040,25.451859718379076,$M 2020CAD / k vehicles,NLR manufacturing price (RPE / 1.5); Mid; CER Current Measures,T06,5,5,5,5,5,transport-cost-invest-freight-light-trucks-17ac5a44:composite:1:f148ff7e78890547
AB,T_LDV_LTF_GSL_PHEV50_N,2045,24.878559895039174,$M 2020CAD / k vehicles,NLR manufacturing price (RPE / 1.5); Mid; CER Current Measures,T06,5,5,5,5,5,transport-cost-invest-freight-light-trucks-17ac5a44:composite:1:f148ff7e78890547
AB,T_LDV_LTP_BEV150_N,2025,23.198054549055403,$M 2020CAD / k vehicles,NLR manufacturing price (RPE / 1.5); Mid; CER Current Measures,T06,5,5,5,5,5,transport-cost-invest-passenger-light-trucks-17ac5a44:composite:1:095462aa45c4e45f
AB,T_LDV_LTP_BEV150_N,2030,21.74990711330167,$M 2020CAD / k vehicles,NLR manufacturing price (RPE / 1.5); Mid; CER Current Measures,T06,5,5,5,5,5,transport-cost-invest-passenger-light-trucks-17ac5a44:composite:1:095462aa45c4e45f
AB,T_LDV_LTP_BEV150_N,2035,20.655907447622376,$M 2020CAD / k vehicles,NLR manufacturing price (RPE / 1.5); Mid; CER Current Measures,T06,5,5,5,5,5,transport-cost-invest-passenger-light-trucks-17ac5a44:composite:1:095462aa45c4e45f
AB,T_LDV_LTP_BEV150_N,2040,20.10871521160944,$M 2020CAD / k vehicles,NLR manufacturing price (RPE / 1.5); Mid; CER Current Measures,T06,5,5,5,5,5,transport-cost-invest-passenger-light-trucks-17ac5a44:composite:1:095462aa45c4e45f
AB,T_LDV_LTP_BEV150_N,2045,19.56152297559651,$M 2020CAD / k vehicles,NLR manufacturing price (RPE / 1.5); Mid; CER Current Measures,T06,5,5,5,5,5,transport-cost-invest-passenger-light-trucks-17ac5a44:composite:1:095462aa45c4e45f
AB,T_LDV_LTP_BEV200_N,2025,25.329852285373793,$M 2020CAD / k vehicles,NLR manufacturing price (RPE / 1.5); Mid; CER Current Measures,T06,5,5,5,5,5,transport-cost-invest-passenger-light-trucks-17ac5a44:composite:1:095462aa45c4e45f
AB,T_LDV_LTP_BEV200_N,2030,23.716184211003593,$M 2020CAD / k vehicles,NLR manufacturing price (RPE / 1.5); Mid; CER Current Measures,T06,5,5,5,5,5,transport-cost-invest-passenger-light-trucks-17ac5a44:composite:1:095462aa45c4e45f
AB,T_LDV_LTP_BEV200_N,2035,22.236253814604407,$M 2020CAD / k vehicles,NLR manufacturing price (RPE / 1.5); Mid; CER Current Measures,T06,5,5,5,5,5,transport-cost-invest-passenger-light-trucks-17ac5a44:composite:1:095462aa45c4e45f
AB,T_LDV_LTP_BEV200_N,2040,21.5507721961262,$M 2020CAD / k vehicles,NLR manufacturing price (RPE / 1.5); Mid; CER Current Measures,T06,5,5,5,5,5,transport-cost-invest-passenger-light-trucks-17ac5a44:composite:1:095462aa45c4e45f
AB,T_LDV_LTP_BEV200_N,2045,20.86529057764799,$M 2020CAD / k vehicles,NLR manufacturing price (RPE / 1.5); Mid; CER Current Measures,T06,5,5,5,5,5,transport-cost-invest-passenger-light-trucks-17ac5a44:composite:1:095462aa45c4e45f
AB,T_LDV_LTP_BEV300_N,2025,29.844256602098493,$M 2020CAD / k vehicles,NLR manufacturing price (RPE / 1.5); Mid; CER Current Measures,T06,5,5,5,5,5,transport-cost-invest-passenger-light-trucks-17ac5a44:composite:1:095462aa45c4e45f
AB,T_LDV_LTP_BEV300_N,2030,27.510148965283708,$M 2020CAD / k vehicles,NLR manufacturing price (RPE / 1.5); Mid; CER Current Measures,T06,5,5,5,5,5,transport-cost-invest-passenger-light-trucks-17ac5a44:composite:1:095462aa45c4e45f
AB,T_LDV_LTP_BEV300_N,2035,25.31530268754287,$M 2020CAD / k vehicles,NLR manufacturing price (RPE / 1.5); Mid; CER Current Measures,T06,5,5,5,5,5,transport-cost-invest-passenger-light-trucks-17ac5a44:composite:1:095462aa45c4e45f
AB,T_LDV_LTP_BEV300_N,2040,24.427240043847814,$M 2020CAD / k vehicles,NLR manufacturing price (RPE / 1.5); Mid; CER Current Measures,T06,5,5,5,5,5,transport-cost-invest-passenger-light-trucks-17ac5a44:composite:1:095462aa45c4e45f
AB,T_LDV_LTP_BEV300_N,2045,23.539177400152745,$M 2020CAD / k vehicles,NLR manufacturing price (RPE / 1.5); Mid; CER Current Measures,T06,5,5,5,5,5,transport-cost-invest-passenger-light-trucks-17ac5a44:composite:1:095462aa45c4e45f
AB,T_LDV_LTP_BEV400_N,2025,36.584254888203446,$M 2020CAD / k vehicles,NLR manufacturing price (RPE / 1.5); Mid; CER Current Measures,T06,5,5,5,5,5,transport-cost-invest-passenger-light-trucks-17ac5a44:composite:1:095462aa45c4e45f
AB,T_LDV_LTP_BEV400_N,2030,33.037308850618835,$M 2020CAD / k vehicles,NLR manufacturing price (RPE / 1.5); Mid; CER Current Measures,T06,5,5,5,5,5,transport-cost-invest-passenger-light-trucks-17ac5a44:composite:1:095462aa45c4e45f
AB,T_LDV_LTP_BEV400_N,2035,30.02648837692175,$M 2020CAD / k vehicles,NLR manufacturing price (RPE / 1.5); Mid; CER Current Measures,T06,5,5,5,5,5,transport-cost-invest-passenger-light-trucks-17ac5a44:composite:1:095462aa45c4e45f
AB,T_LDV_LTP_BEV400_N,2040,28.662275803539924,$M 2020CAD / k vehicles,NLR manufacturing price (RPE / 1.5); Mid; CER Current Measures,T06,5,5,5,5,5,transport-cost-invest-passenger-light-trucks-17ac5a44:composite:1:095462aa45c4e45f
AB,T_LDV_LTP_BEV400_N,2045,27.298063230158085,$M 2020CAD / k vehicles,NLR manufacturing price (RPE / 1.5); Mid; CER Current Measures,T06,5,5,5,5,5,transport-cost-invest-passenger-light-trucks-17ac5a44:composite:1:095462aa45c4e45f
AB,T_LDV_LTP_CNG_N,2025,28.202584348161018,$M 2020CAD / k vehicles,NLR manufacturing price (RPE / 1.5); Mid; CER Current Measures,T06,5,5,5,5,5,transport-cost-invest-passenger-light-trucks-17ac5a44:composite:1:095462aa45c4e45f
AB,T_LDV_LTP_CNG_N,2030,28.221438791034974,$M 2020CAD / k vehicles,NLR manufacturing price (RPE / 1.5); Mid; CER Current Measures,T06,5,5,5,5,5,transport-cost-invest-passenger-light-trucks-17ac5a44:composite:1:095462aa45c4e45f
AB,T_LDV_LTP_CNG_N,2035,28.26637565972034,$M 2020CAD / k vehicles,NLR manufacturing price (RPE / 1.5); Mid; CER Current Measures,T06,5,5,5,5,5,transport-cost-invest-passenger-light-trucks-17ac5a44:composite:1:095462aa45c4e45f
AB,T_LDV_LTP_CNG_N,2040,28.23312614804637,$M 2020CAD / k vehicles,NLR manufacturing price (RPE / 1.5); Mid; CER Current Measures,T06,5,5,5,5,5,transport-cost-invest-passenger-light-trucks-17ac5a44:composite:1:095462aa45c4e45f
AB,T_LDV_LTP_CNG_N,2045,28.199876636372398,$M 2020CAD / k vehicles,NLR manufacturing price (RPE / 1.5); Mid; CER Current Measures,T06,5,5,5,5,5,transport-cost-invest-passenger-light-trucks-17ac5a44:composite:1:095462aa45c4e45f
AB,T_LDV_LTP_DSL_N,2025,26.260701373316834,$M 2020CAD / k vehicles,NLR manufacturing price (RPE / 1.5); Mid; CER Current Measures,T06,5,5,5,5,5,transport-cost-invest-passenger-light-trucks-17ac5a44:composite:1:095462aa45c4e45f
AB,T_LDV_LTP_DSL_N,2030,26.31379742465607,$M 2020CAD / k vehicles,NLR manufacturing price (RPE / 1.5); Mid; CER Current Measures,T06,5,5,5,5,5,transport-cost-invest-passenger-light-trucks-17ac5a44:composite:1:095462aa45c4e45f
AB,T_LDV_LTP_DSL_N,2035,26.340561352654408,$M 2020CAD / k vehicles,NLR manufacturing price (RPE / 1.5); Mid; CER Current Measures,T06,5,5,5,5,5,transport-cost-invest-passenger-light-trucks-17ac5a44:composite:1:095462aa45c4e45f
AB,T_LDV_LTP_DSL_N,2040,26.306878671431193,$M 2020CAD / k vehicles,NLR manufacturing price (RPE / 1.5); Mid; CER Current Measures,T06,5,5,5,5,5,transport-cost-invest-passenger-light-trucks-17ac5a44:composite:1:095462aa45c4e45f
AB,T_LDV_LTP_DSL_N,2045,26.27319599020797,$M 2020CAD / k vehicles,NLR manufacturing price (RPE / 1.5); Mid; CER Current Measures,T06,5,5,5,5,5,transport-cost-invest-passenger-light-trucks-17ac5a44:composite:1:095462aa45c4e45f
AB,T_LDV_LTP_FCEV400_N,2025,32.37677135524399,$M 2020CAD / k vehicles,NLR manufacturing price (RPE / 1.5); Mid; CER Current Measures,T06,5,5,5,5,5,transport-cost-invest-passenger-light-trucks-17ac5a44:composite:1:095462aa45c4e45f
AB,T_LDV_LTP_FCEV400_N,2030,29.86525331984078,$M 2020CAD / k vehicles,NLR manufacturing price (RPE / 1.5); Mid; CER Current Measures,T06,5,5,5,5,5,transport-cost-invest-passenger-light-trucks-17ac5a44:composite:1:095462aa45c4e45f
AB,T_LDV_LTP_FCEV400_N,2035,28.008052077232414,$M 2020CAD / k vehicles,NLR manufacturing price (RPE / 1.5); Mid; CER Current Measures,T06,5,5,5,5,5,transport-cost-invest-passenger-light-trucks-17ac5a44:composite:1:095462aa45c4e45f
AB,T_LDV_LTP_FCEV400_N,2040,27.372639260917623,$M 2020CAD / k vehicles,NLR manufacturing price (RPE / 1.5); Mid; CER Current Measures,T06,5,5,5,5,5,transport-cost-invest-passenger-light-trucks-17ac5a44:composite:1:095462aa45c4e45f
AB,T_LDV_LTP_FCEV400_N,2045,26.737226444602825,$M 2020CAD / k vehicles,NLR manufacturing price (RPE / 1.5); Mid; CER Current Measures,T06,5,5,5,5,5,transport-cost-invest-passenger-light-trucks-17ac5a44:composite:1:095462aa45c4e45f
AB,T_LDV_LTP_GSL_HEV_N,2025,25.805974041711135,$M 2020CAD / k vehicles,NLR manufacturing price (RPE / 1.5); Mid; CER Current Measures,T06,5,5,5,5,5,transport-cost-invest-passenger-light-trucks-17ac5a44:composite:1:095462aa45c4e45f
AB,T_LDV_LTP_GSL_HEV_N,2030,25.013546241990706,$M 2020CAD / k vehicles,NLR manufacturing price (RPE / 1.5); Mid; CER Current Measures,T06,5,5,5,5,5,transport-cost-invest-passenger-light-trucks-17ac5a44:composite:1:095462aa45c4e45f
AB,T_LDV_LTP_GSL_HEV_N,2035,24.59411463965462,$M 2020CAD / k vehicles,NLR manufacturing price (RPE / 1.5); Mid; CER Current Measures,T06,5,5,5,5,5,transport-cost-invest-passenger-light-trucks-17ac5a44:composite:1:095462aa45c4e45f
AB,T_LDV_LTP_GSL_HEV_N,2040,24.273660430577024,$M 2020CAD / k vehicles,NLR manufacturing price (RPE / 1.5); Mid; CER Current Measures,T06,5,5,5,5,5,transport-cost-invest-passenger-light-trucks-17ac5a44:composite:1:095462aa45c4e45f
AB,T_LDV_LTP_GSL_HEV_N,2045,23.953206221499414,$M 2020CAD / k vehicles,NLR manufacturing price (RPE / 1.5); Mid; CER Current Measures,T06,5,5,5,5,5,transport-cost-invest-passenger-light-trucks-17ac5a44:composite:1:095462aa45c4e45f
AB,T_LDV_LTP_GSL_N,2025,22.976303566477313,$M 2020CAD / k vehicles,NLR manufacturing price (RPE / 1.5); Mid; CER Current Measures,T06,5,5,5,5,5,transport-cost-invest-passenger-light-trucks-17ac5a44:composite:1:095462aa45c4e45f
AB,T_LDV_LTP_GSL_N,2030,23.391220360599508,$M 2020CAD / k vehicles,NLR manufacturing price (RPE / 1.5); Mid; CER Current Measures,T06,5,5,5,5,5,transport-cost-invest-passenger-light-trucks-17ac5a44:composite:1:095462aa45c4e45f
AB,T_LDV_LTP_GSL_N,2035,24.53689334920375,$M 2020CAD / k vehicles,NLR manufacturing price (RPE / 1.5); Mid; CER Current Measures,T06,5,5,5,5,5,transport-cost-invest-passenger-light-trucks-17ac5a44:composite:1:095462aa45c4e45f
AB,T_LDV_LTP_GSL_N,2040,24.50360380796553,$M 2020CAD / k vehicles,NLR manufacturing price (RPE / 1.5); Mid; CER Current Measures,T06,5,5,5,5,5,transport-cost-invest-passenger-light-trucks-17ac5a44:composite:1:095462aa45c4e45f
AB,T_LDV_LTP_GSL_N,2045,24.470314266727303,$M 2020CAD / k vehicles,NLR manufacturing price (RPE / 1.5); Mid; CER Current Measures,T06,5,5,5,5,5,transport-cost-invest-passenger-light-trucks-17ac5a44:composite:1:095462aa45c4e45f
AB,T_LDV_LTP_GSL_PHEV35_N,2025,27.446247654117283,$M 2020CAD / k vehicles,NLR manufacturing price (RPE / 1.5); Mid; CER Current Measures,T06,5,5,5,5,5,transport-cost-invest-passenger-light-trucks-17ac5a44:composite:1:095462aa45c4e45f
AB,T_LDV_LTP_GSL_PHEV35_N,2030,26.021182399839542,$M 2020CAD / k vehicles,NLR manufacturing price (RPE / 1.5); Mid; CER Current Measures,T06,5,5,5,5,5,transport-cost-invest-passenger-light-trucks-17ac5a44:composite:1:095462aa45c4e45f
AB,T_LDV_LTP_GSL_PHEV35_N,2035,25.060453577776883,$M 2020CAD / k vehicles,NLR manufacturing price (RPE / 1.5); Mid; CER Current Measures,T06,5,5,5,5,5,transport-cost-invest-passenger-light-trucks-17ac5a44:composite:1:095462aa45c4e45f
AB,T_LDV_LTP_GSL_PHEV35_N,2040,24.565972014341902,$M 2020CAD / k vehicles,NLR manufacturing price (RPE / 1.5); Mid; CER Current Measures,T06,5,5,5,5,5,transport-cost-invest-passenger-light-trucks-17ac5a44:composite:1:095462aa45c4e45f
AB,T_LDV_LTP_GSL_PHEV35_N,2045,24.071490450906925,$M 2020CAD / k vehicles,NLR manufacturing price (RPE / 1.5); Mid; CER Current Measures,T06,5,5,5,5,5,transport-cost-invest-passenger-light-trucks-17ac5a44:composite:1:095462aa45c4e45f
AB,T_LDV_LTP_GSL_PHEV50_N,2025,28.913277009282893,$M 2020CAD / k vehicles,NLR manufacturing price (RPE / 1.5); Mid; CER Current Measures,T06,5,5,5,5,5,transport-cost-invest-passenger-light-trucks-17ac5a44:composite:1:095462aa45c4e45f
AB,T_LDV_LTP_GSL_PHEV50_N,2030,27.21484800643277,$M 2020CAD / k vehicles,NLR manufacturing price (RPE / 1.5); Mid; CER Current Measures,T06,5,5,5,5,5,transport-cost-invest-passenger-light-trucks-17ac5a44:composite:1:095462aa45c4e45f
AB,T_LDV_LTP_GSL_PHEV50_N,2035,26.025159541718963,$M 2020CAD / k vehicles,NLR manufacturing price (RPE / 1.5); Mid; CER Current Measures,T06,5,5,5,5,5,transport-cost-invest-passenger-light-trucks-17ac5a44:composite:1:095462aa45c4e45f
AB,T_LDV_LTP_GSL_PHEV50_N,2040,25.451859718379076,$M 2020CAD / k vehicles,NLR manufacturing price (RPE / 1.5); Mid; CER Current Measures,T06,5,5,5,5,5,transport-cost-invest-passenger-light-trucks-17ac5a44:composite:1:095462aa45c4e45f
AB,T_LDV_LTP_GSL_PHEV50_N,2045,24.878559895039174,$M 2020CAD / k vehicles,NLR manufacturing price (RPE / 1.5); Mid; CER Current Measures,T06,5,5,5,5,5,transport-cost-invest-passenger-light-trucks-17ac5a44:composite:1:095462aa45c4e45f
AB,T_LDV_M_BEV_N,2025,13.037007628312024,$M 2020CAD / k vehicles,GCAM motorcycle purchase price; Mid; CER Current Measures,T11,5,5,5,5,5,transport-cost-invest-motorcycles-804abac7:composite:1:e5e1e447784151c9
AB,T_LDV_M_BEV_N,2030,12.923352577093377,$M 2020CAD / k vehicles,GCAM motorcycle purchase price; Mid; CER Current Measures,T11,5,5,5,5,5,transport-cost-invest-motorcycles-804abac7:composite:1:e5e1e447784151c9
AB,T_LDV_M_BEV_N,2035,12.80969752432432,$M 2020CAD / k vehicles,GCAM motorcycle purchase price; Mid; CER Current Measures,T11,5,5,5,5,5,transport-cost-invest-motorcycles-804abac7:composite:1:e5e1e447784151c9
AB,T_LDV_M_BEV_N,2040,12.711200268918915,$M 2020CAD / k vehicles,GCAM motorcycle purchase price; Mid; CER Current Measures,T11,5,5,5,5,5,transport-cost-invest-motorcycles-804abac7:composite:1:e5e1e447784151c9
AB,T_LDV_M_BEV_N,2045,12.612703013513512,$M 2020CAD / k vehicles,GCAM motorcycle purchase price; Mid; CER Current Measures,T11,5,5,5,5,5,transport-cost-invest-motorcycles-804abac7:composite:1:e5e1e447784151c9
AB,T_LDV_M_GSL_N,2025,13.891632432432433,$M 2020CAD / k vehicles,GCAM motorcycle purchase price; Mid; CER Current Measures,T11,5,5,5,5,5,transport-cost-invest-motorcycles-804abac7:composite:1:e5e1e447784151c9
AB,T_LDV_M_GSL_N,2030,13.891632432432433,$M 2020CAD / k vehicles,GCAM motorcycle purchase price; Mid; CER Current Measures,T11,5,5,5,5,5,transport-cost-invest-motorcycles-804abac7:composite:1:e5e1e447784151c9
AB,T_LDV_M_GSL_N,2035,13.891632432432433,$M 2020CAD / k vehicles,GCAM motorcycle purchase price; Mid; CER Current Measures,T11,5,5,5,5,5,transport-cost-invest-motorcycles-804abac7:composite:1:e5e1e447784151c9
AB,T_LDV_M_GSL_N,2040,13.891632432432433,$M 2020CAD / k vehicles,GCAM motorcycle purchase price; Mid; CER Current Measures,T11,5,5,5,5,5,transport-cost-invest-motorcycles-804abac7:composite:1:e5e1e447784151c9
AB,T_LDV_M_GSL_N,2045,13.891632432432433,$M 2020CAD / k vehicles,GCAM motorcycle purchase price; Mid; CER Current Measures,T11,5,5,5,5,5,transport-cost-invest-motorcycles-804abac7:composite:1:e5e1e447784151c9
AB,T_MDV_T_BEV_N,2025,65.33278261541977,$M 2020CAD / k vehicles,NLR manufacturing price (RPE / 1.5); Mid; CER Current Measures,T06,5,5,5,5,5,transport-cost-invest-medium-trucks-e162550e:composite:1:047ed20feabb1ef5
AB,T_MDV_T_BEV_N,2030,53.2834887643728,$M 2020CAD / k vehicles,NLR manufacturing price (RPE / 1.5); Mid; CER Current Measures,T06,5,5,5,5,5,transport-cost-invest-medium-trucks-e162550e:composite:1:047ed20feabb1ef5
AB,T_MDV_T_BEV_N,2035,46.60465239706312,$M 2020CAD / k vehicles,NLR manufacturing price (RPE / 1.5); Mid; CER Current Measures,T06,5,5,5,5,5,transport-cost-invest-medium-trucks-e162550e:composite:1:047ed20feabb1ef5
AB,T_MDV_T_BEV_N,2040,43.733968432748206,$M 2020CAD / k vehicles,NLR manufacturing price (RPE / 1.5); Mid; CER Current Measures,T06,5,5,5,5,5,transport-cost-invest-medium-trucks-e162550e:composite:1:047ed20feabb1ef5
AB,T_MDV_T_BEV_N,2045,40.863284468433285,$M 2020CAD / k vehicles,NLR manufacturing price (RPE / 1.5); Mid; CER Current Measures,T06,5,5,5,5,5,transport-cost-invest-medium-trucks-e162550e:composite:1:047ed20feabb1ef5
AB,T_MDV_T_DSL_HEV_N,2025,45.522868818484284,$M 2020CAD / k vehicles,NLR manufacturing price (RPE / 1.5); Mid; CER Current Measures,T06,5,5,5,5,5,transport-cost-invest-medium-trucks-e162550e:composite:1:047ed20feabb1ef5
AB,T_MDV_T_DSL_HEV_N,2030,45.04705495311201,$M 2020CAD / k vehicles,NLR manufacturing price (RPE / 1.5); Mid; CER Current Measures,T06,5,5,5,5,5,transport-cost-invest-medium-trucks-e162550e:composite:1:047ed20feabb1ef5
AB,T_MDV_T_DSL_HEV_N,2035,44.680283029573516,$M 2020CAD / k vehicles,NLR manufacturing price (RPE / 1.5); Mid; CER Current Measures,T06,5,5,5,5,5,transport-cost-invest-medium-trucks-e162550e:composite:1:047ed20feabb1ef5
AB,T_MDV_T_DSL_HEV_N,2040,44.60846739087874,$M 2020CAD / k vehicles,NLR manufacturing price (RPE / 1.5); Mid; CER Current Measures,T06,5,5,5,5,5,transport-cost-invest-medium-trucks-e162550e:composite:1:047ed20feabb1ef5
AB,T_MDV_T_DSL_HEV_N,2045,44.536651752183964,$M 2020CAD / k vehicles,NLR manufacturing price (RPE / 1.5); Mid; CER Current Measures,T06,5,5,5,5,5,transport-cost-invest-medium-trucks-e162550e:composite:1:047ed20feabb1ef5
AB,T_MDV_T_DSL_N,2025,41.288421469437736,$M 2020CAD / k vehicles,NLR manufacturing price (RPE / 1.5); Mid; CER Current Measures,T06,5,5,5,5,5,transport-cost-invest-medium-trucks-e162550e:composite:1:047ed20feabb1ef5
AB,T_MDV_T_DSL_N,2030,41.414036669880666,$M 2020CAD / k vehicles,NLR manufacturing price (RPE / 1.5); Mid; CER Current Measures,T06,5,5,5,5,5,transport-cost-invest-medium-trucks-e162550e:composite:1:047ed20feabb1ef5
AB,T_MDV_T_DSL_N,2035,41.175672786150855,$M 2020CAD / k vehicles,NLR manufacturing price (RPE / 1.5); Mid; CER Current Measures,T06,5,5,5,5,5,transport-cost-invest-medium-trucks-e162550e:composite:1:047ed20feabb1ef5
AB,T_MDV_T_DSL_N,2040,41.172870913315975,$M 2020CAD / k vehicles,NLR manufacturing price (RPE / 1.5); Mid; CER Current Measures,T06,5,5,5,5,5,transport-cost-invest-medium-trucks-e162550e:composite:1:047ed20feabb1ef5
AB,T_MDV_T_DSL_N,2045,41.170069040481096,$M 2020CAD / k vehicles,NLR manufacturing price (RPE / 1.5); Mid; CER Current Measures,T06,5,5,5,5,5,transport-cost-invest-medium-trucks-e162550e:composite:1:047ed20feabb1ef5
AB,T_MDV_T_DSL_PHEV_N,2025,70.85664509638025,$M 2020CAD / k vehicles,NLR manufacturing price (RPE / 1.5); Mid; CER Current Measures,T06,5,5,5,5,5,transport-cost-invest-medium-trucks-e162550e:composite:1:047ed20feabb1ef5
AB,T_MDV_T_DSL_PHEV_N,2030,60.5666701749238,$M 2020CAD / k vehicles,NLR manufacturing price (RPE / 1.5); Mid; CER Current Measures,T06,5,5,5,5,5,transport-cost-invest-medium-trucks-e162550e:composite:1:047ed20feabb1ef5
AB,T_MDV_T_DSL_PHEV_N,2035,54.22138541394572,$M 2020CAD / k vehicles,NLR manufacturing price (RPE / 1.5); Mid; CER Current Measures,T06,5,5,5,5,5,transport-cost-invest-medium-trucks-e162550e:composite:1:047ed20feabb1ef5
AB,T_MDV_T_DSL_PHEV_N,2040,51.658562719493986,$M 2020CAD / k vehicles,NLR manufacturing price (RPE / 1.5); Mid; CER Current Measures,T06,5,5,5,5,5,transport-cost-invest-medium-trucks-e162550e:composite:1:047ed20feabb1ef5
AB,T_MDV_T_DSL_PHEV_N,2045,49.09574002504226,$M 2020CAD / k vehicles,NLR manufacturing price (RPE / 1.5); Mid; CER Current Measures,T06,5,5,5,5,5,transport-cost-invest-medium-trucks-e162550e:composite:1:047ed20feabb1ef5
AB,T_MDV_T_FCEV_N,2025,65.59106294226915,$M 2020CAD / k vehicles,NLR manufacturing price (RPE / 1.5); Mid; CER Current Measures,T06,5,5,5,5,5,transport-cost-invest-medium-trucks-e162550e:composite:1:047ed20feabb1ef5
AB,T_MDV_T_FCEV_N,2030,49.87519714083219,$M 2020CAD / k vehicles,NLR manufacturing price (RPE / 1.5); Mid; CER Current Measures,T06,5,5,5,5,5,transport-cost-invest-medium-trucks-e162550e:composite:1:047ed20feabb1ef5
AB,T_MDV_T_FCEV_N,2035,45.38437067065345,$M 2020CAD / k vehicles,NLR manufacturing price (RPE / 1.5); Mid; CER Current Measures,T06,5,5,5,5,5,transport-cost-invest-medium-trucks-e162550e:composite:1:047ed20feabb1ef5
AB,T_MDV_T_FCEV_N,2040,44.456235440781114,$M 2020CAD / k vehicles,NLR manufacturing price (RPE / 1.5); Mid; CER Current Measures,T06,5,5,5,5,5,transport-cost-invest-medium-trucks-e162550e:composite:1:047ed20feabb1ef5
AB,T_MDV_T_FCEV_N,2045,43.528100210908775,$M 2020CAD / k vehicles,NLR manufacturing price (RPE / 1.5); Mid; CER Current Measures,T06,5,5,5,5,5,transport-cost-invest-medium-trucks-e162550e:composite:1:047ed20feabb1ef5
AB,T_MDV_T_FCHEV_N,2025,58.93034653160426,$M 2020CAD / k vehicles,NLR manufacturing price (RPE / 1.5); Mid; CER Current Measures,T06,5,5,5,5,5,transport-cost-invest-medium-trucks-e162550e:composite:1:047ed20feabb1ef5
AB,T_MDV_T_FCHEV_N,2030,46.71509367100195,$M 2020CAD / k vehicles,NLR manufacturing price (RPE / 1.5); Mid; CER Current Measures,T06,5,5,5,5,5,transport-cost-invest-medium-trucks-e162550e:composite:1:047ed20feabb1ef5
AB,T_MDV_T_FCHEV_N,2035,42.59235792865135,$M 2020CAD / k vehicles,NLR manufacturing price (RPE / 1.5); Mid; CER Current Measures,T06,5,5,5,5,5,transport-cost-invest-medium-trucks-e162550e:composite:1:047ed20feabb1ef5
AB,T_MDV_T_FCHEV_N,2040,41.43154062821085,$M 2020CAD / k vehicles,NLR manufacturing price (RPE / 1.5); Mid; CER Current Measures,T06,5,5,5,5,5,transport-cost-invest-medium-trucks-e162550e:composite:1:047ed20feabb1ef5
AB,T_MDV_T_FCHEV_N,2045,40.27072332777032,$M 2020CAD / k vehicles,NLR manufacturing price (RPE / 1.5); Mid; CER Current Measures,T06,5,5,5,5,5,transport-cost-invest-medium-trucks-e162550e:composite:1:047ed20feabb1ef5
AB,T_MDV_T_GSL_N,2025,41.288421469437736,$M 2020CAD / k vehicles,NLR manufacturing price (RPE / 1.5); reviewed gasoline->diesel purchase proxy; Mid; CER Current Measures,T06,5,5,5,5,5,transport-cost-invest-medium-trucks-e162550e:composite:1:047ed20feabb1ef5
AB,T_MDV_T_GSL_N,2030,41.414036669880666,$M 2020CAD / k vehicles,NLR manufacturing price (RPE / 1.5); reviewed gasoline->diesel purchase proxy; Mid; CER Current Measures,T06,5,5,5,5,5,transport-cost-invest-medium-trucks-e162550e:composite:1:047ed20feabb1ef5
AB,T_MDV_T_GSL_N,2035,41.175672786150855,$M 2020CAD / k vehicles,NLR manufacturing price (RPE / 1.5); reviewed gasoline->diesel purchase proxy; Mid; CER Current Measures,T06,5,5,5,5,5,transport-cost-invest-medium-trucks-e162550e:composite:1:047ed20feabb1ef5
AB,T_MDV_T_GSL_N,2040,41.172870913315975,$M 2020CAD / k vehicles,NLR manufacturing price (RPE / 1.5); reviewed gasoline->diesel purchase proxy; Mid; CER Current Measures,T06,5,5,5,5,5,transport-cost-invest-medium-trucks-e162550e:composite:1:047ed20feabb1ef5
AB,T_MDV_T_GSL_N,2045,41.170069040481096,$M 2020CAD / k vehicles,NLR manufacturing price (RPE / 1.5); reviewed gasoline->diesel purchase proxy; Mid; CER Current Measures,T06,5,5,5,5,5,transport-cost-invest-medium-trucks-e162550e:composite:1:047ed20feabb1ef5
BCT,T_HDV_AJF_JFL_N,2025,6132.623678803439,$M 2020CAD / bn tonne-km,CIMS aircraft CAPEX normalized by FAA All Aircraft annual service output; Mid; CER Current Measures,T15,5,5,5,5,5,transport-cost-invest-freight-air-e97ac762:composite:1:bd087d6387d7310e
BCT,T_HDV_AJF_JFL_N,2030,6132.623678803439,$M 2020CAD / bn tonne-km,CIMS aircraft CAPEX normalized by FAA All Aircraft annual service output; Mid; CER Current Measures,T15,5,5,5,5,5,transport-cost-invest-freight-air-e97ac762:composite:1:bd087d6387d7310e
BCT,T_HDV_AJF_JFL_N,2035,6132.623678803439,$M 2020CAD / bn tonne-km,CIMS aircraft CAPEX normalized by FAA All Aircraft annual service output; Mid; CER Current Measures,T15,5,5,5,5,5,transport-cost-invest-freight-air-e97ac762:composite:1:bd087d6387d7310e
BCT,T_HDV_AJF_JFL_N,2040,6132.623678803439,$M 2020CAD / bn tonne-km,CIMS aircraft CAPEX normalized by FAA All Aircraft annual service output; Mid; CER Current Measures,T15,5,5,5,5,5,transport-cost-invest-freight-air-e97ac762:composite:1:bd087d6387d7310e
BCT,T_HDV_AJF_JFL_N,2045,6132.623678803439,$M 2020CAD / bn tonne-km,CIMS aircraft CAPEX normalized by FAA All Aircraft annual service output; Mid; CER Current Measures,T15,5,5,5,5,5,transport-cost-invest-freight-air-e97ac762:composite:1:bd087d6387d7310e
BCT,T_HDV_AJF_SPK_N,2025,6132.623678803439,$M 2020CAD / bn tonne-km,CIMS aircraft CAPEX normalized by FAA All Aircraft annual service output; Mid; CER Current Measures,T15,5,5,5,5,5,transport-cost-invest-freight-air-e97ac762:composite:1:bd087d6387d7310e
BCT,T_HDV_AJF_SPK_N,2030,6132.623678803439,$M 2020CAD / bn tonne-km,CIMS aircraft CAPEX normalized by FAA All Aircraft annual service output; Mid; CER Current Measures,T15,5,5,5,5,5,transport-cost-invest-freight-air-e97ac762:composite:1:bd087d6387d7310e
BCT,T_HDV_AJF_SPK_N,2035,6132.623678803439,$M 2020CAD / bn tonne-km,CIMS aircraft CAPEX normalized by FAA All Aircraft annual service output; Mid; CER Current Measures,T15,5,5,5,5,5,transport-cost-invest-freight-air-e97ac762:composite:1:bd087d6387d7310e
BCT,T_HDV_AJF_SPK_N,2040,6132.623678803439,$M 2020CAD / bn tonne-km,CIMS aircraft CAPEX normalized by FAA All Aircraft annual service output; Mid; CER Current Measures,T15,5,5,5,5,5,transport-cost-invest-freight-air-e97ac762:composite:1:bd087d6387d7310e
BCT,T_HDV_AJF_SPK_N,2045,6132.623678803439,$M 2020CAD / bn tonne-km,CIMS aircraft CAPEX normalized by FAA All Aircraft annual service output; Mid; CER Current Measures,T15,5,5,5,5,5,transport-cost-invest-freight-air-e97ac762:composite:1:bd087d6387d7310e
BCT,T_HDV_AJP_JFL_N,2025,1032.1218289023984,$M 2020CAD / bn passenger-km,CIMS aircraft CAPEX normalized by FAA All Aircraft annual service output; Mid; CER Current Measures,T15,5,5,5,5,5,transport-cost-invest-passenger-air-e97ac762:composite:1:ca4132bec8ddc7b3
BCT,T_HDV_AJP_JFL_N,2030,1032.1218289023984,$M 2020CAD / bn passenger-km,CIMS aircraft CAPEX normalized by FAA All Aircraft annual service output; Mid; CER Current Measures,T15,5,5,5,5,5,transport-cost-invest-passenger-air-e97ac762:composite:1:ca4132bec8ddc7b3
BCT,T_HDV_AJP_JFL_N,2035,1032.1218289023984,$M 2020CAD / bn passenger-km,CIMS aircraft CAPEX normalized by FAA All Aircraft annual service output; Mid; CER Current Measures,T15,5,5,5,5,5,transport-cost-invest-passenger-air-e97ac762:composite:1:ca4132bec8ddc7b3
BCT,T_HDV_AJP_JFL_N,2040,1032.1218289023984,$M 2020CAD / bn passenger-km,CIMS aircraft CAPEX normalized by FAA All Aircraft annual service output; Mid; CER Current Measures,T15,5,5,5,5,5,transport-cost-invest-passenger-air-e97ac762:composite:1:ca4132bec8ddc7b3
BCT,T_HDV_AJP_JFL_N,2045,1032.1218289023984,$M 2020CAD / bn passenger-km,CIMS aircraft CAPEX normalized by FAA All Aircraft annual service output; Mid; CER Current Measures,T15,5,5,5,5,5,transport-cost-invest-passenger-air-e97ac762:composite:1:ca4132bec8ddc7b3
BCT,T_HDV_AJP_SPK_N,2025,1032.1218289023984,$M 2020CAD / bn passenger-km,CIMS aircraft CAPEX normalized by FAA All Aircraft annual service output; Mid; CER Current Measures,T15,5,5,5,5,5,transport-cost-invest-passenger-air-e97ac762:composite:1:ca4132bec8ddc7b3
BCT,T_HDV_AJP_SPK_N,2030,1032.1218289023984,$M 2020CAD / bn passenger-km,CIMS aircraft CAPEX normalized by FAA All Aircraft annual service output; Mid; CER Current Measures,T15,5,5,5,5,5,transport-cost-invest-passenger-air-e97ac762:composite:1:ca4132bec8ddc7b3
BCT,T_HDV_AJP_SPK_N,2035,1032.1218289023984,$M 2020CAD / bn passenger-km,CIMS aircraft CAPEX normalized by FAA All Aircraft annual service output; Mid; CER Current Measures,T15,5,5,5,5,5,transport-cost-invest-passenger-air-e97ac762:composite:1:ca4132bec8ddc7b3
BCT,T_HDV_AJP_SPK_N,2040,1032.1218289023984,$M 2020CAD / bn passenger-km,CIMS aircraft CAPEX normalized by FAA All Aircraft annual service output; Mid; CER Current Measures,T15,5,5,5,5,5,transport-cost-invest-passenger-air-e97ac762:composite:1:ca4132bec8ddc7b3
BCT,T_HDV_AJP_SPK_N,2045,1032.1218289023984,$M 2020CAD / bn passenger-km,CIMS aircraft CAPEX normalized by FAA All Aircraft annual service output; Mid; CER Current Measures,T15,5,5,5,5,5,transport-cost-invest-passenger-air-e97ac762:composite:1:ca4132bec8ddc7b3
BCT,T_HDV_BIC_BEV_N,2025,724.9291694090558,$M 2020CAD / k vehicles,REGEN intercity purchase price; Mid; CER Current Measures,T12,5,5,5,5,5,transport-cost-invest-inter-city-buses-8fe13d81:composite:1:a4215f62e54efd1d
BCT,T_HDV_BIC_BEV_N,2030,687.3711076208749,$M 2020CAD / k vehicles,REGEN intercity purchase price; Mid; CER Current Measures,T12,5,5,5,5,5,transport-cost-invest-inter-city-buses-8fe13d81:composite:1:a4215f62e54efd1d
BCT,T_HDV_BIC_BEV_N,2035,649.8130458326937,$M 2020CAD / k vehicles,REGEN intercity purchase price; Mid; CER Current Measures,T12,5,5,5,5,5,transport-cost-invest-inter-city-buses-8fe13d81:composite:1:a4215f62e54efd1d
BCT,T_HDV_BIC_BEV_N,2040,637.7195688948578,$M 2020CAD / k vehicles,REGEN intercity purchase price; Mid; CER Current Measures,T12,5,5,5,5,5,transport-cost-invest-inter-city-buses-8fe13d81:composite:1:a4215f62e54efd1d
BCT,T_HDV_BIC_BEV_N,2045,625.6260919570221,$M 2020CAD / k vehicles,REGEN intercity purchase price; Mid; CER Current Measures,T12,5,5,5,5,5,transport-cost-invest-inter-city-buses-8fe13d81:composite:1:a4215f62e54efd1d
BCT,T_HDV_BIC_DSL_HEV_N,2025,625.0231638861476,$M 2020CAD / k vehicles,REGEN intercity purchase price; Mid; CER Current Measures,T12,5,5,5,5,5,transport-cost-invest-inter-city-buses-0a292860:composite:1:bb531e37aa681bea
BCT,T_HDV_BIC_DSL_HEV_N,2030,631.1135387568029,$M 2020CAD / k vehicles,REGEN intercity purchase price; Mid; CER Current Measures,T12,5,5,5,5,5,transport-cost-invest-inter-city-buses-0a292860:composite:1:bb531e37aa681bea
BCT,T_HDV_BIC_DSL_HEV_N,2035,639.1593250453943,$M 2020CAD / k vehicles,REGEN intercity purchase price; Mid; CER Current Measures,T12,5,5,5,5,5,transport-cost-invest-inter-city-buses-0a292860:composite:1:bb531e37aa681bea
BCT,T_HDV_BIC_DSL_HEV_N,2040,638.5264211730566,$M 2020CAD / k vehicles,REGEN intercity purchase price; Mid; CER Current Measures,T12,5,5,5,5,5,transport-cost-invest-inter-city-buses-0a292860:composite:1:bb531e37aa681bea
BCT,T_HDV_BIC_DSL_HEV_N,2045,637.8945752873842,$M 2020CAD / k vehicles,REGEN intercity purchase price; Mid; CER Current Measures,T12,5,5,5,5,5,transport-cost-invest-inter-city-buses-0a292860:composite:1:bb531e37aa681bea
BCT,T_HDV_BIC_DSL_N,2025,578.3503599462776,$M 2020CAD / k vehicles,REGEN intercity purchase price; Mid; CER Current Measures,T12,5,5,5,5,5,transport-cost-invest-inter-city-buses-8fe13d81:composite:1:a4215f62e54efd1d
BCT,T_HDV_BIC_DSL_N,2030,592.376084435917,$M 2020CAD / k vehicles,REGEN intercity purchase price; Mid; CER Current Measures,T12,5,5,5,5,5,transport-cost-invest-inter-city-buses-8fe13d81:composite:1:a4215f62e54efd1d
BCT,T_HDV_BIC_DSL_N,2035,606.4018089255563,$M 2020CAD / k vehicles,REGEN intercity purchase price; Mid; CER Current Measures,T12,5,5,5,5,5,transport-cost-invest-inter-city-buses-8fe13d81:composite:1:a4215f62e54efd1d
BCT,T_HDV_BIC_DSL_N,2040,606.4018089255563,$M 2020CAD / k vehicles,REGEN intercity purchase price; Mid; CER Current Measures,T12,5,5,5,5,5,transport-cost-invest-inter-city-buses-8fe13d81:composite:1:a4215f62e54efd1d
BCT,T_HDV_BIC_DSL_N,2045,606.4018089255563,$M 2020CAD / k vehicles,REGEN intercity purchase price; Mid; CER Current Measures,T12,5,5,5,5,5,transport-cost-invest-inter-city-buses-8fe13d81:composite:1:a4215f62e54efd1d
BCT,T_HDV_BIC_FCEV_N,2025,726.7192071527243,$M 2020CAD / k vehicles,REGEN intercity purchase price; Mid; CER Current Measures,T12,5,5,5,5,5,transport-cost-invest-inter-city-buses-8fe13d81:composite:1:a4215f62e54efd1d
BCT,T_HDV_BIC_FCEV_N,2030,702.2862077359937,$M 2020CAD / k vehicles,REGEN intercity purchase price; Mid; CER Current Measures,T12,5,5,5,5,5,transport-cost-invest-inter-city-buses-8fe13d81:composite:1:a4215f62e54efd1d
BCT,T_HDV_BIC_FCEV_N,2035,677.8520796699922,$M 2020CAD / k vehicles,REGEN intercity purchase price; Mid; CER Current Measures,T12,5,5,5,5,5,transport-cost-invest-inter-city-buses-8fe13d81:composite:1:a4215f62e54efd1d
BCT,T_HDV_BIC_FCEV_N,2040,660.4821673906367,$M 2020CAD / k vehicles,REGEN intercity purchase price; Mid; CER Current Measures,T12,5,5,5,5,5,transport-cost-invest-inter-city-buses-8fe13d81:composite:1:a4215f62e54efd1d
BCT,T_HDV_BIC_FCEV_N,2045,643.1111264620107,$M 2020CAD / k vehicles,REGEN intercity purchase price; Mid; CER Current Measures,T12,5,5,5,5,5,transport-cost-invest-inter-city-buses-8fe13d81:composite:1:a4215f62e54efd1d
BCT,T_HDV_BIC_GSL_N,2025,578.3503599462776,$M 2020CAD / k vehicles,REGEN intercity purchase price; Mid; CER Current Measures,T12,5,5,5,5,5,transport-cost-invest-inter-city-buses-8fe13d81:composite:1:a4215f62e54efd1d
BCT,T_HDV_BIC_GSL_N,2030,592.376084435917,$M 2020CAD / k vehicles,REGEN intercity purchase price; Mid; CER Current Measures,T12,5,5,5,5,5,transport-cost-invest-inter-city-buses-8fe13d81:composite:1:a4215f62e54efd1d
BCT,T_HDV_BIC_GSL_N,2035,606.4018089255563,$M 2020CAD / k vehicles,REGEN intercity purchase price; Mid; CER Current Measures,T12,5,5,5,5,5,transport-cost-invest-inter-city-buses-8fe13d81:composite:1:a4215f62e54efd1d
BCT,T_HDV_BIC_GSL_N,2040,606.4018089255563,$M 2020CAD / k vehicles,REGEN intercity purchase price; Mid; CER Current Measures,T12,5,5,5,5,5,transport-cost-invest-inter-city-buses-8fe13d81:composite:1:a4215f62e54efd1d
BCT,T_HDV_BIC_GSL_N,2045,606.4018089255563,$M 2020CAD / k vehicles,REGEN intercity purchase price; Mid; CER Current Measures,T12,5,5,5,5,5,transport-cost-invest-inter-city-buses-8fe13d81:composite:1:a4215f62e54efd1d
BCT,T_HDV_BS_BEV_N,2025,84.19758949061635,$M 2020CAD / k vehicles,NLR manufacturing price (RPE / 1.5); Mid; CER Current Measures,T06,5,5,5,5,5,transport-cost-invest-school-buses-db3394b4:composite:1:4cfd8123718eed66
BCT,T_HDV_BS_BEV_N,2030,70.11365479609992,$M 2020CAD / k vehicles,NLR manufacturing price (RPE / 1.5); Mid; CER Current Measures,T06,5,5,5,5,5,transport-cost-invest-school-buses-db3394b4:composite:1:4cfd8123718eed66
BCT,T_HDV_BS_BEV_N,2035,62.61319010234349,$M 2020CAD / k vehicles,NLR manufacturing price (RPE / 1.5); Mid; CER Current Measures,T06,5,5,5,5,5,transport-cost-invest-school-buses-db3394b4:composite:1:4cfd8123718eed66
BCT,T_HDV_BS_BEV_N,2040,59.22776267866287,$M 2020CAD / k vehicles,NLR manufacturing price (RPE / 1.5); Mid; CER Current Measures,T06,5,5,5,5,5,transport-cost-invest-school-buses-db3394b4:composite:1:4cfd8123718eed66
BCT,T_HDV_BS_BEV_N,2045,55.842335254982245,$M 2020CAD / k vehicles,NLR manufacturing price (RPE / 1.5); Mid; CER Current Measures,T06,5,5,5,5,5,transport-cost-invest-school-buses-db3394b4:composite:1:4cfd8123718eed66
BCT,T_HDV_BS_CNG_N,2025,53.16800325295391,$M 2020CAD / k vehicles,NLR manufacturing price (RPE / 1.5); reviewed cng->diesel purchase proxy; Mid; CER Current Measures,T06,5,5,5,5,5,transport-cost-invest-school-buses-db3394b4:composite:1:4cfd8123718eed66
BCT,T_HDV_BS_CNG_N,2030,53.4655312378343,$M 2020CAD / k vehicles,NLR manufacturing price (RPE / 1.5); reviewed cng->diesel purchase proxy; Mid; CER Current Measures,T06,5,5,5,5,5,transport-cost-invest-school-buses-db3394b4:composite:1:4cfd8123718eed66
BCT,T_HDV_BS_CNG_N,2035,53.3714260725808,$M 2020CAD / k vehicles,NLR manufacturing price (RPE / 1.5); reviewed cng->diesel purchase proxy; Mid; CER Current Measures,T06,5,5,5,5,5,transport-cost-invest-school-buses-db3394b4:composite:1:4cfd8123718eed66
BCT,T_HDV_BS_CNG_N,2040,53.437700637583895,$M 2020CAD / k vehicles,NLR manufacturing price (RPE / 1.5); reviewed cng->diesel purchase proxy; Mid; CER Current Measures,T06,5,5,5,5,5,transport-cost-invest-school-buses-db3394b4:composite:1:4cfd8123718eed66
BCT,T_HDV_BS_CNG_N,2045,53.50397520258698,$M 2020CAD / k vehicles,NLR manufacturing price (RPE / 1.5); reviewed cng->diesel purchase proxy; Mid; CER Current Measures,T06,5,5,5,5,5,transport-cost-invest-school-buses-db3394b4:composite:1:4cfd8123718eed66
BCT,T_HDV_BS_DSL_HEV_N,2025,58.50015757889593,$M 2020CAD / k vehicles,NLR manufacturing price (RPE / 1.5); Mid; CER Current Measures,T06,5,5,5,5,5,transport-cost-invest-school-buses-db3394b4:composite:1:4cfd8123718eed66
BCT,T_HDV_BS_DSL_HEV_N,2030,57.81028888624818,$M 2020CAD / k vehicles,NLR manufacturing price (RPE / 1.5); Mid; CER Current Measures,T06,5,5,5,5,5,transport-cost-invest-school-buses-db3394b4:composite:1:4cfd8123718eed66
BCT,T_HDV_BS_DSL_HEV_N,2035,57.49401062408043,$M 2020CAD / k vehicles,NLR manufacturing price (RPE / 1.5); Mid; CER Current Measures,T06,5,5,5,5,5,transport-cost-invest-school-buses-db3394b4:composite:1:4cfd8123718eed66
BCT,T_HDV_BS_DSL_HEV_N,2040,57.405801772439325,$M 2020CAD / k vehicles,NLR manufacturing price (RPE / 1.5); Mid; CER Current Measures,T06,5,5,5,5,5,transport-cost-invest-school-buses-db3394b4:composite:1:4cfd8123718eed66
BCT,T_HDV_BS_DSL_HEV_N,2045,57.31759292079822,$M 2020CAD / k vehicles,NLR manufacturing price (RPE / 1.5); Mid; CER Current Measures,T06,5,5,5,5,5,transport-cost-invest-school-buses-db3394b4:composite:1:4cfd8123718eed66
BCT,T_HDV_BS_DSL_N,2025,53.16800325295391,$M 2020CAD / k vehicles,NLR manufacturing price (RPE / 1.5); Mid; CER Current Measures,T06,5,5,5,5,5,transport-cost-invest-school-buses-db3394b4:composite:1:4cfd8123718eed66
BCT,T_HDV_BS_DSL_N,2030,53.4655312378343,$M 2020CAD / k vehicles,NLR manufacturing price (RPE / 1.5); Mid; CER Current Measures,T06,5,5,5,5,5,transport-cost-invest-school-buses-db3394b4:composite:1:4cfd8123718eed66
BCT,T_HDV_BS_DSL_N,2035,53.3714260725808,$M 2020CAD / k vehicles,NLR manufacturing price (RPE / 1.5); Mid; CER Current Measures,T06,5,5,5,5,5,transport-cost-invest-school-buses-db3394b4:composite:1:4cfd8123718eed66
BCT,T_HDV_BS_DSL_N,2040,53.437700637583895,$M 2020CAD / k vehicles,NLR manufacturing price (RPE / 1.5); Mid; CER Current Measures,T06,5,5,5,5,5,transport-cost-invest-school-buses-db3394b4:composite:1:4cfd8123718eed66
BCT,T_HDV_BS_DSL_N,2045,53.50397520258698,$M 2020CAD / k vehicles,NLR manufacturing price (RPE / 1.5); Mid; CER Current Measures,T06,5,5,5,5,5,transport-cost-invest-school-buses-db3394b4:composite:1:4cfd8123718eed66
BCT,T_HDV_BS_DSL_PHEV_N,2025,87.13041588141115,$M 2020CAD / k vehicles,NLR manufacturing price (RPE / 1.5); Mid; CER Current Measures,T06,5,5,5,5,5,transport-cost-invest-school-buses-db3394b4:composite:1:4cfd8123718eed66
BCT,T_HDV_BS_DSL_PHEV_N,2030,75.5222253464583,$M 2020CAD / k vehicles,NLR manufacturing price (RPE / 1.5); Mid; CER Current Measures,T06,5,5,5,5,5,transport-cost-invest-school-buses-db3394b4:composite:1:4cfd8123718eed66
BCT,T_HDV_BS_DSL_PHEV_N,2035,68.7271956132863,$M 2020CAD / k vehicles,NLR manufacturing price (RPE / 1.5); Mid; CER Current Measures,T06,5,5,5,5,5,transport-cost-invest-school-buses-db3394b4:composite:1:4cfd8123718eed66
BCT,T_HDV_BS_DSL_PHEV_N,2040,65.82679894735955,$M 2020CAD / k vehicles,NLR manufacturing price (RPE / 1.5); Mid; CER Current Measures,T06,5,5,5,5,5,transport-cost-invest-school-buses-db3394b4:composite:1:4cfd8123718eed66
BCT,T_HDV_BS_DSL_PHEV_N,2045,62.926402281432814,$M 2020CAD / k vehicles,NLR manufacturing price (RPE / 1.5); Mid; CER Current Measures,T06,5,5,5,5,5,transport-cost-invest-school-buses-db3394b4:composite:1:4cfd8123718eed66
BCT,T_HDV_BS_FCEV_N,2025,84.25313276484489,$M 2020CAD / k vehicles,NLR manufacturing price (RPE / 1.5); Mid; CER Current Measures,T06,5,5,5,5,5,transport-cost-invest-school-buses-db3394b4:composite:1:4cfd8123718eed66
BCT,T_HDV_BS_FCEV_N,2030,66.34980196477711,$M 2020CAD / k vehicles,NLR manufacturing price (RPE / 1.5); Mid; CER Current Measures,T06,5,5,5,5,5,transport-cost-invest-school-buses-db3394b4:composite:1:4cfd8123718eed66
BCT,T_HDV_BS_FCEV_N,2035,60.95821279762239,$M 2020CAD / k vehicles,NLR manufacturing price (RPE / 1.5); Mid; CER Current Measures,T06,5,5,5,5,5,transport-cost-invest-school-buses-db3394b4:composite:1:4cfd8123718eed66
BCT,T_HDV_BS_FCEV_N,2040,59.87116842004512,$M 2020CAD / k vehicles,NLR manufacturing price (RPE / 1.5); Mid; CER Current Measures,T06,5,5,5,5,5,transport-cost-invest-school-buses-db3394b4:composite:1:4cfd8123718eed66
BCT,T_HDV_BS_FCEV_N,2045,58.78412404246786,$M 2020CAD / k vehicles,NLR manufacturing price (RPE / 1.5); Mid; CER Current Measures,T06,5,5,5,5,5,transport-cost-invest-school-buses-db3394b4:composite:1:4cfd8123718eed66
BCT,T_HDV_BS_FCHEV_N,2025,73.60226770799707,$M 2020CAD / k vehicles,NLR manufacturing price (RPE / 1.5); Mid; CER Current Measures,T06,5,5,5,5,5,transport-cost-invest-school-buses-db3394b4:composite:1:4cfd8123718eed66
BCT,T_HDV_BS_FCHEV_N,2030,61.272368386889674,$M 2020CAD / k vehicles,NLR manufacturing price (RPE / 1.5); Mid; CER Current Measures,T06,5,5,5,5,5,transport-cost-invest-school-buses-db3394b4:composite:1:4cfd8123718eed66
BCT,T_HDV_BS_FCHEV_N,2035,57.07478272624065,$M 2020CAD / k vehicles,NLR manufacturing price (RPE / 1.5); Mid; CER Current Measures,T06,5,5,5,5,5,transport-cost-invest-school-buses-db3394b4:composite:1:4cfd8123718eed66
BCT,T_HDV_BS_FCHEV_N,2040,55.59150607391185,$M 2020CAD / k vehicles,NLR manufacturing price (RPE / 1.5); Mid; CER Current Measures,T06,5,5,5,5,5,transport-cost-invest-school-buses-db3394b4:composite:1:4cfd8123718eed66
BCT,T_HDV_BS_FCHEV_N,2045,54.10822942158307,$M 2020CAD / k vehicles,NLR manufacturing price (RPE / 1.5); Mid; CER Current Measures,T06,5,5,5,5,5,transport-cost-invest-school-buses-db3394b4:composite:1:4cfd8123718eed66
BCT,T_HDV_BS_GSL_N,2025,53.16800325295391,$M 2020CAD / k vehicles,NLR manufacturing price (RPE / 1.5); reviewed gasoline->diesel purchase proxy; Mid; CER Current Measures,T06,5,5,5,5,5,transport-cost-invest-school-buses-db3394b4:composite:1:4cfd8123718eed66
BCT,T_HDV_BS_GSL_N,2030,53.4655312378343,$M 2020CAD / k vehicles,NLR manufacturing price (RPE / 1.5); reviewed gasoline->diesel purchase proxy; Mid; CER Current Measures,T06,5,5,5,5,5,transport-cost-invest-school-buses-db3394b4:composite:1:4cfd8123718eed66
BCT,T_HDV_BS_GSL_N,2035,53.3714260725808,$M 2020CAD / k vehicles,NLR manufacturing price (RPE / 1.5); reviewed gasoline->diesel purchase proxy; Mid; CER Current Measures,T06,5,5,5,5,5,transport-cost-invest-school-buses-db3394b4:composite:1:4cfd8123718eed66
BCT,T_HDV_BS_GSL_N,2040,53.437700637583895,$M 2020CAD / k vehicles,NLR manufacturing price (RPE / 1.5); reviewed gasoline->diesel purchase proxy; Mid; CER Current Measures,T06,5,5,5,5,5,transport-cost-invest-school-buses-db3394b4:composite:1:4cfd8123718eed66
BCT,T_HDV_BS_GSL_N,2045,53.50397520258698,$M 2020CAD / k vehicles,NLR manufacturing price (RPE / 1.5); reviewed gasoline->diesel purchase proxy; Mid; CER Current Measures,T06,5,5,5,5,5,transport-cost-invest-school-buses-db3394b4:composite:1:4cfd8123718eed66
BCT,T_HDV_BT_BEV_N,2025,274.5762303654073,$M 2020CAD / k vehicles,NLR manufacturing price (RPE / 1.5); Mid; CER Current Measures,T06,5,5,5,5,5,transport-cost-invest-urban-transit-db3394b4:composite:1:0cb1db7af1a5e7c6
BCT,T_HDV_BT_BEV_N,2030,238.945043058376,$M 2020CAD / k vehicles,NLR manufacturing price (RPE / 1.5); Mid; CER Current Measures,T06,5,5,5,5,5,transport-cost-invest-urban-transit-db3394b4:composite:1:0cb1db7af1a5e7c6
BCT,T_HDV_BT_BEV_N,2035,223.4573140190256,$M 2020CAD / k vehicles,NLR manufacturing price (RPE / 1.5); Mid; CER Current Measures,T06,5,5,5,5,5,transport-cost-invest-urban-transit-db3394b4:composite:1:0cb1db7af1a5e7c6
BCT,T_HDV_BT_BEV_N,2040,213.91920126710497,$M 2020CAD / k vehicles,NLR manufacturing price (RPE / 1.5); Mid; CER Current Measures,T06,5,5,5,5,5,transport-cost-invest-urban-transit-db3394b4:composite:1:0cb1db7af1a5e7c6
BCT,T_HDV_BT_BEV_N,2045,204.38108851518436,$M 2020CAD / k vehicles,NLR manufacturing price (RPE / 1.5); Mid; CER Current Measures,T06,5,5,5,5,5,transport-cost-invest-urban-transit-db3394b4:composite:1:0cb1db7af1a5e7c6
BCT,T_HDV_BT_CNG_N,2025,168.10437279387037,$M 2020CAD / k vehicles,NLR manufacturing price (RPE / 1.5); reviewed cng->diesel purchase proxy; Mid; CER Current Measures,T06,5,5,5,5,5,transport-cost-invest-urban-transit-db3394b4:composite:1:0cb1db7af1a5e7c6
BCT,T_HDV_BT_CNG_N,2030,168.63008811554965,$M 2020CAD / k vehicles,NLR manufacturing price (RPE / 1.5); reviewed cng->diesel purchase proxy; Mid; CER Current Measures,T06,5,5,5,5,5,transport-cost-invest-urban-transit-db3394b4:composite:1:0cb1db7af1a5e7c6
BCT,T_HDV_BT_CNG_N,2035,168.74400489454072,$M 2020CAD / k vehicles,NLR manufacturing price (RPE / 1.5); reviewed cng->diesel purchase proxy; Mid; CER Current Measures,T06,5,5,5,5,5,transport-cost-invest-urban-transit-db3394b4:composite:1:0cb1db7af1a5e7c6
BCT,T_HDV_BT_CNG_N,2040,168.88528056869325,$M 2020CAD / k vehicles,NLR manufacturing price (RPE / 1.5); reviewed cng->diesel purchase proxy; Mid; CER Current Measures,T06,5,5,5,5,5,transport-cost-invest-urban-transit-db3394b4:composite:1:0cb1db7af1a5e7c6
BCT,T_HDV_BT_CNG_N,2045,169.02655624284563,$M 2020CAD / k vehicles,NLR manufacturing price (RPE / 1.5); reviewed cng->diesel purchase proxy; Mid; CER Current Measures,T06,5,5,5,5,5,transport-cost-invest-urban-transit-db3394b4:composite:1:0cb1db7af1a5e7c6
BCT,T_HDV_BT_DSL_HEV_N,2025,181.6703753006759,$M 2020CAD / k vehicles,NLR manufacturing price (RPE / 1.5); Mid; CER Current Measures,T06,5,5,5,5,5,transport-cost-invest-urban-transit-db3394b4:composite:1:0cb1db7af1a5e7c6
BCT,T_HDV_BT_DSL_HEV_N,2030,179.65737383341144,$M 2020CAD / k vehicles,NLR manufacturing price (RPE / 1.5); Mid; CER Current Measures,T06,5,5,5,5,5,transport-cost-invest-urban-transit-db3394b4:composite:1:0cb1db7af1a5e7c6
BCT,T_HDV_BT_DSL_HEV_N,2035,177.85946988672637,$M 2020CAD / k vehicles,NLR manufacturing price (RPE / 1.5); Mid; CER Current Measures,T06,5,5,5,5,5,transport-cost-invest-urban-transit-db3394b4:composite:1:0cb1db7af1a5e7c6
BCT,T_HDV_BT_DSL_HEV_N,2040,177.83211099156486,$M 2020CAD / k vehicles,NLR manufacturing price (RPE / 1.5); Mid; CER Current Measures,T06,5,5,5,5,5,transport-cost-invest-urban-transit-db3394b4:composite:1:0cb1db7af1a5e7c6
BCT,T_HDV_BT_DSL_HEV_N,2045,177.80475209640355,$M 2020CAD / k vehicles,NLR manufacturing price (RPE / 1.5); Mid; CER Current Measures,T06,5,5,5,5,5,transport-cost-invest-urban-transit-db3394b4:composite:1:0cb1db7af1a5e7c6
BCT,T_HDV_BT_DSL_N,2025,168.10437279387037,$M 2020CAD / k vehicles,NLR manufacturing price (RPE / 1.5); Mid; CER Current Measures,T06,5,5,5,5,5,transport-cost-invest-urban-transit-db3394b4:composite:1:0cb1db7af1a5e7c6
BCT,T_HDV_BT_DSL_N,2030,168.63008811554965,$M 2020CAD / k vehicles,NLR manufacturing price (RPE / 1.5); Mid; CER Current Measures,T06,5,5,5,5,5,transport-cost-invest-urban-transit-db3394b4:composite:1:0cb1db7af1a5e7c6
BCT,T_HDV_BT_DSL_N,2035,168.74400489454072,$M 2020CAD / k vehicles,NLR manufacturing price (RPE / 1.5); Mid; CER Current Measures,T06,5,5,5,5,5,transport-cost-invest-urban-transit-db3394b4:composite:1:0cb1db7af1a5e7c6
BCT,T_HDV_BT_DSL_N,2040,168.88528056869325,$M 2020CAD / k vehicles,NLR manufacturing price (RPE / 1.5); Mid; CER Current Measures,T06,5,5,5,5,5,transport-cost-invest-urban-transit-db3394b4:composite:1:0cb1db7af1a5e7c6
BCT,T_HDV_BT_DSL_N,2045,169.02655624284563,$M 2020CAD / k vehicles,NLR manufacturing price (RPE / 1.5); Mid; CER Current Measures,T06,5,5,5,5,5,transport-cost-invest-urban-transit-db3394b4:composite:1:0cb1db7af1a5e7c6
BCT,T_HDV_BT_DSL_PHEV_N,2025,259.0927466718578,$M 2020CAD / k vehicles,NLR manufacturing price (RPE / 1.5); Mid; CER Current Measures,T06,5,5,5,5,5,transport-cost-invest-urban-transit-db3394b4:composite:1:0cb1db7af1a5e7c6
BCT,T_HDV_BT_DSL_PHEV_N,2030,231.4194600686309,$M 2020CAD / k vehicles,NLR manufacturing price (RPE / 1.5); Mid; CER Current Measures,T06,5,5,5,5,5,transport-cost-invest-urban-transit-db3394b4:composite:1:0cb1db7af1a5e7c6
BCT,T_HDV_BT_DSL_PHEV_N,2035,215.48950750835243,$M 2020CAD / k vehicles,NLR manufacturing price (RPE / 1.5); Mid; CER Current Measures,T06,5,5,5,5,5,transport-cost-invest-urban-transit-db3394b4:composite:1:0cb1db7af1a5e7c6
BCT,T_HDV_BT_DSL_PHEV_N,2040,207.95920746771745,$M 2020CAD / k vehicles,NLR manufacturing price (RPE / 1.5); Mid; CER Current Measures,T06,5,5,5,5,5,transport-cost-invest-urban-transit-db3394b4:composite:1:0cb1db7af1a5e7c6
BCT,T_HDV_BT_DSL_PHEV_N,2045,200.42890742708235,$M 2020CAD / k vehicles,NLR manufacturing price (RPE / 1.5); Mid; CER Current Measures,T06,5,5,5,5,5,transport-cost-invest-urban-transit-db3394b4:composite:1:0cb1db7af1a5e7c6
BCT,T_HDV_BT_FCEV_N,2025,215.50153598812167,$M 2020CAD / k vehicles,NLR manufacturing price (RPE / 1.5); Mid; CER Current Measures,T06,5,5,5,5,5,transport-cost-invest-urban-transit-db3394b4:composite:1:0cb1db7af1a5e7c6
BCT,T_HDV_BT_FCEV_N,2030,191.4891525805455,$M 2020CAD / k vehicles,NLR manufacturing price (RPE / 1.5); Mid; CER Current Measures,T06,5,5,5,5,5,transport-cost-invest-urban-transit-db3394b4:composite:1:0cb1db7af1a5e7c6
BCT,T_HDV_BT_FCEV_N,2035,184.77018529297314,$M 2020CAD / k vehicles,NLR manufacturing price (RPE / 1.5); Mid; CER Current Measures,T06,5,5,5,5,5,transport-cost-invest-urban-transit-db3394b4:composite:1:0cb1db7af1a5e7c6
BCT,T_HDV_BT_FCEV_N,2040,183.30082394076953,$M 2020CAD / k vehicles,NLR manufacturing price (RPE / 1.5); Mid; CER Current Measures,T06,5,5,5,5,5,transport-cost-invest-urban-transit-db3394b4:composite:1:0cb1db7af1a5e7c6
BCT,T_HDV_BT_FCEV_N,2045,181.83146258856593,$M 2020CAD / k vehicles,NLR manufacturing price (RPE / 1.5); Mid; CER Current Measures,T06,5,5,5,5,5,transport-cost-invest-urban-transit-db3394b4:composite:1:0cb1db7af1a5e7c6
BCT,T_HDV_BT_FCHEV_N,2025,199.82064371482988,$M 2020CAD / k vehicles,NLR manufacturing price (RPE / 1.5); Mid; CER Current Measures,T06,5,5,5,5,5,transport-cost-invest-urban-transit-db3394b4:composite:1:0cb1db7af1a5e7c6
BCT,T_HDV_BT_FCHEV_N,2030,183.79870866219838,$M 2020CAD / k vehicles,NLR manufacturing price (RPE / 1.5); Mid; CER Current Measures,T06,5,5,5,5,5,transport-cost-invest-urban-transit-db3394b4:composite:1:0cb1db7af1a5e7c6
BCT,T_HDV_BT_FCHEV_N,2035,177.91395182450466,$M 2020CAD / k vehicles,NLR manufacturing price (RPE / 1.5); Mid; CER Current Measures,T06,5,5,5,5,5,transport-cost-invest-urban-transit-db3394b4:composite:1:0cb1db7af1a5e7c6
BCT,T_HDV_BT_FCHEV_N,2040,175.96227201880893,$M 2020CAD / k vehicles,NLR manufacturing price (RPE / 1.5); Mid; CER Current Measures,T06,5,5,5,5,5,transport-cost-invest-urban-transit-db3394b4:composite:1:0cb1db7af1a5e7c6
BCT,T_HDV_BT_FCHEV_N,2045,174.01059221311317,$M 2020CAD / k vehicles,NLR manufacturing price (RPE / 1.5); Mid; CER Current Measures,T06,5,5,5,5,5,transport-cost-invest-urban-transit-db3394b4:composite:1:0cb1db7af1a5e7c6
BCT,T_HDV_BT_GSL_N,2025,168.10437279387037,$M 2020CAD / k vehicles,NLR manufacturing price (RPE / 1.5); reviewed gasoline->diesel purchase proxy; Mid; CER Current Measures,T06,5,5,5,5,5,transport-cost-invest-urban-transit-db3394b4:composite:1:0cb1db7af1a5e7c6
BCT,T_HDV_BT_GSL_N,2030,168.63008811554965,$M 2020CAD / k vehicles,NLR manufacturing price (RPE / 1.5); reviewed gasoline->diesel purchase proxy; Mid; CER Current Measures,T06,5,5,5,5,5,transport-cost-invest-urban-transit-db3394b4:composite:1:0cb1db7af1a5e7c6
BCT,T_HDV_BT_GSL_N,2035,168.74400489454072,$M 2020CAD / k vehicles,NLR manufacturing price (RPE / 1.5); reviewed gasoline->diesel purchase proxy; Mid; CER Current Measures,T06,5,5,5,5,5,transport-cost-invest-urban-transit-db3394b4:composite:1:0cb1db7af1a5e7c6
BCT,T_HDV_BT_GSL_N,2040,168.88528056869325,$M 2020CAD / k vehicles,NLR manufacturing price (RPE / 1.5); reviewed gasoline->diesel purchase proxy; Mid; CER Current Measures,T06,5,5,5,5,5,transport-cost-invest-urban-transit-db3394b4:composite:1:0cb1db7af1a5e7c6
BCT,T_HDV_BT_GSL_N,2045,169.02655624284563,$M 2020CAD / k vehicles,NLR manufacturing price (RPE / 1.5); reviewed gasoline->diesel purchase proxy; Mid; CER Current Measures,T06,5,5,5,5,5,transport-cost-invest-urban-transit-db3394b4:composite:1:0cb1db7af1a5e7c6
BCT,T_HDV_RF_DSL_N,2025,39.10602039451965,$M 2020CAD / bn tonne-km,CIMS service CAPEX times REGEN relative multiplier; Mid; CER Current Measures,T15,5,5,5,5,5,transport-cost-invest-freight-rail-7153c4b0:composite:1:67df951b6b1f4bd6
BCT,T_HDV_RF_DSL_N,2030,39.10602039451965,$M 2020CAD / bn tonne-km,CIMS service CAPEX times REGEN relative multiplier; Mid; CER Current Measures,T15,5,5,5,5,5,transport-cost-invest-freight-rail-7153c4b0:composite:1:67df951b6b1f4bd6
BCT,T_HDV_RF_DSL_N,2035,39.10602039451965,$M 2020CAD / bn tonne-km,CIMS service CAPEX times REGEN relative multiplier; Mid; CER Current Measures,T15,5,5,5,5,5,transport-cost-invest-freight-rail-7153c4b0:composite:1:67df951b6b1f4bd6
BCT,T_HDV_RF_DSL_N,2040,39.10602039451965,$M 2020CAD / bn tonne-km,CIMS service CAPEX times REGEN relative multiplier; Mid; CER Current Measures,T15,5,5,5,5,5,transport-cost-invest-freight-rail-7153c4b0:composite:1:67df951b6b1f4bd6
BCT,T_HDV_RF_DSL_N,2045,39.10602039451965,$M 2020CAD / bn tonne-km,CIMS service CAPEX times REGEN relative multiplier; Mid; CER Current Measures,T15,5,5,5,5,5,transport-cost-invest-freight-rail-7153c4b0:composite:1:67df951b6b1f4bd6
BCT,T_HDV_RF_H2_N,2025,74.69249895353255,$M 2020CAD / bn tonne-km,CIMS service CAPEX times REGEN relative multiplier; Mid; CER Current Measures,T15,5,5,5,5,5,transport-cost-invest-freight-rail-2b87d19f:composite:1:515b0963e9e286db
BCT,T_HDV_RF_H2_N,2030,74.69249895353255,$M 2020CAD / bn tonne-km,CIMS service CAPEX times REGEN relative multiplier; Mid; CER Current Measures,T15,5,5,5,5,5,transport-cost-invest-freight-rail-2b87d19f:composite:1:515b0963e9e286db
BCT,T_HDV_RF_H2_N,2035,74.69249895353255,$M 2020CAD / bn tonne-km,CIMS service CAPEX times REGEN relative multiplier; Mid; CER Current Measures,T15,5,5,5,5,5,transport-cost-invest-freight-rail-2b87d19f:composite:1:515b0963e9e286db
BCT,T_HDV_RF_H2_N,2040,68.4355356904094,$M 2020CAD / bn tonne-km,CIMS service CAPEX times REGEN relative multiplier; Mid; CER Current Measures,T15,5,5,5,5,5,transport-cost-invest-freight-rail-2b87d19f:composite:1:515b0963e9e286db
BCT,T_HDV_RF_H2_N,2045,62.178572427286255,$M 2020CAD / bn tonne-km,CIMS service CAPEX times REGEN relative multiplier; Mid; CER Current Measures,T15,5,5,5,5,5,transport-cost-invest-freight-rail-2b87d19f:composite:1:515b0963e9e286db
BCT,T_HDV_RF_LNG_N,2025,61.39645201939587,$M 2020CAD / bn tonne-km,CIMS service CAPEX times REGEN relative multiplier; Mid; CER Current Measures,T15,5,5,5,5,5,transport-cost-invest-freight-rail-2b87d19f:composite:1:515b0963e9e286db
BCT,T_HDV_RF_LNG_N,2030,61.39645201939587,$M 2020CAD / bn tonne-km,CIMS service CAPEX times REGEN relative multiplier; Mid; CER Current Measures,T15,5,5,5,5,5,transport-cost-invest-freight-rail-2b87d19f:composite:1:515b0963e9e286db
BCT,T_HDV_RF_LNG_N,2035,61.39645201939587,$M 2020CAD / bn tonne-km,CIMS service CAPEX times REGEN relative multiplier; Mid; CER Current Measures,T15,5,5,5,5,5,transport-cost-invest-freight-rail-2b87d19f:composite:1:515b0963e9e286db
BCT,T_HDV_RF_LNG_N,2040,61.13574521676574,$M 2020CAD / bn tonne-km,CIMS service CAPEX times REGEN relative multiplier; Mid; CER Current Measures,T15,5,5,5,5,5,transport-cost-invest-freight-rail-2b87d19f:composite:1:515b0963e9e286db
BCT,T_HDV_RF_LNG_N,2045,60.87503841413561,$M 2020CAD / bn tonne-km,CIMS service CAPEX times REGEN relative multiplier; Mid; CER Current Measures,T15,5,5,5,5,5,transport-cost-invest-freight-rail-2b87d19f:composite:1:515b0963e9e286db
BCT,T_HDV_RICP_DSL_N,2025,1885.6878005906885,$M 2020CAD / bn passenger-km,CIMS service CAPEX times REGEN relative multiplier; Mid; CER Current Measures,T15,5,5,5,5,5,transport-cost-invest-passenger-rail-7153c4b0:composite:1:37d8b07bf17dc2b2
BCT,T_HDV_RICP_DSL_N,2030,1885.6878005906885,$M 2020CAD / bn passenger-km,CIMS service CAPEX times REGEN relative multiplier; Mid; CER Current Measures,T15,5,5,5,5,5,transport-cost-invest-passenger-rail-7153c4b0:composite:1:37d8b07bf17dc2b2
BCT,T_HDV_RICP_DSL_N,2035,1885.6878005906885,$M 2020CAD / bn passenger-km,CIMS service CAPEX times REGEN relative multiplier; Mid; CER Current Measures,T15,5,5,5,5,5,transport-cost-invest-passenger-rail-7153c4b0:composite:1:37d8b07bf17dc2b2
BCT,T_HDV_RICP_DSL_N,2040,1885.6878005906885,$M 2020CAD / bn passenger-km,CIMS service CAPEX times REGEN relative multiplier; Mid; CER Current Measures,T15,5,5,5,5,5,transport-cost-invest-passenger-rail-7153c4b0:composite:1:37d8b07bf17dc2b2
BCT,T_HDV_RICP_DSL_N,2045,1885.6878005906885,$M 2020CAD / bn passenger-km,CIMS service CAPEX times REGEN relative multiplier; Mid; CER Current Measures,T15,5,5,5,5,5,transport-cost-invest-passenger-rail-7153c4b0:composite:1:37d8b07bf17dc2b2
BCT,T_HDV_RICP_H2_N,2025,2168.5409706792916,$M 2020CAD / bn passenger-km,CIMS service CAPEX times REGEN relative multiplier; Mid; CER Current Measures,T15,5,5,5,5,5,transport-cost-invest-passenger-rail-2b87d19f:composite:1:5b60ef866184bd6b
BCT,T_HDV_RICP_H2_N,2030,2168.5409706792916,$M 2020CAD / bn passenger-km,CIMS service CAPEX times REGEN relative multiplier; Mid; CER Current Measures,T15,5,5,5,5,5,transport-cost-invest-passenger-rail-2b87d19f:composite:1:5b60ef866184bd6b
BCT,T_HDV_RICP_H2_N,2035,2168.5409706792916,$M 2020CAD / bn passenger-km,CIMS service CAPEX times REGEN relative multiplier; Mid; CER Current Measures,T15,5,5,5,5,5,transport-cost-invest-passenger-rail-2b87d19f:composite:1:5b60ef866184bd6b
BCT,T_HDV_RICP_H2_N,2040,2080.5422066517262,$M 2020CAD / bn passenger-km,CIMS service CAPEX times REGEN relative multiplier; Mid; CER Current Measures,T15,5,5,5,5,5,transport-cost-invest-passenger-rail-2b87d19f:composite:1:5b60ef866184bd6b
BCT,T_HDV_RICP_H2_N,2045,1992.5434426241607,$M 2020CAD / bn passenger-km,CIMS service CAPEX times REGEN relative multiplier; Mid; CER Current Measures,T15,5,5,5,5,5,transport-cost-invest-passenger-rail-2b87d19f:composite:1:5b60ef866184bd6b
BCT,T_HDV_T_BEV_N,2025,341.1445610993161,$M 2020CAD / k vehicles,NLR manufacturing price (RPE / 1.5); Mid; CER Current Measures,T06,5,5,5,5,5,transport-cost-invest-heavy-trucks-e1dceb92:composite:1:9b25f19b8719c99d
BCT,T_HDV_T_BEV_N,2030,252.71621558532888,$M 2020CAD / k vehicles,NLR manufacturing price (RPE / 1.5); Mid; CER Current Measures,T06,5,5,5,5,5,transport-cost-invest-heavy-trucks-e1dceb92:composite:1:9b25f19b8719c99d
BCT,T_HDV_T_BEV_N,2035,207.26904004963708,$M 2020CAD / k vehicles,NLR manufacturing price (RPE / 1.5); Mid; CER Current Measures,T06,5,5,5,5,5,transport-cost-invest-heavy-trucks-e1dceb92:composite:1:9b25f19b8719c99d
BCT,T_HDV_T_BEV_N,2040,186.92382450156646,$M 2020CAD / k vehicles,NLR manufacturing price (RPE / 1.5); Mid; CER Current Measures,T06,5,5,5,5,5,transport-cost-invest-heavy-trucks-e1dceb92:composite:1:9b25f19b8719c99d
BCT,T_HDV_T_BEV_N,2045,166.57860895349583,$M 2020CAD / k vehicles,NLR manufacturing price (RPE / 1.5); Mid; CER Current Measures,T06,5,5,5,5,5,transport-cost-invest-heavy-trucks-e1dceb92:composite:1:9b25f19b8719c99d
BCT,T_HDV_T_DSL_HEV_N,2025,121.370394068823,$M 2020CAD / k vehicles,NLR manufacturing price (RPE / 1.5); Mid; CER Current Measures,T06,5,5,5,5,5,transport-cost-invest-heavy-trucks-e1dceb92:composite:1:9b25f19b8719c99d
BCT,T_HDV_T_DSL_HEV_N,2030,120.76022956627584,$M 2020CAD / k vehicles,NLR manufacturing price (RPE / 1.5); Mid; CER Current Measures,T06,5,5,5,5,5,transport-cost-invest-heavy-trucks-e1dceb92:composite:1:9b25f19b8719c99d
BCT,T_HDV_T_DSL_HEV_N,2035,120.12165718883408,$M 2020CAD / k vehicles,NLR manufacturing price (RPE / 1.5); Mid; CER Current Measures,T06,5,5,5,5,5,transport-cost-invest-heavy-trucks-e1dceb92:composite:1:9b25f19b8719c99d
BCT,T_HDV_T_DSL_HEV_N,2040,120.5324690756633,$M 2020CAD / k vehicles,NLR manufacturing price (RPE / 1.5); Mid; CER Current Measures,T06,5,5,5,5,5,transport-cost-invest-heavy-trucks-e1dceb92:composite:1:9b25f19b8719c99d
BCT,T_HDV_T_DSL_HEV_N,2045,120.9432809624925,$M 2020CAD / k vehicles,NLR manufacturing price (RPE / 1.5); Mid; CER Current Measures,T06,5,5,5,5,5,transport-cost-invest-heavy-trucks-e1dceb92:composite:1:9b25f19b8719c99d
BCT,T_HDV_T_DSL_N,2025,110.90984771366955,$M 2020CAD / k vehicles,NLR manufacturing price (RPE / 1.5); Mid; CER Current Measures,T06,5,5,5,5,5,transport-cost-invest-heavy-trucks-e1dceb92:composite:1:9b25f19b8719c99d
BCT,T_HDV_T_DSL_N,2030,111.51816451474694,$M 2020CAD / k vehicles,NLR manufacturing price (RPE / 1.5); Mid; CER Current Measures,T06,5,5,5,5,5,transport-cost-invest-heavy-trucks-e1dceb92:composite:1:9b25f19b8719c99d
BCT,T_HDV_T_DSL_N,2035,111.82361290513903,$M 2020CAD / k vehicles,NLR manufacturing price (RPE / 1.5); Mid; CER Current Measures,T06,5,5,5,5,5,transport-cost-invest-heavy-trucks-e1dceb92:composite:1:9b25f19b8719c99d
BCT,T_HDV_T_DSL_N,2040,112.39803377515844,$M 2020CAD / k vehicles,NLR manufacturing price (RPE / 1.5); Mid; CER Current Measures,T06,5,5,5,5,5,transport-cost-invest-heavy-trucks-e1dceb92:composite:1:9b25f19b8719c99d
BCT,T_HDV_T_DSL_N,2045,112.97245464517792,$M 2020CAD / k vehicles,NLR manufacturing price (RPE / 1.5); Mid; CER Current Measures,T06,5,5,5,5,5,transport-cost-invest-heavy-trucks-e1dceb92:composite:1:9b25f19b8719c99d
BCT,T_HDV_T_DSL_PHEV_N,2025,320.17886258238843,$M 2020CAD / k vehicles,NLR manufacturing price (RPE / 1.5); Mid; CER Current Measures,T06,5,5,5,5,5,transport-cost-invest-heavy-trucks-e1dceb92:composite:1:9b25f19b8719c99d
BCT,T_HDV_T_DSL_PHEV_N,2030,245.72509092445011,$M 2020CAD / k vehicles,NLR manufacturing price (RPE / 1.5); Mid; CER Current Measures,T06,5,5,5,5,5,transport-cost-invest-heavy-trucks-e1dceb92:composite:1:9b25f19b8719c99d
BCT,T_HDV_T_DSL_PHEV_N,2035,203.77625105720543,$M 2020CAD / k vehicles,NLR manufacturing price (RPE / 1.5); Mid; CER Current Measures,T06,5,5,5,5,5,transport-cost-invest-heavy-trucks-e1dceb92:composite:1:9b25f19b8719c99d
BCT,T_HDV_T_DSL_PHEV_N,2040,186.21892208827603,$M 2020CAD / k vehicles,NLR manufacturing price (RPE / 1.5); Mid; CER Current Measures,T06,5,5,5,5,5,transport-cost-invest-heavy-trucks-e1dceb92:composite:1:9b25f19b8719c99d
BCT,T_HDV_T_DSL_PHEV_N,2045,168.66159311934663,$M 2020CAD / k vehicles,NLR manufacturing price (RPE / 1.5); Mid; CER Current Measures,T06,5,5,5,5,5,transport-cost-invest-heavy-trucks-e1dceb92:composite:1:9b25f19b8719c99d
BCT,T_HDV_T_FCEV_N,2025,203.24891463993438,$M 2020CAD / k vehicles,NLR manufacturing price (RPE / 1.5); Mid; CER Current Measures,T06,5,5,5,5,5,transport-cost-invest-heavy-trucks-e1dceb92:composite:1:9b25f19b8719c99d
BCT,T_HDV_T_FCEV_N,2030,145.68556827222034,$M 2020CAD / k vehicles,NLR manufacturing price (RPE / 1.5); Mid; CER Current Measures,T06,5,5,5,5,5,transport-cost-invest-heavy-trucks-e1dceb92:composite:1:9b25f19b8719c99d
BCT,T_HDV_T_FCEV_N,2035,131.58292011480538,$M 2020CAD / k vehicles,NLR manufacturing price (RPE / 1.5); Mid; CER Current Measures,T06,5,5,5,5,5,transport-cost-invest-heavy-trucks-e1dceb92:composite:1:9b25f19b8719c99d
BCT,T_HDV_T_FCEV_N,2040,128.60021129194556,$M 2020CAD / k vehicles,NLR manufacturing price (RPE / 1.5); Mid; CER Current Measures,T06,5,5,5,5,5,transport-cost-invest-heavy-trucks-e1dceb92:composite:1:9b25f19b8719c99d
BCT,T_HDV_T_FCEV_N,2045,125.6175024690858,$M 2020CAD / k vehicles,NLR manufacturing price (RPE / 1.5); Mid; CER Current Measures,T06,5,5,5,5,5,transport-cost-invest-heavy-trucks-e1dceb92:composite:1:9b25f19b8719c99d
BCT,T_HDV_T_FCHEV_N,2025,169.61680518080635,$M 2020CAD / k vehicles,NLR manufacturing price (RPE / 1.5); Mid; CER Current Measures,T06,5,5,5,5,5,transport-cost-invest-heavy-trucks-e1dceb92:composite:1:9b25f19b8719c99d
BCT,T_HDV_T_FCHEV_N,2030,131.19539177089524,$M 2020CAD / k vehicles,NLR manufacturing price (RPE / 1.5); Mid; CER Current Measures,T06,5,5,5,5,5,transport-cost-invest-heavy-trucks-e1dceb92:composite:1:9b25f19b8719c99d
BCT,T_HDV_T_FCHEV_N,2035,118.71939029292531,$M 2020CAD / k vehicles,NLR manufacturing price (RPE / 1.5); Mid; CER Current Measures,T06,5,5,5,5,5,transport-cost-invest-heavy-trucks-e1dceb92:composite:1:9b25f19b8719c99d
BCT,T_HDV_T_FCHEV_N,2040,114.62336386611561,$M 2020CAD / k vehicles,NLR manufacturing price (RPE / 1.5); Mid; CER Current Measures,T06,5,5,5,5,5,transport-cost-invest-heavy-trucks-e1dceb92:composite:1:9b25f19b8719c99d
BCT,T_HDV_T_FCHEV_N,2045,110.5273374393059,$M 2020CAD / k vehicles,NLR manufacturing price (RPE / 1.5); Mid; CER Current Measures,T06,5,5,5,5,5,transport-cost-invest-heavy-trucks-e1dceb92:composite:1:9b25f19b8719c99d
BCT,T_HDV_WTF_HFO_N,2025,159.71497923605244,$M 2020CAD / bn tonne-km,CIMS service CAPEX times REGEN relative multiplier; Mid; CER Current Measures,T15,5,5,5,5,5,transport-cost-invest-freight-marine-7153c4b0:composite:1:6ed78a0e5715890a
BCT,T_HDV_WTF_HFO_N,2030,159.71497923605244,$M 2020CAD / bn tonne-km,CIMS service CAPEX times REGEN relative multiplier; Mid; CER Current Measures,T15,5,5,5,5,5,transport-cost-invest-freight-marine-7153c4b0:composite:1:6ed78a0e5715890a
BCT,T_HDV_WTF_HFO_N,2035,159.71497923605244,$M 2020CAD / bn tonne-km,CIMS service CAPEX times REGEN relative multiplier; Mid; CER Current Measures,T15,5,5,5,5,5,transport-cost-invest-freight-marine-7153c4b0:composite:1:6ed78a0e5715890a
BCT,T_HDV_WTF_HFO_N,2040,159.71497923605244,$M 2020CAD / bn tonne-km,CIMS service CAPEX times REGEN relative multiplier; Mid; CER Current Measures,T15,5,5,5,5,5,transport-cost-invest-freight-marine-7153c4b0:composite:1:6ed78a0e5715890a
BCT,T_HDV_WTF_HFO_N,2045,159.71497923605244,$M 2020CAD / bn tonne-km,CIMS service CAPEX times REGEN relative multiplier; Mid; CER Current Measures,T15,5,5,5,5,5,transport-cost-invest-freight-marine-7153c4b0:composite:1:6ed78a0e5715890a
BCT,T_HDV_WTF_LNG_N,2025,167.70072819785508,$M 2020CAD / bn tonne-km,CIMS service CAPEX times REGEN relative multiplier; Mid; CER Current Measures,T15,5,5,5,5,5,transport-cost-invest-freight-marine-2b87d19f:composite:1:ad7b13db5806a90b
BCT,T_HDV_WTF_LNG_N,2030,167.70072819785508,$M 2020CAD / bn tonne-km,CIMS service CAPEX times REGEN relative multiplier; Mid; CER Current Measures,T15,5,5,5,5,5,transport-cost-invest-freight-marine-2b87d19f:composite:1:ad7b13db5806a90b
BCT,T_HDV_WTF_LNG_N,2035,167.70072819785508,$M 2020CAD / bn tonne-km,CIMS service CAPEX times REGEN relative multiplier; Mid; CER Current Measures,T15,5,5,5,5,5,transport-cost-invest-freight-marine-2b87d19f:composite:1:ad7b13db5806a90b
BCT,T_HDV_WTF_LNG_N,2040,167.70072819785508,$M 2020CAD / bn tonne-km,CIMS service CAPEX times REGEN relative multiplier; Mid; CER Current Measures,T15,5,5,5,5,5,transport-cost-invest-freight-marine-2b87d19f:composite:1:ad7b13db5806a90b
BCT,T_HDV_WTF_LNG_N,2045,167.70072819785508,$M 2020CAD / bn tonne-km,CIMS service CAPEX times REGEN relative multiplier; Mid; CER Current Measures,T15,5,5,5,5,5,transport-cost-invest-freight-marine-2b87d19f:composite:1:ad7b13db5806a90b
BCT,T_HDV_WTF_MDO_N,2025,159.71497923605244,$M 2020CAD / bn tonne-km,CIMS service CAPEX times REGEN relative multiplier; Mid; CER Current Measures,T15,5,5,5,5,5,transport-cost-invest-freight-marine-7153c4b0:composite:1:6ed78a0e5715890a
BCT,T_HDV_WTF_MDO_N,2030,159.71497923605244,$M 2020CAD / bn tonne-km,CIMS service CAPEX times REGEN relative multiplier; Mid; CER Current Measures,T15,5,5,5,5,5,transport-cost-invest-freight-marine-7153c4b0:composite:1:6ed78a0e5715890a
BCT,T_HDV_WTF_MDO_N,2035,159.71497923605244,$M 2020CAD / bn tonne-km,CIMS service CAPEX times REGEN relative multiplier; Mid; CER Current Measures,T15,5,5,5,5,5,transport-cost-invest-freight-marine-7153c4b0:composite:1:6ed78a0e5715890a
BCT,T_HDV_WTF_MDO_N,2040,159.71497923605244,$M 2020CAD / bn tonne-km,CIMS service CAPEX times REGEN relative multiplier; Mid; CER Current Measures,T15,5,5,5,5,5,transport-cost-invest-freight-marine-7153c4b0:composite:1:6ed78a0e5715890a
BCT,T_HDV_WTF_MDO_N,2045,159.71497923605244,$M 2020CAD / bn tonne-km,CIMS service CAPEX times REGEN relative multiplier; Mid; CER Current Measures,T15,5,5,5,5,5,transport-cost-invest-freight-marine-7153c4b0:composite:1:6ed78a0e5715890a
BCT,T_LDV_C_BEV150_N,2025,16.801003190903973,$M 2020CAD / k vehicles,NLR manufacturing price (RPE / 1.5); Mid; CER Current Measures,T06,5,5,5,5,5,transport-cost-invest-cars-17ac5a44:composite:1:6c9511ec7d0fa9a6
BCT,T_LDV_C_BEV150_N,2030,15.869353538567474,$M 2020CAD / k vehicles,NLR manufacturing price (RPE / 1.5); Mid; CER Current Measures,T06,5,5,5,5,5,transport-cost-invest-cars-17ac5a44:composite:1:6c9511ec7d0fa9a6
BCT,T_LDV_C_BEV150_N,2035,14.83975417546046,$M 2020CAD / k vehicles,NLR manufacturing price (RPE / 1.5); Mid; CER Current Measures,T06,5,5,5,5,5,transport-cost-invest-cars-17ac5a44:composite:1:6c9511ec7d0fa9a6
BCT,T_LDV_C_BEV150_N,2040,14.463386506311748,$M 2020CAD / k vehicles,NLR manufacturing price (RPE / 1.5); Mid; CER Current Measures,T06,5,5,5,5,5,transport-cost-invest-cars-17ac5a44:composite:1:6c9511ec7d0fa9a6
BCT,T_LDV_C_BEV150_N,2045,14.087018837163033,$M 2020CAD / k vehicles,NLR manufacturing price (RPE / 1.5); Mid; CER Current Measures,T06,5,5,5,5,5,transport-cost-invest-cars-17ac5a44:composite:1:6c9511ec7d0fa9a6
BCT,T_LDV_C_BEV200_N,2025,18.450588718181724,$M 2020CAD / k vehicles,NLR manufacturing price (RPE / 1.5); Mid; CER Current Measures,T06,5,5,5,5,5,transport-cost-invest-cars-17ac5a44:composite:1:6c9511ec7d0fa9a6
BCT,T_LDV_C_BEV200_N,2030,17.075432556783035,$M 2020CAD / k vehicles,NLR manufacturing price (RPE / 1.5); Mid; CER Current Measures,T06,5,5,5,5,5,transport-cost-invest-cars-17ac5a44:composite:1:6c9511ec7d0fa9a6
BCT,T_LDV_C_BEV200_N,2035,16.064052800119892,$M 2020CAD / k vehicles,NLR manufacturing price (RPE / 1.5); Mid; CER Current Measures,T06,5,5,5,5,5,transport-cost-invest-cars-17ac5a44:composite:1:6c9511ec7d0fa9a6
BCT,T_LDV_C_BEV200_N,2040,15.570840343740123,$M 2020CAD / k vehicles,NLR manufacturing price (RPE / 1.5); Mid; CER Current Measures,T06,5,5,5,5,5,transport-cost-invest-cars-17ac5a44:composite:1:6c9511ec7d0fa9a6
BCT,T_LDV_C_BEV200_N,2045,15.077627887360357,$M 2020CAD / k vehicles,NLR manufacturing price (RPE / 1.5); Mid; CER Current Measures,T06,5,5,5,5,5,transport-cost-invest-cars-17ac5a44:composite:1:6c9511ec7d0fa9a6
BCT,T_LDV_C_BEV300_N,2025,21.64471662156811,$M 2020CAD / k vehicles,NLR manufacturing price (RPE / 1.5); Mid; CER Current Measures,T06,5,5,5,5,5,transport-cost-invest-cars-17ac5a44:composite:1:6c9511ec7d0fa9a6
BCT,T_LDV_C_BEV300_N,2030,20.127401795353926,$M 2020CAD / k vehicles,NLR manufacturing price (RPE / 1.5); Mid; CER Current Measures,T06,5,5,5,5,5,transport-cost-invest-cars-17ac5a44:composite:1:6c9511ec7d0fa9a6
BCT,T_LDV_C_BEV300_N,2035,18.51224924915488,$M 2020CAD / k vehicles,NLR manufacturing price (RPE / 1.5); Mid; CER Current Measures,T06,5,5,5,5,5,transport-cost-invest-cars-17ac5a44:composite:1:6c9511ec7d0fa9a6
BCT,T_LDV_C_BEV300_N,2040,17.8051222661988,$M 2020CAD / k vehicles,NLR manufacturing price (RPE / 1.5); Mid; CER Current Measures,T06,5,5,5,5,5,transport-cost-invest-cars-17ac5a44:composite:1:6c9511ec7d0fa9a6
BCT,T_LDV_C_BEV300_N,2045,17.097995283242717,$M 2020CAD / k vehicles,NLR manufacturing price (RPE / 1.5); Mid; CER Current Measures,T06,5,5,5,5,5,transport-cost-invest-cars-17ac5a44:composite:1:6c9511ec7d0fa9a6
BCT,T_LDV_C_BEV400_N,2025,26.871404576953083,$M 2020CAD / k vehicles,NLR manufacturing price (RPE / 1.5); Mid; CER Current Measures,T06,5,5,5,5,5,transport-cost-invest-cars-17ac5a44:composite:1:6c9511ec7d0fa9a6
BCT,T_LDV_C_BEV400_N,2030,23.992811545238926,$M 2020CAD / k vehicles,NLR manufacturing price (RPE / 1.5); Mid; CER Current Measures,T06,5,5,5,5,5,transport-cost-invest-cars-17ac5a44:composite:1:6c9511ec7d0fa9a6
BCT,T_LDV_C_BEV400_N,2035,21.55181606660899,$M 2020CAD / k vehicles,NLR manufacturing price (RPE / 1.5); Mid; CER Current Measures,T06,5,5,5,5,5,transport-cost-invest-cars-17ac5a44:composite:1:6c9511ec7d0fa9a6
BCT,T_LDV_C_BEV400_N,2040,20.669024477781626,$M 2020CAD / k vehicles,NLR manufacturing price (RPE / 1.5); Mid; CER Current Measures,T06,5,5,5,5,5,transport-cost-invest-cars-17ac5a44:composite:1:6c9511ec7d0fa9a6
BCT,T_LDV_C_BEV400_N,2045,19.786232888954267,$M 2020CAD / k vehicles,NLR manufacturing price (RPE / 1.5); Mid; CER Current Measures,T06,5,5,5,5,5,transport-cost-invest-cars-17ac5a44:composite:1:6c9511ec7d0fa9a6
BCT,T_LDV_C_CNG_N,2025,23.453108528211796,$M 2020CAD / k vehicles,NLR manufacturing price (RPE / 1.5); Mid; CER Current Measures,T06,5,5,5,5,5,transport-cost-invest-cars-17ac5a44:composite:1:6c9511ec7d0fa9a6
BCT,T_LDV_C_CNG_N,2030,23.465204181505534,$M 2020CAD / k vehicles,NLR manufacturing price (RPE / 1.5); Mid; CER Current Measures,T06,5,5,5,5,5,transport-cost-invest-cars-17ac5a44:composite:1:6c9511ec7d0fa9a6
BCT,T_LDV_C_CNG_N,2035,23.51720295021423,$M 2020CAD / k vehicles,NLR manufacturing price (RPE / 1.5); Mid; CER Current Measures,T06,5,5,5,5,5,transport-cost-invest-cars-17ac5a44:composite:1:6c9511ec7d0fa9a6
BCT,T_LDV_C_CNG_N,2040,23.486199536200548,$M 2020CAD / k vehicles,NLR manufacturing price (RPE / 1.5); Mid; CER Current Measures,T06,5,5,5,5,5,transport-cost-invest-cars-17ac5a44:composite:1:6c9511ec7d0fa9a6
BCT,T_LDV_C_CNG_N,2045,23.455196122186884,$M 2020CAD / k vehicles,NLR manufacturing price (RPE / 1.5); Mid; CER Current Measures,T06,5,5,5,5,5,transport-cost-invest-cars-17ac5a44:composite:1:6c9511ec7d0fa9a6
BCT,T_LDV_C_DSL_N,2025,21.616273204696757,$M 2020CAD / k vehicles,NLR manufacturing price (RPE / 1.5); Mid; CER Current Measures,T06,5,5,5,5,5,transport-cost-invest-cars-17ac5a44:composite:1:6c9511ec7d0fa9a6
BCT,T_LDV_C_DSL_N,2030,21.664120670538832,$M 2020CAD / k vehicles,NLR manufacturing price (RPE / 1.5); Mid; CER Current Measures,T06,5,5,5,5,5,transport-cost-invest-cars-17ac5a44:composite:1:6c9511ec7d0fa9a6
BCT,T_LDV_C_DSL_N,2035,21.697015383143423,$M 2020CAD / k vehicles,NLR manufacturing price (RPE / 1.5); Mid; CER Current Measures,T06,5,5,5,5,5,transport-cost-invest-cars-17ac5a44:composite:1:6c9511ec7d0fa9a6
BCT,T_LDV_C_DSL_N,2040,21.66589628197499,$M 2020CAD / k vehicles,NLR manufacturing price (RPE / 1.5); Mid; CER Current Measures,T06,5,5,5,5,5,transport-cost-invest-cars-17ac5a44:composite:1:6c9511ec7d0fa9a6
BCT,T_LDV_C_DSL_N,2045,21.634777180806548,$M 2020CAD / k vehicles,NLR manufacturing price (RPE / 1.5); Mid; CER Current Measures,T06,5,5,5,5,5,transport-cost-invest-cars-17ac5a44:composite:1:6c9511ec7d0fa9a6
BCT,T_LDV_C_FCEV400_N,2025,24.286118891416027,$M 2020CAD / k vehicles,NLR manufacturing price (RPE / 1.5); Mid; CER Current Measures,T06,5,5,5,5,5,transport-cost-invest-cars-17ac5a44:composite:1:6c9511ec7d0fa9a6
BCT,T_LDV_C_FCEV400_N,2030,22.43387181478082,$M 2020CAD / k vehicles,NLR manufacturing price (RPE / 1.5); Mid; CER Current Measures,T06,5,5,5,5,5,transport-cost-invest-cars-17ac5a44:composite:1:6c9511ec7d0fa9a6
BCT,T_LDV_C_FCEV400_N,2035,20.99196339019948,$M 2020CAD / k vehicles,NLR manufacturing price (RPE / 1.5); Mid; CER Current Measures,T06,5,5,5,5,5,transport-cost-invest-cars-17ac5a44:composite:1:6c9511ec7d0fa9a6
BCT,T_LDV_C_FCEV400_N,2040,20.525515721130493,$M 2020CAD / k vehicles,NLR manufacturing price (RPE / 1.5); Mid; CER Current Measures,T06,5,5,5,5,5,transport-cost-invest-cars-17ac5a44:composite:1:6c9511ec7d0fa9a6
BCT,T_LDV_C_FCEV400_N,2045,20.059068052061516,$M 2020CAD / k vehicles,NLR manufacturing price (RPE / 1.5); Mid; CER Current Measures,T06,5,5,5,5,5,transport-cost-invest-cars-17ac5a44:composite:1:6c9511ec7d0fa9a6
BCT,T_LDV_C_GSL_HEV_N,2025,20.068117018651932,$M 2020CAD / k vehicles,NLR manufacturing price (RPE / 1.5); Mid; CER Current Measures,T06,5,5,5,5,5,transport-cost-invest-cars-17ac5a44:composite:1:6c9511ec7d0fa9a6
BCT,T_LDV_C_GSL_HEV_N,2030,19.480143337341726,$M 2020CAD / k vehicles,NLR manufacturing price (RPE / 1.5); Mid; CER Current Measures,T06,5,5,5,5,5,transport-cost-invest-cars-17ac5a44:composite:1:6c9511ec7d0fa9a6
BCT,T_LDV_C_GSL_HEV_N,2035,19.11592132553458,$M 2020CAD / k vehicles,NLR manufacturing price (RPE / 1.5); Mid; CER Current Measures,T06,5,5,5,5,5,transport-cost-invest-cars-17ac5a44:composite:1:6c9511ec7d0fa9a6
BCT,T_LDV_C_GSL_HEV_N,2040,18.86171930229058,$M 2020CAD / k vehicles,NLR manufacturing price (RPE / 1.5); Mid; CER Current Measures,T06,5,5,5,5,5,transport-cost-invest-cars-17ac5a44:composite:1:6c9511ec7d0fa9a6
BCT,T_LDV_C_GSL_HEV_N,2045,18.607517279046583,$M 2020CAD / k vehicles,NLR manufacturing price (RPE / 1.5); Mid; CER Current Measures,T06,5,5,5,5,5,transport-cost-invest-cars-17ac5a44:composite:1:6c9511ec7d0fa9a6
BCT,T_LDV_C_GSL_N,2025,18.099727473265236,$M 2020CAD / k vehicles,NLR manufacturing price (RPE / 1.5); Mid; CER Current Measures,T06,5,5,5,5,5,transport-cost-invest-cars-17ac5a44:composite:1:6c9511ec7d0fa9a6
BCT,T_LDV_C_GSL_N,2030,18.568779974193454,$M 2020CAD / k vehicles,NLR manufacturing price (RPE / 1.5); Mid; CER Current Measures,T06,5,5,5,5,5,transport-cost-invest-cars-17ac5a44:composite:1:6c9511ec7d0fa9a6
BCT,T_LDV_C_GSL_N,2035,19.547500130824435,$M 2020CAD / k vehicles,NLR manufacturing price (RPE / 1.5); Mid; CER Current Measures,T06,5,5,5,5,5,transport-cost-invest-cars-17ac5a44:composite:1:6c9511ec7d0fa9a6
BCT,T_LDV_C_GSL_N,2040,19.51661240396554,$M 2020CAD / k vehicles,NLR manufacturing price (RPE / 1.5); Mid; CER Current Measures,T06,5,5,5,5,5,transport-cost-invest-cars-17ac5a44:composite:1:6c9511ec7d0fa9a6
BCT,T_LDV_C_GSL_N,2045,19.485724677106628,$M 2020CAD / k vehicles,NLR manufacturing price (RPE / 1.5); Mid; CER Current Measures,T06,5,5,5,5,5,transport-cost-invest-cars-17ac5a44:composite:1:6c9511ec7d0fa9a6
BCT,T_LDV_C_GSL_PHEV35_N,2025,21.329665367851863,$M 2020CAD / k vehicles,NLR manufacturing price (RPE / 1.5); Mid; CER Current Measures,T06,5,5,5,5,5,transport-cost-invest-cars-17ac5a44:composite:1:6c9511ec7d0fa9a6
BCT,T_LDV_C_GSL_PHEV35_N,2030,20.243582306410154,$M 2020CAD / k vehicles,NLR manufacturing price (RPE / 1.5); Mid; CER Current Measures,T06,5,5,5,5,5,transport-cost-invest-cars-17ac5a44:composite:1:6c9511ec7d0fa9a6
BCT,T_LDV_C_GSL_PHEV35_N,2035,19.51060185521329,$M 2020CAD / k vehicles,NLR manufacturing price (RPE / 1.5); Mid; CER Current Measures,T06,5,5,5,5,5,transport-cost-invest-cars-17ac5a44:composite:1:6c9511ec7d0fa9a6
BCT,T_LDV_C_GSL_PHEV35_N,2040,19.119066477548746,$M 2020CAD / k vehicles,NLR manufacturing price (RPE / 1.5); Mid; CER Current Measures,T06,5,5,5,5,5,transport-cost-invest-cars-17ac5a44:composite:1:6c9511ec7d0fa9a6
BCT,T_LDV_C_GSL_PHEV35_N,2045,18.727531099884192,$M 2020CAD / k vehicles,NLR manufacturing price (RPE / 1.5); Mid; CER Current Measures,T06,5,5,5,5,5,transport-cost-invest-cars-17ac5a44:composite:1:6c9511ec7d0fa9a6
BCT,T_LDV_C_GSL_PHEV50_N,2025,22.408614632413034,$M 2020CAD / k vehicles,NLR manufacturing price (RPE / 1.5); Mid; CER Current Measures,T06,5,5,5,5,5,transport-cost-invest-cars-17ac5a44:composite:1:6c9511ec7d0fa9a6
BCT,T_LDV_C_GSL_PHEV50_N,2030,21.11719207550682,$M 2020CAD / k vehicles,NLR manufacturing price (RPE / 1.5); Mid; CER Current Measures,T06,5,5,5,5,5,transport-cost-invest-cars-17ac5a44:composite:1:6c9511ec7d0fa9a6
BCT,T_LDV_C_GSL_PHEV50_N,2035,20.22391623356339,$M 2020CAD / k vehicles,NLR manufacturing price (RPE / 1.5); Mid; CER Current Measures,T06,5,5,5,5,5,transport-cost-invest-cars-17ac5a44:composite:1:6c9511ec7d0fa9a6
BCT,T_LDV_C_GSL_PHEV50_N,2040,19.775126157686778,$M 2020CAD / k vehicles,NLR manufacturing price (RPE / 1.5); Mid; CER Current Measures,T06,5,5,5,5,5,transport-cost-invest-cars-17ac5a44:composite:1:6c9511ec7d0fa9a6
BCT,T_LDV_C_GSL_PHEV50_N,2045,19.326336081810155,$M 2020CAD / k vehicles,NLR manufacturing price (RPE / 1.5); Mid; CER Current Measures,T06,5,5,5,5,5,transport-cost-invest-cars-17ac5a44:composite:1:6c9511ec7d0fa9a6
BCT,T_LDV_LTF_BEV150_N,2025,23.198054549055403,$M 2020CAD / k vehicles,NLR manufacturing price (RPE / 1.5); Mid; CER Current Measures,T06,5,5,5,5,5,transport-cost-invest-freight-light-trucks-17ac5a44:composite:1:f148ff7e78890547
BCT,T_LDV_LTF_BEV150_N,2030,21.74990711330167,$M 2020CAD / k vehicles,NLR manufacturing price (RPE / 1.5); Mid; CER Current Measures,T06,5,5,5,5,5,transport-cost-invest-freight-light-trucks-17ac5a44:composite:1:f148ff7e78890547
BCT,T_LDV_LTF_BEV150_N,2035,20.655907447622376,$M 2020CAD / k vehicles,NLR manufacturing price (RPE / 1.5); Mid; CER Current Measures,T06,5,5,5,5,5,transport-cost-invest-freight-light-trucks-17ac5a44:composite:1:f148ff7e78890547
BCT,T_LDV_LTF_BEV150_N,2040,20.10871521160944,$M 2020CAD / k vehicles,NLR manufacturing price (RPE / 1.5); Mid; CER Current Measures,T06,5,5,5,5,5,transport-cost-invest-freight-light-trucks-17ac5a44:composite:1:f148ff7e78890547
BCT,T_LDV_LTF_BEV150_N,2045,19.56152297559651,$M 2020CAD / k vehicles,NLR manufacturing price (RPE / 1.5); Mid; CER Current Measures,T06,5,5,5,5,5,transport-cost-invest-freight-light-trucks-17ac5a44:composite:1:f148ff7e78890547
BCT,T_LDV_LTF_BEV200_N,2025,25.329852285373793,$M 2020CAD / k vehicles,NLR manufacturing price (RPE / 1.5); Mid; CER Current Measures,T06,5,5,5,5,5,transport-cost-invest-freight-light-trucks-17ac5a44:composite:1:f148ff7e78890547
BCT,T_LDV_LTF_BEV200_N,2030,23.716184211003593,$M 2020CAD / k vehicles,NLR manufacturing price (RPE / 1.5); Mid; CER Current Measures,T06,5,5,5,5,5,transport-cost-invest-freight-light-trucks-17ac5a44:composite:1:f148ff7e78890547
BCT,T_LDV_LTF_BEV200_N,2035,22.236253814604407,$M 2020CAD / k vehicles,NLR manufacturing price (RPE / 1.5); Mid; CER Current Measures,T06,5,5,5,5,5,transport-cost-invest-freight-light-trucks-17ac5a44:composite:1:f148ff7e78890547
BCT,T_LDV_LTF_BEV200_N,2040,21.5507721961262,$M 2020CAD / k vehicles,NLR manufacturing price (RPE / 1.5); Mid; CER Current Measures,T06,5,5,5,5,5,transport-cost-invest-freight-light-trucks-17ac5a44:composite:1:f148ff7e78890547
BCT,T_LDV_LTF_BEV200_N,2045,20.86529057764799,$M 2020CAD / k vehicles,NLR manufacturing price (RPE / 1.5); Mid; CER Current Measures,T06,5,5,5,5,5,transport-cost-invest-freight-light-trucks-17ac5a44:composite:1:f148ff7e78890547
BCT,T_LDV_LTF_BEV300_N,2025,29.844256602098493,$M 2020CAD / k vehicles,NLR manufacturing price (RPE / 1.5); Mid; CER Current Measures,T06,5,5,5,5,5,transport-cost-invest-freight-light-trucks-17ac5a44:composite:1:f148ff7e78890547
BCT,T_LDV_LTF_BEV300_N,2030,27.510148965283708,$M 2020CAD / k vehicles,NLR manufacturing price (RPE / 1.5); Mid; CER Current Measures,T06,5,5,5,5,5,transport-cost-invest-freight-light-trucks-17ac5a44:composite:1:f148ff7e78890547
BCT,T_LDV_LTF_BEV300_N,2035,25.31530268754287,$M 2020CAD / k vehicles,NLR manufacturing price (RPE / 1.5); Mid; CER Current Measures,T06,5,5,5,5,5,transport-cost-invest-freight-light-trucks-17ac5a44:composite:1:f148ff7e78890547
BCT,T_LDV_LTF_BEV300_N,2040,24.427240043847814,$M 2020CAD / k vehicles,NLR manufacturing price (RPE / 1.5); Mid; CER Current Measures,T06,5,5,5,5,5,transport-cost-invest-freight-light-trucks-17ac5a44:composite:1:f148ff7e78890547
BCT,T_LDV_LTF_BEV300_N,2045,23.539177400152745,$M 2020CAD / k vehicles,NLR manufacturing price (RPE / 1.5); Mid; CER Current Measures,T06,5,5,5,5,5,transport-cost-invest-freight-light-trucks-17ac5a44:composite:1:f148ff7e78890547
BCT,T_LDV_LTF_BEV400_N,2025,36.584254888203446,$M 2020CAD / k vehicles,NLR manufacturing price (RPE / 1.5); Mid; CER Current Measures,T06,5,5,5,5,5,transport-cost-invest-freight-light-trucks-17ac5a44:composite:1:f148ff7e78890547
BCT,T_LDV_LTF_BEV400_N,2030,33.037308850618835,$M 2020CAD / k vehicles,NLR manufacturing price (RPE / 1.5); Mid; CER Current Measures,T06,5,5,5,5,5,transport-cost-invest-freight-light-trucks-17ac5a44:composite:1:f148ff7e78890547
BCT,T_LDV_LTF_BEV400_N,2035,30.02648837692175,$M 2020CAD / k vehicles,NLR manufacturing price (RPE / 1.5); Mid; CER Current Measures,T06,5,5,5,5,5,transport-cost-invest-freight-light-trucks-17ac5a44:composite:1:f148ff7e78890547
BCT,T_LDV_LTF_BEV400_N,2040,28.662275803539924,$M 2020CAD / k vehicles,NLR manufacturing price (RPE / 1.5); Mid; CER Current Measures,T06,5,5,5,5,5,transport-cost-invest-freight-light-trucks-17ac5a44:composite:1:f148ff7e78890547
BCT,T_LDV_LTF_BEV400_N,2045,27.298063230158085,$M 2020CAD / k vehicles,NLR manufacturing price (RPE / 1.5); Mid; CER Current Measures,T06,5,5,5,5,5,transport-cost-invest-freight-light-trucks-17ac5a44:composite:1:f148ff7e78890547
BCT,T_LDV_LTF_CNG_N,2025,28.202584348161018,$M 2020CAD / k vehicles,NLR manufacturing price (RPE / 1.5); Mid; CER Current Measures,T06,5,5,5,5,5,transport-cost-invest-freight-light-trucks-17ac5a44:composite:1:f148ff7e78890547
BCT,T_LDV_LTF_CNG_N,2030,28.221438791034974,$M 2020CAD / k vehicles,NLR manufacturing price (RPE / 1.5); Mid; CER Current Measures,T06,5,5,5,5,5,transport-cost-invest-freight-light-trucks-17ac5a44:composite:1:f148ff7e78890547
BCT,T_LDV_LTF_CNG_N,2035,28.26637565972034,$M 2020CAD / k vehicles,NLR manufacturing price (RPE / 1.5); Mid; CER Current Measures,T06,5,5,5,5,5,transport-cost-invest-freight-light-trucks-17ac5a44:composite:1:f148ff7e78890547
BCT,T_LDV_LTF_CNG_N,2040,28.23312614804637,$M 2020CAD / k vehicles,NLR manufacturing price (RPE / 1.5); Mid; CER Current Measures,T06,5,5,5,5,5,transport-cost-invest-freight-light-trucks-17ac5a44:composite:1:f148ff7e78890547
BCT,T_LDV_LTF_CNG_N,2045,28.199876636372398,$M 2020CAD / k vehicles,NLR manufacturing price (RPE / 1.5); Mid; CER Current Measures,T06,5,5,5,5,5,transport-cost-invest-freight-light-trucks-17ac5a44:composite:1:f148ff7e78890547
BCT,T_LDV_LTF_DSL_N,2025,26.260701373316834,$M 2020CAD / k vehicles,NLR manufacturing price (RPE / 1.5); Mid; CER Current Measures,T06,5,5,5,5,5,transport-cost-invest-freight-light-trucks-17ac5a44:composite:1:f148ff7e78890547
BCT,T_LDV_LTF_DSL_N,2030,26.31379742465607,$M 2020CAD / k vehicles,NLR manufacturing price (RPE / 1.5); Mid; CER Current Measures,T06,5,5,5,5,5,transport-cost-invest-freight-light-trucks-17ac5a44:composite:1:f148ff7e78890547
BCT,T_LDV_LTF_DSL_N,2035,26.340561352654408,$M 2020CAD / k vehicles,NLR manufacturing price (RPE / 1.5); Mid; CER Current Measures,T06,5,5,5,5,5,transport-cost-invest-freight-light-trucks-17ac5a44:composite:1:f148ff7e78890547
BCT,T_LDV_LTF_DSL_N,2040,26.306878671431193,$M 2020CAD / k vehicles,NLR manufacturing price (RPE / 1.5); Mid; CER Current Measures,T06,5,5,5,5,5,transport-cost-invest-freight-light-trucks-17ac5a44:composite:1:f148ff7e78890547
BCT,T_LDV_LTF_DSL_N,2045,26.27319599020797,$M 2020CAD / k vehicles,NLR manufacturing price (RPE / 1.5); Mid; CER Current Measures,T06,5,5,5,5,5,transport-cost-invest-freight-light-trucks-17ac5a44:composite:1:f148ff7e78890547
BCT,T_LDV_LTF_FCEV400_N,2025,32.37677135524399,$M 2020CAD / k vehicles,NLR manufacturing price (RPE / 1.5); Mid; CER Current Measures,T06,5,5,5,5,5,transport-cost-invest-freight-light-trucks-17ac5a44:composite:1:f148ff7e78890547
BCT,T_LDV_LTF_FCEV400_N,2030,29.86525331984078,$M 2020CAD / k vehicles,NLR manufacturing price (RPE / 1.5); Mid; CER Current Measures,T06,5,5,5,5,5,transport-cost-invest-freight-light-trucks-17ac5a44:composite:1:f148ff7e78890547
BCT,T_LDV_LTF_FCEV400_N,2035,28.008052077232414,$M 2020CAD / k vehicles,NLR manufacturing price (RPE / 1.5); Mid; CER Current Measures,T06,5,5,5,5,5,transport-cost-invest-freight-light-trucks-17ac5a44:composite:1:f148ff7e78890547
BCT,T_LDV_LTF_FCEV400_N,2040,27.372639260917623,$M 2020CAD / k vehicles,NLR manufacturing price (RPE / 1.5); Mid; CER Current Measures,T06,5,5,5,5,5,transport-cost-invest-freight-light-trucks-17ac5a44:composite:1:f148ff7e78890547
BCT,T_LDV_LTF_FCEV400_N,2045,26.737226444602825,$M 2020CAD / k vehicles,NLR manufacturing price (RPE / 1.5); Mid; CER Current Measures,T06,5,5,5,5,5,transport-cost-invest-freight-light-trucks-17ac5a44:composite:1:f148ff7e78890547
BCT,T_LDV_LTF_GSL_HEV_N,2025,25.805974041711135,$M 2020CAD / k vehicles,NLR manufacturing price (RPE / 1.5); Mid; CER Current Measures,T06,5,5,5,5,5,transport-cost-invest-freight-light-trucks-17ac5a44:composite:1:f148ff7e78890547
BCT,T_LDV_LTF_GSL_HEV_N,2030,25.013546241990706,$M 2020CAD / k vehicles,NLR manufacturing price (RPE / 1.5); Mid; CER Current Measures,T06,5,5,5,5,5,transport-cost-invest-freight-light-trucks-17ac5a44:composite:1:f148ff7e78890547
BCT,T_LDV_LTF_GSL_HEV_N,2035,24.59411463965462,$M 2020CAD / k vehicles,NLR manufacturing price (RPE / 1.5); Mid; CER Current Measures,T06,5,5,5,5,5,transport-cost-invest-freight-light-trucks-17ac5a44:composite:1:f148ff7e78890547
BCT,T_LDV_LTF_GSL_HEV_N,2040,24.273660430577024,$M 2020CAD / k vehicles,NLR manufacturing price (RPE / 1.5); Mid; CER Current Measures,T06,5,5,5,5,5,transport-cost-invest-freight-light-trucks-17ac5a44:composite:1:f148ff7e78890547
BCT,T_LDV_LTF_GSL_HEV_N,2045,23.953206221499414,$M 2020CAD / k vehicles,NLR manufacturing price (RPE / 1.5); Mid; CER Current Measures,T06,5,5,5,5,5,transport-cost-invest-freight-light-trucks-17ac5a44:composite:1:f148ff7e78890547
BCT,T_LDV_LTF_GSL_N,2025,22.976303566477313,$M 2020CAD / k vehicles,NLR manufacturing price (RPE / 1.5); Mid; CER Current Measures,T06,5,5,5,5,5,transport-cost-invest-freight-light-trucks-17ac5a44:composite:1:f148ff7e78890547
BCT,T_LDV_LTF_GSL_N,2030,23.391220360599508,$M 2020CAD / k vehicles,NLR manufacturing price (RPE / 1.5); Mid; CER Current Measures,T06,5,5,5,5,5,transport-cost-invest-freight-light-trucks-17ac5a44:composite:1:f148ff7e78890547
BCT,T_LDV_LTF_GSL_N,2035,24.53689334920375,$M 2020CAD / k vehicles,NLR manufacturing price (RPE / 1.5); Mid; CER Current Measures,T06,5,5,5,5,5,transport-cost-invest-freight-light-trucks-17ac5a44:composite:1:f148ff7e78890547
BCT,T_LDV_LTF_GSL_N,2040,24.50360380796553,$M 2020CAD / k vehicles,NLR manufacturing price (RPE / 1.5); Mid; CER Current Measures,T06,5,5,5,5,5,transport-cost-invest-freight-light-trucks-17ac5a44:composite:1:f148ff7e78890547
BCT,T_LDV_LTF_GSL_N,2045,24.470314266727303,$M 2020CAD / k vehicles,NLR manufacturing price (RPE / 1.5); Mid; CER Current Measures,T06,5,5,5,5,5,transport-cost-invest-freight-light-trucks-17ac5a44:composite:1:f148ff7e78890547
BCT,T_LDV_LTF_GSL_PHEV35_N,2025,27.446247654117283,$M 2020CAD / k vehicles,NLR manufacturing price (RPE / 1.5); Mid; CER Current Measures,T06,5,5,5,5,5,transport-cost-invest-freight-light-trucks-17ac5a44:composite:1:f148ff7e78890547
BCT,T_LDV_LTF_GSL_PHEV35_N,2030,26.021182399839542,$M 2020CAD / k vehicles,NLR manufacturing price (RPE / 1.5); Mid; CER Current Measures,T06,5,5,5,5,5,transport-cost-invest-freight-light-trucks-17ac5a44:composite:1:f148ff7e78890547
BCT,T_LDV_LTF_GSL_PHEV35_N,2035,25.060453577776883,$M 2020CAD / k vehicles,NLR manufacturing price (RPE / 1.5); Mid; CER Current Measures,T06,5,5,5,5,5,transport-cost-invest-freight-light-trucks-17ac5a44:composite:1:f148ff7e78890547
BCT,T_LDV_LTF_GSL_PHEV35_N,2040,24.565972014341902,$M 2020CAD / k vehicles,NLR manufacturing price (RPE / 1.5); Mid; CER Current Measures,T06,5,5,5,5,5,transport-cost-invest-freight-light-trucks-17ac5a44:composite:1:f148ff7e78890547
BCT,T_LDV_LTF_GSL_PHEV35_N,2045,24.071490450906925,$M 2020CAD / k vehicles,NLR manufacturing price (RPE / 1.5); Mid; CER Current Measures,T06,5,5,5,5,5,transport-cost-invest-freight-light-trucks-17ac5a44:composite:1:f148ff7e78890547
BCT,T_LDV_LTF_GSL_PHEV50_N,2025,28.913277009282893,$M 2020CAD / k vehicles,NLR manufacturing price (RPE / 1.5); Mid; CER Current Measures,T06,5,5,5,5,5,transport-cost-invest-freight-light-trucks-17ac5a44:composite:1:f148ff7e78890547
BCT,T_LDV_LTF_GSL_PHEV50_N,2030,27.21484800643277,$M 2020CAD / k vehicles,NLR manufacturing price (RPE / 1.5); Mid; CER Current Measures,T06,5,5,5,5,5,transport-cost-invest-freight-light-trucks-17ac5a44:composite:1:f148ff7e78890547
BCT,T_LDV_LTF_GSL_PHEV50_N,2035,26.025159541718963,$M 2020CAD / k vehicles,NLR manufacturing price (RPE / 1.5); Mid; CER Current Measures,T06,5,5,5,5,5,transport-cost-invest-freight-light-trucks-17ac5a44:composite:1:f148ff7e78890547
BCT,T_LDV_LTF_GSL_PHEV50_N,2040,25.451859718379076,$M 2020CAD / k vehicles,NLR manufacturing price (RPE / 1.5); Mid; CER Current Measures,T06,5,5,5,5,5,transport-cost-invest-freight-light-trucks-17ac5a44:composite:1:f148ff7e78890547
BCT,T_LDV_LTF_GSL_PHEV50_N,2045,24.878559895039174,$M 2020CAD / k vehicles,NLR manufacturing price (RPE / 1.5); Mid; CER Current Measures,T06,5,5,5,5,5,transport-cost-invest-freight-light-trucks-17ac5a44:composite:1:f148ff7e78890547
BCT,T_LDV_LTP_BEV150_N,2025,23.198054549055403,$M 2020CAD / k vehicles,NLR manufacturing price (RPE / 1.5); Mid; CER Current Measures,T06,5,5,5,5,5,transport-cost-invest-passenger-light-trucks-17ac5a44:composite:1:095462aa45c4e45f
BCT,T_LDV_LTP_BEV150_N,2030,21.74990711330167,$M 2020CAD / k vehicles,NLR manufacturing price (RPE / 1.5); Mid; CER Current Measures,T06,5,5,5,5,5,transport-cost-invest-passenger-light-trucks-17ac5a44:composite:1:095462aa45c4e45f
BCT,T_LDV_LTP_BEV150_N,2035,20.655907447622376,$M 2020CAD / k vehicles,NLR manufacturing price (RPE / 1.5); Mid; CER Current Measures,T06,5,5,5,5,5,transport-cost-invest-passenger-light-trucks-17ac5a44:composite:1:095462aa45c4e45f
BCT,T_LDV_LTP_BEV150_N,2040,20.10871521160944,$M 2020CAD / k vehicles,NLR manufacturing price (RPE / 1.5); Mid; CER Current Measures,T06,5,5,5,5,5,transport-cost-invest-passenger-light-trucks-17ac5a44:composite:1:095462aa45c4e45f
BCT,T_LDV_LTP_BEV150_N,2045,19.56152297559651,$M 2020CAD / k vehicles,NLR manufacturing price (RPE / 1.5); Mid; CER Current Measures,T06,5,5,5,5,5,transport-cost-invest-passenger-light-trucks-17ac5a44:composite:1:095462aa45c4e45f
BCT,T_LDV_LTP_BEV200_N,2025,25.329852285373793,$M 2020CAD / k vehicles,NLR manufacturing price (RPE / 1.5); Mid; CER Current Measures,T06,5,5,5,5,5,transport-cost-invest-passenger-light-trucks-17ac5a44:composite:1:095462aa45c4e45f
BCT,T_LDV_LTP_BEV200_N,2030,23.716184211003593,$M 2020CAD / k vehicles,NLR manufacturing price (RPE / 1.5); Mid; CER Current Measures,T06,5,5,5,5,5,transport-cost-invest-passenger-light-trucks-17ac5a44:composite:1:095462aa45c4e45f
BCT,T_LDV_LTP_BEV200_N,2035,22.236253814604407,$M 2020CAD / k vehicles,NLR manufacturing price (RPE / 1.5); Mid; CER Current Measures,T06,5,5,5,5,5,transport-cost-invest-passenger-light-trucks-17ac5a44:composite:1:095462aa45c4e45f
BCT,T_LDV_LTP_BEV200_N,2040,21.5507721961262,$M 2020CAD / k vehicles,NLR manufacturing price (RPE / 1.5); Mid; CER Current Measures,T06,5,5,5,5,5,transport-cost-invest-passenger-light-trucks-17ac5a44:composite:1:095462aa45c4e45f
BCT,T_LDV_LTP_BEV200_N,2045,20.86529057764799,$M 2020CAD / k vehicles,NLR manufacturing price (RPE / 1.5); Mid; CER Current Measures,T06,5,5,5,5,5,transport-cost-invest-passenger-light-trucks-17ac5a44:composite:1:095462aa45c4e45f
BCT,T_LDV_LTP_BEV300_N,2025,29.844256602098493,$M 2020CAD / k vehicles,NLR manufacturing price (RPE / 1.5); Mid; CER Current Measures,T06,5,5,5,5,5,transport-cost-invest-passenger-light-trucks-17ac5a44:composite:1:095462aa45c4e45f
BCT,T_LDV_LTP_BEV300_N,2030,27.510148965283708,$M 2020CAD / k vehicles,NLR manufacturing price (RPE / 1.5); Mid; CER Current Measures,T06,5,5,5,5,5,transport-cost-invest-passenger-light-trucks-17ac5a44:composite:1:095462aa45c4e45f
BCT,T_LDV_LTP_BEV300_N,2035,25.31530268754287,$M 2020CAD / k vehicles,NLR manufacturing price (RPE / 1.5); Mid; CER Current Measures,T06,5,5,5,5,5,transport-cost-invest-passenger-light-trucks-17ac5a44:composite:1:095462aa45c4e45f
BCT,T_LDV_LTP_BEV300_N,2040,24.427240043847814,$M 2020CAD / k vehicles,NLR manufacturing price (RPE / 1.5); Mid; CER Current Measures,T06,5,5,5,5,5,transport-cost-invest-passenger-light-trucks-17ac5a44:composite:1:095462aa45c4e45f
BCT,T_LDV_LTP_BEV300_N,2045,23.539177400152745,$M 2020CAD / k vehicles,NLR manufacturing price (RPE / 1.5); Mid; CER Current Measures,T06,5,5,5,5,5,transport-cost-invest-passenger-light-trucks-17ac5a44:composite:1:095462aa45c4e45f
BCT,T_LDV_LTP_BEV400_N,2025,36.584254888203446,$M 2020CAD / k vehicles,NLR manufacturing price (RPE / 1.5); Mid; CER Current Measures,T06,5,5,5,5,5,transport-cost-invest-passenger-light-trucks-17ac5a44:composite:1:095462aa45c4e45f
BCT,T_LDV_LTP_BEV400_N,2030,33.037308850618835,$M 2020CAD / k vehicles,NLR manufacturing price (RPE / 1.5); Mid; CER Current Measures,T06,5,5,5,5,5,transport-cost-invest-passenger-light-trucks-17ac5a44:composite:1:095462aa45c4e45f
BCT,T_LDV_LTP_BEV400_N,2035,30.02648837692175,$M 2020CAD / k vehicles,NLR manufacturing price (RPE / 1.5); Mid; CER Current Measures,T06,5,5,5,5,5,transport-cost-invest-passenger-light-trucks-17ac5a44:composite:1:095462aa45c4e45f
BCT,T_LDV_LTP_BEV400_N,2040,28.662275803539924,$M 2020CAD / k vehicles,NLR manufacturing price (RPE / 1.5); Mid; CER Current Measures,T06,5,5,5,5,5,transport-cost-invest-passenger-light-trucks-17ac5a44:composite:1:095462aa45c4e45f
BCT,T_LDV_LTP_BEV400_N,2045,27.298063230158085,$M 2020CAD / k vehicles,NLR manufacturing price (RPE / 1.5); Mid; CER Current Measures,T06,5,5,5,5,5,transport-cost-invest-passenger-light-trucks-17ac5a44:composite:1:095462aa45c4e45f
BCT,T_LDV_LTP_CNG_N,2025,28.202584348161018,$M 2020CAD / k vehicles,NLR manufacturing price (RPE / 1.5); Mid; CER Current Measures,T06,5,5,5,5,5,transport-cost-invest-passenger-light-trucks-17ac5a44:composite:1:095462aa45c4e45f
BCT,T_LDV_LTP_CNG_N,2030,28.221438791034974,$M 2020CAD / k vehicles,NLR manufacturing price (RPE / 1.5); Mid; CER Current Measures,T06,5,5,5,5,5,transport-cost-invest-passenger-light-trucks-17ac5a44:composite:1:095462aa45c4e45f
BCT,T_LDV_LTP_CNG_N,2035,28.26637565972034,$M 2020CAD / k vehicles,NLR manufacturing price (RPE / 1.5); Mid; CER Current Measures,T06,5,5,5,5,5,transport-cost-invest-passenger-light-trucks-17ac5a44:composite:1:095462aa45c4e45f
BCT,T_LDV_LTP_CNG_N,2040,28.23312614804637,$M 2020CAD / k vehicles,NLR manufacturing price (RPE / 1.5); Mid; CER Current Measures,T06,5,5,5,5,5,transport-cost-invest-passenger-light-trucks-17ac5a44:composite:1:095462aa45c4e45f
BCT,T_LDV_LTP_CNG_N,2045,28.199876636372398,$M 2020CAD / k vehicles,NLR manufacturing price (RPE / 1.5); Mid; CER Current Measures,T06,5,5,5,5,5,transport-cost-invest-passenger-light-trucks-17ac5a44:composite:1:095462aa45c4e45f
BCT,T_LDV_LTP_DSL_N,2025,26.260701373316834,$M 2020CAD / k vehicles,NLR manufacturing price (RPE / 1.5); Mid; CER Current Measures,T06,5,5,5,5,5,transport-cost-invest-passenger-light-trucks-17ac5a44:composite:1:095462aa45c4e45f
BCT,T_LDV_LTP_DSL_N,2030,26.31379742465607,$M 2020CAD / k vehicles,NLR manufacturing price (RPE / 1.5); Mid; CER Current Measures,T06,5,5,5,5,5,transport-cost-invest-passenger-light-trucks-17ac5a44:composite:1:095462aa45c4e45f
BCT,T_LDV_LTP_DSL_N,2035,26.340561352654408,$M 2020CAD / k vehicles,NLR manufacturing price (RPE / 1.5); Mid; CER Current Measures,T06,5,5,5,5,5,transport-cost-invest-passenger-light-trucks-17ac5a44:composite:1:095462aa45c4e45f
BCT,T_LDV_LTP_DSL_N,2040,26.306878671431193,$M 2020CAD / k vehicles,NLR manufacturing price (RPE / 1.5); Mid; CER Current Measures,T06,5,5,5,5,5,transport-cost-invest-passenger-light-trucks-17ac5a44:composite:1:095462aa45c4e45f
BCT,T_LDV_LTP_DSL_N,2045,26.27319599020797,$M 2020CAD / k vehicles,NLR manufacturing price (RPE / 1.5); Mid; CER Current Measures,T06,5,5,5,5,5,transport-cost-invest-passenger-light-trucks-17ac5a44:composite:1:095462aa45c4e45f
BCT,T_LDV_LTP_FCEV400_N,2025,32.37677135524399,$M 2020CAD / k vehicles,NLR manufacturing price (RPE / 1.5); Mid; CER Current Measures,T06,5,5,5,5,5,transport-cost-invest-passenger-light-trucks-17ac5a44:composite:1:095462aa45c4e45f
BCT,T_LDV_LTP_FCEV400_N,2030,29.86525331984078,$M 2020CAD / k vehicles,NLR manufacturing price (RPE / 1.5); Mid; CER Current Measures,T06,5,5,5,5,5,transport-cost-invest-passenger-light-trucks-17ac5a44:composite:1:095462aa45c4e45f
BCT,T_LDV_LTP_FCEV400_N,2035,28.008052077232414,$M 2020CAD / k vehicles,NLR manufacturing price (RPE / 1.5); Mid; CER Current Measures,T06,5,5,5,5,5,transport-cost-invest-passenger-light-trucks-17ac5a44:composite:1:095462aa45c4e45f
BCT,T_LDV_LTP_FCEV400_N,2040,27.372639260917623,$M 2020CAD / k vehicles,NLR manufacturing price (RPE / 1.5); Mid; CER Current Measures,T06,5,5,5,5,5,transport-cost-invest-passenger-light-trucks-17ac5a44:composite:1:095462aa45c4e45f
BCT,T_LDV_LTP_FCEV400_N,2045,26.737226444602825,$M 2020CAD / k vehicles,NLR manufacturing price (RPE / 1.5); Mid; CER Current Measures,T06,5,5,5,5,5,transport-cost-invest-passenger-light-trucks-17ac5a44:composite:1:095462aa45c4e45f
BCT,T_LDV_LTP_GSL_HEV_N,2025,25.805974041711135,$M 2020CAD / k vehicles,NLR manufacturing price (RPE / 1.5); Mid; CER Current Measures,T06,5,5,5,5,5,transport-cost-invest-passenger-light-trucks-17ac5a44:composite:1:095462aa45c4e45f
BCT,T_LDV_LTP_GSL_HEV_N,2030,25.013546241990706,$M 2020CAD / k vehicles,NLR manufacturing price (RPE / 1.5); Mid; CER Current Measures,T06,5,5,5,5,5,transport-cost-invest-passenger-light-trucks-17ac5a44:composite:1:095462aa45c4e45f
BCT,T_LDV_LTP_GSL_HEV_N,2035,24.59411463965462,$M 2020CAD / k vehicles,NLR manufacturing price (RPE / 1.5); Mid; CER Current Measures,T06,5,5,5,5,5,transport-cost-invest-passenger-light-trucks-17ac5a44:composite:1:095462aa45c4e45f
BCT,T_LDV_LTP_GSL_HEV_N,2040,24.273660430577024,$M 2020CAD / k vehicles,NLR manufacturing price (RPE / 1.5); Mid; CER Current Measures,T06,5,5,5,5,5,transport-cost-invest-passenger-light-trucks-17ac5a44:composite:1:095462aa45c4e45f
BCT,T_LDV_LTP_GSL_HEV_N,2045,23.953206221499414,$M 2020CAD / k vehicles,NLR manufacturing price (RPE / 1.5); Mid; CER Current Measures,T06,5,5,5,5,5,transport-cost-invest-passenger-light-trucks-17ac5a44:composite:1:095462aa45c4e45f
BCT,T_LDV_LTP_GSL_N,2025,22.976303566477313,$M 2020CAD / k vehicles,NLR manufacturing price (RPE / 1.5); Mid; CER Current Measures,T06,5,5,5,5,5,transport-cost-invest-passenger-light-trucks-17ac5a44:composite:1:095462aa45c4e45f
BCT,T_LDV_LTP_GSL_N,2030,23.391220360599508,$M 2020CAD / k vehicles,NLR manufacturing price (RPE / 1.5); Mid; CER Current Measures,T06,5,5,5,5,5,transport-cost-invest-passenger-light-trucks-17ac5a44:composite:1:095462aa45c4e45f
BCT,T_LDV_LTP_GSL_N,2035,24.53689334920375,$M 2020CAD / k vehicles,NLR manufacturing price (RPE / 1.5); Mid; CER Current Measures,T06,5,5,5,5,5,transport-cost-invest-passenger-light-trucks-17ac5a44:composite:1:095462aa45c4e45f
BCT,T_LDV_LTP_GSL_N,2040,24.50360380796553,$M 2020CAD / k vehicles,NLR manufacturing price (RPE / 1.5); Mid; CER Current Measures,T06,5,5,5,5,5,transport-cost-invest-passenger-light-trucks-17ac5a44:composite:1:095462aa45c4e45f
BCT,T_LDV_LTP_GSL_N,2045,24.470314266727303,$M 2020CAD / k vehicles,NLR manufacturing price (RPE / 1.5); Mid; CER Current Measures,T06,5,5,5,5,5,transport-cost-invest-passenger-light-trucks-17ac5a44:composite:1:095462aa45c4e45f
BCT,T_LDV_LTP_GSL_PHEV35_N,2025,27.446247654117283,$M 2020CAD / k vehicles,NLR manufacturing price (RPE / 1.5); Mid; CER Current Measures,T06,5,5,5,5,5,transport-cost-invest-passenger-light-trucks-17ac5a44:composite:1:095462aa45c4e45f
BCT,T_LDV_LTP_GSL_PHEV35_N,2030,26.021182399839542,$M 2020CAD / k vehicles,NLR manufacturing price (RPE / 1.5); Mid; CER Current Measures,T06,5,5,5,5,5,transport-cost-invest-passenger-light-trucks-17ac5a44:composite:1:095462aa45c4e45f
BCT,T_LDV_LTP_GSL_PHEV35_N,2035,25.060453577776883,$M 2020CAD / k vehicles,NLR manufacturing price (RPE / 1.5); Mid; CER Current Measures,T06,5,5,5,5,5,transport-cost-invest-passenger-light-trucks-17ac5a44:composite:1:095462aa45c4e45f
BCT,T_LDV_LTP_GSL_PHEV35_N,2040,24.565972014341902,$M 2020CAD / k vehicles,NLR manufacturing price (RPE / 1.5); Mid; CER Current Measures,T06,5,5,5,5,5,transport-cost-invest-passenger-light-trucks-17ac5a44:composite:1:095462aa45c4e45f
BCT,T_LDV_LTP_GSL_PHEV35_N,2045,24.071490450906925,$M 2020CAD / k vehicles,NLR manufacturing price (RPE / 1.5); Mid; CER Current Measures,T06,5,5,5,5,5,transport-cost-invest-passenger-light-trucks-17ac5a44:composite:1:095462aa45c4e45f
BCT,T_LDV_LTP_GSL_PHEV50_N,2025,28.913277009282893,$M 2020CAD / k vehicles,NLR manufacturing price (RPE / 1.5); Mid; CER Current Measures,T06,5,5,5,5,5,transport-cost-invest-passenger-light-trucks-17ac5a44:composite:1:095462aa45c4e45f
BCT,T_LDV_LTP_GSL_PHEV50_N,2030,27.21484800643277,$M 2020CAD / k vehicles,NLR manufacturing price (RPE / 1.5); Mid; CER Current Measures,T06,5,5,5,5,5,transport-cost-invest-passenger-light-trucks-17ac5a44:composite:1:095462aa45c4e45f
BCT,T_LDV_LTP_GSL_PHEV50_N,2035,26.025159541718963,$M 2020CAD / k vehicles,NLR manufacturing price (RPE / 1.5); Mid; CER Current Measures,T06,5,5,5,5,5,transport-cost-invest-passenger-light-trucks-17ac5a44:composite:1:095462aa45c4e45f
BCT,T_LDV_LTP_GSL_PHEV50_N,2040,25.451859718379076,$M 2020CAD / k vehicles,NLR manufacturing price (RPE / 1.5); Mid; CER Current Measures,T06,5,5,5,5,5,transport-cost-invest-passenger-light-trucks-17ac5a44:composite:1:095462aa45c4e45f
BCT,T_LDV_LTP_GSL_PHEV50_N,2045,24.878559895039174,$M 2020CAD / k vehicles,NLR manufacturing price (RPE / 1.5); Mid; CER Current Measures,T06,5,5,5,5,5,transport-cost-invest-passenger-light-trucks-17ac5a44:composite:1:095462aa45c4e45f
BCT,T_LDV_M_BEV_N,2025,13.037007628312024,$M 2020CAD / k vehicles,GCAM motorcycle purchase price; Mid; CER Current Measures,T11,5,5,5,5,5,transport-cost-invest-motorcycles-804abac7:composite:1:e5e1e447784151c9
BCT,T_LDV_M_BEV_N,2030,12.923352577093377,$M 2020CAD / k vehicles,GCAM motorcycle purchase price; Mid; CER Current Measures,T11,5,5,5,5,5,transport-cost-invest-motorcycles-804abac7:composite:1:e5e1e447784151c9
BCT,T_LDV_M_BEV_N,2035,12.80969752432432,$M 2020CAD / k vehicles,GCAM motorcycle purchase price; Mid; CER Current Measures,T11,5,5,5,5,5,transport-cost-invest-motorcycles-804abac7:composite:1:e5e1e447784151c9
BCT,T_LDV_M_BEV_N,2040,12.711200268918915,$M 2020CAD / k vehicles,GCAM motorcycle purchase price; Mid; CER Current Measures,T11,5,5,5,5,5,transport-cost-invest-motorcycles-804abac7:composite:1:e5e1e447784151c9
BCT,T_LDV_M_BEV_N,2045,12.612703013513512,$M 2020CAD / k vehicles,GCAM motorcycle purchase price; Mid; CER Current Measures,T11,5,5,5,5,5,transport-cost-invest-motorcycles-804abac7:composite:1:e5e1e447784151c9
BCT,T_LDV_M_GSL_N,2025,13.891632432432433,$M 2020CAD / k vehicles,GCAM motorcycle purchase price; Mid; CER Current Measures,T11,5,5,5,5,5,transport-cost-invest-motorcycles-804abac7:composite:1:e5e1e447784151c9
BCT,T_LDV_M_GSL_N,2030,13.891632432432433,$M 2020CAD / k vehicles,GCAM motorcycle purchase price; Mid; CER Current Measures,T11,5,5,5,5,5,transport-cost-invest-motorcycles-804abac7:composite:1:e5e1e447784151c9
BCT,T_LDV_M_GSL_N,2035,13.891632432432433,$M 2020CAD / k vehicles,GCAM motorcycle purchase price; Mid; CER Current Measures,T11,5,5,5,5,5,transport-cost-invest-motorcycles-804abac7:composite:1:e5e1e447784151c9
BCT,T_LDV_M_GSL_N,2040,13.891632432432433,$M 2020CAD / k vehicles,GCAM motorcycle purchase price; Mid; CER Current Measures,T11,5,5,5,5,5,transport-cost-invest-motorcycles-804abac7:composite:1:e5e1e447784151c9
BCT,T_LDV_M_GSL_N,2045,13.891632432432433,$M 2020CAD / k vehicles,GCAM motorcycle purchase price; Mid; CER Current Measures,T11,5,5,5,5,5,transport-cost-invest-motorcycles-804abac7:composite:1:e5e1e447784151c9
BCT,T_MDV_T_BEV_N,2025,65.33278261541977,$M 2020CAD / k vehicles,NLR manufacturing price (RPE / 1.5); Mid; CER Current Measures,T06,5,5,5,5,5,transport-cost-invest-medium-trucks-e162550e:composite:1:047ed20feabb1ef5
BCT,T_MDV_T_BEV_N,2030,53.2834887643728,$M 2020CAD / k vehicles,NLR manufacturing price (RPE / 1.5); Mid; CER Current Measures,T06,5,5,5,5,5,transport-cost-invest-medium-trucks-e162550e:composite:1:047ed20feabb1ef5
BCT,T_MDV_T_BEV_N,2035,46.60465239706312,$M 2020CAD / k vehicles,NLR manufacturing price (RPE / 1.5); Mid; CER Current Measures,T06,5,5,5,5,5,transport-cost-invest-medium-trucks-e162550e:composite:1:047ed20feabb1ef5
BCT,T_MDV_T_BEV_N,2040,43.733968432748206,$M 2020CAD / k vehicles,NLR manufacturing price (RPE / 1.5); Mid; CER Current Measures,T06,5,5,5,5,5,transport-cost-invest-medium-trucks-e162550e:composite:1:047ed20feabb1ef5
BCT,T_MDV_T_BEV_N,2045,40.863284468433285,$M 2020CAD / k vehicles,NLR manufacturing price (RPE / 1.5); Mid; CER Current Measures,T06,5,5,5,5,5,transport-cost-invest-medium-trucks-e162550e:composite:1:047ed20feabb1ef5
BCT,T_MDV_T_DSL_HEV_N,2025,45.522868818484284,$M 2020CAD / k vehicles,NLR manufacturing price (RPE / 1.5); Mid; CER Current Measures,T06,5,5,5,5,5,transport-cost-invest-medium-trucks-e162550e:composite:1:047ed20feabb1ef5
BCT,T_MDV_T_DSL_HEV_N,2030,45.04705495311201,$M 2020CAD / k vehicles,NLR manufacturing price (RPE / 1.5); Mid; CER Current Measures,T06,5,5,5,5,5,transport-cost-invest-medium-trucks-e162550e:composite:1:047ed20feabb1ef5
BCT,T_MDV_T_DSL_HEV_N,2035,44.680283029573516,$M 2020CAD / k vehicles,NLR manufacturing price (RPE / 1.5); Mid; CER Current Measures,T06,5,5,5,5,5,transport-cost-invest-medium-trucks-e162550e:composite:1:047ed20feabb1ef5
BCT,T_MDV_T_DSL_HEV_N,2040,44.60846739087874,$M 2020CAD / k vehicles,NLR manufacturing price (RPE / 1.5); Mid; CER Current Measures,T06,5,5,5,5,5,transport-cost-invest-medium-trucks-e162550e:composite:1:047ed20feabb1ef5
BCT,T_MDV_T_DSL_HEV_N,2045,44.536651752183964,$M 2020CAD / k vehicles,NLR manufacturing price (RPE / 1.5); Mid; CER Current Measures,T06,5,5,5,5,5,transport-cost-invest-medium-trucks-e162550e:composite:1:047ed20feabb1ef5
BCT,T_MDV_T_DSL_N,2025,41.288421469437736,$M 2020CAD / k vehicles,NLR manufacturing price (RPE / 1.5); Mid; CER Current Measures,T06,5,5,5,5,5,transport-cost-invest-medium-trucks-e162550e:composite:1:047ed20feabb1ef5
BCT,T_MDV_T_DSL_N,2030,41.414036669880666,$M 2020CAD / k vehicles,NLR manufacturing price (RPE / 1.5); Mid; CER Current Measures,T06,5,5,5,5,5,transport-cost-invest-medium-trucks-e162550e:composite:1:047ed20feabb1ef5
BCT,T_MDV_T_DSL_N,2035,41.175672786150855,$M 2020CAD / k vehicles,NLR manufacturing price (RPE / 1.5); Mid; CER Current Measures,T06,5,5,5,5,5,transport-cost-invest-medium-trucks-e162550e:composite:1:047ed20feabb1ef5
BCT,T_MDV_T_DSL_N,2040,41.172870913315975,$M 2020CAD / k vehicles,NLR manufacturing price (RPE / 1.5); Mid; CER Current Measures,T06,5,5,5,5,5,transport-cost-invest-medium-trucks-e162550e:composite:1:047ed20feabb1ef5
BCT,T_MDV_T_DSL_N,2045,41.170069040481096,$M 2020CAD / k vehicles,NLR manufacturing price (RPE / 1.5); Mid; CER Current Measures,T06,5,5,5,5,5,transport-cost-invest-medium-trucks-e162550e:composite:1:047ed20feabb1ef5
BCT,T_MDV_T_DSL_PHEV_N,2025,70.85664509638025,$M 2020CAD / k vehicles,NLR manufacturing price (RPE / 1.5); Mid; CER Current Measures,T06,5,5,5,5,5,transport-cost-invest-medium-trucks-e162550e:composite:1:047ed20feabb1ef5
BCT,T_MDV_T_DSL_PHEV_N,2030,60.5666701749238,$M 2020CAD / k vehicles,NLR manufacturing price (RPE / 1.5); Mid; CER Current Measures,T06,5,5,5,5,5,transport-cost-invest-medium-trucks-e162550e:composite:1:047ed20feabb1ef5
BCT,T_MDV_T_DSL_PHEV_N,2035,54.22138541394572,$M 2020CAD / k vehicles,NLR manufacturing price (RPE / 1.5); Mid; CER Current Measures,T06,5,5,5,5,5,transport-cost-invest-medium-trucks-e162550e:composite:1:047ed20feabb1ef5
BCT,T_MDV_T_DSL_PHEV_N,2040,51.658562719493986,$M 2020CAD / k vehicles,NLR manufacturing price (RPE / 1.5); Mid; CER Current Measures,T06,5,5,5,5,5,transport-cost-invest-medium-trucks-e162550e:composite:1:047ed20feabb1ef5
BCT,T_MDV_T_DSL_PHEV_N,2045,49.09574002504226,$M 2020CAD / k vehicles,NLR manufacturing price (RPE / 1.5); Mid; CER Current Measures,T06,5,5,5,5,5,transport-cost-invest-medium-trucks-e162550e:composite:1:047ed20feabb1ef5
BCT,T_MDV_T_FCEV_N,2025,65.59106294226915,$M 2020CAD / k vehicles,NLR manufacturing price (RPE / 1.5); Mid; CER Current Measures,T06,5,5,5,5,5,transport-cost-invest-medium-trucks-e162550e:composite:1:047ed20feabb1ef5
BCT,T_MDV_T_FCEV_N,2030,49.87519714083219,$M 2020CAD / k vehicles,NLR manufacturing price (RPE / 1.5); Mid; CER Current Measures,T06,5,5,5,5,5,transport-cost-invest-medium-trucks-e162550e:composite:1:047ed20feabb1ef5
BCT,T_MDV_T_FCEV_N,2035,45.38437067065345,$M 2020CAD / k vehicles,NLR manufacturing price (RPE / 1.5); Mid; CER Current Measures,T06,5,5,5,5,5,transport-cost-invest-medium-trucks-e162550e:composite:1:047ed20feabb1ef5
BCT,T_MDV_T_FCEV_N,2040,44.456235440781114,$M 2020CAD / k vehicles,NLR manufacturing price (RPE / 1.5); Mid; CER Current Measures,T06,5,5,5,5,5,transport-cost-invest-medium-trucks-e162550e:composite:1:047ed20feabb1ef5
BCT,T_MDV_T_FCEV_N,2045,43.528100210908775,$M 2020CAD / k vehicles,NLR manufacturing price (RPE / 1.5); Mid; CER Current Measures,T06,5,5,5,5,5,transport-cost-invest-medium-trucks-e162550e:composite:1:047ed20feabb1ef5
BCT,T_MDV_T_FCHEV_N,2025,58.93034653160426,$M 2020CAD / k vehicles,NLR manufacturing price (RPE / 1.5); Mid; CER Current Measures,T06,5,5,5,5,5,transport-cost-invest-medium-trucks-e162550e:composite:1:047ed20feabb1ef5
BCT,T_MDV_T_FCHEV_N,2030,46.71509367100195,$M 2020CAD / k vehicles,NLR manufacturing price (RPE / 1.5); Mid; CER Current Measures,T06,5,5,5,5,5,transport-cost-invest-medium-trucks-e162550e:composite:1:047ed20feabb1ef5
BCT,T_MDV_T_FCHEV_N,2035,42.59235792865135,$M 2020CAD / k vehicles,NLR manufacturing price (RPE / 1.5); Mid; CER Current Measures,T06,5,5,5,5,5,transport-cost-invest-medium-trucks-e162550e:composite:1:047ed20feabb1ef5
BCT,T_MDV_T_FCHEV_N,2040,41.43154062821085,$M 2020CAD / k vehicles,NLR manufacturing price (RPE / 1.5); Mid; CER Current Measures,T06,5,5,5,5,5,transport-cost-invest-medium-trucks-e162550e:composite:1:047ed20feabb1ef5
BCT,T_MDV_T_FCHEV_N,2045,40.27072332777032,$M 2020CAD / k vehicles,NLR manufacturing price (RPE / 1.5); Mid; CER Current Measures,T06,5,5,5,5,5,transport-cost-invest-medium-trucks-e162550e:composite:1:047ed20feabb1ef5
BCT,T_MDV_T_GSL_N,2025,41.288421469437736,$M 2020CAD / k vehicles,NLR manufacturing price (RPE / 1.5); reviewed gasoline->diesel purchase proxy; Mid; CER Current Measures,T06,5,5,5,5,5,transport-cost-invest-medium-trucks-e162550e:composite:1:047ed20feabb1ef5
BCT,T_MDV_T_GSL_N,2030,41.414036669880666,$M 2020CAD / k vehicles,NLR manufacturing price (RPE / 1.5); reviewed gasoline->diesel purchase proxy; Mid; CER Current Measures,T06,5,5,5,5,5,transport-cost-invest-medium-trucks-e162550e:composite:1:047ed20feabb1ef5
BCT,T_MDV_T_GSL_N,2035,41.175672786150855,$M 2020CAD / k vehicles,NLR manufacturing price (RPE / 1.5); reviewed gasoline->diesel purchase proxy; Mid; CER Current Measures,T06,5,5,5,5,5,transport-cost-invest-medium-trucks-e162550e:composite:1:047ed20feabb1ef5
BCT,T_MDV_T_GSL_N,2040,41.172870913315975,$M 2020CAD / k vehicles,NLR manufacturing price (RPE / 1.5); reviewed gasoline->diesel purchase proxy; Mid; CER Current Measures,T06,5,5,5,5,5,transport-cost-invest-medium-trucks-e162550e:composite:1:047ed20feabb1ef5
BCT,T_MDV_T_GSL_N,2045,41.170069040481096,$M 2020CAD / k vehicles,NLR manufacturing price (RPE / 1.5); reviewed gasoline->diesel purchase proxy; Mid; CER Current Measures,T06,5,5,5,5,5,transport-cost-invest-medium-trucks-e162550e:composite:1:047ed20feabb1ef5
MB,T_HDV_AJF_JFL_N,2025,6132.623678803439,$M 2020CAD / bn tonne-km,CIMS aircraft CAPEX normalized by FAA All Aircraft annual service output; Mid; CER Current Measures,T15,5,5,5,5,5,transport-cost-invest-freight-air-e97ac762:composite:1:bd087d6387d7310e
MB,T_HDV_AJF_JFL_N,2030,6132.623678803439,$M 2020CAD / bn tonne-km,CIMS aircraft CAPEX normalized by FAA All Aircraft annual service output; Mid; CER Current Measures,T15,5,5,5,5,5,transport-cost-invest-freight-air-e97ac762:composite:1:bd087d6387d7310e
MB,T_HDV_AJF_JFL_N,2035,6132.623678803439,$M 2020CAD / bn tonne-km,CIMS aircraft CAPEX normalized by FAA All Aircraft annual service output; Mid; CER Current Measures,T15,5,5,5,5,5,transport-cost-invest-freight-air-e97ac762:composite:1:bd087d6387d7310e
MB,T_HDV_AJF_JFL_N,2040,6132.623678803439,$M 2020CAD / bn tonne-km,CIMS aircraft CAPEX normalized by FAA All Aircraft annual service output; Mid; CER Current Measures,T15,5,5,5,5,5,transport-cost-invest-freight-air-e97ac762:composite:1:bd087d6387d7310e
MB,T_HDV_AJF_JFL_N,2045,6132.623678803439,$M 2020CAD / bn tonne-km,CIMS aircraft CAPEX normalized by FAA All Aircraft annual service output; Mid; CER Current Measures,T15,5,5,5,5,5,transport-cost-invest-freight-air-e97ac762:composite:1:bd087d6387d7310e
MB,T_HDV_AJF_SPK_N,2025,6132.623678803439,$M 2020CAD / bn tonne-km,CIMS aircraft CAPEX normalized by FAA All Aircraft annual service output; Mid; CER Current Measures,T15,5,5,5,5,5,transport-cost-invest-freight-air-e97ac762:composite:1:bd087d6387d7310e
MB,T_HDV_AJF_SPK_N,2030,6132.623678803439,$M 2020CAD / bn tonne-km,CIMS aircraft CAPEX normalized by FAA All Aircraft annual service output; Mid; CER Current Measures,T15,5,5,5,5,5,transport-cost-invest-freight-air-e97ac762:composite:1:bd087d6387d7310e
MB,T_HDV_AJF_SPK_N,2035,6132.623678803439,$M 2020CAD / bn tonne-km,CIMS aircraft CAPEX normalized by FAA All Aircraft annual service output; Mid; CER Current Measures,T15,5,5,5,5,5,transport-cost-invest-freight-air-e97ac762:composite:1:bd087d6387d7310e
MB,T_HDV_AJF_SPK_N,2040,6132.623678803439,$M 2020CAD / bn tonne-km,CIMS aircraft CAPEX normalized by FAA All Aircraft annual service output; Mid; CER Current Measures,T15,5,5,5,5,5,transport-cost-invest-freight-air-e97ac762:composite:1:bd087d6387d7310e
MB,T_HDV_AJF_SPK_N,2045,6132.623678803439,$M 2020CAD / bn tonne-km,CIMS aircraft CAPEX normalized by FAA All Aircraft annual service output; Mid; CER Current Measures,T15,5,5,5,5,5,transport-cost-invest-freight-air-e97ac762:composite:1:bd087d6387d7310e
MB,T_HDV_AJP_JFL_N,2025,1032.1218289023984,$M 2020CAD / bn passenger-km,CIMS aircraft CAPEX normalized by FAA All Aircraft annual service output; Mid; CER Current Measures,T15,5,5,5,5,5,transport-cost-invest-passenger-air-e97ac762:composite:1:ca4132bec8ddc7b3
MB,T_HDV_AJP_JFL_N,2030,1032.1218289023984,$M 2020CAD / bn passenger-km,CIMS aircraft CAPEX normalized by FAA All Aircraft annual service output; Mid; CER Current Measures,T15,5,5,5,5,5,transport-cost-invest-passenger-air-e97ac762:composite:1:ca4132bec8ddc7b3
MB,T_HDV_AJP_JFL_N,2035,1032.1218289023984,$M 2020CAD / bn passenger-km,CIMS aircraft CAPEX normalized by FAA All Aircraft annual service output; Mid; CER Current Measures,T15,5,5,5,5,5,transport-cost-invest-passenger-air-e97ac762:composite:1:ca4132bec8ddc7b3
MB,T_HDV_AJP_JFL_N,2040,1032.1218289023984,$M 2020CAD / bn passenger-km,CIMS aircraft CAPEX normalized by FAA All Aircraft annual service output; Mid; CER Current Measures,T15,5,5,5,5,5,transport-cost-invest-passenger-air-e97ac762:composite:1:ca4132bec8ddc7b3
MB,T_HDV_AJP_JFL_N,2045,1032.1218289023984,$M 2020CAD / bn passenger-km,CIMS aircraft CAPEX normalized by FAA All Aircraft annual service output; Mid; CER Current Measures,T15,5,5,5,5,5,transport-cost-invest-passenger-air-e97ac762:composite:1:ca4132bec8ddc7b3
MB,T_HDV_AJP_SPK_N,2025,1032.1218289023984,$M 2020CAD / bn passenger-km,CIMS aircraft CAPEX normalized by FAA All Aircraft annual service output; Mid; CER Current Measures,T15,5,5,5,5,5,transport-cost-invest-passenger-air-e97ac762:composite:1:ca4132bec8ddc7b3
MB,T_HDV_AJP_SPK_N,2030,1032.1218289023984,$M 2020CAD / bn passenger-km,CIMS aircraft CAPEX normalized by FAA All Aircraft annual service output; Mid; CER Current Measures,T15,5,5,5,5,5,transport-cost-invest-passenger-air-e97ac762:composite:1:ca4132bec8ddc7b3
MB,T_HDV_AJP_SPK_N,2035,1032.1218289023984,$M 2020CAD / bn passenger-km,CIMS aircraft CAPEX normalized by FAA All Aircraft annual service output; Mid; CER Current Measures,T15,5,5,5,5,5,transport-cost-invest-passenger-air-e97ac762:composite:1:ca4132bec8ddc7b3
MB,T_HDV_AJP_SPK_N,2040,1032.1218289023984,$M 2020CAD / bn passenger-km,CIMS aircraft CAPEX normalized by FAA All Aircraft annual service output; Mid; CER Current Measures,T15,5,5,5,5,5,transport-cost-invest-passenger-air-e97ac762:composite:1:ca4132bec8ddc7b3
MB,T_HDV_AJP_SPK_N,2045,1032.1218289023984,$M 2020CAD / bn passenger-km,CIMS aircraft CAPEX normalized by FAA All Aircraft annual service output; Mid; CER Current Measures,T15,5,5,5,5,5,transport-cost-invest-passenger-air-e97ac762:composite:1:ca4132bec8ddc7b3
MB,T_HDV_BIC_BEV_N,2025,724.9291694090558,$M 2020CAD / k vehicles,REGEN intercity purchase price; Mid; CER Current Measures,T12,5,5,5,5,5,transport-cost-invest-inter-city-buses-8fe13d81:composite:1:a4215f62e54efd1d
MB,T_HDV_BIC_BEV_N,2030,687.3711076208749,$M 2020CAD / k vehicles,REGEN intercity purchase price; Mid; CER Current Measures,T12,5,5,5,5,5,transport-cost-invest-inter-city-buses-8fe13d81:composite:1:a4215f62e54efd1d
MB,T_HDV_BIC_BEV_N,2035,649.8130458326937,$M 2020CAD / k vehicles,REGEN intercity purchase price; Mid; CER Current Measures,T12,5,5,5,5,5,transport-cost-invest-inter-city-buses-8fe13d81:composite:1:a4215f62e54efd1d
MB,T_HDV_BIC_BEV_N,2040,637.7195688948578,$M 2020CAD / k vehicles,REGEN intercity purchase price; Mid; CER Current Measures,T12,5,5,5,5,5,transport-cost-invest-inter-city-buses-8fe13d81:composite:1:a4215f62e54efd1d
MB,T_HDV_BIC_BEV_N,2045,625.6260919570221,$M 2020CAD / k vehicles,REGEN intercity purchase price; Mid; CER Current Measures,T12,5,5,5,5,5,transport-cost-invest-inter-city-buses-8fe13d81:composite:1:a4215f62e54efd1d
MB,T_HDV_BIC_DSL_HEV_N,2025,625.0231638861476,$M 2020CAD / k vehicles,REGEN intercity purchase price; Mid; CER Current Measures,T12,5,5,5,5,5,transport-cost-invest-inter-city-buses-0a292860:composite:1:bb531e37aa681bea
MB,T_HDV_BIC_DSL_HEV_N,2030,631.1135387568029,$M 2020CAD / k vehicles,REGEN intercity purchase price; Mid; CER Current Measures,T12,5,5,5,5,5,transport-cost-invest-inter-city-buses-0a292860:composite:1:bb531e37aa681bea
MB,T_HDV_BIC_DSL_HEV_N,2035,639.1593250453943,$M 2020CAD / k vehicles,REGEN intercity purchase price; Mid; CER Current Measures,T12,5,5,5,5,5,transport-cost-invest-inter-city-buses-0a292860:composite:1:bb531e37aa681bea
MB,T_HDV_BIC_DSL_HEV_N,2040,638.5264211730566,$M 2020CAD / k vehicles,REGEN intercity purchase price; Mid; CER Current Measures,T12,5,5,5,5,5,transport-cost-invest-inter-city-buses-0a292860:composite:1:bb531e37aa681bea
MB,T_HDV_BIC_DSL_HEV_N,2045,637.8945752873842,$M 2020CAD / k vehicles,REGEN intercity purchase price; Mid; CER Current Measures,T12,5,5,5,5,5,transport-cost-invest-inter-city-buses-0a292860:composite:1:bb531e37aa681bea
MB,T_HDV_BIC_DSL_N,2025,578.3503599462776,$M 2020CAD / k vehicles,REGEN intercity purchase price; Mid; CER Current Measures,T12,5,5,5,5,5,transport-cost-invest-inter-city-buses-8fe13d81:composite:1:a4215f62e54efd1d
MB,T_HDV_BIC_DSL_N,2030,592.376084435917,$M 2020CAD / k vehicles,REGEN intercity purchase price; Mid; CER Current Measures,T12,5,5,5,5,5,transport-cost-invest-inter-city-buses-8fe13d81:composite:1:a4215f62e54efd1d
MB,T_HDV_BIC_DSL_N,2035,606.4018089255563,$M 2020CAD / k vehicles,REGEN intercity purchase price; Mid; CER Current Measures,T12,5,5,5,5,5,transport-cost-invest-inter-city-buses-8fe13d81:composite:1:a4215f62e54efd1d
MB,T_HDV_BIC_DSL_N,2040,606.4018089255563,$M 2020CAD / k vehicles,REGEN intercity purchase price; Mid; CER Current Measures,T12,5,5,5,5,5,transport-cost-invest-inter-city-buses-8fe13d81:composite:1:a4215f62e54efd1d
MB,T_HDV_BIC_DSL_N,2045,606.4018089255563,$M 2020CAD / k vehicles,REGEN intercity purchase price; Mid; CER Current Measures,T12,5,5,5,5,5,transport-cost-invest-inter-city-buses-8fe13d81:composite:1:a4215f62e54efd1d
MB,T_HDV_BIC_FCEV_N,2025,726.7192071527243,$M 2020CAD / k vehicles,REGEN intercity purchase price; Mid; CER Current Measures,T12,5,5,5,5,5,transport-cost-invest-inter-city-buses-8fe13d81:composite:1:a4215f62e54efd1d
MB,T_HDV_BIC_FCEV_N,2030,702.2862077359937,$M 2020CAD / k vehicles,REGEN intercity purchase price; Mid; CER Current Measures,T12,5,5,5,5,5,transport-cost-invest-inter-city-buses-8fe13d81:composite:1:a4215f62e54efd1d
MB,T_HDV_BIC_FCEV_N,2035,677.8520796699922,$M 2020CAD / k vehicles,REGEN intercity purchase price; Mid; CER Current Measures,T12,5,5,5,5,5,transport-cost-invest-inter-city-buses-8fe13d81:composite:1:a4215f62e54efd1d
MB,T_HDV_BIC_FCEV_N,2040,660.4821673906367,$M 2020CAD / k vehicles,REGEN intercity purchase price; Mid; CER Current Measures,T12,5,5,5,5,5,transport-cost-invest-inter-city-buses-8fe13d81:composite:1:a4215f62e54efd1d
MB,T_HDV_BIC_FCEV_N,2045,643.1111264620107,$M 2020CAD / k vehicles,REGEN intercity purchase price; Mid; CER Current Measures,T12,5,5,5,5,5,transport-cost-invest-inter-city-buses-8fe13d81:composite:1:a4215f62e54efd1d
MB,T_HDV_BIC_GSL_N,2025,578.3503599462776,$M 2020CAD / k vehicles,REGEN intercity purchase price; Mid; CER Current Measures,T12,5,5,5,5,5,transport-cost-invest-inter-city-buses-8fe13d81:composite:1:a4215f62e54efd1d
MB,T_HDV_BIC_GSL_N,2030,592.376084435917,$M 2020CAD / k vehicles,REGEN intercity purchase price; Mid; CER Current Measures,T12,5,5,5,5,5,transport-cost-invest-inter-city-buses-8fe13d81:composite:1:a4215f62e54efd1d
MB,T_HDV_BIC_GSL_N,2035,606.4018089255563,$M 2020CAD / k vehicles,REGEN intercity purchase price; Mid; CER Current Measures,T12,5,5,5,5,5,transport-cost-invest-inter-city-buses-8fe13d81:composite:1:a4215f62e54efd1d
MB,T_HDV_BIC_GSL_N,2040,606.4018089255563,$M 2020CAD / k vehicles,REGEN intercity purchase price; Mid; CER Current Measures,T12,5,5,5,5,5,transport-cost-invest-inter-city-buses-8fe13d81:composite:1:a4215f62e54efd1d
MB,T_HDV_BIC_GSL_N,2045,606.4018089255563,$M 2020CAD / k vehicles,REGEN intercity purchase price; Mid; CER Current Measures,T12,5,5,5,5,5,transport-cost-invest-inter-city-buses-8fe13d81:composite:1:a4215f62e54efd1d
MB,T_HDV_BS_BEV_N,2025,84.19758949061635,$M 2020CAD / k vehicles,NLR manufacturing price (RPE / 1.5); Mid; CER Current Measures,T06,5,5,5,5,5,transport-cost-invest-school-buses-db3394b4:composite:1:4cfd8123718eed66
MB,T_HDV_BS_BEV_N,2030,70.11365479609992,$M 2020CAD / k vehicles,NLR manufacturing price (RPE / 1.5); Mid; CER Current Measures,T06,5,5,5,5,5,transport-cost-invest-school-buses-db3394b4:composite:1:4cfd8123718eed66
MB,T_HDV_BS_BEV_N,2035,62.61319010234349,$M 2020CAD / k vehicles,NLR manufacturing price (RPE / 1.5); Mid; CER Current Measures,T06,5,5,5,5,5,transport-cost-invest-school-buses-db3394b4:composite:1:4cfd8123718eed66
MB,T_HDV_BS_BEV_N,2040,59.22776267866287,$M 2020CAD / k vehicles,NLR manufacturing price (RPE / 1.5); Mid; CER Current Measures,T06,5,5,5,5,5,transport-cost-invest-school-buses-db3394b4:composite:1:4cfd8123718eed66
MB,T_HDV_BS_BEV_N,2045,55.842335254982245,$M 2020CAD / k vehicles,NLR manufacturing price (RPE / 1.5); Mid; CER Current Measures,T06,5,5,5,5,5,transport-cost-invest-school-buses-db3394b4:composite:1:4cfd8123718eed66
MB,T_HDV_BS_CNG_N,2025,53.16800325295391,$M 2020CAD / k vehicles,NLR manufacturing price (RPE / 1.5); reviewed cng->diesel purchase proxy; Mid; CER Current Measures,T06,5,5,5,5,5,transport-cost-invest-school-buses-db3394b4:composite:1:4cfd8123718eed66
MB,T_HDV_BS_CNG_N,2030,53.4655312378343,$M 2020CAD / k vehicles,NLR manufacturing price (RPE / 1.5); reviewed cng->diesel purchase proxy; Mid; CER Current Measures,T06,5,5,5,5,5,transport-cost-invest-school-buses-db3394b4:composite:1:4cfd8123718eed66
MB,T_HDV_BS_CNG_N,2035,53.3714260725808,$M 2020CAD / k vehicles,NLR manufacturing price (RPE / 1.5); reviewed cng->diesel purchase proxy; Mid; CER Current Measures,T06,5,5,5,5,5,transport-cost-invest-school-buses-db3394b4:composite:1:4cfd8123718eed66
MB,T_HDV_BS_CNG_N,2040,53.437700637583895,$M 2020CAD / k vehicles,NLR manufacturing price (RPE / 1.5); reviewed cng->diesel purchase proxy; Mid; CER Current Measures,T06,5,5,5,5,5,transport-cost-invest-school-buses-db3394b4:composite:1:4cfd8123718eed66
MB,T_HDV_BS_CNG_N,2045,53.50397520258698,$M 2020CAD / k vehicles,NLR manufacturing price (RPE / 1.5); reviewed cng->diesel purchase proxy; Mid; CER Current Measures,T06,5,5,5,5,5,transport-cost-invest-school-buses-db3394b4:composite:1:4cfd8123718eed66
MB,T_HDV_BS_DSL_HEV_N,2025,58.50015757889593,$M 2020CAD / k vehicles,NLR manufacturing price (RPE / 1.5); Mid; CER Current Measures,T06,5,5,5,5,5,transport-cost-invest-school-buses-db3394b4:composite:1:4cfd8123718eed66
MB,T_HDV_BS_DSL_HEV_N,2030,57.81028888624818,$M 2020CAD / k vehicles,NLR manufacturing price (RPE / 1.5); Mid; CER Current Measures,T06,5,5,5,5,5,transport-cost-invest-school-buses-db3394b4:composite:1:4cfd8123718eed66
MB,T_HDV_BS_DSL_HEV_N,2035,57.49401062408043,$M 2020CAD / k vehicles,NLR manufacturing price (RPE / 1.5); Mid; CER Current Measures,T06,5,5,5,5,5,transport-cost-invest-school-buses-db3394b4:composite:1:4cfd8123718eed66
MB,T_HDV_BS_DSL_HEV_N,2040,57.405801772439325,$M 2020CAD / k vehicles,NLR manufacturing price (RPE / 1.5); Mid; CER Current Measures,T06,5,5,5,5,5,transport-cost-invest-school-buses-db3394b4:composite:1:4cfd8123718eed66
MB,T_HDV_BS_DSL_HEV_N,2045,57.31759292079822,$M 2020CAD / k vehicles,NLR manufacturing price (RPE / 1.5); Mid; CER Current Measures,T06,5,5,5,5,5,transport-cost-invest-school-buses-db3394b4:composite:1:4cfd8123718eed66
MB,T_HDV_BS_DSL_N,2025,53.16800325295391,$M 2020CAD / k vehicles,NLR manufacturing price (RPE / 1.5); Mid; CER Current Measures,T06,5,5,5,5,5,transport-cost-invest-school-buses-db3394b4:composite:1:4cfd8123718eed66
MB,T_HDV_BS_DSL_N,2030,53.4655312378343,$M 2020CAD / k vehicles,NLR manufacturing price (RPE / 1.5); Mid; CER Current Measures,T06,5,5,5,5,5,transport-cost-invest-school-buses-db3394b4:composite:1:4cfd8123718eed66
MB,T_HDV_BS_DSL_N,2035,53.3714260725808,$M 2020CAD / k vehicles,NLR manufacturing price (RPE / 1.5); Mid; CER Current Measures,T06,5,5,5,5,5,transport-cost-invest-school-buses-db3394b4:composite:1:4cfd8123718eed66
MB,T_HDV_BS_DSL_N,2040,53.437700637583895,$M 2020CAD / k vehicles,NLR manufacturing price (RPE / 1.5); Mid; CER Current Measures,T06,5,5,5,5,5,transport-cost-invest-school-buses-db3394b4:composite:1:4cfd8123718eed66
MB,T_HDV_BS_DSL_N,2045,53.50397520258698,$M 2020CAD / k vehicles,NLR manufacturing price (RPE / 1.5); Mid; CER Current Measures,T06,5,5,5,5,5,transport-cost-invest-school-buses-db3394b4:composite:1:4cfd8123718eed66
MB,T_HDV_BS_DSL_PHEV_N,2025,87.13041588141115,$M 2020CAD / k vehicles,NLR manufacturing price (RPE / 1.5); Mid; CER Current Measures,T06,5,5,5,5,5,transport-cost-invest-school-buses-db3394b4:composite:1:4cfd8123718eed66
MB,T_HDV_BS_DSL_PHEV_N,2030,75.5222253464583,$M 2020CAD / k vehicles,NLR manufacturing price (RPE / 1.5); Mid; CER Current Measures,T06,5,5,5,5,5,transport-cost-invest-school-buses-db3394b4:composite:1:4cfd8123718eed66
MB,T_HDV_BS_DSL_PHEV_N,2035,68.7271956132863,$M 2020CAD / k vehicles,NLR manufacturing price (RPE / 1.5); Mid; CER Current Measures,T06,5,5,5,5,5,transport-cost-invest-school-buses-db3394b4:composite:1:4cfd8123718eed66
MB,T_HDV_BS_DSL_PHEV_N,2040,65.82679894735955,$M 2020CAD / k vehicles,NLR manufacturing price (RPE / 1.5); Mid; CER Current Measures,T06,5,5,5,5,5,transport-cost-invest-school-buses-db3394b4:composite:1:4cfd8123718eed66
MB,T_HDV_BS_DSL_PHEV_N,2045,62.926402281432814,$M 2020CAD / k vehicles,NLR manufacturing price (RPE / 1.5); Mid; CER Current Measures,T06,5,5,5,5,5,transport-cost-invest-school-buses-db3394b4:composite:1:4cfd8123718eed66
MB,T_HDV_BS_FCEV_N,2025,84.25313276484489,$M 2020CAD / k vehicles,NLR manufacturing price (RPE / 1.5); Mid; CER Current Measures,T06,5,5,5,5,5,transport-cost-invest-school-buses-db3394b4:composite:1:4cfd8123718eed66
MB,T_HDV_BS_FCEV_N,2030,66.34980196477711,$M 2020CAD / k vehicles,NLR manufacturing price (RPE / 1.5); Mid; CER Current Measures,T06,5,5,5,5,5,transport-cost-invest-school-buses-db3394b4:composite:1:4cfd8123718eed66
MB,T_HDV_BS_FCEV_N,2035,60.95821279762239,$M 2020CAD / k vehicles,NLR manufacturing price (RPE / 1.5); Mid; CER Current Measures,T06,5,5,5,5,5,transport-cost-invest-school-buses-db3394b4:composite:1:4cfd8123718eed66
MB,T_HDV_BS_FCEV_N,2040,59.87116842004512,$M 2020CAD / k vehicles,NLR manufacturing price (RPE / 1.5); Mid; CER Current Measures,T06,5,5,5,5,5,transport-cost-invest-school-buses-db3394b4:composite:1:4cfd8123718eed66
MB,T_HDV_BS_FCEV_N,2045,58.78412404246786,$M 2020CAD / k vehicles,NLR manufacturing price (RPE / 1.5); Mid; CER Current Measures,T06,5,5,5,5,5,transport-cost-invest-school-buses-db3394b4:composite:1:4cfd8123718eed66
MB,T_HDV_BS_FCHEV_N,2025,73.60226770799707,$M 2020CAD / k vehicles,NLR manufacturing price (RPE / 1.5); Mid; CER Current Measures,T06,5,5,5,5,5,transport-cost-invest-school-buses-db3394b4:composite:1:4cfd8123718eed66
MB,T_HDV_BS_FCHEV_N,2030,61.272368386889674,$M 2020CAD / k vehicles,NLR manufacturing price (RPE / 1.5); Mid; CER Current Measures,T06,5,5,5,5,5,transport-cost-invest-school-buses-db3394b4:composite:1:4cfd8123718eed66
MB,T_HDV_BS_FCHEV_N,2035,57.07478272624065,$M 2020CAD / k vehicles,NLR manufacturing price (RPE / 1.5); Mid; CER Current Measures,T06,5,5,5,5,5,transport-cost-invest-school-buses-db3394b4:composite:1:4cfd8123718eed66
MB,T_HDV_BS_FCHEV_N,2040,55.59150607391185,$M 2020CAD / k vehicles,NLR manufacturing price (RPE / 1.5); Mid; CER Current Measures,T06,5,5,5,5,5,transport-cost-invest-school-buses-db3394b4:composite:1:4cfd8123718eed66
MB,T_HDV_BS_FCHEV_N,2045,54.10822942158307,$M 2020CAD / k vehicles,NLR manufacturing price (RPE / 1.5); Mid; CER Current Measures,T06,5,5,5,5,5,transport-cost-invest-school-buses-db3394b4:composite:1:4cfd8123718eed66
MB,T_HDV_BS_GSL_N,2025,53.16800325295391,$M 2020CAD / k vehicles,NLR manufacturing price (RPE / 1.5); reviewed gasoline->diesel purchase proxy; Mid; CER Current Measures,T06,5,5,5,5,5,transport-cost-invest-school-buses-db3394b4:composite:1:4cfd8123718eed66
MB,T_HDV_BS_GSL_N,2030,53.4655312378343,$M 2020CAD / k vehicles,NLR manufacturing price (RPE / 1.5); reviewed gasoline->diesel purchase proxy; Mid; CER Current Measures,T06,5,5,5,5,5,transport-cost-invest-school-buses-db3394b4:composite:1:4cfd8123718eed66
MB,T_HDV_BS_GSL_N,2035,53.3714260725808,$M 2020CAD / k vehicles,NLR manufacturing price (RPE / 1.5); reviewed gasoline->diesel purchase proxy; Mid; CER Current Measures,T06,5,5,5,5,5,transport-cost-invest-school-buses-db3394b4:composite:1:4cfd8123718eed66
MB,T_HDV_BS_GSL_N,2040,53.437700637583895,$M 2020CAD / k vehicles,NLR manufacturing price (RPE / 1.5); reviewed gasoline->diesel purchase proxy; Mid; CER Current Measures,T06,5,5,5,5,5,transport-cost-invest-school-buses-db3394b4:composite:1:4cfd8123718eed66
MB,T_HDV_BS_GSL_N,2045,53.50397520258698,$M 2020CAD / k vehicles,NLR manufacturing price (RPE / 1.5); reviewed gasoline->diesel purchase proxy; Mid; CER Current Measures,T06,5,5,5,5,5,transport-cost-invest-school-buses-db3394b4:composite:1:4cfd8123718eed66
MB,T_HDV_BT_BEV_N,2025,274.5762303654073,$M 2020CAD / k vehicles,NLR manufacturing price (RPE / 1.5); Mid; CER Current Measures,T06,5,5,5,5,5,transport-cost-invest-urban-transit-db3394b4:composite:1:0cb1db7af1a5e7c6
MB,T_HDV_BT_BEV_N,2030,238.945043058376,$M 2020CAD / k vehicles,NLR manufacturing price (RPE / 1.5); Mid; CER Current Measures,T06,5,5,5,5,5,transport-cost-invest-urban-transit-db3394b4:composite:1:0cb1db7af1a5e7c6
MB,T_HDV_BT_BEV_N,2035,223.4573140190256,$M 2020CAD / k vehicles,NLR manufacturing price (RPE / 1.5); Mid; CER Current Measures,T06,5,5,5,5,5,transport-cost-invest-urban-transit-db3394b4:composite:1:0cb1db7af1a5e7c6
MB,T_HDV_BT_BEV_N,2040,213.91920126710497,$M 2020CAD / k vehicles,NLR manufacturing price (RPE / 1.5); Mid; CER Current Measures,T06,5,5,5,5,5,transport-cost-invest-urban-transit-db3394b4:composite:1:0cb1db7af1a5e7c6
MB,T_HDV_BT_BEV_N,2045,204.38108851518436,$M 2020CAD / k vehicles,NLR manufacturing price (RPE / 1.5); Mid; CER Current Measures,T06,5,5,5,5,5,transport-cost-invest-urban-transit-db3394b4:composite:1:0cb1db7af1a5e7c6
MB,T_HDV_BT_CNG_N,2025,168.10437279387037,$M 2020CAD / k vehicles,NLR manufacturing price (RPE / 1.5); reviewed cng->diesel purchase proxy; Mid; CER Current Measures,T06,5,5,5,5,5,transport-cost-invest-urban-transit-db3394b4:composite:1:0cb1db7af1a5e7c6
MB,T_HDV_BT_CNG_N,2030,168.63008811554965,$M 2020CAD / k vehicles,NLR manufacturing price (RPE / 1.5); reviewed cng->diesel purchase proxy; Mid; CER Current Measures,T06,5,5,5,5,5,transport-cost-invest-urban-transit-db3394b4:composite:1:0cb1db7af1a5e7c6
MB,T_HDV_BT_CNG_N,2035,168.74400489454072,$M 2020CAD / k vehicles,NLR manufacturing price (RPE / 1.5); reviewed cng->diesel purchase proxy; Mid; CER Current Measures,T06,5,5,5,5,5,transport-cost-invest-urban-transit-db3394b4:composite:1:0cb1db7af1a5e7c6
MB,T_HDV_BT_CNG_N,2040,168.88528056869325,$M 2020CAD / k vehicles,NLR manufacturing price (RPE / 1.5); reviewed cng->diesel purchase proxy; Mid; CER Current Measures,T06,5,5,5,5,5,transport-cost-invest-urban-transit-db3394b4:composite:1:0cb1db7af1a5e7c6
MB,T_HDV_BT_CNG_N,2045,169.02655624284563,$M 2020CAD / k vehicles,NLR manufacturing price (RPE / 1.5); reviewed cng->diesel purchase proxy; Mid; CER Current Measures,T06,5,5,5,5,5,transport-cost-invest-urban-transit-db3394b4:composite:1:0cb1db7af1a5e7c6
MB,T_HDV_BT_DSL_HEV_N,2025,181.6703753006759,$M 2020CAD / k vehicles,NLR manufacturing price (RPE / 1.5); Mid; CER Current Measures,T06,5,5,5,5,5,transport-cost-invest-urban-transit-db3394b4:composite:1:0cb1db7af1a5e7c6
MB,T_HDV_BT_DSL_HEV_N,2030,179.65737383341144,$M 2020CAD / k vehicles,NLR manufacturing price (RPE / 1.5); Mid; CER Current Measures,T06,5,5,5,5,5,transport-cost-invest-urban-transit-db3394b4:composite:1:0cb1db7af1a5e7c6
MB,T_HDV_BT_DSL_HEV_N,2035,177.85946988672637,$M 2020CAD / k vehicles,NLR manufacturing price (RPE / 1.5); Mid; CER Current Measures,T06,5,5,5,5,5,transport-cost-invest-urban-transit-db3394b4:composite:1:0cb1db7af1a5e7c6
MB,T_HDV_BT_DSL_HEV_N,2040,177.83211099156486,$M 2020CAD / k vehicles,NLR manufacturing price (RPE / 1.5); Mid; CER Current Measures,T06,5,5,5,5,5,transport-cost-invest-urban-transit-db3394b4:composite:1:0cb1db7af1a5e7c6
MB,T_HDV_BT_DSL_HEV_N,2045,177.80475209640355,$M 2020CAD / k vehicles,NLR manufacturing price (RPE / 1.5); Mid; CER Current Measures,T06,5,5,5,5,5,transport-cost-invest-urban-transit-db3394b4:composite:1:0cb1db7af1a5e7c6
MB,T_HDV_BT_DSL_N,2025,168.10437279387037,$M 2020CAD / k vehicles,NLR manufacturing price (RPE / 1.5); Mid; CER Current Measures,T06,5,5,5,5,5,transport-cost-invest-urban-transit-db3394b4:composite:1:0cb1db7af1a5e7c6
MB,T_HDV_BT_DSL_N,2030,168.63008811554965,$M 2020CAD / k vehicles,NLR manufacturing price (RPE / 1.5); Mid; CER Current Measures,T06,5,5,5,5,5,transport-cost-invest-urban-transit-db3394b4:composite:1:0cb1db7af1a5e7c6
MB,T_HDV_BT_DSL_N,2035,168.74400489454072,$M 2020CAD / k vehicles,NLR manufacturing price (RPE / 1.5); Mid; CER Current Measures,T06,5,5,5,5,5,transport-cost-invest-urban-transit-db3394b4:composite:1:0cb1db7af1a5e7c6
MB,T_HDV_BT_DSL_N,2040,168.88528056869325,$M 2020CAD / k vehicles,NLR manufacturing price (RPE / 1.5); Mid; CER Current Measures,T06,5,5,5,5,5,transport-cost-invest-urban-transit-db3394b4:composite:1:0cb1db7af1a5e7c6
MB,T_HDV_BT_DSL_N,2045,169.02655624284563,$M 2020CAD / k vehicles,NLR manufacturing price (RPE / 1.5); Mid; CER Current Measures,T06,5,5,5,5,5,transport-cost-invest-urban-transit-db3394b4:composite:1:0cb1db7af1a5e7c6
MB,T_HDV_BT_DSL_PHEV_N,2025,259.0927466718578,$M 2020CAD / k vehicles,NLR manufacturing price (RPE / 1.5); Mid; CER Current Measures,T06,5,5,5,5,5,transport-cost-invest-urban-transit-db3394b4:composite:1:0cb1db7af1a5e7c6
MB,T_HDV_BT_DSL_PHEV_N,2030,231.4194600686309,$M 2020CAD / k vehicles,NLR manufacturing price (RPE / 1.5); Mid; CER Current Measures,T06,5,5,5,5,5,transport-cost-invest-urban-transit-db3394b4:composite:1:0cb1db7af1a5e7c6
MB,T_HDV_BT_DSL_PHEV_N,2035,215.48950750835243,$M 2020CAD / k vehicles,NLR manufacturing price (RPE / 1.5); Mid; CER Current Measures,T06,5,5,5,5,5,transport-cost-invest-urban-transit-db3394b4:composite:1:0cb1db7af1a5e7c6
MB,T_HDV_BT_DSL_PHEV_N,2040,207.95920746771745,$M 2020CAD / k vehicles,NLR manufacturing price (RPE / 1.5); Mid; CER Current Measures,T06,5,5,5,5,5,transport-cost-invest-urban-transit-db3394b4:composite:1:0cb1db7af1a5e7c6
MB,T_HDV_BT_DSL_PHEV_N,2045,200.42890742708235,$M 2020CAD / k vehicles,NLR manufacturing price (RPE / 1.5); Mid; CER Current Measures,T06,5,5,5,5,5,transport-cost-invest-urban-transit-db3394b4:composite:1:0cb1db7af1a5e7c6
MB,T_HDV_BT_FCEV_N,2025,215.50153598812167,$M 2020CAD / k vehicles,NLR manufacturing price (RPE / 1.5); Mid; CER Current Measures,T06,5,5,5,5,5,transport-cost-invest-urban-transit-db3394b4:composite:1:0cb1db7af1a5e7c6
MB,T_HDV_BT_FCEV_N,2030,191.4891525805455,$M 2020CAD / k vehicles,NLR manufacturing price (RPE / 1.5); Mid; CER Current Measures,T06,5,5,5,5,5,transport-cost-invest-urban-transit-db3394b4:composite:1:0cb1db7af1a5e7c6
MB,T_HDV_BT_FCEV_N,2035,184.77018529297314,$M 2020CAD / k vehicles,NLR manufacturing price (RPE / 1.5); Mid; CER Current Measures,T06,5,5,5,5,5,transport-cost-invest-urban-transit-db3394b4:composite:1:0cb1db7af1a5e7c6
MB,T_HDV_BT_FCEV_N,2040,183.30082394076953,$M 2020CAD / k vehicles,NLR manufacturing price (RPE / 1.5); Mid; CER Current Measures,T06,5,5,5,5,5,transport-cost-invest-urban-transit-db3394b4:composite:1:0cb1db7af1a5e7c6
MB,T_HDV_BT_FCEV_N,2045,181.83146258856593,$M 2020CAD / k vehicles,NLR manufacturing price (RPE / 1.5); Mid; CER Current Measures,T06,5,5,5,5,5,transport-cost-invest-urban-transit-db3394b4:composite:1:0cb1db7af1a5e7c6
MB,T_HDV_BT_FCHEV_N,2025,199.82064371482988,$M 2020CAD / k vehicles,NLR manufacturing price (RPE / 1.5); Mid; CER Current Measures,T06,5,5,5,5,5,transport-cost-invest-urban-transit-db3394b4:composite:1:0cb1db7af1a5e7c6
MB,T_HDV_BT_FCHEV_N,2030,183.79870866219838,$M 2020CAD / k vehicles,NLR manufacturing price (RPE / 1.5); Mid; CER Current Measures,T06,5,5,5,5,5,transport-cost-invest-urban-transit-db3394b4:composite:1:0cb1db7af1a5e7c6
MB,T_HDV_BT_FCHEV_N,2035,177.91395182450466,$M 2020CAD / k vehicles,NLR manufacturing price (RPE / 1.5); Mid; CER Current Measures,T06,5,5,5,5,5,transport-cost-invest-urban-transit-db3394b4:composite:1:0cb1db7af1a5e7c6
MB,T_HDV_BT_FCHEV_N,2040,175.96227201880893,$M 2020CAD / k vehicles,NLR manufacturing price (RPE / 1.5); Mid; CER Current Measures,T06,5,5,5,5,5,transport-cost-invest-urban-transit-db3394b4:composite:1:0cb1db7af1a5e7c6
MB,T_HDV_BT_FCHEV_N,2045,174.01059221311317,$M 2020CAD / k vehicles,NLR manufacturing price (RPE / 1.5); Mid; CER Current Measures,T06,5,5,5,5,5,transport-cost-invest-urban-transit-db3394b4:composite:1:0cb1db7af1a5e7c6
MB,T_HDV_BT_GSL_N,2025,168.10437279387037,$M 2020CAD / k vehicles,NLR manufacturing price (RPE / 1.5); reviewed gasoline->diesel purchase proxy; Mid; CER Current Measures,T06,5,5,5,5,5,transport-cost-invest-urban-transit-db3394b4:composite:1:0cb1db7af1a5e7c6
MB,T_HDV_BT_GSL_N,2030,168.63008811554965,$M 2020CAD / k vehicles,NLR manufacturing price (RPE / 1.5); reviewed gasoline->diesel purchase proxy; Mid; CER Current Measures,T06,5,5,5,5,5,transport-cost-invest-urban-transit-db3394b4:composite:1:0cb1db7af1a5e7c6
MB,T_HDV_BT_GSL_N,2035,168.74400489454072,$M 2020CAD / k vehicles,NLR manufacturing price (RPE / 1.5); reviewed gasoline->diesel purchase proxy; Mid; CER Current Measures,T06,5,5,5,5,5,transport-cost-invest-urban-transit-db3394b4:composite:1:0cb1db7af1a5e7c6
MB,T_HDV_BT_GSL_N,2040,168.88528056869325,$M 2020CAD / k vehicles,NLR manufacturing price (RPE / 1.5); reviewed gasoline->diesel purchase proxy; Mid; CER Current Measures,T06,5,5,5,5,5,transport-cost-invest-urban-transit-db3394b4:composite:1:0cb1db7af1a5e7c6
MB,T_HDV_BT_GSL_N,2045,169.02655624284563,$M 2020CAD / k vehicles,NLR manufacturing price (RPE / 1.5); reviewed gasoline->diesel purchase proxy; Mid; CER Current Measures,T06,5,5,5,5,5,transport-cost-invest-urban-transit-db3394b4:composite:1:0cb1db7af1a5e7c6
MB,T_HDV_RF_DSL_N,2025,39.10602039451965,$M 2020CAD / bn tonne-km,CIMS service CAPEX times REGEN relative multiplier; Mid; CER Current Measures,T15,5,5,5,5,5,transport-cost-invest-freight-rail-7153c4b0:composite:1:67df951b6b1f4bd6
MB,T_HDV_RF_DSL_N,2030,39.10602039451965,$M 2020CAD / bn tonne-km,CIMS service CAPEX times REGEN relative multiplier; Mid; CER Current Measures,T15,5,5,5,5,5,transport-cost-invest-freight-rail-7153c4b0:composite:1:67df951b6b1f4bd6
MB,T_HDV_RF_DSL_N,2035,39.10602039451965,$M 2020CAD / bn tonne-km,CIMS service CAPEX times REGEN relative multiplier; Mid; CER Current Measures,T15,5,5,5,5,5,transport-cost-invest-freight-rail-7153c4b0:composite:1:67df951b6b1f4bd6
MB,T_HDV_RF_DSL_N,2040,39.10602039451965,$M 2020CAD / bn tonne-km,CIMS service CAPEX times REGEN relative multiplier; Mid; CER Current Measures,T15,5,5,5,5,5,transport-cost-invest-freight-rail-7153c4b0:composite:1:67df951b6b1f4bd6
MB,T_HDV_RF_DSL_N,2045,39.10602039451965,$M 2020CAD / bn tonne-km,CIMS service CAPEX times REGEN relative multiplier; Mid; CER Current Measures,T15,5,5,5,5,5,transport-cost-invest-freight-rail-7153c4b0:composite:1:67df951b6b1f4bd6
MB,T_HDV_RF_H2_N,2025,74.69249895353255,$M 2020CAD / bn tonne-km,CIMS service CAPEX times REGEN relative multiplier; Mid; CER Current Measures,T15,5,5,5,5,5,transport-cost-invest-freight-rail-2b87d19f:composite:1:515b0963e9e286db
MB,T_HDV_RF_H2_N,2030,74.69249895353255,$M 2020CAD / bn tonne-km,CIMS service CAPEX times REGEN relative multiplier; Mid; CER Current Measures,T15,5,5,5,5,5,transport-cost-invest-freight-rail-2b87d19f:composite:1:515b0963e9e286db
MB,T_HDV_RF_H2_N,2035,74.69249895353255,$M 2020CAD / bn tonne-km,CIMS service CAPEX times REGEN relative multiplier; Mid; CER Current Measures,T15,5,5,5,5,5,transport-cost-invest-freight-rail-2b87d19f:composite:1:515b0963e9e286db
MB,T_HDV_RF_H2_N,2040,68.4355356904094,$M 2020CAD / bn tonne-km,CIMS service CAPEX times REGEN relative multiplier; Mid; CER Current Measures,T15,5,5,5,5,5,transport-cost-invest-freight-rail-2b87d19f:composite:1:515b0963e9e286db
MB,T_HDV_RF_H2_N,2045,62.178572427286255,$M 2020CAD / bn tonne-km,CIMS service CAPEX times REGEN relative multiplier; Mid; CER Current Measures,T15,5,5,5,5,5,transport-cost-invest-freight-rail-2b87d19f:composite:1:515b0963e9e286db
MB,T_HDV_RF_LNG_N,2025,61.39645201939587,$M 2020CAD / bn tonne-km,CIMS service CAPEX times REGEN relative multiplier; Mid; CER Current Measures,T15,5,5,5,5,5,transport-cost-invest-freight-rail-2b87d19f:composite:1:515b0963e9e286db
MB,T_HDV_RF_LNG_N,2030,61.39645201939587,$M 2020CAD / bn tonne-km,CIMS service CAPEX times REGEN relative multiplier; Mid; CER Current Measures,T15,5,5,5,5,5,transport-cost-invest-freight-rail-2b87d19f:composite:1:515b0963e9e286db
MB,T_HDV_RF_LNG_N,2035,61.39645201939587,$M 2020CAD / bn tonne-km,CIMS service CAPEX times REGEN relative multiplier; Mid; CER Current Measures,T15,5,5,5,5,5,transport-cost-invest-freight-rail-2b87d19f:composite:1:515b0963e9e286db
MB,T_HDV_RF_LNG_N,2040,61.13574521676574,$M 2020CAD / bn tonne-km,CIMS service CAPEX times REGEN relative multiplier; Mid; CER Current Measures,T15,5,5,5,5,5,transport-cost-invest-freight-rail-2b87d19f:composite:1:515b0963e9e286db
MB,T_HDV_RF_LNG_N,2045,60.87503841413561,$M 2020CAD / bn tonne-km,CIMS service CAPEX times REGEN relative multiplier; Mid; CER Current Measures,T15,5,5,5,5,5,transport-cost-invest-freight-rail-2b87d19f:composite:1:515b0963e9e286db
MB,T_HDV_RICP_DSL_N,2025,1885.6878005906885,$M 2020CAD / bn passenger-km,CIMS service CAPEX times REGEN relative multiplier; Mid; CER Current Measures,T15,5,5,5,5,5,transport-cost-invest-passenger-rail-7153c4b0:composite:1:37d8b07bf17dc2b2
MB,T_HDV_RICP_DSL_N,2030,1885.6878005906885,$M 2020CAD / bn passenger-km,CIMS service CAPEX times REGEN relative multiplier; Mid; CER Current Measures,T15,5,5,5,5,5,transport-cost-invest-passenger-rail-7153c4b0:composite:1:37d8b07bf17dc2b2
MB,T_HDV_RICP_DSL_N,2035,1885.6878005906885,$M 2020CAD / bn passenger-km,CIMS service CAPEX times REGEN relative multiplier; Mid; CER Current Measures,T15,5,5,5,5,5,transport-cost-invest-passenger-rail-7153c4b0:composite:1:37d8b07bf17dc2b2
MB,T_HDV_RICP_DSL_N,2040,1885.6878005906885,$M 2020CAD / bn passenger-km,CIMS service CAPEX times REGEN relative multiplier; Mid; CER Current Measures,T15,5,5,5,5,5,transport-cost-invest-passenger-rail-7153c4b0:composite:1:37d8b07bf17dc2b2
MB,T_HDV_RICP_DSL_N,2045,1885.6878005906885,$M 2020CAD / bn passenger-km,CIMS service CAPEX times REGEN relative multiplier; Mid; CER Current Measures,T15,5,5,5,5,5,transport-cost-invest-passenger-rail-7153c4b0:composite:1:37d8b07bf17dc2b2
MB,T_HDV_RICP_H2_N,2025,2168.5409706792916,$M 2020CAD / bn passenger-km,CIMS service CAPEX times REGEN relative multiplier; Mid; CER Current Measures,T15,5,5,5,5,5,transport-cost-invest-passenger-rail-2b87d19f:composite:1:5b60ef866184bd6b
MB,T_HDV_RICP_H2_N,2030,2168.5409706792916,$M 2020CAD / bn passenger-km,CIMS service CAPEX times REGEN relative multiplier; Mid; CER Current Measures,T15,5,5,5,5,5,transport-cost-invest-passenger-rail-2b87d19f:composite:1:5b60ef866184bd6b
MB,T_HDV_RICP_H2_N,2035,2168.5409706792916,$M 2020CAD / bn passenger-km,CIMS service CAPEX times REGEN relative multiplier; Mid; CER Current Measures,T15,5,5,5,5,5,transport-cost-invest-passenger-rail-2b87d19f:composite:1:5b60ef866184bd6b
MB,T_HDV_RICP_H2_N,2040,2080.5422066517262,$M 2020CAD / bn passenger-km,CIMS service CAPEX times REGEN relative multiplier; Mid; CER Current Measures,T15,5,5,5,5,5,transport-cost-invest-passenger-rail-2b87d19f:composite:1:5b60ef866184bd6b
MB,T_HDV_RICP_H2_N,2045,1992.5434426241607,$M 2020CAD / bn passenger-km,CIMS service CAPEX times REGEN relative multiplier; Mid; CER Current Measures,T15,5,5,5,5,5,transport-cost-invest-passenger-rail-2b87d19f:composite:1:5b60ef866184bd6b
MB,T_HDV_T_BEV_N,2025,360.04641888950596,$M 2020CAD / k vehicles,NLR manufacturing price (RPE / 1.5); Mid; CER Current Measures,T06,5,5,5,5,5,transport-cost-invest-heavy-trucks-e1dceb92:composite:1:9b25f19b8719c99d
MB,T_HDV_T_BEV_N,2030,265.8016531597208,$M 2020CAD / k vehicles,NLR manufacturing price (RPE / 1.5); Mid; CER Current Measures,T06,5,5,5,5,5,transport-cost-invest-heavy-trucks-e1dceb92:composite:1:9b25f19b8719c99d
MB,T_HDV_T_BEV_N,2035,217.45962330063261,$M 2020CAD / k vehicles,NLR manufacturing price (RPE / 1.5); Mid; CER Current Measures,T06,5,5,5,5,5,transport-cost-invest-heavy-trucks-e1dceb92:composite:1:9b25f19b8719c99d
MB,T_HDV_T_BEV_N,2040,195.72534233736124,$M 2020CAD / k vehicles,NLR manufacturing price (RPE / 1.5); Mid; CER Current Measures,T06,5,5,5,5,5,transport-cost-invest-heavy-trucks-e1dceb92:composite:1:9b25f19b8719c99d
MB,T_HDV_T_BEV_N,2045,173.99106137408995,$M 2020CAD / k vehicles,NLR manufacturing price (RPE / 1.5); Mid; CER Current Measures,T06,5,5,5,5,5,transport-cost-invest-heavy-trucks-e1dceb92:composite:1:9b25f19b8719c99d
MB,T_HDV_T_DSL_HEV_N,2025,122.9627961171385,$M 2020CAD / k vehicles,NLR manufacturing price (RPE / 1.5); Mid; CER Current Measures,T06,5,5,5,5,5,transport-cost-invest-heavy-trucks-e1dceb92:composite:1:9b25f19b8719c99d
MB,T_HDV_T_DSL_HEV_N,2030,122.45574401537502,$M 2020CAD / k vehicles,NLR manufacturing price (RPE / 1.5); Mid; CER Current Measures,T06,5,5,5,5,5,transport-cost-invest-heavy-trucks-e1dceb92:composite:1:9b25f19b8719c99d
MB,T_HDV_T_DSL_HEV_N,2035,121.8686799681298,$M 2020CAD / k vehicles,NLR manufacturing price (RPE / 1.5); Mid; CER Current Measures,T06,5,5,5,5,5,transport-cost-invest-heavy-trucks-e1dceb92:composite:1:9b25f19b8719c99d
MB,T_HDV_T_DSL_HEV_N,2040,122.37428282011776,$M 2020CAD / k vehicles,NLR manufacturing price (RPE / 1.5); Mid; CER Current Measures,T06,5,5,5,5,5,transport-cost-invest-heavy-trucks-e1dceb92:composite:1:9b25f19b8719c99d
MB,T_HDV_T_DSL_HEV_N,2045,122.87988567210571,$M 2020CAD / k vehicles,NLR manufacturing price (RPE / 1.5); Mid; CER Current Measures,T06,5,5,5,5,5,transport-cost-invest-heavy-trucks-e1dceb92:composite:1:9b25f19b8719c99d
MB,T_HDV_T_DSL_N,2025,112.36050611355383,$M 2020CAD / k vehicles,NLR manufacturing price (RPE / 1.5); Mid; CER Current Measures,T06,5,5,5,5,5,transport-cost-invest-heavy-trucks-e1dceb92:composite:1:9b25f19b8719c99d
MB,T_HDV_T_DSL_N,2030,113.08289759015013,$M 2020CAD / k vehicles,NLR manufacturing price (RPE / 1.5); Mid; CER Current Measures,T06,5,5,5,5,5,transport-cost-invest-heavy-trucks-e1dceb92:composite:1:9b25f19b8719c99d
MB,T_HDV_T_DSL_N,2035,113.50902674301938,$M 2020CAD / k vehicles,NLR manufacturing price (RPE / 1.5); Mid; CER Current Measures,T06,5,5,5,5,5,transport-cost-invest-heavy-trucks-e1dceb92:composite:1:9b25f19b8719c99d
MB,T_HDV_T_DSL_N,2040,114.16837731795547,$M 2020CAD / k vehicles,NLR manufacturing price (RPE / 1.5); Mid; CER Current Measures,T06,5,5,5,5,5,transport-cost-invest-heavy-trucks-e1dceb92:composite:1:9b25f19b8719c99d
MB,T_HDV_T_DSL_N,2045,114.82772789289159,$M 2020CAD / k vehicles,NLR manufacturing price (RPE / 1.5); Mid; CER Current Measures,T06,5,5,5,5,5,transport-cost-invest-heavy-trucks-e1dceb92:composite:1:9b25f19b8719c99d
MB,T_HDV_T_DSL_PHEV_N,2025,336.1229646124921,$M 2020CAD / k vehicles,NLR manufacturing price (RPE / 1.5); Mid; CER Current Measures,T06,5,5,5,5,5,transport-cost-invest-heavy-trucks-e1dceb92:composite:1:9b25f19b8719c99d
MB,T_HDV_T_DSL_PHEV_N,2030,256.90615638743094,$M 2020CAD / k vehicles,NLR manufacturing price (RPE / 1.5); Mid; CER Current Measures,T06,5,5,5,5,5,transport-cost-invest-heavy-trucks-e1dceb92:composite:1:9b25f19b8719c99d
MB,T_HDV_T_DSL_PHEV_N,2035,212.3903969700347,$M 2020CAD / k vehicles,NLR manufacturing price (RPE / 1.5); Mid; CER Current Measures,T06,5,5,5,5,5,transport-cost-invest-heavy-trucks-e1dceb92:composite:1:9b25f19b8719c99d
MB,T_HDV_T_DSL_PHEV_N,2040,193.72168961076366,$M 2020CAD / k vehicles,NLR manufacturing price (RPE / 1.5); Mid; CER Current Measures,T06,5,5,5,5,5,transport-cost-invest-heavy-trucks-e1dceb92:composite:1:9b25f19b8719c99d
MB,T_HDV_T_DSL_PHEV_N,2045,175.0529822514926,$M 2020CAD / k vehicles,NLR manufacturing price (RPE / 1.5); Mid; CER Current Measures,T06,5,5,5,5,5,transport-cost-invest-heavy-trucks-e1dceb92:composite:1:9b25f19b8719c99d
MB,T_HDV_T_FCEV_N,2025,207.91037065252462,$M 2020CAD / k vehicles,NLR manufacturing price (RPE / 1.5); Mid; CER Current Measures,T06,5,5,5,5,5,transport-cost-invest-heavy-trucks-e1dceb92:composite:1:9b25f19b8719c99d
MB,T_HDV_T_FCEV_N,2030,148.72597192457815,$M 2020CAD / k vehicles,NLR manufacturing price (RPE / 1.5); Mid; CER Current Measures,T06,5,5,5,5,5,transport-cost-invest-heavy-trucks-e1dceb92:composite:1:9b25f19b8719c99d
MB,T_HDV_T_FCEV_N,2035,134.24572366624292,$M 2020CAD / k vehicles,NLR manufacturing price (RPE / 1.5); Mid; CER Current Measures,T06,5,5,5,5,5,transport-cost-invest-heavy-trucks-e1dceb92:composite:1:9b25f19b8719c99d
MB,T_HDV_T_FCEV_N,2040,131.17561184504007,$M 2020CAD / k vehicles,NLR manufacturing price (RPE / 1.5); Mid; CER Current Measures,T06,5,5,5,5,5,transport-cost-invest-heavy-trucks-e1dceb92:composite:1:9b25f19b8719c99d
MB,T_HDV_T_FCEV_N,2045,128.1055000238372,$M 2020CAD / k vehicles,NLR manufacturing price (RPE / 1.5); Mid; CER Current Measures,T06,5,5,5,5,5,transport-cost-invest-heavy-trucks-e1dceb92:composite:1:9b25f19b8719c99d
MB,T_HDV_T_FCHEV_N,2025,172.90271113001626,$M 2020CAD / k vehicles,NLR manufacturing price (RPE / 1.5); Mid; CER Current Measures,T06,5,5,5,5,5,transport-cost-invest-heavy-trucks-e1dceb92:composite:1:9b25f19b8719c99d
MB,T_HDV_T_FCHEV_N,2030,133.60565610676426,$M 2020CAD / k vehicles,NLR manufacturing price (RPE / 1.5); Mid; CER Current Measures,T06,5,5,5,5,5,transport-cost-invest-heavy-trucks-e1dceb92:composite:1:9b25f19b8719c99d
MB,T_HDV_T_FCHEV_N,2035,120.84793852916,$M 2020CAD / k vehicles,NLR manufacturing price (RPE / 1.5); Mid; CER Current Measures,T06,5,5,5,5,5,transport-cost-invest-heavy-trucks-e1dceb92:composite:1:9b25f19b8719c99d
MB,T_HDV_T_FCHEV_N,2040,116.64870396117581,$M 2020CAD / k vehicles,NLR manufacturing price (RPE / 1.5); Mid; CER Current Measures,T06,5,5,5,5,5,transport-cost-invest-heavy-trucks-e1dceb92:composite:1:9b25f19b8719c99d
MB,T_HDV_T_FCHEV_N,2045,112.44946939319163,$M 2020CAD / k vehicles,NLR manufacturing price (RPE / 1.5); Mid; CER Current Measures,T06,5,5,5,5,5,transport-cost-invest-heavy-trucks-e1dceb92:composite:1:9b25f19b8719c99d
MB,T_HDV_WTF_HFO_N,2025,159.71497923605244,$M 2020CAD / bn tonne-km,CIMS service CAPEX times REGEN relative multiplier; Mid; CER Current Measures,T15,5,5,5,5,5,transport-cost-invest-freight-marine-7153c4b0:composite:1:6ed78a0e5715890a
MB,T_HDV_WTF_HFO_N,2030,159.71497923605244,$M 2020CAD / bn tonne-km,CIMS service CAPEX times REGEN relative multiplier; Mid; CER Current Measures,T15,5,5,5,5,5,transport-cost-invest-freight-marine-7153c4b0:composite:1:6ed78a0e5715890a
MB,T_HDV_WTF_HFO_N,2035,159.71497923605244,$M 2020CAD / bn tonne-km,CIMS service CAPEX times REGEN relative multiplier; Mid; CER Current Measures,T15,5,5,5,5,5,transport-cost-invest-freight-marine-7153c4b0:composite:1:6ed78a0e5715890a
MB,T_HDV_WTF_HFO_N,2040,159.71497923605244,$M 2020CAD / bn tonne-km,CIMS service CAPEX times REGEN relative multiplier; Mid; CER Current Measures,T15,5,5,5,5,5,transport-cost-invest-freight-marine-7153c4b0:composite:1:6ed78a0e5715890a
MB,T_HDV_WTF_HFO_N,2045,159.71497923605244,$M 2020CAD / bn tonne-km,CIMS service CAPEX times REGEN relative multiplier; Mid; CER Current Measures,T15,5,5,5,5,5,transport-cost-invest-freight-marine-7153c4b0:composite:1:6ed78a0e5715890a
MB,T_HDV_WTF_LNG_N,2025,167.70072819785508,$M 2020CAD / bn tonne-km,CIMS service CAPEX times REGEN relative multiplier; Mid; CER Current Measures,T15,5,5,5,5,5,transport-cost-invest-freight-marine-2b87d19f:composite:1:ad7b13db5806a90b
MB,T_HDV_WTF_LNG_N,2030,167.70072819785508,$M 2020CAD / bn tonne-km,CIMS service CAPEX times REGEN relative multiplier; Mid; CER Current Measures,T15,5,5,5,5,5,transport-cost-invest-freight-marine-2b87d19f:composite:1:ad7b13db5806a90b
MB,T_HDV_WTF_LNG_N,2035,167.70072819785508,$M 2020CAD / bn tonne-km,CIMS service CAPEX times REGEN relative multiplier; Mid; CER Current Measures,T15,5,5,5,5,5,transport-cost-invest-freight-marine-2b87d19f:composite:1:ad7b13db5806a90b
MB,T_HDV_WTF_LNG_N,2040,167.70072819785508,$M 2020CAD / bn tonne-km,CIMS service CAPEX times REGEN relative multiplier; Mid; CER Current Measures,T15,5,5,5,5,5,transport-cost-invest-freight-marine-2b87d19f:composite:1:ad7b13db5806a90b
MB,T_HDV_WTF_LNG_N,2045,167.70072819785508,$M 2020CAD / bn tonne-km,CIMS service CAPEX times REGEN relative multiplier; Mid; CER Current Measures,T15,5,5,5,5,5,transport-cost-invest-freight-marine-2b87d19f:composite:1:ad7b13db5806a90b
MB,T_HDV_WTF_MDO_N,2025,159.71497923605244,$M 2020CAD / bn tonne-km,CIMS service CAPEX times REGEN relative multiplier; Mid; CER Current Measures,T15,5,5,5,5,5,transport-cost-invest-freight-marine-7153c4b0:composite:1:6ed78a0e5715890a
MB,T_HDV_WTF_MDO_N,2030,159.71497923605244,$M 2020CAD / bn tonne-km,CIMS service CAPEX times REGEN relative multiplier; Mid; CER Current Measures,T15,5,5,5,5,5,transport-cost-invest-freight-marine-7153c4b0:composite:1:6ed78a0e5715890a
MB,T_HDV_WTF_MDO_N,2035,159.71497923605244,$M 2020CAD / bn tonne-km,CIMS service CAPEX times REGEN relative multiplier; Mid; CER Current Measures,T15,5,5,5,5,5,transport-cost-invest-freight-marine-7153c4b0:composite:1:6ed78a0e5715890a
MB,T_HDV_WTF_MDO_N,2040,159.71497923605244,$M 2020CAD / bn tonne-km,CIMS service CAPEX times REGEN relative multiplier; Mid; CER Current Measures,T15,5,5,5,5,5,transport-cost-invest-freight-marine-7153c4b0:composite:1:6ed78a0e5715890a
MB,T_HDV_WTF_MDO_N,2045,159.71497923605244,$M 2020CAD / bn tonne-km,CIMS service CAPEX times REGEN relative multiplier; Mid; CER Current Measures,T15,5,5,5,5,5,transport-cost-invest-freight-marine-7153c4b0:composite:1:6ed78a0e5715890a
MB,T_LDV_C_BEV150_N,2025,16.801003190903973,$M 2020CAD / k vehicles,NLR manufacturing price (RPE / 1.5); Mid; CER Current Measures,T06,5,5,5,5,5,transport-cost-invest-cars-17ac5a44:composite:1:6c9511ec7d0fa9a6
MB,T_LDV_C_BEV150_N,2030,15.869353538567474,$M 2020CAD / k vehicles,NLR manufacturing price (RPE / 1.5); Mid; CER Current Measures,T06,5,5,5,5,5,transport-cost-invest-cars-17ac5a44:composite:1:6c9511ec7d0fa9a6
MB,T_LDV_C_BEV150_N,2035,14.83975417546046,$M 2020CAD / k vehicles,NLR manufacturing price (RPE / 1.5); Mid; CER Current Measures,T06,5,5,5,5,5,transport-cost-invest-cars-17ac5a44:composite:1:6c9511ec7d0fa9a6
MB,T_LDV_C_BEV150_N,2040,14.463386506311748,$M 2020CAD / k vehicles,NLR manufacturing price (RPE / 1.5); Mid; CER Current Measures,T06,5,5,5,5,5,transport-cost-invest-cars-17ac5a44:composite:1:6c9511ec7d0fa9a6
MB,T_LDV_C_BEV150_N,2045,14.087018837163033,$M 2020CAD / k vehicles,NLR manufacturing price (RPE / 1.5); Mid; CER Current Measures,T06,5,5,5,5,5,transport-cost-invest-cars-17ac5a44:composite:1:6c9511ec7d0fa9a6
MB,T_LDV_C_BEV200_N,2025,18.450588718181724,$M 2020CAD / k vehicles,NLR manufacturing price (RPE / 1.5); Mid; CER Current Measures,T06,5,5,5,5,5,transport-cost-invest-cars-17ac5a44:composite:1:6c9511ec7d0fa9a6
MB,T_LDV_C_BEV200_N,2030,17.075432556783035,$M 2020CAD / k vehicles,NLR manufacturing price (RPE / 1.5); Mid; CER Current Measures,T06,5,5,5,5,5,transport-cost-invest-cars-17ac5a44:composite:1:6c9511ec7d0fa9a6
MB,T_LDV_C_BEV200_N,2035,16.064052800119892,$M 2020CAD / k vehicles,NLR manufacturing price (RPE / 1.5); Mid; CER Current Measures,T06,5,5,5,5,5,transport-cost-invest-cars-17ac5a44:composite:1:6c9511ec7d0fa9a6
MB,T_LDV_C_BEV200_N,2040,15.570840343740123,$M 2020CAD / k vehicles,NLR manufacturing price (RPE / 1.5); Mid; CER Current Measures,T06,5,5,5,5,5,transport-cost-invest-cars-17ac5a44:composite:1:6c9511ec7d0fa9a6
MB,T_LDV_C_BEV200_N,2045,15.077627887360357,$M 2020CAD / k vehicles,NLR manufacturing price (RPE / 1.5); Mid; CER Current Measures,T06,5,5,5,5,5,transport-cost-invest-cars-17ac5a44:composite:1:6c9511ec7d0fa9a6
MB,T_LDV_C_BEV300_N,2025,21.64471662156811,$M 2020CAD / k vehicles,NLR manufacturing price (RPE / 1.5); Mid; CER Current Measures,T06,5,5,5,5,5,transport-cost-invest-cars-17ac5a44:composite:1:6c9511ec7d0fa9a6
MB,T_LDV_C_BEV300_N,2030,20.127401795353926,$M 2020CAD / k vehicles,NLR manufacturing price (RPE / 1.5); Mid; CER Current Measures,T06,5,5,5,5,5,transport-cost-invest-cars-17ac5a44:composite:1:6c9511ec7d0fa9a6
MB,T_LDV_C_BEV300_N,2035,18.51224924915488,$M 2020CAD / k vehicles,NLR manufacturing price (RPE / 1.5); Mid; CER Current Measures,T06,5,5,5,5,5,transport-cost-invest-cars-17ac5a44:composite:1:6c9511ec7d0fa9a6
MB,T_LDV_C_BEV300_N,2040,17.8051222661988,$M 2020CAD / k vehicles,NLR manufacturing price (RPE / 1.5); Mid; CER Current Measures,T06,5,5,5,5,5,transport-cost-invest-cars-17ac5a44:composite:1:6c9511ec7d0fa9a6
MB,T_LDV_C_BEV300_N,2045,17.097995283242717,$M 2020CAD / k vehicles,NLR manufacturing price (RPE / 1.5); Mid; CER Current Measures,T06,5,5,5,5,5,transport-cost-invest-cars-17ac5a44:composite:1:6c9511ec7d0fa9a6
MB,T_LDV_C_BEV400_N,2025,26.871404576953083,$M 2020CAD / k vehicles,NLR manufacturing price (RPE / 1.5); Mid; CER Current Measures,T06,5,5,5,5,5,transport-cost-invest-cars-17ac5a44:composite:1:6c9511ec7d0fa9a6
MB,T_LDV_C_BEV400_N,2030,23.992811545238926,$M 2020CAD / k vehicles,NLR manufacturing price (RPE / 1.5); Mid; CER Current Measures,T06,5,5,5,5,5,transport-cost-invest-cars-17ac5a44:composite:1:6c9511ec7d0fa9a6
MB,T_LDV_C_BEV400_N,2035,21.55181606660899,$M 2020CAD / k vehicles,NLR manufacturing price (RPE / 1.5); Mid; CER Current Measures,T06,5,5,5,5,5,transport-cost-invest-cars-17ac5a44:composite:1:6c9511ec7d0fa9a6
MB,T_LDV_C_BEV400_N,2040,20.669024477781626,$M 2020CAD / k vehicles,NLR manufacturing price (RPE / 1.5); Mid; CER Current Measures,T06,5,5,5,5,5,transport-cost-invest-cars-17ac5a44:composite:1:6c9511ec7d0fa9a6
MB,T_LDV_C_BEV400_N,2045,19.786232888954267,$M 2020CAD / k vehicles,NLR manufacturing price (RPE / 1.5); Mid; CER Current Measures,T06,5,5,5,5,5,transport-cost-invest-cars-17ac5a44:composite:1:6c9511ec7d0fa9a6
MB,T_LDV_C_CNG_N,2025,23.453108528211796,$M 2020CAD / k vehicles,NLR manufacturing price (RPE / 1.5); Mid; CER Current Measures,T06,5,5,5,5,5,transport-cost-invest-cars-17ac5a44:composite:1:6c9511ec7d0fa9a6
MB,T_LDV_C_CNG_N,2030,23.465204181505534,$M 2020CAD / k vehicles,NLR manufacturing price (RPE / 1.5); Mid; CER Current Measures,T06,5,5,5,5,5,transport-cost-invest-cars-17ac5a44:composite:1:6c9511ec7d0fa9a6
MB,T_LDV_C_CNG_N,2035,23.51720295021423,$M 2020CAD / k vehicles,NLR manufacturing price (RPE / 1.5); Mid; CER Current Measures,T06,5,5,5,5,5,transport-cost-invest-cars-17ac5a44:composite:1:6c9511ec7d0fa9a6
MB,T_LDV_C_CNG_N,2040,23.486199536200548,$M 2020CAD / k vehicles,NLR manufacturing price (RPE / 1.5); Mid; CER Current Measures,T06,5,5,5,5,5,transport-cost-invest-cars-17ac5a44:composite:1:6c9511ec7d0fa9a6
MB,T_LDV_C_CNG_N,2045,23.455196122186884,$M 2020CAD / k vehicles,NLR manufacturing price (RPE / 1.5); Mid; CER Current Measures,T06,5,5,5,5,5,transport-cost-invest-cars-17ac5a44:composite:1:6c9511ec7d0fa9a6
MB,T_LDV_C_DSL_N,2025,21.616273204696757,$M 2020CAD / k vehicles,NLR manufacturing price (RPE / 1.5); Mid; CER Current Measures,T06,5,5,5,5,5,transport-cost-invest-cars-17ac5a44:composite:1:6c9511ec7d0fa9a6
MB,T_LDV_C_DSL_N,2030,21.664120670538832,$M 2020CAD / k vehicles,NLR manufacturing price (RPE / 1.5); Mid; CER Current Measures,T06,5,5,5,5,5,transport-cost-invest-cars-17ac5a44:composite:1:6c9511ec7d0fa9a6
MB,T_LDV_C_DSL_N,2035,21.697015383143423,$M 2020CAD / k vehicles,NLR manufacturing price (RPE / 1.5); Mid; CER Current Measures,T06,5,5,5,5,5,transport-cost-invest-cars-17ac5a44:composite:1:6c9511ec7d0fa9a6
MB,T_LDV_C_DSL_N,2040,21.66589628197499,$M 2020CAD / k vehicles,NLR manufacturing price (RPE / 1.5); Mid; CER Current Measures,T06,5,5,5,5,5,transport-cost-invest-cars-17ac5a44:composite:1:6c9511ec7d0fa9a6
MB,T_LDV_C_DSL_N,2045,21.634777180806548,$M 2020CAD / k vehicles,NLR manufacturing price (RPE / 1.5); Mid; CER Current Measures,T06,5,5,5,5,5,transport-cost-invest-cars-17ac5a44:composite:1:6c9511ec7d0fa9a6
MB,T_LDV_C_FCEV400_N,2025,24.286118891416027,$M 2020CAD / k vehicles,NLR manufacturing price (RPE / 1.5); Mid; CER Current Measures,T06,5,5,5,5,5,transport-cost-invest-cars-17ac5a44:composite:1:6c9511ec7d0fa9a6
MB,T_LDV_C_FCEV400_N,2030,22.43387181478082,$M 2020CAD / k vehicles,NLR manufacturing price (RPE / 1.5); Mid; CER Current Measures,T06,5,5,5,5,5,transport-cost-invest-cars-17ac5a44:composite:1:6c9511ec7d0fa9a6
MB,T_LDV_C_FCEV400_N,2035,20.99196339019948,$M 2020CAD / k vehicles,NLR manufacturing price (RPE / 1.5); Mid; CER Current Measures,T06,5,5,5,5,5,transport-cost-invest-cars-17ac5a44:composite:1:6c9511ec7d0fa9a6
MB,T_LDV_C_FCEV400_N,2040,20.525515721130493,$M 2020CAD / k vehicles,NLR manufacturing price (RPE / 1.5); Mid; CER Current Measures,T06,5,5,5,5,5,transport-cost-invest-cars-17ac5a44:composite:1:6c9511ec7d0fa9a6
MB,T_LDV_C_FCEV400_N,2045,20.059068052061516,$M 2020CAD / k vehicles,NLR manufacturing price (RPE / 1.5); Mid; CER Current Measures,T06,5,5,5,5,5,transport-cost-invest-cars-17ac5a44:composite:1:6c9511ec7d0fa9a6
MB,T_LDV_C_GSL_HEV_N,2025,20.068117018651932,$M 2020CAD / k vehicles,NLR manufacturing price (RPE / 1.5); Mid; CER Current Measures,T06,5,5,5,5,5,transport-cost-invest-cars-17ac5a44:composite:1:6c9511ec7d0fa9a6
MB,T_LDV_C_GSL_HEV_N,2030,19.480143337341726,$M 2020CAD / k vehicles,NLR manufacturing price (RPE / 1.5); Mid; CER Current Measures,T06,5,5,5,5,5,transport-cost-invest-cars-17ac5a44:composite:1:6c9511ec7d0fa9a6
MB,T_LDV_C_GSL_HEV_N,2035,19.11592132553458,$M 2020CAD / k vehicles,NLR manufacturing price (RPE / 1.5); Mid; CER Current Measures,T06,5,5,5,5,5,transport-cost-invest-cars-17ac5a44:composite:1:6c9511ec7d0fa9a6
MB,T_LDV_C_GSL_HEV_N,2040,18.86171930229058,$M 2020CAD / k vehicles,NLR manufacturing price (RPE / 1.5); Mid; CER Current Measures,T06,5,5,5,5,5,transport-cost-invest-cars-17ac5a44:composite:1:6c9511ec7d0fa9a6
MB,T_LDV_C_GSL_HEV_N,2045,18.607517279046583,$M 2020CAD / k vehicles,NLR manufacturing price (RPE / 1.5); Mid; CER Current Measures,T06,5,5,5,5,5,transport-cost-invest-cars-17ac5a44:composite:1:6c9511ec7d0fa9a6
MB,T_LDV_C_GSL_N,2025,18.099727473265236,$M 2020CAD / k vehicles,NLR manufacturing price (RPE / 1.5); Mid; CER Current Measures,T06,5,5,5,5,5,transport-cost-invest-cars-17ac5a44:composite:1:6c9511ec7d0fa9a6
MB,T_LDV_C_GSL_N,2030,18.568779974193454,$M 2020CAD / k vehicles,NLR manufacturing price (RPE / 1.5); Mid; CER Current Measures,T06,5,5,5,5,5,transport-cost-invest-cars-17ac5a44:composite:1:6c9511ec7d0fa9a6
MB,T_LDV_C_GSL_N,2035,19.547500130824435,$M 2020CAD / k vehicles,NLR manufacturing price (RPE / 1.5); Mid; CER Current Measures,T06,5,5,5,5,5,transport-cost-invest-cars-17ac5a44:composite:1:6c9511ec7d0fa9a6
MB,T_LDV_C_GSL_N,2040,19.51661240396554,$M 2020CAD / k vehicles,NLR manufacturing price (RPE / 1.5); Mid; CER Current Measures,T06,5,5,5,5,5,transport-cost-invest-cars-17ac5a44:composite:1:6c9511ec7d0fa9a6
MB,T_LDV_C_GSL_N,2045,19.485724677106628,$M 2020CAD / k vehicles,NLR manufacturing price (RPE / 1.5); Mid; CER Current Measures,T06,5,5,5,5,5,transport-cost-invest-cars-17ac5a44:composite:1:6c9511ec7d0fa9a6
MB,T_LDV_C_GSL_PHEV35_N,2025,21.329665367851863,$M 2020CAD / k vehicles,NLR manufacturing price (RPE / 1.5); Mid; CER Current Measures,T06,5,5,5,5,5,transport-cost-invest-cars-17ac5a44:composite:1:6c9511ec7d0fa9a6
MB,T_LDV_C_GSL_PHEV35_N,2030,20.243582306410154,$M 2020CAD / k vehicles,NLR manufacturing price (RPE / 1.5); Mid; CER Current Measures,T06,5,5,5,5,5,transport-cost-invest-cars-17ac5a44:composite:1:6c9511ec7d0fa9a6
MB,T_LDV_C_GSL_PHEV35_N,2035,19.51060185521329,$M 2020CAD / k vehicles,NLR manufacturing price (RPE / 1.5); Mid; CER Current Measures,T06,5,5,5,5,5,transport-cost-invest-cars-17ac5a44:composite:1:6c9511ec7d0fa9a6
MB,T_LDV_C_GSL_PHEV35_N,2040,19.119066477548746,$M 2020CAD / k vehicles,NLR manufacturing price (RPE / 1.5); Mid; CER Current Measures,T06,5,5,5,5,5,transport-cost-invest-cars-17ac5a44:composite:1:6c9511ec7d0fa9a6
MB,T_LDV_C_GSL_PHEV35_N,2045,18.727531099884192,$M 2020CAD / k vehicles,NLR manufacturing price (RPE / 1.5); Mid; CER Current Measures,T06,5,5,5,5,5,transport-cost-invest-cars-17ac5a44:composite:1:6c9511ec7d0fa9a6
MB,T_LDV_C_GSL_PHEV50_N,2025,22.408614632413034,$M 2020CAD / k vehicles,NLR manufacturing price (RPE / 1.5); Mid; CER Current Measures,T06,5,5,5,5,5,transport-cost-invest-cars-17ac5a44:composite:1:6c9511ec7d0fa9a6
MB,T_LDV_C_GSL_PHEV50_N,2030,21.11719207550682,$M 2020CAD / k vehicles,NLR manufacturing price (RPE / 1.5); Mid; CER Current Measures,T06,5,5,5,5,5,transport-cost-invest-cars-17ac5a44:composite:1:6c9511ec7d0fa9a6
MB,T_LDV_C_GSL_PHEV50_N,2035,20.22391623356339,$M 2020CAD / k vehicles,NLR manufacturing price (RPE / 1.5); Mid; CER Current Measures,T06,5,5,5,5,5,transport-cost-invest-cars-17ac5a44:composite:1:6c9511ec7d0fa9a6
MB,T_LDV_C_GSL_PHEV50_N,2040,19.775126157686778,$M 2020CAD / k vehicles,NLR manufacturing price (RPE / 1.5); Mid; CER Current Measures,T06,5,5,5,5,5,transport-cost-invest-cars-17ac5a44:composite:1:6c9511ec7d0fa9a6
MB,T_LDV_C_GSL_PHEV50_N,2045,19.326336081810155,$M 2020CAD / k vehicles,NLR manufacturing price (RPE / 1.5); Mid; CER Current Measures,T06,5,5,5,5,5,transport-cost-invest-cars-17ac5a44:composite:1:6c9511ec7d0fa9a6
MB,T_LDV_LTF_BEV150_N,2025,23.198054549055403,$M 2020CAD / k vehicles,NLR manufacturing price (RPE / 1.5); Mid; CER Current Measures,T06,5,5,5,5,5,transport-cost-invest-freight-light-trucks-17ac5a44:composite:1:f148ff7e78890547
MB,T_LDV_LTF_BEV150_N,2030,21.74990711330167,$M 2020CAD / k vehicles,NLR manufacturing price (RPE / 1.5); Mid; CER Current Measures,T06,5,5,5,5,5,transport-cost-invest-freight-light-trucks-17ac5a44:composite:1:f148ff7e78890547
MB,T_LDV_LTF_BEV150_N,2035,20.655907447622376,$M 2020CAD / k vehicles,NLR manufacturing price (RPE / 1.5); Mid; CER Current Measures,T06,5,5,5,5,5,transport-cost-invest-freight-light-trucks-17ac5a44:composite:1:f148ff7e78890547
MB,T_LDV_LTF_BEV150_N,2040,20.10871521160944,$M 2020CAD / k vehicles,NLR manufacturing price (RPE / 1.5); Mid; CER Current Measures,T06,5,5,5,5,5,transport-cost-invest-freight-light-trucks-17ac5a44:composite:1:f148ff7e78890547
MB,T_LDV_LTF_BEV150_N,2045,19.56152297559651,$M 2020CAD / k vehicles,NLR manufacturing price (RPE / 1.5); Mid; CER Current Measures,T06,5,5,5,5,5,transport-cost-invest-freight-light-trucks-17ac5a44:composite:1:f148ff7e78890547
MB,T_LDV_LTF_BEV200_N,2025,25.329852285373793,$M 2020CAD / k vehicles,NLR manufacturing price (RPE / 1.5); Mid; CER Current Measures,T06,5,5,5,5,5,transport-cost-invest-freight-light-trucks-17ac5a44:composite:1:f148ff7e78890547
MB,T_LDV_LTF_BEV200_N,2030,23.716184211003593,$M 2020CAD / k vehicles,NLR manufacturing price (RPE / 1.5); Mid; CER Current Measures,T06,5,5,5,5,5,transport-cost-invest-freight-light-trucks-17ac5a44:composite:1:f148ff7e78890547
MB,T_LDV_LTF_BEV200_N,2035,22.236253814604407,$M 2020CAD / k vehicles,NLR manufacturing price (RPE / 1.5); Mid; CER Current Measures,T06,5,5,5,5,5,transport-cost-invest-freight-light-trucks-17ac5a44:composite:1:f148ff7e78890547
MB,T_LDV_LTF_BEV200_N,2040,21.5507721961262,$M 2020CAD / k vehicles,NLR manufacturing price (RPE / 1.5); Mid; CER Current Measures,T06,5,5,5,5,5,transport-cost-invest-freight-light-trucks-17ac5a44:composite:1:f148ff7e78890547
MB,T_LDV_LTF_BEV200_N,2045,20.86529057764799,$M 2020CAD / k vehicles,NLR manufacturing price (RPE / 1.5); Mid; CER Current Measures,T06,5,5,5,5,5,transport-cost-invest-freight-light-trucks-17ac5a44:composite:1:f148ff7e78890547
MB,T_LDV_LTF_BEV300_N,2025,29.844256602098493,$M 2020CAD / k vehicles,NLR manufacturing price (RPE / 1.5); Mid; CER Current Measures,T06,5,5,5,5,5,transport-cost-invest-freight-light-trucks-17ac5a44:composite:1:f148ff7e78890547
MB,T_LDV_LTF_BEV300_N,2030,27.510148965283708,$M 2020CAD / k vehicles,NLR manufacturing price (RPE / 1.5); Mid; CER Current Measures,T06,5,5,5,5,5,transport-cost-invest-freight-light-trucks-17ac5a44:composite:1:f148ff7e78890547
MB,T_LDV_LTF_BEV300_N,2035,25.31530268754287,$M 2020CAD / k vehicles,NLR manufacturing price (RPE / 1.5); Mid; CER Current Measures,T06,5,5,5,5,5,transport-cost-invest-freight-light-trucks-17ac5a44:composite:1:f148ff7e78890547
MB,T_LDV_LTF_BEV300_N,2040,24.427240043847814,$M 2020CAD / k vehicles,NLR manufacturing price (RPE / 1.5); Mid; CER Current Measures,T06,5,5,5,5,5,transport-cost-invest-freight-light-trucks-17ac5a44:composite:1:f148ff7e78890547
MB,T_LDV_LTF_BEV300_N,2045,23.539177400152745,$M 2020CAD / k vehicles,NLR manufacturing price (RPE / 1.5); Mid; CER Current Measures,T06,5,5,5,5,5,transport-cost-invest-freight-light-trucks-17ac5a44:composite:1:f148ff7e78890547
MB,T_LDV_LTF_BEV400_N,2025,36.584254888203446,$M 2020CAD / k vehicles,NLR manufacturing price (RPE / 1.5); Mid; CER Current Measures,T06,5,5,5,5,5,transport-cost-invest-freight-light-trucks-17ac5a44:composite:1:f148ff7e78890547
MB,T_LDV_LTF_BEV400_N,2030,33.037308850618835,$M 2020CAD / k vehicles,NLR manufacturing price (RPE / 1.5); Mid; CER Current Measures,T06,5,5,5,5,5,transport-cost-invest-freight-light-trucks-17ac5a44:composite:1:f148ff7e78890547
MB,T_LDV_LTF_BEV400_N,2035,30.02648837692175,$M 2020CAD / k vehicles,NLR manufacturing price (RPE / 1.5); Mid; CER Current Measures,T06,5,5,5,5,5,transport-cost-invest-freight-light-trucks-17ac5a44:composite:1:f148ff7e78890547
MB,T_LDV_LTF_BEV400_N,2040,28.662275803539924,$M 2020CAD / k vehicles,NLR manufacturing price (RPE / 1.5); Mid; CER Current Measures,T06,5,5,5,5,5,transport-cost-invest-freight-light-trucks-17ac5a44:composite:1:f148ff7e78890547
MB,T_LDV_LTF_BEV400_N,2045,27.298063230158085,$M 2020CAD / k vehicles,NLR manufacturing price (RPE / 1.5); Mid; CER Current Measures,T06,5,5,5,5,5,transport-cost-invest-freight-light-trucks-17ac5a44:composite:1:f148ff7e78890547
MB,T_LDV_LTF_CNG_N,2025,28.202584348161018,$M 2020CAD / k vehicles,NLR manufacturing price (RPE / 1.5); Mid; CER Current Measures,T06,5,5,5,5,5,transport-cost-invest-freight-light-trucks-17ac5a44:composite:1:f148ff7e78890547
MB,T_LDV_LTF_CNG_N,2030,28.221438791034974,$M 2020CAD / k vehicles,NLR manufacturing price (RPE / 1.5); Mid; CER Current Measures,T06,5,5,5,5,5,transport-cost-invest-freight-light-trucks-17ac5a44:composite:1:f148ff7e78890547
MB,T_LDV_LTF_CNG_N,2035,28.26637565972034,$M 2020CAD / k vehicles,NLR manufacturing price (RPE / 1.5); Mid; CER Current Measures,T06,5,5,5,5,5,transport-cost-invest-freight-light-trucks-17ac5a44:composite:1:f148ff7e78890547
MB,T_LDV_LTF_CNG_N,2040,28.23312614804637,$M 2020CAD / k vehicles,NLR manufacturing price (RPE / 1.5); Mid; CER Current Measures,T06,5,5,5,5,5,transport-cost-invest-freight-light-trucks-17ac5a44:composite:1:f148ff7e78890547
MB,T_LDV_LTF_CNG_N,2045,28.199876636372398,$M 2020CAD / k vehicles,NLR manufacturing price (RPE / 1.5); Mid; CER Current Measures,T06,5,5,5,5,5,transport-cost-invest-freight-light-trucks-17ac5a44:composite:1:f148ff7e78890547
MB,T_LDV_LTF_DSL_N,2025,26.260701373316834,$M 2020CAD / k vehicles,NLR manufacturing price (RPE / 1.5); Mid; CER Current Measures,T06,5,5,5,5,5,transport-cost-invest-freight-light-trucks-17ac5a44:composite:1:f148ff7e78890547
MB,T_LDV_LTF_DSL_N,2030,26.31379742465607,$M 2020CAD / k vehicles,NLR manufacturing price (RPE / 1.5); Mid; CER Current Measures,T06,5,5,5,5,5,transport-cost-invest-freight-light-trucks-17ac5a44:composite:1:f148ff7e78890547
MB,T_LDV_LTF_DSL_N,2035,26.340561352654408,$M 2020CAD / k vehicles,NLR manufacturing price (RPE / 1.5); Mid; CER Current Measures,T06,5,5,5,5,5,transport-cost-invest-freight-light-trucks-17ac5a44:composite:1:f148ff7e78890547
MB,T_LDV_LTF_DSL_N,2040,26.306878671431193,$M 2020CAD / k vehicles,NLR manufacturing price (RPE / 1.5); Mid; CER Current Measures,T06,5,5,5,5,5,transport-cost-invest-freight-light-trucks-17ac5a44:composite:1:f148ff7e78890547
MB,T_LDV_LTF_DSL_N,2045,26.27319599020797,$M 2020CAD / k vehicles,NLR manufacturing price (RPE / 1.5); Mid; CER Current Measures,T06,5,5,5,5,5,transport-cost-invest-freight-light-trucks-17ac5a44:composite:1:f148ff7e78890547
MB,T_LDV_LTF_FCEV400_N,2025,32.37677135524399,$M 2020CAD / k vehicles,NLR manufacturing price (RPE / 1.5); Mid; CER Current Measures,T06,5,5,5,5,5,transport-cost-invest-freight-light-trucks-17ac5a44:composite:1:f148ff7e78890547
MB,T_LDV_LTF_FCEV400_N,2030,29.86525331984078,$M 2020CAD / k vehicles,NLR manufacturing price (RPE / 1.5); Mid; CER Current Measures,T06,5,5,5,5,5,transport-cost-invest-freight-light-trucks-17ac5a44:composite:1:f148ff7e78890547
MB,T_LDV_LTF_FCEV400_N,2035,28.008052077232414,$M 2020CAD / k vehicles,NLR manufacturing price (RPE / 1.5); Mid; CER Current Measures,T06,5,5,5,5,5,transport-cost-invest-freight-light-trucks-17ac5a44:composite:1:f148ff7e78890547
MB,T_LDV_LTF_FCEV400_N,2040,27.372639260917623,$M 2020CAD / k vehicles,NLR manufacturing price (RPE / 1.5); Mid; CER Current Measures,T06,5,5,5,5,5,transport-cost-invest-freight-light-trucks-17ac5a44:composite:1:f148ff7e78890547
MB,T_LDV_LTF_FCEV400_N,2045,26.737226444602825,$M 2020CAD / k vehicles,NLR manufacturing price (RPE / 1.5); Mid; CER Current Measures,T06,5,5,5,5,5,transport-cost-invest-freight-light-trucks-17ac5a44:composite:1:f148ff7e78890547
MB,T_LDV_LTF_GSL_HEV_N,2025,25.805974041711135,$M 2020CAD / k vehicles,NLR manufacturing price (RPE / 1.5); Mid; CER Current Measures,T06,5,5,5,5,5,transport-cost-invest-freight-light-trucks-17ac5a44:composite:1:f148ff7e78890547
MB,T_LDV_LTF_GSL_HEV_N,2030,25.013546241990706,$M 2020CAD / k vehicles,NLR manufacturing price (RPE / 1.5); Mid; CER Current Measures,T06,5,5,5,5,5,transport-cost-invest-freight-light-trucks-17ac5a44:composite:1:f148ff7e78890547
MB,T_LDV_LTF_GSL_HEV_N,2035,24.59411463965462,$M 2020CAD / k vehicles,NLR manufacturing price (RPE / 1.5); Mid; CER Current Measures,T06,5,5,5,5,5,transport-cost-invest-freight-light-trucks-17ac5a44:composite:1:f148ff7e78890547
MB,T_LDV_LTF_GSL_HEV_N,2040,24.273660430577024,$M 2020CAD / k vehicles,NLR manufacturing price (RPE / 1.5); Mid; CER Current Measures,T06,5,5,5,5,5,transport-cost-invest-freight-light-trucks-17ac5a44:composite:1:f148ff7e78890547
MB,T_LDV_LTF_GSL_HEV_N,2045,23.953206221499414,$M 2020CAD / k vehicles,NLR manufacturing price (RPE / 1.5); Mid; CER Current Measures,T06,5,5,5,5,5,transport-cost-invest-freight-light-trucks-17ac5a44:composite:1:f148ff7e78890547
MB,T_LDV_LTF_GSL_N,2025,22.976303566477313,$M 2020CAD / k vehicles,NLR manufacturing price (RPE / 1.5); Mid; CER Current Measures,T06,5,5,5,5,5,transport-cost-invest-freight-light-trucks-17ac5a44:composite:1:f148ff7e78890547
MB,T_LDV_LTF_GSL_N,2030,23.391220360599508,$M 2020CAD / k vehicles,NLR manufacturing price (RPE / 1.5); Mid; CER Current Measures,T06,5,5,5,5,5,transport-cost-invest-freight-light-trucks-17ac5a44:composite:1:f148ff7e78890547
MB,T_LDV_LTF_GSL_N,2035,24.53689334920375,$M 2020CAD / k vehicles,NLR manufacturing price (RPE / 1.5); Mid; CER Current Measures,T06,5,5,5,5,5,transport-cost-invest-freight-light-trucks-17ac5a44:composite:1:f148ff7e78890547
MB,T_LDV_LTF_GSL_N,2040,24.50360380796553,$M 2020CAD / k vehicles,NLR manufacturing price (RPE / 1.5); Mid; CER Current Measures,T06,5,5,5,5,5,transport-cost-invest-freight-light-trucks-17ac5a44:composite:1:f148ff7e78890547
MB,T_LDV_LTF_GSL_N,2045,24.470314266727303,$M 2020CAD / k vehicles,NLR manufacturing price (RPE / 1.5); Mid; CER Current Measures,T06,5,5,5,5,5,transport-cost-invest-freight-light-trucks-17ac5a44:composite:1:f148ff7e78890547
MB,T_LDV_LTF_GSL_PHEV35_N,2025,27.446247654117283,$M 2020CAD / k vehicles,NLR manufacturing price (RPE / 1.5); Mid; CER Current Measures,T06,5,5,5,5,5,transport-cost-invest-freight-light-trucks-17ac5a44:composite:1:f148ff7e78890547
MB,T_LDV_LTF_GSL_PHEV35_N,2030,26.021182399839542,$M 2020CAD / k vehicles,NLR manufacturing price (RPE / 1.5); Mid; CER Current Measures,T06,5,5,5,5,5,transport-cost-invest-freight-light-trucks-17ac5a44:composite:1:f148ff7e78890547
MB,T_LDV_LTF_GSL_PHEV35_N,2035,25.060453577776883,$M 2020CAD / k vehicles,NLR manufacturing price (RPE / 1.5); Mid; CER Current Measures,T06,5,5,5,5,5,transport-cost-invest-freight-light-trucks-17ac5a44:composite:1:f148ff7e78890547
MB,T_LDV_LTF_GSL_PHEV35_N,2040,24.565972014341902,$M 2020CAD / k vehicles,NLR manufacturing price (RPE / 1.5); Mid; CER Current Measures,T06,5,5,5,5,5,transport-cost-invest-freight-light-trucks-17ac5a44:composite:1:f148ff7e78890547
MB,T_LDV_LTF_GSL_PHEV35_N,2045,24.071490450906925,$M 2020CAD / k vehicles,NLR manufacturing price (RPE / 1.5); Mid; CER Current Measures,T06,5,5,5,5,5,transport-cost-invest-freight-light-trucks-17ac5a44:composite:1:f148ff7e78890547
MB,T_LDV_LTF_GSL_PHEV50_N,2025,28.913277009282893,$M 2020CAD / k vehicles,NLR manufacturing price (RPE / 1.5); Mid; CER Current Measures,T06,5,5,5,5,5,transport-cost-invest-freight-light-trucks-17ac5a44:composite:1:f148ff7e78890547
MB,T_LDV_LTF_GSL_PHEV50_N,2030,27.21484800643277,$M 2020CAD / k vehicles,NLR manufacturing price (RPE / 1.5); Mid; CER Current Measures,T06,5,5,5,5,5,transport-cost-invest-freight-light-trucks-17ac5a44:composite:1:f148ff7e78890547
MB,T_LDV_LTF_GSL_PHEV50_N,2035,26.025159541718963,$M 2020CAD / k vehicles,NLR manufacturing price (RPE / 1.5); Mid; CER Current Measures,T06,5,5,5,5,5,transport-cost-invest-freight-light-trucks-17ac5a44:composite:1:f148ff7e78890547
MB,T_LDV_LTF_GSL_PHEV50_N,2040,25.451859718379076,$M 2020CAD / k vehicles,NLR manufacturing price (RPE / 1.5); Mid; CER Current Measures,T06,5,5,5,5,5,transport-cost-invest-freight-light-trucks-17ac5a44:composite:1:f148ff7e78890547
MB,T_LDV_LTF_GSL_PHEV50_N,2045,24.878559895039174,$M 2020CAD / k vehicles,NLR manufacturing price (RPE / 1.5); Mid; CER Current Measures,T06,5,5,5,5,5,transport-cost-invest-freight-light-trucks-17ac5a44:composite:1:f148ff7e78890547
MB,T_LDV_LTP_BEV150_N,2025,23.198054549055403,$M 2020CAD / k vehicles,NLR manufacturing price (RPE / 1.5); Mid; CER Current Measures,T06,5,5,5,5,5,transport-cost-invest-passenger-light-trucks-17ac5a44:composite:1:095462aa45c4e45f
MB,T_LDV_LTP_BEV150_N,2030,21.74990711330167,$M 2020CAD / k vehicles,NLR manufacturing price (RPE / 1.5); Mid; CER Current Measures,T06,5,5,5,5,5,transport-cost-invest-passenger-light-trucks-17ac5a44:composite:1:095462aa45c4e45f
MB,T_LDV_LTP_BEV150_N,2035,20.655907447622376,$M 2020CAD / k vehicles,NLR manufacturing price (RPE / 1.5); Mid; CER Current Measures,T06,5,5,5,5,5,transport-cost-invest-passenger-light-trucks-17ac5a44:composite:1:095462aa45c4e45f
MB,T_LDV_LTP_BEV150_N,2040,20.10871521160944,$M 2020CAD / k vehicles,NLR manufacturing price (RPE / 1.5); Mid; CER Current Measures,T06,5,5,5,5,5,transport-cost-invest-passenger-light-trucks-17ac5a44:composite:1:095462aa45c4e45f
MB,T_LDV_LTP_BEV150_N,2045,19.56152297559651,$M 2020CAD / k vehicles,NLR manufacturing price (RPE / 1.5); Mid; CER Current Measures,T06,5,5,5,5,5,transport-cost-invest-passenger-light-trucks-17ac5a44:composite:1:095462aa45c4e45f
MB,T_LDV_LTP_BEV200_N,2025,25.329852285373793,$M 2020CAD / k vehicles,NLR manufacturing price (RPE / 1.5); Mid; CER Current Measures,T06,5,5,5,5,5,transport-cost-invest-passenger-light-trucks-17ac5a44:composite:1:095462aa45c4e45f
MB,T_LDV_LTP_BEV200_N,2030,23.716184211003593,$M 2020CAD / k vehicles,NLR manufacturing price (RPE / 1.5); Mid; CER Current Measures,T06,5,5,5,5,5,transport-cost-invest-passenger-light-trucks-17ac5a44:composite:1:095462aa45c4e45f
MB,T_LDV_LTP_BEV200_N,2035,22.236253814604407,$M 2020CAD / k vehicles,NLR manufacturing price (RPE / 1.5); Mid; CER Current Measures,T06,5,5,5,5,5,transport-cost-invest-passenger-light-trucks-17ac5a44:composite:1:095462aa45c4e45f
MB,T_LDV_LTP_BEV200_N,2040,21.5507721961262,$M 2020CAD / k vehicles,NLR manufacturing price (RPE / 1.5); Mid; CER Current Measures,T06,5,5,5,5,5,transport-cost-invest-passenger-light-trucks-17ac5a44:composite:1:095462aa45c4e45f
MB,T_LDV_LTP_BEV200_N,2045,20.86529057764799,$M 2020CAD / k vehicles,NLR manufacturing price (RPE / 1.5); Mid; CER Current Measures,T06,5,5,5,5,5,transport-cost-invest-passenger-light-trucks-17ac5a44:composite:1:095462aa45c4e45f
MB,T_LDV_LTP_BEV300_N,2025,29.844256602098493,$M 2020CAD / k vehicles,NLR manufacturing price (RPE / 1.5); Mid; CER Current Measures,T06,5,5,5,5,5,transport-cost-invest-passenger-light-trucks-17ac5a44:composite:1:095462aa45c4e45f
MB,T_LDV_LTP_BEV300_N,2030,27.510148965283708,$M 2020CAD / k vehicles,NLR manufacturing price (RPE / 1.5); Mid; CER Current Measures,T06,5,5,5,5,5,transport-cost-invest-passenger-light-trucks-17ac5a44:composite:1:095462aa45c4e45f
MB,T_LDV_LTP_BEV300_N,2035,25.31530268754287,$M 2020CAD / k vehicles,NLR manufacturing price (RPE / 1.5); Mid; CER Current Measures,T06,5,5,5,5,5,transport-cost-invest-passenger-light-trucks-17ac5a44:composite:1:095462aa45c4e45f
MB,T_LDV_LTP_BEV300_N,2040,24.427240043847814,$M 2020CAD / k vehicles,NLR manufacturing price (RPE / 1.5); Mid; CER Current Measures,T06,5,5,5,5,5,transport-cost-invest-passenger-light-trucks-17ac5a44:composite:1:095462aa45c4e45f
MB,T_LDV_LTP_BEV300_N,2045,23.539177400152745,$M 2020CAD / k vehicles,NLR manufacturing price (RPE / 1.5); Mid; CER Current Measures,T06,5,5,5,5,5,transport-cost-invest-passenger-light-trucks-17ac5a44:composite:1:095462aa45c4e45f
MB,T_LDV_LTP_BEV400_N,2025,36.584254888203446,$M 2020CAD / k vehicles,NLR manufacturing price (RPE / 1.5); Mid; CER Current Measures,T06,5,5,5,5,5,transport-cost-invest-passenger-light-trucks-17ac5a44:composite:1:095462aa45c4e45f
MB,T_LDV_LTP_BEV400_N,2030,33.037308850618835,$M 2020CAD / k vehicles,NLR manufacturing price (RPE / 1.5); Mid; CER Current Measures,T06,5,5,5,5,5,transport-cost-invest-passenger-light-trucks-17ac5a44:composite:1:095462aa45c4e45f
MB,T_LDV_LTP_BEV400_N,2035,30.02648837692175,$M 2020CAD / k vehicles,NLR manufacturing price (RPE / 1.5); Mid; CER Current Measures,T06,5,5,5,5,5,transport-cost-invest-passenger-light-trucks-17ac5a44:composite:1:095462aa45c4e45f
MB,T_LDV_LTP_BEV400_N,2040,28.662275803539924,$M 2020CAD / k vehicles,NLR manufacturing price (RPE / 1.5); Mid; CER Current Measures,T06,5,5,5,5,5,transport-cost-invest-passenger-light-trucks-17ac5a44:composite:1:095462aa45c4e45f
MB,T_LDV_LTP_BEV400_N,2045,27.298063230158085,$M 2020CAD / k vehicles,NLR manufacturing price (RPE / 1.5); Mid; CER Current Measures,T06,5,5,5,5,5,transport-cost-invest-passenger-light-trucks-17ac5a44:composite:1:095462aa45c4e45f
MB,T_LDV_LTP_CNG_N,2025,28.202584348161018,$M 2020CAD / k vehicles,NLR manufacturing price (RPE / 1.5); Mid; CER Current Measures,T06,5,5,5,5,5,transport-cost-invest-passenger-light-trucks-17ac5a44:composite:1:095462aa45c4e45f
MB,T_LDV_LTP_CNG_N,2030,28.221438791034974,$M 2020CAD / k vehicles,NLR manufacturing price (RPE / 1.5); Mid; CER Current Measures,T06,5,5,5,5,5,transport-cost-invest-passenger-light-trucks-17ac5a44:composite:1:095462aa45c4e45f
MB,T_LDV_LTP_CNG_N,2035,28.26637565972034,$M 2020CAD / k vehicles,NLR manufacturing price (RPE / 1.5); Mid; CER Current Measures,T06,5,5,5,5,5,transport-cost-invest-passenger-light-trucks-17ac5a44:composite:1:095462aa45c4e45f
MB,T_LDV_LTP_CNG_N,2040,28.23312614804637,$M 2020CAD / k vehicles,NLR manufacturing price (RPE / 1.5); Mid; CER Current Measures,T06,5,5,5,5,5,transport-cost-invest-passenger-light-trucks-17ac5a44:composite:1:095462aa45c4e45f
MB,T_LDV_LTP_CNG_N,2045,28.199876636372398,$M 2020CAD / k vehicles,NLR manufacturing price (RPE / 1.5); Mid; CER Current Measures,T06,5,5,5,5,5,transport-cost-invest-passenger-light-trucks-17ac5a44:composite:1:095462aa45c4e45f
MB,T_LDV_LTP_DSL_N,2025,26.260701373316834,$M 2020CAD / k vehicles,NLR manufacturing price (RPE / 1.5); Mid; CER Current Measures,T06,5,5,5,5,5,transport-cost-invest-passenger-light-trucks-17ac5a44:composite:1:095462aa45c4e45f
MB,T_LDV_LTP_DSL_N,2030,26.31379742465607,$M 2020CAD / k vehicles,NLR manufacturing price (RPE / 1.5); Mid; CER Current Measures,T06,5,5,5,5,5,transport-cost-invest-passenger-light-trucks-17ac5a44:composite:1:095462aa45c4e45f
MB,T_LDV_LTP_DSL_N,2035,26.340561352654408,$M 2020CAD / k vehicles,NLR manufacturing price (RPE / 1.5); Mid; CER Current Measures,T06,5,5,5,5,5,transport-cost-invest-passenger-light-trucks-17ac5a44:composite:1:095462aa45c4e45f
MB,T_LDV_LTP_DSL_N,2040,26.306878671431193,$M 2020CAD / k vehicles,NLR manufacturing price (RPE / 1.5); Mid; CER Current Measures,T06,5,5,5,5,5,transport-cost-invest-passenger-light-trucks-17ac5a44:composite:1:095462aa45c4e45f
MB,T_LDV_LTP_DSL_N,2045,26.27319599020797,$M 2020CAD / k vehicles,NLR manufacturing price (RPE / 1.5); Mid; CER Current Measures,T06,5,5,5,5,5,transport-cost-invest-passenger-light-trucks-17ac5a44:composite:1:095462aa45c4e45f
MB,T_LDV_LTP_FCEV400_N,2025,32.37677135524399,$M 2020CAD / k vehicles,NLR manufacturing price (RPE / 1.5); Mid; CER Current Measures,T06,5,5,5,5,5,transport-cost-invest-passenger-light-trucks-17ac5a44:composite:1:095462aa45c4e45f
MB,T_LDV_LTP_FCEV400_N,2030,29.86525331984078,$M 2020CAD / k vehicles,NLR manufacturing price (RPE / 1.5); Mid; CER Current Measures,T06,5,5,5,5,5,transport-cost-invest-passenger-light-trucks-17ac5a44:composite:1:095462aa45c4e45f
MB,T_LDV_LTP_FCEV400_N,2035,28.008052077232414,$M 2020CAD / k vehicles,NLR manufacturing price (RPE / 1.5); Mid; CER Current Measures,T06,5,5,5,5,5,transport-cost-invest-passenger-light-trucks-17ac5a44:composite:1:095462aa45c4e45f
MB,T_LDV_LTP_FCEV400_N,2040,27.372639260917623,$M 2020CAD / k vehicles,NLR manufacturing price (RPE / 1.5); Mid; CER Current Measures,T06,5,5,5,5,5,transport-cost-invest-passenger-light-trucks-17ac5a44:composite:1:095462aa45c4e45f
MB,T_LDV_LTP_FCEV400_N,2045,26.737226444602825,$M 2020CAD / k vehicles,NLR manufacturing price (RPE / 1.5); Mid; CER Current Measures,T06,5,5,5,5,5,transport-cost-invest-passenger-light-trucks-17ac5a44:composite:1:095462aa45c4e45f
MB,T_LDV_LTP_GSL_HEV_N,2025,25.805974041711135,$M 2020CAD / k vehicles,NLR manufacturing price (RPE / 1.5); Mid; CER Current Measures,T06,5,5,5,5,5,transport-cost-invest-passenger-light-trucks-17ac5a44:composite:1:095462aa45c4e45f
MB,T_LDV_LTP_GSL_HEV_N,2030,25.013546241990706,$M 2020CAD / k vehicles,NLR manufacturing price (RPE / 1.5); Mid; CER Current Measures,T06,5,5,5,5,5,transport-cost-invest-passenger-light-trucks-17ac5a44:composite:1:095462aa45c4e45f
MB,T_LDV_LTP_GSL_HEV_N,2035,24.59411463965462,$M 2020CAD / k vehicles,NLR manufacturing price (RPE / 1.5); Mid; CER Current Measures,T06,5,5,5,5,5,transport-cost-invest-passenger-light-trucks-17ac5a44:composite:1:095462aa45c4e45f
MB,T_LDV_LTP_GSL_HEV_N,2040,24.273660430577024,$M 2020CAD / k vehicles,NLR manufacturing price (RPE / 1.5); Mid; CER Current Measures,T06,5,5,5,5,5,transport-cost-invest-passenger-light-trucks-17ac5a44:composite:1:095462aa45c4e45f
MB,T_LDV_LTP_GSL_HEV_N,2045,23.953206221499414,$M 2020CAD / k vehicles,NLR manufacturing price (RPE / 1.5); Mid; CER Current Measures,T06,5,5,5,5,5,transport-cost-invest-passenger-light-trucks-17ac5a44:composite:1:095462aa45c4e45f
MB,T_LDV_LTP_GSL_N,2025,22.976303566477313,$M 2020CAD / k vehicles,NLR manufacturing price (RPE / 1.5); Mid; CER Current Measures,T06,5,5,5,5,5,transport-cost-invest-passenger-light-trucks-17ac5a44:composite:1:095462aa45c4e45f
MB,T_LDV_LTP_GSL_N,2030,23.391220360599508,$M 2020CAD / k vehicles,NLR manufacturing price (RPE / 1.5); Mid; CER Current Measures,T06,5,5,5,5,5,transport-cost-invest-passenger-light-trucks-17ac5a44:composite:1:095462aa45c4e45f
MB,T_LDV_LTP_GSL_N,2035,24.53689334920375,$M 2020CAD / k vehicles,NLR manufacturing price (RPE / 1.5); Mid; CER Current Measures,T06,5,5,5,5,5,transport-cost-invest-passenger-light-trucks-17ac5a44:composite:1:095462aa45c4e45f
MB,T_LDV_LTP_GSL_N,2040,24.50360380796553,$M 2020CAD / k vehicles,NLR manufacturing price (RPE / 1.5); Mid; CER Current Measures,T06,5,5,5,5,5,transport-cost-invest-passenger-light-trucks-17ac5a44:composite:1:095462aa45c4e45f
MB,T_LDV_LTP_GSL_N,2045,24.470314266727303,$M 2020CAD / k vehicles,NLR manufacturing price (RPE / 1.5); Mid; CER Current Measures,T06,5,5,5,5,5,transport-cost-invest-passenger-light-trucks-17ac5a44:composite:1:095462aa45c4e45f
MB,T_LDV_LTP_GSL_PHEV35_N,2025,27.446247654117283,$M 2020CAD / k vehicles,NLR manufacturing price (RPE / 1.5); Mid; CER Current Measures,T06,5,5,5,5,5,transport-cost-invest-passenger-light-trucks-17ac5a44:composite:1:095462aa45c4e45f
MB,T_LDV_LTP_GSL_PHEV35_N,2030,26.021182399839542,$M 2020CAD / k vehicles,NLR manufacturing price (RPE / 1.5); Mid; CER Current Measures,T06,5,5,5,5,5,transport-cost-invest-passenger-light-trucks-17ac5a44:composite:1:095462aa45c4e45f
MB,T_LDV_LTP_GSL_PHEV35_N,2035,25.060453577776883,$M 2020CAD / k vehicles,NLR manufacturing price (RPE / 1.5); Mid; CER Current Measures,T06,5,5,5,5,5,transport-cost-invest-passenger-light-trucks-17ac5a44:composite:1:095462aa45c4e45f
MB,T_LDV_LTP_GSL_PHEV35_N,2040,24.565972014341902,$M 2020CAD / k vehicles,NLR manufacturing price (RPE / 1.5); Mid; CER Current Measures,T06,5,5,5,5,5,transport-cost-invest-passenger-light-trucks-17ac5a44:composite:1:095462aa45c4e45f
MB,T_LDV_LTP_GSL_PHEV35_N,2045,24.071490450906925,$M 2020CAD / k vehicles,NLR manufacturing price (RPE / 1.5); Mid; CER Current Measures,T06,5,5,5,5,5,transport-cost-invest-passenger-light-trucks-17ac5a44:composite:1:095462aa45c4e45f
MB,T_LDV_LTP_GSL_PHEV50_N,2025,28.913277009282893,$M 2020CAD / k vehicles,NLR manufacturing price (RPE / 1.5); Mid; CER Current Measures,T06,5,5,5,5,5,transport-cost-invest-passenger-light-trucks-17ac5a44:composite:1:095462aa45c4e45f
MB,T_LDV_LTP_GSL_PHEV50_N,2030,27.21484800643277,$M 2020CAD / k vehicles,NLR manufacturing price (RPE / 1.5); Mid; CER Current Measures,T06,5,5,5,5,5,transport-cost-invest-passenger-light-trucks-17ac5a44:composite:1:095462aa45c4e45f
MB,T_LDV_LTP_GSL_PHEV50_N,2035,26.025159541718963,$M 2020CAD / k vehicles,NLR manufacturing price (RPE / 1.5); Mid; CER Current Measures,T06,5,5,5,5,5,transport-cost-invest-passenger-light-trucks-17ac5a44:composite:1:095462aa45c4e45f
MB,T_LDV_LTP_GSL_PHEV50_N,2040,25.451859718379076,$M 2020CAD / k vehicles,NLR manufacturing price (RPE / 1.5); Mid; CER Current Measures,T06,5,5,5,5,5,transport-cost-invest-passenger-light-trucks-17ac5a44:composite:1:095462aa45c4e45f
MB,T_LDV_LTP_GSL_PHEV50_N,2045,24.878559895039174,$M 2020CAD / k vehicles,NLR manufacturing price (RPE / 1.5); Mid; CER Current Measures,T06,5,5,5,5,5,transport-cost-invest-passenger-light-trucks-17ac5a44:composite:1:095462aa45c4e45f
MB,T_LDV_M_BEV_N,2025,13.037007628312024,$M 2020CAD / k vehicles,GCAM motorcycle purchase price; Mid; CER Current Measures,T11,5,5,5,5,5,transport-cost-invest-motorcycles-804abac7:composite:1:e5e1e447784151c9
MB,T_LDV_M_BEV_N,2030,12.923352577093377,$M 2020CAD / k vehicles,GCAM motorcycle purchase price; Mid; CER Current Measures,T11,5,5,5,5,5,transport-cost-invest-motorcycles-804abac7:composite:1:e5e1e447784151c9
MB,T_LDV_M_BEV_N,2035,12.80969752432432,$M 2020CAD / k vehicles,GCAM motorcycle purchase price; Mid; CER Current Measures,T11,5,5,5,5,5,transport-cost-invest-motorcycles-804abac7:composite:1:e5e1e447784151c9
MB,T_LDV_M_BEV_N,2040,12.711200268918915,$M 2020CAD / k vehicles,GCAM motorcycle purchase price; Mid; CER Current Measures,T11,5,5,5,5,5,transport-cost-invest-motorcycles-804abac7:composite:1:e5e1e447784151c9
MB,T_LDV_M_BEV_N,2045,12.612703013513512,$M 2020CAD / k vehicles,GCAM motorcycle purchase price; Mid; CER Current Measures,T11,5,5,5,5,5,transport-cost-invest-motorcycles-804abac7:composite:1:e5e1e447784151c9
MB,T_LDV_M_GSL_N,2025,13.891632432432433,$M 2020CAD / k vehicles,GCAM motorcycle purchase price; Mid; CER Current Measures,T11,5,5,5,5,5,transport-cost-invest-motorcycles-804abac7:composite:1:e5e1e447784151c9
MB,T_LDV_M_GSL_N,2030,13.891632432432433,$M 2020CAD / k vehicles,GCAM motorcycle purchase price; Mid; CER Current Measures,T11,5,5,5,5,5,transport-cost-invest-motorcycles-804abac7:composite:1:e5e1e447784151c9
MB,T_LDV_M_GSL_N,2035,13.891632432432433,$M 2020CAD / k vehicles,GCAM motorcycle purchase price; Mid; CER Current Measures,T11,5,5,5,5,5,transport-cost-invest-motorcycles-804abac7:composite:1:e5e1e447784151c9
MB,T_LDV_M_GSL_N,2040,13.891632432432433,$M 2020CAD / k vehicles,GCAM motorcycle purchase price; Mid; CER Current Measures,T11,5,5,5,5,5,transport-cost-invest-motorcycles-804abac7:composite:1:e5e1e447784151c9
MB,T_LDV_M_GSL_N,2045,13.891632432432433,$M 2020CAD / k vehicles,GCAM motorcycle purchase price; Mid; CER Current Measures,T11,5,5,5,5,5,transport-cost-invest-motorcycles-804abac7:composite:1:e5e1e447784151c9
MB,T_MDV_T_BEV_N,2025,65.33278261541977,$M 2020CAD / k vehicles,NLR manufacturing price (RPE / 1.5); Mid; CER Current Measures,T06,5,5,5,5,5,transport-cost-invest-medium-trucks-e162550e:composite:1:047ed20feabb1ef5
MB,T_MDV_T_BEV_N,2030,53.2834887643728,$M 2020CAD / k vehicles,NLR manufacturing price (RPE / 1.5); Mid; CER Current Measures,T06,5,5,5,5,5,transport-cost-invest-medium-trucks-e162550e:composite:1:047ed20feabb1ef5
MB,T_MDV_T_BEV_N,2035,46.60465239706312,$M 2020CAD / k vehicles,NLR manufacturing price (RPE / 1.5); Mid; CER Current Measures,T06,5,5,5,5,5,transport-cost-invest-medium-trucks-e162550e:composite:1:047ed20feabb1ef5
MB,T_MDV_T_BEV_N,2040,43.733968432748206,$M 2020CAD / k vehicles,NLR manufacturing price (RPE / 1.5); Mid; CER Current Measures,T06,5,5,5,5,5,transport-cost-invest-medium-trucks-e162550e:composite:1:047ed20feabb1ef5
MB,T_MDV_T_BEV_N,2045,40.863284468433285,$M 2020CAD / k vehicles,NLR manufacturing price (RPE / 1.5); Mid; CER Current Measures,T06,5,5,5,5,5,transport-cost-invest-medium-trucks-e162550e:composite:1:047ed20feabb1ef5
MB,T_MDV_T_DSL_HEV_N,2025,45.522868818484284,$M 2020CAD / k vehicles,NLR manufacturing price (RPE / 1.5); Mid; CER Current Measures,T06,5,5,5,5,5,transport-cost-invest-medium-trucks-e162550e:composite:1:047ed20feabb1ef5
MB,T_MDV_T_DSL_HEV_N,2030,45.04705495311201,$M 2020CAD / k vehicles,NLR manufacturing price (RPE / 1.5); Mid; CER Current Measures,T06,5,5,5,5,5,transport-cost-invest-medium-trucks-e162550e:composite:1:047ed20feabb1ef5
MB,T_MDV_T_DSL_HEV_N,2035,44.680283029573516,$M 2020CAD / k vehicles,NLR manufacturing price (RPE / 1.5); Mid; CER Current Measures,T06,5,5,5,5,5,transport-cost-invest-medium-trucks-e162550e:composite:1:047ed20feabb1ef5
MB,T_MDV_T_DSL_HEV_N,2040,44.60846739087874,$M 2020CAD / k vehicles,NLR manufacturing price (RPE / 1.5); Mid; CER Current Measures,T06,5,5,5,5,5,transport-cost-invest-medium-trucks-e162550e:composite:1:047ed20feabb1ef5
MB,T_MDV_T_DSL_HEV_N,2045,44.536651752183964,$M 2020CAD / k vehicles,NLR manufacturing price (RPE / 1.5); Mid; CER Current Measures,T06,5,5,5,5,5,transport-cost-invest-medium-trucks-e162550e:composite:1:047ed20feabb1ef5
MB,T_MDV_T_DSL_N,2025,41.288421469437736,$M 2020CAD / k vehicles,NLR manufacturing price (RPE / 1.5); Mid; CER Current Measures,T06,5,5,5,5,5,transport-cost-invest-medium-trucks-e162550e:composite:1:047ed20feabb1ef5
MB,T_MDV_T_DSL_N,2030,41.414036669880666,$M 2020CAD / k vehicles,NLR manufacturing price (RPE / 1.5); Mid; CER Current Measures,T06,5,5,5,5,5,transport-cost-invest-medium-trucks-e162550e:composite:1:047ed20feabb1ef5
MB,T_MDV_T_DSL_N,2035,41.175672786150855,$M 2020CAD / k vehicles,NLR manufacturing price (RPE / 1.5); Mid; CER Current Measures,T06,5,5,5,5,5,transport-cost-invest-medium-trucks-e162550e:composite:1:047ed20feabb1ef5
MB,T_MDV_T_DSL_N,2040,41.172870913315975,$M 2020CAD / k vehicles,NLR manufacturing price (RPE / 1.5); Mid; CER Current Measures,T06,5,5,5,5,5,transport-cost-invest-medium-trucks-e162550e:composite:1:047ed20feabb1ef5
MB,T_MDV_T_DSL_N,2045,41.170069040481096,$M 2020CAD / k vehicles,NLR manufacturing price (RPE / 1.5); Mid; CER Current Measures,T06,5,5,5,5,5,transport-cost-invest-medium-trucks-e162550e:composite:1:047ed20feabb1ef5
MB,T_MDV_T_DSL_PHEV_N,2025,70.85664509638025,$M 2020CAD / k vehicles,NLR manufacturing price (RPE / 1.5); Mid; CER Current Measures,T06,5,5,5,5,5,transport-cost-invest-medium-trucks-e162550e:composite:1:047ed20feabb1ef5
MB,T_MDV_T_DSL_PHEV_N,2030,60.5666701749238,$M 2020CAD / k vehicles,NLR manufacturing price (RPE / 1.5); Mid; CER Current Measures,T06,5,5,5,5,5,transport-cost-invest-medium-trucks-e162550e:composite:1:047ed20feabb1ef5
MB,T_MDV_T_DSL_PHEV_N,2035,54.22138541394572,$M 2020CAD / k vehicles,NLR manufacturing price (RPE / 1.5); Mid; CER Current Measures,T06,5,5,5,5,5,transport-cost-invest-medium-trucks-e162550e:composite:1:047ed20feabb1ef5
MB,T_MDV_T_DSL_PHEV_N,2040,51.658562719493986,$M 2020CAD / k vehicles,NLR manufacturing price (RPE / 1.5); Mid; CER Current Measures,T06,5,5,5,5,5,transport-cost-invest-medium-trucks-e162550e:composite:1:047ed20feabb1ef5
MB,T_MDV_T_DSL_PHEV_N,2045,49.09574002504226,$M 2020CAD / k vehicles,NLR manufacturing price (RPE / 1.5); Mid; CER Current Measures,T06,5,5,5,5,5,transport-cost-invest-medium-trucks-e162550e:composite:1:047ed20feabb1ef5
MB,T_MDV_T_FCEV_N,2025,65.59106294226915,$M 2020CAD / k vehicles,NLR manufacturing price (RPE / 1.5); Mid; CER Current Measures,T06,5,5,5,5,5,transport-cost-invest-medium-trucks-e162550e:composite:1:047ed20feabb1ef5
MB,T_MDV_T_FCEV_N,2030,49.87519714083219,$M 2020CAD / k vehicles,NLR manufacturing price (RPE / 1.5); Mid; CER Current Measures,T06,5,5,5,5,5,transport-cost-invest-medium-trucks-e162550e:composite:1:047ed20feabb1ef5
MB,T_MDV_T_FCEV_N,2035,45.38437067065345,$M 2020CAD / k vehicles,NLR manufacturing price (RPE / 1.5); Mid; CER Current Measures,T06,5,5,5,5,5,transport-cost-invest-medium-trucks-e162550e:composite:1:047ed20feabb1ef5
MB,T_MDV_T_FCEV_N,2040,44.456235440781114,$M 2020CAD / k vehicles,NLR manufacturing price (RPE / 1.5); Mid; CER Current Measures,T06,5,5,5,5,5,transport-cost-invest-medium-trucks-e162550e:composite:1:047ed20feabb1ef5
MB,T_MDV_T_FCEV_N,2045,43.528100210908775,$M 2020CAD / k vehicles,NLR manufacturing price (RPE / 1.5); Mid; CER Current Measures,T06,5,5,5,5,5,transport-cost-invest-medium-trucks-e162550e:composite:1:047ed20feabb1ef5
MB,T_MDV_T_FCHEV_N,2025,58.93034653160426,$M 2020CAD / k vehicles,NLR manufacturing price (RPE / 1.5); Mid; CER Current Measures,T06,5,5,5,5,5,transport-cost-invest-medium-trucks-e162550e:composite:1:047ed20feabb1ef5
MB,T_MDV_T_FCHEV_N,2030,46.71509367100195,$M 2020CAD / k vehicles,NLR manufacturing price (RPE / 1.5); Mid; CER Current Measures,T06,5,5,5,5,5,transport-cost-invest-medium-trucks-e162550e:composite:1:047ed20feabb1ef5
MB,T_MDV_T_FCHEV_N,2035,42.59235792865135,$M 2020CAD / k vehicles,NLR manufacturing price (RPE / 1.5); Mid; CER Current Measures,T06,5,5,5,5,5,transport-cost-invest-medium-trucks-e162550e:composite:1:047ed20feabb1ef5
MB,T_MDV_T_FCHEV_N,2040,41.43154062821085,$M 2020CAD / k vehicles,NLR manufacturing price (RPE / 1.5); Mid; CER Current Measures,T06,5,5,5,5,5,transport-cost-invest-medium-trucks-e162550e:composite:1:047ed20feabb1ef5
MB,T_MDV_T_FCHEV_N,2045,40.27072332777032,$M 2020CAD / k vehicles,NLR manufacturing price (RPE / 1.5); Mid; CER Current Measures,T06,5,5,5,5,5,transport-cost-invest-medium-trucks-e162550e:composite:1:047ed20feabb1ef5
MB,T_MDV_T_GSL_N,2025,41.288421469437736,$M 2020CAD / k vehicles,NLR manufacturing price (RPE / 1.5); reviewed gasoline->diesel purchase proxy; Mid; CER Current Measures,T06,5,5,5,5,5,transport-cost-invest-medium-trucks-e162550e:composite:1:047ed20feabb1ef5
MB,T_MDV_T_GSL_N,2030,41.414036669880666,$M 2020CAD / k vehicles,NLR manufacturing price (RPE / 1.5); reviewed gasoline->diesel purchase proxy; Mid; CER Current Measures,T06,5,5,5,5,5,transport-cost-invest-medium-trucks-e162550e:composite:1:047ed20feabb1ef5
MB,T_MDV_T_GSL_N,2035,41.175672786150855,$M 2020CAD / k vehicles,NLR manufacturing price (RPE / 1.5); reviewed gasoline->diesel purchase proxy; Mid; CER Current Measures,T06,5,5,5,5,5,transport-cost-invest-medium-trucks-e162550e:composite:1:047ed20feabb1ef5
MB,T_MDV_T_GSL_N,2040,41.172870913315975,$M 2020CAD / k vehicles,NLR manufacturing price (RPE / 1.5); reviewed gasoline->diesel purchase proxy; Mid; CER Current Measures,T06,5,5,5,5,5,transport-cost-invest-medium-trucks-e162550e:composite:1:047ed20feabb1ef5
MB,T_MDV_T_GSL_N,2045,41.170069040481096,$M 2020CAD / k vehicles,NLR manufacturing price (RPE / 1.5); reviewed gasoline->diesel purchase proxy; Mid; CER Current Measures,T06,5,5,5,5,5,transport-cost-invest-medium-trucks-e162550e:composite:1:047ed20feabb1ef5
NB,T_HDV_AJF_JFL_N,2025,6132.623678803439,$M 2020CAD / bn tonne-km,CIMS aircraft CAPEX normalized by FAA All Aircraft annual service output; Mid; CER Current Measures,T15,5,5,5,5,5,transport-cost-invest-freight-air-e97ac762:composite:1:bd087d6387d7310e
NB,T_HDV_AJF_JFL_N,2030,6132.623678803439,$M 2020CAD / bn tonne-km,CIMS aircraft CAPEX normalized by FAA All Aircraft annual service output; Mid; CER Current Measures,T15,5,5,5,5,5,transport-cost-invest-freight-air-e97ac762:composite:1:bd087d6387d7310e
NB,T_HDV_AJF_JFL_N,2035,6132.623678803439,$M 2020CAD / bn tonne-km,CIMS aircraft CAPEX normalized by FAA All Aircraft annual service output; Mid; CER Current Measures,T15,5,5,5,5,5,transport-cost-invest-freight-air-e97ac762:composite:1:bd087d6387d7310e
NB,T_HDV_AJF_JFL_N,2040,6132.623678803439,$M 2020CAD / bn tonne-km,CIMS aircraft CAPEX normalized by FAA All Aircraft annual service output; Mid; CER Current Measures,T15,5,5,5,5,5,transport-cost-invest-freight-air-e97ac762:composite:1:bd087d6387d7310e
NB,T_HDV_AJF_JFL_N,2045,6132.623678803439,$M 2020CAD / bn tonne-km,CIMS aircraft CAPEX normalized by FAA All Aircraft annual service output; Mid; CER Current Measures,T15,5,5,5,5,5,transport-cost-invest-freight-air-e97ac762:composite:1:bd087d6387d7310e
NB,T_HDV_AJF_SPK_N,2025,6132.623678803439,$M 2020CAD / bn tonne-km,CIMS aircraft CAPEX normalized by FAA All Aircraft annual service output; Mid; CER Current Measures,T15,5,5,5,5,5,transport-cost-invest-freight-air-e97ac762:composite:1:bd087d6387d7310e
NB,T_HDV_AJF_SPK_N,2030,6132.623678803439,$M 2020CAD / bn tonne-km,CIMS aircraft CAPEX normalized by FAA All Aircraft annual service output; Mid; CER Current Measures,T15,5,5,5,5,5,transport-cost-invest-freight-air-e97ac762:composite:1:bd087d6387d7310e
NB,T_HDV_AJF_SPK_N,2035,6132.623678803439,$M 2020CAD / bn tonne-km,CIMS aircraft CAPEX normalized by FAA All Aircraft annual service output; Mid; CER Current Measures,T15,5,5,5,5,5,transport-cost-invest-freight-air-e97ac762:composite:1:bd087d6387d7310e
NB,T_HDV_AJF_SPK_N,2040,6132.623678803439,$M 2020CAD / bn tonne-km,CIMS aircraft CAPEX normalized by FAA All Aircraft annual service output; Mid; CER Current Measures,T15,5,5,5,5,5,transport-cost-invest-freight-air-e97ac762:composite:1:bd087d6387d7310e
NB,T_HDV_AJF_SPK_N,2045,6132.623678803439,$M 2020CAD / bn tonne-km,CIMS aircraft CAPEX normalized by FAA All Aircraft annual service output; Mid; CER Current Measures,T15,5,5,5,5,5,transport-cost-invest-freight-air-e97ac762:composite:1:bd087d6387d7310e
NB,T_HDV_AJP_JFL_N,2025,1032.1218289023984,$M 2020CAD / bn passenger-km,CIMS aircraft CAPEX normalized by FAA All Aircraft annual service output; Mid; CER Current Measures,T15,5,5,5,5,5,transport-cost-invest-passenger-air-e97ac762:composite:1:ca4132bec8ddc7b3
NB,T_HDV_AJP_JFL_N,2030,1032.1218289023984,$M 2020CAD / bn passenger-km,CIMS aircraft CAPEX normalized by FAA All Aircraft annual service output; Mid; CER Current Measures,T15,5,5,5,5,5,transport-cost-invest-passenger-air-e97ac762:composite:1:ca4132bec8ddc7b3
NB,T_HDV_AJP_JFL_N,2035,1032.1218289023984,$M 2020CAD / bn passenger-km,CIMS aircraft CAPEX normalized by FAA All Aircraft annual service output; Mid; CER Current Measures,T15,5,5,5,5,5,transport-cost-invest-passenger-air-e97ac762:composite:1:ca4132bec8ddc7b3
NB,T_HDV_AJP_JFL_N,2040,1032.1218289023984,$M 2020CAD / bn passenger-km,CIMS aircraft CAPEX normalized by FAA All Aircraft annual service output; Mid; CER Current Measures,T15,5,5,5,5,5,transport-cost-invest-passenger-air-e97ac762:composite:1:ca4132bec8ddc7b3
NB,T_HDV_AJP_JFL_N,2045,1032.1218289023984,$M 2020CAD / bn passenger-km,CIMS aircraft CAPEX normalized by FAA All Aircraft annual service output; Mid; CER Current Measures,T15,5,5,5,5,5,transport-cost-invest-passenger-air-e97ac762:composite:1:ca4132bec8ddc7b3
NB,T_HDV_AJP_SPK_N,2025,1032.1218289023984,$M 2020CAD / bn passenger-km,CIMS aircraft CAPEX normalized by FAA All Aircraft annual service output; Mid; CER Current Measures,T15,5,5,5,5,5,transport-cost-invest-passenger-air-e97ac762:composite:1:ca4132bec8ddc7b3
NB,T_HDV_AJP_SPK_N,2030,1032.1218289023984,$M 2020CAD / bn passenger-km,CIMS aircraft CAPEX normalized by FAA All Aircraft annual service output; Mid; CER Current Measures,T15,5,5,5,5,5,transport-cost-invest-passenger-air-e97ac762:composite:1:ca4132bec8ddc7b3
NB,T_HDV_AJP_SPK_N,2035,1032.1218289023984,$M 2020CAD / bn passenger-km,CIMS aircraft CAPEX normalized by FAA All Aircraft annual service output; Mid; CER Current Measures,T15,5,5,5,5,5,transport-cost-invest-passenger-air-e97ac762:composite:1:ca4132bec8ddc7b3
NB,T_HDV_AJP_SPK_N,2040,1032.1218289023984,$M 2020CAD / bn passenger-km,CIMS aircraft CAPEX normalized by FAA All Aircraft annual service output; Mid; CER Current Measures,T15,5,5,5,5,5,transport-cost-invest-passenger-air-e97ac762:composite:1:ca4132bec8ddc7b3
NB,T_HDV_AJP_SPK_N,2045,1032.1218289023984,$M 2020CAD / bn passenger-km,CIMS aircraft CAPEX normalized by FAA All Aircraft annual service output; Mid; CER Current Measures,T15,5,5,5,5,5,transport-cost-invest-passenger-air-e97ac762:composite:1:ca4132bec8ddc7b3
NB,T_HDV_BIC_BEV_N,2025,724.9291694090558,$M 2020CAD / k vehicles,REGEN intercity purchase price; Mid; CER Current Measures,T12,5,5,5,5,5,transport-cost-invest-inter-city-buses-8fe13d81:composite:1:a4215f62e54efd1d
NB,T_HDV_BIC_BEV_N,2030,687.3711076208749,$M 2020CAD / k vehicles,REGEN intercity purchase price; Mid; CER Current Measures,T12,5,5,5,5,5,transport-cost-invest-inter-city-buses-8fe13d81:composite:1:a4215f62e54efd1d
NB,T_HDV_BIC_BEV_N,2035,649.8130458326937,$M 2020CAD / k vehicles,REGEN intercity purchase price; Mid; CER Current Measures,T12,5,5,5,5,5,transport-cost-invest-inter-city-buses-8fe13d81:composite:1:a4215f62e54efd1d
NB,T_HDV_BIC_BEV_N,2040,637.7195688948578,$M 2020CAD / k vehicles,REGEN intercity purchase price; Mid; CER Current Measures,T12,5,5,5,5,5,transport-cost-invest-inter-city-buses-8fe13d81:composite:1:a4215f62e54efd1d
NB,T_HDV_BIC_BEV_N,2045,625.6260919570221,$M 2020CAD / k vehicles,REGEN intercity purchase price; Mid; CER Current Measures,T12,5,5,5,5,5,transport-cost-invest-inter-city-buses-8fe13d81:composite:1:a4215f62e54efd1d
NB,T_HDV_BIC_DSL_HEV_N,2025,625.0231638861476,$M 2020CAD / k vehicles,REGEN intercity purchase price; Mid; CER Current Measures,T12,5,5,5,5,5,transport-cost-invest-inter-city-buses-0a292860:composite:1:bb531e37aa681bea
NB,T_HDV_BIC_DSL_HEV_N,2030,631.1135387568029,$M 2020CAD / k vehicles,REGEN intercity purchase price; Mid; CER Current Measures,T12,5,5,5,5,5,transport-cost-invest-inter-city-buses-0a292860:composite:1:bb531e37aa681bea
NB,T_HDV_BIC_DSL_HEV_N,2035,639.1593250453943,$M 2020CAD / k vehicles,REGEN intercity purchase price; Mid; CER Current Measures,T12,5,5,5,5,5,transport-cost-invest-inter-city-buses-0a292860:composite:1:bb531e37aa681bea
NB,T_HDV_BIC_DSL_HEV_N,2040,638.5264211730566,$M 2020CAD / k vehicles,REGEN intercity purchase price; Mid; CER Current Measures,T12,5,5,5,5,5,transport-cost-invest-inter-city-buses-0a292860:composite:1:bb531e37aa681bea
NB,T_HDV_BIC_DSL_HEV_N,2045,637.8945752873842,$M 2020CAD / k vehicles,REGEN intercity purchase price; Mid; CER Current Measures,T12,5,5,5,5,5,transport-cost-invest-inter-city-buses-0a292860:composite:1:bb531e37aa681bea
NB,T_HDV_BIC_DSL_N,2025,578.3503599462776,$M 2020CAD / k vehicles,REGEN intercity purchase price; Mid; CER Current Measures,T12,5,5,5,5,5,transport-cost-invest-inter-city-buses-8fe13d81:composite:1:a4215f62e54efd1d
NB,T_HDV_BIC_DSL_N,2030,592.376084435917,$M 2020CAD / k vehicles,REGEN intercity purchase price; Mid; CER Current Measures,T12,5,5,5,5,5,transport-cost-invest-inter-city-buses-8fe13d81:composite:1:a4215f62e54efd1d
NB,T_HDV_BIC_DSL_N,2035,606.4018089255563,$M 2020CAD / k vehicles,REGEN intercity purchase price; Mid; CER Current Measures,T12,5,5,5,5,5,transport-cost-invest-inter-city-buses-8fe13d81:composite:1:a4215f62e54efd1d
NB,T_HDV_BIC_DSL_N,2040,606.4018089255563,$M 2020CAD / k vehicles,REGEN intercity purchase price; Mid; CER Current Measures,T12,5,5,5,5,5,transport-cost-invest-inter-city-buses-8fe13d81:composite:1:a4215f62e54efd1d
NB,T_HDV_BIC_DSL_N,2045,606.4018089255563,$M 2020CAD / k vehicles,REGEN intercity purchase price; Mid; CER Current Measures,T12,5,5,5,5,5,transport-cost-invest-inter-city-buses-8fe13d81:composite:1:a4215f62e54efd1d
NB,T_HDV_BIC_FCEV_N,2025,726.7192071527243,$M 2020CAD / k vehicles,REGEN intercity purchase price; Mid; CER Current Measures,T12,5,5,5,5,5,transport-cost-invest-inter-city-buses-8fe13d81:composite:1:a4215f62e54efd1d
NB,T_HDV_BIC_FCEV_N,2030,702.2862077359937,$M 2020CAD / k vehicles,REGEN intercity purchase price; Mid; CER Current Measures,T12,5,5,5,5,5,transport-cost-invest-inter-city-buses-8fe13d81:composite:1:a4215f62e54efd1d
NB,T_HDV_BIC_FCEV_N,2035,677.8520796699922,$M 2020CAD / k vehicles,REGEN intercity purchase price; Mid; CER Current Measures,T12,5,5,5,5,5,transport-cost-invest-inter-city-buses-8fe13d81:composite:1:a4215f62e54efd1d
NB,T_HDV_BIC_FCEV_N,2040,660.4821673906367,$M 2020CAD / k vehicles,REGEN intercity purchase price; Mid; CER Current Measures,T12,5,5,5,5,5,transport-cost-invest-inter-city-buses-8fe13d81:composite:1:a4215f62e54efd1d
NB,T_HDV_BIC_FCEV_N,2045,643.1111264620107,$M 2020CAD / k vehicles,REGEN intercity purchase price; Mid; CER Current Measures,T12,5,5,5,5,5,transport-cost-invest-inter-city-buses-8fe13d81:composite:1:a4215f62e54efd1d
NB,T_HDV_BIC_GSL_N,2025,578.3503599462776,$M 2020CAD / k vehicles,REGEN intercity purchase price; Mid; CER Current Measures,T12,5,5,5,5,5,transport-cost-invest-inter-city-buses-8fe13d81:composite:1:a4215f62e54efd1d
NB,T_HDV_BIC_GSL_N,2030,592.376084435917,$M 2020CAD / k vehicles,REGEN intercity purchase price; Mid; CER Current Measures,T12,5,5,5,5,5,transport-cost-invest-inter-city-buses-8fe13d81:composite:1:a4215f62e54efd1d
NB,T_HDV_BIC_GSL_N,2035,606.4018089255563,$M 2020CAD / k vehicles,REGEN intercity purchase price; Mid; CER Current Measures,T12,5,5,5,5,5,transport-cost-invest-inter-city-buses-8fe13d81:composite:1:a4215f62e54efd1d
NB,T_HDV_BIC_GSL_N,2040,606.4018089255563,$M 2020CAD / k vehicles,REGEN intercity purchase price; Mid; CER Current Measures,T12,5,5,5,5,5,transport-cost-invest-inter-city-buses-8fe13d81:composite:1:a4215f62e54efd1d
NB,T_HDV_BIC_GSL_N,2045,606.4018089255563,$M 2020CAD / k vehicles,REGEN intercity purchase price; Mid; CER Current Measures,T12,5,5,5,5,5,transport-cost-invest-inter-city-buses-8fe13d81:composite:1:a4215f62e54efd1d
NB,T_HDV_BS_BEV_N,2025,84.19758949061635,$M 2020CAD / k vehicles,NLR manufacturing price (RPE / 1.5); Mid; CER Current Measures,T06,5,5,5,5,5,transport-cost-invest-school-buses-db3394b4:composite:1:4cfd8123718eed66
NB,T_HDV_BS_BEV_N,2030,70.11365479609992,$M 2020CAD / k vehicles,NLR manufacturing price (RPE / 1.5); Mid; CER Current Measures,T06,5,5,5,5,5,transport-cost-invest-school-buses-db3394b4:composite:1:4cfd8123718eed66
NB,T_HDV_BS_BEV_N,2035,62.61319010234349,$M 2020CAD / k vehicles,NLR manufacturing price (RPE / 1.5); Mid; CER Current Measures,T06,5,5,5,5,5,transport-cost-invest-school-buses-db3394b4:composite:1:4cfd8123718eed66
NB,T_HDV_BS_BEV_N,2040,59.22776267866287,$M 2020CAD / k vehicles,NLR manufacturing price (RPE / 1.5); Mid; CER Current Measures,T06,5,5,5,5,5,transport-cost-invest-school-buses-db3394b4:composite:1:4cfd8123718eed66
NB,T_HDV_BS_BEV_N,2045,55.842335254982245,$M 2020CAD / k vehicles,NLR manufacturing price (RPE / 1.5); Mid; CER Current Measures,T06,5,5,5,5,5,transport-cost-invest-school-buses-db3394b4:composite:1:4cfd8123718eed66
NB,T_HDV_BS_CNG_N,2025,53.16800325295391,$M 2020CAD / k vehicles,NLR manufacturing price (RPE / 1.5); reviewed cng->diesel purchase proxy; Mid; CER Current Measures,T06,5,5,5,5,5,transport-cost-invest-school-buses-db3394b4:composite:1:4cfd8123718eed66
NB,T_HDV_BS_CNG_N,2030,53.4655312378343,$M 2020CAD / k vehicles,NLR manufacturing price (RPE / 1.5); reviewed cng->diesel purchase proxy; Mid; CER Current Measures,T06,5,5,5,5,5,transport-cost-invest-school-buses-db3394b4:composite:1:4cfd8123718eed66
NB,T_HDV_BS_CNG_N,2035,53.3714260725808,$M 2020CAD / k vehicles,NLR manufacturing price (RPE / 1.5); reviewed cng->diesel purchase proxy; Mid; CER Current Measures,T06,5,5,5,5,5,transport-cost-invest-school-buses-db3394b4:composite:1:4cfd8123718eed66
NB,T_HDV_BS_CNG_N,2040,53.437700637583895,$M 2020CAD / k vehicles,NLR manufacturing price (RPE / 1.5); reviewed cng->diesel purchase proxy; Mid; CER Current Measures,T06,5,5,5,5,5,transport-cost-invest-school-buses-db3394b4:composite:1:4cfd8123718eed66
NB,T_HDV_BS_CNG_N,2045,53.50397520258698,$M 2020CAD / k vehicles,NLR manufacturing price (RPE / 1.5); reviewed cng->diesel purchase proxy; Mid; CER Current Measures,T06,5,5,5,5,5,transport-cost-invest-school-buses-db3394b4:composite:1:4cfd8123718eed66
NB,T_HDV_BS_DSL_HEV_N,2025,58.50015757889593,$M 2020CAD / k vehicles,NLR manufacturing price (RPE / 1.5); Mid; CER Current Measures,T06,5,5,5,5,5,transport-cost-invest-school-buses-db3394b4:composite:1:4cfd8123718eed66
NB,T_HDV_BS_DSL_HEV_N,2030,57.81028888624818,$M 2020CAD / k vehicles,NLR manufacturing price (RPE / 1.5); Mid; CER Current Measures,T06,5,5,5,5,5,transport-cost-invest-school-buses-db3394b4:composite:1:4cfd8123718eed66
NB,T_HDV_BS_DSL_HEV_N,2035,57.49401062408043,$M 2020CAD / k vehicles,NLR manufacturing price (RPE / 1.5); Mid; CER Current Measures,T06,5,5,5,5,5,transport-cost-invest-school-buses-db3394b4:composite:1:4cfd8123718eed66
NB,T_HDV_BS_DSL_HEV_N,2040,57.405801772439325,$M 2020CAD / k vehicles,NLR manufacturing price (RPE / 1.5); Mid; CER Current Measures,T06,5,5,5,5,5,transport-cost-invest-school-buses-db3394b4:composite:1:4cfd8123718eed66
NB,T_HDV_BS_DSL_HEV_N,2045,57.31759292079822,$M 2020CAD / k vehicles,NLR manufacturing price (RPE / 1.5); Mid; CER Current Measures,T06,5,5,5,5,5,transport-cost-invest-school-buses-db3394b4:composite:1:4cfd8123718eed66
NB,T_HDV_BS_DSL_N,2025,53.16800325295391,$M 2020CAD / k vehicles,NLR manufacturing price (RPE / 1.5); Mid; CER Current Measures,T06,5,5,5,5,5,transport-cost-invest-school-buses-db3394b4:composite:1:4cfd8123718eed66
NB,T_HDV_BS_DSL_N,2030,53.4655312378343,$M 2020CAD / k vehicles,NLR manufacturing price (RPE / 1.5); Mid; CER Current Measures,T06,5,5,5,5,5,transport-cost-invest-school-buses-db3394b4:composite:1:4cfd8123718eed66
NB,T_HDV_BS_DSL_N,2035,53.3714260725808,$M 2020CAD / k vehicles,NLR manufacturing price (RPE / 1.5); Mid; CER Current Measures,T06,5,5,5,5,5,transport-cost-invest-school-buses-db3394b4:composite:1:4cfd8123718eed66
NB,T_HDV_BS_DSL_N,2040,53.437700637583895,$M 2020CAD / k vehicles,NLR manufacturing price (RPE / 1.5); Mid; CER Current Measures,T06,5,5,5,5,5,transport-cost-invest-school-buses-db3394b4:composite:1:4cfd8123718eed66
NB,T_HDV_BS_DSL_N,2045,53.50397520258698,$M 2020CAD / k vehicles,NLR manufacturing price (RPE / 1.5); Mid; CER Current Measures,T06,5,5,5,5,5,transport-cost-invest-school-buses-db3394b4:composite:1:4cfd8123718eed66
NB,T_HDV_BS_DSL_PHEV_N,2025,87.13041588141115,$M 2020CAD / k vehicles,NLR manufacturing price (RPE / 1.5); Mid; CER Current Measures,T06,5,5,5,5,5,transport-cost-invest-school-buses-db3394b4:composite:1:4cfd8123718eed66
NB,T_HDV_BS_DSL_PHEV_N,2030,75.5222253464583,$M 2020CAD / k vehicles,NLR manufacturing price (RPE / 1.5); Mid; CER Current Measures,T06,5,5,5,5,5,transport-cost-invest-school-buses-db3394b4:composite:1:4cfd8123718eed66
NB,T_HDV_BS_DSL_PHEV_N,2035,68.7271956132863,$M 2020CAD / k vehicles,NLR manufacturing price (RPE / 1.5); Mid; CER Current Measures,T06,5,5,5,5,5,transport-cost-invest-school-buses-db3394b4:composite:1:4cfd8123718eed66
NB,T_HDV_BS_DSL_PHEV_N,2040,65.82679894735955,$M 2020CAD / k vehicles,NLR manufacturing price (RPE / 1.5); Mid; CER Current Measures,T06,5,5,5,5,5,transport-cost-invest-school-buses-db3394b4:composite:1:4cfd8123718eed66
NB,T_HDV_BS_DSL_PHEV_N,2045,62.926402281432814,$M 2020CAD / k vehicles,NLR manufacturing price (RPE / 1.5); Mid; CER Current Measures,T06,5,5,5,5,5,transport-cost-invest-school-buses-db3394b4:composite:1:4cfd8123718eed66
NB,T_HDV_BS_FCEV_N,2025,84.25313276484489,$M 2020CAD / k vehicles,NLR manufacturing price (RPE / 1.5); Mid; CER Current Measures,T06,5,5,5,5,5,transport-cost-invest-school-buses-db3394b4:composite:1:4cfd8123718eed66
NB,T_HDV_BS_FCEV_N,2030,66.34980196477711,$M 2020CAD / k vehicles,NLR manufacturing price (RPE / 1.5); Mid; CER Current Measures,T06,5,5,5,5,5,transport-cost-invest-school-buses-db3394b4:composite:1:4cfd8123718eed66
NB,T_HDV_BS_FCEV_N,2035,60.95821279762239,$M 2020CAD / k vehicles,NLR manufacturing price (RPE / 1.5); Mid; CER Current Measures,T06,5,5,5,5,5,transport-cost-invest-school-buses-db3394b4:composite:1:4cfd8123718eed66
NB,T_HDV_BS_FCEV_N,2040,59.87116842004512,$M 2020CAD / k vehicles,NLR manufacturing price (RPE / 1.5); Mid; CER Current Measures,T06,5,5,5,5,5,transport-cost-invest-school-buses-db3394b4:composite:1:4cfd8123718eed66
NB,T_HDV_BS_FCEV_N,2045,58.78412404246786,$M 2020CAD / k vehicles,NLR manufacturing price (RPE / 1.5); Mid; CER Current Measures,T06,5,5,5,5,5,transport-cost-invest-school-buses-db3394b4:composite:1:4cfd8123718eed66
NB,T_HDV_BS_FCHEV_N,2025,73.60226770799707,$M 2020CAD / k vehicles,NLR manufacturing price (RPE / 1.5); Mid; CER Current Measures,T06,5,5,5,5,5,transport-cost-invest-school-buses-db3394b4:composite:1:4cfd8123718eed66
NB,T_HDV_BS_FCHEV_N,2030,61.272368386889674,$M 2020CAD / k vehicles,NLR manufacturing price (RPE / 1.5); Mid; CER Current Measures,T06,5,5,5,5,5,transport-cost-invest-school-buses-db3394b4:composite:1:4cfd8123718eed66
NB,T_HDV_BS_FCHEV_N,2035,57.07478272624065,$M 2020CAD / k vehicles,NLR manufacturing price (RPE / 1.5); Mid; CER Current Measures,T06,5,5,5,5,5,transport-cost-invest-school-buses-db3394b4:composite:1:4cfd8123718eed66
NB,T_HDV_BS_FCHEV_N,2040,55.59150607391185,$M 2020CAD / k vehicles,NLR manufacturing price (RPE / 1.5); Mid; CER Current Measures,T06,5,5,5,5,5,transport-cost-invest-school-buses-db3394b4:composite:1:4cfd8123718eed66
NB,T_HDV_BS_FCHEV_N,2045,54.10822942158307,$M 2020CAD / k vehicles,NLR manufacturing price (RPE / 1.5); Mid; CER Current Measures,T06,5,5,5,5,5,transport-cost-invest-school-buses-db3394b4:composite:1:4cfd8123718eed66
NB,T_HDV_BS_GSL_N,2025,53.16800325295391,$M 2020CAD / k vehicles,NLR manufacturing price (RPE / 1.5); reviewed gasoline->diesel purchase proxy; Mid; CER Current Measures,T06,5,5,5,5,5,transport-cost-invest-school-buses-db3394b4:composite:1:4cfd8123718eed66
NB,T_HDV_BS_GSL_N,2030,53.4655312378343,$M 2020CAD / k vehicles,NLR manufacturing price (RPE / 1.5); reviewed gasoline->diesel purchase proxy; Mid; CER Current Measures,T06,5,5,5,5,5,transport-cost-invest-school-buses-db3394b4:composite:1:4cfd8123718eed66
NB,T_HDV_BS_GSL_N,2035,53.3714260725808,$M 2020CAD / k vehicles,NLR manufacturing price (RPE / 1.5); reviewed gasoline->diesel purchase proxy; Mid; CER Current Measures,T06,5,5,5,5,5,transport-cost-invest-school-buses-db3394b4:composite:1:4cfd8123718eed66
NB,T_HDV_BS_GSL_N,2040,53.437700637583895,$M 2020CAD / k vehicles,NLR manufacturing price (RPE / 1.5); reviewed gasoline->diesel purchase proxy; Mid; CER Current Measures,T06,5,5,5,5,5,transport-cost-invest-school-buses-db3394b4:composite:1:4cfd8123718eed66
NB,T_HDV_BS_GSL_N,2045,53.50397520258698,$M 2020CAD / k vehicles,NLR manufacturing price (RPE / 1.5); reviewed gasoline->diesel purchase proxy; Mid; CER Current Measures,T06,5,5,5,5,5,transport-cost-invest-school-buses-db3394b4:composite:1:4cfd8123718eed66
NB,T_HDV_BT_BEV_N,2025,274.5762303654073,$M 2020CAD / k vehicles,NLR manufacturing price (RPE / 1.5); Mid; CER Current Measures,T06,5,5,5,5,5,transport-cost-invest-urban-transit-db3394b4:composite:1:0cb1db7af1a5e7c6
NB,T_HDV_BT_BEV_N,2030,238.945043058376,$M 2020CAD / k vehicles,NLR manufacturing price (RPE / 1.5); Mid; CER Current Measures,T06,5,5,5,5,5,transport-cost-invest-urban-transit-db3394b4:composite:1:0cb1db7af1a5e7c6
NB,T_HDV_BT_BEV_N,2035,223.4573140190256,$M 2020CAD / k vehicles,NLR manufacturing price (RPE / 1.5); Mid; CER Current Measures,T06,5,5,5,5,5,transport-cost-invest-urban-transit-db3394b4:composite:1:0cb1db7af1a5e7c6
NB,T_HDV_BT_BEV_N,2040,213.91920126710497,$M 2020CAD / k vehicles,NLR manufacturing price (RPE / 1.5); Mid; CER Current Measures,T06,5,5,5,5,5,transport-cost-invest-urban-transit-db3394b4:composite:1:0cb1db7af1a5e7c6
NB,T_HDV_BT_BEV_N,2045,204.38108851518436,$M 2020CAD / k vehicles,NLR manufacturing price (RPE / 1.5); Mid; CER Current Measures,T06,5,5,5,5,5,transport-cost-invest-urban-transit-db3394b4:composite:1:0cb1db7af1a5e7c6
NB,T_HDV_BT_CNG_N,2025,168.10437279387037,$M 2020CAD / k vehicles,NLR manufacturing price (RPE / 1.5); reviewed cng->diesel purchase proxy; Mid; CER Current Measures,T06,5,5,5,5,5,transport-cost-invest-urban-transit-db3394b4:composite:1:0cb1db7af1a5e7c6
NB,T_HDV_BT_CNG_N,2030,168.63008811554965,$M 2020CAD / k vehicles,NLR manufacturing price (RPE / 1.5); reviewed cng->diesel purchase proxy; Mid; CER Current Measures,T06,5,5,5,5,5,transport-cost-invest-urban-transit-db3394b4:composite:1:0cb1db7af1a5e7c6
NB,T_HDV_BT_CNG_N,2035,168.74400489454072,$M 2020CAD / k vehicles,NLR manufacturing price (RPE / 1.5); reviewed cng->diesel purchase proxy; Mid; CER Current Measures,T06,5,5,5,5,5,transport-cost-invest-urban-transit-db3394b4:composite:1:0cb1db7af1a5e7c6
NB,T_HDV_BT_CNG_N,2040,168.88528056869325,$M 2020CAD / k vehicles,NLR manufacturing price (RPE / 1.5); reviewed cng->diesel purchase proxy; Mid; CER Current Measures,T06,5,5,5,5,5,transport-cost-invest-urban-transit-db3394b4:composite:1:0cb1db7af1a5e7c6
NB,T_HDV_BT_CNG_N,2045,169.02655624284563,$M 2020CAD / k vehicles,NLR manufacturing price (RPE / 1.5); reviewed cng->diesel purchase proxy; Mid; CER Current Measures,T06,5,5,5,5,5,transport-cost-invest-urban-transit-db3394b4:composite:1:0cb1db7af1a5e7c6
NB,T_HDV_BT_DSL_HEV_N,2025,181.6703753006759,$M 2020CAD / k vehicles,NLR manufacturing price (RPE / 1.5); Mid; CER Current Measures,T06,5,5,5,5,5,transport-cost-invest-urban-transit-db3394b4:composite:1:0cb1db7af1a5e7c6
NB,T_HDV_BT_DSL_HEV_N,2030,179.65737383341144,$M 2020CAD / k vehicles,NLR manufacturing price (RPE / 1.5); Mid; CER Current Measures,T06,5,5,5,5,5,transport-cost-invest-urban-transit-db3394b4:composite:1:0cb1db7af1a5e7c6
NB,T_HDV_BT_DSL_HEV_N,2035,177.85946988672637,$M 2020CAD / k vehicles,NLR manufacturing price (RPE / 1.5); Mid; CER Current Measures,T06,5,5,5,5,5,transport-cost-invest-urban-transit-db3394b4:composite:1:0cb1db7af1a5e7c6
NB,T_HDV_BT_DSL_HEV_N,2040,177.83211099156486,$M 2020CAD / k vehicles,NLR manufacturing price (RPE / 1.5); Mid; CER Current Measures,T06,5,5,5,5,5,transport-cost-invest-urban-transit-db3394b4:composite:1:0cb1db7af1a5e7c6
NB,T_HDV_BT_DSL_HEV_N,2045,177.80475209640355,$M 2020CAD / k vehicles,NLR manufacturing price (RPE / 1.5); Mid; CER Current Measures,T06,5,5,5,5,5,transport-cost-invest-urban-transit-db3394b4:composite:1:0cb1db7af1a5e7c6
NB,T_HDV_BT_DSL_N,2025,168.10437279387037,$M 2020CAD / k vehicles,NLR manufacturing price (RPE / 1.5); Mid; CER Current Measures,T06,5,5,5,5,5,transport-cost-invest-urban-transit-db3394b4:composite:1:0cb1db7af1a5e7c6
NB,T_HDV_BT_DSL_N,2030,168.63008811554965,$M 2020CAD / k vehicles,NLR manufacturing price (RPE / 1.5); Mid; CER Current Measures,T06,5,5,5,5,5,transport-cost-invest-urban-transit-db3394b4:composite:1:0cb1db7af1a5e7c6
NB,T_HDV_BT_DSL_N,2035,168.74400489454072,$M 2020CAD / k vehicles,NLR manufacturing price (RPE / 1.5); Mid; CER Current Measures,T06,5,5,5,5,5,transport-cost-invest-urban-transit-db3394b4:composite:1:0cb1db7af1a5e7c6
NB,T_HDV_BT_DSL_N,2040,168.88528056869325,$M 2020CAD / k vehicles,NLR manufacturing price (RPE / 1.5); Mid; CER Current Measures,T06,5,5,5,5,5,transport-cost-invest-urban-transit-db3394b4:composite:1:0cb1db7af1a5e7c6
NB,T_HDV_BT_DSL_N,2045,169.02655624284563,$M 2020CAD / k vehicles,NLR manufacturing price (RPE / 1.5); Mid; CER Current Measures,T06,5,5,5,5,5,transport-cost-invest-urban-transit-db3394b4:composite:1:0cb1db7af1a5e7c6
NB,T_HDV_BT_DSL_PHEV_N,2025,259.0927466718578,$M 2020CAD / k vehicles,NLR manufacturing price (RPE / 1.5); Mid; CER Current Measures,T06,5,5,5,5,5,transport-cost-invest-urban-transit-db3394b4:composite:1:0cb1db7af1a5e7c6
NB,T_HDV_BT_DSL_PHEV_N,2030,231.4194600686309,$M 2020CAD / k vehicles,NLR manufacturing price (RPE / 1.5); Mid; CER Current Measures,T06,5,5,5,5,5,transport-cost-invest-urban-transit-db3394b4:composite:1:0cb1db7af1a5e7c6
NB,T_HDV_BT_DSL_PHEV_N,2035,215.48950750835243,$M 2020CAD / k vehicles,NLR manufacturing price (RPE / 1.5); Mid; CER Current Measures,T06,5,5,5,5,5,transport-cost-invest-urban-transit-db3394b4:composite:1:0cb1db7af1a5e7c6
NB,T_HDV_BT_DSL_PHEV_N,2040,207.95920746771745,$M 2020CAD / k vehicles,NLR manufacturing price (RPE / 1.5); Mid; CER Current Measures,T06,5,5,5,5,5,transport-cost-invest-urban-transit-db3394b4:composite:1:0cb1db7af1a5e7c6
NB,T_HDV_BT_DSL_PHEV_N,2045,200.42890742708235,$M 2020CAD / k vehicles,NLR manufacturing price (RPE / 1.5); Mid; CER Current Measures,T06,5,5,5,5,5,transport-cost-invest-urban-transit-db3394b4:composite:1:0cb1db7af1a5e7c6
NB,T_HDV_BT_FCEV_N,2025,215.50153598812167,$M 2020CAD / k vehicles,NLR manufacturing price (RPE / 1.5); Mid; CER Current Measures,T06,5,5,5,5,5,transport-cost-invest-urban-transit-db3394b4:composite:1:0cb1db7af1a5e7c6
NB,T_HDV_BT_FCEV_N,2030,191.4891525805455,$M 2020CAD / k vehicles,NLR manufacturing price (RPE / 1.5); Mid; CER Current Measures,T06,5,5,5,5,5,transport-cost-invest-urban-transit-db3394b4:composite:1:0cb1db7af1a5e7c6
NB,T_HDV_BT_FCEV_N,2035,184.77018529297314,$M 2020CAD / k vehicles,NLR manufacturing price (RPE / 1.5); Mid; CER Current Measures,T06,5,5,5,5,5,transport-cost-invest-urban-transit-db3394b4:composite:1:0cb1db7af1a5e7c6
NB,T_HDV_BT_FCEV_N,2040,183.30082394076953,$M 2020CAD / k vehicles,NLR manufacturing price (RPE / 1.5); Mid; CER Current Measures,T06,5,5,5,5,5,transport-cost-invest-urban-transit-db3394b4:composite:1:0cb1db7af1a5e7c6
NB,T_HDV_BT_FCEV_N,2045,181.83146258856593,$M 2020CAD / k vehicles,NLR manufacturing price (RPE / 1.5); Mid; CER Current Measures,T06,5,5,5,5,5,transport-cost-invest-urban-transit-db3394b4:composite:1:0cb1db7af1a5e7c6
NB,T_HDV_BT_FCHEV_N,2025,199.82064371482988,$M 2020CAD / k vehicles,NLR manufacturing price (RPE / 1.5); Mid; CER Current Measures,T06,5,5,5,5,5,transport-cost-invest-urban-transit-db3394b4:composite:1:0cb1db7af1a5e7c6
NB,T_HDV_BT_FCHEV_N,2030,183.79870866219838,$M 2020CAD / k vehicles,NLR manufacturing price (RPE / 1.5); Mid; CER Current Measures,T06,5,5,5,5,5,transport-cost-invest-urban-transit-db3394b4:composite:1:0cb1db7af1a5e7c6
NB,T_HDV_BT_FCHEV_N,2035,177.91395182450466,$M 2020CAD / k vehicles,NLR manufacturing price (RPE / 1.5); Mid; CER Current Measures,T06,5,5,5,5,5,transport-cost-invest-urban-transit-db3394b4:composite:1:0cb1db7af1a5e7c6
NB,T_HDV_BT_FCHEV_N,2040,175.96227201880893,$M 2020CAD / k vehicles,NLR manufacturing price (RPE / 1.5); Mid; CER Current Measures,T06,5,5,5,5,5,transport-cost-invest-urban-transit-db3394b4:composite:1:0cb1db7af1a5e7c6
NB,T_HDV_BT_FCHEV_N,2045,174.01059221311317,$M 2020CAD / k vehicles,NLR manufacturing price (RPE / 1.5); Mid; CER Current Measures,T06,5,5,5,5,5,transport-cost-invest-urban-transit-db3394b4:composite:1:0cb1db7af1a5e7c6
NB,T_HDV_BT_GSL_N,2025,168.10437279387037,$M 2020CAD / k vehicles,NLR manufacturing price (RPE / 1.5); reviewed gasoline->diesel purchase proxy; Mid; CER Current Measures,T06,5,5,5,5,5,transport-cost-invest-urban-transit-db3394b4:composite:1:0cb1db7af1a5e7c6
NB,T_HDV_BT_GSL_N,2030,168.63008811554965,$M 2020CAD / k vehicles,NLR manufacturing price (RPE / 1.5); reviewed gasoline->diesel purchase proxy; Mid; CER Current Measures,T06,5,5,5,5,5,transport-cost-invest-urban-transit-db3394b4:composite:1:0cb1db7af1a5e7c6
NB,T_HDV_BT_GSL_N,2035,168.74400489454072,$M 2020CAD / k vehicles,NLR manufacturing price (RPE / 1.5); reviewed gasoline->diesel purchase proxy; Mid; CER Current Measures,T06,5,5,5,5,5,transport-cost-invest-urban-transit-db3394b4:composite:1:0cb1db7af1a5e7c6
NB,T_HDV_BT_GSL_N,2040,168.88528056869325,$M 2020CAD / k vehicles,NLR manufacturing price (RPE / 1.5); reviewed gasoline->diesel purchase proxy; Mid; CER Current Measures,T06,5,5,5,5,5,transport-cost-invest-urban-transit-db3394b4:composite:1:0cb1db7af1a5e7c6
NB,T_HDV_BT_GSL_N,2045,169.02655624284563,$M 2020CAD / k vehicles,NLR manufacturing price (RPE / 1.5); reviewed gasoline->diesel purchase proxy; Mid; CER Current Measures,T06,5,5,5,5,5,transport-cost-invest-urban-transit-db3394b4:composite:1:0cb1db7af1a5e7c6
NB,T_HDV_RF_DSL_N,2025,39.10602039451965,$M 2020CAD / bn tonne-km,CIMS service CAPEX times REGEN relative multiplier; Mid; CER Current Measures,T15,5,5,5,5,5,transport-cost-invest-freight-rail-7153c4b0:composite:1:67df951b6b1f4bd6
NB,T_HDV_RF_DSL_N,2030,39.10602039451965,$M 2020CAD / bn tonne-km,CIMS service CAPEX times REGEN relative multiplier; Mid; CER Current Measures,T15,5,5,5,5,5,transport-cost-invest-freight-rail-7153c4b0:composite:1:67df951b6b1f4bd6
NB,T_HDV_RF_DSL_N,2035,39.10602039451965,$M 2020CAD / bn tonne-km,CIMS service CAPEX times REGEN relative multiplier; Mid; CER Current Measures,T15,5,5,5,5,5,transport-cost-invest-freight-rail-7153c4b0:composite:1:67df951b6b1f4bd6
NB,T_HDV_RF_DSL_N,2040,39.10602039451965,$M 2020CAD / bn tonne-km,CIMS service CAPEX times REGEN relative multiplier; Mid; CER Current Measures,T15,5,5,5,5,5,transport-cost-invest-freight-rail-7153c4b0:composite:1:67df951b6b1f4bd6
NB,T_HDV_RF_DSL_N,2045,39.10602039451965,$M 2020CAD / bn tonne-km,CIMS service CAPEX times REGEN relative multiplier; Mid; CER Current Measures,T15,5,5,5,5,5,transport-cost-invest-freight-rail-7153c4b0:composite:1:67df951b6b1f4bd6
NB,T_HDV_RF_H2_N,2025,74.69249895353255,$M 2020CAD / bn tonne-km,CIMS service CAPEX times REGEN relative multiplier; Mid; CER Current Measures,T15,5,5,5,5,5,transport-cost-invest-freight-rail-2b87d19f:composite:1:515b0963e9e286db
NB,T_HDV_RF_H2_N,2030,74.69249895353255,$M 2020CAD / bn tonne-km,CIMS service CAPEX times REGEN relative multiplier; Mid; CER Current Measures,T15,5,5,5,5,5,transport-cost-invest-freight-rail-2b87d19f:composite:1:515b0963e9e286db
NB,T_HDV_RF_H2_N,2035,74.69249895353255,$M 2020CAD / bn tonne-km,CIMS service CAPEX times REGEN relative multiplier; Mid; CER Current Measures,T15,5,5,5,5,5,transport-cost-invest-freight-rail-2b87d19f:composite:1:515b0963e9e286db
NB,T_HDV_RF_H2_N,2040,68.4355356904094,$M 2020CAD / bn tonne-km,CIMS service CAPEX times REGEN relative multiplier; Mid; CER Current Measures,T15,5,5,5,5,5,transport-cost-invest-freight-rail-2b87d19f:composite:1:515b0963e9e286db
NB,T_HDV_RF_H2_N,2045,62.178572427286255,$M 2020CAD / bn tonne-km,CIMS service CAPEX times REGEN relative multiplier; Mid; CER Current Measures,T15,5,5,5,5,5,transport-cost-invest-freight-rail-2b87d19f:composite:1:515b0963e9e286db
NB,T_HDV_RF_LNG_N,2025,61.39645201939587,$M 2020CAD / bn tonne-km,CIMS service CAPEX times REGEN relative multiplier; Mid; CER Current Measures,T15,5,5,5,5,5,transport-cost-invest-freight-rail-2b87d19f:composite:1:515b0963e9e286db
NB,T_HDV_RF_LNG_N,2030,61.39645201939587,$M 2020CAD / bn tonne-km,CIMS service CAPEX times REGEN relative multiplier; Mid; CER Current Measures,T15,5,5,5,5,5,transport-cost-invest-freight-rail-2b87d19f:composite:1:515b0963e9e286db
NB,T_HDV_RF_LNG_N,2035,61.39645201939587,$M 2020CAD / bn tonne-km,CIMS service CAPEX times REGEN relative multiplier; Mid; CER Current Measures,T15,5,5,5,5,5,transport-cost-invest-freight-rail-2b87d19f:composite:1:515b0963e9e286db
NB,T_HDV_RF_LNG_N,2040,61.13574521676574,$M 2020CAD / bn tonne-km,CIMS service CAPEX times REGEN relative multiplier; Mid; CER Current Measures,T15,5,5,5,5,5,transport-cost-invest-freight-rail-2b87d19f:composite:1:515b0963e9e286db
NB,T_HDV_RF_LNG_N,2045,60.87503841413561,$M 2020CAD / bn tonne-km,CIMS service CAPEX times REGEN relative multiplier; Mid; CER Current Measures,T15,5,5,5,5,5,transport-cost-invest-freight-rail-2b87d19f:composite:1:515b0963e9e286db
NB,T_HDV_RICP_DSL_N,2025,1885.6878005906885,$M 2020CAD / bn passenger-km,CIMS service CAPEX times REGEN relative multiplier; Mid; CER Current Measures,T15,5,5,5,5,5,transport-cost-invest-passenger-rail-7153c4b0:composite:1:37d8b07bf17dc2b2
NB,T_HDV_RICP_DSL_N,2030,1885.6878005906885,$M 2020CAD / bn passenger-km,CIMS service CAPEX times REGEN relative multiplier; Mid; CER Current Measures,T15,5,5,5,5,5,transport-cost-invest-passenger-rail-7153c4b0:composite:1:37d8b07bf17dc2b2
NB,T_HDV_RICP_DSL_N,2035,1885.6878005906885,$M 2020CAD / bn passenger-km,CIMS service CAPEX times REGEN relative multiplier; Mid; CER Current Measures,T15,5,5,5,5,5,transport-cost-invest-passenger-rail-7153c4b0:composite:1:37d8b07bf17dc2b2
NB,T_HDV_RICP_DSL_N,2040,1885.6878005906885,$M 2020CAD / bn passenger-km,CIMS service CAPEX times REGEN relative multiplier; Mid; CER Current Measures,T15,5,5,5,5,5,transport-cost-invest-passenger-rail-7153c4b0:composite:1:37d8b07bf17dc2b2
NB,T_HDV_RICP_DSL_N,2045,1885.6878005906885,$M 2020CAD / bn passenger-km,CIMS service CAPEX times REGEN relative multiplier; Mid; CER Current Measures,T15,5,5,5,5,5,transport-cost-invest-passenger-rail-7153c4b0:composite:1:37d8b07bf17dc2b2
NB,T_HDV_RICP_H2_N,2025,2168.5409706792916,$M 2020CAD / bn passenger-km,CIMS service CAPEX times REGEN relative multiplier; Mid; CER Current Measures,T15,5,5,5,5,5,transport-cost-invest-passenger-rail-2b87d19f:composite:1:5b60ef866184bd6b
NB,T_HDV_RICP_H2_N,2030,2168.5409706792916,$M 2020CAD / bn passenger-km,CIMS service CAPEX times REGEN relative multiplier; Mid; CER Current Measures,T15,5,5,5,5,5,transport-cost-invest-passenger-rail-2b87d19f:composite:1:5b60ef866184bd6b
NB,T_HDV_RICP_H2_N,2035,2168.5409706792916,$M 2020CAD / bn passenger-km,CIMS service CAPEX times REGEN relative multiplier; Mid; CER Current Measures,T15,5,5,5,5,5,transport-cost-invest-passenger-rail-2b87d19f:composite:1:5b60ef866184bd6b
NB,T_HDV_RICP_H2_N,2040,2080.5422066517262,$M 2020CAD / bn passenger-km,CIMS service CAPEX times REGEN relative multiplier; Mid; CER Current Measures,T15,5,5,5,5,5,transport-cost-invest-passenger-rail-2b87d19f:composite:1:5b60ef866184bd6b
NB,T_HDV_RICP_H2_N,2045,1992.5434426241607,$M 2020CAD / bn passenger-km,CIMS service CAPEX times REGEN relative multiplier; Mid; CER Current Measures,T15,5,5,5,5,5,transport-cost-invest-passenger-rail-2b87d19f:composite:1:5b60ef866184bd6b
NB,T_HDV_T_BEV_N,2025,345.2630718740206,$M 2020CAD / k vehicles,NLR manufacturing price (RPE / 1.5); Mid; CER Current Measures,T06,5,5,5,5,5,transport-cost-invest-heavy-trucks-e1dceb92:composite:1:9b25f19b8719c99d
NB,T_HDV_T_BEV_N,2030,255.56739118087415,$M 2020CAD / k vehicles,NLR manufacturing price (RPE / 1.5); Mid; CER Current Measures,T06,5,5,5,5,5,transport-cost-invest-heavy-trucks-e1dceb92:composite:1:9b25f19b8719c99d
NB,T_HDV_T_BEV_N,2035,209.48945813687567,$M 2020CAD / k vehicles,NLR manufacturing price (RPE / 1.5); Mid; CER Current Measures,T06,5,5,5,5,5,transport-cost-invest-heavy-trucks-e1dceb92:composite:1:9b25f19b8719c99d
NB,T_HDV_T_BEV_N,2040,188.8415802292224,$M 2020CAD / k vehicles,NLR manufacturing price (RPE / 1.5); Mid; CER Current Measures,T06,5,5,5,5,5,transport-cost-invest-heavy-trucks-e1dceb92:composite:1:9b25f19b8719c99d
NB,T_HDV_T_BEV_N,2045,168.1937023215692,$M 2020CAD / k vehicles,NLR manufacturing price (RPE / 1.5); Mid; CER Current Measures,T06,5,5,5,5,5,transport-cost-invest-heavy-trucks-e1dceb92:composite:1:9b25f19b8719c99d
NB,T_HDV_T_DSL_HEV_N,2025,121.71736128582604,$M 2020CAD / k vehicles,NLR manufacturing price (RPE / 1.5); Mid; CER Current Measures,T06,5,5,5,5,5,transport-cost-invest-heavy-trucks-e1dceb92:composite:1:9b25f19b8719c99d
NB,T_HDV_T_DSL_HEV_N,2030,121.12966386235365,$M 2020CAD / k vehicles,NLR manufacturing price (RPE / 1.5); Mid; CER Current Measures,T06,5,5,5,5,5,transport-cost-invest-heavy-trucks-e1dceb92:composite:1:9b25f19b8719c99d
NB,T_HDV_T_DSL_HEV_N,2035,120.50231459405052,$M 2020CAD / k vehicles,NLR manufacturing price (RPE / 1.5); Mid; CER Current Measures,T06,5,5,5,5,5,transport-cost-invest-heavy-trucks-e1dceb92:composite:1:9b25f19b8719c99d
NB,T_HDV_T_DSL_HEV_N,2040,120.93378040895838,$M 2020CAD / k vehicles,NLR manufacturing price (RPE / 1.5); Mid; CER Current Measures,T06,5,5,5,5,5,transport-cost-invest-heavy-trucks-e1dceb92:composite:1:9b25f19b8719c99d
NB,T_HDV_T_DSL_HEV_N,2045,121.3652462238662,$M 2020CAD / k vehicles,NLR manufacturing price (RPE / 1.5); Mid; CER Current Measures,T06,5,5,5,5,5,transport-cost-invest-heavy-trucks-e1dceb92:composite:1:9b25f19b8719c99d
NB,T_HDV_T_DSL_N,2025,111.22593051974377,$M 2020CAD / k vehicles,NLR manufacturing price (RPE / 1.5); Mid; CER Current Measures,T06,5,5,5,5,5,transport-cost-invest-heavy-trucks-e1dceb92:composite:1:9b25f19b8719c99d
NB,T_HDV_T_DSL_N,2030,111.85910296122753,$M 2020CAD / k vehicles,NLR manufacturing price (RPE / 1.5); Mid; CER Current Measures,T06,5,5,5,5,5,transport-cost-invest-heavy-trucks-e1dceb92:composite:1:9b25f19b8719c99d
NB,T_HDV_T_DSL_N,2035,112.19084638706421,$M 2020CAD / k vehicles,NLR manufacturing price (RPE / 1.5); Mid; CER Current Measures,T06,5,5,5,5,5,transport-cost-invest-heavy-trucks-e1dceb92:composite:1:9b25f19b8719c99d
NB,T_HDV_T_DSL_N,2040,112.78377252300378,$M 2020CAD / k vehicles,NLR manufacturing price (RPE / 1.5); Mid; CER Current Measures,T06,5,5,5,5,5,transport-cost-invest-heavy-trucks-e1dceb92:composite:1:9b25f19b8719c99d
NB,T_HDV_T_DSL_N,2045,113.37669865894334,$M 2020CAD / k vehicles,NLR manufacturing price (RPE / 1.5); Mid; CER Current Measures,T06,5,5,5,5,5,transport-cost-invest-heavy-trucks-e1dceb92:composite:1:9b25f19b8719c99d
NB,T_HDV_T_DSL_PHEV_N,2025,323.65291030472673,$M 2020CAD / k vehicles,NLR manufacturing price (RPE / 1.5); Mid; CER Current Measures,T06,5,5,5,5,5,transport-cost-invest-heavy-trucks-e1dceb92:composite:1:9b25f19b8719c99d
NB,T_HDV_T_DSL_PHEV_N,2030,248.16132439383233,$M 2020CAD / k vehicles,NLR manufacturing price (RPE / 1.5); Mid; CER Current Measures,T06,5,5,5,5,5,transport-cost-invest-heavy-trucks-e1dceb92:composite:1:9b25f19b8719c99d
NB,T_HDV_T_DSL_PHEV_N,2035,205.65318046545005,$M 2020CAD / k vehicles,NLR manufacturing price (RPE / 1.5); Mid; CER Current Measures,T06,5,5,5,5,5,transport-cost-invest-heavy-trucks-e1dceb92:composite:1:9b25f19b8719c99d
NB,T_HDV_T_DSL_PHEV_N,2040,187.8536941421376,$M 2020CAD / k vehicles,NLR manufacturing price (RPE / 1.5); Mid; CER Current Measures,T06,5,5,5,5,5,transport-cost-invest-heavy-trucks-e1dceb92:composite:1:9b25f19b8719c99d
NB,T_HDV_T_DSL_PHEV_N,2045,170.0542078188252,$M 2020CAD / k vehicles,NLR manufacturing price (RPE / 1.5); Mid; CER Current Measures,T06,5,5,5,5,5,transport-cost-invest-heavy-trucks-e1dceb92:composite:1:9b25f19b8719c99d
NB,T_HDV_T_FCEV_N,2025,204.26459558657808,$M 2020CAD / k vehicles,NLR manufacturing price (RPE / 1.5); Mid; CER Current Measures,T06,5,5,5,5,5,transport-cost-invest-heavy-trucks-e1dceb92:composite:1:9b25f19b8719c99d
NB,T_HDV_T_FCEV_N,2030,146.3480394081626,$M 2020CAD / k vehicles,NLR manufacturing price (RPE / 1.5); Mid; CER Current Measures,T06,5,5,5,5,5,transport-cost-invest-heavy-trucks-e1dceb92:composite:1:9b25f19b8719c99d
NB,T_HDV_T_FCEV_N,2035,132.16311626479484,$M 2020CAD / k vehicles,NLR manufacturing price (RPE / 1.5); Mid; CER Current Measures,T06,5,5,5,5,5,transport-cost-invest-heavy-trucks-e1dceb92:composite:1:9b25f19b8719c99d
NB,T_HDV_T_FCEV_N,2040,129.16136327207553,$M 2020CAD / k vehicles,NLR manufacturing price (RPE / 1.5); Mid; CER Current Measures,T06,5,5,5,5,5,transport-cost-invest-heavy-trucks-e1dceb92:composite:1:9b25f19b8719c99d
NB,T_HDV_T_FCEV_N,2045,126.1596102793562,$M 2020CAD / k vehicles,NLR manufacturing price (RPE / 1.5); Mid; CER Current Measures,T06,5,5,5,5,5,transport-cost-invest-heavy-trucks-e1dceb92:composite:1:9b25f19b8719c99d
NB,T_HDV_T_FCHEV_N,2025,170.33276861713642,$M 2020CAD / k vehicles,NLR manufacturing price (RPE / 1.5); Mid; CER Current Measures,T06,5,5,5,5,5,transport-cost-invest-heavy-trucks-e1dceb92:composite:1:9b25f19b8719c99d
NB,T_HDV_T_FCHEV_N,2030,131.72056235186923,$M 2020CAD / k vehicles,NLR manufacturing price (RPE / 1.5); Mid; CER Current Measures,T06,5,5,5,5,5,transport-cost-invest-heavy-trucks-e1dceb92:composite:1:9b25f19b8719c99d
NB,T_HDV_T_FCHEV_N,2035,119.18317797679843,$M 2020CAD / k vehicles,NLR manufacturing price (RPE / 1.5); Mid; CER Current Measures,T06,5,5,5,5,5,transport-cost-invest-heavy-trucks-e1dceb92:composite:1:9b25f19b8719c99d
NB,T_HDV_T_FCHEV_N,2040,115.06466361011618,$M 2020CAD / k vehicles,NLR manufacturing price (RPE / 1.5); Mid; CER Current Measures,T06,5,5,5,5,5,transport-cost-invest-heavy-trucks-e1dceb92:composite:1:9b25f19b8719c99d
NB,T_HDV_T_FCHEV_N,2045,110.94614924343398,$M 2020CAD / k vehicles,NLR manufacturing price (RPE / 1.5); Mid; CER Current Measures,T06,5,5,5,5,5,transport-cost-invest-heavy-trucks-e1dceb92:composite:1:9b25f19b8719c99d
NB,T_HDV_WTF_HFO_N,2025,159.71497923605244,$M 2020CAD / bn tonne-km,CIMS service CAPEX times REGEN relative multiplier; Mid; CER Current Measures,T15,5,5,5,5,5,transport-cost-invest-freight-marine-7153c4b0:composite:1:6ed78a0e5715890a
NB,T_HDV_WTF_HFO_N,2030,159.71497923605244,$M 2020CAD / bn tonne-km,CIMS service CAPEX times REGEN relative multiplier; Mid; CER Current Measures,T15,5,5,5,5,5,transport-cost-invest-freight-marine-7153c4b0:composite:1:6ed78a0e5715890a
NB,T_HDV_WTF_HFO_N,2035,159.71497923605244,$M 2020CAD / bn tonne-km,CIMS service CAPEX times REGEN relative multiplier; Mid; CER Current Measures,T15,5,5,5,5,5,transport-cost-invest-freight-marine-7153c4b0:composite:1:6ed78a0e5715890a
NB,T_HDV_WTF_HFO_N,2040,159.71497923605244,$M 2020CAD / bn tonne-km,CIMS service CAPEX times REGEN relative multiplier; Mid; CER Current Measures,T15,5,5,5,5,5,transport-cost-invest-freight-marine-7153c4b0:composite:1:6ed78a0e5715890a
NB,T_HDV_WTF_HFO_N,2045,159.71497923605244,$M 2020CAD / bn tonne-km,CIMS service CAPEX times REGEN relative multiplier; Mid; CER Current Measures,T15,5,5,5,5,5,transport-cost-invest-freight-marine-7153c4b0:composite:1:6ed78a0e5715890a
NB,T_HDV_WTF_LNG_N,2025,167.70072819785508,$M 2020CAD / bn tonne-km,CIMS service CAPEX times REGEN relative multiplier; Mid; CER Current Measures,T15,5,5,5,5,5,transport-cost-invest-freight-marine-2b87d19f:composite:1:ad7b13db5806a90b
NB,T_HDV_WTF_LNG_N,2030,167.70072819785508,$M 2020CAD / bn tonne-km,CIMS service CAPEX times REGEN relative multiplier; Mid; CER Current Measures,T15,5,5,5,5,5,transport-cost-invest-freight-marine-2b87d19f:composite:1:ad7b13db5806a90b
NB,T_HDV_WTF_LNG_N,2035,167.70072819785508,$M 2020CAD / bn tonne-km,CIMS service CAPEX times REGEN relative multiplier; Mid; CER Current Measures,T15,5,5,5,5,5,transport-cost-invest-freight-marine-2b87d19f:composite:1:ad7b13db5806a90b
NB,T_HDV_WTF_LNG_N,2040,167.70072819785508,$M 2020CAD / bn tonne-km,CIMS service CAPEX times REGEN relative multiplier; Mid; CER Current Measures,T15,5,5,5,5,5,transport-cost-invest-freight-marine-2b87d19f:composite:1:ad7b13db5806a90b
NB,T_HDV_WTF_LNG_N,2045,167.70072819785508,$M 2020CAD / bn tonne-km,CIMS service CAPEX times REGEN relative multiplier; Mid; CER Current Measures,T15,5,5,5,5,5,transport-cost-invest-freight-marine-2b87d19f:composite:1:ad7b13db5806a90b
NB,T_HDV_WTF_MDO_N,2025,159.71497923605244,$M 2020CAD / bn tonne-km,CIMS service CAPEX times REGEN relative multiplier; Mid; CER Current Measures,T15,5,5,5,5,5,transport-cost-invest-freight-marine-7153c4b0:composite:1:6ed78a0e5715890a
NB,T_HDV_WTF_MDO_N,2030,159.71497923605244,$M 2020CAD / bn tonne-km,CIMS service CAPEX times REGEN relative multiplier; Mid; CER Current Measures,T15,5,5,5,5,5,transport-cost-invest-freight-marine-7153c4b0:composite:1:6ed78a0e5715890a
NB,T_HDV_WTF_MDO_N,2035,159.71497923605244,$M 2020CAD / bn tonne-km,CIMS service CAPEX times REGEN relative multiplier; Mid; CER Current Measures,T15,5,5,5,5,5,transport-cost-invest-freight-marine-7153c4b0:composite:1:6ed78a0e5715890a
NB,T_HDV_WTF_MDO_N,2040,159.71497923605244,$M 2020CAD / bn tonne-km,CIMS service CAPEX times REGEN relative multiplier; Mid; CER Current Measures,T15,5,5,5,5,5,transport-cost-invest-freight-marine-7153c4b0:composite:1:6ed78a0e5715890a
NB,T_HDV_WTF_MDO_N,2045,159.71497923605244,$M 2020CAD / bn tonne-km,CIMS service CAPEX times REGEN relative multiplier; Mid; CER Current Measures,T15,5,5,5,5,5,transport-cost-invest-freight-marine-7153c4b0:composite:1:6ed78a0e5715890a
NB,T_LDV_C_BEV150_N,2025,16.801003190903973,$M 2020CAD / k vehicles,NLR manufacturing price (RPE / 1.5); Mid; CER Current Measures,T06,5,5,5,5,5,transport-cost-invest-cars-17ac5a44:composite:1:6c9511ec7d0fa9a6
NB,T_LDV_C_BEV150_N,2030,15.869353538567474,$M 2020CAD / k vehicles,NLR manufacturing price (RPE / 1.5); Mid; CER Current Measures,T06,5,5,5,5,5,transport-cost-invest-cars-17ac5a44:composite:1:6c9511ec7d0fa9a6
NB,T_LDV_C_BEV150_N,2035,14.83975417546046,$M 2020CAD / k vehicles,NLR manufacturing price (RPE / 1.5); Mid; CER Current Measures,T06,5,5,5,5,5,transport-cost-invest-cars-17ac5a44:composite:1:6c9511ec7d0fa9a6
NB,T_LDV_C_BEV150_N,2040,14.463386506311748,$M 2020CAD / k vehicles,NLR manufacturing price (RPE / 1.5); Mid; CER Current Measures,T06,5,5,5,5,5,transport-cost-invest-cars-17ac5a44:composite:1:6c9511ec7d0fa9a6
NB,T_LDV_C_BEV150_N,2045,14.087018837163033,$M 2020CAD / k vehicles,NLR manufacturing price (RPE / 1.5); Mid; CER Current Measures,T06,5,5,5,5,5,transport-cost-invest-cars-17ac5a44:composite:1:6c9511ec7d0fa9a6
NB,T_LDV_C_BEV200_N,2025,18.450588718181724,$M 2020CAD / k vehicles,NLR manufacturing price (RPE / 1.5); Mid; CER Current Measures,T06,5,5,5,5,5,transport-cost-invest-cars-17ac5a44:composite:1:6c9511ec7d0fa9a6
NB,T_LDV_C_BEV200_N,2030,17.075432556783035,$M 2020CAD / k vehicles,NLR manufacturing price (RPE / 1.5); Mid; CER Current Measures,T06,5,5,5,5,5,transport-cost-invest-cars-17ac5a44:composite:1:6c9511ec7d0fa9a6
NB,T_LDV_C_BEV200_N,2035,16.064052800119892,$M 2020CAD / k vehicles,NLR manufacturing price (RPE / 1.5); Mid; CER Current Measures,T06,5,5,5,5,5,transport-cost-invest-cars-17ac5a44:composite:1:6c9511ec7d0fa9a6
NB,T_LDV_C_BEV200_N,2040,15.570840343740123,$M 2020CAD / k vehicles,NLR manufacturing price (RPE / 1.5); Mid; CER Current Measures,T06,5,5,5,5,5,transport-cost-invest-cars-17ac5a44:composite:1:6c9511ec7d0fa9a6
NB,T_LDV_C_BEV200_N,2045,15.077627887360357,$M 2020CAD / k vehicles,NLR manufacturing price (RPE / 1.5); Mid; CER Current Measures,T06,5,5,5,5,5,transport-cost-invest-cars-17ac5a44:composite:1:6c9511ec7d0fa9a6
NB,T_LDV_C_BEV300_N,2025,21.64471662156811,$M 2020CAD / k vehicles,NLR manufacturing price (RPE / 1.5); Mid; CER Current Measures,T06,5,5,5,5,5,transport-cost-invest-cars-17ac5a44:composite:1:6c9511ec7d0fa9a6
NB,T_LDV_C_BEV300_N,2030,20.127401795353926,$M 2020CAD / k vehicles,NLR manufacturing price (RPE / 1.5); Mid; CER Current Measures,T06,5,5,5,5,5,transport-cost-invest-cars-17ac5a44:composite:1:6c9511ec7d0fa9a6
NB,T_LDV_C_BEV300_N,2035,18.51224924915488,$M 2020CAD / k vehicles,NLR manufacturing price (RPE / 1.5); Mid; CER Current Measures,T06,5,5,5,5,5,transport-cost-invest-cars-17ac5a44:composite:1:6c9511ec7d0fa9a6
NB,T_LDV_C_BEV300_N,2040,17.8051222661988,$M 2020CAD / k vehicles,NLR manufacturing price (RPE / 1.5); Mid; CER Current Measures,T06,5,5,5,5,5,transport-cost-invest-cars-17ac5a44:composite:1:6c9511ec7d0fa9a6
NB,T_LDV_C_BEV300_N,2045,17.097995283242717,$M 2020CAD / k vehicles,NLR manufacturing price (RPE / 1.5); Mid; CER Current Measures,T06,5,5,5,5,5,transport-cost-invest-cars-17ac5a44:composite:1:6c9511ec7d0fa9a6
NB,T_LDV_C_BEV400_N,2025,26.871404576953083,$M 2020CAD / k vehicles,NLR manufacturing price (RPE / 1.5); Mid; CER Current Measures,T06,5,5,5,5,5,transport-cost-invest-cars-17ac5a44:composite:1:6c9511ec7d0fa9a6
NB,T_LDV_C_BEV400_N,2030,23.992811545238926,$M 2020CAD / k vehicles,NLR manufacturing price (RPE / 1.5); Mid; CER Current Measures,T06,5,5,5,5,5,transport-cost-invest-cars-17ac5a44:composite:1:6c9511ec7d0fa9a6
NB,T_LDV_C_BEV400_N,2035,21.55181606660899,$M 2020CAD / k vehicles,NLR manufacturing price (RPE / 1.5); Mid; CER Current Measures,T06,5,5,5,5,5,transport-cost-invest-cars-17ac5a44:composite:1:6c9511ec7d0fa9a6
NB,T_LDV_C_BEV400_N,2040,20.669024477781626,$M 2020CAD / k vehicles,NLR manufacturing price (RPE / 1.5); Mid; CER Current Measures,T06,5,5,5,5,5,transport-cost-invest-cars-17ac5a44:composite:1:6c9511ec7d0fa9a6
NB,T_LDV_C_BEV400_N,2045,19.786232888954267,$M 2020CAD / k vehicles,NLR manufacturing price (RPE / 1.5); Mid; CER Current Measures,T06,5,5,5,5,5,transport-cost-invest-cars-17ac5a44:composite:1:6c9511ec7d0fa9a6
NB,T_LDV_C_CNG_N,2025,23.453108528211796,$M 2020CAD / k vehicles,NLR manufacturing price (RPE / 1.5); Mid; CER Current Measures,T06,5,5,5,5,5,transport-cost-invest-cars-17ac5a44:composite:1:6c9511ec7d0fa9a6
NB,T_LDV_C_CNG_N,2030,23.465204181505534,$M 2020CAD / k vehicles,NLR manufacturing price (RPE / 1.5); Mid; CER Current Measures,T06,5,5,5,5,5,transport-cost-invest-cars-17ac5a44:composite:1:6c9511ec7d0fa9a6
NB,T_LDV_C_CNG_N,2035,23.51720295021423,$M 2020CAD / k vehicles,NLR manufacturing price (RPE / 1.5); Mid; CER Current Measures,T06,5,5,5,5,5,transport-cost-invest-cars-17ac5a44:composite:1:6c9511ec7d0fa9a6
NB,T_LDV_C_CNG_N,2040,23.486199536200548,$M 2020CAD / k vehicles,NLR manufacturing price (RPE / 1.5); Mid; CER Current Measures,T06,5,5,5,5,5,transport-cost-invest-cars-17ac5a44:composite:1:6c9511ec7d0fa9a6
NB,T_LDV_C_CNG_N,2045,23.455196122186884,$M 2020CAD / k vehicles,NLR manufacturing price (RPE / 1.5); Mid; CER Current Measures,T06,5,5,5,5,5,transport-cost-invest-cars-17ac5a44:composite:1:6c9511ec7d0fa9a6
NB,T_LDV_C_DSL_N,2025,21.616273204696757,$M 2020CAD / k vehicles,NLR manufacturing price (RPE / 1.5); Mid; CER Current Measures,T06,5,5,5,5,5,transport-cost-invest-cars-17ac5a44:composite:1:6c9511ec7d0fa9a6
NB,T_LDV_C_DSL_N,2030,21.664120670538832,$M 2020CAD / k vehicles,NLR manufacturing price (RPE / 1.5); Mid; CER Current Measures,T06,5,5,5,5,5,transport-cost-invest-cars-17ac5a44:composite:1:6c9511ec7d0fa9a6
NB,T_LDV_C_DSL_N,2035,21.697015383143423,$M 2020CAD / k vehicles,NLR manufacturing price (RPE / 1.5); Mid; CER Current Measures,T06,5,5,5,5,5,transport-cost-invest-cars-17ac5a44:composite:1:6c9511ec7d0fa9a6
NB,T_LDV_C_DSL_N,2040,21.66589628197499,$M 2020CAD / k vehicles,NLR manufacturing price (RPE / 1.5); Mid; CER Current Measures,T06,5,5,5,5,5,transport-cost-invest-cars-17ac5a44:composite:1:6c9511ec7d0fa9a6
NB,T_LDV_C_DSL_N,2045,21.634777180806548,$M 2020CAD / k vehicles,NLR manufacturing price (RPE / 1.5); Mid; CER Current Measures,T06,5,5,5,5,5,transport-cost-invest-cars-17ac5a44:composite:1:6c9511ec7d0fa9a6
NB,T_LDV_C_FCEV400_N,2025,24.286118891416027,$M 2020CAD / k vehicles,NLR manufacturing price (RPE / 1.5); Mid; CER Current Measures,T06,5,5,5,5,5,transport-cost-invest-cars-17ac5a44:composite:1:6c9511ec7d0fa9a6
NB,T_LDV_C_FCEV400_N,2030,22.43387181478082,$M 2020CAD / k vehicles,NLR manufacturing price (RPE / 1.5); Mid; CER Current Measures,T06,5,5,5,5,5,transport-cost-invest-cars-17ac5a44:composite:1:6c9511ec7d0fa9a6
NB,T_LDV_C_FCEV400_N,2035,20.99196339019948,$M 2020CAD / k vehicles,NLR manufacturing price (RPE / 1.5); Mid; CER Current Measures,T06,5,5,5,5,5,transport-cost-invest-cars-17ac5a44:composite:1:6c9511ec7d0fa9a6
NB,T_LDV_C_FCEV400_N,2040,20.525515721130493,$M 2020CAD / k vehicles,NLR manufacturing price (RPE / 1.5); Mid; CER Current Measures,T06,5,5,5,5,5,transport-cost-invest-cars-17ac5a44:composite:1:6c9511ec7d0fa9a6
NB,T_LDV_C_FCEV400_N,2045,20.059068052061516,$M 2020CAD / k vehicles,NLR manufacturing price (RPE / 1.5); Mid; CER Current Measures,T06,5,5,5,5,5,transport-cost-invest-cars-17ac5a44:composite:1:6c9511ec7d0fa9a6
NB,T_LDV_C_GSL_HEV_N,2025,20.068117018651932,$M 2020CAD / k vehicles,NLR manufacturing price (RPE / 1.5); Mid; CER Current Measures,T06,5,5,5,5,5,transport-cost-invest-cars-17ac5a44:composite:1:6c9511ec7d0fa9a6
NB,T_LDV_C_GSL_HEV_N,2030,19.480143337341726,$M 2020CAD / k vehicles,NLR manufacturing price (RPE / 1.5); Mid; CER Current Measures,T06,5,5,5,5,5,transport-cost-invest-cars-17ac5a44:composite:1:6c9511ec7d0fa9a6
NB,T_LDV_C_GSL_HEV_N,2035,19.11592132553458,$M 2020CAD / k vehicles,NLR manufacturing price (RPE / 1.5); Mid; CER Current Measures,T06,5,5,5,5,5,transport-cost-invest-cars-17ac5a44:composite:1:6c9511ec7d0fa9a6
NB,T_LDV_C_GSL_HEV_N,2040,18.86171930229058,$M 2020CAD / k vehicles,NLR manufacturing price (RPE / 1.5); Mid; CER Current Measures,T06,5,5,5,5,5,transport-cost-invest-cars-17ac5a44:composite:1:6c9511ec7d0fa9a6
NB,T_LDV_C_GSL_HEV_N,2045,18.607517279046583,$M 2020CAD / k vehicles,NLR manufacturing price (RPE / 1.5); Mid; CER Current Measures,T06,5,5,5,5,5,transport-cost-invest-cars-17ac5a44:composite:1:6c9511ec7d0fa9a6
NB,T_LDV_C_GSL_N,2025,18.099727473265236,$M 2020CAD / k vehicles,NLR manufacturing price (RPE / 1.5); Mid; CER Current Measures,T06,5,5,5,5,5,transport-cost-invest-cars-17ac5a44:composite:1:6c9511ec7d0fa9a6
NB,T_LDV_C_GSL_N,2030,18.568779974193454,$M 2020CAD / k vehicles,NLR manufacturing price (RPE / 1.5); Mid; CER Current Measures,T06,5,5,5,5,5,transport-cost-invest-cars-17ac5a44:composite:1:6c9511ec7d0fa9a6
NB,T_LDV_C_GSL_N,2035,19.547500130824435,$M 2020CAD / k vehicles,NLR manufacturing price (RPE / 1.5); Mid; CER Current Measures,T06,5,5,5,5,5,transport-cost-invest-cars-17ac5a44:composite:1:6c9511ec7d0fa9a6
NB,T_LDV_C_GSL_N,2040,19.51661240396554,$M 2020CAD / k vehicles,NLR manufacturing price (RPE / 1.5); Mid; CER Current Measures,T06,5,5,5,5,5,transport-cost-invest-cars-17ac5a44:composite:1:6c9511ec7d0fa9a6
NB,T_LDV_C_GSL_N,2045,19.485724677106628,$M 2020CAD / k vehicles,NLR manufacturing price (RPE / 1.5); Mid; CER Current Measures,T06,5,5,5,5,5,transport-cost-invest-cars-17ac5a44:composite:1:6c9511ec7d0fa9a6
NB,T_LDV_C_GSL_PHEV35_N,2025,21.329665367851863,$M 2020CAD / k vehicles,NLR manufacturing price (RPE / 1.5); Mid; CER Current Measures,T06,5,5,5,5,5,transport-cost-invest-cars-17ac5a44:composite:1:6c9511ec7d0fa9a6
NB,T_LDV_C_GSL_PHEV35_N,2030,20.243582306410154,$M 2020CAD / k vehicles,NLR manufacturing price (RPE / 1.5); Mid; CER Current Measures,T06,5,5,5,5,5,transport-cost-invest-cars-17ac5a44:composite:1:6c9511ec7d0fa9a6
NB,T_LDV_C_GSL_PHEV35_N,2035,19.51060185521329,$M 2020CAD / k vehicles,NLR manufacturing price (RPE / 1.5); Mid; CER Current Measures,T06,5,5,5,5,5,transport-cost-invest-cars-17ac5a44:composite:1:6c9511ec7d0fa9a6
NB,T_LDV_C_GSL_PHEV35_N,2040,19.119066477548746,$M 2020CAD / k vehicles,NLR manufacturing price (RPE / 1.5); Mid; CER Current Measures,T06,5,5,5,5,5,transport-cost-invest-cars-17ac5a44:composite:1:6c9511ec7d0fa9a6
NB,T_LDV_C_GSL_PHEV35_N,2045,18.727531099884192,$M 2020CAD / k vehicles,NLR manufacturing price (RPE / 1.5); Mid; CER Current Measures,T06,5,5,5,5,5,transport-cost-invest-cars-17ac5a44:composite:1:6c9511ec7d0fa9a6
NB,T_LDV_C_GSL_PHEV50_N,2025,22.408614632413034,$M 2020CAD / k vehicles,NLR manufacturing price (RPE / 1.5); Mid; CER Current Measures,T06,5,5,5,5,5,transport-cost-invest-cars-17ac5a44:composite:1:6c9511ec7d0fa9a6
NB,T_LDV_C_GSL_PHEV50_N,2030,21.11719207550682,$M 2020CAD / k vehicles,NLR manufacturing price (RPE / 1.5); Mid; CER Current Measures,T06,5,5,5,5,5,transport-cost-invest-cars-17ac5a44:composite:1:6c9511ec7d0fa9a6
NB,T_LDV_C_GSL_PHEV50_N,2035,20.22391623356339,$M 2020CAD / k vehicles,NLR manufacturing price (RPE / 1.5); Mid; CER Current Measures,T06,5,5,5,5,5,transport-cost-invest-cars-17ac5a44:composite:1:6c9511ec7d0fa9a6
NB,T_LDV_C_GSL_PHEV50_N,2040,19.775126157686778,$M 2020CAD / k vehicles,NLR manufacturing price (RPE / 1.5); Mid; CER Current Measures,T06,5,5,5,5,5,transport-cost-invest-cars-17ac5a44:composite:1:6c9511ec7d0fa9a6
NB,T_LDV_C_GSL_PHEV50_N,2045,19.326336081810155,$M 2020CAD / k vehicles,NLR manufacturing price (RPE / 1.5); Mid; CER Current Measures,T06,5,5,5,5,5,transport-cost-invest-cars-17ac5a44:composite:1:6c9511ec7d0fa9a6
NB,T_LDV_LTF_BEV150_N,2025,23.198054549055403,$M 2020CAD / k vehicles,NLR manufacturing price (RPE / 1.5); Mid; CER Current Measures,T06,5,5,5,5,5,transport-cost-invest-freight-light-trucks-17ac5a44:composite:1:f148ff7e78890547
NB,T_LDV_LTF_BEV150_N,2030,21.74990711330167,$M 2020CAD / k vehicles,NLR manufacturing price (RPE / 1.5); Mid; CER Current Measures,T06,5,5,5,5,5,transport-cost-invest-freight-light-trucks-17ac5a44:composite:1:f148ff7e78890547
NB,T_LDV_LTF_BEV150_N,2035,20.655907447622376,$M 2020CAD / k vehicles,NLR manufacturing price (RPE / 1.5); Mid; CER Current Measures,T06,5,5,5,5,5,transport-cost-invest-freight-light-trucks-17ac5a44:composite:1:f148ff7e78890547
NB,T_LDV_LTF_BEV150_N,2040,20.10871521160944,$M 2020CAD / k vehicles,NLR manufacturing price (RPE / 1.5); Mid; CER Current Measures,T06,5,5,5,5,5,transport-cost-invest-freight-light-trucks-17ac5a44:composite:1:f148ff7e78890547
NB,T_LDV_LTF_BEV150_N,2045,19.56152297559651,$M 2020CAD / k vehicles,NLR manufacturing price (RPE / 1.5); Mid; CER Current Measures,T06,5,5,5,5,5,transport-cost-invest-freight-light-trucks-17ac5a44:composite:1:f148ff7e78890547
NB,T_LDV_LTF_BEV200_N,2025,25.329852285373793,$M 2020CAD / k vehicles,NLR manufacturing price (RPE / 1.5); Mid; CER Current Measures,T06,5,5,5,5,5,transport-cost-invest-freight-light-trucks-17ac5a44:composite:1:f148ff7e78890547
NB,T_LDV_LTF_BEV200_N,2030,23.716184211003593,$M 2020CAD / k vehicles,NLR manufacturing price (RPE / 1.5); Mid; CER Current Measures,T06,5,5,5,5,5,transport-cost-invest-freight-light-trucks-17ac5a44:composite:1:f148ff7e78890547
NB,T_LDV_LTF_BEV200_N,2035,22.236253814604407,$M 2020CAD / k vehicles,NLR manufacturing price (RPE / 1.5); Mid; CER Current Measures,T06,5,5,5,5,5,transport-cost-invest-freight-light-trucks-17ac5a44:composite:1:f148ff7e78890547
NB,T_LDV_LTF_BEV200_N,2040,21.5507721961262,$M 2020CAD / k vehicles,NLR manufacturing price (RPE / 1.5); Mid; CER Current Measures,T06,5,5,5,5,5,transport-cost-invest-freight-light-trucks-17ac5a44:composite:1:f148ff7e78890547
NB,T_LDV_LTF_BEV200_N,2045,20.86529057764799,$M 2020CAD / k vehicles,NLR manufacturing price (RPE / 1.5); Mid; CER Current Measures,T06,5,5,5,5,5,transport-cost-invest-freight-light-trucks-17ac5a44:composite:1:f148ff7e78890547
NB,T_LDV_LTF_BEV300_N,2025,29.844256602098493,$M 2020CAD / k vehicles,NLR manufacturing price (RPE / 1.5); Mid; CER Current Measures,T06,5,5,5,5,5,transport-cost-invest-freight-light-trucks-17ac5a44:composite:1:f148ff7e78890547
NB,T_LDV_LTF_BEV300_N,2030,27.510148965283708,$M 2020CAD / k vehicles,NLR manufacturing price (RPE / 1.5); Mid; CER Current Measures,T06,5,5,5,5,5,transport-cost-invest-freight-light-trucks-17ac5a44:composite:1:f148ff7e78890547
NB,T_LDV_LTF_BEV300_N,2035,25.31530268754287,$M 2020CAD / k vehicles,NLR manufacturing price (RPE / 1.5); Mid; CER Current Measures,T06,5,5,5,5,5,transport-cost-invest-freight-light-trucks-17ac5a44:composite:1:f148ff7e78890547
NB,T_LDV_LTF_BEV300_N,2040,24.427240043847814,$M 2020CAD / k vehicles,NLR manufacturing price (RPE / 1.5); Mid; CER Current Measures,T06,5,5,5,5,5,transport-cost-invest-freight-light-trucks-17ac5a44:composite:1:f148ff7e78890547
NB,T_LDV_LTF_BEV300_N,2045,23.539177400152745,$M 2020CAD / k vehicles,NLR manufacturing price (RPE / 1.5); Mid; CER Current Measures,T06,5,5,5,5,5,transport-cost-invest-freight-light-trucks-17ac5a44:composite:1:f148ff7e78890547
NB,T_LDV_LTF_BEV400_N,2025,36.584254888203446,$M 2020CAD / k vehicles,NLR manufacturing price (RPE / 1.5); Mid; CER Current Measures,T06,5,5,5,5,5,transport-cost-invest-freight-light-trucks-17ac5a44:composite:1:f148ff7e78890547
NB,T_LDV_LTF_BEV400_N,2030,33.037308850618835,$M 2020CAD / k vehicles,NLR manufacturing price (RPE / 1.5); Mid; CER Current Measures,T06,5,5,5,5,5,transport-cost-invest-freight-light-trucks-17ac5a44:composite:1:f148ff7e78890547
NB,T_LDV_LTF_BEV400_N,2035,30.02648837692175,$M 2020CAD / k vehicles,NLR manufacturing price (RPE / 1.5); Mid; CER Current Measures,T06,5,5,5,5,5,transport-cost-invest-freight-light-trucks-17ac5a44:composite:1:f148ff7e78890547
NB,T_LDV_LTF_BEV400_N,2040,28.662275803539924,$M 2020CAD / k vehicles,NLR manufacturing price (RPE / 1.5); Mid; CER Current Measures,T06,5,5,5,5,5,transport-cost-invest-freight-light-trucks-17ac5a44:composite:1:f148ff7e78890547
NB,T_LDV_LTF_BEV400_N,2045,27.298063230158085,$M 2020CAD / k vehicles,NLR manufacturing price (RPE / 1.5); Mid; CER Current Measures,T06,5,5,5,5,5,transport-cost-invest-freight-light-trucks-17ac5a44:composite:1:f148ff7e78890547
NB,T_LDV_LTF_CNG_N,2025,28.202584348161018,$M 2020CAD / k vehicles,NLR manufacturing price (RPE / 1.5); Mid; CER Current Measures,T06,5,5,5,5,5,transport-cost-invest-freight-light-trucks-17ac5a44:composite:1:f148ff7e78890547
NB,T_LDV_LTF_CNG_N,2030,28.221438791034974,$M 2020CAD / k vehicles,NLR manufacturing price (RPE / 1.5); Mid; CER Current Measures,T06,5,5,5,5,5,transport-cost-invest-freight-light-trucks-17ac5a44:composite:1:f148ff7e78890547
NB,T_LDV_LTF_CNG_N,2035,28.26637565972034,$M 2020CAD / k vehicles,NLR manufacturing price (RPE / 1.5); Mid; CER Current Measures,T06,5,5,5,5,5,transport-cost-invest-freight-light-trucks-17ac5a44:composite:1:f148ff7e78890547
NB,T_LDV_LTF_CNG_N,2040,28.23312614804637,$M 2020CAD / k vehicles,NLR manufacturing price (RPE / 1.5); Mid; CER Current Measures,T06,5,5,5,5,5,transport-cost-invest-freight-light-trucks-17ac5a44:composite:1:f148ff7e78890547
NB,T_LDV_LTF_CNG_N,2045,28.199876636372398,$M 2020CAD / k vehicles,NLR manufacturing price (RPE / 1.5); Mid; CER Current Measures,T06,5,5,5,5,5,transport-cost-invest-freight-light-trucks-17ac5a44:composite:1:f148ff7e78890547
NB,T_LDV_LTF_DSL_N,2025,26.260701373316834,$M 2020CAD / k vehicles,NLR manufacturing price (RPE / 1.5); Mid; CER Current Measures,T06,5,5,5,5,5,transport-cost-invest-freight-light-trucks-17ac5a44:composite:1:f148ff7e78890547
NB,T_LDV_LTF_DSL_N,2030,26.31379742465607,$M 2020CAD / k vehicles,NLR manufacturing price (RPE / 1.5); Mid; CER Current Measures,T06,5,5,5,5,5,transport-cost-invest-freight-light-trucks-17ac5a44:composite:1:f148ff7e78890547
NB,T_LDV_LTF_DSL_N,2035,26.340561352654408,$M 2020CAD / k vehicles,NLR manufacturing price (RPE / 1.5); Mid; CER Current Measures,T06,5,5,5,5,5,transport-cost-invest-freight-light-trucks-17ac5a44:composite:1:f148ff7e78890547
NB,T_LDV_LTF_DSL_N,2040,26.306878671431193,$M 2020CAD / k vehicles,NLR manufacturing price (RPE / 1.5); Mid; CER Current Measures,T06,5,5,5,5,5,transport-cost-invest-freight-light-trucks-17ac5a44:composite:1:f148ff7e78890547
NB,T_LDV_LTF_DSL_N,2045,26.27319599020797,$M 2020CAD / k vehicles,NLR manufacturing price (RPE / 1.5); Mid; CER Current Measures,T06,5,5,5,5,5,transport-cost-invest-freight-light-trucks-17ac5a44:composite:1:f148ff7e78890547
NB,T_LDV_LTF_FCEV400_N,2025,32.37677135524399,$M 2020CAD / k vehicles,NLR manufacturing price (RPE / 1.5); Mid; CER Current Measures,T06,5,5,5,5,5,transport-cost-invest-freight-light-trucks-17ac5a44:composite:1:f148ff7e78890547
NB,T_LDV_LTF_FCEV400_N,2030,29.86525331984078,$M 2020CAD / k vehicles,NLR manufacturing price (RPE / 1.5); Mid; CER Current Measures,T06,5,5,5,5,5,transport-cost-invest-freight-light-trucks-17ac5a44:composite:1:f148ff7e78890547
NB,T_LDV_LTF_FCEV400_N,2035,28.008052077232414,$M 2020CAD / k vehicles,NLR manufacturing price (RPE / 1.5); Mid; CER Current Measures,T06,5,5,5,5,5,transport-cost-invest-freight-light-trucks-17ac5a44:composite:1:f148ff7e78890547
NB,T_LDV_LTF_FCEV400_N,2040,27.372639260917623,$M 2020CAD / k vehicles,NLR manufacturing price (RPE / 1.5); Mid; CER Current Measures,T06,5,5,5,5,5,transport-cost-invest-freight-light-trucks-17ac5a44:composite:1:f148ff7e78890547
NB,T_LDV_LTF_FCEV400_N,2045,26.737226444602825,$M 2020CAD / k vehicles,NLR manufacturing price (RPE / 1.5); Mid; CER Current Measures,T06,5,5,5,5,5,transport-cost-invest-freight-light-trucks-17ac5a44:composite:1:f148ff7e78890547
NB,T_LDV_LTF_GSL_HEV_N,2025,25.805974041711135,$M 2020CAD / k vehicles,NLR manufacturing price (RPE / 1.5); Mid; CER Current Measures,T06,5,5,5,5,5,transport-cost-invest-freight-light-trucks-17ac5a44:composite:1:f148ff7e78890547
NB,T_LDV_LTF_GSL_HEV_N,2030,25.013546241990706,$M 2020CAD / k vehicles,NLR manufacturing price (RPE / 1.5); Mid; CER Current Measures,T06,5,5,5,5,5,transport-cost-invest-freight-light-trucks-17ac5a44:composite:1:f148ff7e78890547
NB,T_LDV_LTF_GSL_HEV_N,2035,24.59411463965462,$M 2020CAD / k vehicles,NLR manufacturing price (RPE / 1.5); Mid; CER Current Measures,T06,5,5,5,5,5,transport-cost-invest-freight-light-trucks-17ac5a44:composite:1:f148ff7e78890547
NB,T_LDV_LTF_GSL_HEV_N,2040,24.273660430577024,$M 2020CAD / k vehicles,NLR manufacturing price (RPE / 1.5); Mid; CER Current Measures,T06,5,5,5,5,5,transport-cost-invest-freight-light-trucks-17ac5a44:composite:1:f148ff7e78890547
NB,T_LDV_LTF_GSL_HEV_N,2045,23.953206221499414,$M 2020CAD / k vehicles,NLR manufacturing price (RPE / 1.5); Mid; CER Current Measures,T06,5,5,5,5,5,transport-cost-invest-freight-light-trucks-17ac5a44:composite:1:f148ff7e78890547
NB,T_LDV_LTF_GSL_N,2025,22.976303566477313,$M 2020CAD / k vehicles,NLR manufacturing price (RPE / 1.5); Mid; CER Current Measures,T06,5,5,5,5,5,transport-cost-invest-freight-light-trucks-17ac5a44:composite:1:f148ff7e78890547
NB,T_LDV_LTF_GSL_N,2030,23.391220360599508,$M 2020CAD / k vehicles,NLR manufacturing price (RPE / 1.5); Mid; CER Current Measures,T06,5,5,5,5,5,transport-cost-invest-freight-light-trucks-17ac5a44:composite:1:f148ff7e78890547
NB,T_LDV_LTF_GSL_N,2035,24.53689334920375,$M 2020CAD / k vehicles,NLR manufacturing price (RPE / 1.5); Mid; CER Current Measures,T06,5,5,5,5,5,transport-cost-invest-freight-light-trucks-17ac5a44:composite:1:f148ff7e78890547
NB,T_LDV_LTF_GSL_N,2040,24.50360380796553,$M 2020CAD / k vehicles,NLR manufacturing price (RPE / 1.5); Mid; CER Current Measures,T06,5,5,5,5,5,transport-cost-invest-freight-light-trucks-17ac5a44:composite:1:f148ff7e78890547
NB,T_LDV_LTF_GSL_N,2045,24.470314266727303,$M 2020CAD / k vehicles,NLR manufacturing price (RPE / 1.5); Mid; CER Current Measures,T06,5,5,5,5,5,transport-cost-invest-freight-light-trucks-17ac5a44:composite:1:f148ff7e78890547
NB,T_LDV_LTF_GSL_PHEV35_N,2025,27.446247654117283,$M 2020CAD / k vehicles,NLR manufacturing price (RPE / 1.5); Mid; CER Current Measures,T06,5,5,5,5,5,transport-cost-invest-freight-light-trucks-17ac5a44:composite:1:f148ff7e78890547
NB,T_LDV_LTF_GSL_PHEV35_N,2030,26.021182399839542,$M 2020CAD / k vehicles,NLR manufacturing price (RPE / 1.5); Mid; CER Current Measures,T06,5,5,5,5,5,transport-cost-invest-freight-light-trucks-17ac5a44:composite:1:f148ff7e78890547
NB,T_LDV_LTF_GSL_PHEV35_N,2035,25.060453577776883,$M 2020CAD / k vehicles,NLR manufacturing price (RPE / 1.5); Mid; CER Current Measures,T06,5,5,5,5,5,transport-cost-invest-freight-light-trucks-17ac5a44:composite:1:f148ff7e78890547
NB,T_LDV_LTF_GSL_PHEV35_N,2040,24.565972014341902,$M 2020CAD / k vehicles,NLR manufacturing price (RPE / 1.5); Mid; CER Current Measures,T06,5,5,5,5,5,transport-cost-invest-freight-light-trucks-17ac5a44:composite:1:f148ff7e78890547
NB,T_LDV_LTF_GSL_PHEV35_N,2045,24.071490450906925,$M 2020CAD / k vehicles,NLR manufacturing price (RPE / 1.5); Mid; CER Current Measures,T06,5,5,5,5,5,transport-cost-invest-freight-light-trucks-17ac5a44:composite:1:f148ff7e78890547
NB,T_LDV_LTF_GSL_PHEV50_N,2025,28.913277009282893,$M 2020CAD / k vehicles,NLR manufacturing price (RPE / 1.5); Mid; CER Current Measures,T06,5,5,5,5,5,transport-cost-invest-freight-light-trucks-17ac5a44:composite:1:f148ff7e78890547
NB,T_LDV_LTF_GSL_PHEV50_N,2030,27.21484800643277,$M 2020CAD / k vehicles,NLR manufacturing price (RPE / 1.5); Mid; CER Current Measures,T06,5,5,5,5,5,transport-cost-invest-freight-light-trucks-17ac5a44:composite:1:f148ff7e78890547
NB,T_LDV_LTF_GSL_PHEV50_N,2035,26.025159541718963,$M 2020CAD / k vehicles,NLR manufacturing price (RPE / 1.5); Mid; CER Current Measures,T06,5,5,5,5,5,transport-cost-invest-freight-light-trucks-17ac5a44:composite:1:f148ff7e78890547
NB,T_LDV_LTF_GSL_PHEV50_N,2040,25.451859718379076,$M 2020CAD / k vehicles,NLR manufacturing price (RPE / 1.5); Mid; CER Current Measures,T06,5,5,5,5,5,transport-cost-invest-freight-light-trucks-17ac5a44:composite:1:f148ff7e78890547
NB,T_LDV_LTF_GSL_PHEV50_N,2045,24.878559895039174,$M 2020CAD / k vehicles,NLR manufacturing price (RPE / 1.5); Mid; CER Current Measures,T06,5,5,5,5,5,transport-cost-invest-freight-light-trucks-17ac5a44:composite:1:f148ff7e78890547
NB,T_LDV_LTP_BEV150_N,2025,23.198054549055403,$M 2020CAD / k vehicles,NLR manufacturing price (RPE / 1.5); Mid; CER Current Measures,T06,5,5,5,5,5,transport-cost-invest-passenger-light-trucks-17ac5a44:composite:1:095462aa45c4e45f
NB,T_LDV_LTP_BEV150_N,2030,21.74990711330167,$M 2020CAD / k vehicles,NLR manufacturing price (RPE / 1.5); Mid; CER Current Measures,T06,5,5,5,5,5,transport-cost-invest-passenger-light-trucks-17ac5a44:composite:1:095462aa45c4e45f
NB,T_LDV_LTP_BEV150_N,2035,20.655907447622376,$M 2020CAD / k vehicles,NLR manufacturing price (RPE / 1.5); Mid; CER Current Measures,T06,5,5,5,5,5,transport-cost-invest-passenger-light-trucks-17ac5a44:composite:1:095462aa45c4e45f
NB,T_LDV_LTP_BEV150_N,2040,20.10871521160944,$M 2020CAD / k vehicles,NLR manufacturing price (RPE / 1.5); Mid; CER Current Measures,T06,5,5,5,5,5,transport-cost-invest-passenger-light-trucks-17ac5a44:composite:1:095462aa45c4e45f
NB,T_LDV_LTP_BEV150_N,2045,19.56152297559651,$M 2020CAD / k vehicles,NLR manufacturing price (RPE / 1.5); Mid; CER Current Measures,T06,5,5,5,5,5,transport-cost-invest-passenger-light-trucks-17ac5a44:composite:1:095462aa45c4e45f
NB,T_LDV_LTP_BEV200_N,2025,25.329852285373793,$M 2020CAD / k vehicles,NLR manufacturing price (RPE / 1.5); Mid; CER Current Measures,T06,5,5,5,5,5,transport-cost-invest-passenger-light-trucks-17ac5a44:composite:1:095462aa45c4e45f
NB,T_LDV_LTP_BEV200_N,2030,23.716184211003593,$M 2020CAD / k vehicles,NLR manufacturing price (RPE / 1.5); Mid; CER Current Measures,T06,5,5,5,5,5,transport-cost-invest-passenger-light-trucks-17ac5a44:composite:1:095462aa45c4e45f
NB,T_LDV_LTP_BEV200_N,2035,22.236253814604407,$M 2020CAD / k vehicles,NLR manufacturing price (RPE / 1.5); Mid; CER Current Measures,T06,5,5,5,5,5,transport-cost-invest-passenger-light-trucks-17ac5a44:composite:1:095462aa45c4e45f
NB,T_LDV_LTP_BEV200_N,2040,21.5507721961262,$M 2020CAD / k vehicles,NLR manufacturing price (RPE / 1.5); Mid; CER Current Measures,T06,5,5,5,5,5,transport-cost-invest-passenger-light-trucks-17ac5a44:composite:1:095462aa45c4e45f
NB,T_LDV_LTP_BEV200_N,2045,20.86529057764799,$M 2020CAD / k vehicles,NLR manufacturing price (RPE / 1.5); Mid; CER Current Measures,T06,5,5,5,5,5,transport-cost-invest-passenger-light-trucks-17ac5a44:composite:1:095462aa45c4e45f
NB,T_LDV_LTP_BEV300_N,2025,29.844256602098493,$M 2020CAD / k vehicles,NLR manufacturing price (RPE / 1.5); Mid; CER Current Measures,T06,5,5,5,5,5,transport-cost-invest-passenger-light-trucks-17ac5a44:composite:1:095462aa45c4e45f
NB,T_LDV_LTP_BEV300_N,2030,27.510148965283708,$M 2020CAD / k vehicles,NLR manufacturing price (RPE / 1.5); Mid; CER Current Measures,T06,5,5,5,5,5,transport-cost-invest-passenger-light-trucks-17ac5a44:composite:1:095462aa45c4e45f
NB,T_LDV_LTP_BEV300_N,2035,25.31530268754287,$M 2020CAD / k vehicles,NLR manufacturing price (RPE / 1.5); Mid; CER Current Measures,T06,5,5,5,5,5,transport-cost-invest-passenger-light-trucks-17ac5a44:composite:1:095462aa45c4e45f
NB,T_LDV_LTP_BEV300_N,2040,24.427240043847814,$M 2020CAD / k vehicles,NLR manufacturing price (RPE / 1.5); Mid; CER Current Measures,T06,5,5,5,5,5,transport-cost-invest-passenger-light-trucks-17ac5a44:composite:1:095462aa45c4e45f
NB,T_LDV_LTP_BEV300_N,2045,23.539177400152745,$M 2020CAD / k vehicles,NLR manufacturing price (RPE / 1.5); Mid; CER Current Measures,T06,5,5,5,5,5,transport-cost-invest-passenger-light-trucks-17ac5a44:composite:1:095462aa45c4e45f
NB,T_LDV_LTP_BEV400_N,2025,36.584254888203446,$M 2020CAD / k vehicles,NLR manufacturing price (RPE / 1.5); Mid; CER Current Measures,T06,5,5,5,5,5,transport-cost-invest-passenger-light-trucks-17ac5a44:composite:1:095462aa45c4e45f
NB,T_LDV_LTP_BEV400_N,2030,33.037308850618835,$M 2020CAD / k vehicles,NLR manufacturing price (RPE / 1.5); Mid; CER Current Measures,T06,5,5,5,5,5,transport-cost-invest-passenger-light-trucks-17ac5a44:composite:1:095462aa45c4e45f
NB,T_LDV_LTP_BEV400_N,2035,30.02648837692175,$M 2020CAD / k vehicles,NLR manufacturing price (RPE / 1.5); Mid; CER Current Measures,T06,5,5,5,5,5,transport-cost-invest-passenger-light-trucks-17ac5a44:composite:1:095462aa45c4e45f
NB,T_LDV_LTP_BEV400_N,2040,28.662275803539924,$M 2020CAD / k vehicles,NLR manufacturing price (RPE / 1.5); Mid; CER Current Measures,T06,5,5,5,5,5,transport-cost-invest-passenger-light-trucks-17ac5a44:composite:1:095462aa45c4e45f
NB,T_LDV_LTP_BEV400_N,2045,27.298063230158085,$M 2020CAD / k vehicles,NLR manufacturing price (RPE / 1.5); Mid; CER Current Measures,T06,5,5,5,5,5,transport-cost-invest-passenger-light-trucks-17ac5a44:composite:1:095462aa45c4e45f
NB,T_LDV_LTP_CNG_N,2025,28.202584348161018,$M 2020CAD / k vehicles,NLR manufacturing price (RPE / 1.5); Mid; CER Current Measures,T06,5,5,5,5,5,transport-cost-invest-passenger-light-trucks-17ac5a44:composite:1:095462aa45c4e45f
NB,T_LDV_LTP_CNG_N,2030,28.221438791034974,$M 2020CAD / k vehicles,NLR manufacturing price (RPE / 1.5); Mid; CER Current Measures,T06,5,5,5,5,5,transport-cost-invest-passenger-light-trucks-17ac5a44:composite:1:095462aa45c4e45f
NB,T_LDV_LTP_CNG_N,2035,28.26637565972034,$M 2020CAD / k vehicles,NLR manufacturing price (RPE / 1.5); Mid; CER Current Measures,T06,5,5,5,5,5,transport-cost-invest-passenger-light-trucks-17ac5a44:composite:1:095462aa45c4e45f
NB,T_LDV_LTP_CNG_N,2040,28.23312614804637,$M 2020CAD / k vehicles,NLR manufacturing price (RPE / 1.5); Mid; CER Current Measures,T06,5,5,5,5,5,transport-cost-invest-passenger-light-trucks-17ac5a44:composite:1:095462aa45c4e45f
NB,T_LDV_LTP_CNG_N,2045,28.199876636372398,$M 2020CAD / k vehicles,NLR manufacturing price (RPE / 1.5); Mid; CER Current Measures,T06,5,5,5,5,5,transport-cost-invest-passenger-light-trucks-17ac5a44:composite:1:095462aa45c4e45f
NB,T_LDV_LTP_DSL_N,2025,26.260701373316834,$M 2020CAD / k vehicles,NLR manufacturing price (RPE / 1.5); Mid; CER Current Measures,T06,5,5,5,5,5,transport-cost-invest-passenger-light-trucks-17ac5a44:composite:1:095462aa45c4e45f
NB,T_LDV_LTP_DSL_N,2030,26.31379742465607,$M 2020CAD / k vehicles,NLR manufacturing price (RPE / 1.5); Mid; CER Current Measures,T06,5,5,5,5,5,transport-cost-invest-passenger-light-trucks-17ac5a44:composite:1:095462aa45c4e45f
NB,T_LDV_LTP_DSL_N,2035,26.340561352654408,$M 2020CAD / k vehicles,NLR manufacturing price (RPE / 1.5); Mid; CER Current Measures,T06,5,5,5,5,5,transport-cost-invest-passenger-light-trucks-17ac5a44:composite:1:095462aa45c4e45f
NB,T_LDV_LTP_DSL_N,2040,26.306878671431193,$M 2020CAD / k vehicles,NLR manufacturing price (RPE / 1.5); Mid; CER Current Measures,T06,5,5,5,5,5,transport-cost-invest-passenger-light-trucks-17ac5a44:composite:1:095462aa45c4e45f
NB,T_LDV_LTP_DSL_N,2045,26.27319599020797,$M 2020CAD / k vehicles,NLR manufacturing price (RPE / 1.5); Mid; CER Current Measures,T06,5,5,5,5,5,transport-cost-invest-passenger-light-trucks-17ac5a44:composite:1:095462aa45c4e45f
NB,T_LDV_LTP_FCEV400_N,2025,32.37677135524399,$M 2020CAD / k vehicles,NLR manufacturing price (RPE / 1.5); Mid; CER Current Measures,T06,5,5,5,5,5,transport-cost-invest-passenger-light-trucks-17ac5a44:composite:1:095462aa45c4e45f
NB,T_LDV_LTP_FCEV400_N,2030,29.86525331984078,$M 2020CAD / k vehicles,NLR manufacturing price (RPE / 1.5); Mid; CER Current Measures,T06,5,5,5,5,5,transport-cost-invest-passenger-light-trucks-17ac5a44:composite:1:095462aa45c4e45f
NB,T_LDV_LTP_FCEV400_N,2035,28.008052077232414,$M 2020CAD / k vehicles,NLR manufacturing price (RPE / 1.5); Mid; CER Current Measures,T06,5,5,5,5,5,transport-cost-invest-passenger-light-trucks-17ac5a44:composite:1:095462aa45c4e45f
NB,T_LDV_LTP_FCEV400_N,2040,27.372639260917623,$M 2020CAD / k vehicles,NLR manufacturing price (RPE / 1.5); Mid; CER Current Measures,T06,5,5,5,5,5,transport-cost-invest-passenger-light-trucks-17ac5a44:composite:1:095462aa45c4e45f
NB,T_LDV_LTP_FCEV400_N,2045,26.737226444602825,$M 2020CAD / k vehicles,NLR manufacturing price (RPE / 1.5); Mid; CER Current Measures,T06,5,5,5,5,5,transport-cost-invest-passenger-light-trucks-17ac5a44:composite:1:095462aa45c4e45f
NB,T_LDV_LTP_GSL_HEV_N,2025,25.805974041711135,$M 2020CAD / k vehicles,NLR manufacturing price (RPE / 1.5); Mid; CER Current Measures,T06,5,5,5,5,5,transport-cost-invest-passenger-light-trucks-17ac5a44:composite:1:095462aa45c4e45f
NB,T_LDV_LTP_GSL_HEV_N,2030,25.013546241990706,$M 2020CAD / k vehicles,NLR manufacturing price (RPE / 1.5); Mid; CER Current Measures,T06,5,5,5,5,5,transport-cost-invest-passenger-light-trucks-17ac5a44:composite:1:095462aa45c4e45f
NB,T_LDV_LTP_GSL_HEV_N,2035,24.59411463965462,$M 2020CAD / k vehicles,NLR manufacturing price (RPE / 1.5); Mid; CER Current Measures,T06,5,5,5,5,5,transport-cost-invest-passenger-light-trucks-17ac5a44:composite:1:095462aa45c4e45f
NB,T_LDV_LTP_GSL_HEV_N,2040,24.273660430577024,$M 2020CAD / k vehicles,NLR manufacturing price (RPE / 1.5); Mid; CER Current Measures,T06,5,5,5,5,5,transport-cost-invest-passenger-light-trucks-17ac5a44:composite:1:095462aa45c4e45f
NB,T_LDV_LTP_GSL_HEV_N,2045,23.953206221499414,$M 2020CAD / k vehicles,NLR manufacturing price (RPE / 1.5); Mid; CER Current Measures,T06,5,5,5,5,5,transport-cost-invest-passenger-light-trucks-17ac5a44:composite:1:095462aa45c4e45f
NB,T_LDV_LTP_GSL_N,2025,22.976303566477313,$M 2020CAD / k vehicles,NLR manufacturing price (RPE / 1.5); Mid; CER Current Measures,T06,5,5,5,5,5,transport-cost-invest-passenger-light-trucks-17ac5a44:composite:1:095462aa45c4e45f
NB,T_LDV_LTP_GSL_N,2030,23.391220360599508,$M 2020CAD / k vehicles,NLR manufacturing price (RPE / 1.5); Mid; CER Current Measures,T06,5,5,5,5,5,transport-cost-invest-passenger-light-trucks-17ac5a44:composite:1:095462aa45c4e45f
NB,T_LDV_LTP_GSL_N,2035,24.53689334920375,$M 2020CAD / k vehicles,NLR manufacturing price (RPE / 1.5); Mid; CER Current Measures,T06,5,5,5,5,5,transport-cost-invest-passenger-light-trucks-17ac5a44:composite:1:095462aa45c4e45f
NB,T_LDV_LTP_GSL_N,2040,24.50360380796553,$M 2020CAD / k vehicles,NLR manufacturing price (RPE / 1.5); Mid; CER Current Measures,T06,5,5,5,5,5,transport-cost-invest-passenger-light-trucks-17ac5a44:composite:1:095462aa45c4e45f
NB,T_LDV_LTP_GSL_N,2045,24.470314266727303,$M 2020CAD / k vehicles,NLR manufacturing price (RPE / 1.5); Mid; CER Current Measures,T06,5,5,5,5,5,transport-cost-invest-passenger-light-trucks-17ac5a44:composite:1:095462aa45c4e45f
NB,T_LDV_LTP_GSL_PHEV35_N,2025,27.446247654117283,$M 2020CAD / k vehicles,NLR manufacturing price (RPE / 1.5); Mid; CER Current Measures,T06,5,5,5,5,5,transport-cost-invest-passenger-light-trucks-17ac5a44:composite:1:095462aa45c4e45f
NB,T_LDV_LTP_GSL_PHEV35_N,2030,26.021182399839542,$M 2020CAD / k vehicles,NLR manufacturing price (RPE / 1.5); Mid; CER Current Measures,T06,5,5,5,5,5,transport-cost-invest-passenger-light-trucks-17ac5a44:composite:1:095462aa45c4e45f
NB,T_LDV_LTP_GSL_PHEV35_N,2035,25.060453577776883,$M 2020CAD / k vehicles,NLR manufacturing price (RPE / 1.5); Mid; CER Current Measures,T06,5,5,5,5,5,transport-cost-invest-passenger-light-trucks-17ac5a44:composite:1:095462aa45c4e45f
NB,T_LDV_LTP_GSL_PHEV35_N,2040,24.565972014341902,$M 2020CAD / k vehicles,NLR manufacturing price (RPE / 1.5); Mid; CER Current Measures,T06,5,5,5,5,5,transport-cost-invest-passenger-light-trucks-17ac5a44:composite:1:095462aa45c4e45f
NB,T_LDV_LTP_GSL_PHEV35_N,2045,24.071490450906925,$M 2020CAD / k vehicles,NLR manufacturing price (RPE / 1.5); Mid; CER Current Measures,T06,5,5,5,5,5,transport-cost-invest-passenger-light-trucks-17ac5a44:composite:1:095462aa45c4e45f
NB,T_LDV_LTP_GSL_PHEV50_N,2025,28.913277009282893,$M 2020CAD / k vehicles,NLR manufacturing price (RPE / 1.5); Mid; CER Current Measures,T06,5,5,5,5,5,transport-cost-invest-passenger-light-trucks-17ac5a44:composite:1:095462aa45c4e45f
NB,T_LDV_LTP_GSL_PHEV50_N,2030,27.21484800643277,$M 2020CAD / k vehicles,NLR manufacturing price (RPE / 1.5); Mid; CER Current Measures,T06,5,5,5,5,5,transport-cost-invest-passenger-light-trucks-17ac5a44:composite:1:095462aa45c4e45f
NB,T_LDV_LTP_GSL_PHEV50_N,2035,26.025159541718963,$M 2020CAD / k vehicles,NLR manufacturing price (RPE / 1.5); Mid; CER Current Measures,T06,5,5,5,5,5,transport-cost-invest-passenger-light-trucks-17ac5a44:composite:1:095462aa45c4e45f
NB,T_LDV_LTP_GSL_PHEV50_N,2040,25.451859718379076,$M 2020CAD / k vehicles,NLR manufacturing price (RPE / 1.5); Mid; CER Current Measures,T06,5,5,5,5,5,transport-cost-invest-passenger-light-trucks-17ac5a44:composite:1:095462aa45c4e45f
NB,T_LDV_LTP_GSL_PHEV50_N,2045,24.878559895039174,$M 2020CAD / k vehicles,NLR manufacturing price (RPE / 1.5); Mid; CER Current Measures,T06,5,5,5,5,5,transport-cost-invest-passenger-light-trucks-17ac5a44:composite:1:095462aa45c4e45f
NB,T_LDV_M_BEV_N,2025,13.037007628312024,$M 2020CAD / k vehicles,GCAM motorcycle purchase price; Mid; CER Current Measures,T11,5,5,5,5,5,transport-cost-invest-motorcycles-804abac7:composite:1:e5e1e447784151c9
NB,T_LDV_M_BEV_N,2030,12.923352577093377,$M 2020CAD / k vehicles,GCAM motorcycle purchase price; Mid; CER Current Measures,T11,5,5,5,5,5,transport-cost-invest-motorcycles-804abac7:composite:1:e5e1e447784151c9
NB,T_LDV_M_BEV_N,2035,12.80969752432432,$M 2020CAD / k vehicles,GCAM motorcycle purchase price; Mid; CER Current Measures,T11,5,5,5,5,5,transport-cost-invest-motorcycles-804abac7:composite:1:e5e1e447784151c9
NB,T_LDV_M_BEV_N,2040,12.711200268918915,$M 2020CAD / k vehicles,GCAM motorcycle purchase price; Mid; CER Current Measures,T11,5,5,5,5,5,transport-cost-invest-motorcycles-804abac7:composite:1:e5e1e447784151c9
NB,T_LDV_M_BEV_N,2045,12.612703013513512,$M 2020CAD / k vehicles,GCAM motorcycle purchase price; Mid; CER Current Measures,T11,5,5,5,5,5,transport-cost-invest-motorcycles-804abac7:composite:1:e5e1e447784151c9
NB,T_LDV_M_GSL_N,2025,13.891632432432433,$M 2020CAD / k vehicles,GCAM motorcycle purchase price; Mid; CER Current Measures,T11,5,5,5,5,5,transport-cost-invest-motorcycles-804abac7:composite:1:e5e1e447784151c9
NB,T_LDV_M_GSL_N,2030,13.891632432432433,$M 2020CAD / k vehicles,GCAM motorcycle purchase price; Mid; CER Current Measures,T11,5,5,5,5,5,transport-cost-invest-motorcycles-804abac7:composite:1:e5e1e447784151c9
NB,T_LDV_M_GSL_N,2035,13.891632432432433,$M 2020CAD / k vehicles,GCAM motorcycle purchase price; Mid; CER Current Measures,T11,5,5,5,5,5,transport-cost-invest-motorcycles-804abac7:composite:1:e5e1e447784151c9
NB,T_LDV_M_GSL_N,2040,13.891632432432433,$M 2020CAD / k vehicles,GCAM motorcycle purchase price; Mid; CER Current Measures,T11,5,5,5,5,5,transport-cost-invest-motorcycles-804abac7:composite:1:e5e1e447784151c9
NB,T_LDV_M_GSL_N,2045,13.891632432432433,$M 2020CAD / k vehicles,GCAM motorcycle purchase price; Mid; CER Current Measures,T11,5,5,5,5,5,transport-cost-invest-motorcycles-804abac7:composite:1:e5e1e447784151c9
NB,T_MDV_T_BEV_N,2025,65.33278261541977,$M 2020CAD / k vehicles,NLR manufacturing price (RPE / 1.5); Mid; CER Current Measures,T06,5,5,5,5,5,transport-cost-invest-medium-trucks-e162550e:composite:1:047ed20feabb1ef5
NB,T_MDV_T_BEV_N,2030,53.2834887643728,$M 2020CAD / k vehicles,NLR manufacturing price (RPE / 1.5); Mid; CER Current Measures,T06,5,5,5,5,5,transport-cost-invest-medium-trucks-e162550e:composite:1:047ed20feabb1ef5
NB,T_MDV_T_BEV_N,2035,46.60465239706312,$M 2020CAD / k vehicles,NLR manufacturing price (RPE / 1.5); Mid; CER Current Measures,T06,5,5,5,5,5,transport-cost-invest-medium-trucks-e162550e:composite:1:047ed20feabb1ef5
NB,T_MDV_T_BEV_N,2040,43.733968432748206,$M 2020CAD / k vehicles,NLR manufacturing price (RPE / 1.5); Mid; CER Current Measures,T06,5,5,5,5,5,transport-cost-invest-medium-trucks-e162550e:composite:1:047ed20feabb1ef5
NB,T_MDV_T_BEV_N,2045,40.863284468433285,$M 2020CAD / k vehicles,NLR manufacturing price (RPE / 1.5); Mid; CER Current Measures,T06,5,5,5,5,5,transport-cost-invest-medium-trucks-e162550e:composite:1:047ed20feabb1ef5
NB,T_MDV_T_DSL_HEV_N,2025,45.522868818484284,$M 2020CAD / k vehicles,NLR manufacturing price (RPE / 1.5); Mid; CER Current Measures,T06,5,5,5,5,5,transport-cost-invest-medium-trucks-e162550e:composite:1:047ed20feabb1ef5
NB,T_MDV_T_DSL_HEV_N,2030,45.04705495311201,$M 2020CAD / k vehicles,NLR manufacturing price (RPE / 1.5); Mid; CER Current Measures,T06,5,5,5,5,5,transport-cost-invest-medium-trucks-e162550e:composite:1:047ed20feabb1ef5
NB,T_MDV_T_DSL_HEV_N,2035,44.680283029573516,$M 2020CAD / k vehicles,NLR manufacturing price (RPE / 1.5); Mid; CER Current Measures,T06,5,5,5,5,5,transport-cost-invest-medium-trucks-e162550e:composite:1:047ed20feabb1ef5
NB,T_MDV_T_DSL_HEV_N,2040,44.60846739087874,$M 2020CAD / k vehicles,NLR manufacturing price (RPE / 1.5); Mid; CER Current Measures,T06,5,5,5,5,5,transport-cost-invest-medium-trucks-e162550e:composite:1:047ed20feabb1ef5
NB,T_MDV_T_DSL_HEV_N,2045,44.536651752183964,$M 2020CAD / k vehicles,NLR manufacturing price (RPE / 1.5); Mid; CER Current Measures,T06,5,5,5,5,5,transport-cost-invest-medium-trucks-e162550e:composite:1:047ed20feabb1ef5
NB,T_MDV_T_DSL_N,2025,41.288421469437736,$M 2020CAD / k vehicles,NLR manufacturing price (RPE / 1.5); Mid; CER Current Measures,T06,5,5,5,5,5,transport-cost-invest-medium-trucks-e162550e:composite:1:047ed20feabb1ef5
NB,T_MDV_T_DSL_N,2030,41.414036669880666,$M 2020CAD / k vehicles,NLR manufacturing price (RPE / 1.5); Mid; CER Current Measures,T06,5,5,5,5,5,transport-cost-invest-medium-trucks-e162550e:composite:1:047ed20feabb1ef5
NB,T_MDV_T_DSL_N,2035,41.175672786150855,$M 2020CAD / k vehicles,NLR manufacturing price (RPE / 1.5); Mid; CER Current Measures,T06,5,5,5,5,5,transport-cost-invest-medium-trucks-e162550e:composite:1:047ed20feabb1ef5
NB,T_MDV_T_DSL_N,2040,41.172870913315975,$M 2020CAD / k vehicles,NLR manufacturing price (RPE / 1.5); Mid; CER Current Measures,T06,5,5,5,5,5,transport-cost-invest-medium-trucks-e162550e:composite:1:047ed20feabb1ef5
NB,T_MDV_T_DSL_N,2045,41.170069040481096,$M 2020CAD / k vehicles,NLR manufacturing price (RPE / 1.5); Mid; CER Current Measures,T06,5,5,5,5,5,transport-cost-invest-medium-trucks-e162550e:composite:1:047ed20feabb1ef5
NB,T_MDV_T_DSL_PHEV_N,2025,70.85664509638025,$M 2020CAD / k vehicles,NLR manufacturing price (RPE / 1.5); Mid; CER Current Measures,T06,5,5,5,5,5,transport-cost-invest-medium-trucks-e162550e:composite:1:047ed20feabb1ef5
NB,T_MDV_T_DSL_PHEV_N,2030,60.5666701749238,$M 2020CAD / k vehicles,NLR manufacturing price (RPE / 1.5); Mid; CER Current Measures,T06,5,5,5,5,5,transport-cost-invest-medium-trucks-e162550e:composite:1:047ed20feabb1ef5
NB,T_MDV_T_DSL_PHEV_N,2035,54.22138541394572,$M 2020CAD / k vehicles,NLR manufacturing price (RPE / 1.5); Mid; CER Current Measures,T06,5,5,5,5,5,transport-cost-invest-medium-trucks-e162550e:composite:1:047ed20feabb1ef5
NB,T_MDV_T_DSL_PHEV_N,2040,51.658562719493986,$M 2020CAD / k vehicles,NLR manufacturing price (RPE / 1.5); Mid; CER Current Measures,T06,5,5,5,5,5,transport-cost-invest-medium-trucks-e162550e:composite:1:047ed20feabb1ef5
NB,T_MDV_T_DSL_PHEV_N,2045,49.09574002504226,$M 2020CAD / k vehicles,NLR manufacturing price (RPE / 1.5); Mid; CER Current Measures,T06,5,5,5,5,5,transport-cost-invest-medium-trucks-e162550e:composite:1:047ed20feabb1ef5
NB,T_MDV_T_FCEV_N,2025,65.59106294226915,$M 2020CAD / k vehicles,NLR manufacturing price (RPE / 1.5); Mid; CER Current Measures,T06,5,5,5,5,5,transport-cost-invest-medium-trucks-e162550e:composite:1:047ed20feabb1ef5
NB,T_MDV_T_FCEV_N,2030,49.87519714083219,$M 2020CAD / k vehicles,NLR manufacturing price (RPE / 1.5); Mid; CER Current Measures,T06,5,5,5,5,5,transport-cost-invest-medium-trucks-e162550e:composite:1:047ed20feabb1ef5
NB,T_MDV_T_FCEV_N,2035,45.38437067065345,$M 2020CAD / k vehicles,NLR manufacturing price (RPE / 1.5); Mid; CER Current Measures,T06,5,5,5,5,5,transport-cost-invest-medium-trucks-e162550e:composite:1:047ed20feabb1ef5
NB,T_MDV_T_FCEV_N,2040,44.456235440781114,$M 2020CAD / k vehicles,NLR manufacturing price (RPE / 1.5); Mid; CER Current Measures,T06,5,5,5,5,5,transport-cost-invest-medium-trucks-e162550e:composite:1:047ed20feabb1ef5
NB,T_MDV_T_FCEV_N,2045,43.528100210908775,$M 2020CAD / k vehicles,NLR manufacturing price (RPE / 1.5); Mid; CER Current Measures,T06,5,5,5,5,5,transport-cost-invest-medium-trucks-e162550e:composite:1:047ed20feabb1ef5
NB,T_MDV_T_FCHEV_N,2025,58.93034653160426,$M 2020CAD / k vehicles,NLR manufacturing price (RPE / 1.5); Mid; CER Current Measures,T06,5,5,5,5,5,transport-cost-invest-medium-trucks-e162550e:composite:1:047ed20feabb1ef5
NB,T_MDV_T_FCHEV_N,2030,46.71509367100195,$M 2020CAD / k vehicles,NLR manufacturing price (RPE / 1.5); Mid; CER Current Measures,T06,5,5,5,5,5,transport-cost-invest-medium-trucks-e162550e:composite:1:047ed20feabb1ef5
NB,T_MDV_T_FCHEV_N,2035,42.59235792865135,$M 2020CAD / k vehicles,NLR manufacturing price (RPE / 1.5); Mid; CER Current Measures,T06,5,5,5,5,5,transport-cost-invest-medium-trucks-e162550e:composite:1:047ed20feabb1ef5
NB,T_MDV_T_FCHEV_N,2040,41.43154062821085,$M 2020CAD / k vehicles,NLR manufacturing price (RPE / 1.5); Mid; CER Current Measures,T06,5,5,5,5,5,transport-cost-invest-medium-trucks-e162550e:composite:1:047ed20feabb1ef5
NB,T_MDV_T_FCHEV_N,2045,40.27072332777032,$M 2020CAD / k vehicles,NLR manufacturing price (RPE / 1.5); Mid; CER Current Measures,T06,5,5,5,5,5,transport-cost-invest-medium-trucks-e162550e:composite:1:047ed20feabb1ef5
NB,T_MDV_T_GSL_N,2025,41.288421469437736,$M 2020CAD / k vehicles,NLR manufacturing price (RPE / 1.5); reviewed gasoline->diesel purchase proxy; Mid; CER Current Measures,T06,5,5,5,5,5,transport-cost-invest-medium-trucks-e162550e:composite:1:047ed20feabb1ef5
NB,T_MDV_T_GSL_N,2030,41.414036669880666,$M 2020CAD / k vehicles,NLR manufacturing price (RPE / 1.5); reviewed gasoline->diesel purchase proxy; Mid; CER Current Measures,T06,5,5,5,5,5,transport-cost-invest-medium-trucks-e162550e:composite:1:047ed20feabb1ef5
NB,T_MDV_T_GSL_N,2035,41.175672786150855,$M 2020CAD / k vehicles,NLR manufacturing price (RPE / 1.5); reviewed gasoline->diesel purchase proxy; Mid; CER Current Measures,T06,5,5,5,5,5,transport-cost-invest-medium-trucks-e162550e:composite:1:047ed20feabb1ef5
NB,T_MDV_T_GSL_N,2040,41.172870913315975,$M 2020CAD / k vehicles,NLR manufacturing price (RPE / 1.5); reviewed gasoline->diesel purchase proxy; Mid; CER Current Measures,T06,5,5,5,5,5,transport-cost-invest-medium-trucks-e162550e:composite:1:047ed20feabb1ef5
NB,T_MDV_T_GSL_N,2045,41.170069040481096,$M 2020CAD / k vehicles,NLR manufacturing price (RPE / 1.5); reviewed gasoline->diesel purchase proxy; Mid; CER Current Measures,T06,5,5,5,5,5,transport-cost-invest-medium-trucks-e162550e:composite:1:047ed20feabb1ef5
NLLAB,T_HDV_AJF_JFL_N,2025,6132.623678803439,$M 2020CAD / bn tonne-km,CIMS aircraft CAPEX normalized by FAA All Aircraft annual service output; Mid; CER Current Measures,T15,5,5,5,5,5,transport-cost-invest-freight-air-e97ac762:composite:1:bd087d6387d7310e
NLLAB,T_HDV_AJF_JFL_N,2030,6132.623678803439,$M 2020CAD / bn tonne-km,CIMS aircraft CAPEX normalized by FAA All Aircraft annual service output; Mid; CER Current Measures,T15,5,5,5,5,5,transport-cost-invest-freight-air-e97ac762:composite:1:bd087d6387d7310e
NLLAB,T_HDV_AJF_JFL_N,2035,6132.623678803439,$M 2020CAD / bn tonne-km,CIMS aircraft CAPEX normalized by FAA All Aircraft annual service output; Mid; CER Current Measures,T15,5,5,5,5,5,transport-cost-invest-freight-air-e97ac762:composite:1:bd087d6387d7310e
NLLAB,T_HDV_AJF_JFL_N,2040,6132.623678803439,$M 2020CAD / bn tonne-km,CIMS aircraft CAPEX normalized by FAA All Aircraft annual service output; Mid; CER Current Measures,T15,5,5,5,5,5,transport-cost-invest-freight-air-e97ac762:composite:1:bd087d6387d7310e
NLLAB,T_HDV_AJF_JFL_N,2045,6132.623678803439,$M 2020CAD / bn tonne-km,CIMS aircraft CAPEX normalized by FAA All Aircraft annual service output; Mid; CER Current Measures,T15,5,5,5,5,5,transport-cost-invest-freight-air-e97ac762:composite:1:bd087d6387d7310e
NLLAB,T_HDV_AJF_SPK_N,2025,6132.623678803439,$M 2020CAD / bn tonne-km,CIMS aircraft CAPEX normalized by FAA All Aircraft annual service output; Mid; CER Current Measures,T15,5,5,5,5,5,transport-cost-invest-freight-air-e97ac762:composite:1:bd087d6387d7310e
NLLAB,T_HDV_AJF_SPK_N,2030,6132.623678803439,$M 2020CAD / bn tonne-km,CIMS aircraft CAPEX normalized by FAA All Aircraft annual service output; Mid; CER Current Measures,T15,5,5,5,5,5,transport-cost-invest-freight-air-e97ac762:composite:1:bd087d6387d7310e
NLLAB,T_HDV_AJF_SPK_N,2035,6132.623678803439,$M 2020CAD / bn tonne-km,CIMS aircraft CAPEX normalized by FAA All Aircraft annual service output; Mid; CER Current Measures,T15,5,5,5,5,5,transport-cost-invest-freight-air-e97ac762:composite:1:bd087d6387d7310e
NLLAB,T_HDV_AJF_SPK_N,2040,6132.623678803439,$M 2020CAD / bn tonne-km,CIMS aircraft CAPEX normalized by FAA All Aircraft annual service output; Mid; CER Current Measures,T15,5,5,5,5,5,transport-cost-invest-freight-air-e97ac762:composite:1:bd087d6387d7310e
NLLAB,T_HDV_AJF_SPK_N,2045,6132.623678803439,$M 2020CAD / bn tonne-km,CIMS aircraft CAPEX normalized by FAA All Aircraft annual service output; Mid; CER Current Measures,T15,5,5,5,5,5,transport-cost-invest-freight-air-e97ac762:composite:1:bd087d6387d7310e
NLLAB,T_HDV_AJP_JFL_N,2025,1032.1218289023984,$M 2020CAD / bn passenger-km,CIMS aircraft CAPEX normalized by FAA All Aircraft annual service output; Mid; CER Current Measures,T15,5,5,5,5,5,transport-cost-invest-passenger-air-e97ac762:composite:1:ca4132bec8ddc7b3
NLLAB,T_HDV_AJP_JFL_N,2030,1032.1218289023984,$M 2020CAD / bn passenger-km,CIMS aircraft CAPEX normalized by FAA All Aircraft annual service output; Mid; CER Current Measures,T15,5,5,5,5,5,transport-cost-invest-passenger-air-e97ac762:composite:1:ca4132bec8ddc7b3
NLLAB,T_HDV_AJP_JFL_N,2035,1032.1218289023984,$M 2020CAD / bn passenger-km,CIMS aircraft CAPEX normalized by FAA All Aircraft annual service output; Mid; CER Current Measures,T15,5,5,5,5,5,transport-cost-invest-passenger-air-e97ac762:composite:1:ca4132bec8ddc7b3
NLLAB,T_HDV_AJP_JFL_N,2040,1032.1218289023984,$M 2020CAD / bn passenger-km,CIMS aircraft CAPEX normalized by FAA All Aircraft annual service output; Mid; CER Current Measures,T15,5,5,5,5,5,transport-cost-invest-passenger-air-e97ac762:composite:1:ca4132bec8ddc7b3
NLLAB,T_HDV_AJP_JFL_N,2045,1032.1218289023984,$M 2020CAD / bn passenger-km,CIMS aircraft CAPEX normalized by FAA All Aircraft annual service output; Mid; CER Current Measures,T15,5,5,5,5,5,transport-cost-invest-passenger-air-e97ac762:composite:1:ca4132bec8ddc7b3
NLLAB,T_HDV_AJP_SPK_N,2025,1032.1218289023984,$M 2020CAD / bn passenger-km,CIMS aircraft CAPEX normalized by FAA All Aircraft annual service output; Mid; CER Current Measures,T15,5,5,5,5,5,transport-cost-invest-passenger-air-e97ac762:composite:1:ca4132bec8ddc7b3
NLLAB,T_HDV_AJP_SPK_N,2030,1032.1218289023984,$M 2020CAD / bn passenger-km,CIMS aircraft CAPEX normalized by FAA All Aircraft annual service output; Mid; CER Current Measures,T15,5,5,5,5,5,transport-cost-invest-passenger-air-e97ac762:composite:1:ca4132bec8ddc7b3
NLLAB,T_HDV_AJP_SPK_N,2035,1032.1218289023984,$M 2020CAD / bn passenger-km,CIMS aircraft CAPEX normalized by FAA All Aircraft annual service output; Mid; CER Current Measures,T15,5,5,5,5,5,transport-cost-invest-passenger-air-e97ac762:composite:1:ca4132bec8ddc7b3
NLLAB,T_HDV_AJP_SPK_N,2040,1032.1218289023984,$M 2020CAD / bn passenger-km,CIMS aircraft CAPEX normalized by FAA All Aircraft annual service output; Mid; CER Current Measures,T15,5,5,5,5,5,transport-cost-invest-passenger-air-e97ac762:composite:1:ca4132bec8ddc7b3
NLLAB,T_HDV_AJP_SPK_N,2045,1032.1218289023984,$M 2020CAD / bn passenger-km,CIMS aircraft CAPEX normalized by FAA All Aircraft annual service output; Mid; CER Current Measures,T15,5,5,5,5,5,transport-cost-invest-passenger-air-e97ac762:composite:1:ca4132bec8ddc7b3
NLLAB,T_HDV_BIC_BEV_N,2025,724.9291694090558,$M 2020CAD / k vehicles,REGEN intercity purchase price; Mid; CER Current Measures,T12,5,5,5,5,5,transport-cost-invest-inter-city-buses-8fe13d81:composite:1:a4215f62e54efd1d
NLLAB,T_HDV_BIC_BEV_N,2030,687.3711076208749,$M 2020CAD / k vehicles,REGEN intercity purchase price; Mid; CER Current Measures,T12,5,5,5,5,5,transport-cost-invest-inter-city-buses-8fe13d81:composite:1:a4215f62e54efd1d
NLLAB,T_HDV_BIC_BEV_N,2035,649.8130458326937,$M 2020CAD / k vehicles,REGEN intercity purchase price; Mid; CER Current Measures,T12,5,5,5,5,5,transport-cost-invest-inter-city-buses-8fe13d81:composite:1:a4215f62e54efd1d
NLLAB,T_HDV_BIC_BEV_N,2040,637.7195688948578,$M 2020CAD / k vehicles,REGEN intercity purchase price; Mid; CER Current Measures,T12,5,5,5,5,5,transport-cost-invest-inter-city-buses-8fe13d81:composite:1:a4215f62e54efd1d
NLLAB,T_HDV_BIC_BEV_N,2045,625.6260919570221,$M 2020CAD / k vehicles,REGEN intercity purchase price; Mid; CER Current Measures,T12,5,5,5,5,5,transport-cost-invest-inter-city-buses-8fe13d81:composite:1:a4215f62e54efd1d
NLLAB,T_HDV_BIC_DSL_HEV_N,2025,625.0231638861476,$M 2020CAD / k vehicles,REGEN intercity purchase price; Mid; CER Current Measures,T12,5,5,5,5,5,transport-cost-invest-inter-city-buses-0a292860:composite:1:bb531e37aa681bea
NLLAB,T_HDV_BIC_DSL_HEV_N,2030,631.1135387568029,$M 2020CAD / k vehicles,REGEN intercity purchase price; Mid; CER Current Measures,T12,5,5,5,5,5,transport-cost-invest-inter-city-buses-0a292860:composite:1:bb531e37aa681bea
NLLAB,T_HDV_BIC_DSL_HEV_N,2035,639.1593250453943,$M 2020CAD / k vehicles,REGEN intercity purchase price; Mid; CER Current Measures,T12,5,5,5,5,5,transport-cost-invest-inter-city-buses-0a292860:composite:1:bb531e37aa681bea
NLLAB,T_HDV_BIC_DSL_HEV_N,2040,638.5264211730566,$M 2020CAD / k vehicles,REGEN intercity purchase price; Mid; CER Current Measures,T12,5,5,5,5,5,transport-cost-invest-inter-city-buses-0a292860:composite:1:bb531e37aa681bea
NLLAB,T_HDV_BIC_DSL_HEV_N,2045,637.8945752873842,$M 2020CAD / k vehicles,REGEN intercity purchase price; Mid; CER Current Measures,T12,5,5,5,5,5,transport-cost-invest-inter-city-buses-0a292860:composite:1:bb531e37aa681bea
NLLAB,T_HDV_BIC_DSL_N,2025,578.3503599462776,$M 2020CAD / k vehicles,REGEN intercity purchase price; Mid; CER Current Measures,T12,5,5,5,5,5,transport-cost-invest-inter-city-buses-8fe13d81:composite:1:a4215f62e54efd1d
NLLAB,T_HDV_BIC_DSL_N,2030,592.376084435917,$M 2020CAD / k vehicles,REGEN intercity purchase price; Mid; CER Current Measures,T12,5,5,5,5,5,transport-cost-invest-inter-city-buses-8fe13d81:composite:1:a4215f62e54efd1d
NLLAB,T_HDV_BIC_DSL_N,2035,606.4018089255563,$M 2020CAD / k vehicles,REGEN intercity purchase price; Mid; CER Current Measures,T12,5,5,5,5,5,transport-cost-invest-inter-city-buses-8fe13d81:composite:1:a4215f62e54efd1d
NLLAB,T_HDV_BIC_DSL_N,2040,606.4018089255563,$M 2020CAD / k vehicles,REGEN intercity purchase price; Mid; CER Current Measures,T12,5,5,5,5,5,transport-cost-invest-inter-city-buses-8fe13d81:composite:1:a4215f62e54efd1d
NLLAB,T_HDV_BIC_DSL_N,2045,606.4018089255563,$M 2020CAD / k vehicles,REGEN intercity purchase price; Mid; CER Current Measures,T12,5,5,5,5,5,transport-cost-invest-inter-city-buses-8fe13d81:composite:1:a4215f62e54efd1d
NLLAB,T_HDV_BIC_FCEV_N,2025,726.7192071527243,$M 2020CAD / k vehicles,REGEN intercity purchase price; Mid; CER Current Measures,T12,5,5,5,5,5,transport-cost-invest-inter-city-buses-8fe13d81:composite:1:a4215f62e54efd1d
NLLAB,T_HDV_BIC_FCEV_N,2030,702.2862077359937,$M 2020CAD / k vehicles,REGEN intercity purchase price; Mid; CER Current Measures,T12,5,5,5,5,5,transport-cost-invest-inter-city-buses-8fe13d81:composite:1:a4215f62e54efd1d
NLLAB,T_HDV_BIC_FCEV_N,2035,677.8520796699922,$M 2020CAD / k vehicles,REGEN intercity purchase price; Mid; CER Current Measures,T12,5,5,5,5,5,transport-cost-invest-inter-city-buses-8fe13d81:composite:1:a4215f62e54efd1d
NLLAB,T_HDV_BIC_FCEV_N,2040,660.4821673906367,$M 2020CAD / k vehicles,REGEN intercity purchase price; Mid; CER Current Measures,T12,5,5,5,5,5,transport-cost-invest-inter-city-buses-8fe13d81:composite:1:a4215f62e54efd1d
NLLAB,T_HDV_BIC_FCEV_N,2045,643.1111264620107,$M 2020CAD / k vehicles,REGEN intercity purchase price; Mid; CER Current Measures,T12,5,5,5,5,5,transport-cost-invest-inter-city-buses-8fe13d81:composite:1:a4215f62e54efd1d
NLLAB,T_HDV_BIC_GSL_N,2025,578.3503599462776,$M 2020CAD / k vehicles,REGEN intercity purchase price; Mid; CER Current Measures,T12,5,5,5,5,5,transport-cost-invest-inter-city-buses-8fe13d81:composite:1:a4215f62e54efd1d
NLLAB,T_HDV_BIC_GSL_N,2030,592.376084435917,$M 2020CAD / k vehicles,REGEN intercity purchase price; Mid; CER Current Measures,T12,5,5,5,5,5,transport-cost-invest-inter-city-buses-8fe13d81:composite:1:a4215f62e54efd1d
NLLAB,T_HDV_BIC_GSL_N,2035,606.4018089255563,$M 2020CAD / k vehicles,REGEN intercity purchase price; Mid; CER Current Measures,T12,5,5,5,5,5,transport-cost-invest-inter-city-buses-8fe13d81:composite:1:a4215f62e54efd1d
NLLAB,T_HDV_BIC_GSL_N,2040,606.4018089255563,$M 2020CAD / k vehicles,REGEN intercity purchase price; Mid; CER Current Measures,T12,5,5,5,5,5,transport-cost-invest-inter-city-buses-8fe13d81:composite:1:a4215f62e54efd1d
NLLAB,T_HDV_BIC_GSL_N,2045,606.4018089255563,$M 2020CAD / k vehicles,REGEN intercity purchase price; Mid; CER Current Measures,T12,5,5,5,5,5,transport-cost-invest-inter-city-buses-8fe13d81:composite:1:a4215f62e54efd1d
NLLAB,T_HDV_BS_BEV_N,2025,84.19758949061635,$M 2020CAD / k vehicles,NLR manufacturing price (RPE / 1.5); Mid; CER Current Measures,T06,5,5,5,5,5,transport-cost-invest-school-buses-db3394b4:composite:1:4cfd8123718eed66
NLLAB,T_HDV_BS_BEV_N,2030,70.11365479609992,$M 2020CAD / k vehicles,NLR manufacturing price (RPE / 1.5); Mid; CER Current Measures,T06,5,5,5,5,5,transport-cost-invest-school-buses-db3394b4:composite:1:4cfd8123718eed66
NLLAB,T_HDV_BS_BEV_N,2035,62.61319010234349,$M 2020CAD / k vehicles,NLR manufacturing price (RPE / 1.5); Mid; CER Current Measures,T06,5,5,5,5,5,transport-cost-invest-school-buses-db3394b4:composite:1:4cfd8123718eed66
NLLAB,T_HDV_BS_BEV_N,2040,59.22776267866287,$M 2020CAD / k vehicles,NLR manufacturing price (RPE / 1.5); Mid; CER Current Measures,T06,5,5,5,5,5,transport-cost-invest-school-buses-db3394b4:composite:1:4cfd8123718eed66
NLLAB,T_HDV_BS_BEV_N,2045,55.842335254982245,$M 2020CAD / k vehicles,NLR manufacturing price (RPE / 1.5); Mid; CER Current Measures,T06,5,5,5,5,5,transport-cost-invest-school-buses-db3394b4:composite:1:4cfd8123718eed66
NLLAB,T_HDV_BS_CNG_N,2025,53.16800325295391,$M 2020CAD / k vehicles,NLR manufacturing price (RPE / 1.5); reviewed cng->diesel purchase proxy; Mid; CER Current Measures,T06,5,5,5,5,5,transport-cost-invest-school-buses-db3394b4:composite:1:4cfd8123718eed66
NLLAB,T_HDV_BS_CNG_N,2030,53.4655312378343,$M 2020CAD / k vehicles,NLR manufacturing price (RPE / 1.5); reviewed cng->diesel purchase proxy; Mid; CER Current Measures,T06,5,5,5,5,5,transport-cost-invest-school-buses-db3394b4:composite:1:4cfd8123718eed66
NLLAB,T_HDV_BS_CNG_N,2035,53.3714260725808,$M 2020CAD / k vehicles,NLR manufacturing price (RPE / 1.5); reviewed cng->diesel purchase proxy; Mid; CER Current Measures,T06,5,5,5,5,5,transport-cost-invest-school-buses-db3394b4:composite:1:4cfd8123718eed66
NLLAB,T_HDV_BS_CNG_N,2040,53.437700637583895,$M 2020CAD / k vehicles,NLR manufacturing price (RPE / 1.5); reviewed cng->diesel purchase proxy; Mid; CER Current Measures,T06,5,5,5,5,5,transport-cost-invest-school-buses-db3394b4:composite:1:4cfd8123718eed66
NLLAB,T_HDV_BS_CNG_N,2045,53.50397520258698,$M 2020CAD / k vehicles,NLR manufacturing price (RPE / 1.5); reviewed cng->diesel purchase proxy; Mid; CER Current Measures,T06,5,5,5,5,5,transport-cost-invest-school-buses-db3394b4:composite:1:4cfd8123718eed66
NLLAB,T_HDV_BS_DSL_HEV_N,2025,58.50015757889593,$M 2020CAD / k vehicles,NLR manufacturing price (RPE / 1.5); Mid; CER Current Measures,T06,5,5,5,5,5,transport-cost-invest-school-buses-db3394b4:composite:1:4cfd8123718eed66
NLLAB,T_HDV_BS_DSL_HEV_N,2030,57.81028888624818,$M 2020CAD / k vehicles,NLR manufacturing price (RPE / 1.5); Mid; CER Current Measures,T06,5,5,5,5,5,transport-cost-invest-school-buses-db3394b4:composite:1:4cfd8123718eed66
NLLAB,T_HDV_BS_DSL_HEV_N,2035,57.49401062408043,$M 2020CAD / k vehicles,NLR manufacturing price (RPE / 1.5); Mid; CER Current Measures,T06,5,5,5,5,5,transport-cost-invest-school-buses-db3394b4:composite:1:4cfd8123718eed66
NLLAB,T_HDV_BS_DSL_HEV_N,2040,57.405801772439325,$M 2020CAD / k vehicles,NLR manufacturing price (RPE / 1.5); Mid; CER Current Measures,T06,5,5,5,5,5,transport-cost-invest-school-buses-db3394b4:composite:1:4cfd8123718eed66
NLLAB,T_HDV_BS_DSL_HEV_N,2045,57.31759292079822,$M 2020CAD / k vehicles,NLR manufacturing price (RPE / 1.5); Mid; CER Current Measures,T06,5,5,5,5,5,transport-cost-invest-school-buses-db3394b4:composite:1:4cfd8123718eed66
NLLAB,T_HDV_BS_DSL_N,2025,53.16800325295391,$M 2020CAD / k vehicles,NLR manufacturing price (RPE / 1.5); Mid; CER Current Measures,T06,5,5,5,5,5,transport-cost-invest-school-buses-db3394b4:composite:1:4cfd8123718eed66
NLLAB,T_HDV_BS_DSL_N,2030,53.4655312378343,$M 2020CAD / k vehicles,NLR manufacturing price (RPE / 1.5); Mid; CER Current Measures,T06,5,5,5,5,5,transport-cost-invest-school-buses-db3394b4:composite:1:4cfd8123718eed66
NLLAB,T_HDV_BS_DSL_N,2035,53.3714260725808,$M 2020CAD / k vehicles,NLR manufacturing price (RPE / 1.5); Mid; CER Current Measures,T06,5,5,5,5,5,transport-cost-invest-school-buses-db3394b4:composite:1:4cfd8123718eed66
NLLAB,T_HDV_BS_DSL_N,2040,53.437700637583895,$M 2020CAD / k vehicles,NLR manufacturing price (RPE / 1.5); Mid; CER Current Measures,T06,5,5,5,5,5,transport-cost-invest-school-buses-db3394b4:composite:1:4cfd8123718eed66
NLLAB,T_HDV_BS_DSL_N,2045,53.50397520258698,$M 2020CAD / k vehicles,NLR manufacturing price (RPE / 1.5); Mid; CER Current Measures,T06,5,5,5,5,5,transport-cost-invest-school-buses-db3394b4:composite:1:4cfd8123718eed66
NLLAB,T_HDV_BS_DSL_PHEV_N,2025,87.13041588141115,$M 2020CAD / k vehicles,NLR manufacturing price (RPE / 1.5); Mid; CER Current Measures,T06,5,5,5,5,5,transport-cost-invest-school-buses-db3394b4:composite:1:4cfd8123718eed66
NLLAB,T_HDV_BS_DSL_PHEV_N,2030,75.5222253464583,$M 2020CAD / k vehicles,NLR manufacturing price (RPE / 1.5); Mid; CER Current Measures,T06,5,5,5,5,5,transport-cost-invest-school-buses-db3394b4:composite:1:4cfd8123718eed66
NLLAB,T_HDV_BS_DSL_PHEV_N,2035,68.7271956132863,$M 2020CAD / k vehicles,NLR manufacturing price (RPE / 1.5); Mid; CER Current Measures,T06,5,5,5,5,5,transport-cost-invest-school-buses-db3394b4:composite:1:4cfd8123718eed66
NLLAB,T_HDV_BS_DSL_PHEV_N,2040,65.82679894735955,$M 2020CAD / k vehicles,NLR manufacturing price (RPE / 1.5); Mid; CER Current Measures,T06,5,5,5,5,5,transport-cost-invest-school-buses-db3394b4:composite:1:4cfd8123718eed66
NLLAB,T_HDV_BS_DSL_PHEV_N,2045,62.926402281432814,$M 2020CAD / k vehicles,NLR manufacturing price (RPE / 1.5); Mid; CER Current Measures,T06,5,5,5,5,5,transport-cost-invest-school-buses-db3394b4:composite:1:4cfd8123718eed66
NLLAB,T_HDV_BS_FCEV_N,2025,84.25313276484489,$M 2020CAD / k vehicles,NLR manufacturing price (RPE / 1.5); Mid; CER Current Measures,T06,5,5,5,5,5,transport-cost-invest-school-buses-db3394b4:composite:1:4cfd8123718eed66
NLLAB,T_HDV_BS_FCEV_N,2030,66.34980196477711,$M 2020CAD / k vehicles,NLR manufacturing price (RPE / 1.5); Mid; CER Current Measures,T06,5,5,5,5,5,transport-cost-invest-school-buses-db3394b4:composite:1:4cfd8123718eed66
NLLAB,T_HDV_BS_FCEV_N,2035,60.95821279762239,$M 2020CAD / k vehicles,NLR manufacturing price (RPE / 1.5); Mid; CER Current Measures,T06,5,5,5,5,5,transport-cost-invest-school-buses-db3394b4:composite:1:4cfd8123718eed66
NLLAB,T_HDV_BS_FCEV_N,2040,59.87116842004512,$M 2020CAD / k vehicles,NLR manufacturing price (RPE / 1.5); Mid; CER Current Measures,T06,5,5,5,5,5,transport-cost-invest-school-buses-db3394b4:composite:1:4cfd8123718eed66
NLLAB,T_HDV_BS_FCEV_N,2045,58.78412404246786,$M 2020CAD / k vehicles,NLR manufacturing price (RPE / 1.5); Mid; CER Current Measures,T06,5,5,5,5,5,transport-cost-invest-school-buses-db3394b4:composite:1:4cfd8123718eed66
NLLAB,T_HDV_BS_FCHEV_N,2025,73.60226770799707,$M 2020CAD / k vehicles,NLR manufacturing price (RPE / 1.5); Mid; CER Current Measures,T06,5,5,5,5,5,transport-cost-invest-school-buses-db3394b4:composite:1:4cfd8123718eed66
NLLAB,T_HDV_BS_FCHEV_N,2030,61.272368386889674,$M 2020CAD / k vehicles,NLR manufacturing price (RPE / 1.5); Mid; CER Current Measures,T06,5,5,5,5,5,transport-cost-invest-school-buses-db3394b4:composite:1:4cfd8123718eed66
NLLAB,T_HDV_BS_FCHEV_N,2035,57.07478272624065,$M 2020CAD / k vehicles,NLR manufacturing price (RPE / 1.5); Mid; CER Current Measures,T06,5,5,5,5,5,transport-cost-invest-school-buses-db3394b4:composite:1:4cfd8123718eed66
NLLAB,T_HDV_BS_FCHEV_N,2040,55.59150607391185,$M 2020CAD / k vehicles,NLR manufacturing price (RPE / 1.5); Mid; CER Current Measures,T06,5,5,5,5,5,transport-cost-invest-school-buses-db3394b4:composite:1:4cfd8123718eed66
NLLAB,T_HDV_BS_FCHEV_N,2045,54.10822942158307,$M 2020CAD / k vehicles,NLR manufacturing price (RPE / 1.5); Mid; CER Current Measures,T06,5,5,5,5,5,transport-cost-invest-school-buses-db3394b4:composite:1:4cfd8123718eed66
NLLAB,T_HDV_BS_GSL_N,2025,53.16800325295391,$M 2020CAD / k vehicles,NLR manufacturing price (RPE / 1.5); reviewed gasoline->diesel purchase proxy; Mid; CER Current Measures,T06,5,5,5,5,5,transport-cost-invest-school-buses-db3394b4:composite:1:4cfd8123718eed66
NLLAB,T_HDV_BS_GSL_N,2030,53.4655312378343,$M 2020CAD / k vehicles,NLR manufacturing price (RPE / 1.5); reviewed gasoline->diesel purchase proxy; Mid; CER Current Measures,T06,5,5,5,5,5,transport-cost-invest-school-buses-db3394b4:composite:1:4cfd8123718eed66
NLLAB,T_HDV_BS_GSL_N,2035,53.3714260725808,$M 2020CAD / k vehicles,NLR manufacturing price (RPE / 1.5); reviewed gasoline->diesel purchase proxy; Mid; CER Current Measures,T06,5,5,5,5,5,transport-cost-invest-school-buses-db3394b4:composite:1:4cfd8123718eed66
NLLAB,T_HDV_BS_GSL_N,2040,53.437700637583895,$M 2020CAD / k vehicles,NLR manufacturing price (RPE / 1.5); reviewed gasoline->diesel purchase proxy; Mid; CER Current Measures,T06,5,5,5,5,5,transport-cost-invest-school-buses-db3394b4:composite:1:4cfd8123718eed66
NLLAB,T_HDV_BS_GSL_N,2045,53.50397520258698,$M 2020CAD / k vehicles,NLR manufacturing price (RPE / 1.5); reviewed gasoline->diesel purchase proxy; Mid; CER Current Measures,T06,5,5,5,5,5,transport-cost-invest-school-buses-db3394b4:composite:1:4cfd8123718eed66
NLLAB,T_HDV_BT_BEV_N,2025,274.5762303654073,$M 2020CAD / k vehicles,NLR manufacturing price (RPE / 1.5); Mid; CER Current Measures,T06,5,5,5,5,5,transport-cost-invest-urban-transit-db3394b4:composite:1:0cb1db7af1a5e7c6
NLLAB,T_HDV_BT_BEV_N,2030,238.945043058376,$M 2020CAD / k vehicles,NLR manufacturing price (RPE / 1.5); Mid; CER Current Measures,T06,5,5,5,5,5,transport-cost-invest-urban-transit-db3394b4:composite:1:0cb1db7af1a5e7c6
NLLAB,T_HDV_BT_BEV_N,2035,223.4573140190256,$M 2020CAD / k vehicles,NLR manufacturing price (RPE / 1.5); Mid; CER Current Measures,T06,5,5,5,5,5,transport-cost-invest-urban-transit-db3394b4:composite:1:0cb1db7af1a5e7c6
NLLAB,T_HDV_BT_BEV_N,2040,213.91920126710497,$M 2020CAD / k vehicles,NLR manufacturing price (RPE / 1.5); Mid; CER Current Measures,T06,5,5,5,5,5,transport-cost-invest-urban-transit-db3394b4:composite:1:0cb1db7af1a5e7c6
NLLAB,T_HDV_BT_BEV_N,2045,204.38108851518436,$M 2020CAD / k vehicles,NLR manufacturing price (RPE / 1.5); Mid; CER Current Measures,T06,5,5,5,5,5,transport-cost-invest-urban-transit-db3394b4:composite:1:0cb1db7af1a5e7c6
NLLAB,T_HDV_BT_CNG_N,2025,168.10437279387037,$M 2020CAD / k vehicles,NLR manufacturing price (RPE / 1.5); reviewed cng->diesel purchase proxy; Mid; CER Current Measures,T06,5,5,5,5,5,transport-cost-invest-urban-transit-db3394b4:composite:1:0cb1db7af1a5e7c6
NLLAB,T_HDV_BT_CNG_N,2030,168.63008811554965,$M 2020CAD / k vehicles,NLR manufacturing price (RPE / 1.5); reviewed cng->diesel purchase proxy; Mid; CER Current Measures,T06,5,5,5,5,5,transport-cost-invest-urban-transit-db3394b4:composite:1:0cb1db7af1a5e7c6
NLLAB,T_HDV_BT_CNG_N,2035,168.74400489454072,$M 2020CAD / k vehicles,NLR manufacturing price (RPE / 1.5); reviewed cng->diesel purchase proxy; Mid; CER Current Measures,T06,5,5,5,5,5,transport-cost-invest-urban-transit-db3394b4:composite:1:0cb1db7af1a5e7c6
NLLAB,T_HDV_BT_CNG_N,2040,168.88528056869325,$M 2020CAD / k vehicles,NLR manufacturing price (RPE / 1.5); reviewed cng->diesel purchase proxy; Mid; CER Current Measures,T06,5,5,5,5,5,transport-cost-invest-urban-transit-db3394b4:composite:1:0cb1db7af1a5e7c6
NLLAB,T_HDV_BT_CNG_N,2045,169.02655624284563,$M 2020CAD / k vehicles,NLR manufacturing price (RPE / 1.5); reviewed cng->diesel purchase proxy; Mid; CER Current Measures,T06,5,5,5,5,5,transport-cost-invest-urban-transit-db3394b4:composite:1:0cb1db7af1a5e7c6
NLLAB,T_HDV_BT_DSL_HEV_N,2025,181.6703753006759,$M 2020CAD / k vehicles,NLR manufacturing price (RPE / 1.5); Mid; CER Current Measures,T06,5,5,5,5,5,transport-cost-invest-urban-transit-db3394b4:composite:1:0cb1db7af1a5e7c6
NLLAB,T_HDV_BT_DSL_HEV_N,2030,179.65737383341144,$M 2020CAD / k vehicles,NLR manufacturing price (RPE / 1.5); Mid; CER Current Measures,T06,5,5,5,5,5,transport-cost-invest-urban-transit-db3394b4:composite:1:0cb1db7af1a5e7c6
NLLAB,T_HDV_BT_DSL_HEV_N,2035,177.85946988672637,$M 2020CAD / k vehicles,NLR manufacturing price (RPE / 1.5); Mid; CER Current Measures,T06,5,5,5,5,5,transport-cost-invest-urban-transit-db3394b4:composite:1:0cb1db7af1a5e7c6
NLLAB,T_HDV_BT_DSL_HEV_N,2040,177.83211099156486,$M 2020CAD / k vehicles,NLR manufacturing price (RPE / 1.5); Mid; CER Current Measures,T06,5,5,5,5,5,transport-cost-invest-urban-transit-db3394b4:composite:1:0cb1db7af1a5e7c6
NLLAB,T_HDV_BT_DSL_HEV_N,2045,177.80475209640355,$M 2020CAD / k vehicles,NLR manufacturing price (RPE / 1.5); Mid; CER Current Measures,T06,5,5,5,5,5,transport-cost-invest-urban-transit-db3394b4:composite:1:0cb1db7af1a5e7c6
NLLAB,T_HDV_BT_DSL_N,2025,168.10437279387037,$M 2020CAD / k vehicles,NLR manufacturing price (RPE / 1.5); Mid; CER Current Measures,T06,5,5,5,5,5,transport-cost-invest-urban-transit-db3394b4:composite:1:0cb1db7af1a5e7c6
NLLAB,T_HDV_BT_DSL_N,2030,168.63008811554965,$M 2020CAD / k vehicles,NLR manufacturing price (RPE / 1.5); Mid; CER Current Measures,T06,5,5,5,5,5,transport-cost-invest-urban-transit-db3394b4:composite:1:0cb1db7af1a5e7c6
NLLAB,T_HDV_BT_DSL_N,2035,168.74400489454072,$M 2020CAD / k vehicles,NLR manufacturing price (RPE / 1.5); Mid; CER Current Measures,T06,5,5,5,5,5,transport-cost-invest-urban-transit-db3394b4:composite:1:0cb1db7af1a5e7c6
NLLAB,T_HDV_BT_DSL_N,2040,168.88528056869325,$M 2020CAD / k vehicles,NLR manufacturing price (RPE / 1.5); Mid; CER Current Measures,T06,5,5,5,5,5,transport-cost-invest-urban-transit-db3394b4:composite:1:0cb1db7af1a5e7c6
NLLAB,T_HDV_BT_DSL_N,2045,169.02655624284563,$M 2020CAD / k vehicles,NLR manufacturing price (RPE / 1.5); Mid; CER Current Measures,T06,5,5,5,5,5,transport-cost-invest-urban-transit-db3394b4:composite:1:0cb1db7af1a5e7c6
NLLAB,T_HDV_BT_DSL_PHEV_N,2025,259.0927466718578,$M 2020CAD / k vehicles,NLR manufacturing price (RPE / 1.5); Mid; CER Current Measures,T06,5,5,5,5,5,transport-cost-invest-urban-transit-db3394b4:composite:1:0cb1db7af1a5e7c6
NLLAB,T_HDV_BT_DSL_PHEV_N,2030,231.4194600686309,$M 2020CAD / k vehicles,NLR manufacturing price (RPE / 1.5); Mid; CER Current Measures,T06,5,5,5,5,5,transport-cost-invest-urban-transit-db3394b4:composite:1:0cb1db7af1a5e7c6
NLLAB,T_HDV_BT_DSL_PHEV_N,2035,215.48950750835243,$M 2020CAD / k vehicles,NLR manufacturing price (RPE / 1.5); Mid; CER Current Measures,T06,5,5,5,5,5,transport-cost-invest-urban-transit-db3394b4:composite:1:0cb1db7af1a5e7c6
NLLAB,T_HDV_BT_DSL_PHEV_N,2040,207.95920746771745,$M 2020CAD / k vehicles,NLR manufacturing price (RPE / 1.5); Mid; CER Current Measures,T06,5,5,5,5,5,transport-cost-invest-urban-transit-db3394b4:composite:1:0cb1db7af1a5e7c6
NLLAB,T_HDV_BT_DSL_PHEV_N,2045,200.42890742708235,$M 2020CAD / k vehicles,NLR manufacturing price (RPE / 1.5); Mid; CER Current Measures,T06,5,5,5,5,5,transport-cost-invest-urban-transit-db3394b4:composite:1:0cb1db7af1a5e7c6
NLLAB,T_HDV_BT_FCEV_N,2025,215.50153598812167,$M 2020CAD / k vehicles,NLR manufacturing price (RPE / 1.5); Mid; CER Current Measures,T06,5,5,5,5,5,transport-cost-invest-urban-transit-db3394b4:composite:1:0cb1db7af1a5e7c6
NLLAB,T_HDV_BT_FCEV_N,2030,191.4891525805455,$M 2020CAD / k vehicles,NLR manufacturing price (RPE / 1.5); Mid; CER Current Measures,T06,5,5,5,5,5,transport-cost-invest-urban-transit-db3394b4:composite:1:0cb1db7af1a5e7c6
NLLAB,T_HDV_BT_FCEV_N,2035,184.77018529297314,$M 2020CAD / k vehicles,NLR manufacturing price (RPE / 1.5); Mid; CER Current Measures,T06,5,5,5,5,5,transport-cost-invest-urban-transit-db3394b4:composite:1:0cb1db7af1a5e7c6
NLLAB,T_HDV_BT_FCEV_N,2040,183.30082394076953,$M 2020CAD / k vehicles,NLR manufacturing price (RPE / 1.5); Mid; CER Current Measures,T06,5,5,5,5,5,transport-cost-invest-urban-transit-db3394b4:composite:1:0cb1db7af1a5e7c6
NLLAB,T_HDV_BT_FCEV_N,2045,181.83146258856593,$M 2020CAD / k vehicles,NLR manufacturing price (RPE / 1.5); Mid; CER Current Measures,T06,5,5,5,5,5,transport-cost-invest-urban-transit-db3394b4:composite:1:0cb1db7af1a5e7c6
NLLAB,T_HDV_BT_FCHEV_N,2025,199.82064371482988,$M 2020CAD / k vehicles,NLR manufacturing price (RPE / 1.5); Mid; CER Current Measures,T06,5,5,5,5,5,transport-cost-invest-urban-transit-db3394b4:composite:1:0cb1db7af1a5e7c6
NLLAB,T_HDV_BT_FCHEV_N,2030,183.79870866219838,$M 2020CAD / k vehicles,NLR manufacturing price (RPE / 1.5); Mid; CER Current Measures,T06,5,5,5,5,5,transport-cost-invest-urban-transit-db3394b4:composite:1:0cb1db7af1a5e7c6
NLLAB,T_HDV_BT_FCHEV_N,2035,177.91395182450466,$M 2020CAD / k vehicles,NLR manufacturing price (RPE / 1.5); Mid; CER Current Measures,T06,5,5,5,5,5,transport-cost-invest-urban-transit-db3394b4:composite:1:0cb1db7af1a5e7c6
NLLAB,T_HDV_BT_FCHEV_N,2040,175.96227201880893,$M 2020CAD / k vehicles,NLR manufacturing price (RPE / 1.5); Mid; CER Current Measures,T06,5,5,5,5,5,transport-cost-invest-urban-transit-db3394b4:composite:1:0cb1db7af1a5e7c6
NLLAB,T_HDV_BT_FCHEV_N,2045,174.01059221311317,$M 2020CAD / k vehicles,NLR manufacturing price (RPE / 1.5); Mid; CER Current Measures,T06,5,5,5,5,5,transport-cost-invest-urban-transit-db3394b4:composite:1:0cb1db7af1a5e7c6
NLLAB,T_HDV_BT_GSL_N,2025,168.10437279387037,$M 2020CAD / k vehicles,NLR manufacturing price (RPE / 1.5); reviewed gasoline->diesel purchase proxy; Mid; CER Current Measures,T06,5,5,5,5,5,transport-cost-invest-urban-transit-db3394b4:composite:1:0cb1db7af1a5e7c6
NLLAB,T_HDV_BT_GSL_N,2030,168.63008811554965,$M 2020CAD / k vehicles,NLR manufacturing price (RPE / 1.5); reviewed gasoline->diesel purchase proxy; Mid; CER Current Measures,T06,5,5,5,5,5,transport-cost-invest-urban-transit-db3394b4:composite:1:0cb1db7af1a5e7c6
NLLAB,T_HDV_BT_GSL_N,2035,168.74400489454072,$M 2020CAD / k vehicles,NLR manufacturing price (RPE / 1.5); reviewed gasoline->diesel purchase proxy; Mid; CER Current Measures,T06,5,5,5,5,5,transport-cost-invest-urban-transit-db3394b4:composite:1:0cb1db7af1a5e7c6
NLLAB,T_HDV_BT_GSL_N,2040,168.88528056869325,$M 2020CAD / k vehicles,NLR manufacturing price (RPE / 1.5); reviewed gasoline->diesel purchase proxy; Mid; CER Current Measures,T06,5,5,5,5,5,transport-cost-invest-urban-transit-db3394b4:composite:1:0cb1db7af1a5e7c6
NLLAB,T_HDV_BT_GSL_N,2045,169.02655624284563,$M 2020CAD / k vehicles,NLR manufacturing price (RPE / 1.5); reviewed gasoline->diesel purchase proxy; Mid; CER Current Measures,T06,5,5,5,5,5,transport-cost-invest-urban-transit-db3394b4:composite:1:0cb1db7af1a5e7c6
NLLAB,T_HDV_RF_DSL_N,2025,39.10602039451965,$M 2020CAD / bn tonne-km,CIMS service CAPEX times REGEN relative multiplier; Mid; CER Current Measures,T15,5,5,5,5,5,transport-cost-invest-freight-rail-7153c4b0:composite:1:67df951b6b1f4bd6
NLLAB,T_HDV_RF_DSL_N,2030,39.10602039451965,$M 2020CAD / bn tonne-km,CIMS service CAPEX times REGEN relative multiplier; Mid; CER Current Measures,T15,5,5,5,5,5,transport-cost-invest-freight-rail-7153c4b0:composite:1:67df951b6b1f4bd6
NLLAB,T_HDV_RF_DSL_N,2035,39.10602039451965,$M 2020CAD / bn tonne-km,CIMS service CAPEX times REGEN relative multiplier; Mid; CER Current Measures,T15,5,5,5,5,5,transport-cost-invest-freight-rail-7153c4b0:composite:1:67df951b6b1f4bd6
NLLAB,T_HDV_RF_DSL_N,2040,39.10602039451965,$M 2020CAD / bn tonne-km,CIMS service CAPEX times REGEN relative multiplier; Mid; CER Current Measures,T15,5,5,5,5,5,transport-cost-invest-freight-rail-7153c4b0:composite:1:67df951b6b1f4bd6
NLLAB,T_HDV_RF_DSL_N,2045,39.10602039451965,$M 2020CAD / bn tonne-km,CIMS service CAPEX times REGEN relative multiplier; Mid; CER Current Measures,T15,5,5,5,5,5,transport-cost-invest-freight-rail-7153c4b0:composite:1:67df951b6b1f4bd6
NLLAB,T_HDV_RF_H2_N,2025,74.69249895353255,$M 2020CAD / bn tonne-km,CIMS service CAPEX times REGEN relative multiplier; Mid; CER Current Measures,T15,5,5,5,5,5,transport-cost-invest-freight-rail-2b87d19f:composite:1:515b0963e9e286db
NLLAB,T_HDV_RF_H2_N,2030,74.69249895353255,$M 2020CAD / bn tonne-km,CIMS service CAPEX times REGEN relative multiplier; Mid; CER Current Measures,T15,5,5,5,5,5,transport-cost-invest-freight-rail-2b87d19f:composite:1:515b0963e9e286db
NLLAB,T_HDV_RF_H2_N,2035,74.69249895353255,$M 2020CAD / bn tonne-km,CIMS service CAPEX times REGEN relative multiplier; Mid; CER Current Measures,T15,5,5,5,5,5,transport-cost-invest-freight-rail-2b87d19f:composite:1:515b0963e9e286db
NLLAB,T_HDV_RF_H2_N,2040,68.4355356904094,$M 2020CAD / bn tonne-km,CIMS service CAPEX times REGEN relative multiplier; Mid; CER Current Measures,T15,5,5,5,5,5,transport-cost-invest-freight-rail-2b87d19f:composite:1:515b0963e9e286db
NLLAB,T_HDV_RF_H2_N,2045,62.178572427286255,$M 2020CAD / bn tonne-km,CIMS service CAPEX times REGEN relative multiplier; Mid; CER Current Measures,T15,5,5,5,5,5,transport-cost-invest-freight-rail-2b87d19f:composite:1:515b0963e9e286db
NLLAB,T_HDV_RF_LNG_N,2025,61.39645201939587,$M 2020CAD / bn tonne-km,CIMS service CAPEX times REGEN relative multiplier; Mid; CER Current Measures,T15,5,5,5,5,5,transport-cost-invest-freight-rail-2b87d19f:composite:1:515b0963e9e286db
NLLAB,T_HDV_RF_LNG_N,2030,61.39645201939587,$M 2020CAD / bn tonne-km,CIMS service CAPEX times REGEN relative multiplier; Mid; CER Current Measures,T15,5,5,5,5,5,transport-cost-invest-freight-rail-2b87d19f:composite:1:515b0963e9e286db
NLLAB,T_HDV_RF_LNG_N,2035,61.39645201939587,$M 2020CAD / bn tonne-km,CIMS service CAPEX times REGEN relative multiplier; Mid; CER Current Measures,T15,5,5,5,5,5,transport-cost-invest-freight-rail-2b87d19f:composite:1:515b0963e9e286db
NLLAB,T_HDV_RF_LNG_N,2040,61.13574521676574,$M 2020CAD / bn tonne-km,CIMS service CAPEX times REGEN relative multiplier; Mid; CER Current Measures,T15,5,5,5,5,5,transport-cost-invest-freight-rail-2b87d19f:composite:1:515b0963e9e286db
NLLAB,T_HDV_RF_LNG_N,2045,60.87503841413561,$M 2020CAD / bn tonne-km,CIMS service CAPEX times REGEN relative multiplier; Mid; CER Current Measures,T15,5,5,5,5,5,transport-cost-invest-freight-rail-2b87d19f:composite:1:515b0963e9e286db
NLLAB,T_HDV_RICP_DSL_N,2025,1885.6878005906885,$M 2020CAD / bn passenger-km,CIMS service CAPEX times REGEN relative multiplier; Mid; CER Current Measures,T15,5,5,5,5,5,transport-cost-invest-passenger-rail-7153c4b0:composite:1:37d8b07bf17dc2b2
NLLAB,T_HDV_RICP_DSL_N,2030,1885.6878005906885,$M 2020CAD / bn passenger-km,CIMS service CAPEX times REGEN relative multiplier; Mid; CER Current Measures,T15,5,5,5,5,5,transport-cost-invest-passenger-rail-7153c4b0:composite:1:37d8b07bf17dc2b2
NLLAB,T_HDV_RICP_DSL_N,2035,1885.6878005906885,$M 2020CAD / bn passenger-km,CIMS service CAPEX times REGEN relative multiplier; Mid; CER Current Measures,T15,5,5,5,5,5,transport-cost-invest-passenger-rail-7153c4b0:composite:1:37d8b07bf17dc2b2
NLLAB,T_HDV_RICP_DSL_N,2040,1885.6878005906885,$M 2020CAD / bn passenger-km,CIMS service CAPEX times REGEN relative multiplier; Mid; CER Current Measures,T15,5,5,5,5,5,transport-cost-invest-passenger-rail-7153c4b0:composite:1:37d8b07bf17dc2b2
NLLAB,T_HDV_RICP_DSL_N,2045,1885.6878005906885,$M 2020CAD / bn passenger-km,CIMS service CAPEX times REGEN relative multiplier; Mid; CER Current Measures,T15,5,5,5,5,5,transport-cost-invest-passenger-rail-7153c4b0:composite:1:37d8b07bf17dc2b2
NLLAB,T_HDV_RICP_H2_N,2025,2168.5409706792916,$M 2020CAD / bn passenger-km,CIMS service CAPEX times REGEN relative multiplier; Mid; CER Current Measures,T15,5,5,5,5,5,transport-cost-invest-passenger-rail-2b87d19f:composite:1:5b60ef866184bd6b
NLLAB,T_HDV_RICP_H2_N,2030,2168.5409706792916,$M 2020CAD / bn passenger-km,CIMS service CAPEX times REGEN relative multiplier; Mid; CER Current Measures,T15,5,5,5,5,5,transport-cost-invest-passenger-rail-2b87d19f:composite:1:5b60ef866184bd6b
NLLAB,T_HDV_RICP_H2_N,2035,2168.5409706792916,$M 2020CAD / bn passenger-km,CIMS service CAPEX times REGEN relative multiplier; Mid; CER Current Measures,T15,5,5,5,5,5,transport-cost-invest-passenger-rail-2b87d19f:composite:1:5b60ef866184bd6b
NLLAB,T_HDV_RICP_H2_N,2040,2080.5422066517262,$M 2020CAD / bn passenger-km,CIMS service CAPEX times REGEN relative multiplier; Mid; CER Current Measures,T15,5,5,5,5,5,transport-cost-invest-passenger-rail-2b87d19f:composite:1:5b60ef866184bd6b
NLLAB,T_HDV_RICP_H2_N,2045,1992.5434426241607,$M 2020CAD / bn passenger-km,CIMS service CAPEX times REGEN relative multiplier; Mid; CER Current Measures,T15,5,5,5,5,5,transport-cost-invest-passenger-rail-2b87d19f:composite:1:5b60ef866184bd6b
NLLAB,T_HDV_T_BEV_N,2025,364.09408055017343,$M 2020CAD / k vehicles,NLR manufacturing price (RPE / 1.5); Mid; CER Current Measures,T06,5,5,5,5,5,transport-cost-invest-heavy-trucks-e1dceb92:composite:1:9b25f19b8719c99d
NLLAB,T_HDV_T_BEV_N,2030,268.60378110771603,$M 2020CAD / k vehicles,NLR manufacturing price (RPE / 1.5); Mid; CER Current Measures,T06,5,5,5,5,5,transport-cost-invest-heavy-trucks-e1dceb92:composite:1:9b25f19b8719c99d
NLLAB,T_HDV_T_BEV_N,2035,219.64184441258612,$M 2020CAD / k vehicles,NLR manufacturing price (RPE / 1.5); Mid; CER Current Measures,T06,5,5,5,5,5,transport-cost-invest-heavy-trucks-e1dceb92:composite:1:9b25f19b8719c99d
NLLAB,T_HDV_T_BEV_N,2040,197.61010767075177,$M 2020CAD / k vehicles,NLR manufacturing price (RPE / 1.5); Mid; CER Current Measures,T06,5,5,5,5,5,transport-cost-invest-heavy-trucks-e1dceb92:composite:1:9b25f19b8719c99d
NLLAB,T_HDV_T_BEV_N,2045,175.57837092891754,$M 2020CAD / k vehicles,NLR manufacturing price (RPE / 1.5); Mid; CER Current Measures,T06,5,5,5,5,5,transport-cost-invest-heavy-trucks-e1dceb92:composite:1:9b25f19b8719c99d
NLLAB,T_HDV_T_DSL_HEV_N,2025,123.30379459416015,$M 2020CAD / k vehicles,NLR manufacturing price (RPE / 1.5); Mid; CER Current Measures,T06,5,5,5,5,5,transport-cost-invest-heavy-trucks-e1dceb92:composite:1:9b25f19b8719c99d
NLLAB,T_HDV_T_DSL_HEV_N,2030,122.81882307918474,$M 2020CAD / k vehicles,NLR manufacturing price (RPE / 1.5); Mid; CER Current Measures,T06,5,5,5,5,5,transport-cost-invest-heavy-trucks-e1dceb92:composite:1:9b25f19b8719c99d
NLLAB,T_HDV_T_DSL_HEV_N,2035,122.24278907436475,$M 2020CAD / k vehicles,NLR manufacturing price (RPE / 1.5); Mid; CER Current Measures,T06,5,5,5,5,5,transport-cost-invest-heavy-trucks-e1dceb92:composite:1:9b25f19b8719c99d
NLLAB,T_HDV_T_DSL_HEV_N,2040,122.76869055306499,$M 2020CAD / k vehicles,NLR manufacturing price (RPE / 1.5); Mid; CER Current Measures,T06,5,5,5,5,5,transport-cost-invest-heavy-trucks-e1dceb92:composite:1:9b25f19b8719c99d
NLLAB,T_HDV_T_DSL_HEV_N,2045,123.29459203176516,$M 2020CAD / k vehicles,NLR manufacturing price (RPE / 1.5); Mid; CER Current Measures,T06,5,5,5,5,5,transport-cost-invest-heavy-trucks-e1dceb92:composite:1:9b25f19b8719c99d
NLLAB,T_HDV_T_DSL_N,2025,112.67115147196854,$M 2020CAD / k vehicles,NLR manufacturing price (RPE / 1.5); Mid; CER Current Measures,T06,5,5,5,5,5,transport-cost-invest-heavy-trucks-e1dceb92:composite:1:9b25f19b8719c99d
NLLAB,T_HDV_T_DSL_N,2030,113.41797100720729,$M 2020CAD / k vehicles,NLR manufacturing price (RPE / 1.5); Mid; CER Current Measures,T06,5,5,5,5,5,transport-cost-invest-heavy-trucks-e1dceb92:composite:1:9b25f19b8719c99d
NLLAB,T_HDV_T_DSL_N,2035,113.86994285241298,$M 2020CAD / k vehicles,NLR manufacturing price (RPE / 1.5); Mid; CER Current Measures,T06,5,5,5,5,5,transport-cost-invest-heavy-trucks-e1dceb92:composite:1:9b25f19b8719c99d
NLLAB,T_HDV_T_DSL_N,2040,114.54748035448921,$M 2020CAD / k vehicles,NLR manufacturing price (RPE / 1.5); Mid; CER Current Measures,T06,5,5,5,5,5,transport-cost-invest-heavy-trucks-e1dceb92:composite:1:9b25f19b8719c99d
NLLAB,T_HDV_T_DSL_N,2045,115.22501785656542,$M 2020CAD / k vehicles,NLR manufacturing price (RPE / 1.5); Mid; CER Current Measures,T06,5,5,5,5,5,transport-cost-invest-heavy-trucks-e1dceb92:composite:1:9b25f19b8719c99d
NLLAB,T_HDV_T_DSL_PHEV_N,2025,339.53724966411903,$M 2020CAD / k vehicles,NLR manufacturing price (RPE / 1.5); Mid; CER Current Measures,T06,5,5,5,5,5,transport-cost-invest-heavy-trucks-e1dceb92:composite:1:9b25f19b8719c99d
NLLAB,T_HDV_T_DSL_PHEV_N,2030,259.3004802947567,$M 2020CAD / k vehicles,NLR manufacturing price (RPE / 1.5); Mid; CER Current Measures,T06,5,5,5,5,5,transport-cost-invest-heavy-trucks-e1dceb92:composite:1:9b25f19b8719c99d
NLLAB,T_HDV_T_DSL_PHEV_N,2035,214.23503830306026,$M 2020CAD / k vehicles,NLR manufacturing price (RPE / 1.5); Mid; CER Current Measures,T06,5,5,5,5,5,transport-cost-invest-heavy-trucks-e1dceb92:composite:1:9b25f19b8719c99d
NLLAB,T_HDV_T_DSL_PHEV_N,2040,195.328339326721,$M 2020CAD / k vehicles,NLR manufacturing price (RPE / 1.5); Mid; CER Current Measures,T06,5,5,5,5,5,transport-cost-invest-heavy-trucks-e1dceb92:composite:1:9b25f19b8719c99d
NLLAB,T_HDV_T_DSL_PHEV_N,2045,176.42164035038172,$M 2020CAD / k vehicles,NLR manufacturing price (RPE / 1.5); Mid; CER Current Measures,T06,5,5,5,5,5,transport-cost-invest-heavy-trucks-e1dceb92:composite:1:9b25f19b8719c99d
NLLAB,T_HDV_T_FCEV_N,2025,208.90857924103918,$M 2020CAD / k vehicles,NLR manufacturing price (RPE / 1.5); Mid; CER Current Measures,T06,5,5,5,5,5,transport-cost-invest-heavy-trucks-e1dceb92:composite:1:9b25f19b8719c99d
NLLAB,T_HDV_T_FCEV_N,2030,149.37704683124628,$M 2020CAD / k vehicles,NLR manufacturing price (RPE / 1.5); Mid; CER Current Measures,T06,5,5,5,5,5,transport-cost-invest-heavy-trucks-e1dceb92:composite:1:9b25f19b8719c99d
NLLAB,T_HDV_T_FCEV_N,2035,134.81593893104284,$M 2020CAD / k vehicles,NLR manufacturing price (RPE / 1.5); Mid; CER Current Measures,T06,5,5,5,5,5,transport-cost-invest-heavy-trucks-e1dceb92:composite:1:9b25f19b8719c99d
NLLAB,T_HDV_T_FCEV_N,2040,131.727110549312,$M 2020CAD / k vehicles,NLR manufacturing price (RPE / 1.5); Mid; CER Current Measures,T06,5,5,5,5,5,transport-cost-invest-heavy-trucks-e1dceb92:composite:1:9b25f19b8719c99d
NLLAB,T_HDV_T_FCEV_N,2045,128.63828216758122,$M 2020CAD / k vehicles,NLR manufacturing price (RPE / 1.5); Mid; CER Current Measures,T06,5,5,5,5,5,transport-cost-invest-heavy-trucks-e1dceb92:composite:1:9b25f19b8719c99d
NLLAB,T_HDV_T_FCHEV_N,2025,173.6063581301582,$M 2020CAD / k vehicles,NLR manufacturing price (RPE / 1.5); Mid; CER Current Measures,T06,5,5,5,5,5,transport-cost-invest-heavy-trucks-e1dceb92:composite:1:9b25f19b8719c99d
NLLAB,T_HDV_T_FCHEV_N,2030,134.12179238567722,$M 2020CAD / k vehicles,NLR manufacturing price (RPE / 1.5); Mid; CER Current Measures,T06,5,5,5,5,5,transport-cost-invest-heavy-trucks-e1dceb92:composite:1:9b25f19b8719c99d
NLLAB,T_HDV_T_FCHEV_N,2035,121.30374785670449,$M 2020CAD / k vehicles,NLR manufacturing price (RPE / 1.5); Mid; CER Current Measures,T06,5,5,5,5,5,transport-cost-invest-heavy-trucks-e1dceb92:composite:1:9b25f19b8719c99d
NLLAB,T_HDV_T_FCHEV_N,2040,117.08241219999468,$M 2020CAD / k vehicles,NLR manufacturing price (RPE / 1.5); Mid; CER Current Measures,T06,5,5,5,5,5,transport-cost-invest-heavy-trucks-e1dceb92:composite:1:9b25f19b8719c99d
NLLAB,T_HDV_T_FCHEV_N,2045,112.86107654328487,$M 2020CAD / k vehicles,NLR manufacturing price (RPE / 1.5); Mid; CER Current Measures,T06,5,5,5,5,5,transport-cost-invest-heavy-trucks-e1dceb92:composite:1:9b25f19b8719c99d
NLLAB,T_HDV_WTF_HFO_N,2025,159.71497923605244,$M 2020CAD / bn tonne-km,CIMS service CAPEX times REGEN relative multiplier; Mid; CER Current Measures,T15,5,5,5,5,5,transport-cost-invest-freight-marine-7153c4b0:composite:1:6ed78a0e5715890a
NLLAB,T_HDV_WTF_HFO_N,2030,159.71497923605244,$M 2020CAD / bn tonne-km,CIMS service CAPEX times REGEN relative multiplier; Mid; CER Current Measures,T15,5,5,5,5,5,transport-cost-invest-freight-marine-7153c4b0:composite:1:6ed78a0e5715890a
NLLAB,T_HDV_WTF_HFO_N,2035,159.71497923605244,$M 2020CAD / bn tonne-km,CIMS service CAPEX times REGEN relative multiplier; Mid; CER Current Measures,T15,5,5,5,5,5,transport-cost-invest-freight-marine-7153c4b0:composite:1:6ed78a0e5715890a
NLLAB,T_HDV_WTF_HFO_N,2040,159.71497923605244,$M 2020CAD / bn tonne-km,CIMS service CAPEX times REGEN relative multiplier; Mid; CER Current Measures,T15,5,5,5,5,5,transport-cost-invest-freight-marine-7153c4b0:composite:1:6ed78a0e5715890a
NLLAB,T_HDV_WTF_HFO_N,2045,159.71497923605244,$M 2020CAD / bn tonne-km,CIMS service CAPEX times REGEN relative multiplier; Mid; CER Current Measures,T15,5,5,5,5,5,transport-cost-invest-freight-marine-7153c4b0:composite:1:6ed78a0e5715890a
NLLAB,T_HDV_WTF_LNG_N,2025,167.70072819785508,$M 2020CAD / bn tonne-km,CIMS service CAPEX times REGEN relative multiplier; Mid; CER Current Measures,T15,5,5,5,5,5,transport-cost-invest-freight-marine-2b87d19f:composite:1:ad7b13db5806a90b
NLLAB,T_HDV_WTF_LNG_N,2030,167.70072819785508,$M 2020CAD / bn tonne-km,CIMS service CAPEX times REGEN relative multiplier; Mid; CER Current Measures,T15,5,5,5,5,5,transport-cost-invest-freight-marine-2b87d19f:composite:1:ad7b13db5806a90b
NLLAB,T_HDV_WTF_LNG_N,2035,167.70072819785508,$M 2020CAD / bn tonne-km,CIMS service CAPEX times REGEN relative multiplier; Mid; CER Current Measures,T15,5,5,5,5,5,transport-cost-invest-freight-marine-2b87d19f:composite:1:ad7b13db5806a90b
NLLAB,T_HDV_WTF_LNG_N,2040,167.70072819785508,$M 2020CAD / bn tonne-km,CIMS service CAPEX times REGEN relative multiplier; Mid; CER Current Measures,T15,5,5,5,5,5,transport-cost-invest-freight-marine-2b87d19f:composite:1:ad7b13db5806a90b
NLLAB,T_HDV_WTF_LNG_N,2045,167.70072819785508,$M 2020CAD / bn tonne-km,CIMS service CAPEX times REGEN relative multiplier; Mid; CER Current Measures,T15,5,5,5,5,5,transport-cost-invest-freight-marine-2b87d19f:composite:1:ad7b13db5806a90b
NLLAB,T_HDV_WTF_MDO_N,2025,159.71497923605244,$M 2020CAD / bn tonne-km,CIMS service CAPEX times REGEN relative multiplier; Mid; CER Current Measures,T15,5,5,5,5,5,transport-cost-invest-freight-marine-7153c4b0:composite:1:6ed78a0e5715890a
NLLAB,T_HDV_WTF_MDO_N,2030,159.71497923605244,$M 2020CAD / bn tonne-km,CIMS service CAPEX times REGEN relative multiplier; Mid; CER Current Measures,T15,5,5,5,5,5,transport-cost-invest-freight-marine-7153c4b0:composite:1:6ed78a0e5715890a
NLLAB,T_HDV_WTF_MDO_N,2035,159.71497923605244,$M 2020CAD / bn tonne-km,CIMS service CAPEX times REGEN relative multiplier; Mid; CER Current Measures,T15,5,5,5,5,5,transport-cost-invest-freight-marine-7153c4b0:composite:1:6ed78a0e5715890a
NLLAB,T_HDV_WTF_MDO_N,2040,159.71497923605244,$M 2020CAD / bn tonne-km,CIMS service CAPEX times REGEN relative multiplier; Mid; CER Current Measures,T15,5,5,5,5,5,transport-cost-invest-freight-marine-7153c4b0:composite:1:6ed78a0e5715890a
NLLAB,T_HDV_WTF_MDO_N,2045,159.71497923605244,$M 2020CAD / bn tonne-km,CIMS service CAPEX times REGEN relative multiplier; Mid; CER Current Measures,T15,5,5,5,5,5,transport-cost-invest-freight-marine-7153c4b0:composite:1:6ed78a0e5715890a
NLLAB,T_LDV_C_BEV150_N,2025,16.801003190903973,$M 2020CAD / k vehicles,NLR manufacturing price (RPE / 1.5); Mid; CER Current Measures,T06,5,5,5,5,5,transport-cost-invest-cars-17ac5a44:composite:1:6c9511ec7d0fa9a6
NLLAB,T_LDV_C_BEV150_N,2030,15.869353538567474,$M 2020CAD / k vehicles,NLR manufacturing price (RPE / 1.5); Mid; CER Current Measures,T06,5,5,5,5,5,transport-cost-invest-cars-17ac5a44:composite:1:6c9511ec7d0fa9a6
NLLAB,T_LDV_C_BEV150_N,2035,14.83975417546046,$M 2020CAD / k vehicles,NLR manufacturing price (RPE / 1.5); Mid; CER Current Measures,T06,5,5,5,5,5,transport-cost-invest-cars-17ac5a44:composite:1:6c9511ec7d0fa9a6
NLLAB,T_LDV_C_BEV150_N,2040,14.463386506311748,$M 2020CAD / k vehicles,NLR manufacturing price (RPE / 1.5); Mid; CER Current Measures,T06,5,5,5,5,5,transport-cost-invest-cars-17ac5a44:composite:1:6c9511ec7d0fa9a6
NLLAB,T_LDV_C_BEV150_N,2045,14.087018837163033,$M 2020CAD / k vehicles,NLR manufacturing price (RPE / 1.5); Mid; CER Current Measures,T06,5,5,5,5,5,transport-cost-invest-cars-17ac5a44:composite:1:6c9511ec7d0fa9a6
NLLAB,T_LDV_C_BEV200_N,2025,18.450588718181724,$M 2020CAD / k vehicles,NLR manufacturing price (RPE / 1.5); Mid; CER Current Measures,T06,5,5,5,5,5,transport-cost-invest-cars-17ac5a44:composite:1:6c9511ec7d0fa9a6
NLLAB,T_LDV_C_BEV200_N,2030,17.075432556783035,$M 2020CAD / k vehicles,NLR manufacturing price (RPE / 1.5); Mid; CER Current Measures,T06,5,5,5,5,5,transport-cost-invest-cars-17ac5a44:composite:1:6c9511ec7d0fa9a6
NLLAB,T_LDV_C_BEV200_N,2035,16.064052800119892,$M 2020CAD / k vehicles,NLR manufacturing price (RPE / 1.5); Mid; CER Current Measures,T06,5,5,5,5,5,transport-cost-invest-cars-17ac5a44:composite:1:6c9511ec7d0fa9a6
NLLAB,T_LDV_C_BEV200_N,2040,15.570840343740123,$M 2020CAD / k vehicles,NLR manufacturing price (RPE / 1.5); Mid; CER Current Measures,T06,5,5,5,5,5,transport-cost-invest-cars-17ac5a44:composite:1:6c9511ec7d0fa9a6
NLLAB,T_LDV_C_BEV200_N,2045,15.077627887360357,$M 2020CAD / k vehicles,NLR manufacturing price (RPE / 1.5); Mid; CER Current Measures,T06,5,5,5,5,5,transport-cost-invest-cars-17ac5a44:composite:1:6c9511ec7d0fa9a6
NLLAB,T_LDV_C_BEV300_N,2025,21.64471662156811,$M 2020CAD / k vehicles,NLR manufacturing price (RPE / 1.5); Mid; CER Current Measures,T06,5,5,5,5,5,transport-cost-invest-cars-17ac5a44:composite:1:6c9511ec7d0fa9a6
NLLAB,T_LDV_C_BEV300_N,2030,20.127401795353926,$M 2020CAD / k vehicles,NLR manufacturing price (RPE / 1.5); Mid; CER Current Measures,T06,5,5,5,5,5,transport-cost-invest-cars-17ac5a44:composite:1:6c9511ec7d0fa9a6
NLLAB,T_LDV_C_BEV300_N,2035,18.51224924915488,$M 2020CAD / k vehicles,NLR manufacturing price (RPE / 1.5); Mid; CER Current Measures,T06,5,5,5,5,5,transport-cost-invest-cars-17ac5a44:composite:1:6c9511ec7d0fa9a6
NLLAB,T_LDV_C_BEV300_N,2040,17.8051222661988,$M 2020CAD / k vehicles,NLR manufacturing price (RPE / 1.5); Mid; CER Current Measures,T06,5,5,5,5,5,transport-cost-invest-cars-17ac5a44:composite:1:6c9511ec7d0fa9a6
NLLAB,T_LDV_C_BEV300_N,2045,17.097995283242717,$M 2020CAD / k vehicles,NLR manufacturing price (RPE / 1.5); Mid; CER Current Measures,T06,5,5,5,5,5,transport-cost-invest-cars-17ac5a44:composite:1:6c9511ec7d0fa9a6
NLLAB,T_LDV_C_BEV400_N,2025,26.871404576953083,$M 2020CAD / k vehicles,NLR manufacturing price (RPE / 1.5); Mid; CER Current Measures,T06,5,5,5,5,5,transport-cost-invest-cars-17ac5a44:composite:1:6c9511ec7d0fa9a6
NLLAB,T_LDV_C_BEV400_N,2030,23.992811545238926,$M 2020CAD / k vehicles,NLR manufacturing price (RPE / 1.5); Mid; CER Current Measures,T06,5,5,5,5,5,transport-cost-invest-cars-17ac5a44:composite:1:6c9511ec7d0fa9a6
NLLAB,T_LDV_C_BEV400_N,2035,21.55181606660899,$M 2020CAD / k vehicles,NLR manufacturing price (RPE / 1.5); Mid; CER Current Measures,T06,5,5,5,5,5,transport-cost-invest-cars-17ac5a44:composite:1:6c9511ec7d0fa9a6
NLLAB,T_LDV_C_BEV400_N,2040,20.669024477781626,$M 2020CAD / k vehicles,NLR manufacturing price (RPE / 1.5); Mid; CER Current Measures,T06,5,5,5,5,5,transport-cost-invest-cars-17ac5a44:composite:1:6c9511ec7d0fa9a6
NLLAB,T_LDV_C_BEV400_N,2045,19.786232888954267,$M 2020CAD / k vehicles,NLR manufacturing price (RPE / 1.5); Mid; CER Current Measures,T06,5,5,5,5,5,transport-cost-invest-cars-17ac5a44:composite:1:6c9511ec7d0fa9a6
NLLAB,T_LDV_C_CNG_N,2025,23.453108528211796,$M 2020CAD / k vehicles,NLR manufacturing price (RPE / 1.5); Mid; CER Current Measures,T06,5,5,5,5,5,transport-cost-invest-cars-17ac5a44:composite:1:6c9511ec7d0fa9a6
NLLAB,T_LDV_C_CNG_N,2030,23.465204181505534,$M 2020CAD / k vehicles,NLR manufacturing price (RPE / 1.5); Mid; CER Current Measures,T06,5,5,5,5,5,transport-cost-invest-cars-17ac5a44:composite:1:6c9511ec7d0fa9a6
NLLAB,T_LDV_C_CNG_N,2035,23.51720295021423,$M 2020CAD / k vehicles,NLR manufacturing price (RPE / 1.5); Mid; CER Current Measures,T06,5,5,5,5,5,transport-cost-invest-cars-17ac5a44:composite:1:6c9511ec7d0fa9a6
NLLAB,T_LDV_C_CNG_N,2040,23.486199536200548,$M 2020CAD / k vehicles,NLR manufacturing price (RPE / 1.5); Mid; CER Current Measures,T06,5,5,5,5,5,transport-cost-invest-cars-17ac5a44:composite:1:6c9511ec7d0fa9a6
NLLAB,T_LDV_C_CNG_N,2045,23.455196122186884,$M 2020CAD / k vehicles,NLR manufacturing price (RPE / 1.5); Mid; CER Current Measures,T06,5,5,5,5,5,transport-cost-invest-cars-17ac5a44:composite:1:6c9511ec7d0fa9a6
NLLAB,T_LDV_C_DSL_N,2025,21.616273204696757,$M 2020CAD / k vehicles,NLR manufacturing price (RPE / 1.5); Mid; CER Current Measures,T06,5,5,5,5,5,transport-cost-invest-cars-17ac5a44:composite:1:6c9511ec7d0fa9a6
NLLAB,T_LDV_C_DSL_N,2030,21.664120670538832,$M 2020CAD / k vehicles,NLR manufacturing price (RPE / 1.5); Mid; CER Current Measures,T06,5,5,5,5,5,transport-cost-invest-cars-17ac5a44:composite:1:6c9511ec7d0fa9a6
NLLAB,T_LDV_C_DSL_N,2035,21.697015383143423,$M 2020CAD / k vehicles,NLR manufacturing price (RPE / 1.5); Mid; CER Current Measures,T06,5,5,5,5,5,transport-cost-invest-cars-17ac5a44:composite:1:6c9511ec7d0fa9a6
NLLAB,T_LDV_C_DSL_N,2040,21.66589628197499,$M 2020CAD / k vehicles,NLR manufacturing price (RPE / 1.5); Mid; CER Current Measures,T06,5,5,5,5,5,transport-cost-invest-cars-17ac5a44:composite:1:6c9511ec7d0fa9a6
NLLAB,T_LDV_C_DSL_N,2045,21.634777180806548,$M 2020CAD / k vehicles,NLR manufacturing price (RPE / 1.5); Mid; CER Current Measures,T06,5,5,5,5,5,transport-cost-invest-cars-17ac5a44:composite:1:6c9511ec7d0fa9a6
NLLAB,T_LDV_C_FCEV400_N,2025,24.286118891416027,$M 2020CAD / k vehicles,NLR manufacturing price (RPE / 1.5); Mid; CER Current Measures,T06,5,5,5,5,5,transport-cost-invest-cars-17ac5a44:composite:1:6c9511ec7d0fa9a6
NLLAB,T_LDV_C_FCEV400_N,2030,22.43387181478082,$M 2020CAD / k vehicles,NLR manufacturing price (RPE / 1.5); Mid; CER Current Measures,T06,5,5,5,5,5,transport-cost-invest-cars-17ac5a44:composite:1:6c9511ec7d0fa9a6
NLLAB,T_LDV_C_FCEV400_N,2035,20.99196339019948,$M 2020CAD / k vehicles,NLR manufacturing price (RPE / 1.5); Mid; CER Current Measures,T06,5,5,5,5,5,transport-cost-invest-cars-17ac5a44:composite:1:6c9511ec7d0fa9a6
NLLAB,T_LDV_C_FCEV400_N,2040,20.525515721130493,$M 2020CAD / k vehicles,NLR manufacturing price (RPE / 1.5); Mid; CER Current Measures,T06,5,5,5,5,5,transport-cost-invest-cars-17ac5a44:composite:1:6c9511ec7d0fa9a6
NLLAB,T_LDV_C_FCEV400_N,2045,20.059068052061516,$M 2020CAD / k vehicles,NLR manufacturing price (RPE / 1.5); Mid; CER Current Measures,T06,5,5,5,5,5,transport-cost-invest-cars-17ac5a44:composite:1:6c9511ec7d0fa9a6
NLLAB,T_LDV_C_GSL_HEV_N,2025,20.068117018651932,$M 2020CAD / k vehicles,NLR manufacturing price (RPE / 1.5); Mid; CER Current Measures,T06,5,5,5,5,5,transport-cost-invest-cars-17ac5a44:composite:1:6c9511ec7d0fa9a6
NLLAB,T_LDV_C_GSL_HEV_N,2030,19.480143337341726,$M 2020CAD / k vehicles,NLR manufacturing price (RPE / 1.5); Mid; CER Current Measures,T06,5,5,5,5,5,transport-cost-invest-cars-17ac5a44:composite:1:6c9511ec7d0fa9a6
NLLAB,T_LDV_C_GSL_HEV_N,2035,19.11592132553458,$M 2020CAD / k vehicles,NLR manufacturing price (RPE / 1.5); Mid; CER Current Measures,T06,5,5,5,5,5,transport-cost-invest-cars-17ac5a44:composite:1:6c9511ec7d0fa9a6
NLLAB,T_LDV_C_GSL_HEV_N,2040,18.86171930229058,$M 2020CAD / k vehicles,NLR manufacturing price (RPE / 1.5); Mid; CER Current Measures,T06,5,5,5,5,5,transport-cost-invest-cars-17ac5a44:composite:1:6c9511ec7d0fa9a6
NLLAB,T_LDV_C_GSL_HEV_N,2045,18.607517279046583,$M 2020CAD / k vehicles,NLR manufacturing price (RPE / 1.5); Mid; CER Current Measures,T06,5,5,5,5,5,transport-cost-invest-cars-17ac5a44:composite:1:6c9511ec7d0fa9a6
NLLAB,T_LDV_C_GSL_N,2025,18.099727473265236,$M 2020CAD / k vehicles,NLR manufacturing price (RPE / 1.5); Mid; CER Current Measures,T06,5,5,5,5,5,transport-cost-invest-cars-17ac5a44:composite:1:6c9511ec7d0fa9a6
NLLAB,T_LDV_C_GSL_N,2030,18.568779974193454,$M 2020CAD / k vehicles,NLR manufacturing price (RPE / 1.5); Mid; CER Current Measures,T06,5,5,5,5,5,transport-cost-invest-cars-17ac5a44:composite:1:6c9511ec7d0fa9a6
NLLAB,T_LDV_C_GSL_N,2035,19.547500130824435,$M 2020CAD / k vehicles,NLR manufacturing price (RPE / 1.5); Mid; CER Current Measures,T06,5,5,5,5,5,transport-cost-invest-cars-17ac5a44:composite:1:6c9511ec7d0fa9a6
NLLAB,T_LDV_C_GSL_N,2040,19.51661240396554,$M 2020CAD / k vehicles,NLR manufacturing price (RPE / 1.5); Mid; CER Current Measures,T06,5,5,5,5,5,transport-cost-invest-cars-17ac5a44:composite:1:6c9511ec7d0fa9a6
NLLAB,T_LDV_C_GSL_N,2045,19.485724677106628,$M 2020CAD / k vehicles,NLR manufacturing price (RPE / 1.5); Mid; CER Current Measures,T06,5,5,5,5,5,transport-cost-invest-cars-17ac5a44:composite:1:6c9511ec7d0fa9a6
NLLAB,T_LDV_C_GSL_PHEV35_N,2025,21.329665367851863,$M 2020CAD / k vehicles,NLR manufacturing price (RPE / 1.5); Mid; CER Current Measures,T06,5,5,5,5,5,transport-cost-invest-cars-17ac5a44:composite:1:6c9511ec7d0fa9a6
NLLAB,T_LDV_C_GSL_PHEV35_N,2030,20.243582306410154,$M 2020CAD / k vehicles,NLR manufacturing price (RPE / 1.5); Mid; CER Current Measures,T06,5,5,5,5,5,transport-cost-invest-cars-17ac5a44:composite:1:6c9511ec7d0fa9a6
NLLAB,T_LDV_C_GSL_PHEV35_N,2035,19.51060185521329,$M 2020CAD / k vehicles,NLR manufacturing price (RPE / 1.5); Mid; CER Current Measures,T06,5,5,5,5,5,transport-cost-invest-cars-17ac5a44:composite:1:6c9511ec7d0fa9a6
NLLAB,T_LDV_C_GSL_PHEV35_N,2040,19.119066477548746,$M 2020CAD / k vehicles,NLR manufacturing price (RPE / 1.5); Mid; CER Current Measures,T06,5,5,5,5,5,transport-cost-invest-cars-17ac5a44:composite:1:6c9511ec7d0fa9a6
NLLAB,T_LDV_C_GSL_PHEV35_N,2045,18.727531099884192,$M 2020CAD / k vehicles,NLR manufacturing price (RPE / 1.5); Mid; CER Current Measures,T06,5,5,5,5,5,transport-cost-invest-cars-17ac5a44:composite:1:6c9511ec7d0fa9a6
NLLAB,T_LDV_C_GSL_PHEV50_N,2025,22.408614632413034,$M 2020CAD / k vehicles,NLR manufacturing price (RPE / 1.5); Mid; CER Current Measures,T06,5,5,5,5,5,transport-cost-invest-cars-17ac5a44:composite:1:6c9511ec7d0fa9a6
NLLAB,T_LDV_C_GSL_PHEV50_N,2030,21.11719207550682,$M 2020CAD / k vehicles,NLR manufacturing price (RPE / 1.5); Mid; CER Current Measures,T06,5,5,5,5,5,transport-cost-invest-cars-17ac5a44:composite:1:6c9511ec7d0fa9a6
NLLAB,T_LDV_C_GSL_PHEV50_N,2035,20.22391623356339,$M 2020CAD / k vehicles,NLR manufacturing price (RPE / 1.5); Mid; CER Current Measures,T06,5,5,5,5,5,transport-cost-invest-cars-17ac5a44:composite:1:6c9511ec7d0fa9a6
NLLAB,T_LDV_C_GSL_PHEV50_N,2040,19.775126157686778,$M 2020CAD / k vehicles,NLR manufacturing price (RPE / 1.5); Mid; CER Current Measures,T06,5,5,5,5,5,transport-cost-invest-cars-17ac5a44:composite:1:6c9511ec7d0fa9a6
NLLAB,T_LDV_C_GSL_PHEV50_N,2045,19.326336081810155,$M 2020CAD / k vehicles,NLR manufacturing price (RPE / 1.5); Mid; CER Current Measures,T06,5,5,5,5,5,transport-cost-invest-cars-17ac5a44:composite:1:6c9511ec7d0fa9a6
NLLAB,T_LDV_LTF_BEV150_N,2025,23.198054549055403,$M 2020CAD / k vehicles,NLR manufacturing price (RPE / 1.5); Mid; CER Current Measures,T06,5,5,5,5,5,transport-cost-invest-freight-light-trucks-17ac5a44:composite:1:f148ff7e78890547
NLLAB,T_LDV_LTF_BEV150_N,2030,21.74990711330167,$M 2020CAD / k vehicles,NLR manufacturing price (RPE / 1.5); Mid; CER Current Measures,T06,5,5,5,5,5,transport-cost-invest-freight-light-trucks-17ac5a44:composite:1:f148ff7e78890547
NLLAB,T_LDV_LTF_BEV150_N,2035,20.655907447622376,$M 2020CAD / k vehicles,NLR manufacturing price (RPE / 1.5); Mid; CER Current Measures,T06,5,5,5,5,5,transport-cost-invest-freight-light-trucks-17ac5a44:composite:1:f148ff7e78890547
NLLAB,T_LDV_LTF_BEV150_N,2040,20.10871521160944,$M 2020CAD / k vehicles,NLR manufacturing price (RPE / 1.5); Mid; CER Current Measures,T06,5,5,5,5,5,transport-cost-invest-freight-light-trucks-17ac5a44:composite:1:f148ff7e78890547
NLLAB,T_LDV_LTF_BEV150_N,2045,19.56152297559651,$M 2020CAD / k vehicles,NLR manufacturing price (RPE / 1.5); Mid; CER Current Measures,T06,5,5,5,5,5,transport-cost-invest-freight-light-trucks-17ac5a44:composite:1:f148ff7e78890547
NLLAB,T_LDV_LTF_BEV200_N,2025,25.329852285373793,$M 2020CAD / k vehicles,NLR manufacturing price (RPE / 1.5); Mid; CER Current Measures,T06,5,5,5,5,5,transport-cost-invest-freight-light-trucks-17ac5a44:composite:1:f148ff7e78890547
NLLAB,T_LDV_LTF_BEV200_N,2030,23.716184211003593,$M 2020CAD / k vehicles,NLR manufacturing price (RPE / 1.5); Mid; CER Current Measures,T06,5,5,5,5,5,transport-cost-invest-freight-light-trucks-17ac5a44:composite:1:f148ff7e78890547
NLLAB,T_LDV_LTF_BEV200_N,2035,22.236253814604407,$M 2020CAD / k vehicles,NLR manufacturing price (RPE / 1.5); Mid; CER Current Measures,T06,5,5,5,5,5,transport-cost-invest-freight-light-trucks-17ac5a44:composite:1:f148ff7e78890547
NLLAB,T_LDV_LTF_BEV200_N,2040,21.5507721961262,$M 2020CAD / k vehicles,NLR manufacturing price (RPE / 1.5); Mid; CER Current Measures,T06,5,5,5,5,5,transport-cost-invest-freight-light-trucks-17ac5a44:composite:1:f148ff7e78890547
NLLAB,T_LDV_LTF_BEV200_N,2045,20.86529057764799,$M 2020CAD / k vehicles,NLR manufacturing price (RPE / 1.5); Mid; CER Current Measures,T06,5,5,5,5,5,transport-cost-invest-freight-light-trucks-17ac5a44:composite:1:f148ff7e78890547
NLLAB,T_LDV_LTF_BEV300_N,2025,29.844256602098493,$M 2020CAD / k vehicles,NLR manufacturing price (RPE / 1.5); Mid; CER Current Measures,T06,5,5,5,5,5,transport-cost-invest-freight-light-trucks-17ac5a44:composite:1:f148ff7e78890547
NLLAB,T_LDV_LTF_BEV300_N,2030,27.510148965283708,$M 2020CAD / k vehicles,NLR manufacturing price (RPE / 1.5); Mid; CER Current Measures,T06,5,5,5,5,5,transport-cost-invest-freight-light-trucks-17ac5a44:composite:1:f148ff7e78890547
NLLAB,T_LDV_LTF_BEV300_N,2035,25.31530268754287,$M 2020CAD / k vehicles,NLR manufacturing price (RPE / 1.5); Mid; CER Current Measures,T06,5,5,5,5,5,transport-cost-invest-freight-light-trucks-17ac5a44:composite:1:f148ff7e78890547
NLLAB,T_LDV_LTF_BEV300_N,2040,24.427240043847814,$M 2020CAD / k vehicles,NLR manufacturing price (RPE / 1.5); Mid; CER Current Measures,T06,5,5,5,5,5,transport-cost-invest-freight-light-trucks-17ac5a44:composite:1:f148ff7e78890547
NLLAB,T_LDV_LTF_BEV300_N,2045,23.539177400152745,$M 2020CAD / k vehicles,NLR manufacturing price (RPE / 1.5); Mid; CER Current Measures,T06,5,5,5,5,5,transport-cost-invest-freight-light-trucks-17ac5a44:composite:1:f148ff7e78890547
NLLAB,T_LDV_LTF_BEV400_N,2025,36.584254888203446,$M 2020CAD / k vehicles,NLR manufacturing price (RPE / 1.5); Mid; CER Current Measures,T06,5,5,5,5,5,transport-cost-invest-freight-light-trucks-17ac5a44:composite:1:f148ff7e78890547
NLLAB,T_LDV_LTF_BEV400_N,2030,33.037308850618835,$M 2020CAD / k vehicles,NLR manufacturing price (RPE / 1.5); Mid; CER Current Measures,T06,5,5,5,5,5,transport-cost-invest-freight-light-trucks-17ac5a44:composite:1:f148ff7e78890547
NLLAB,T_LDV_LTF_BEV400_N,2035,30.02648837692175,$M 2020CAD / k vehicles,NLR manufacturing price (RPE / 1.5); Mid; CER Current Measures,T06,5,5,5,5,5,transport-cost-invest-freight-light-trucks-17ac5a44:composite:1:f148ff7e78890547
NLLAB,T_LDV_LTF_BEV400_N,2040,28.662275803539924,$M 2020CAD / k vehicles,NLR manufacturing price (RPE / 1.5); Mid; CER Current Measures,T06,5,5,5,5,5,transport-cost-invest-freight-light-trucks-17ac5a44:composite:1:f148ff7e78890547
NLLAB,T_LDV_LTF_BEV400_N,2045,27.298063230158085,$M 2020CAD / k vehicles,NLR manufacturing price (RPE / 1.5); Mid; CER Current Measures,T06,5,5,5,5,5,transport-cost-invest-freight-light-trucks-17ac5a44:composite:1:f148ff7e78890547
NLLAB,T_LDV_LTF_CNG_N,2025,28.202584348161018,$M 2020CAD / k vehicles,NLR manufacturing price (RPE / 1.5); Mid; CER Current Measures,T06,5,5,5,5,5,transport-cost-invest-freight-light-trucks-17ac5a44:composite:1:f148ff7e78890547
NLLAB,T_LDV_LTF_CNG_N,2030,28.221438791034974,$M 2020CAD / k vehicles,NLR manufacturing price (RPE / 1.5); Mid; CER Current Measures,T06,5,5,5,5,5,transport-cost-invest-freight-light-trucks-17ac5a44:composite:1:f148ff7e78890547
NLLAB,T_LDV_LTF_CNG_N,2035,28.26637565972034,$M 2020CAD / k vehicles,NLR manufacturing price (RPE / 1.5); Mid; CER Current Measures,T06,5,5,5,5,5,transport-cost-invest-freight-light-trucks-17ac5a44:composite:1:f148ff7e78890547
NLLAB,T_LDV_LTF_CNG_N,2040,28.23312614804637,$M 2020CAD / k vehicles,NLR manufacturing price (RPE / 1.5); Mid; CER Current Measures,T06,5,5,5,5,5,transport-cost-invest-freight-light-trucks-17ac5a44:composite:1:f148ff7e78890547
NLLAB,T_LDV_LTF_CNG_N,2045,28.199876636372398,$M 2020CAD / k vehicles,NLR manufacturing price (RPE / 1.5); Mid; CER Current Measures,T06,5,5,5,5,5,transport-cost-invest-freight-light-trucks-17ac5a44:composite:1:f148ff7e78890547
NLLAB,T_LDV_LTF_DSL_N,2025,26.260701373316834,$M 2020CAD / k vehicles,NLR manufacturing price (RPE / 1.5); Mid; CER Current Measures,T06,5,5,5,5,5,transport-cost-invest-freight-light-trucks-17ac5a44:composite:1:f148ff7e78890547
NLLAB,T_LDV_LTF_DSL_N,2030,26.31379742465607,$M 2020CAD / k vehicles,NLR manufacturing price (RPE / 1.5); Mid; CER Current Measures,T06,5,5,5,5,5,transport-cost-invest-freight-light-trucks-17ac5a44:composite:1:f148ff7e78890547
NLLAB,T_LDV_LTF_DSL_N,2035,26.340561352654408,$M 2020CAD / k vehicles,NLR manufacturing price (RPE / 1.5); Mid; CER Current Measures,T06,5,5,5,5,5,transport-cost-invest-freight-light-trucks-17ac5a44:composite:1:f148ff7e78890547
NLLAB,T_LDV_LTF_DSL_N,2040,26.306878671431193,$M 2020CAD / k vehicles,NLR manufacturing price (RPE / 1.5); Mid; CER Current Measures,T06,5,5,5,5,5,transport-cost-invest-freight-light-trucks-17ac5a44:composite:1:f148ff7e78890547
NLLAB,T_LDV_LTF_DSL_N,2045,26.27319599020797,$M 2020CAD / k vehicles,NLR manufacturing price (RPE / 1.5); Mid; CER Current Measures,T06,5,5,5,5,5,transport-cost-invest-freight-light-trucks-17ac5a44:composite:1:f148ff7e78890547
NLLAB,T_LDV_LTF_FCEV400_N,2025,32.37677135524399,$M 2020CAD / k vehicles,NLR manufacturing price (RPE / 1.5); Mid; CER Current Measures,T06,5,5,5,5,5,transport-cost-invest-freight-light-trucks-17ac5a44:composite:1:f148ff7e78890547
NLLAB,T_LDV_LTF_FCEV400_N,2030,29.86525331984078,$M 2020CAD / k vehicles,NLR manufacturing price (RPE / 1.5); Mid; CER Current Measures,T06,5,5,5,5,5,transport-cost-invest-freight-light-trucks-17ac5a44:composite:1:f148ff7e78890547
NLLAB,T_LDV_LTF_FCEV400_N,2035,28.008052077232414,$M 2020CAD / k vehicles,NLR manufacturing price (RPE / 1.5); Mid; CER Current Measures,T06,5,5,5,5,5,transport-cost-invest-freight-light-trucks-17ac5a44:composite:1:f148ff7e78890547
NLLAB,T_LDV_LTF_FCEV400_N,2040,27.372639260917623,$M 2020CAD / k vehicles,NLR manufacturing price (RPE / 1.5); Mid; CER Current Measures,T06,5,5,5,5,5,transport-cost-invest-freight-light-trucks-17ac5a44:composite:1:f148ff7e78890547
NLLAB,T_LDV_LTF_FCEV400_N,2045,26.737226444602825,$M 2020CAD / k vehicles,NLR manufacturing price (RPE / 1.5); Mid; CER Current Measures,T06,5,5,5,5,5,transport-cost-invest-freight-light-trucks-17ac5a44:composite:1:f148ff7e78890547
NLLAB,T_LDV_LTF_GSL_HEV_N,2025,25.805974041711135,$M 2020CAD / k vehicles,NLR manufacturing price (RPE / 1.5); Mid; CER Current Measures,T06,5,5,5,5,5,transport-cost-invest-freight-light-trucks-17ac5a44:composite:1:f148ff7e78890547
NLLAB,T_LDV_LTF_GSL_HEV_N,2030,25.013546241990706,$M 2020CAD / k vehicles,NLR manufacturing price (RPE / 1.5); Mid; CER Current Measures,T06,5,5,5,5,5,transport-cost-invest-freight-light-trucks-17ac5a44:composite:1:f148ff7e78890547
NLLAB,T_LDV_LTF_GSL_HEV_N,2035,24.59411463965462,$M 2020CAD / k vehicles,NLR manufacturing price (RPE / 1.5); Mid; CER Current Measures,T06,5,5,5,5,5,transport-cost-invest-freight-light-trucks-17ac5a44:composite:1:f148ff7e78890547
NLLAB,T_LDV_LTF_GSL_HEV_N,2040,24.273660430577024,$M 2020CAD / k vehicles,NLR manufacturing price (RPE / 1.5); Mid; CER Current Measures,T06,5,5,5,5,5,transport-cost-invest-freight-light-trucks-17ac5a44:composite:1:f148ff7e78890547
NLLAB,T_LDV_LTF_GSL_HEV_N,2045,23.953206221499414,$M 2020CAD / k vehicles,NLR manufacturing price (RPE / 1.5); Mid; CER Current Measures,T06,5,5,5,5,5,transport-cost-invest-freight-light-trucks-17ac5a44:composite:1:f148ff7e78890547
NLLAB,T_LDV_LTF_GSL_N,2025,22.976303566477313,$M 2020CAD / k vehicles,NLR manufacturing price (RPE / 1.5); Mid; CER Current Measures,T06,5,5,5,5,5,transport-cost-invest-freight-light-trucks-17ac5a44:composite:1:f148ff7e78890547
NLLAB,T_LDV_LTF_GSL_N,2030,23.391220360599508,$M 2020CAD / k vehicles,NLR manufacturing price (RPE / 1.5); Mid; CER Current Measures,T06,5,5,5,5,5,transport-cost-invest-freight-light-trucks-17ac5a44:composite:1:f148ff7e78890547
NLLAB,T_LDV_LTF_GSL_N,2035,24.53689334920375,$M 2020CAD / k vehicles,NLR manufacturing price (RPE / 1.5); Mid; CER Current Measures,T06,5,5,5,5,5,transport-cost-invest-freight-light-trucks-17ac5a44:composite:1:f148ff7e78890547
NLLAB,T_LDV_LTF_GSL_N,2040,24.50360380796553,$M 2020CAD / k vehicles,NLR manufacturing price (RPE / 1.5); Mid; CER Current Measures,T06,5,5,5,5,5,transport-cost-invest-freight-light-trucks-17ac5a44:composite:1:f148ff7e78890547
NLLAB,T_LDV_LTF_GSL_N,2045,24.470314266727303,$M 2020CAD / k vehicles,NLR manufacturing price (RPE / 1.5); Mid; CER Current Measures,T06,5,5,5,5,5,transport-cost-invest-freight-light-trucks-17ac5a44:composite:1:f148ff7e78890547
NLLAB,T_LDV_LTF_GSL_PHEV35_N,2025,27.446247654117283,$M 2020CAD / k vehicles,NLR manufacturing price (RPE / 1.5); Mid; CER Current Measures,T06,5,5,5,5,5,transport-cost-invest-freight-light-trucks-17ac5a44:composite:1:f148ff7e78890547
NLLAB,T_LDV_LTF_GSL_PHEV35_N,2030,26.021182399839542,$M 2020CAD / k vehicles,NLR manufacturing price (RPE / 1.5); Mid; CER Current Measures,T06,5,5,5,5,5,transport-cost-invest-freight-light-trucks-17ac5a44:composite:1:f148ff7e78890547
NLLAB,T_LDV_LTF_GSL_PHEV35_N,2035,25.060453577776883,$M 2020CAD / k vehicles,NLR manufacturing price (RPE / 1.5); Mid; CER Current Measures,T06,5,5,5,5,5,transport-cost-invest-freight-light-trucks-17ac5a44:composite:1:f148ff7e78890547
NLLAB,T_LDV_LTF_GSL_PHEV35_N,2040,24.565972014341902,$M 2020CAD / k vehicles,NLR manufacturing price (RPE / 1.5); Mid; CER Current Measures,T06,5,5,5,5,5,transport-cost-invest-freight-light-trucks-17ac5a44:composite:1:f148ff7e78890547
NLLAB,T_LDV_LTF_GSL_PHEV35_N,2045,24.071490450906925,$M 2020CAD / k vehicles,NLR manufacturing price (RPE / 1.5); Mid; CER Current Measures,T06,5,5,5,5,5,transport-cost-invest-freight-light-trucks-17ac5a44:composite:1:f148ff7e78890547
NLLAB,T_LDV_LTF_GSL_PHEV50_N,2025,28.913277009282893,$M 2020CAD / k vehicles,NLR manufacturing price (RPE / 1.5); Mid; CER Current Measures,T06,5,5,5,5,5,transport-cost-invest-freight-light-trucks-17ac5a44:composite:1:f148ff7e78890547
NLLAB,T_LDV_LTF_GSL_PHEV50_N,2030,27.21484800643277,$M 2020CAD / k vehicles,NLR manufacturing price (RPE / 1.5); Mid; CER Current Measures,T06,5,5,5,5,5,transport-cost-invest-freight-light-trucks-17ac5a44:composite:1:f148ff7e78890547
NLLAB,T_LDV_LTF_GSL_PHEV50_N,2035,26.025159541718963,$M 2020CAD / k vehicles,NLR manufacturing price (RPE / 1.5); Mid; CER Current Measures,T06,5,5,5,5,5,transport-cost-invest-freight-light-trucks-17ac5a44:composite:1:f148ff7e78890547
NLLAB,T_LDV_LTF_GSL_PHEV50_N,2040,25.451859718379076,$M 2020CAD / k vehicles,NLR manufacturing price (RPE / 1.5); Mid; CER Current Measures,T06,5,5,5,5,5,transport-cost-invest-freight-light-trucks-17ac5a44:composite:1:f148ff7e78890547
NLLAB,T_LDV_LTF_GSL_PHEV50_N,2045,24.878559895039174,$M 2020CAD / k vehicles,NLR manufacturing price (RPE / 1.5); Mid; CER Current Measures,T06,5,5,5,5,5,transport-cost-invest-freight-light-trucks-17ac5a44:composite:1:f148ff7e78890547
NLLAB,T_LDV_LTP_BEV150_N,2025,23.198054549055403,$M 2020CAD / k vehicles,NLR manufacturing price (RPE / 1.5); Mid; CER Current Measures,T06,5,5,5,5,5,transport-cost-invest-passenger-light-trucks-17ac5a44:composite:1:095462aa45c4e45f
NLLAB,T_LDV_LTP_BEV150_N,2030,21.74990711330167,$M 2020CAD / k vehicles,NLR manufacturing price (RPE / 1.5); Mid; CER Current Measures,T06,5,5,5,5,5,transport-cost-invest-passenger-light-trucks-17ac5a44:composite:1:095462aa45c4e45f
NLLAB,T_LDV_LTP_BEV150_N,2035,20.655907447622376,$M 2020CAD / k vehicles,NLR manufacturing price (RPE / 1.5); Mid; CER Current Measures,T06,5,5,5,5,5,transport-cost-invest-passenger-light-trucks-17ac5a44:composite:1:095462aa45c4e45f
NLLAB,T_LDV_LTP_BEV150_N,2040,20.10871521160944,$M 2020CAD / k vehicles,NLR manufacturing price (RPE / 1.5); Mid; CER Current Measures,T06,5,5,5,5,5,transport-cost-invest-passenger-light-trucks-17ac5a44:composite:1:095462aa45c4e45f
NLLAB,T_LDV_LTP_BEV150_N,2045,19.56152297559651,$M 2020CAD / k vehicles,NLR manufacturing price (RPE / 1.5); Mid; CER Current Measures,T06,5,5,5,5,5,transport-cost-invest-passenger-light-trucks-17ac5a44:composite:1:095462aa45c4e45f
NLLAB,T_LDV_LTP_BEV200_N,2025,25.329852285373793,$M 2020CAD / k vehicles,NLR manufacturing price (RPE / 1.5); Mid; CER Current Measures,T06,5,5,5,5,5,transport-cost-invest-passenger-light-trucks-17ac5a44:composite:1:095462aa45c4e45f
NLLAB,T_LDV_LTP_BEV200_N,2030,23.716184211003593,$M 2020CAD / k vehicles,NLR manufacturing price (RPE / 1.5); Mid; CER Current Measures,T06,5,5,5,5,5,transport-cost-invest-passenger-light-trucks-17ac5a44:composite:1:095462aa45c4e45f
NLLAB,T_LDV_LTP_BEV200_N,2035,22.236253814604407,$M 2020CAD / k vehicles,NLR manufacturing price (RPE / 1.5); Mid; CER Current Measures,T06,5,5,5,5,5,transport-cost-invest-passenger-light-trucks-17ac5a44:composite:1:095462aa45c4e45f
NLLAB,T_LDV_LTP_BEV200_N,2040,21.5507721961262,$M 2020CAD / k vehicles,NLR manufacturing price (RPE / 1.5); Mid; CER Current Measures,T06,5,5,5,5,5,transport-cost-invest-passenger-light-trucks-17ac5a44:composite:1:095462aa45c4e45f
NLLAB,T_LDV_LTP_BEV200_N,2045,20.86529057764799,$M 2020CAD / k vehicles,NLR manufacturing price (RPE / 1.5); Mid; CER Current Measures,T06,5,5,5,5,5,transport-cost-invest-passenger-light-trucks-17ac5a44:composite:1:095462aa45c4e45f
NLLAB,T_LDV_LTP_BEV300_N,2025,29.844256602098493,$M 2020CAD / k vehicles,NLR manufacturing price (RPE / 1.5); Mid; CER Current Measures,T06,5,5,5,5,5,transport-cost-invest-passenger-light-trucks-17ac5a44:composite:1:095462aa45c4e45f
NLLAB,T_LDV_LTP_BEV300_N,2030,27.510148965283708,$M 2020CAD / k vehicles,NLR manufacturing price (RPE / 1.5); Mid; CER Current Measures,T06,5,5,5,5,5,transport-cost-invest-passenger-light-trucks-17ac5a44:composite:1:095462aa45c4e45f
NLLAB,T_LDV_LTP_BEV300_N,2035,25.31530268754287,$M 2020CAD / k vehicles,NLR manufacturing price (RPE / 1.5); Mid; CER Current Measures,T06,5,5,5,5,5,transport-cost-invest-passenger-light-trucks-17ac5a44:composite:1:095462aa45c4e45f
NLLAB,T_LDV_LTP_BEV300_N,2040,24.427240043847814,$M 2020CAD / k vehicles,NLR manufacturing price (RPE / 1.5); Mid; CER Current Measures,T06,5,5,5,5,5,transport-cost-invest-passenger-light-trucks-17ac5a44:composite:1:095462aa45c4e45f
NLLAB,T_LDV_LTP_BEV300_N,2045,23.539177400152745,$M 2020CAD / k vehicles,NLR manufacturing price (RPE / 1.5); Mid; CER Current Measures,T06,5,5,5,5,5,transport-cost-invest-passenger-light-trucks-17ac5a44:composite:1:095462aa45c4e45f
NLLAB,T_LDV_LTP_BEV400_N,2025,36.584254888203446,$M 2020CAD / k vehicles,NLR manufacturing price (RPE / 1.5); Mid; CER Current Measures,T06,5,5,5,5,5,transport-cost-invest-passenger-light-trucks-17ac5a44:composite:1:095462aa45c4e45f
NLLAB,T_LDV_LTP_BEV400_N,2030,33.037308850618835,$M 2020CAD / k vehicles,NLR manufacturing price (RPE / 1.5); Mid; CER Current Measures,T06,5,5,5,5,5,transport-cost-invest-passenger-light-trucks-17ac5a44:composite:1:095462aa45c4e45f
NLLAB,T_LDV_LTP_BEV400_N,2035,30.02648837692175,$M 2020CAD / k vehicles,NLR manufacturing price (RPE / 1.5); Mid; CER Current Measures,T06,5,5,5,5,5,transport-cost-invest-passenger-light-trucks-17ac5a44:composite:1:095462aa45c4e45f
NLLAB,T_LDV_LTP_BEV400_N,2040,28.662275803539924,$M 2020CAD / k vehicles,NLR manufacturing price (RPE / 1.5); Mid; CER Current Measures,T06,5,5,5,5,5,transport-cost-invest-passenger-light-trucks-17ac5a44:composite:1:095462aa45c4e45f
NLLAB,T_LDV_LTP_BEV400_N,2045,27.298063230158085,$M 2020CAD / k vehicles,NLR manufacturing price (RPE / 1.5); Mid; CER Current Measures,T06,5,5,5,5,5,transport-cost-invest-passenger-light-trucks-17ac5a44:composite:1:095462aa45c4e45f
NLLAB,T_LDV_LTP_CNG_N,2025,28.202584348161018,$M 2020CAD / k vehicles,NLR manufacturing price (RPE / 1.5); Mid; CER Current Measures,T06,5,5,5,5,5,transport-cost-invest-passenger-light-trucks-17ac5a44:composite:1:095462aa45c4e45f
NLLAB,T_LDV_LTP_CNG_N,2030,28.221438791034974,$M 2020CAD / k vehicles,NLR manufacturing price (RPE / 1.5); Mid; CER Current Measures,T06,5,5,5,5,5,transport-cost-invest-passenger-light-trucks-17ac5a44:composite:1:095462aa45c4e45f
NLLAB,T_LDV_LTP_CNG_N,2035,28.26637565972034,$M 2020CAD / k vehicles,NLR manufacturing price (RPE / 1.5); Mid; CER Current Measures,T06,5,5,5,5,5,transport-cost-invest-passenger-light-trucks-17ac5a44:composite:1:095462aa45c4e45f
NLLAB,T_LDV_LTP_CNG_N,2040,28.23312614804637,$M 2020CAD / k vehicles,NLR manufacturing price (RPE / 1.5); Mid; CER Current Measures,T06,5,5,5,5,5,transport-cost-invest-passenger-light-trucks-17ac5a44:composite:1:095462aa45c4e45f
NLLAB,T_LDV_LTP_CNG_N,2045,28.199876636372398,$M 2020CAD / k vehicles,NLR manufacturing price (RPE / 1.5); Mid; CER Current Measures,T06,5,5,5,5,5,transport-cost-invest-passenger-light-trucks-17ac5a44:composite:1:095462aa45c4e45f
NLLAB,T_LDV_LTP_DSL_N,2025,26.260701373316834,$M 2020CAD / k vehicles,NLR manufacturing price (RPE / 1.5); Mid; CER Current Measures,T06,5,5,5,5,5,transport-cost-invest-passenger-light-trucks-17ac5a44:composite:1:095462aa45c4e45f
NLLAB,T_LDV_LTP_DSL_N,2030,26.31379742465607,$M 2020CAD / k vehicles,NLR manufacturing price (RPE / 1.5); Mid; CER Current Measures,T06,5,5,5,5,5,transport-cost-invest-passenger-light-trucks-17ac5a44:composite:1:095462aa45c4e45f
NLLAB,T_LDV_LTP_DSL_N,2035,26.340561352654408,$M 2020CAD / k vehicles,NLR manufacturing price (RPE / 1.5); Mid; CER Current Measures,T06,5,5,5,5,5,transport-cost-invest-passenger-light-trucks-17ac5a44:composite:1:095462aa45c4e45f
NLLAB,T_LDV_LTP_DSL_N,2040,26.306878671431193,$M 2020CAD / k vehicles,NLR manufacturing price (RPE / 1.5); Mid; CER Current Measures,T06,5,5,5,5,5,transport-cost-invest-passenger-light-trucks-17ac5a44:composite:1:095462aa45c4e45f
NLLAB,T_LDV_LTP_DSL_N,2045,26.27319599020797,$M 2020CAD / k vehicles,NLR manufacturing price (RPE / 1.5); Mid; CER Current Measures,T06,5,5,5,5,5,transport-cost-invest-passenger-light-trucks-17ac5a44:composite:1:095462aa45c4e45f
NLLAB,T_LDV_LTP_FCEV400_N,2025,32.37677135524399,$M 2020CAD / k vehicles,NLR manufacturing price (RPE / 1.5); Mid; CER Current Measures,T06,5,5,5,5,5,transport-cost-invest-passenger-light-trucks-17ac5a44:composite:1:095462aa45c4e45f
NLLAB,T_LDV_LTP_FCEV400_N,2030,29.86525331984078,$M 2020CAD / k vehicles,NLR manufacturing price (RPE / 1.5); Mid; CER Current Measures,T06,5,5,5,5,5,transport-cost-invest-passenger-light-trucks-17ac5a44:composite:1:095462aa45c4e45f
NLLAB,T_LDV_LTP_FCEV400_N,2035,28.008052077232414,$M 2020CAD / k vehicles,NLR manufacturing price (RPE / 1.5); Mid; CER Current Measures,T06,5,5,5,5,5,transport-cost-invest-passenger-light-trucks-17ac5a44:composite:1:095462aa45c4e45f
NLLAB,T_LDV_LTP_FCEV400_N,2040,27.372639260917623,$M 2020CAD / k vehicles,NLR manufacturing price (RPE / 1.5); Mid; CER Current Measures,T06,5,5,5,5,5,transport-cost-invest-passenger-light-trucks-17ac5a44:composite:1:095462aa45c4e45f
NLLAB,T_LDV_LTP_FCEV400_N,2045,26.737226444602825,$M 2020CAD / k vehicles,NLR manufacturing price (RPE / 1.5); Mid; CER Current Measures,T06,5,5,5,5,5,transport-cost-invest-passenger-light-trucks-17ac5a44:composite:1:095462aa45c4e45f
NLLAB,T_LDV_LTP_GSL_HEV_N,2025,25.805974041711135,$M 2020CAD / k vehicles,NLR manufacturing price (RPE / 1.5); Mid; CER Current Measures,T06,5,5,5,5,5,transport-cost-invest-passenger-light-trucks-17ac5a44:composite:1:095462aa45c4e45f
NLLAB,T_LDV_LTP_GSL_HEV_N,2030,25.013546241990706,$M 2020CAD / k vehicles,NLR manufacturing price (RPE / 1.5); Mid; CER Current Measures,T06,5,5,5,5,5,transport-cost-invest-passenger-light-trucks-17ac5a44:composite:1:095462aa45c4e45f
NLLAB,T_LDV_LTP_GSL_HEV_N,2035,24.59411463965462,$M 2020CAD / k vehicles,NLR manufacturing price (RPE / 1.5); Mid; CER Current Measures,T06,5,5,5,5,5,transport-cost-invest-passenger-light-trucks-17ac5a44:composite:1:095462aa45c4e45f
NLLAB,T_LDV_LTP_GSL_HEV_N,2040,24.273660430577024,$M 2020CAD / k vehicles,NLR manufacturing price (RPE / 1.5); Mid; CER Current Measures,T06,5,5,5,5,5,transport-cost-invest-passenger-light-trucks-17ac5a44:composite:1:095462aa45c4e45f
NLLAB,T_LDV_LTP_GSL_HEV_N,2045,23.953206221499414,$M 2020CAD / k vehicles,NLR manufacturing price (RPE / 1.5); Mid; CER Current Measures,T06,5,5,5,5,5,transport-cost-invest-passenger-light-trucks-17ac5a44:composite:1:095462aa45c4e45f
NLLAB,T_LDV_LTP_GSL_N,2025,22.976303566477313,$M 2020CAD / k vehicles,NLR manufacturing price (RPE / 1.5); Mid; CER Current Measures,T06,5,5,5,5,5,transport-cost-invest-passenger-light-trucks-17ac5a44:composite:1:095462aa45c4e45f
NLLAB,T_LDV_LTP_GSL_N,2030,23.391220360599508,$M 2020CAD / k vehicles,NLR manufacturing price (RPE / 1.5); Mid; CER Current Measures,T06,5,5,5,5,5,transport-cost-invest-passenger-light-trucks-17ac5a44:composite:1:095462aa45c4e45f
NLLAB,T_LDV_LTP_GSL_N,2035,24.53689334920375,$M 2020CAD / k vehicles,NLR manufacturing price (RPE / 1.5); Mid; CER Current Measures,T06,5,5,5,5,5,transport-cost-invest-passenger-light-trucks-17ac5a44:composite:1:095462aa45c4e45f
NLLAB,T_LDV_LTP_GSL_N,2040,24.50360380796553,$M 2020CAD / k vehicles,NLR manufacturing price (RPE / 1.5); Mid; CER Current Measures,T06,5,5,5,5,5,transport-cost-invest-passenger-light-trucks-17ac5a44:composite:1:095462aa45c4e45f
NLLAB,T_LDV_LTP_GSL_N,2045,24.470314266727303,$M 2020CAD / k vehicles,NLR manufacturing price (RPE / 1.5); Mid; CER Current Measures,T06,5,5,5,5,5,transport-cost-invest-passenger-light-trucks-17ac5a44:composite:1:095462aa45c4e45f
NLLAB,T_LDV_LTP_GSL_PHEV35_N,2025,27.446247654117283,$M 2020CAD / k vehicles,NLR manufacturing price (RPE / 1.5); Mid; CER Current Measures,T06,5,5,5,5,5,transport-cost-invest-passenger-light-trucks-17ac5a44:composite:1:095462aa45c4e45f
NLLAB,T_LDV_LTP_GSL_PHEV35_N,2030,26.021182399839542,$M 2020CAD / k vehicles,NLR manufacturing price (RPE / 1.5); Mid; CER Current Measures,T06,5,5,5,5,5,transport-cost-invest-passenger-light-trucks-17ac5a44:composite:1:095462aa45c4e45f
NLLAB,T_LDV_LTP_GSL_PHEV35_N,2035,25.060453577776883,$M 2020CAD / k vehicles,NLR manufacturing price (RPE / 1.5); Mid; CER Current Measures,T06,5,5,5,5,5,transport-cost-invest-passenger-light-trucks-17ac5a44:composite:1:095462aa45c4e45f
NLLAB,T_LDV_LTP_GSL_PHEV35_N,2040,24.565972014341902,$M 2020CAD / k vehicles,NLR manufacturing price (RPE / 1.5); Mid; CER Current Measures,T06,5,5,5,5,5,transport-cost-invest-passenger-light-trucks-17ac5a44:composite:1:095462aa45c4e45f
NLLAB,T_LDV_LTP_GSL_PHEV35_N,2045,24.071490450906925,$M 2020CAD / k vehicles,NLR manufacturing price (RPE / 1.5); Mid; CER Current Measures,T06,5,5,5,5,5,transport-cost-invest-passenger-light-trucks-17ac5a44:composite:1:095462aa45c4e45f
NLLAB,T_LDV_LTP_GSL_PHEV50_N,2025,28.913277009282893,$M 2020CAD / k vehicles,NLR manufacturing price (RPE / 1.5); Mid; CER Current Measures,T06,5,5,5,5,5,transport-cost-invest-passenger-light-trucks-17ac5a44:composite:1:095462aa45c4e45f
NLLAB,T_LDV_LTP_GSL_PHEV50_N,2030,27.21484800643277,$M 2020CAD / k vehicles,NLR manufacturing price (RPE / 1.5); Mid; CER Current Measures,T06,5,5,5,5,5,transport-cost-invest-passenger-light-trucks-17ac5a44:composite:1:095462aa45c4e45f
NLLAB,T_LDV_LTP_GSL_PHEV50_N,2035,26.025159541718963,$M 2020CAD / k vehicles,NLR manufacturing price (RPE / 1.5); Mid; CER Current Measures,T06,5,5,5,5,5,transport-cost-invest-passenger-light-trucks-17ac5a44:composite:1:095462aa45c4e45f
NLLAB,T_LDV_LTP_GSL_PHEV50_N,2040,25.451859718379076,$M 2020CAD / k vehicles,NLR manufacturing price (RPE / 1.5); Mid; CER Current Measures,T06,5,5,5,5,5,transport-cost-invest-passenger-light-trucks-17ac5a44:composite:1:095462aa45c4e45f
NLLAB,T_LDV_LTP_GSL_PHEV50_N,2045,24.878559895039174,$M 2020CAD / k vehicles,NLR manufacturing price (RPE / 1.5); Mid; CER Current Measures,T06,5,5,5,5,5,transport-cost-invest-passenger-light-trucks-17ac5a44:composite:1:095462aa45c4e45f
NLLAB,T_LDV_M_BEV_N,2025,13.037007628312024,$M 2020CAD / k vehicles,GCAM motorcycle purchase price; Mid; CER Current Measures,T11,5,5,5,5,5,transport-cost-invest-motorcycles-804abac7:composite:1:e5e1e447784151c9
NLLAB,T_LDV_M_BEV_N,2030,12.923352577093377,$M 2020CAD / k vehicles,GCAM motorcycle purchase price; Mid; CER Current Measures,T11,5,5,5,5,5,transport-cost-invest-motorcycles-804abac7:composite:1:e5e1e447784151c9
NLLAB,T_LDV_M_BEV_N,2035,12.80969752432432,$M 2020CAD / k vehicles,GCAM motorcycle purchase price; Mid; CER Current Measures,T11,5,5,5,5,5,transport-cost-invest-motorcycles-804abac7:composite:1:e5e1e447784151c9
NLLAB,T_LDV_M_BEV_N,2040,12.711200268918915,$M 2020CAD / k vehicles,GCAM motorcycle purchase price; Mid; CER Current Measures,T11,5,5,5,5,5,transport-cost-invest-motorcycles-804abac7:composite:1:e5e1e447784151c9
NLLAB,T_LDV_M_BEV_N,2045,12.612703013513512,$M 2020CAD / k vehicles,GCAM motorcycle purchase price; Mid; CER Current Measures,T11,5,5,5,5,5,transport-cost-invest-motorcycles-804abac7:composite:1:e5e1e447784151c9
NLLAB,T_LDV_M_GSL_N,2025,13.891632432432433,$M 2020CAD / k vehicles,GCAM motorcycle purchase price; Mid; CER Current Measures,T11,5,5,5,5,5,transport-cost-invest-motorcycles-804abac7:composite:1:e5e1e447784151c9
NLLAB,T_LDV_M_GSL_N,2030,13.891632432432433,$M 2020CAD / k vehicles,GCAM motorcycle purchase price; Mid; CER Current Measures,T11,5,5,5,5,5,transport-cost-invest-motorcycles-804abac7:composite:1:e5e1e447784151c9
NLLAB,T_LDV_M_GSL_N,2035,13.891632432432433,$M 2020CAD / k vehicles,GCAM motorcycle purchase price; Mid; CER Current Measures,T11,5,5,5,5,5,transport-cost-invest-motorcycles-804abac7:composite:1:e5e1e447784151c9
NLLAB,T_LDV_M_GSL_N,2040,13.891632432432433,$M 2020CAD / k vehicles,GCAM motorcycle purchase price; Mid; CER Current Measures,T11,5,5,5,5,5,transport-cost-invest-motorcycles-804abac7:composite:1:e5e1e447784151c9
NLLAB,T_LDV_M_GSL_N,2045,13.891632432432433,$M 2020CAD / k vehicles,GCAM motorcycle purchase price; Mid; CER Current Measures,T11,5,5,5,5,5,transport-cost-invest-motorcycles-804abac7:composite:1:e5e1e447784151c9
NLLAB,T_MDV_T_BEV_N,2025,65.33278261541977,$M 2020CAD / k vehicles,NLR manufacturing price (RPE / 1.5); Mid; CER Current Measures,T06,5,5,5,5,5,transport-cost-invest-medium-trucks-e162550e:composite:1:047ed20feabb1ef5
NLLAB,T_MDV_T_BEV_N,2030,53.2834887643728,$M 2020CAD / k vehicles,NLR manufacturing price (RPE / 1.5); Mid; CER Current Measures,T06,5,5,5,5,5,transport-cost-invest-medium-trucks-e162550e:composite:1:047ed20feabb1ef5
NLLAB,T_MDV_T_BEV_N,2035,46.60465239706312,$M 2020CAD / k vehicles,NLR manufacturing price (RPE / 1.5); Mid; CER Current Measures,T06,5,5,5,5,5,transport-cost-invest-medium-trucks-e162550e:composite:1:047ed20feabb1ef5
NLLAB,T_MDV_T_BEV_N,2040,43.733968432748206,$M 2020CAD / k vehicles,NLR manufacturing price (RPE / 1.5); Mid; CER Current Measures,T06,5,5,5,5,5,transport-cost-invest-medium-trucks-e162550e:composite:1:047ed20feabb1ef5
NLLAB,T_MDV_T_BEV_N,2045,40.863284468433285,$M 2020CAD / k vehicles,NLR manufacturing price (RPE / 1.5); Mid; CER Current Measures,T06,5,5,5,5,5,transport-cost-invest-medium-trucks-e162550e:composite:1:047ed20feabb1ef5
NLLAB,T_MDV_T_DSL_HEV_N,2025,45.522868818484284,$M 2020CAD / k vehicles,NLR manufacturing price (RPE / 1.5); Mid; CER Current Measures,T06,5,5,5,5,5,transport-cost-invest-medium-trucks-e162550e:composite:1:047ed20feabb1ef5
NLLAB,T_MDV_T_DSL_HEV_N,2030,45.04705495311201,$M 2020CAD / k vehicles,NLR manufacturing price (RPE / 1.5); Mid; CER Current Measures,T06,5,5,5,5,5,transport-cost-invest-medium-trucks-e162550e:composite:1:047ed20feabb1ef5
NLLAB,T_MDV_T_DSL_HEV_N,2035,44.680283029573516,$M 2020CAD / k vehicles,NLR manufacturing price (RPE / 1.5); Mid; CER Current Measures,T06,5,5,5,5,5,transport-cost-invest-medium-trucks-e162550e:composite:1:047ed20feabb1ef5
NLLAB,T_MDV_T_DSL_HEV_N,2040,44.60846739087874,$M 2020CAD / k vehicles,NLR manufacturing price (RPE / 1.5); Mid; CER Current Measures,T06,5,5,5,5,5,transport-cost-invest-medium-trucks-e162550e:composite:1:047ed20feabb1ef5
NLLAB,T_MDV_T_DSL_HEV_N,2045,44.536651752183964,$M 2020CAD / k vehicles,NLR manufacturing price (RPE / 1.5); Mid; CER Current Measures,T06,5,5,5,5,5,transport-cost-invest-medium-trucks-e162550e:composite:1:047ed20feabb1ef5
NLLAB,T_MDV_T_DSL_N,2025,41.288421469437736,$M 2020CAD / k vehicles,NLR manufacturing price (RPE / 1.5); Mid; CER Current Measures,T06,5,5,5,5,5,transport-cost-invest-medium-trucks-e162550e:composite:1:047ed20feabb1ef5
NLLAB,T_MDV_T_DSL_N,2030,41.414036669880666,$M 2020CAD / k vehicles,NLR manufacturing price (RPE / 1.5); Mid; CER Current Measures,T06,5,5,5,5,5,transport-cost-invest-medium-trucks-e162550e:composite:1:047ed20feabb1ef5
NLLAB,T_MDV_T_DSL_N,2035,41.175672786150855,$M 2020CAD / k vehicles,NLR manufacturing price (RPE / 1.5); Mid; CER Current Measures,T06,5,5,5,5,5,transport-cost-invest-medium-trucks-e162550e:composite:1:047ed20feabb1ef5
NLLAB,T_MDV_T_DSL_N,2040,41.172870913315975,$M 2020CAD / k vehicles,NLR manufacturing price (RPE / 1.5); Mid; CER Current Measures,T06,5,5,5,5,5,transport-cost-invest-medium-trucks-e162550e:composite:1:047ed20feabb1ef5
NLLAB,T_MDV_T_DSL_N,2045,41.170069040481096,$M 2020CAD / k vehicles,NLR manufacturing price (RPE / 1.5); Mid; CER Current Measures,T06,5,5,5,5,5,transport-cost-invest-medium-trucks-e162550e:composite:1:047ed20feabb1ef5
NLLAB,T_MDV_T_DSL_PHEV_N,2025,70.85664509638025,$M 2020CAD / k vehicles,NLR manufacturing price (RPE / 1.5); Mid; CER Current Measures,T06,5,5,5,5,5,transport-cost-invest-medium-trucks-e162550e:composite:1:047ed20feabb1ef5
NLLAB,T_MDV_T_DSL_PHEV_N,2030,60.5666701749238,$M 2020CAD / k vehicles,NLR manufacturing price (RPE / 1.5); Mid; CER Current Measures,T06,5,5,5,5,5,transport-cost-invest-medium-trucks-e162550e:composite:1:047ed20feabb1ef5
NLLAB,T_MDV_T_DSL_PHEV_N,2035,54.22138541394572,$M 2020CAD / k vehicles,NLR manufacturing price (RPE / 1.5); Mid; CER Current Measures,T06,5,5,5,5,5,transport-cost-invest-medium-trucks-e162550e:composite:1:047ed20feabb1ef5
NLLAB,T_MDV_T_DSL_PHEV_N,2040,51.658562719493986,$M 2020CAD / k vehicles,NLR manufacturing price (RPE / 1.5); Mid; CER Current Measures,T06,5,5,5,5,5,transport-cost-invest-medium-trucks-e162550e:composite:1:047ed20feabb1ef5
NLLAB,T_MDV_T_DSL_PHEV_N,2045,49.09574002504226,$M 2020CAD / k vehicles,NLR manufacturing price (RPE / 1.5); Mid; CER Current Measures,T06,5,5,5,5,5,transport-cost-invest-medium-trucks-e162550e:composite:1:047ed20feabb1ef5
NLLAB,T_MDV_T_FCEV_N,2025,65.59106294226915,$M 2020CAD / k vehicles,NLR manufacturing price (RPE / 1.5); Mid; CER Current Measures,T06,5,5,5,5,5,transport-cost-invest-medium-trucks-e162550e:composite:1:047ed20feabb1ef5
NLLAB,T_MDV_T_FCEV_N,2030,49.87519714083219,$M 2020CAD / k vehicles,NLR manufacturing price (RPE / 1.5); Mid; CER Current Measures,T06,5,5,5,5,5,transport-cost-invest-medium-trucks-e162550e:composite:1:047ed20feabb1ef5
NLLAB,T_MDV_T_FCEV_N,2035,45.38437067065345,$M 2020CAD / k vehicles,NLR manufacturing price (RPE / 1.5); Mid; CER Current Measures,T06,5,5,5,5,5,transport-cost-invest-medium-trucks-e162550e:composite:1:047ed20feabb1ef5
NLLAB,T_MDV_T_FCEV_N,2040,44.456235440781114,$M 2020CAD / k vehicles,NLR manufacturing price (RPE / 1.5); Mid; CER Current Measures,T06,5,5,5,5,5,transport-cost-invest-medium-trucks-e162550e:composite:1:047ed20feabb1ef5
NLLAB,T_MDV_T_FCEV_N,2045,43.528100210908775,$M 2020CAD / k vehicles,NLR manufacturing price (RPE / 1.5); Mid; CER Current Measures,T06,5,5,5,5,5,transport-cost-invest-medium-trucks-e162550e:composite:1:047ed20feabb1ef5
NLLAB,T_MDV_T_FCHEV_N,2025,58.93034653160426,$M 2020CAD / k vehicles,NLR manufacturing price (RPE / 1.5); Mid; CER Current Measures,T06,5,5,5,5,5,transport-cost-invest-medium-trucks-e162550e:composite:1:047ed20feabb1ef5
NLLAB,T_MDV_T_FCHEV_N,2030,46.71509367100195,$M 2020CAD / k vehicles,NLR manufacturing price (RPE / 1.5); Mid; CER Current Measures,T06,5,5,5,5,5,transport-cost-invest-medium-trucks-e162550e:composite:1:047ed20feabb1ef5
NLLAB,T_MDV_T_FCHEV_N,2035,42.59235792865135,$M 2020CAD / k vehicles,NLR manufacturing price (RPE / 1.5); Mid; CER Current Measures,T06,5,5,5,5,5,transport-cost-invest-medium-trucks-e162550e:composite:1:047ed20feabb1ef5
NLLAB,T_MDV_T_FCHEV_N,2040,41.43154062821085,$M 2020CAD / k vehicles,NLR manufacturing price (RPE / 1.5); Mid; CER Current Measures,T06,5,5,5,5,5,transport-cost-invest-medium-trucks-e162550e:composite:1:047ed20feabb1ef5
NLLAB,T_MDV_T_FCHEV_N,2045,40.27072332777032,$M 2020CAD / k vehicles,NLR manufacturing price (RPE / 1.5); Mid; CER Current Measures,T06,5,5,5,5,5,transport-cost-invest-medium-trucks-e162550e:composite:1:047ed20feabb1ef5
NLLAB,T_MDV_T_GSL_N,2025,41.288421469437736,$M 2020CAD / k vehicles,NLR manufacturing price (RPE / 1.5); reviewed gasoline->diesel purchase proxy; Mid; CER Current Measures,T06,5,5,5,5,5,transport-cost-invest-medium-trucks-e162550e:composite:1:047ed20feabb1ef5
NLLAB,T_MDV_T_GSL_N,2030,41.414036669880666,$M 2020CAD / k vehicles,NLR manufacturing price (RPE / 1.5); reviewed gasoline->diesel purchase proxy; Mid; CER Current Measures,T06,5,5,5,5,5,transport-cost-invest-medium-trucks-e162550e:composite:1:047ed20feabb1ef5
NLLAB,T_MDV_T_GSL_N,2035,41.175672786150855,$M 2020CAD / k vehicles,NLR manufacturing price (RPE / 1.5); reviewed gasoline->diesel purchase proxy; Mid; CER Current Measures,T06,5,5,5,5,5,transport-cost-invest-medium-trucks-e162550e:composite:1:047ed20feabb1ef5
NLLAB,T_MDV_T_GSL_N,2040,41.172870913315975,$M 2020CAD / k vehicles,NLR manufacturing price (RPE / 1.5); reviewed gasoline->diesel purchase proxy; Mid; CER Current Measures,T06,5,5,5,5,5,transport-cost-invest-medium-trucks-e162550e:composite:1:047ed20feabb1ef5
NLLAB,T_MDV_T_GSL_N,2045,41.170069040481096,$M 2020CAD / k vehicles,NLR manufacturing price (RPE / 1.5); reviewed gasoline->diesel purchase proxy; Mid; CER Current Measures,T06,5,5,5,5,5,transport-cost-invest-medium-trucks-e162550e:composite:1:047ed20feabb1ef5
NS,T_HDV_AJF_JFL_N,2025,6132.623678803439,$M 2020CAD / bn tonne-km,CIMS aircraft CAPEX normalized by FAA All Aircraft annual service output; Mid; CER Current Measures,T15,5,5,5,5,5,transport-cost-invest-freight-air-e97ac762:composite:1:bd087d6387d7310e
NS,T_HDV_AJF_JFL_N,2030,6132.623678803439,$M 2020CAD / bn tonne-km,CIMS aircraft CAPEX normalized by FAA All Aircraft annual service output; Mid; CER Current Measures,T15,5,5,5,5,5,transport-cost-invest-freight-air-e97ac762:composite:1:bd087d6387d7310e
NS,T_HDV_AJF_JFL_N,2035,6132.623678803439,$M 2020CAD / bn tonne-km,CIMS aircraft CAPEX normalized by FAA All Aircraft annual service output; Mid; CER Current Measures,T15,5,5,5,5,5,transport-cost-invest-freight-air-e97ac762:composite:1:bd087d6387d7310e
NS,T_HDV_AJF_JFL_N,2040,6132.623678803439,$M 2020CAD / bn tonne-km,CIMS aircraft CAPEX normalized by FAA All Aircraft annual service output; Mid; CER Current Measures,T15,5,5,5,5,5,transport-cost-invest-freight-air-e97ac762:composite:1:bd087d6387d7310e
NS,T_HDV_AJF_JFL_N,2045,6132.623678803439,$M 2020CAD / bn tonne-km,CIMS aircraft CAPEX normalized by FAA All Aircraft annual service output; Mid; CER Current Measures,T15,5,5,5,5,5,transport-cost-invest-freight-air-e97ac762:composite:1:bd087d6387d7310e
NS,T_HDV_AJF_SPK_N,2025,6132.623678803439,$M 2020CAD / bn tonne-km,CIMS aircraft CAPEX normalized by FAA All Aircraft annual service output; Mid; CER Current Measures,T15,5,5,5,5,5,transport-cost-invest-freight-air-e97ac762:composite:1:bd087d6387d7310e
NS,T_HDV_AJF_SPK_N,2030,6132.623678803439,$M 2020CAD / bn tonne-km,CIMS aircraft CAPEX normalized by FAA All Aircraft annual service output; Mid; CER Current Measures,T15,5,5,5,5,5,transport-cost-invest-freight-air-e97ac762:composite:1:bd087d6387d7310e
NS,T_HDV_AJF_SPK_N,2035,6132.623678803439,$M 2020CAD / bn tonne-km,CIMS aircraft CAPEX normalized by FAA All Aircraft annual service output; Mid; CER Current Measures,T15,5,5,5,5,5,transport-cost-invest-freight-air-e97ac762:composite:1:bd087d6387d7310e
NS,T_HDV_AJF_SPK_N,2040,6132.623678803439,$M 2020CAD / bn tonne-km,CIMS aircraft CAPEX normalized by FAA All Aircraft annual service output; Mid; CER Current Measures,T15,5,5,5,5,5,transport-cost-invest-freight-air-e97ac762:composite:1:bd087d6387d7310e
NS,T_HDV_AJF_SPK_N,2045,6132.623678803439,$M 2020CAD / bn tonne-km,CIMS aircraft CAPEX normalized by FAA All Aircraft annual service output; Mid; CER Current Measures,T15,5,5,5,5,5,transport-cost-invest-freight-air-e97ac762:composite:1:bd087d6387d7310e
NS,T_HDV_AJP_JFL_N,2025,1032.1218289023984,$M 2020CAD / bn passenger-km,CIMS aircraft CAPEX normalized by FAA All Aircraft annual service output; Mid; CER Current Measures,T15,5,5,5,5,5,transport-cost-invest-passenger-air-e97ac762:composite:1:ca4132bec8ddc7b3
NS,T_HDV_AJP_JFL_N,2030,1032.1218289023984,$M 2020CAD / bn passenger-km,CIMS aircraft CAPEX normalized by FAA All Aircraft annual service output; Mid; CER Current Measures,T15,5,5,5,5,5,transport-cost-invest-passenger-air-e97ac762:composite:1:ca4132bec8ddc7b3
NS,T_HDV_AJP_JFL_N,2035,1032.1218289023984,$M 2020CAD / bn passenger-km,CIMS aircraft CAPEX normalized by FAA All Aircraft annual service output; Mid; CER Current Measures,T15,5,5,5,5,5,transport-cost-invest-passenger-air-e97ac762:composite:1:ca4132bec8ddc7b3
NS,T_HDV_AJP_JFL_N,2040,1032.1218289023984,$M 2020CAD / bn passenger-km,CIMS aircraft CAPEX normalized by FAA All Aircraft annual service output; Mid; CER Current Measures,T15,5,5,5,5,5,transport-cost-invest-passenger-air-e97ac762:composite:1:ca4132bec8ddc7b3
NS,T_HDV_AJP_JFL_N,2045,1032.1218289023984,$M 2020CAD / bn passenger-km,CIMS aircraft CAPEX normalized by FAA All Aircraft annual service output; Mid; CER Current Measures,T15,5,5,5,5,5,transport-cost-invest-passenger-air-e97ac762:composite:1:ca4132bec8ddc7b3
NS,T_HDV_AJP_SPK_N,2025,1032.1218289023984,$M 2020CAD / bn passenger-km,CIMS aircraft CAPEX normalized by FAA All Aircraft annual service output; Mid; CER Current Measures,T15,5,5,5,5,5,transport-cost-invest-passenger-air-e97ac762:composite:1:ca4132bec8ddc7b3
NS,T_HDV_AJP_SPK_N,2030,1032.1218289023984,$M 2020CAD / bn passenger-km,CIMS aircraft CAPEX normalized by FAA All Aircraft annual service output; Mid; CER Current Measures,T15,5,5,5,5,5,transport-cost-invest-passenger-air-e97ac762:composite:1:ca4132bec8ddc7b3
NS,T_HDV_AJP_SPK_N,2035,1032.1218289023984,$M 2020CAD / bn passenger-km,CIMS aircraft CAPEX normalized by FAA All Aircraft annual service output; Mid; CER Current Measures,T15,5,5,5,5,5,transport-cost-invest-passenger-air-e97ac762:composite:1:ca4132bec8ddc7b3
NS,T_HDV_AJP_SPK_N,2040,1032.1218289023984,$M 2020CAD / bn passenger-km,CIMS aircraft CAPEX normalized by FAA All Aircraft annual service output; Mid; CER Current Measures,T15,5,5,5,5,5,transport-cost-invest-passenger-air-e97ac762:composite:1:ca4132bec8ddc7b3
NS,T_HDV_AJP_SPK_N,2045,1032.1218289023984,$M 2020CAD / bn passenger-km,CIMS aircraft CAPEX normalized by FAA All Aircraft annual service output; Mid; CER Current Measures,T15,5,5,5,5,5,transport-cost-invest-passenger-air-e97ac762:composite:1:ca4132bec8ddc7b3
NS,T_HDV_BIC_BEV_N,2025,724.9291694090558,$M 2020CAD / k vehicles,REGEN intercity purchase price; Mid; CER Current Measures,T12,5,5,5,5,5,transport-cost-invest-inter-city-buses-8fe13d81:composite:1:a4215f62e54efd1d
NS,T_HDV_BIC_BEV_N,2030,687.3711076208749,$M 2020CAD / k vehicles,REGEN intercity purchase price; Mid; CER Current Measures,T12,5,5,5,5,5,transport-cost-invest-inter-city-buses-8fe13d81:composite:1:a4215f62e54efd1d
NS,T_HDV_BIC_BEV_N,2035,649.8130458326937,$M 2020CAD / k vehicles,REGEN intercity purchase price; Mid; CER Current Measures,T12,5,5,5,5,5,transport-cost-invest-inter-city-buses-8fe13d81:composite:1:a4215f62e54efd1d
NS,T_HDV_BIC_BEV_N,2040,637.7195688948578,$M 2020CAD / k vehicles,REGEN intercity purchase price; Mid; CER Current Measures,T12,5,5,5,5,5,transport-cost-invest-inter-city-buses-8fe13d81:composite:1:a4215f62e54efd1d
NS,T_HDV_BIC_BEV_N,2045,625.6260919570221,$M 2020CAD / k vehicles,REGEN intercity purchase price; Mid; CER Current Measures,T12,5,5,5,5,5,transport-cost-invest-inter-city-buses-8fe13d81:composite:1:a4215f62e54efd1d
NS,T_HDV_BIC_DSL_HEV_N,2025,625.0231638861476,$M 2020CAD / k vehicles,REGEN intercity purchase price; Mid; CER Current Measures,T12,5,5,5,5,5,transport-cost-invest-inter-city-buses-0a292860:composite:1:bb531e37aa681bea
NS,T_HDV_BIC_DSL_HEV_N,2030,631.1135387568029,$M 2020CAD / k vehicles,REGEN intercity purchase price; Mid; CER Current Measures,T12,5,5,5,5,5,transport-cost-invest-inter-city-buses-0a292860:composite:1:bb531e37aa681bea
NS,T_HDV_BIC_DSL_HEV_N,2035,639.1593250453943,$M 2020CAD / k vehicles,REGEN intercity purchase price; Mid; CER Current Measures,T12,5,5,5,5,5,transport-cost-invest-inter-city-buses-0a292860:composite:1:bb531e37aa681bea
NS,T_HDV_BIC_DSL_HEV_N,2040,638.5264211730566,$M 2020CAD / k vehicles,REGEN intercity purchase price; Mid; CER Current Measures,T12,5,5,5,5,5,transport-cost-invest-inter-city-buses-0a292860:composite:1:bb531e37aa681bea
NS,T_HDV_BIC_DSL_HEV_N,2045,637.8945752873842,$M 2020CAD / k vehicles,REGEN intercity purchase price; Mid; CER Current Measures,T12,5,5,5,5,5,transport-cost-invest-inter-city-buses-0a292860:composite:1:bb531e37aa681bea
NS,T_HDV_BIC_DSL_N,2025,578.3503599462776,$M 2020CAD / k vehicles,REGEN intercity purchase price; Mid; CER Current Measures,T12,5,5,5,5,5,transport-cost-invest-inter-city-buses-8fe13d81:composite:1:a4215f62e54efd1d
NS,T_HDV_BIC_DSL_N,2030,592.376084435917,$M 2020CAD / k vehicles,REGEN intercity purchase price; Mid; CER Current Measures,T12,5,5,5,5,5,transport-cost-invest-inter-city-buses-8fe13d81:composite:1:a4215f62e54efd1d
NS,T_HDV_BIC_DSL_N,2035,606.4018089255563,$M 2020CAD / k vehicles,REGEN intercity purchase price; Mid; CER Current Measures,T12,5,5,5,5,5,transport-cost-invest-inter-city-buses-8fe13d81:composite:1:a4215f62e54efd1d
NS,T_HDV_BIC_DSL_N,2040,606.4018089255563,$M 2020CAD / k vehicles,REGEN intercity purchase price; Mid; CER Current Measures,T12,5,5,5,5,5,transport-cost-invest-inter-city-buses-8fe13d81:composite:1:a4215f62e54efd1d
NS,T_HDV_BIC_DSL_N,2045,606.4018089255563,$M 2020CAD / k vehicles,REGEN intercity purchase price; Mid; CER Current Measures,T12,5,5,5,5,5,transport-cost-invest-inter-city-buses-8fe13d81:composite:1:a4215f62e54efd1d
NS,T_HDV_BIC_FCEV_N,2025,726.7192071527243,$M 2020CAD / k vehicles,REGEN intercity purchase price; Mid; CER Current Measures,T12,5,5,5,5,5,transport-cost-invest-inter-city-buses-8fe13d81:composite:1:a4215f62e54efd1d
NS,T_HDV_BIC_FCEV_N,2030,702.2862077359937,$M 2020CAD / k vehicles,REGEN intercity purchase price; Mid; CER Current Measures,T12,5,5,5,5,5,transport-cost-invest-inter-city-buses-8fe13d81:composite:1:a4215f62e54efd1d
NS,T_HDV_BIC_FCEV_N,2035,677.8520796699922,$M 2020CAD / k vehicles,REGEN intercity purchase price; Mid; CER Current Measures,T12,5,5,5,5,5,transport-cost-invest-inter-city-buses-8fe13d81:composite:1:a4215f62e54efd1d
NS,T_HDV_BIC_FCEV_N,2040,660.4821673906367,$M 2020CAD / k vehicles,REGEN intercity purchase price; Mid; CER Current Measures,T12,5,5,5,5,5,transport-cost-invest-inter-city-buses-8fe13d81:composite:1:a4215f62e54efd1d
NS,T_HDV_BIC_FCEV_N,2045,643.1111264620107,$M 2020CAD / k vehicles,REGEN intercity purchase price; Mid; CER Current Measures,T12,5,5,5,5,5,transport-cost-invest-inter-city-buses-8fe13d81:composite:1:a4215f62e54efd1d
NS,T_HDV_BIC_GSL_N,2025,578.3503599462776,$M 2020CAD / k vehicles,REGEN intercity purchase price; Mid; CER Current Measures,T12,5,5,5,5,5,transport-cost-invest-inter-city-buses-8fe13d81:composite:1:a4215f62e54efd1d
NS,T_HDV_BIC_GSL_N,2030,592.376084435917,$M 2020CAD / k vehicles,REGEN intercity purchase price; Mid; CER Current Measures,T12,5,5,5,5,5,transport-cost-invest-inter-city-buses-8fe13d81:composite:1:a4215f62e54efd1d
NS,T_HDV_BIC_GSL_N,2035,606.4018089255563,$M 2020CAD / k vehicles,REGEN intercity purchase price; Mid; CER Current Measures,T12,5,5,5,5,5,transport-cost-invest-inter-city-buses-8fe13d81:composite:1:a4215f62e54efd1d
NS,T_HDV_BIC_GSL_N,2040,606.4018089255563,$M 2020CAD / k vehicles,REGEN intercity purchase price; Mid; CER Current Measures,T12,5,5,5,5,5,transport-cost-invest-inter-city-buses-8fe13d81:composite:1:a4215f62e54efd1d
NS,T_HDV_BIC_GSL_N,2045,606.4018089255563,$M 2020CAD / k vehicles,REGEN intercity purchase price; Mid; CER Current Measures,T12,5,5,5,5,5,transport-cost-invest-inter-city-buses-8fe13d81:composite:1:a4215f62e54efd1d
NS,T_HDV_BS_BEV_N,2025,84.19758949061635,$M 2020CAD / k vehicles,NLR manufacturing price (RPE / 1.5); Mid; CER Current Measures,T06,5,5,5,5,5,transport-cost-invest-school-buses-db3394b4:composite:1:4cfd8123718eed66
NS,T_HDV_BS_BEV_N,2030,70.11365479609992,$M 2020CAD / k vehicles,NLR manufacturing price (RPE / 1.5); Mid; CER Current Measures,T06,5,5,5,5,5,transport-cost-invest-school-buses-db3394b4:composite:1:4cfd8123718eed66
NS,T_HDV_BS_BEV_N,2035,62.61319010234349,$M 2020CAD / k vehicles,NLR manufacturing price (RPE / 1.5); Mid; CER Current Measures,T06,5,5,5,5,5,transport-cost-invest-school-buses-db3394b4:composite:1:4cfd8123718eed66
NS,T_HDV_BS_BEV_N,2040,59.22776267866287,$M 2020CAD / k vehicles,NLR manufacturing price (RPE / 1.5); Mid; CER Current Measures,T06,5,5,5,5,5,transport-cost-invest-school-buses-db3394b4:composite:1:4cfd8123718eed66
NS,T_HDV_BS_BEV_N,2045,55.842335254982245,$M 2020CAD / k vehicles,NLR manufacturing price (RPE / 1.5); Mid; CER Current Measures,T06,5,5,5,5,5,transport-cost-invest-school-buses-db3394b4:composite:1:4cfd8123718eed66
NS,T_HDV_BS_CNG_N,2025,53.16800325295391,$M 2020CAD / k vehicles,NLR manufacturing price (RPE / 1.5); reviewed cng->diesel purchase proxy; Mid; CER Current Measures,T06,5,5,5,5,5,transport-cost-invest-school-buses-db3394b4:composite:1:4cfd8123718eed66
NS,T_HDV_BS_CNG_N,2030,53.4655312378343,$M 2020CAD / k vehicles,NLR manufacturing price (RPE / 1.5); reviewed cng->diesel purchase proxy; Mid; CER Current Measures,T06,5,5,5,5,5,transport-cost-invest-school-buses-db3394b4:composite:1:4cfd8123718eed66
NS,T_HDV_BS_CNG_N,2035,53.3714260725808,$M 2020CAD / k vehicles,NLR manufacturing price (RPE / 1.5); reviewed cng->diesel purchase proxy; Mid; CER Current Measures,T06,5,5,5,5,5,transport-cost-invest-school-buses-db3394b4:composite:1:4cfd8123718eed66
NS,T_HDV_BS_CNG_N,2040,53.437700637583895,$M 2020CAD / k vehicles,NLR manufacturing price (RPE / 1.5); reviewed cng->diesel purchase proxy; Mid; CER Current Measures,T06,5,5,5,5,5,transport-cost-invest-school-buses-db3394b4:composite:1:4cfd8123718eed66
NS,T_HDV_BS_CNG_N,2045,53.50397520258698,$M 2020CAD / k vehicles,NLR manufacturing price (RPE / 1.5); reviewed cng->diesel purchase proxy; Mid; CER Current Measures,T06,5,5,5,5,5,transport-cost-invest-school-buses-db3394b4:composite:1:4cfd8123718eed66
NS,T_HDV_BS_DSL_HEV_N,2025,58.50015757889593,$M 2020CAD / k vehicles,NLR manufacturing price (RPE / 1.5); Mid; CER Current Measures,T06,5,5,5,5,5,transport-cost-invest-school-buses-db3394b4:composite:1:4cfd8123718eed66
NS,T_HDV_BS_DSL_HEV_N,2030,57.81028888624818,$M 2020CAD / k vehicles,NLR manufacturing price (RPE / 1.5); Mid; CER Current Measures,T06,5,5,5,5,5,transport-cost-invest-school-buses-db3394b4:composite:1:4cfd8123718eed66
NS,T_HDV_BS_DSL_HEV_N,2035,57.49401062408043,$M 2020CAD / k vehicles,NLR manufacturing price (RPE / 1.5); Mid; CER Current Measures,T06,5,5,5,5,5,transport-cost-invest-school-buses-db3394b4:composite:1:4cfd8123718eed66
NS,T_HDV_BS_DSL_HEV_N,2040,57.405801772439325,$M 2020CAD / k vehicles,NLR manufacturing price (RPE / 1.5); Mid; CER Current Measures,T06,5,5,5,5,5,transport-cost-invest-school-buses-db3394b4:composite:1:4cfd8123718eed66
NS,T_HDV_BS_DSL_HEV_N,2045,57.31759292079822,$M 2020CAD / k vehicles,NLR manufacturing price (RPE / 1.5); Mid; CER Current Measures,T06,5,5,5,5,5,transport-cost-invest-school-buses-db3394b4:composite:1:4cfd8123718eed66
NS,T_HDV_BS_DSL_N,2025,53.16800325295391,$M 2020CAD / k vehicles,NLR manufacturing price (RPE / 1.5); Mid; CER Current Measures,T06,5,5,5,5,5,transport-cost-invest-school-buses-db3394b4:composite:1:4cfd8123718eed66
NS,T_HDV_BS_DSL_N,2030,53.4655312378343,$M 2020CAD / k vehicles,NLR manufacturing price (RPE / 1.5); Mid; CER Current Measures,T06,5,5,5,5,5,transport-cost-invest-school-buses-db3394b4:composite:1:4cfd8123718eed66
NS,T_HDV_BS_DSL_N,2035,53.3714260725808,$M 2020CAD / k vehicles,NLR manufacturing price (RPE / 1.5); Mid; CER Current Measures,T06,5,5,5,5,5,transport-cost-invest-school-buses-db3394b4:composite:1:4cfd8123718eed66
NS,T_HDV_BS_DSL_N,2040,53.437700637583895,$M 2020CAD / k vehicles,NLR manufacturing price (RPE / 1.5); Mid; CER Current Measures,T06,5,5,5,5,5,transport-cost-invest-school-buses-db3394b4:composite:1:4cfd8123718eed66
NS,T_HDV_BS_DSL_N,2045,53.50397520258698,$M 2020CAD / k vehicles,NLR manufacturing price (RPE / 1.5); Mid; CER Current Measures,T06,5,5,5,5,5,transport-cost-invest-school-buses-db3394b4:composite:1:4cfd8123718eed66
NS,T_HDV_BS_DSL_PHEV_N,2025,87.13041588141115,$M 2020CAD / k vehicles,NLR manufacturing price (RPE / 1.5); Mid; CER Current Measures,T06,5,5,5,5,5,transport-cost-invest-school-buses-db3394b4:composite:1:4cfd8123718eed66
NS,T_HDV_BS_DSL_PHEV_N,2030,75.5222253464583,$M 2020CAD / k vehicles,NLR manufacturing price (RPE / 1.5); Mid; CER Current Measures,T06,5,5,5,5,5,transport-cost-invest-school-buses-db3394b4:composite:1:4cfd8123718eed66
NS,T_HDV_BS_DSL_PHEV_N,2035,68.7271956132863,$M 2020CAD / k vehicles,NLR manufacturing price (RPE / 1.5); Mid; CER Current Measures,T06,5,5,5,5,5,transport-cost-invest-school-buses-db3394b4:composite:1:4cfd8123718eed66
NS,T_HDV_BS_DSL_PHEV_N,2040,65.82679894735955,$M 2020CAD / k vehicles,NLR manufacturing price (RPE / 1.5); Mid; CER Current Measures,T06,5,5,5,5,5,transport-cost-invest-school-buses-db3394b4:composite:1:4cfd8123718eed66
NS,T_HDV_BS_DSL_PHEV_N,2045,62.926402281432814,$M 2020CAD / k vehicles,NLR manufacturing price (RPE / 1.5); Mid; CER Current Measures,T06,5,5,5,5,5,transport-cost-invest-school-buses-db3394b4:composite:1:4cfd8123718eed66
NS,T_HDV_BS_FCEV_N,2025,84.25313276484489,$M 2020CAD / k vehicles,NLR manufacturing price (RPE / 1.5); Mid; CER Current Measures,T06,5,5,5,5,5,transport-cost-invest-school-buses-db3394b4:composite:1:4cfd8123718eed66
NS,T_HDV_BS_FCEV_N,2030,66.34980196477711,$M 2020CAD / k vehicles,NLR manufacturing price (RPE / 1.5); Mid; CER Current Measures,T06,5,5,5,5,5,transport-cost-invest-school-buses-db3394b4:composite:1:4cfd8123718eed66
NS,T_HDV_BS_FCEV_N,2035,60.95821279762239,$M 2020CAD / k vehicles,NLR manufacturing price (RPE / 1.5); Mid; CER Current Measures,T06,5,5,5,5,5,transport-cost-invest-school-buses-db3394b4:composite:1:4cfd8123718eed66
NS,T_HDV_BS_FCEV_N,2040,59.87116842004512,$M 2020CAD / k vehicles,NLR manufacturing price (RPE / 1.5); Mid; CER Current Measures,T06,5,5,5,5,5,transport-cost-invest-school-buses-db3394b4:composite:1:4cfd8123718eed66
NS,T_HDV_BS_FCEV_N,2045,58.78412404246786,$M 2020CAD / k vehicles,NLR manufacturing price (RPE / 1.5); Mid; CER Current Measures,T06,5,5,5,5,5,transport-cost-invest-school-buses-db3394b4:composite:1:4cfd8123718eed66
NS,T_HDV_BS_FCHEV_N,2025,73.60226770799707,$M 2020CAD / k vehicles,NLR manufacturing price (RPE / 1.5); Mid; CER Current Measures,T06,5,5,5,5,5,transport-cost-invest-school-buses-db3394b4:composite:1:4cfd8123718eed66
NS,T_HDV_BS_FCHEV_N,2030,61.272368386889674,$M 2020CAD / k vehicles,NLR manufacturing price (RPE / 1.5); Mid; CER Current Measures,T06,5,5,5,5,5,transport-cost-invest-school-buses-db3394b4:composite:1:4cfd8123718eed66
NS,T_HDV_BS_FCHEV_N,2035,57.07478272624065,$M 2020CAD / k vehicles,NLR manufacturing price (RPE / 1.5); Mid; CER Current Measures,T06,5,5,5,5,5,transport-cost-invest-school-buses-db3394b4:composite:1:4cfd8123718eed66
NS,T_HDV_BS_FCHEV_N,2040,55.59150607391185,$M 2020CAD / k vehicles,NLR manufacturing price (RPE / 1.5); Mid; CER Current Measures,T06,5,5,5,5,5,transport-cost-invest-school-buses-db3394b4:composite:1:4cfd8123718eed66
NS,T_HDV_BS_FCHEV_N,2045,54.10822942158307,$M 2020CAD / k vehicles,NLR manufacturing price (RPE / 1.5); Mid; CER Current Measures,T06,5,5,5,5,5,transport-cost-invest-school-buses-db3394b4:composite:1:4cfd8123718eed66
NS,T_HDV_BS_GSL_N,2025,53.16800325295391,$M 2020CAD / k vehicles,NLR manufacturing price (RPE / 1.5); reviewed gasoline->diesel purchase proxy; Mid; CER Current Measures,T06,5,5,5,5,5,transport-cost-invest-school-buses-db3394b4:composite:1:4cfd8123718eed66
NS,T_HDV_BS_GSL_N,2030,53.4655312378343,$M 2020CAD / k vehicles,NLR manufacturing price (RPE / 1.5); reviewed gasoline->diesel purchase proxy; Mid; CER Current Measures,T06,5,5,5,5,5,transport-cost-invest-school-buses-db3394b4:composite:1:4cfd8123718eed66
NS,T_HDV_BS_GSL_N,2035,53.3714260725808,$M 2020CAD / k vehicles,NLR manufacturing price (RPE / 1.5); reviewed gasoline->diesel purchase proxy; Mid; CER Current Measures,T06,5,5,5,5,5,transport-cost-invest-school-buses-db3394b4:composite:1:4cfd8123718eed66
NS,T_HDV_BS_GSL_N,2040,53.437700637583895,$M 2020CAD / k vehicles,NLR manufacturing price (RPE / 1.5); reviewed gasoline->diesel purchase proxy; Mid; CER Current Measures,T06,5,5,5,5,5,transport-cost-invest-school-buses-db3394b4:composite:1:4cfd8123718eed66
NS,T_HDV_BS_GSL_N,2045,53.50397520258698,$M 2020CAD / k vehicles,NLR manufacturing price (RPE / 1.5); reviewed gasoline->diesel purchase proxy; Mid; CER Current Measures,T06,5,5,5,5,5,transport-cost-invest-school-buses-db3394b4:composite:1:4cfd8123718eed66
NS,T_HDV_BT_BEV_N,2025,274.5762303654073,$M 2020CAD / k vehicles,NLR manufacturing price (RPE / 1.5); Mid; CER Current Measures,T06,5,5,5,5,5,transport-cost-invest-urban-transit-db3394b4:composite:1:0cb1db7af1a5e7c6
NS,T_HDV_BT_BEV_N,2030,238.945043058376,$M 2020CAD / k vehicles,NLR manufacturing price (RPE / 1.5); Mid; CER Current Measures,T06,5,5,5,5,5,transport-cost-invest-urban-transit-db3394b4:composite:1:0cb1db7af1a5e7c6
NS,T_HDV_BT_BEV_N,2035,223.4573140190256,$M 2020CAD / k vehicles,NLR manufacturing price (RPE / 1.5); Mid; CER Current Measures,T06,5,5,5,5,5,transport-cost-invest-urban-transit-db3394b4:composite:1:0cb1db7af1a5e7c6
NS,T_HDV_BT_BEV_N,2040,213.91920126710497,$M 2020CAD / k vehicles,NLR manufacturing price (RPE / 1.5); Mid; CER Current Measures,T06,5,5,5,5,5,transport-cost-invest-urban-transit-db3394b4:composite:1:0cb1db7af1a5e7c6
NS,T_HDV_BT_BEV_N,2045,204.38108851518436,$M 2020CAD / k vehicles,NLR manufacturing price (RPE / 1.5); Mid; CER Current Measures,T06,5,5,5,5,5,transport-cost-invest-urban-transit-db3394b4:composite:1:0cb1db7af1a5e7c6
NS,T_HDV_BT_CNG_N,2025,168.10437279387037,$M 2020CAD / k vehicles,NLR manufacturing price (RPE / 1.5); reviewed cng->diesel purchase proxy; Mid; CER Current Measures,T06,5,5,5,5,5,transport-cost-invest-urban-transit-db3394b4:composite:1:0cb1db7af1a5e7c6
NS,T_HDV_BT_CNG_N,2030,168.63008811554965,$M 2020CAD / k vehicles,NLR manufacturing price (RPE / 1.5); reviewed cng->diesel purchase proxy; Mid; CER Current Measures,T06,5,5,5,5,5,transport-cost-invest-urban-transit-db3394b4:composite:1:0cb1db7af1a5e7c6
NS,T_HDV_BT_CNG_N,2035,168.74400489454072,$M 2020CAD / k vehicles,NLR manufacturing price (RPE / 1.5); reviewed cng->diesel purchase proxy; Mid; CER Current Measures,T06,5,5,5,5,5,transport-cost-invest-urban-transit-db3394b4:composite:1:0cb1db7af1a5e7c6
NS,T_HDV_BT_CNG_N,2040,168.88528056869325,$M 2020CAD / k vehicles,NLR manufacturing price (RPE / 1.5); reviewed cng->diesel purchase proxy; Mid; CER Current Measures,T06,5,5,5,5,5,transport-cost-invest-urban-transit-db3394b4:composite:1:0cb1db7af1a5e7c6
NS,T_HDV_BT_CNG_N,2045,169.02655624284563,$M 2020CAD / k vehicles,NLR manufacturing price (RPE / 1.5); reviewed cng->diesel purchase proxy; Mid; CER Current Measures,T06,5,5,5,5,5,transport-cost-invest-urban-transit-db3394b4:composite:1:0cb1db7af1a5e7c6
NS,T_HDV_BT_DSL_HEV_N,2025,181.6703753006759,$M 2020CAD / k vehicles,NLR manufacturing price (RPE / 1.5); Mid; CER Current Measures,T06,5,5,5,5,5,transport-cost-invest-urban-transit-db3394b4:composite:1:0cb1db7af1a5e7c6
NS,T_HDV_BT_DSL_HEV_N,2030,179.65737383341144,$M 2020CAD / k vehicles,NLR manufacturing price (RPE / 1.5); Mid; CER Current Measures,T06,5,5,5,5,5,transport-cost-invest-urban-transit-db3394b4:composite:1:0cb1db7af1a5e7c6
NS,T_HDV_BT_DSL_HEV_N,2035,177.85946988672637,$M 2020CAD / k vehicles,NLR manufacturing price (RPE / 1.5); Mid; CER Current Measures,T06,5,5,5,5,5,transport-cost-invest-urban-transit-db3394b4:composite:1:0cb1db7af1a5e7c6
NS,T_HDV_BT_DSL_HEV_N,2040,177.83211099156486,$M 2020CAD / k vehicles,NLR manufacturing price (RPE / 1.5); Mid; CER Current Measures,T06,5,5,5,5,5,transport-cost-invest-urban-transit-db3394b4:composite:1:0cb1db7af1a5e7c6
NS,T_HDV_BT_DSL_HEV_N,2045,177.80475209640355,$M 2020CAD / k vehicles,NLR manufacturing price (RPE / 1.5); Mid; CER Current Measures,T06,5,5,5,5,5,transport-cost-invest-urban-transit-db3394b4:composite:1:0cb1db7af1a5e7c6
NS,T_HDV_BT_DSL_N,2025,168.10437279387037,$M 2020CAD / k vehicles,NLR manufacturing price (RPE / 1.5); Mid; CER Current Measures,T06,5,5,5,5,5,transport-cost-invest-urban-transit-db3394b4:composite:1:0cb1db7af1a5e7c6
NS,T_HDV_BT_DSL_N,2030,168.63008811554965,$M 2020CAD / k vehicles,NLR manufacturing price (RPE / 1.5); Mid; CER Current Measures,T06,5,5,5,5,5,transport-cost-invest-urban-transit-db3394b4:composite:1:0cb1db7af1a5e7c6
NS,T_HDV_BT_DSL_N,2035,168.74400489454072,$M 2020CAD / k vehicles,NLR manufacturing price (RPE / 1.5); Mid; CER Current Measures,T06,5,5,5,5,5,transport-cost-invest-urban-transit-db3394b4:composite:1:0cb1db7af1a5e7c6
NS,T_HDV_BT_DSL_N,2040,168.88528056869325,$M 2020CAD / k vehicles,NLR manufacturing price (RPE / 1.5); Mid; CER Current Measures,T06,5,5,5,5,5,transport-cost-invest-urban-transit-db3394b4:composite:1:0cb1db7af1a5e7c6
NS,T_HDV_BT_DSL_N,2045,169.02655624284563,$M 2020CAD / k vehicles,NLR manufacturing price (RPE / 1.5); Mid; CER Current Measures,T06,5,5,5,5,5,transport-cost-invest-urban-transit-db3394b4:composite:1:0cb1db7af1a5e7c6
NS,T_HDV_BT_DSL_PHEV_N,2025,259.0927466718578,$M 2020CAD / k vehicles,NLR manufacturing price (RPE / 1.5); Mid; CER Current Measures,T06,5,5,5,5,5,transport-cost-invest-urban-transit-db3394b4:composite:1:0cb1db7af1a5e7c6
NS,T_HDV_BT_DSL_PHEV_N,2030,231.4194600686309,$M 2020CAD / k vehicles,NLR manufacturing price (RPE / 1.5); Mid; CER Current Measures,T06,5,5,5,5,5,transport-cost-invest-urban-transit-db3394b4:composite:1:0cb1db7af1a5e7c6
NS,T_HDV_BT_DSL_PHEV_N,2035,215.48950750835243,$M 2020CAD / k vehicles,NLR manufacturing price (RPE / 1.5); Mid; CER Current Measures,T06,5,5,5,5,5,transport-cost-invest-urban-transit-db3394b4:composite:1:0cb1db7af1a5e7c6
NS,T_HDV_BT_DSL_PHEV_N,2040,207.95920746771745,$M 2020CAD / k vehicles,NLR manufacturing price (RPE / 1.5); Mid; CER Current Measures,T06,5,5,5,5,5,transport-cost-invest-urban-transit-db3394b4:composite:1:0cb1db7af1a5e7c6
NS,T_HDV_BT_DSL_PHEV_N,2045,200.42890742708235,$M 2020CAD / k vehicles,NLR manufacturing price (RPE / 1.5); Mid; CER Current Measures,T06,5,5,5,5,5,transport-cost-invest-urban-transit-db3394b4:composite:1:0cb1db7af1a5e7c6
NS,T_HDV_BT_FCEV_N,2025,215.50153598812167,$M 2020CAD / k vehicles,NLR manufacturing price (RPE / 1.5); Mid; CER Current Measures,T06,5,5,5,5,5,transport-cost-invest-urban-transit-db3394b4:composite:1:0cb1db7af1a5e7c6
NS,T_HDV_BT_FCEV_N,2030,191.4891525805455,$M 2020CAD / k vehicles,NLR manufacturing price (RPE / 1.5); Mid; CER Current Measures,T06,5,5,5,5,5,transport-cost-invest-urban-transit-db3394b4:composite:1:0cb1db7af1a5e7c6
NS,T_HDV_BT_FCEV_N,2035,184.77018529297314,$M 2020CAD / k vehicles,NLR manufacturing price (RPE / 1.5); Mid; CER Current Measures,T06,5,5,5,5,5,transport-cost-invest-urban-transit-db3394b4:composite:1:0cb1db7af1a5e7c6
NS,T_HDV_BT_FCEV_N,2040,183.30082394076953,$M 2020CAD / k vehicles,NLR manufacturing price (RPE / 1.5); Mid; CER Current Measures,T06,5,5,5,5,5,transport-cost-invest-urban-transit-db3394b4:composite:1:0cb1db7af1a5e7c6
NS,T_HDV_BT_FCEV_N,2045,181.83146258856593,$M 2020CAD / k vehicles,NLR manufacturing price (RPE / 1.5); Mid; CER Current Measures,T06,5,5,5,5,5,transport-cost-invest-urban-transit-db3394b4:composite:1:0cb1db7af1a5e7c6
NS,T_HDV_BT_FCHEV_N,2025,199.82064371482988,$M 2020CAD / k vehicles,NLR manufacturing price (RPE / 1.5); Mid; CER Current Measures,T06,5,5,5,5,5,transport-cost-invest-urban-transit-db3394b4:composite:1:0cb1db7af1a5e7c6
NS,T_HDV_BT_FCHEV_N,2030,183.79870866219838,$M 2020CAD / k vehicles,NLR manufacturing price (RPE / 1.5); Mid; CER Current Measures,T06,5,5,5,5,5,transport-cost-invest-urban-transit-db3394b4:composite:1:0cb1db7af1a5e7c6
NS,T_HDV_BT_FCHEV_N,2035,177.91395182450466,$M 2020CAD / k vehicles,NLR manufacturing price (RPE / 1.5); Mid; CER Current Measures,T06,5,5,5,5,5,transport-cost-invest-urban-transit-db3394b4:composite:1:0cb1db7af1a5e7c6
NS,T_HDV_BT_FCHEV_N,2040,175.96227201880893,$M 2020CAD / k vehicles,NLR manufacturing price (RPE / 1.5); Mid; CER Current Measures,T06,5,5,5,5,5,transport-cost-invest-urban-transit-db3394b4:composite:1:0cb1db7af1a5e7c6
NS,T_HDV_BT_FCHEV_N,2045,174.01059221311317,$M 2020CAD / k vehicles,NLR manufacturing price (RPE / 1.5); Mid; CER Current Measures,T06,5,5,5,5,5,transport-cost-invest-urban-transit-db3394b4:composite:1:0cb1db7af1a5e7c6
NS,T_HDV_BT_GSL_N,2025,168.10437279387037,$M 2020CAD / k vehicles,NLR manufacturing price (RPE / 1.5); reviewed gasoline->diesel purchase proxy; Mid; CER Current Measures,T06,5,5,5,5,5,transport-cost-invest-urban-transit-db3394b4:composite:1:0cb1db7af1a5e7c6
NS,T_HDV_BT_GSL_N,2030,168.63008811554965,$M 2020CAD / k vehicles,NLR manufacturing price (RPE / 1.5); reviewed gasoline->diesel purchase proxy; Mid; CER Current Measures,T06,5,5,5,5,5,transport-cost-invest-urban-transit-db3394b4:composite:1:0cb1db7af1a5e7c6
NS,T_HDV_BT_GSL_N,2035,168.74400489454072,$M 2020CAD / k vehicles,NLR manufacturing price (RPE / 1.5); reviewed gasoline->diesel purchase proxy; Mid; CER Current Measures,T06,5,5,5,5,5,transport-cost-invest-urban-transit-db3394b4:composite:1:0cb1db7af1a5e7c6
NS,T_HDV_BT_GSL_N,2040,168.88528056869325,$M 2020CAD / k vehicles,NLR manufacturing price (RPE / 1.5); reviewed gasoline->diesel purchase proxy; Mid; CER Current Measures,T06,5,5,5,5,5,transport-cost-invest-urban-transit-db3394b4:composite:1:0cb1db7af1a5e7c6
NS,T_HDV_BT_GSL_N,2045,169.02655624284563,$M 2020CAD / k vehicles,NLR manufacturing price (RPE / 1.5); reviewed gasoline->diesel purchase proxy; Mid; CER Current Measures,T06,5,5,5,5,5,transport-cost-invest-urban-transit-db3394b4:composite:1:0cb1db7af1a5e7c6
NS,T_HDV_RF_DSL_N,2025,39.10602039451965,$M 2020CAD / bn tonne-km,CIMS service CAPEX times REGEN relative multiplier; Mid; CER Current Measures,T15,5,5,5,5,5,transport-cost-invest-freight-rail-7153c4b0:composite:1:67df951b6b1f4bd6
NS,T_HDV_RF_DSL_N,2030,39.10602039451965,$M 2020CAD / bn tonne-km,CIMS service CAPEX times REGEN relative multiplier; Mid; CER Current Measures,T15,5,5,5,5,5,transport-cost-invest-freight-rail-7153c4b0:composite:1:67df951b6b1f4bd6
NS,T_HDV_RF_DSL_N,2035,39.10602039451965,$M 2020CAD / bn tonne-km,CIMS service CAPEX times REGEN relative multiplier; Mid; CER Current Measures,T15,5,5,5,5,5,transport-cost-invest-freight-rail-7153c4b0:composite:1:67df951b6b1f4bd6
NS,T_HDV_RF_DSL_N,2040,39.10602039451965,$M 2020CAD / bn tonne-km,CIMS service CAPEX times REGEN relative multiplier; Mid; CER Current Measures,T15,5,5,5,5,5,transport-cost-invest-freight-rail-7153c4b0:composite:1:67df951b6b1f4bd6
NS,T_HDV_RF_DSL_N,2045,39.10602039451965,$M 2020CAD / bn tonne-km,CIMS service CAPEX times REGEN relative multiplier; Mid; CER Current Measures,T15,5,5,5,5,5,transport-cost-invest-freight-rail-7153c4b0:composite:1:67df951b6b1f4bd6
NS,T_HDV_RF_H2_N,2025,74.69249895353255,$M 2020CAD / bn tonne-km,CIMS service CAPEX times REGEN relative multiplier; Mid; CER Current Measures,T15,5,5,5,5,5,transport-cost-invest-freight-rail-2b87d19f:composite:1:515b0963e9e286db
NS,T_HDV_RF_H2_N,2030,74.69249895353255,$M 2020CAD / bn tonne-km,CIMS service CAPEX times REGEN relative multiplier; Mid; CER Current Measures,T15,5,5,5,5,5,transport-cost-invest-freight-rail-2b87d19f:composite:1:515b0963e9e286db
NS,T_HDV_RF_H2_N,2035,74.69249895353255,$M 2020CAD / bn tonne-km,CIMS service CAPEX times REGEN relative multiplier; Mid; CER Current Measures,T15,5,5,5,5,5,transport-cost-invest-freight-rail-2b87d19f:composite:1:515b0963e9e286db
NS,T_HDV_RF_H2_N,2040,68.4355356904094,$M 2020CAD / bn tonne-km,CIMS service CAPEX times REGEN relative multiplier; Mid; CER Current Measures,T15,5,5,5,5,5,transport-cost-invest-freight-rail-2b87d19f:composite:1:515b0963e9e286db
NS,T_HDV_RF_H2_N,2045,62.178572427286255,$M 2020CAD / bn tonne-km,CIMS service CAPEX times REGEN relative multiplier; Mid; CER Current Measures,T15,5,5,5,5,5,transport-cost-invest-freight-rail-2b87d19f:composite:1:515b0963e9e286db
NS,T_HDV_RF_LNG_N,2025,61.39645201939587,$M 2020CAD / bn tonne-km,CIMS service CAPEX times REGEN relative multiplier; Mid; CER Current Measures,T15,5,5,5,5,5,transport-cost-invest-freight-rail-2b87d19f:composite:1:515b0963e9e286db
NS,T_HDV_RF_LNG_N,2030,61.39645201939587,$M 2020CAD / bn tonne-km,CIMS service CAPEX times REGEN relative multiplier; Mid; CER Current Measures,T15,5,5,5,5,5,transport-cost-invest-freight-rail-2b87d19f:composite:1:515b0963e9e286db
NS,T_HDV_RF_LNG_N,2035,61.39645201939587,$M 2020CAD / bn tonne-km,CIMS service CAPEX times REGEN relative multiplier; Mid; CER Current Measures,T15,5,5,5,5,5,transport-cost-invest-freight-rail-2b87d19f:composite:1:515b0963e9e286db
NS,T_HDV_RF_LNG_N,2040,61.13574521676574,$M 2020CAD / bn tonne-km,CIMS service CAPEX times REGEN relative multiplier; Mid; CER Current Measures,T15,5,5,5,5,5,transport-cost-invest-freight-rail-2b87d19f:composite:1:515b0963e9e286db
NS,T_HDV_RF_LNG_N,2045,60.87503841413561,$M 2020CAD / bn tonne-km,CIMS service CAPEX times REGEN relative multiplier; Mid; CER Current Measures,T15,5,5,5,5,5,transport-cost-invest-freight-rail-2b87d19f:composite:1:515b0963e9e286db
NS,T_HDV_RICP_DSL_N,2025,1885.6878005906885,$M 2020CAD / bn passenger-km,CIMS service CAPEX times REGEN relative multiplier; Mid; CER Current Measures,T15,5,5,5,5,5,transport-cost-invest-passenger-rail-7153c4b0:composite:1:37d8b07bf17dc2b2
NS,T_HDV_RICP_DSL_N,2030,1885.6878005906885,$M 2020CAD / bn passenger-km,CIMS service CAPEX times REGEN relative multiplier; Mid; CER Current Measures,T15,5,5,5,5,5,transport-cost-invest-passenger-rail-7153c4b0:composite:1:37d8b07bf17dc2b2
NS,T_HDV_RICP_DSL_N,2035,1885.6878005906885,$M 2020CAD / bn passenger-km,CIMS service CAPEX times REGEN relative multiplier; Mid; CER Current Measures,T15,5,5,5,5,5,transport-cost-invest-passenger-rail-7153c4b0:composite:1:37d8b07bf17dc2b2
NS,T_HDV_RICP_DSL_N,2040,1885.6878005906885,$M 2020CAD / bn passenger-km,CIMS service CAPEX times REGEN relative multiplier; Mid; CER Current Measures,T15,5,5,5,5,5,transport-cost-invest-passenger-rail-7153c4b0:composite:1:37d8b07bf17dc2b2
NS,T_HDV_RICP_DSL_N,2045,1885.6878005906885,$M 2020CAD / bn passenger-km,CIMS service CAPEX times REGEN relative multiplier; Mid; CER Current Measures,T15,5,5,5,5,5,transport-cost-invest-passenger-rail-7153c4b0:composite:1:37d8b07bf17dc2b2
NS,T_HDV_RICP_H2_N,2025,2168.5409706792916,$M 2020CAD / bn passenger-km,CIMS service CAPEX times REGEN relative multiplier; Mid; CER Current Measures,T15,5,5,5,5,5,transport-cost-invest-passenger-rail-2b87d19f:composite:1:5b60ef866184bd6b
NS,T_HDV_RICP_H2_N,2030,2168.5409706792916,$M 2020CAD / bn passenger-km,CIMS service CAPEX times REGEN relative multiplier; Mid; CER Current Measures,T15,5,5,5,5,5,transport-cost-invest-passenger-rail-2b87d19f:composite:1:5b60ef866184bd6b
NS,T_HDV_RICP_H2_N,2035,2168.5409706792916,$M 2020CAD / bn passenger-km,CIMS service CAPEX times REGEN relative multiplier; Mid; CER Current Measures,T15,5,5,5,5,5,transport-cost-invest-passenger-rail-2b87d19f:composite:1:5b60ef866184bd6b
NS,T_HDV_RICP_H2_N,2040,2080.5422066517262,$M 2020CAD / bn passenger-km,CIMS service CAPEX times REGEN relative multiplier; Mid; CER Current Measures,T15,5,5,5,5,5,transport-cost-invest-passenger-rail-2b87d19f:composite:1:5b60ef866184bd6b
NS,T_HDV_RICP_H2_N,2045,1992.5434426241607,$M 2020CAD / bn passenger-km,CIMS service CAPEX times REGEN relative multiplier; Mid; CER Current Measures,T15,5,5,5,5,5,transport-cost-invest-passenger-rail-2b87d19f:composite:1:5b60ef866184bd6b
NS,T_HDV_T_BEV_N,2025,354.60839066360586,$M 2020CAD / k vehicles,NLR manufacturing price (RPE / 1.5); Mid; CER Current Measures,T06,5,5,5,5,5,transport-cost-invest-heavy-trucks-e1dceb92:composite:1:9b25f19b8719c99d
NS,T_HDV_T_BEV_N,2030,262.0369978719888,$M 2020CAD / k vehicles,NLR manufacturing price (RPE / 1.5); Mid; CER Current Measures,T06,5,5,5,5,5,transport-cost-invest-heavy-trucks-e1dceb92:composite:1:9b25f19b8719c99d
NS,T_HDV_T_BEV_N,2035,214.52781204840431,$M 2020CAD / k vehicles,NLR manufacturing price (RPE / 1.5); Mid; CER Current Measures,T06,5,5,5,5,5,transport-cost-invest-heavy-trucks-e1dceb92:composite:1:9b25f19b8719c99d
NS,T_HDV_T_BEV_N,2040,193.19316254037557,$M 2020CAD / k vehicles,NLR manufacturing price (RPE / 1.5); Mid; CER Current Measures,T06,5,5,5,5,5,transport-cost-invest-heavy-trucks-e1dceb92:composite:1:9b25f19b8719c99d
NS,T_HDV_T_BEV_N,2045,171.8585130323469,$M 2020CAD / k vehicles,NLR manufacturing price (RPE / 1.5); Mid; CER Current Measures,T06,5,5,5,5,5,transport-cost-invest-heavy-trucks-e1dceb92:composite:1:9b25f19b8719c99d
NS,T_HDV_T_DSL_HEV_N,2025,122.5046651026191,$M 2020CAD / k vehicles,NLR manufacturing price (RPE / 1.5); Mid; CER Current Measures,T06,5,5,5,5,5,transport-cost-invest-heavy-trucks-e1dceb92:composite:1:9b25f19b8719c99d
NS,T_HDV_T_DSL_HEV_N,2030,121.96794776095562,$M 2020CAD / k vehicles,NLR manufacturing price (RPE / 1.5); Mid; CER Current Measures,T06,5,5,5,5,5,transport-cost-invest-heavy-trucks-e1dceb92:composite:1:9b25f19b8719c99d
NS,T_HDV_T_DSL_HEV_N,2035,121.36606486592375,$M 2020CAD / k vehicles,NLR manufacturing price (RPE / 1.5); Mid; CER Current Measures,T06,5,5,5,5,5,transport-cost-invest-heavy-trucks-e1dceb92:composite:1:9b25f19b8719c99d
NS,T_HDV_T_DSL_HEV_N,2040,121.84439653907761,$M 2020CAD / k vehicles,NLR manufacturing price (RPE / 1.5); Mid; CER Current Measures,T06,5,5,5,5,5,transport-cost-invest-heavy-trucks-e1dceb92:composite:1:9b25f19b8719c99d
NS,T_HDV_T_DSL_HEV_N,2045,122.32272821223143,$M 2020CAD / k vehicles,NLR manufacturing price (RPE / 1.5); Mid; CER Current Measures,T06,5,5,5,5,5,transport-cost-invest-heavy-trucks-e1dceb92:composite:1:9b25f19b8719c99d
NS,T_HDV_T_DSL_N,2025,111.9431544747745,$M 2020CAD / k vehicles,NLR manufacturing price (RPE / 1.5); Mid; CER Current Measures,T06,5,5,5,5,5,transport-cost-invest-heavy-trucks-e1dceb92:composite:1:9b25f19b8719c99d
NS,T_HDV_T_DSL_N,2030,112.6327268860589,$M 2020CAD / k vehicles,NLR manufacturing price (RPE / 1.5); Mid; CER Current Measures,T06,5,5,5,5,5,transport-cost-invest-heavy-trucks-e1dceb92:composite:1:9b25f19b8719c99d
NS,T_HDV_T_DSL_N,2035,113.02413641507113,$M 2020CAD / k vehicles,NLR manufacturing price (RPE / 1.5); Mid; CER Current Measures,T06,5,5,5,5,5,transport-cost-invest-heavy-trucks-e1dceb92:composite:1:9b25f19b8719c99d
NS,T_HDV_T_DSL_N,2040,113.65905287682743,$M 2020CAD / k vehicles,NLR manufacturing price (RPE / 1.5); Mid; CER Current Measures,T06,5,5,5,5,5,transport-cost-invest-heavy-trucks-e1dceb92:composite:1:9b25f19b8719c99d
NS,T_HDV_T_DSL_N,2045,114.29396933858374,$M 2020CAD / k vehicles,NLR manufacturing price (RPE / 1.5); Mid; CER Current Measures,T06,5,5,5,5,5,transport-cost-invest-heavy-trucks-e1dceb92:composite:1:9b25f19b8719c99d
NS,T_HDV_T_DSL_PHEV_N,2025,331.53587704476456,$M 2020CAD / k vehicles,NLR manufacturing price (RPE / 1.5); Mid; CER Current Measures,T06,5,5,5,5,5,transport-cost-invest-heavy-trucks-e1dceb92:composite:1:9b25f19b8719c99d
NS,T_HDV_T_DSL_PHEV_N,2030,253.68938530290396,$M 2020CAD / k vehicles,NLR manufacturing price (RPE / 1.5); Mid; CER Current Measures,T06,5,5,5,5,5,transport-cost-invest-heavy-trucks-e1dceb92:composite:1:9b25f19b8719c99d
NS,T_HDV_T_DSL_PHEV_N,2035,209.91212371584172,$M 2020CAD / k vehicles,NLR manufacturing price (RPE / 1.5); Mid; CER Current Measures,T06,5,5,5,5,5,transport-cost-invest-heavy-trucks-e1dceb92:composite:1:9b25f19b8719c99d
NS,T_HDV_T_DSL_PHEV_N,2040,191.5631577874616,$M 2020CAD / k vehicles,NLR manufacturing price (RPE / 1.5); Mid; CER Current Measures,T06,5,5,5,5,5,transport-cost-invest-heavy-trucks-e1dceb92:composite:1:9b25f19b8719c99d
NS,T_HDV_T_DSL_PHEV_N,2045,173.21419185908155,$M 2020CAD / k vehicles,NLR manufacturing price (RPE / 1.5); Mid; CER Current Measures,T06,5,5,5,5,5,transport-cost-invest-heavy-trucks-e1dceb92:composite:1:9b25f19b8719c99d
NS,T_HDV_T_FCEV_N,2025,206.5692786999963,$M 2020CAD / k vehicles,NLR manufacturing price (RPE / 1.5); Mid; CER Current Measures,T06,5,5,5,5,5,transport-cost-invest-heavy-trucks-e1dceb92:composite:1:9b25f19b8719c99d
NS,T_HDV_T_FCEV_N,2030,147.8512536263465,$M 2020CAD / k vehicles,NLR manufacturing price (RPE / 1.5); Mid; CER Current Measures,T06,5,5,5,5,5,transport-cost-invest-heavy-trucks-e1dceb92:composite:1:9b25f19b8719c99d
NS,T_HDV_T_FCEV_N,2035,133.4796401926777,$M 2020CAD / k vehicles,NLR manufacturing price (RPE / 1.5); Mid; CER Current Measures,T06,5,5,5,5,5,transport-cost-invest-heavy-trucks-e1dceb92:composite:1:9b25f19b8719c99d
NS,T_HDV_T_FCEV_N,2040,130.4346740464288,$M 2020CAD / k vehicles,NLR manufacturing price (RPE / 1.5); Mid; CER Current Measures,T06,5,5,5,5,5,transport-cost-invest-heavy-trucks-e1dceb92:composite:1:9b25f19b8719c99d
NS,T_HDV_T_FCEV_N,2045,127.3897079001799,$M 2020CAD / k vehicles,NLR manufacturing price (RPE / 1.5); Mid; CER Current Measures,T06,5,5,5,5,5,transport-cost-invest-heavy-trucks-e1dceb92:composite:1:9b25f19b8719c99d
NS,T_HDV_T_FCHEV_N,2025,171.95736229193906,$M 2020CAD / k vehicles,NLR manufacturing price (RPE / 1.5); Mid; CER Current Measures,T06,5,5,5,5,5,transport-cost-invest-heavy-trucks-e1dceb92:composite:1:9b25f19b8719c99d
NS,T_HDV_T_FCHEV_N,2030,132.91222768106002,$M 2020CAD / k vehicles,NLR manufacturing price (RPE / 1.5); Mid; CER Current Measures,T06,5,5,5,5,5,transport-cost-invest-heavy-trucks-e1dceb92:composite:1:9b25f19b8719c99d
NS,T_HDV_T_FCHEV_N,2035,120.23555928489112,$M 2020CAD / k vehicles,NLR manufacturing price (RPE / 1.5); Mid; CER Current Measures,T06,5,5,5,5,5,transport-cost-invest-heavy-trucks-e1dceb92:composite:1:9b25f19b8719c99d
NS,T_HDV_T_FCHEV_N,2040,116.06601750113376,$M 2020CAD / k vehicles,NLR manufacturing price (RPE / 1.5); Mid; CER Current Measures,T06,5,5,5,5,5,transport-cost-invest-heavy-trucks-e1dceb92:composite:1:9b25f19b8719c99d
NS,T_HDV_T_FCHEV_N,2045,111.89647571737633,$M 2020CAD / k vehicles,NLR manufacturing price (RPE / 1.5); Mid; CER Current Measures,T06,5,5,5,5,5,transport-cost-invest-heavy-trucks-e1dceb92:composite:1:9b25f19b8719c99d
NS,T_HDV_WTF_HFO_N,2025,159.71497923605244,$M 2020CAD / bn tonne-km,CIMS service CAPEX times REGEN relative multiplier; Mid; CER Current Measures,T15,5,5,5,5,5,transport-cost-invest-freight-marine-7153c4b0:composite:1:6ed78a0e5715890a
NS,T_HDV_WTF_HFO_N,2030,159.71497923605244,$M 2020CAD / bn tonne-km,CIMS service CAPEX times REGEN relative multiplier; Mid; CER Current Measures,T15,5,5,5,5,5,transport-cost-invest-freight-marine-7153c4b0:composite:1:6ed78a0e5715890a
NS,T_HDV_WTF_HFO_N,2035,159.71497923605244,$M 2020CAD / bn tonne-km,CIMS service CAPEX times REGEN relative multiplier; Mid; CER Current Measures,T15,5,5,5,5,5,transport-cost-invest-freight-marine-7153c4b0:composite:1:6ed78a0e5715890a
NS,T_HDV_WTF_HFO_N,2040,159.71497923605244,$M 2020CAD / bn tonne-km,CIMS service CAPEX times REGEN relative multiplier; Mid; CER Current Measures,T15,5,5,5,5,5,transport-cost-invest-freight-marine-7153c4b0:composite:1:6ed78a0e5715890a
NS,T_HDV_WTF_HFO_N,2045,159.71497923605244,$M 2020CAD / bn tonne-km,CIMS service CAPEX times REGEN relative multiplier; Mid; CER Current Measures,T15,5,5,5,5,5,transport-cost-invest-freight-marine-7153c4b0:composite:1:6ed78a0e5715890a
NS,T_HDV_WTF_LNG_N,2025,167.70072819785508,$M 2020CAD / bn tonne-km,CIMS service CAPEX times REGEN relative multiplier; Mid; CER Current Measures,T15,5,5,5,5,5,transport-cost-invest-freight-marine-2b87d19f:composite:1:ad7b13db5806a90b
NS,T_HDV_WTF_LNG_N,2030,167.70072819785508,$M 2020CAD / bn tonne-km,CIMS service CAPEX times REGEN relative multiplier; Mid; CER Current Measures,T15,5,5,5,5,5,transport-cost-invest-freight-marine-2b87d19f:composite:1:ad7b13db5806a90b
NS,T_HDV_WTF_LNG_N,2035,167.70072819785508,$M 2020CAD / bn tonne-km,CIMS service CAPEX times REGEN relative multiplier; Mid; CER Current Measures,T15,5,5,5,5,5,transport-cost-invest-freight-marine-2b87d19f:composite:1:ad7b13db5806a90b
NS,T_HDV_WTF_LNG_N,2040,167.70072819785508,$M 2020CAD / bn tonne-km,CIMS service CAPEX times REGEN relative multiplier; Mid; CER Current Measures,T15,5,5,5,5,5,transport-cost-invest-freight-marine-2b87d19f:composite:1:ad7b13db5806a90b
NS,T_HDV_WTF_LNG_N,2045,167.70072819785508,$M 2020CAD / bn tonne-km,CIMS service CAPEX times REGEN relative multiplier; Mid; CER Current Measures,T15,5,5,5,5,5,transport-cost-invest-freight-marine-2b87d19f:composite:1:ad7b13db5806a90b
NS,T_HDV_WTF_MDO_N,2025,159.71497923605244,$M 2020CAD / bn tonne-km,CIMS service CAPEX times REGEN relative multiplier; Mid; CER Current Measures,T15,5,5,5,5,5,transport-cost-invest-freight-marine-7153c4b0:composite:1:6ed78a0e5715890a
NS,T_HDV_WTF_MDO_N,2030,159.71497923605244,$M 2020CAD / bn tonne-km,CIMS service CAPEX times REGEN relative multiplier; Mid; CER Current Measures,T15,5,5,5,5,5,transport-cost-invest-freight-marine-7153c4b0:composite:1:6ed78a0e5715890a
NS,T_HDV_WTF_MDO_N,2035,159.71497923605244,$M 2020CAD / bn tonne-km,CIMS service CAPEX times REGEN relative multiplier; Mid; CER Current Measures,T15,5,5,5,5,5,transport-cost-invest-freight-marine-7153c4b0:composite:1:6ed78a0e5715890a
NS,T_HDV_WTF_MDO_N,2040,159.71497923605244,$M 2020CAD / bn tonne-km,CIMS service CAPEX times REGEN relative multiplier; Mid; CER Current Measures,T15,5,5,5,5,5,transport-cost-invest-freight-marine-7153c4b0:composite:1:6ed78a0e5715890a
NS,T_HDV_WTF_MDO_N,2045,159.71497923605244,$M 2020CAD / bn tonne-km,CIMS service CAPEX times REGEN relative multiplier; Mid; CER Current Measures,T15,5,5,5,5,5,transport-cost-invest-freight-marine-7153c4b0:composite:1:6ed78a0e5715890a
NS,T_LDV_C_BEV150_N,2025,16.801003190903973,$M 2020CAD / k vehicles,NLR manufacturing price (RPE / 1.5); Mid; CER Current Measures,T06,5,5,5,5,5,transport-cost-invest-cars-17ac5a44:composite:1:6c9511ec7d0fa9a6
NS,T_LDV_C_BEV150_N,2030,15.869353538567474,$M 2020CAD / k vehicles,NLR manufacturing price (RPE / 1.5); Mid; CER Current Measures,T06,5,5,5,5,5,transport-cost-invest-cars-17ac5a44:composite:1:6c9511ec7d0fa9a6
NS,T_LDV_C_BEV150_N,2035,14.83975417546046,$M 2020CAD / k vehicles,NLR manufacturing price (RPE / 1.5); Mid; CER Current Measures,T06,5,5,5,5,5,transport-cost-invest-cars-17ac5a44:composite:1:6c9511ec7d0fa9a6
NS,T_LDV_C_BEV150_N,2040,14.463386506311748,$M 2020CAD / k vehicles,NLR manufacturing price (RPE / 1.5); Mid; CER Current Measures,T06,5,5,5,5,5,transport-cost-invest-cars-17ac5a44:composite:1:6c9511ec7d0fa9a6
NS,T_LDV_C_BEV150_N,2045,14.087018837163033,$M 2020CAD / k vehicles,NLR manufacturing price (RPE / 1.5); Mid; CER Current Measures,T06,5,5,5,5,5,transport-cost-invest-cars-17ac5a44:composite:1:6c9511ec7d0fa9a6
NS,T_LDV_C_BEV200_N,2025,18.450588718181724,$M 2020CAD / k vehicles,NLR manufacturing price (RPE / 1.5); Mid; CER Current Measures,T06,5,5,5,5,5,transport-cost-invest-cars-17ac5a44:composite:1:6c9511ec7d0fa9a6
NS,T_LDV_C_BEV200_N,2030,17.075432556783035,$M 2020CAD / k vehicles,NLR manufacturing price (RPE / 1.5); Mid; CER Current Measures,T06,5,5,5,5,5,transport-cost-invest-cars-17ac5a44:composite:1:6c9511ec7d0fa9a6
NS,T_LDV_C_BEV200_N,2035,16.064052800119892,$M 2020CAD / k vehicles,NLR manufacturing price (RPE / 1.5); Mid; CER Current Measures,T06,5,5,5,5,5,transport-cost-invest-cars-17ac5a44:composite:1:6c9511ec7d0fa9a6
NS,T_LDV_C_BEV200_N,2040,15.570840343740123,$M 2020CAD / k vehicles,NLR manufacturing price (RPE / 1.5); Mid; CER Current Measures,T06,5,5,5,5,5,transport-cost-invest-cars-17ac5a44:composite:1:6c9511ec7d0fa9a6
NS,T_LDV_C_BEV200_N,2045,15.077627887360357,$M 2020CAD / k vehicles,NLR manufacturing price (RPE / 1.5); Mid; CER Current Measures,T06,5,5,5,5,5,transport-cost-invest-cars-17ac5a44:composite:1:6c9511ec7d0fa9a6
NS,T_LDV_C_BEV300_N,2025,21.64471662156811,$M 2020CAD / k vehicles,NLR manufacturing price (RPE / 1.5); Mid; CER Current Measures,T06,5,5,5,5,5,transport-cost-invest-cars-17ac5a44:composite:1:6c9511ec7d0fa9a6
NS,T_LDV_C_BEV300_N,2030,20.127401795353926,$M 2020CAD / k vehicles,NLR manufacturing price (RPE / 1.5); Mid; CER Current Measures,T06,5,5,5,5,5,transport-cost-invest-cars-17ac5a44:composite:1:6c9511ec7d0fa9a6
NS,T_LDV_C_BEV300_N,2035,18.51224924915488,$M 2020CAD / k vehicles,NLR manufacturing price (RPE / 1.5); Mid; CER Current Measures,T06,5,5,5,5,5,transport-cost-invest-cars-17ac5a44:composite:1:6c9511ec7d0fa9a6
NS,T_LDV_C_BEV300_N,2040,17.8051222661988,$M 2020CAD / k vehicles,NLR manufacturing price (RPE / 1.5); Mid; CER Current Measures,T06,5,5,5,5,5,transport-cost-invest-cars-17ac5a44:composite:1:6c9511ec7d0fa9a6
NS,T_LDV_C_BEV300_N,2045,17.097995283242717,$M 2020CAD / k vehicles,NLR manufacturing price (RPE / 1.5); Mid; CER Current Measures,T06,5,5,5,5,5,transport-cost-invest-cars-17ac5a44:composite:1:6c9511ec7d0fa9a6
NS,T_LDV_C_BEV400_N,2025,26.871404576953083,$M 2020CAD / k vehicles,NLR manufacturing price (RPE / 1.5); Mid; CER Current Measures,T06,5,5,5,5,5,transport-cost-invest-cars-17ac5a44:composite:1:6c9511ec7d0fa9a6
NS,T_LDV_C_BEV400_N,2030,23.992811545238926,$M 2020CAD / k vehicles,NLR manufacturing price (RPE / 1.5); Mid; CER Current Measures,T06,5,5,5,5,5,transport-cost-invest-cars-17ac5a44:composite:1:6c9511ec7d0fa9a6
NS,T_LDV_C_BEV400_N,2035,21.55181606660899,$M 2020CAD / k vehicles,NLR manufacturing price (RPE / 1.5); Mid; CER Current Measures,T06,5,5,5,5,5,transport-cost-invest-cars-17ac5a44:composite:1:6c9511ec7d0fa9a6
NS,T_LDV_C_BEV400_N,2040,20.669024477781626,$M 2020CAD / k vehicles,NLR manufacturing price (RPE / 1.5); Mid; CER Current Measures,T06,5,5,5,5,5,transport-cost-invest-cars-17ac5a44:composite:1:6c9511ec7d0fa9a6
NS,T_LDV_C_BEV400_N,2045,19.786232888954267,$M 2020CAD / k vehicles,NLR manufacturing price (RPE / 1.5); Mid; CER Current Measures,T06,5,5,5,5,5,transport-cost-invest-cars-17ac5a44:composite:1:6c9511ec7d0fa9a6
NS,T_LDV_C_CNG_N,2025,23.453108528211796,$M 2020CAD / k vehicles,NLR manufacturing price (RPE / 1.5); Mid; CER Current Measures,T06,5,5,5,5,5,transport-cost-invest-cars-17ac5a44:composite:1:6c9511ec7d0fa9a6
NS,T_LDV_C_CNG_N,2030,23.465204181505534,$M 2020CAD / k vehicles,NLR manufacturing price (RPE / 1.5); Mid; CER Current Measures,T06,5,5,5,5,5,transport-cost-invest-cars-17ac5a44:composite:1:6c9511ec7d0fa9a6
NS,T_LDV_C_CNG_N,2035,23.51720295021423,$M 2020CAD / k vehicles,NLR manufacturing price (RPE / 1.5); Mid; CER Current Measures,T06,5,5,5,5,5,transport-cost-invest-cars-17ac5a44:composite:1:6c9511ec7d0fa9a6
NS,T_LDV_C_CNG_N,2040,23.486199536200548,$M 2020CAD / k vehicles,NLR manufacturing price (RPE / 1.5); Mid; CER Current Measures,T06,5,5,5,5,5,transport-cost-invest-cars-17ac5a44:composite:1:6c9511ec7d0fa9a6
NS,T_LDV_C_CNG_N,2045,23.455196122186884,$M 2020CAD / k vehicles,NLR manufacturing price (RPE / 1.5); Mid; CER Current Measures,T06,5,5,5,5,5,transport-cost-invest-cars-17ac5a44:composite:1:6c9511ec7d0fa9a6
NS,T_LDV_C_DSL_N,2025,21.616273204696757,$M 2020CAD / k vehicles,NLR manufacturing price (RPE / 1.5); Mid; CER Current Measures,T06,5,5,5,5,5,transport-cost-invest-cars-17ac5a44:composite:1:6c9511ec7d0fa9a6
NS,T_LDV_C_DSL_N,2030,21.664120670538832,$M 2020CAD / k vehicles,NLR manufacturing price (RPE / 1.5); Mid; CER Current Measures,T06,5,5,5,5,5,transport-cost-invest-cars-17ac5a44:composite:1:6c9511ec7d0fa9a6
NS,T_LDV_C_DSL_N,2035,21.697015383143423,$M 2020CAD / k vehicles,NLR manufacturing price (RPE / 1.5); Mid; CER Current Measures,T06,5,5,5,5,5,transport-cost-invest-cars-17ac5a44:composite:1:6c9511ec7d0fa9a6
NS,T_LDV_C_DSL_N,2040,21.66589628197499,$M 2020CAD / k vehicles,NLR manufacturing price (RPE / 1.5); Mid; CER Current Measures,T06,5,5,5,5,5,transport-cost-invest-cars-17ac5a44:composite:1:6c9511ec7d0fa9a6
NS,T_LDV_C_DSL_N,2045,21.634777180806548,$M 2020CAD / k vehicles,NLR manufacturing price (RPE / 1.5); Mid; CER Current Measures,T06,5,5,5,5,5,transport-cost-invest-cars-17ac5a44:composite:1:6c9511ec7d0fa9a6
NS,T_LDV_C_FCEV400_N,2025,24.286118891416027,$M 2020CAD / k vehicles,NLR manufacturing price (RPE / 1.5); Mid; CER Current Measures,T06,5,5,5,5,5,transport-cost-invest-cars-17ac5a44:composite:1:6c9511ec7d0fa9a6
NS,T_LDV_C_FCEV400_N,2030,22.43387181478082,$M 2020CAD / k vehicles,NLR manufacturing price (RPE / 1.5); Mid; CER Current Measures,T06,5,5,5,5,5,transport-cost-invest-cars-17ac5a44:composite:1:6c9511ec7d0fa9a6
NS,T_LDV_C_FCEV400_N,2035,20.99196339019948,$M 2020CAD / k vehicles,NLR manufacturing price (RPE / 1.5); Mid; CER Current Measures,T06,5,5,5,5,5,transport-cost-invest-cars-17ac5a44:composite:1:6c9511ec7d0fa9a6
NS,T_LDV_C_FCEV400_N,2040,20.525515721130493,$M 2020CAD / k vehicles,NLR manufacturing price (RPE / 1.5); Mid; CER Current Measures,T06,5,5,5,5,5,transport-cost-invest-cars-17ac5a44:composite:1:6c9511ec7d0fa9a6
NS,T_LDV_C_FCEV400_N,2045,20.059068052061516,$M 2020CAD / k vehicles,NLR manufacturing price (RPE / 1.5); Mid; CER Current Measures,T06,5,5,5,5,5,transport-cost-invest-cars-17ac5a44:composite:1:6c9511ec7d0fa9a6
NS,T_LDV_C_GSL_HEV_N,2025,20.068117018651932,$M 2020CAD / k vehicles,NLR manufacturing price (RPE / 1.5); Mid; CER Current Measures,T06,5,5,5,5,5,transport-cost-invest-cars-17ac5a44:composite:1:6c9511ec7d0fa9a6
NS,T_LDV_C_GSL_HEV_N,2030,19.480143337341726,$M 2020CAD / k vehicles,NLR manufacturing price (RPE / 1.5); Mid; CER Current Measures,T06,5,5,5,5,5,transport-cost-invest-cars-17ac5a44:composite:1:6c9511ec7d0fa9a6
NS,T_LDV_C_GSL_HEV_N,2035,19.11592132553458,$M 2020CAD / k vehicles,NLR manufacturing price (RPE / 1.5); Mid; CER Current Measures,T06,5,5,5,5,5,transport-cost-invest-cars-17ac5a44:composite:1:6c9511ec7d0fa9a6
NS,T_LDV_C_GSL_HEV_N,2040,18.86171930229058,$M 2020CAD / k vehicles,NLR manufacturing price (RPE / 1.5); Mid; CER Current Measures,T06,5,5,5,5,5,transport-cost-invest-cars-17ac5a44:composite:1:6c9511ec7d0fa9a6
NS,T_LDV_C_GSL_HEV_N,2045,18.607517279046583,$M 2020CAD / k vehicles,NLR manufacturing price (RPE / 1.5); Mid; CER Current Measures,T06,5,5,5,5,5,transport-cost-invest-cars-17ac5a44:composite:1:6c9511ec7d0fa9a6
NS,T_LDV_C_GSL_N,2025,18.099727473265236,$M 2020CAD / k vehicles,NLR manufacturing price (RPE / 1.5); Mid; CER Current Measures,T06,5,5,5,5,5,transport-cost-invest-cars-17ac5a44:composite:1:6c9511ec7d0fa9a6
NS,T_LDV_C_GSL_N,2030,18.568779974193454,$M 2020CAD / k vehicles,NLR manufacturing price (RPE / 1.5); Mid; CER Current Measures,T06,5,5,5,5,5,transport-cost-invest-cars-17ac5a44:composite:1:6c9511ec7d0fa9a6
NS,T_LDV_C_GSL_N,2035,19.547500130824435,$M 2020CAD / k vehicles,NLR manufacturing price (RPE / 1.5); Mid; CER Current Measures,T06,5,5,5,5,5,transport-cost-invest-cars-17ac5a44:composite:1:6c9511ec7d0fa9a6
NS,T_LDV_C_GSL_N,2040,19.51661240396554,$M 2020CAD / k vehicles,NLR manufacturing price (RPE / 1.5); Mid; CER Current Measures,T06,5,5,5,5,5,transport-cost-invest-cars-17ac5a44:composite:1:6c9511ec7d0fa9a6
NS,T_LDV_C_GSL_N,2045,19.485724677106628,$M 2020CAD / k vehicles,NLR manufacturing price (RPE / 1.5); Mid; CER Current Measures,T06,5,5,5,5,5,transport-cost-invest-cars-17ac5a44:composite:1:6c9511ec7d0fa9a6
NS,T_LDV_C_GSL_PHEV35_N,2025,21.329665367851863,$M 2020CAD / k vehicles,NLR manufacturing price (RPE / 1.5); Mid; CER Current Measures,T06,5,5,5,5,5,transport-cost-invest-cars-17ac5a44:composite:1:6c9511ec7d0fa9a6
NS,T_LDV_C_GSL_PHEV35_N,2030,20.243582306410154,$M 2020CAD / k vehicles,NLR manufacturing price (RPE / 1.5); Mid; CER Current Measures,T06,5,5,5,5,5,transport-cost-invest-cars-17ac5a44:composite:1:6c9511ec7d0fa9a6
NS,T_LDV_C_GSL_PHEV35_N,2035,19.51060185521329,$M 2020CAD / k vehicles,NLR manufacturing price (RPE / 1.5); Mid; CER Current Measures,T06,5,5,5,5,5,transport-cost-invest-cars-17ac5a44:composite:1:6c9511ec7d0fa9a6
NS,T_LDV_C_GSL_PHEV35_N,2040,19.119066477548746,$M 2020CAD / k vehicles,NLR manufacturing price (RPE / 1.5); Mid; CER Current Measures,T06,5,5,5,5,5,transport-cost-invest-cars-17ac5a44:composite:1:6c9511ec7d0fa9a6
NS,T_LDV_C_GSL_PHEV35_N,2045,18.727531099884192,$M 2020CAD / k vehicles,NLR manufacturing price (RPE / 1.5); Mid; CER Current Measures,T06,5,5,5,5,5,transport-cost-invest-cars-17ac5a44:composite:1:6c9511ec7d0fa9a6
NS,T_LDV_C_GSL_PHEV50_N,2025,22.408614632413034,$M 2020CAD / k vehicles,NLR manufacturing price (RPE / 1.5); Mid; CER Current Measures,T06,5,5,5,5,5,transport-cost-invest-cars-17ac5a44:composite:1:6c9511ec7d0fa9a6
NS,T_LDV_C_GSL_PHEV50_N,2030,21.11719207550682,$M 2020CAD / k vehicles,NLR manufacturing price (RPE / 1.5); Mid; CER Current Measures,T06,5,5,5,5,5,transport-cost-invest-cars-17ac5a44:composite:1:6c9511ec7d0fa9a6
NS,T_LDV_C_GSL_PHEV50_N,2035,20.22391623356339,$M 2020CAD / k vehicles,NLR manufacturing price (RPE / 1.5); Mid; CER Current Measures,T06,5,5,5,5,5,transport-cost-invest-cars-17ac5a44:composite:1:6c9511ec7d0fa9a6
NS,T_LDV_C_GSL_PHEV50_N,2040,19.775126157686778,$M 2020CAD / k vehicles,NLR manufacturing price (RPE / 1.5); Mid; CER Current Measures,T06,5,5,5,5,5,transport-cost-invest-cars-17ac5a44:composite:1:6c9511ec7d0fa9a6
NS,T_LDV_C_GSL_PHEV50_N,2045,19.326336081810155,$M 2020CAD / k vehicles,NLR manufacturing price (RPE / 1.5); Mid; CER Current Measures,T06,5,5,5,5,5,transport-cost-invest-cars-17ac5a44:composite:1:6c9511ec7d0fa9a6
NS,T_LDV_LTF_BEV150_N,2025,23.198054549055403,$M 2020CAD / k vehicles,NLR manufacturing price (RPE / 1.5); Mid; CER Current Measures,T06,5,5,5,5,5,transport-cost-invest-freight-light-trucks-17ac5a44:composite:1:f148ff7e78890547
NS,T_LDV_LTF_BEV150_N,2030,21.74990711330167,$M 2020CAD / k vehicles,NLR manufacturing price (RPE / 1.5); Mid; CER Current Measures,T06,5,5,5,5,5,transport-cost-invest-freight-light-trucks-17ac5a44:composite:1:f148ff7e78890547
NS,T_LDV_LTF_BEV150_N,2035,20.655907447622376,$M 2020CAD / k vehicles,NLR manufacturing price (RPE / 1.5); Mid; CER Current Measures,T06,5,5,5,5,5,transport-cost-invest-freight-light-trucks-17ac5a44:composite:1:f148ff7e78890547
NS,T_LDV_LTF_BEV150_N,2040,20.10871521160944,$M 2020CAD / k vehicles,NLR manufacturing price (RPE / 1.5); Mid; CER Current Measures,T06,5,5,5,5,5,transport-cost-invest-freight-light-trucks-17ac5a44:composite:1:f148ff7e78890547
NS,T_LDV_LTF_BEV150_N,2045,19.56152297559651,$M 2020CAD / k vehicles,NLR manufacturing price (RPE / 1.5); Mid; CER Current Measures,T06,5,5,5,5,5,transport-cost-invest-freight-light-trucks-17ac5a44:composite:1:f148ff7e78890547
NS,T_LDV_LTF_BEV200_N,2025,25.329852285373793,$M 2020CAD / k vehicles,NLR manufacturing price (RPE / 1.5); Mid; CER Current Measures,T06,5,5,5,5,5,transport-cost-invest-freight-light-trucks-17ac5a44:composite:1:f148ff7e78890547
NS,T_LDV_LTF_BEV200_N,2030,23.716184211003593,$M 2020CAD / k vehicles,NLR manufacturing price (RPE / 1.5); Mid; CER Current Measures,T06,5,5,5,5,5,transport-cost-invest-freight-light-trucks-17ac5a44:composite:1:f148ff7e78890547
NS,T_LDV_LTF_BEV200_N,2035,22.236253814604407,$M 2020CAD / k vehicles,NLR manufacturing price (RPE / 1.5); Mid; CER Current Measures,T06,5,5,5,5,5,transport-cost-invest-freight-light-trucks-17ac5a44:composite:1:f148ff7e78890547
NS,T_LDV_LTF_BEV200_N,2040,21.5507721961262,$M 2020CAD / k vehicles,NLR manufacturing price (RPE / 1.5); Mid; CER Current Measures,T06,5,5,5,5,5,transport-cost-invest-freight-light-trucks-17ac5a44:composite:1:f148ff7e78890547
NS,T_LDV_LTF_BEV200_N,2045,20.86529057764799,$M 2020CAD / k vehicles,NLR manufacturing price (RPE / 1.5); Mid; CER Current Measures,T06,5,5,5,5,5,transport-cost-invest-freight-light-trucks-17ac5a44:composite:1:f148ff7e78890547
NS,T_LDV_LTF_BEV300_N,2025,29.844256602098493,$M 2020CAD / k vehicles,NLR manufacturing price (RPE / 1.5); Mid; CER Current Measures,T06,5,5,5,5,5,transport-cost-invest-freight-light-trucks-17ac5a44:composite:1:f148ff7e78890547
NS,T_LDV_LTF_BEV300_N,2030,27.510148965283708,$M 2020CAD / k vehicles,NLR manufacturing price (RPE / 1.5); Mid; CER Current Measures,T06,5,5,5,5,5,transport-cost-invest-freight-light-trucks-17ac5a44:composite:1:f148ff7e78890547
NS,T_LDV_LTF_BEV300_N,2035,25.31530268754287,$M 2020CAD / k vehicles,NLR manufacturing price (RPE / 1.5); Mid; CER Current Measures,T06,5,5,5,5,5,transport-cost-invest-freight-light-trucks-17ac5a44:composite:1:f148ff7e78890547
NS,T_LDV_LTF_BEV300_N,2040,24.427240043847814,$M 2020CAD / k vehicles,NLR manufacturing price (RPE / 1.5); Mid; CER Current Measures,T06,5,5,5,5,5,transport-cost-invest-freight-light-trucks-17ac5a44:composite:1:f148ff7e78890547
NS,T_LDV_LTF_BEV300_N,2045,23.539177400152745,$M 2020CAD / k vehicles,NLR manufacturing price (RPE / 1.5); Mid; CER Current Measures,T06,5,5,5,5,5,transport-cost-invest-freight-light-trucks-17ac5a44:composite:1:f148ff7e78890547
NS,T_LDV_LTF_BEV400_N,2025,36.584254888203446,$M 2020CAD / k vehicles,NLR manufacturing price (RPE / 1.5); Mid; CER Current Measures,T06,5,5,5,5,5,transport-cost-invest-freight-light-trucks-17ac5a44:composite:1:f148ff7e78890547
NS,T_LDV_LTF_BEV400_N,2030,33.037308850618835,$M 2020CAD / k vehicles,NLR manufacturing price (RPE / 1.5); Mid; CER Current Measures,T06,5,5,5,5,5,transport-cost-invest-freight-light-trucks-17ac5a44:composite:1:f148ff7e78890547
NS,T_LDV_LTF_BEV400_N,2035,30.02648837692175,$M 2020CAD / k vehicles,NLR manufacturing price (RPE / 1.5); Mid; CER Current Measures,T06,5,5,5,5,5,transport-cost-invest-freight-light-trucks-17ac5a44:composite:1:f148ff7e78890547
NS,T_LDV_LTF_BEV400_N,2040,28.662275803539924,$M 2020CAD / k vehicles,NLR manufacturing price (RPE / 1.5); Mid; CER Current Measures,T06,5,5,5,5,5,transport-cost-invest-freight-light-trucks-17ac5a44:composite:1:f148ff7e78890547
NS,T_LDV_LTF_BEV400_N,2045,27.298063230158085,$M 2020CAD / k vehicles,NLR manufacturing price (RPE / 1.5); Mid; CER Current Measures,T06,5,5,5,5,5,transport-cost-invest-freight-light-trucks-17ac5a44:composite:1:f148ff7e78890547
NS,T_LDV_LTF_CNG_N,2025,28.202584348161018,$M 2020CAD / k vehicles,NLR manufacturing price (RPE / 1.5); Mid; CER Current Measures,T06,5,5,5,5,5,transport-cost-invest-freight-light-trucks-17ac5a44:composite:1:f148ff7e78890547
NS,T_LDV_LTF_CNG_N,2030,28.221438791034974,$M 2020CAD / k vehicles,NLR manufacturing price (RPE / 1.5); Mid; CER Current Measures,T06,5,5,5,5,5,transport-cost-invest-freight-light-trucks-17ac5a44:composite:1:f148ff7e78890547
NS,T_LDV_LTF_CNG_N,2035,28.26637565972034,$M 2020CAD / k vehicles,NLR manufacturing price (RPE / 1.5); Mid; CER Current Measures,T06,5,5,5,5,5,transport-cost-invest-freight-light-trucks-17ac5a44:composite:1:f148ff7e78890547
NS,T_LDV_LTF_CNG_N,2040,28.23312614804637,$M 2020CAD / k vehicles,NLR manufacturing price (RPE / 1.5); Mid; CER Current Measures,T06,5,5,5,5,5,transport-cost-invest-freight-light-trucks-17ac5a44:composite:1:f148ff7e78890547
NS,T_LDV_LTF_CNG_N,2045,28.199876636372398,$M 2020CAD / k vehicles,NLR manufacturing price (RPE / 1.5); Mid; CER Current Measures,T06,5,5,5,5,5,transport-cost-invest-freight-light-trucks-17ac5a44:composite:1:f148ff7e78890547
NS,T_LDV_LTF_DSL_N,2025,26.260701373316834,$M 2020CAD / k vehicles,NLR manufacturing price (RPE / 1.5); Mid; CER Current Measures,T06,5,5,5,5,5,transport-cost-invest-freight-light-trucks-17ac5a44:composite:1:f148ff7e78890547
NS,T_LDV_LTF_DSL_N,2030,26.31379742465607,$M 2020CAD / k vehicles,NLR manufacturing price (RPE / 1.5); Mid; CER Current Measures,T06,5,5,5,5,5,transport-cost-invest-freight-light-trucks-17ac5a44:composite:1:f148ff7e78890547
NS,T_LDV_LTF_DSL_N,2035,26.340561352654408,$M 2020CAD / k vehicles,NLR manufacturing price (RPE / 1.5); Mid; CER Current Measures,T06,5,5,5,5,5,transport-cost-invest-freight-light-trucks-17ac5a44:composite:1:f148ff7e78890547
NS,T_LDV_LTF_DSL_N,2040,26.306878671431193,$M 2020CAD / k vehicles,NLR manufacturing price (RPE / 1.5); Mid; CER Current Measures,T06,5,5,5,5,5,transport-cost-invest-freight-light-trucks-17ac5a44:composite:1:f148ff7e78890547
NS,T_LDV_LTF_DSL_N,2045,26.27319599020797,$M 2020CAD / k vehicles,NLR manufacturing price (RPE / 1.5); Mid; CER Current Measures,T06,5,5,5,5,5,transport-cost-invest-freight-light-trucks-17ac5a44:composite:1:f148ff7e78890547
NS,T_LDV_LTF_FCEV400_N,2025,32.37677135524399,$M 2020CAD / k vehicles,NLR manufacturing price (RPE / 1.5); Mid; CER Current Measures,T06,5,5,5,5,5,transport-cost-invest-freight-light-trucks-17ac5a44:composite:1:f148ff7e78890547
NS,T_LDV_LTF_FCEV400_N,2030,29.86525331984078,$M 2020CAD / k vehicles,NLR manufacturing price (RPE / 1.5); Mid; CER Current Measures,T06,5,5,5,5,5,transport-cost-invest-freight-light-trucks-17ac5a44:composite:1:f148ff7e78890547
NS,T_LDV_LTF_FCEV400_N,2035,28.008052077232414,$M 2020CAD / k vehicles,NLR manufacturing price (RPE / 1.5); Mid; CER Current Measures,T06,5,5,5,5,5,transport-cost-invest-freight-light-trucks-17ac5a44:composite:1:f148ff7e78890547
NS,T_LDV_LTF_FCEV400_N,2040,27.372639260917623,$M 2020CAD / k vehicles,NLR manufacturing price (RPE / 1.5); Mid; CER Current Measures,T06,5,5,5,5,5,transport-cost-invest-freight-light-trucks-17ac5a44:composite:1:f148ff7e78890547
NS,T_LDV_LTF_FCEV400_N,2045,26.737226444602825,$M 2020CAD / k vehicles,NLR manufacturing price (RPE / 1.5); Mid; CER Current Measures,T06,5,5,5,5,5,transport-cost-invest-freight-light-trucks-17ac5a44:composite:1:f148ff7e78890547
NS,T_LDV_LTF_GSL_HEV_N,2025,25.805974041711135,$M 2020CAD / k vehicles,NLR manufacturing price (RPE / 1.5); Mid; CER Current Measures,T06,5,5,5,5,5,transport-cost-invest-freight-light-trucks-17ac5a44:composite:1:f148ff7e78890547
NS,T_LDV_LTF_GSL_HEV_N,2030,25.013546241990706,$M 2020CAD / k vehicles,NLR manufacturing price (RPE / 1.5); Mid; CER Current Measures,T06,5,5,5,5,5,transport-cost-invest-freight-light-trucks-17ac5a44:composite:1:f148ff7e78890547
NS,T_LDV_LTF_GSL_HEV_N,2035,24.59411463965462,$M 2020CAD / k vehicles,NLR manufacturing price (RPE / 1.5); Mid; CER Current Measures,T06,5,5,5,5,5,transport-cost-invest-freight-light-trucks-17ac5a44:composite:1:f148ff7e78890547
NS,T_LDV_LTF_GSL_HEV_N,2040,24.273660430577024,$M 2020CAD / k vehicles,NLR manufacturing price (RPE / 1.5); Mid; CER Current Measures,T06,5,5,5,5,5,transport-cost-invest-freight-light-trucks-17ac5a44:composite:1:f148ff7e78890547
NS,T_LDV_LTF_GSL_HEV_N,2045,23.953206221499414,$M 2020CAD / k vehicles,NLR manufacturing price (RPE / 1.5); Mid; CER Current Measures,T06,5,5,5,5,5,transport-cost-invest-freight-light-trucks-17ac5a44:composite:1:f148ff7e78890547
NS,T_LDV_LTF_GSL_N,2025,22.976303566477313,$M 2020CAD / k vehicles,NLR manufacturing price (RPE / 1.5); Mid; CER Current Measures,T06,5,5,5,5,5,transport-cost-invest-freight-light-trucks-17ac5a44:composite:1:f148ff7e78890547
NS,T_LDV_LTF_GSL_N,2030,23.391220360599508,$M 2020CAD / k vehicles,NLR manufacturing price (RPE / 1.5); Mid; CER Current Measures,T06,5,5,5,5,5,transport-cost-invest-freight-light-trucks-17ac5a44:composite:1:f148ff7e78890547
NS,T_LDV_LTF_GSL_N,2035,24.53689334920375,$M 2020CAD / k vehicles,NLR manufacturing price (RPE / 1.5); Mid; CER Current Measures,T06,5,5,5,5,5,transport-cost-invest-freight-light-trucks-17ac5a44:composite:1:f148ff7e78890547
NS,T_LDV_LTF_GSL_N,2040,24.50360380796553,$M 2020CAD / k vehicles,NLR manufacturing price (RPE / 1.5); Mid; CER Current Measures,T06,5,5,5,5,5,transport-cost-invest-freight-light-trucks-17ac5a44:composite:1:f148ff7e78890547
NS,T_LDV_LTF_GSL_N,2045,24.470314266727303,$M 2020CAD / k vehicles,NLR manufacturing price (RPE / 1.5); Mid; CER Current Measures,T06,5,5,5,5,5,transport-cost-invest-freight-light-trucks-17ac5a44:composite:1:f148ff7e78890547
NS,T_LDV_LTF_GSL_PHEV35_N,2025,27.446247654117283,$M 2020CAD / k vehicles,NLR manufacturing price (RPE / 1.5); Mid; CER Current Measures,T06,5,5,5,5,5,transport-cost-invest-freight-light-trucks-17ac5a44:composite:1:f148ff7e78890547
NS,T_LDV_LTF_GSL_PHEV35_N,2030,26.021182399839542,$M 2020CAD / k vehicles,NLR manufacturing price (RPE / 1.5); Mid; CER Current Measures,T06,5,5,5,5,5,transport-cost-invest-freight-light-trucks-17ac5a44:composite:1:f148ff7e78890547
NS,T_LDV_LTF_GSL_PHEV35_N,2035,25.060453577776883,$M 2020CAD / k vehicles,NLR manufacturing price (RPE / 1.5); Mid; CER Current Measures,T06,5,5,5,5,5,transport-cost-invest-freight-light-trucks-17ac5a44:composite:1:f148ff7e78890547
NS,T_LDV_LTF_GSL_PHEV35_N,2040,24.565972014341902,$M 2020CAD / k vehicles,NLR manufacturing price (RPE / 1.5); Mid; CER Current Measures,T06,5,5,5,5,5,transport-cost-invest-freight-light-trucks-17ac5a44:composite:1:f148ff7e78890547
NS,T_LDV_LTF_GSL_PHEV35_N,2045,24.071490450906925,$M 2020CAD / k vehicles,NLR manufacturing price (RPE / 1.5); Mid; CER Current Measures,T06,5,5,5,5,5,transport-cost-invest-freight-light-trucks-17ac5a44:composite:1:f148ff7e78890547
NS,T_LDV_LTF_GSL_PHEV50_N,2025,28.913277009282893,$M 2020CAD / k vehicles,NLR manufacturing price (RPE / 1.5); Mid; CER Current Measures,T06,5,5,5,5,5,transport-cost-invest-freight-light-trucks-17ac5a44:composite:1:f148ff7e78890547
NS,T_LDV_LTF_GSL_PHEV50_N,2030,27.21484800643277,$M 2020CAD / k vehicles,NLR manufacturing price (RPE / 1.5); Mid; CER Current Measures,T06,5,5,5,5,5,transport-cost-invest-freight-light-trucks-17ac5a44:composite:1:f148ff7e78890547
NS,T_LDV_LTF_GSL_PHEV50_N,2035,26.025159541718963,$M 2020CAD / k vehicles,NLR manufacturing price (RPE / 1.5); Mid; CER Current Measures,T06,5,5,5,5,5,transport-cost-invest-freight-light-trucks-17ac5a44:composite:1:f148ff7e78890547
NS,T_LDV_LTF_GSL_PHEV50_N,2040,25.451859718379076,$M 2020CAD / k vehicles,NLR manufacturing price (RPE / 1.5); Mid; CER Current Measures,T06,5,5,5,5,5,transport-cost-invest-freight-light-trucks-17ac5a44:composite:1:f148ff7e78890547
NS,T_LDV_LTF_GSL_PHEV50_N,2045,24.878559895039174,$M 2020CAD / k vehicles,NLR manufacturing price (RPE / 1.5); Mid; CER Current Measures,T06,5,5,5,5,5,transport-cost-invest-freight-light-trucks-17ac5a44:composite:1:f148ff7e78890547
NS,T_LDV_LTP_BEV150_N,2025,23.198054549055403,$M 2020CAD / k vehicles,NLR manufacturing price (RPE / 1.5); Mid; CER Current Measures,T06,5,5,5,5,5,transport-cost-invest-passenger-light-trucks-17ac5a44:composite:1:095462aa45c4e45f
NS,T_LDV_LTP_BEV150_N,2030,21.74990711330167,$M 2020CAD / k vehicles,NLR manufacturing price (RPE / 1.5); Mid; CER Current Measures,T06,5,5,5,5,5,transport-cost-invest-passenger-light-trucks-17ac5a44:composite:1:095462aa45c4e45f
NS,T_LDV_LTP_BEV150_N,2035,20.655907447622376,$M 2020CAD / k vehicles,NLR manufacturing price (RPE / 1.5); Mid; CER Current Measures,T06,5,5,5,5,5,transport-cost-invest-passenger-light-trucks-17ac5a44:composite:1:095462aa45c4e45f
NS,T_LDV_LTP_BEV150_N,2040,20.10871521160944,$M 2020CAD / k vehicles,NLR manufacturing price (RPE / 1.5); Mid; CER Current Measures,T06,5,5,5,5,5,transport-cost-invest-passenger-light-trucks-17ac5a44:composite:1:095462aa45c4e45f
NS,T_LDV_LTP_BEV150_N,2045,19.56152297559651,$M 2020CAD / k vehicles,NLR manufacturing price (RPE / 1.5); Mid; CER Current Measures,T06,5,5,5,5,5,transport-cost-invest-passenger-light-trucks-17ac5a44:composite:1:095462aa45c4e45f
NS,T_LDV_LTP_BEV200_N,2025,25.329852285373793,$M 2020CAD / k vehicles,NLR manufacturing price (RPE / 1.5); Mid; CER Current Measures,T06,5,5,5,5,5,transport-cost-invest-passenger-light-trucks-17ac5a44:composite:1:095462aa45c4e45f
NS,T_LDV_LTP_BEV200_N,2030,23.716184211003593,$M 2020CAD / k vehicles,NLR manufacturing price (RPE / 1.5); Mid; CER Current Measures,T06,5,5,5,5,5,transport-cost-invest-passenger-light-trucks-17ac5a44:composite:1:095462aa45c4e45f
NS,T_LDV_LTP_BEV200_N,2035,22.236253814604407,$M 2020CAD / k vehicles,NLR manufacturing price (RPE / 1.5); Mid; CER Current Measures,T06,5,5,5,5,5,transport-cost-invest-passenger-light-trucks-17ac5a44:composite:1:095462aa45c4e45f
NS,T_LDV_LTP_BEV200_N,2040,21.5507721961262,$M 2020CAD / k vehicles,NLR manufacturing price (RPE / 1.5); Mid; CER Current Measures,T06,5,5,5,5,5,transport-cost-invest-passenger-light-trucks-17ac5a44:composite:1:095462aa45c4e45f
NS,T_LDV_LTP_BEV200_N,2045,20.86529057764799,$M 2020CAD / k vehicles,NLR manufacturing price (RPE / 1.5); Mid; CER Current Measures,T06,5,5,5,5,5,transport-cost-invest-passenger-light-trucks-17ac5a44:composite:1:095462aa45c4e45f
NS,T_LDV_LTP_BEV300_N,2025,29.844256602098493,$M 2020CAD / k vehicles,NLR manufacturing price (RPE / 1.5); Mid; CER Current Measures,T06,5,5,5,5,5,transport-cost-invest-passenger-light-trucks-17ac5a44:composite:1:095462aa45c4e45f
NS,T_LDV_LTP_BEV300_N,2030,27.510148965283708,$M 2020CAD / k vehicles,NLR manufacturing price (RPE / 1.5); Mid; CER Current Measures,T06,5,5,5,5,5,transport-cost-invest-passenger-light-trucks-17ac5a44:composite:1:095462aa45c4e45f
NS,T_LDV_LTP_BEV300_N,2035,25.31530268754287,$M 2020CAD / k vehicles,NLR manufacturing price (RPE / 1.5); Mid; CER Current Measures,T06,5,5,5,5,5,transport-cost-invest-passenger-light-trucks-17ac5a44:composite:1:095462aa45c4e45f
NS,T_LDV_LTP_BEV300_N,2040,24.427240043847814,$M 2020CAD / k vehicles,NLR manufacturing price (RPE / 1.5); Mid; CER Current Measures,T06,5,5,5,5,5,transport-cost-invest-passenger-light-trucks-17ac5a44:composite:1:095462aa45c4e45f
NS,T_LDV_LTP_BEV300_N,2045,23.539177400152745,$M 2020CAD / k vehicles,NLR manufacturing price (RPE / 1.5); Mid; CER Current Measures,T06,5,5,5,5,5,transport-cost-invest-passenger-light-trucks-17ac5a44:composite:1:095462aa45c4e45f
NS,T_LDV_LTP_BEV400_N,2025,36.584254888203446,$M 2020CAD / k vehicles,NLR manufacturing price (RPE / 1.5); Mid; CER Current Measures,T06,5,5,5,5,5,transport-cost-invest-passenger-light-trucks-17ac5a44:composite:1:095462aa45c4e45f
NS,T_LDV_LTP_BEV400_N,2030,33.037308850618835,$M 2020CAD / k vehicles,NLR manufacturing price (RPE / 1.5); Mid; CER Current Measures,T06,5,5,5,5,5,transport-cost-invest-passenger-light-trucks-17ac5a44:composite:1:095462aa45c4e45f
NS,T_LDV_LTP_BEV400_N,2035,30.02648837692175,$M 2020CAD / k vehicles,NLR manufacturing price (RPE / 1.5); Mid; CER Current Measures,T06,5,5,5,5,5,transport-cost-invest-passenger-light-trucks-17ac5a44:composite:1:095462aa45c4e45f
NS,T_LDV_LTP_BEV400_N,2040,28.662275803539924,$M 2020CAD / k vehicles,NLR manufacturing price (RPE / 1.5); Mid; CER Current Measures,T06,5,5,5,5,5,transport-cost-invest-passenger-light-trucks-17ac5a44:composite:1:095462aa45c4e45f
NS,T_LDV_LTP_BEV400_N,2045,27.298063230158085,$M 2020CAD / k vehicles,NLR manufacturing price (RPE / 1.5); Mid; CER Current Measures,T06,5,5,5,5,5,transport-cost-invest-passenger-light-trucks-17ac5a44:composite:1:095462aa45c4e45f
NS,T_LDV_LTP_CNG_N,2025,28.202584348161018,$M 2020CAD / k vehicles,NLR manufacturing price (RPE / 1.5); Mid; CER Current Measures,T06,5,5,5,5,5,transport-cost-invest-passenger-light-trucks-17ac5a44:composite:1:095462aa45c4e45f
NS,T_LDV_LTP_CNG_N,2030,28.221438791034974,$M 2020CAD / k vehicles,NLR manufacturing price (RPE / 1.5); Mid; CER Current Measures,T06,5,5,5,5,5,transport-cost-invest-passenger-light-trucks-17ac5a44:composite:1:095462aa45c4e45f
NS,T_LDV_LTP_CNG_N,2035,28.26637565972034,$M 2020CAD / k vehicles,NLR manufacturing price (RPE / 1.5); Mid; CER Current Measures,T06,5,5,5,5,5,transport-cost-invest-passenger-light-trucks-17ac5a44:composite:1:095462aa45c4e45f
NS,T_LDV_LTP_CNG_N,2040,28.23312614804637,$M 2020CAD / k vehicles,NLR manufacturing price (RPE / 1.5); Mid; CER Current Measures,T06,5,5,5,5,5,transport-cost-invest-passenger-light-trucks-17ac5a44:composite:1:095462aa45c4e45f
NS,T_LDV_LTP_CNG_N,2045,28.199876636372398,$M 2020CAD / k vehicles,NLR manufacturing price (RPE / 1.5); Mid; CER Current Measures,T06,5,5,5,5,5,transport-cost-invest-passenger-light-trucks-17ac5a44:composite:1:095462aa45c4e45f
NS,T_LDV_LTP_DSL_N,2025,26.260701373316834,$M 2020CAD / k vehicles,NLR manufacturing price (RPE / 1.5); Mid; CER Current Measures,T06,5,5,5,5,5,transport-cost-invest-passenger-light-trucks-17ac5a44:composite:1:095462aa45c4e45f
NS,T_LDV_LTP_DSL_N,2030,26.31379742465607,$M 2020CAD / k vehicles,NLR manufacturing price (RPE / 1.5); Mid; CER Current Measures,T06,5,5,5,5,5,transport-cost-invest-passenger-light-trucks-17ac5a44:composite:1:095462aa45c4e45f
NS,T_LDV_LTP_DSL_N,2035,26.340561352654408,$M 2020CAD / k vehicles,NLR manufacturing price (RPE / 1.5); Mid; CER Current Measures,T06,5,5,5,5,5,transport-cost-invest-passenger-light-trucks-17ac5a44:composite:1:095462aa45c4e45f
NS,T_LDV_LTP_DSL_N,2040,26.306878671431193,$M 2020CAD / k vehicles,NLR manufacturing price (RPE / 1.5); Mid; CER Current Measures,T06,5,5,5,5,5,transport-cost-invest-passenger-light-trucks-17ac5a44:composite:1:095462aa45c4e45f
NS,T_LDV_LTP_DSL_N,2045,26.27319599020797,$M 2020CAD / k vehicles,NLR manufacturing price (RPE / 1.5); Mid; CER Current Measures,T06,5,5,5,5,5,transport-cost-invest-passenger-light-trucks-17ac5a44:composite:1:095462aa45c4e45f
NS,T_LDV_LTP_FCEV400_N,2025,32.37677135524399,$M 2020CAD / k vehicles,NLR manufacturing price (RPE / 1.5); Mid; CER Current Measures,T06,5,5,5,5,5,transport-cost-invest-passenger-light-trucks-17ac5a44:composite:1:095462aa45c4e45f
NS,T_LDV_LTP_FCEV400_N,2030,29.86525331984078,$M 2020CAD / k vehicles,NLR manufacturing price (RPE / 1.5); Mid; CER Current Measures,T06,5,5,5,5,5,transport-cost-invest-passenger-light-trucks-17ac5a44:composite:1:095462aa45c4e45f
NS,T_LDV_LTP_FCEV400_N,2035,28.008052077232414,$M 2020CAD / k vehicles,NLR manufacturing price (RPE / 1.5); Mid; CER Current Measures,T06,5,5,5,5,5,transport-cost-invest-passenger-light-trucks-17ac5a44:composite:1:095462aa45c4e45f
NS,T_LDV_LTP_FCEV400_N,2040,27.372639260917623,$M 2020CAD / k vehicles,NLR manufacturing price (RPE / 1.5); Mid; CER Current Measures,T06,5,5,5,5,5,transport-cost-invest-passenger-light-trucks-17ac5a44:composite:1:095462aa45c4e45f
NS,T_LDV_LTP_FCEV400_N,2045,26.737226444602825,$M 2020CAD / k vehicles,NLR manufacturing price (RPE / 1.5); Mid; CER Current Measures,T06,5,5,5,5,5,transport-cost-invest-passenger-light-trucks-17ac5a44:composite:1:095462aa45c4e45f
NS,T_LDV_LTP_GSL_HEV_N,2025,25.805974041711135,$M 2020CAD / k vehicles,NLR manufacturing price (RPE / 1.5); Mid; CER Current Measures,T06,5,5,5,5,5,transport-cost-invest-passenger-light-trucks-17ac5a44:composite:1:095462aa45c4e45f
NS,T_LDV_LTP_GSL_HEV_N,2030,25.013546241990706,$M 2020CAD / k vehicles,NLR manufacturing price (RPE / 1.5); Mid; CER Current Measures,T06,5,5,5,5,5,transport-cost-invest-passenger-light-trucks-17ac5a44:composite:1:095462aa45c4e45f
NS,T_LDV_LTP_GSL_HEV_N,2035,24.59411463965462,$M 2020CAD / k vehicles,NLR manufacturing price (RPE / 1.5); Mid; CER Current Measures,T06,5,5,5,5,5,transport-cost-invest-passenger-light-trucks-17ac5a44:composite:1:095462aa45c4e45f
NS,T_LDV_LTP_GSL_HEV_N,2040,24.273660430577024,$M 2020CAD / k vehicles,NLR manufacturing price (RPE / 1.5); Mid; CER Current Measures,T06,5,5,5,5,5,transport-cost-invest-passenger-light-trucks-17ac5a44:composite:1:095462aa45c4e45f
NS,T_LDV_LTP_GSL_HEV_N,2045,23.953206221499414,$M 2020CAD / k vehicles,NLR manufacturing price (RPE / 1.5); Mid; CER Current Measures,T06,5,5,5,5,5,transport-cost-invest-passenger-light-trucks-17ac5a44:composite:1:095462aa45c4e45f
NS,T_LDV_LTP_GSL_N,2025,22.976303566477313,$M 2020CAD / k vehicles,NLR manufacturing price (RPE / 1.5); Mid; CER Current Measures,T06,5,5,5,5,5,transport-cost-invest-passenger-light-trucks-17ac5a44:composite:1:095462aa45c4e45f
NS,T_LDV_LTP_GSL_N,2030,23.391220360599508,$M 2020CAD / k vehicles,NLR manufacturing price (RPE / 1.5); Mid; CER Current Measures,T06,5,5,5,5,5,transport-cost-invest-passenger-light-trucks-17ac5a44:composite:1:095462aa45c4e45f
NS,T_LDV_LTP_GSL_N,2035,24.53689334920375,$M 2020CAD / k vehicles,NLR manufacturing price (RPE / 1.5); Mid; CER Current Measures,T06,5,5,5,5,5,transport-cost-invest-passenger-light-trucks-17ac5a44:composite:1:095462aa45c4e45f
NS,T_LDV_LTP_GSL_N,2040,24.50360380796553,$M 2020CAD / k vehicles,NLR manufacturing price (RPE / 1.5); Mid; CER Current Measures,T06,5,5,5,5,5,transport-cost-invest-passenger-light-trucks-17ac5a44:composite:1:095462aa45c4e45f
NS,T_LDV_LTP_GSL_N,2045,24.470314266727303,$M 2020CAD / k vehicles,NLR manufacturing price (RPE / 1.5); Mid; CER Current Measures,T06,5,5,5,5,5,transport-cost-invest-passenger-light-trucks-17ac5a44:composite:1:095462aa45c4e45f
NS,T_LDV_LTP_GSL_PHEV35_N,2025,27.446247654117283,$M 2020CAD / k vehicles,NLR manufacturing price (RPE / 1.5); Mid; CER Current Measures,T06,5,5,5,5,5,transport-cost-invest-passenger-light-trucks-17ac5a44:composite:1:095462aa45c4e45f
NS,T_LDV_LTP_GSL_PHEV35_N,2030,26.021182399839542,$M 2020CAD / k vehicles,NLR manufacturing price (RPE / 1.5); Mid; CER Current Measures,T06,5,5,5,5,5,transport-cost-invest-passenger-light-trucks-17ac5a44:composite:1:095462aa45c4e45f
NS,T_LDV_LTP_GSL_PHEV35_N,2035,25.060453577776883,$M 2020CAD / k vehicles,NLR manufacturing price (RPE / 1.5); Mid; CER Current Measures,T06,5,5,5,5,5,transport-cost-invest-passenger-light-trucks-17ac5a44:composite:1:095462aa45c4e45f
NS,T_LDV_LTP_GSL_PHEV35_N,2040,24.565972014341902,$M 2020CAD / k vehicles,NLR manufacturing price (RPE / 1.5); Mid; CER Current Measures,T06,5,5,5,5,5,transport-cost-invest-passenger-light-trucks-17ac5a44:composite:1:095462aa45c4e45f
NS,T_LDV_LTP_GSL_PHEV35_N,2045,24.071490450906925,$M 2020CAD / k vehicles,NLR manufacturing price (RPE / 1.5); Mid; CER Current Measures,T06,5,5,5,5,5,transport-cost-invest-passenger-light-trucks-17ac5a44:composite:1:095462aa45c4e45f
NS,T_LDV_LTP_GSL_PHEV50_N,2025,28.913277009282893,$M 2020CAD / k vehicles,NLR manufacturing price (RPE / 1.5); Mid; CER Current Measures,T06,5,5,5,5,5,transport-cost-invest-passenger-light-trucks-17ac5a44:composite:1:095462aa45c4e45f
NS,T_LDV_LTP_GSL_PHEV50_N,2030,27.21484800643277,$M 2020CAD / k vehicles,NLR manufacturing price (RPE / 1.5); Mid; CER Current Measures,T06,5,5,5,5,5,transport-cost-invest-passenger-light-trucks-17ac5a44:composite:1:095462aa45c4e45f
NS,T_LDV_LTP_GSL_PHEV50_N,2035,26.025159541718963,$M 2020CAD / k vehicles,NLR manufacturing price (RPE / 1.5); Mid; CER Current Measures,T06,5,5,5,5,5,transport-cost-invest-passenger-light-trucks-17ac5a44:composite:1:095462aa45c4e45f
NS,T_LDV_LTP_GSL_PHEV50_N,2040,25.451859718379076,$M 2020CAD / k vehicles,NLR manufacturing price (RPE / 1.5); Mid; CER Current Measures,T06,5,5,5,5,5,transport-cost-invest-passenger-light-trucks-17ac5a44:composite:1:095462aa45c4e45f
NS,T_LDV_LTP_GSL_PHEV50_N,2045,24.878559895039174,$M 2020CAD / k vehicles,NLR manufacturing price (RPE / 1.5); Mid; CER Current Measures,T06,5,5,5,5,5,transport-cost-invest-passenger-light-trucks-17ac5a44:composite:1:095462aa45c4e45f
NS,T_LDV_M_BEV_N,2025,13.037007628312024,$M 2020CAD / k vehicles,GCAM motorcycle purchase price; Mid; CER Current Measures,T11,5,5,5,5,5,transport-cost-invest-motorcycles-804abac7:composite:1:e5e1e447784151c9
NS,T_LDV_M_BEV_N,2030,12.923352577093377,$M 2020CAD / k vehicles,GCAM motorcycle purchase price; Mid; CER Current Measures,T11,5,5,5,5,5,transport-cost-invest-motorcycles-804abac7:composite:1:e5e1e447784151c9
NS,T_LDV_M_BEV_N,2035,12.80969752432432,$M 2020CAD / k vehicles,GCAM motorcycle purchase price; Mid; CER Current Measures,T11,5,5,5,5,5,transport-cost-invest-motorcycles-804abac7:composite:1:e5e1e447784151c9
NS,T_LDV_M_BEV_N,2040,12.711200268918915,$M 2020CAD / k vehicles,GCAM motorcycle purchase price; Mid; CER Current Measures,T11,5,5,5,5,5,transport-cost-invest-motorcycles-804abac7:composite:1:e5e1e447784151c9
NS,T_LDV_M_BEV_N,2045,12.612703013513512,$M 2020CAD / k vehicles,GCAM motorcycle purchase price; Mid; CER Current Measures,T11,5,5,5,5,5,transport-cost-invest-motorcycles-804abac7:composite:1:e5e1e447784151c9
NS,T_LDV_M_GSL_N,2025,13.891632432432433,$M 2020CAD / k vehicles,GCAM motorcycle purchase price; Mid; CER Current Measures,T11,5,5,5,5,5,transport-cost-invest-motorcycles-804abac7:composite:1:e5e1e447784151c9
NS,T_LDV_M_GSL_N,2030,13.891632432432433,$M 2020CAD / k vehicles,GCAM motorcycle purchase price; Mid; CER Current Measures,T11,5,5,5,5,5,transport-cost-invest-motorcycles-804abac7:composite:1:e5e1e447784151c9
NS,T_LDV_M_GSL_N,2035,13.891632432432433,$M 2020CAD / k vehicles,GCAM motorcycle purchase price; Mid; CER Current Measures,T11,5,5,5,5,5,transport-cost-invest-motorcycles-804abac7:composite:1:e5e1e447784151c9
NS,T_LDV_M_GSL_N,2040,13.891632432432433,$M 2020CAD / k vehicles,GCAM motorcycle purchase price; Mid; CER Current Measures,T11,5,5,5,5,5,transport-cost-invest-motorcycles-804abac7:composite:1:e5e1e447784151c9
NS,T_LDV_M_GSL_N,2045,13.891632432432433,$M 2020CAD / k vehicles,GCAM motorcycle purchase price; Mid; CER Current Measures,T11,5,5,5,5,5,transport-cost-invest-motorcycles-804abac7:composite:1:e5e1e447784151c9
NS,T_MDV_T_BEV_N,2025,65.33278261541977,$M 2020CAD / k vehicles,NLR manufacturing price (RPE / 1.5); Mid; CER Current Measures,T06,5,5,5,5,5,transport-cost-invest-medium-trucks-e162550e:composite:1:047ed20feabb1ef5
NS,T_MDV_T_BEV_N,2030,53.2834887643728,$M 2020CAD / k vehicles,NLR manufacturing price (RPE / 1.5); Mid; CER Current Measures,T06,5,5,5,5,5,transport-cost-invest-medium-trucks-e162550e:composite:1:047ed20feabb1ef5
NS,T_MDV_T_BEV_N,2035,46.60465239706312,$M 2020CAD / k vehicles,NLR manufacturing price (RPE / 1.5); Mid; CER Current Measures,T06,5,5,5,5,5,transport-cost-invest-medium-trucks-e162550e:composite:1:047ed20feabb1ef5
NS,T_MDV_T_BEV_N,2040,43.733968432748206,$M 2020CAD / k vehicles,NLR manufacturing price (RPE / 1.5); Mid; CER Current Measures,T06,5,5,5,5,5,transport-cost-invest-medium-trucks-e162550e:composite:1:047ed20feabb1ef5
NS,T_MDV_T_BEV_N,2045,40.863284468433285,$M 2020CAD / k vehicles,NLR manufacturing price (RPE / 1.5); Mid; CER Current Measures,T06,5,5,5,5,5,transport-cost-invest-medium-trucks-e162550e:composite:1:047ed20feabb1ef5
NS,T_MDV_T_DSL_HEV_N,2025,45.522868818484284,$M 2020CAD / k vehicles,NLR manufacturing price (RPE / 1.5); Mid; CER Current Measures,T06,5,5,5,5,5,transport-cost-invest-medium-trucks-e162550e:composite:1:047ed20feabb1ef5
NS,T_MDV_T_DSL_HEV_N,2030,45.04705495311201,$M 2020CAD / k vehicles,NLR manufacturing price (RPE / 1.5); Mid; CER Current Measures,T06,5,5,5,5,5,transport-cost-invest-medium-trucks-e162550e:composite:1:047ed20feabb1ef5
NS,T_MDV_T_DSL_HEV_N,2035,44.680283029573516,$M 2020CAD / k vehicles,NLR manufacturing price (RPE / 1.5); Mid; CER Current Measures,T06,5,5,5,5,5,transport-cost-invest-medium-trucks-e162550e:composite:1:047ed20feabb1ef5
NS,T_MDV_T_DSL_HEV_N,2040,44.60846739087874,$M 2020CAD / k vehicles,NLR manufacturing price (RPE / 1.5); Mid; CER Current Measures,T06,5,5,5,5,5,transport-cost-invest-medium-trucks-e162550e:composite:1:047ed20feabb1ef5
NS,T_MDV_T_DSL_HEV_N,2045,44.536651752183964,$M 2020CAD / k vehicles,NLR manufacturing price (RPE / 1.5); Mid; CER Current Measures,T06,5,5,5,5,5,transport-cost-invest-medium-trucks-e162550e:composite:1:047ed20feabb1ef5
NS,T_MDV_T_DSL_N,2025,41.288421469437736,$M 2020CAD / k vehicles,NLR manufacturing price (RPE / 1.5); Mid; CER Current Measures,T06,5,5,5,5,5,transport-cost-invest-medium-trucks-e162550e:composite:1:047ed20feabb1ef5
NS,T_MDV_T_DSL_N,2030,41.414036669880666,$M 2020CAD / k vehicles,NLR manufacturing price (RPE / 1.5); Mid; CER Current Measures,T06,5,5,5,5,5,transport-cost-invest-medium-trucks-e162550e:composite:1:047ed20feabb1ef5
NS,T_MDV_T_DSL_N,2035,41.175672786150855,$M 2020CAD / k vehicles,NLR manufacturing price (RPE / 1.5); Mid; CER Current Measures,T06,5,5,5,5,5,transport-cost-invest-medium-trucks-e162550e:composite:1:047ed20feabb1ef5
NS,T_MDV_T_DSL_N,2040,41.172870913315975,$M 2020CAD / k vehicles,NLR manufacturing price (RPE / 1.5); Mid; CER Current Measures,T06,5,5,5,5,5,transport-cost-invest-medium-trucks-e162550e:composite:1:047ed20feabb1ef5
NS,T_MDV_T_DSL_N,2045,41.170069040481096,$M 2020CAD / k vehicles,NLR manufacturing price (RPE / 1.5); Mid; CER Current Measures,T06,5,5,5,5,5,transport-cost-invest-medium-trucks-e162550e:composite:1:047ed20feabb1ef5
NS,T_MDV_T_DSL_PHEV_N,2025,70.85664509638025,$M 2020CAD / k vehicles,NLR manufacturing price (RPE / 1.5); Mid; CER Current Measures,T06,5,5,5,5,5,transport-cost-invest-medium-trucks-e162550e:composite:1:047ed20feabb1ef5
NS,T_MDV_T_DSL_PHEV_N,2030,60.5666701749238,$M 2020CAD / k vehicles,NLR manufacturing price (RPE / 1.5); Mid; CER Current Measures,T06,5,5,5,5,5,transport-cost-invest-medium-trucks-e162550e:composite:1:047ed20feabb1ef5
NS,T_MDV_T_DSL_PHEV_N,2035,54.22138541394572,$M 2020CAD / k vehicles,NLR manufacturing price (RPE / 1.5); Mid; CER Current Measures,T06,5,5,5,5,5,transport-cost-invest-medium-trucks-e162550e:composite:1:047ed20feabb1ef5
NS,T_MDV_T_DSL_PHEV_N,2040,51.658562719493986,$M 2020CAD / k vehicles,NLR manufacturing price (RPE / 1.5); Mid; CER Current Measures,T06,5,5,5,5,5,transport-cost-invest-medium-trucks-e162550e:composite:1:047ed20feabb1ef5
NS,T_MDV_T_DSL_PHEV_N,2045,49.09574002504226,$M 2020CAD / k vehicles,NLR manufacturing price (RPE / 1.5); Mid; CER Current Measures,T06,5,5,5,5,5,transport-cost-invest-medium-trucks-e162550e:composite:1:047ed20feabb1ef5
NS,T_MDV_T_FCEV_N,2025,65.59106294226915,$M 2020CAD / k vehicles,NLR manufacturing price (RPE / 1.5); Mid; CER Current Measures,T06,5,5,5,5,5,transport-cost-invest-medium-trucks-e162550e:composite:1:047ed20feabb1ef5
NS,T_MDV_T_FCEV_N,2030,49.87519714083219,$M 2020CAD / k vehicles,NLR manufacturing price (RPE / 1.5); Mid; CER Current Measures,T06,5,5,5,5,5,transport-cost-invest-medium-trucks-e162550e:composite:1:047ed20feabb1ef5
NS,T_MDV_T_FCEV_N,2035,45.38437067065345,$M 2020CAD / k vehicles,NLR manufacturing price (RPE / 1.5); Mid; CER Current Measures,T06,5,5,5,5,5,transport-cost-invest-medium-trucks-e162550e:composite:1:047ed20feabb1ef5
NS,T_MDV_T_FCEV_N,2040,44.456235440781114,$M 2020CAD / k vehicles,NLR manufacturing price (RPE / 1.5); Mid; CER Current Measures,T06,5,5,5,5,5,transport-cost-invest-medium-trucks-e162550e:composite:1:047ed20feabb1ef5
NS,T_MDV_T_FCEV_N,2045,43.528100210908775,$M 2020CAD / k vehicles,NLR manufacturing price (RPE / 1.5); Mid; CER Current Measures,T06,5,5,5,5,5,transport-cost-invest-medium-trucks-e162550e:composite:1:047ed20feabb1ef5
NS,T_MDV_T_FCHEV_N,2025,58.93034653160426,$M 2020CAD / k vehicles,NLR manufacturing price (RPE / 1.5); Mid; CER Current Measures,T06,5,5,5,5,5,transport-cost-invest-medium-trucks-e162550e:composite:1:047ed20feabb1ef5
NS,T_MDV_T_FCHEV_N,2030,46.71509367100195,$M 2020CAD / k vehicles,NLR manufacturing price (RPE / 1.5); Mid; CER Current Measures,T06,5,5,5,5,5,transport-cost-invest-medium-trucks-e162550e:composite:1:047ed20feabb1ef5
NS,T_MDV_T_FCHEV_N,2035,42.59235792865135,$M 2020CAD / k vehicles,NLR manufacturing price (RPE / 1.5); Mid; CER Current Measures,T06,5,5,5,5,5,transport-cost-invest-medium-trucks-e162550e:composite:1:047ed20feabb1ef5
NS,T_MDV_T_FCHEV_N,2040,41.43154062821085,$M 2020CAD / k vehicles,NLR manufacturing price (RPE / 1.5); Mid; CER Current Measures,T06,5,5,5,5,5,transport-cost-invest-medium-trucks-e162550e:composite:1:047ed20feabb1ef5
NS,T_MDV_T_FCHEV_N,2045,40.27072332777032,$M 2020CAD / k vehicles,NLR manufacturing price (RPE / 1.5); Mid; CER Current Measures,T06,5,5,5,5,5,transport-cost-invest-medium-trucks-e162550e:composite:1:047ed20feabb1ef5
NS,T_MDV_T_GSL_N,2025,41.288421469437736,$M 2020CAD / k vehicles,NLR manufacturing price (RPE / 1.5); reviewed gasoline->diesel purchase proxy; Mid; CER Current Measures,T06,5,5,5,5,5,transport-cost-invest-medium-trucks-e162550e:composite:1:047ed20feabb1ef5
NS,T_MDV_T_GSL_N,2030,41.414036669880666,$M 2020CAD / k vehicles,NLR manufacturing price (RPE / 1.5); reviewed gasoline->diesel purchase proxy; Mid; CER Current Measures,T06,5,5,5,5,5,transport-cost-invest-medium-trucks-e162550e:composite:1:047ed20feabb1ef5
NS,T_MDV_T_GSL_N,2035,41.175672786150855,$M 2020CAD / k vehicles,NLR manufacturing price (RPE / 1.5); reviewed gasoline->diesel purchase proxy; Mid; CER Current Measures,T06,5,5,5,5,5,transport-cost-invest-medium-trucks-e162550e:composite:1:047ed20feabb1ef5
NS,T_MDV_T_GSL_N,2040,41.172870913315975,$M 2020CAD / k vehicles,NLR manufacturing price (RPE / 1.5); reviewed gasoline->diesel purchase proxy; Mid; CER Current Measures,T06,5,5,5,5,5,transport-cost-invest-medium-trucks-e162550e:composite:1:047ed20feabb1ef5
NS,T_MDV_T_GSL_N,2045,41.170069040481096,$M 2020CAD / k vehicles,NLR manufacturing price (RPE / 1.5); reviewed gasoline->diesel purchase proxy; Mid; CER Current Measures,T06,5,5,5,5,5,transport-cost-invest-medium-trucks-e162550e:composite:1:047ed20feabb1ef5
ON,T_HDV_AJF_JFL_N,2025,6132.623678803439,$M 2020CAD / bn tonne-km,CIMS aircraft CAPEX normalized by FAA All Aircraft annual service output; Mid; CER Current Measures,T15,5,5,5,5,5,transport-cost-invest-freight-air-e97ac762:composite:1:bd087d6387d7310e
ON,T_HDV_AJF_JFL_N,2030,6132.623678803439,$M 2020CAD / bn tonne-km,CIMS aircraft CAPEX normalized by FAA All Aircraft annual service output; Mid; CER Current Measures,T15,5,5,5,5,5,transport-cost-invest-freight-air-e97ac762:composite:1:bd087d6387d7310e
ON,T_HDV_AJF_JFL_N,2035,6132.623678803439,$M 2020CAD / bn tonne-km,CIMS aircraft CAPEX normalized by FAA All Aircraft annual service output; Mid; CER Current Measures,T15,5,5,5,5,5,transport-cost-invest-freight-air-e97ac762:composite:1:bd087d6387d7310e
ON,T_HDV_AJF_JFL_N,2040,6132.623678803439,$M 2020CAD / bn tonne-km,CIMS aircraft CAPEX normalized by FAA All Aircraft annual service output; Mid; CER Current Measures,T15,5,5,5,5,5,transport-cost-invest-freight-air-e97ac762:composite:1:bd087d6387d7310e
ON,T_HDV_AJF_JFL_N,2045,6132.623678803439,$M 2020CAD / bn tonne-km,CIMS aircraft CAPEX normalized by FAA All Aircraft annual service output; Mid; CER Current Measures,T15,5,5,5,5,5,transport-cost-invest-freight-air-e97ac762:composite:1:bd087d6387d7310e
ON,T_HDV_AJF_SPK_N,2025,6132.623678803439,$M 2020CAD / bn tonne-km,CIMS aircraft CAPEX normalized by FAA All Aircraft annual service output; Mid; CER Current Measures,T15,5,5,5,5,5,transport-cost-invest-freight-air-e97ac762:composite:1:bd087d6387d7310e
ON,T_HDV_AJF_SPK_N,2030,6132.623678803439,$M 2020CAD / bn tonne-km,CIMS aircraft CAPEX normalized by FAA All Aircraft annual service output; Mid; CER Current Measures,T15,5,5,5,5,5,transport-cost-invest-freight-air-e97ac762:composite:1:bd087d6387d7310e
ON,T_HDV_AJF_SPK_N,2035,6132.623678803439,$M 2020CAD / bn tonne-km,CIMS aircraft CAPEX normalized by FAA All Aircraft annual service output; Mid; CER Current Measures,T15,5,5,5,5,5,transport-cost-invest-freight-air-e97ac762:composite:1:bd087d6387d7310e
ON,T_HDV_AJF_SPK_N,2040,6132.623678803439,$M 2020CAD / bn tonne-km,CIMS aircraft CAPEX normalized by FAA All Aircraft annual service output; Mid; CER Current Measures,T15,5,5,5,5,5,transport-cost-invest-freight-air-e97ac762:composite:1:bd087d6387d7310e
ON,T_HDV_AJF_SPK_N,2045,6132.623678803439,$M 2020CAD / bn tonne-km,CIMS aircraft CAPEX normalized by FAA All Aircraft annual service output; Mid; CER Current Measures,T15,5,5,5,5,5,transport-cost-invest-freight-air-e97ac762:composite:1:bd087d6387d7310e
ON,T_HDV_AJP_JFL_N,2025,1032.1218289023984,$M 2020CAD / bn passenger-km,CIMS aircraft CAPEX normalized by FAA All Aircraft annual service output; Mid; CER Current Measures,T15,5,5,5,5,5,transport-cost-invest-passenger-air-e97ac762:composite:1:ca4132bec8ddc7b3
ON,T_HDV_AJP_JFL_N,2030,1032.1218289023984,$M 2020CAD / bn passenger-km,CIMS aircraft CAPEX normalized by FAA All Aircraft annual service output; Mid; CER Current Measures,T15,5,5,5,5,5,transport-cost-invest-passenger-air-e97ac762:composite:1:ca4132bec8ddc7b3
ON,T_HDV_AJP_JFL_N,2035,1032.1218289023984,$M 2020CAD / bn passenger-km,CIMS aircraft CAPEX normalized by FAA All Aircraft annual service output; Mid; CER Current Measures,T15,5,5,5,5,5,transport-cost-invest-passenger-air-e97ac762:composite:1:ca4132bec8ddc7b3
ON,T_HDV_AJP_JFL_N,2040,1032.1218289023984,$M 2020CAD / bn passenger-km,CIMS aircraft CAPEX normalized by FAA All Aircraft annual service output; Mid; CER Current Measures,T15,5,5,5,5,5,transport-cost-invest-passenger-air-e97ac762:composite:1:ca4132bec8ddc7b3
ON,T_HDV_AJP_JFL_N,2045,1032.1218289023984,$M 2020CAD / bn passenger-km,CIMS aircraft CAPEX normalized by FAA All Aircraft annual service output; Mid; CER Current Measures,T15,5,5,5,5,5,transport-cost-invest-passenger-air-e97ac762:composite:1:ca4132bec8ddc7b3
ON,T_HDV_AJP_SPK_N,2025,1032.1218289023984,$M 2020CAD / bn passenger-km,CIMS aircraft CAPEX normalized by FAA All Aircraft annual service output; Mid; CER Current Measures,T15,5,5,5,5,5,transport-cost-invest-passenger-air-e97ac762:composite:1:ca4132bec8ddc7b3
ON,T_HDV_AJP_SPK_N,2030,1032.1218289023984,$M 2020CAD / bn passenger-km,CIMS aircraft CAPEX normalized by FAA All Aircraft annual service output; Mid; CER Current Measures,T15,5,5,5,5,5,transport-cost-invest-passenger-air-e97ac762:composite:1:ca4132bec8ddc7b3
ON,T_HDV_AJP_SPK_N,2035,1032.1218289023984,$M 2020CAD / bn passenger-km,CIMS aircraft CAPEX normalized by FAA All Aircraft annual service output; Mid; CER Current Measures,T15,5,5,5,5,5,transport-cost-invest-passenger-air-e97ac762:composite:1:ca4132bec8ddc7b3
ON,T_HDV_AJP_SPK_N,2040,1032.1218289023984,$M 2020CAD / bn passenger-km,CIMS aircraft CAPEX normalized by FAA All Aircraft annual service output; Mid; CER Current Measures,T15,5,5,5,5,5,transport-cost-invest-passenger-air-e97ac762:composite:1:ca4132bec8ddc7b3
ON,T_HDV_AJP_SPK_N,2045,1032.1218289023984,$M 2020CAD / bn passenger-km,CIMS aircraft CAPEX normalized by FAA All Aircraft annual service output; Mid; CER Current Measures,T15,5,5,5,5,5,transport-cost-invest-passenger-air-e97ac762:composite:1:ca4132bec8ddc7b3
ON,T_HDV_BIC_BEV_N,2025,724.9291694090558,$M 2020CAD / k vehicles,REGEN intercity purchase price; Mid; CER Current Measures,T12,5,5,5,5,5,transport-cost-invest-inter-city-buses-8fe13d81:composite:1:a4215f62e54efd1d
ON,T_HDV_BIC_BEV_N,2030,687.3711076208749,$M 2020CAD / k vehicles,REGEN intercity purchase price; Mid; CER Current Measures,T12,5,5,5,5,5,transport-cost-invest-inter-city-buses-8fe13d81:composite:1:a4215f62e54efd1d
ON,T_HDV_BIC_BEV_N,2035,649.8130458326937,$M 2020CAD / k vehicles,REGEN intercity purchase price; Mid; CER Current Measures,T12,5,5,5,5,5,transport-cost-invest-inter-city-buses-8fe13d81:composite:1:a4215f62e54efd1d
ON,T_HDV_BIC_BEV_N,2040,637.7195688948578,$M 2020CAD / k vehicles,REGEN intercity purchase price; Mid; CER Current Measures,T12,5,5,5,5,5,transport-cost-invest-inter-city-buses-8fe13d81:composite:1:a4215f62e54efd1d
ON,T_HDV_BIC_BEV_N,2045,625.6260919570221,$M 2020CAD / k vehicles,REGEN intercity purchase price; Mid; CER Current Measures,T12,5,5,5,5,5,transport-cost-invest-inter-city-buses-8fe13d81:composite:1:a4215f62e54efd1d
ON,T_HDV_BIC_DSL_HEV_N,2025,625.0231638861476,$M 2020CAD / k vehicles,REGEN intercity purchase price; Mid; CER Current Measures,T12,5,5,5,5,5,transport-cost-invest-inter-city-buses-0a292860:composite:1:bb531e37aa681bea
ON,T_HDV_BIC_DSL_HEV_N,2030,631.1135387568029,$M 2020CAD / k vehicles,REGEN intercity purchase price; Mid; CER Current Measures,T12,5,5,5,5,5,transport-cost-invest-inter-city-buses-0a292860:composite:1:bb531e37aa681bea
ON,T_HDV_BIC_DSL_HEV_N,2035,639.1593250453943,$M 2020CAD / k vehicles,REGEN intercity purchase price; Mid; CER Current Measures,T12,5,5,5,5,5,transport-cost-invest-inter-city-buses-0a292860:composite:1:bb531e37aa681bea
ON,T_HDV_BIC_DSL_HEV_N,2040,638.5264211730566,$M 2020CAD / k vehicles,REGEN intercity purchase price; Mid; CER Current Measures,T12,5,5,5,5,5,transport-cost-invest-inter-city-buses-0a292860:composite:1:bb531e37aa681bea
ON,T_HDV_BIC_DSL_HEV_N,2045,637.8945752873842,$M 2020CAD / k vehicles,REGEN intercity purchase price; Mid; CER Current Measures,T12,5,5,5,5,5,transport-cost-invest-inter-city-buses-0a292860:composite:1:bb531e37aa681bea
ON,T_HDV_BIC_DSL_N,2025,578.3503599462776,$M 2020CAD / k vehicles,REGEN intercity purchase price; Mid; CER Current Measures,T12,5,5,5,5,5,transport-cost-invest-inter-city-buses-8fe13d81:composite:1:a4215f62e54efd1d
ON,T_HDV_BIC_DSL_N,2030,592.376084435917,$M 2020CAD / k vehicles,REGEN intercity purchase price; Mid; CER Current Measures,T12,5,5,5,5,5,transport-cost-invest-inter-city-buses-8fe13d81:composite:1:a4215f62e54efd1d
ON,T_HDV_BIC_DSL_N,2035,606.4018089255563,$M 2020CAD / k vehicles,REGEN intercity purchase price; Mid; CER Current Measures,T12,5,5,5,5,5,transport-cost-invest-inter-city-buses-8fe13d81:composite:1:a4215f62e54efd1d
ON,T_HDV_BIC_DSL_N,2040,606.4018089255563,$M 2020CAD / k vehicles,REGEN intercity purchase price; Mid; CER Current Measures,T12,5,5,5,5,5,transport-cost-invest-inter-city-buses-8fe13d81:composite:1:a4215f62e54efd1d
ON,T_HDV_BIC_DSL_N,2045,606.4018089255563,$M 2020CAD / k vehicles,REGEN intercity purchase price; Mid; CER Current Measures,T12,5,5,5,5,5,transport-cost-invest-inter-city-buses-8fe13d81:composite:1:a4215f62e54efd1d
ON,T_HDV_BIC_FCEV_N,2025,726.7192071527243,$M 2020CAD / k vehicles,REGEN intercity purchase price; Mid; CER Current Measures,T12,5,5,5,5,5,transport-cost-invest-inter-city-buses-8fe13d81:composite:1:a4215f62e54efd1d
ON,T_HDV_BIC_FCEV_N,2030,702.2862077359937,$M 2020CAD / k vehicles,REGEN intercity purchase price; Mid; CER Current Measures,T12,5,5,5,5,5,transport-cost-invest-inter-city-buses-8fe13d81:composite:1:a4215f62e54efd1d
ON,T_HDV_BIC_FCEV_N,2035,677.8520796699922,$M 2020CAD / k vehicles,REGEN intercity purchase price; Mid; CER Current Measures,T12,5,5,5,5,5,transport-cost-invest-inter-city-buses-8fe13d81:composite:1:a4215f62e54efd1d
ON,T_HDV_BIC_FCEV_N,2040,660.4821673906367,$M 2020CAD / k vehicles,REGEN intercity purchase price; Mid; CER Current Measures,T12,5,5,5,5,5,transport-cost-invest-inter-city-buses-8fe13d81:composite:1:a4215f62e54efd1d
ON,T_HDV_BIC_FCEV_N,2045,643.1111264620107,$M 2020CAD / k vehicles,REGEN intercity purchase price; Mid; CER Current Measures,T12,5,5,5,5,5,transport-cost-invest-inter-city-buses-8fe13d81:composite:1:a4215f62e54efd1d
ON,T_HDV_BIC_GSL_N,2025,578.3503599462776,$M 2020CAD / k vehicles,REGEN intercity purchase price; Mid; CER Current Measures,T12,5,5,5,5,5,transport-cost-invest-inter-city-buses-8fe13d81:composite:1:a4215f62e54efd1d
ON,T_HDV_BIC_GSL_N,2030,592.376084435917,$M 2020CAD / k vehicles,REGEN intercity purchase price; Mid; CER Current Measures,T12,5,5,5,5,5,transport-cost-invest-inter-city-buses-8fe13d81:composite:1:a4215f62e54efd1d
ON,T_HDV_BIC_GSL_N,2035,606.4018089255563,$M 2020CAD / k vehicles,REGEN intercity purchase price; Mid; CER Current Measures,T12,5,5,5,5,5,transport-cost-invest-inter-city-buses-8fe13d81:composite:1:a4215f62e54efd1d
ON,T_HDV_BIC_GSL_N,2040,606.4018089255563,$M 2020CAD / k vehicles,REGEN intercity purchase price; Mid; CER Current Measures,T12,5,5,5,5,5,transport-cost-invest-inter-city-buses-8fe13d81:composite:1:a4215f62e54efd1d
ON,T_HDV_BIC_GSL_N,2045,606.4018089255563,$M 2020CAD / k vehicles,REGEN intercity purchase price; Mid; CER Current Measures,T12,5,5,5,5,5,transport-cost-invest-inter-city-buses-8fe13d81:composite:1:a4215f62e54efd1d
ON,T_HDV_BS_BEV_N,2025,84.19758949061635,$M 2020CAD / k vehicles,NLR manufacturing price (RPE / 1.5); Mid; CER Current Measures,T06,5,5,5,5,5,transport-cost-invest-school-buses-db3394b4:composite:1:4cfd8123718eed66
ON,T_HDV_BS_BEV_N,2030,70.11365479609992,$M 2020CAD / k vehicles,NLR manufacturing price (RPE / 1.5); Mid; CER Current Measures,T06,5,5,5,5,5,transport-cost-invest-school-buses-db3394b4:composite:1:4cfd8123718eed66
ON,T_HDV_BS_BEV_N,2035,62.61319010234349,$M 2020CAD / k vehicles,NLR manufacturing price (RPE / 1.5); Mid; CER Current Measures,T06,5,5,5,5,5,transport-cost-invest-school-buses-db3394b4:composite:1:4cfd8123718eed66
ON,T_HDV_BS_BEV_N,2040,59.22776267866287,$M 2020CAD / k vehicles,NLR manufacturing price (RPE / 1.5); Mid; CER Current Measures,T06,5,5,5,5,5,transport-cost-invest-school-buses-db3394b4:composite:1:4cfd8123718eed66
ON,T_HDV_BS_BEV_N,2045,55.842335254982245,$M 2020CAD / k vehicles,NLR manufacturing price (RPE / 1.5); Mid; CER Current Measures,T06,5,5,5,5,5,transport-cost-invest-school-buses-db3394b4:composite:1:4cfd8123718eed66
ON,T_HDV_BS_CNG_N,2025,53.16800325295391,$M 2020CAD / k vehicles,NLR manufacturing price (RPE / 1.5); reviewed cng->diesel purchase proxy; Mid; CER Current Measures,T06,5,5,5,5,5,transport-cost-invest-school-buses-db3394b4:composite:1:4cfd8123718eed66
ON,T_HDV_BS_CNG_N,2030,53.4655312378343,$M 2020CAD / k vehicles,NLR manufacturing price (RPE / 1.5); reviewed cng->diesel purchase proxy; Mid; CER Current Measures,T06,5,5,5,5,5,transport-cost-invest-school-buses-db3394b4:composite:1:4cfd8123718eed66
ON,T_HDV_BS_CNG_N,2035,53.3714260725808,$M 2020CAD / k vehicles,NLR manufacturing price (RPE / 1.5); reviewed cng->diesel purchase proxy; Mid; CER Current Measures,T06,5,5,5,5,5,transport-cost-invest-school-buses-db3394b4:composite:1:4cfd8123718eed66
ON,T_HDV_BS_CNG_N,2040,53.437700637583895,$M 2020CAD / k vehicles,NLR manufacturing price (RPE / 1.5); reviewed cng->diesel purchase proxy; Mid; CER Current Measures,T06,5,5,5,5,5,transport-cost-invest-school-buses-db3394b4:composite:1:4cfd8123718eed66
ON,T_HDV_BS_CNG_N,2045,53.50397520258698,$M 2020CAD / k vehicles,NLR manufacturing price (RPE / 1.5); reviewed cng->diesel purchase proxy; Mid; CER Current Measures,T06,5,5,5,5,5,transport-cost-invest-school-buses-db3394b4:composite:1:4cfd8123718eed66
ON,T_HDV_BS_DSL_HEV_N,2025,58.50015757889593,$M 2020CAD / k vehicles,NLR manufacturing price (RPE / 1.5); Mid; CER Current Measures,T06,5,5,5,5,5,transport-cost-invest-school-buses-db3394b4:composite:1:4cfd8123718eed66
ON,T_HDV_BS_DSL_HEV_N,2030,57.81028888624818,$M 2020CAD / k vehicles,NLR manufacturing price (RPE / 1.5); Mid; CER Current Measures,T06,5,5,5,5,5,transport-cost-invest-school-buses-db3394b4:composite:1:4cfd8123718eed66
ON,T_HDV_BS_DSL_HEV_N,2035,57.49401062408043,$M 2020CAD / k vehicles,NLR manufacturing price (RPE / 1.5); Mid; CER Current Measures,T06,5,5,5,5,5,transport-cost-invest-school-buses-db3394b4:composite:1:4cfd8123718eed66
ON,T_HDV_BS_DSL_HEV_N,2040,57.405801772439325,$M 2020CAD / k vehicles,NLR manufacturing price (RPE / 1.5); Mid; CER Current Measures,T06,5,5,5,5,5,transport-cost-invest-school-buses-db3394b4:composite:1:4cfd8123718eed66
ON,T_HDV_BS_DSL_HEV_N,2045,57.31759292079822,$M 2020CAD / k vehicles,NLR manufacturing price (RPE / 1.5); Mid; CER Current Measures,T06,5,5,5,5,5,transport-cost-invest-school-buses-db3394b4:composite:1:4cfd8123718eed66
ON,T_HDV_BS_DSL_N,2025,53.16800325295391,$M 2020CAD / k vehicles,NLR manufacturing price (RPE / 1.5); Mid; CER Current Measures,T06,5,5,5,5,5,transport-cost-invest-school-buses-db3394b4:composite:1:4cfd8123718eed66
ON,T_HDV_BS_DSL_N,2030,53.4655312378343,$M 2020CAD / k vehicles,NLR manufacturing price (RPE / 1.5); Mid; CER Current Measures,T06,5,5,5,5,5,transport-cost-invest-school-buses-db3394b4:composite:1:4cfd8123718eed66
ON,T_HDV_BS_DSL_N,2035,53.3714260725808,$M 2020CAD / k vehicles,NLR manufacturing price (RPE / 1.5); Mid; CER Current Measures,T06,5,5,5,5,5,transport-cost-invest-school-buses-db3394b4:composite:1:4cfd8123718eed66
ON,T_HDV_BS_DSL_N,2040,53.437700637583895,$M 2020CAD / k vehicles,NLR manufacturing price (RPE / 1.5); Mid; CER Current Measures,T06,5,5,5,5,5,transport-cost-invest-school-buses-db3394b4:composite:1:4cfd8123718eed66
ON,T_HDV_BS_DSL_N,2045,53.50397520258698,$M 2020CAD / k vehicles,NLR manufacturing price (RPE / 1.5); Mid; CER Current Measures,T06,5,5,5,5,5,transport-cost-invest-school-buses-db3394b4:composite:1:4cfd8123718eed66
ON,T_HDV_BS_DSL_PHEV_N,2025,87.13041588141115,$M 2020CAD / k vehicles,NLR manufacturing price (RPE / 1.5); Mid; CER Current Measures,T06,5,5,5,5,5,transport-cost-invest-school-buses-db3394b4:composite:1:4cfd8123718eed66
ON,T_HDV_BS_DSL_PHEV_N,2030,75.5222253464583,$M 2020CAD / k vehicles,NLR manufacturing price (RPE / 1.5); Mid; CER Current Measures,T06,5,5,5,5,5,transport-cost-invest-school-buses-db3394b4:composite:1:4cfd8123718eed66
ON,T_HDV_BS_DSL_PHEV_N,2035,68.7271956132863,$M 2020CAD / k vehicles,NLR manufacturing price (RPE / 1.5); Mid; CER Current Measures,T06,5,5,5,5,5,transport-cost-invest-school-buses-db3394b4:composite:1:4cfd8123718eed66
ON,T_HDV_BS_DSL_PHEV_N,2040,65.82679894735955,$M 2020CAD / k vehicles,NLR manufacturing price (RPE / 1.5); Mid; CER Current Measures,T06,5,5,5,5,5,transport-cost-invest-school-buses-db3394b4:composite:1:4cfd8123718eed66
ON,T_HDV_BS_DSL_PHEV_N,2045,62.926402281432814,$M 2020CAD / k vehicles,NLR manufacturing price (RPE / 1.5); Mid; CER Current Measures,T06,5,5,5,5,5,transport-cost-invest-school-buses-db3394b4:composite:1:4cfd8123718eed66
ON,T_HDV_BS_FCEV_N,2025,84.25313276484489,$M 2020CAD / k vehicles,NLR manufacturing price (RPE / 1.5); Mid; CER Current Measures,T06,5,5,5,5,5,transport-cost-invest-school-buses-db3394b4:composite:1:4cfd8123718eed66
ON,T_HDV_BS_FCEV_N,2030,66.34980196477711,$M 2020CAD / k vehicles,NLR manufacturing price (RPE / 1.5); Mid; CER Current Measures,T06,5,5,5,5,5,transport-cost-invest-school-buses-db3394b4:composite:1:4cfd8123718eed66
ON,T_HDV_BS_FCEV_N,2035,60.95821279762239,$M 2020CAD / k vehicles,NLR manufacturing price (RPE / 1.5); Mid; CER Current Measures,T06,5,5,5,5,5,transport-cost-invest-school-buses-db3394b4:composite:1:4cfd8123718eed66
ON,T_HDV_BS_FCEV_N,2040,59.87116842004512,$M 2020CAD / k vehicles,NLR manufacturing price (RPE / 1.5); Mid; CER Current Measures,T06,5,5,5,5,5,transport-cost-invest-school-buses-db3394b4:composite:1:4cfd8123718eed66
ON,T_HDV_BS_FCEV_N,2045,58.78412404246786,$M 2020CAD / k vehicles,NLR manufacturing price (RPE / 1.5); Mid; CER Current Measures,T06,5,5,5,5,5,transport-cost-invest-school-buses-db3394b4:composite:1:4cfd8123718eed66
ON,T_HDV_BS_FCHEV_N,2025,73.60226770799707,$M 2020CAD / k vehicles,NLR manufacturing price (RPE / 1.5); Mid; CER Current Measures,T06,5,5,5,5,5,transport-cost-invest-school-buses-db3394b4:composite:1:4cfd8123718eed66
ON,T_HDV_BS_FCHEV_N,2030,61.272368386889674,$M 2020CAD / k vehicles,NLR manufacturing price (RPE / 1.5); Mid; CER Current Measures,T06,5,5,5,5,5,transport-cost-invest-school-buses-db3394b4:composite:1:4cfd8123718eed66
ON,T_HDV_BS_FCHEV_N,2035,57.07478272624065,$M 2020CAD / k vehicles,NLR manufacturing price (RPE / 1.5); Mid; CER Current Measures,T06,5,5,5,5,5,transport-cost-invest-school-buses-db3394b4:composite:1:4cfd8123718eed66
ON,T_HDV_BS_FCHEV_N,2040,55.59150607391185,$M 2020CAD / k vehicles,NLR manufacturing price (RPE / 1.5); Mid; CER Current Measures,T06,5,5,5,5,5,transport-cost-invest-school-buses-db3394b4:composite:1:4cfd8123718eed66
ON,T_HDV_BS_FCHEV_N,2045,54.10822942158307,$M 2020CAD / k vehicles,NLR manufacturing price (RPE / 1.5); Mid; CER Current Measures,T06,5,5,5,5,5,transport-cost-invest-school-buses-db3394b4:composite:1:4cfd8123718eed66
ON,T_HDV_BS_GSL_N,2025,53.16800325295391,$M 2020CAD / k vehicles,NLR manufacturing price (RPE / 1.5); reviewed gasoline->diesel purchase proxy; Mid; CER Current Measures,T06,5,5,5,5,5,transport-cost-invest-school-buses-db3394b4:composite:1:4cfd8123718eed66
ON,T_HDV_BS_GSL_N,2030,53.4655312378343,$M 2020CAD / k vehicles,NLR manufacturing price (RPE / 1.5); reviewed gasoline->diesel purchase proxy; Mid; CER Current Measures,T06,5,5,5,5,5,transport-cost-invest-school-buses-db3394b4:composite:1:4cfd8123718eed66
ON,T_HDV_BS_GSL_N,2035,53.3714260725808,$M 2020CAD / k vehicles,NLR manufacturing price (RPE / 1.5); reviewed gasoline->diesel purchase proxy; Mid; CER Current Measures,T06,5,5,5,5,5,transport-cost-invest-school-buses-db3394b4:composite:1:4cfd8123718eed66
ON,T_HDV_BS_GSL_N,2040,53.437700637583895,$M 2020CAD / k vehicles,NLR manufacturing price (RPE / 1.5); reviewed gasoline->diesel purchase proxy; Mid; CER Current Measures,T06,5,5,5,5,5,transport-cost-invest-school-buses-db3394b4:composite:1:4cfd8123718eed66
ON,T_HDV_BS_GSL_N,2045,53.50397520258698,$M 2020CAD / k vehicles,NLR manufacturing price (RPE / 1.5); reviewed gasoline->diesel purchase proxy; Mid; CER Current Measures,T06,5,5,5,5,5,transport-cost-invest-school-buses-db3394b4:composite:1:4cfd8123718eed66
ON,T_HDV_BT_BEV_N,2025,274.5762303654073,$M 2020CAD / k vehicles,NLR manufacturing price (RPE / 1.5); Mid; CER Current Measures,T06,5,5,5,5,5,transport-cost-invest-urban-transit-db3394b4:composite:1:0cb1db7af1a5e7c6
ON,T_HDV_BT_BEV_N,2030,238.945043058376,$M 2020CAD / k vehicles,NLR manufacturing price (RPE / 1.5); Mid; CER Current Measures,T06,5,5,5,5,5,transport-cost-invest-urban-transit-db3394b4:composite:1:0cb1db7af1a5e7c6
ON,T_HDV_BT_BEV_N,2035,223.4573140190256,$M 2020CAD / k vehicles,NLR manufacturing price (RPE / 1.5); Mid; CER Current Measures,T06,5,5,5,5,5,transport-cost-invest-urban-transit-db3394b4:composite:1:0cb1db7af1a5e7c6
ON,T_HDV_BT_BEV_N,2040,213.91920126710497,$M 2020CAD / k vehicles,NLR manufacturing price (RPE / 1.5); Mid; CER Current Measures,T06,5,5,5,5,5,transport-cost-invest-urban-transit-db3394b4:composite:1:0cb1db7af1a5e7c6
ON,T_HDV_BT_BEV_N,2045,204.38108851518436,$M 2020CAD / k vehicles,NLR manufacturing price (RPE / 1.5); Mid; CER Current Measures,T06,5,5,5,5,5,transport-cost-invest-urban-transit-db3394b4:composite:1:0cb1db7af1a5e7c6
ON,T_HDV_BT_CNG_N,2025,168.10437279387037,$M 2020CAD / k vehicles,NLR manufacturing price (RPE / 1.5); reviewed cng->diesel purchase proxy; Mid; CER Current Measures,T06,5,5,5,5,5,transport-cost-invest-urban-transit-db3394b4:composite:1:0cb1db7af1a5e7c6
ON,T_HDV_BT_CNG_N,2030,168.63008811554965,$M 2020CAD / k vehicles,NLR manufacturing price (RPE / 1.5); reviewed cng->diesel purchase proxy; Mid; CER Current Measures,T06,5,5,5,5,5,transport-cost-invest-urban-transit-db3394b4:composite:1:0cb1db7af1a5e7c6
ON,T_HDV_BT_CNG_N,2035,168.74400489454072,$M 2020CAD / k vehicles,NLR manufacturing price (RPE / 1.5); reviewed cng->diesel purchase proxy; Mid; CER Current Measures,T06,5,5,5,5,5,transport-cost-invest-urban-transit-db3394b4:composite:1:0cb1db7af1a5e7c6
ON,T_HDV_BT_CNG_N,2040,168.88528056869325,$M 2020CAD / k vehicles,NLR manufacturing price (RPE / 1.5); reviewed cng->diesel purchase proxy; Mid; CER Current Measures,T06,5,5,5,5,5,transport-cost-invest-urban-transit-db3394b4:composite:1:0cb1db7af1a5e7c6
ON,T_HDV_BT_CNG_N,2045,169.02655624284563,$M 2020CAD / k vehicles,NLR manufacturing price (RPE / 1.5); reviewed cng->diesel purchase proxy; Mid; CER Current Measures,T06,5,5,5,5,5,transport-cost-invest-urban-transit-db3394b4:composite:1:0cb1db7af1a5e7c6
ON,T_HDV_BT_DSL_HEV_N,2025,181.6703753006759,$M 2020CAD / k vehicles,NLR manufacturing price (RPE / 1.5); Mid; CER Current Measures,T06,5,5,5,5,5,transport-cost-invest-urban-transit-db3394b4:composite:1:0cb1db7af1a5e7c6
ON,T_HDV_BT_DSL_HEV_N,2030,179.65737383341144,$M 2020CAD / k vehicles,NLR manufacturing price (RPE / 1.5); Mid; CER Current Measures,T06,5,5,5,5,5,transport-cost-invest-urban-transit-db3394b4:composite:1:0cb1db7af1a5e7c6
ON,T_HDV_BT_DSL_HEV_N,2035,177.85946988672637,$M 2020CAD / k vehicles,NLR manufacturing price (RPE / 1.5); Mid; CER Current Measures,T06,5,5,5,5,5,transport-cost-invest-urban-transit-db3394b4:composite:1:0cb1db7af1a5e7c6
ON,T_HDV_BT_DSL_HEV_N,2040,177.83211099156486,$M 2020CAD / k vehicles,NLR manufacturing price (RPE / 1.5); Mid; CER Current Measures,T06,5,5,5,5,5,transport-cost-invest-urban-transit-db3394b4:composite:1:0cb1db7af1a5e7c6
ON,T_HDV_BT_DSL_HEV_N,2045,177.80475209640355,$M 2020CAD / k vehicles,NLR manufacturing price (RPE / 1.5); Mid; CER Current Measures,T06,5,5,5,5,5,transport-cost-invest-urban-transit-db3394b4:composite:1:0cb1db7af1a5e7c6
ON,T_HDV_BT_DSL_N,2025,168.10437279387037,$M 2020CAD / k vehicles,NLR manufacturing price (RPE / 1.5); Mid; CER Current Measures,T06,5,5,5,5,5,transport-cost-invest-urban-transit-db3394b4:composite:1:0cb1db7af1a5e7c6
ON,T_HDV_BT_DSL_N,2030,168.63008811554965,$M 2020CAD / k vehicles,NLR manufacturing price (RPE / 1.5); Mid; CER Current Measures,T06,5,5,5,5,5,transport-cost-invest-urban-transit-db3394b4:composite:1:0cb1db7af1a5e7c6
ON,T_HDV_BT_DSL_N,2035,168.74400489454072,$M 2020CAD / k vehicles,NLR manufacturing price (RPE / 1.5); Mid; CER Current Measures,T06,5,5,5,5,5,transport-cost-invest-urban-transit-db3394b4:composite:1:0cb1db7af1a5e7c6
ON,T_HDV_BT_DSL_N,2040,168.88528056869325,$M 2020CAD / k vehicles,NLR manufacturing price (RPE / 1.5); Mid; CER Current Measures,T06,5,5,5,5,5,transport-cost-invest-urban-transit-db3394b4:composite:1:0cb1db7af1a5e7c6
ON,T_HDV_BT_DSL_N,2045,169.02655624284563,$M 2020CAD / k vehicles,NLR manufacturing price (RPE / 1.5); Mid; CER Current Measures,T06,5,5,5,5,5,transport-cost-invest-urban-transit-db3394b4:composite:1:0cb1db7af1a5e7c6
ON,T_HDV_BT_DSL_PHEV_N,2025,259.0927466718578,$M 2020CAD / k vehicles,NLR manufacturing price (RPE / 1.5); Mid; CER Current Measures,T06,5,5,5,5,5,transport-cost-invest-urban-transit-db3394b4:composite:1:0cb1db7af1a5e7c6
ON,T_HDV_BT_DSL_PHEV_N,2030,231.4194600686309,$M 2020CAD / k vehicles,NLR manufacturing price (RPE / 1.5); Mid; CER Current Measures,T06,5,5,5,5,5,transport-cost-invest-urban-transit-db3394b4:composite:1:0cb1db7af1a5e7c6
ON,T_HDV_BT_DSL_PHEV_N,2035,215.48950750835243,$M 2020CAD / k vehicles,NLR manufacturing price (RPE / 1.5); Mid; CER Current Measures,T06,5,5,5,5,5,transport-cost-invest-urban-transit-db3394b4:composite:1:0cb1db7af1a5e7c6
ON,T_HDV_BT_DSL_PHEV_N,2040,207.95920746771745,$M 2020CAD / k vehicles,NLR manufacturing price (RPE / 1.5); Mid; CER Current Measures,T06,5,5,5,5,5,transport-cost-invest-urban-transit-db3394b4:composite:1:0cb1db7af1a5e7c6
ON,T_HDV_BT_DSL_PHEV_N,2045,200.42890742708235,$M 2020CAD / k vehicles,NLR manufacturing price (RPE / 1.5); Mid; CER Current Measures,T06,5,5,5,5,5,transport-cost-invest-urban-transit-db3394b4:composite:1:0cb1db7af1a5e7c6
ON,T_HDV_BT_FCEV_N,2025,215.50153598812167,$M 2020CAD / k vehicles,NLR manufacturing price (RPE / 1.5); Mid; CER Current Measures,T06,5,5,5,5,5,transport-cost-invest-urban-transit-db3394b4:composite:1:0cb1db7af1a5e7c6
ON,T_HDV_BT_FCEV_N,2030,191.4891525805455,$M 2020CAD / k vehicles,NLR manufacturing price (RPE / 1.5); Mid; CER Current Measures,T06,5,5,5,5,5,transport-cost-invest-urban-transit-db3394b4:composite:1:0cb1db7af1a5e7c6
ON,T_HDV_BT_FCEV_N,2035,184.77018529297314,$M 2020CAD / k vehicles,NLR manufacturing price (RPE / 1.5); Mid; CER Current Measures,T06,5,5,5,5,5,transport-cost-invest-urban-transit-db3394b4:composite:1:0cb1db7af1a5e7c6
ON,T_HDV_BT_FCEV_N,2040,183.30082394076953,$M 2020CAD / k vehicles,NLR manufacturing price (RPE / 1.5); Mid; CER Current Measures,T06,5,5,5,5,5,transport-cost-invest-urban-transit-db3394b4:composite:1:0cb1db7af1a5e7c6
ON,T_HDV_BT_FCEV_N,2045,181.83146258856593,$M 2020CAD / k vehicles,NLR manufacturing price (RPE / 1.5); Mid; CER Current Measures,T06,5,5,5,5,5,transport-cost-invest-urban-transit-db3394b4:composite:1:0cb1db7af1a5e7c6
ON,T_HDV_BT_FCHEV_N,2025,199.82064371482988,$M 2020CAD / k vehicles,NLR manufacturing price (RPE / 1.5); Mid; CER Current Measures,T06,5,5,5,5,5,transport-cost-invest-urban-transit-db3394b4:composite:1:0cb1db7af1a5e7c6
ON,T_HDV_BT_FCHEV_N,2030,183.79870866219838,$M 2020CAD / k vehicles,NLR manufacturing price (RPE / 1.5); Mid; CER Current Measures,T06,5,5,5,5,5,transport-cost-invest-urban-transit-db3394b4:composite:1:0cb1db7af1a5e7c6
ON,T_HDV_BT_FCHEV_N,2035,177.91395182450466,$M 2020CAD / k vehicles,NLR manufacturing price (RPE / 1.5); Mid; CER Current Measures,T06,5,5,5,5,5,transport-cost-invest-urban-transit-db3394b4:composite:1:0cb1db7af1a5e7c6
ON,T_HDV_BT_FCHEV_N,2040,175.96227201880893,$M 2020CAD / k vehicles,NLR manufacturing price (RPE / 1.5); Mid; CER Current Measures,T06,5,5,5,5,5,transport-cost-invest-urban-transit-db3394b4:composite:1:0cb1db7af1a5e7c6
ON,T_HDV_BT_FCHEV_N,2045,174.01059221311317,$M 2020CAD / k vehicles,NLR manufacturing price (RPE / 1.5); Mid; CER Current Measures,T06,5,5,5,5,5,transport-cost-invest-urban-transit-db3394b4:composite:1:0cb1db7af1a5e7c6
ON,T_HDV_BT_GSL_N,2025,168.10437279387037,$M 2020CAD / k vehicles,NLR manufacturing price (RPE / 1.5); reviewed gasoline->diesel purchase proxy; Mid; CER Current Measures,T06,5,5,5,5,5,transport-cost-invest-urban-transit-db3394b4:composite:1:0cb1db7af1a5e7c6
ON,T_HDV_BT_GSL_N,2030,168.63008811554965,$M 2020CAD / k vehicles,NLR manufacturing price (RPE / 1.5); reviewed gasoline->diesel purchase proxy; Mid; CER Current Measures,T06,5,5,5,5,5,transport-cost-invest-urban-transit-db3394b4:composite:1:0cb1db7af1a5e7c6
ON,T_HDV_BT_GSL_N,2035,168.74400489454072,$M 2020CAD / k vehicles,NLR manufacturing price (RPE / 1.5); reviewed gasoline->diesel purchase proxy; Mid; CER Current Measures,T06,5,5,5,5,5,transport-cost-invest-urban-transit-db3394b4:composite:1:0cb1db7af1a5e7c6
ON,T_HDV_BT_GSL_N,2040,168.88528056869325,$M 2020CAD / k vehicles,NLR manufacturing price (RPE / 1.5); reviewed gasoline->diesel purchase proxy; Mid; CER Current Measures,T06,5,5,5,5,5,transport-cost-invest-urban-transit-db3394b4:composite:1:0cb1db7af1a5e7c6
ON,T_HDV_BT_GSL_N,2045,169.02655624284563,$M 2020CAD / k vehicles,NLR manufacturing price (RPE / 1.5); reviewed gasoline->diesel purchase proxy; Mid; CER Current Measures,T06,5,5,5,5,5,transport-cost-invest-urban-transit-db3394b4:composite:1:0cb1db7af1a5e7c6
ON,T_HDV_RF_DSL_N,2025,39.10602039451965,$M 2020CAD / bn tonne-km,CIMS service CAPEX times REGEN relative multiplier; Mid; CER Current Measures,T15,5,5,5,5,5,transport-cost-invest-freight-rail-7153c4b0:composite:1:67df951b6b1f4bd6
ON,T_HDV_RF_DSL_N,2030,39.10602039451965,$M 2020CAD / bn tonne-km,CIMS service CAPEX times REGEN relative multiplier; Mid; CER Current Measures,T15,5,5,5,5,5,transport-cost-invest-freight-rail-7153c4b0:composite:1:67df951b6b1f4bd6
ON,T_HDV_RF_DSL_N,2035,39.10602039451965,$M 2020CAD / bn tonne-km,CIMS service CAPEX times REGEN relative multiplier; Mid; CER Current Measures,T15,5,5,5,5,5,transport-cost-invest-freight-rail-7153c4b0:composite:1:67df951b6b1f4bd6
ON,T_HDV_RF_DSL_N,2040,39.10602039451965,$M 2020CAD / bn tonne-km,CIMS service CAPEX times REGEN relative multiplier; Mid; CER Current Measures,T15,5,5,5,5,5,transport-cost-invest-freight-rail-7153c4b0:composite:1:67df951b6b1f4bd6
ON,T_HDV_RF_DSL_N,2045,39.10602039451965,$M 2020CAD / bn tonne-km,CIMS service CAPEX times REGEN relative multiplier; Mid; CER Current Measures,T15,5,5,5,5,5,transport-cost-invest-freight-rail-7153c4b0:composite:1:67df951b6b1f4bd6
ON,T_HDV_RF_H2_N,2025,74.69249895353255,$M 2020CAD / bn tonne-km,CIMS service CAPEX times REGEN relative multiplier; Mid; CER Current Measures,T15,5,5,5,5,5,transport-cost-invest-freight-rail-2b87d19f:composite:1:515b0963e9e286db
ON,T_HDV_RF_H2_N,2030,74.69249895353255,$M 2020CAD / bn tonne-km,CIMS service CAPEX times REGEN relative multiplier; Mid; CER Current Measures,T15,5,5,5,5,5,transport-cost-invest-freight-rail-2b87d19f:composite:1:515b0963e9e286db
ON,T_HDV_RF_H2_N,2035,74.69249895353255,$M 2020CAD / bn tonne-km,CIMS service CAPEX times REGEN relative multiplier; Mid; CER Current Measures,T15,5,5,5,5,5,transport-cost-invest-freight-rail-2b87d19f:composite:1:515b0963e9e286db
ON,T_HDV_RF_H2_N,2040,68.4355356904094,$M 2020CAD / bn tonne-km,CIMS service CAPEX times REGEN relative multiplier; Mid; CER Current Measures,T15,5,5,5,5,5,transport-cost-invest-freight-rail-2b87d19f:composite:1:515b0963e9e286db
ON,T_HDV_RF_H2_N,2045,62.178572427286255,$M 2020CAD / bn tonne-km,CIMS service CAPEX times REGEN relative multiplier; Mid; CER Current Measures,T15,5,5,5,5,5,transport-cost-invest-freight-rail-2b87d19f:composite:1:515b0963e9e286db
ON,T_HDV_RF_LNG_N,2025,61.39645201939587,$M 2020CAD / bn tonne-km,CIMS service CAPEX times REGEN relative multiplier; Mid; CER Current Measures,T15,5,5,5,5,5,transport-cost-invest-freight-rail-2b87d19f:composite:1:515b0963e9e286db
ON,T_HDV_RF_LNG_N,2030,61.39645201939587,$M 2020CAD / bn tonne-km,CIMS service CAPEX times REGEN relative multiplier; Mid; CER Current Measures,T15,5,5,5,5,5,transport-cost-invest-freight-rail-2b87d19f:composite:1:515b0963e9e286db
ON,T_HDV_RF_LNG_N,2035,61.39645201939587,$M 2020CAD / bn tonne-km,CIMS service CAPEX times REGEN relative multiplier; Mid; CER Current Measures,T15,5,5,5,5,5,transport-cost-invest-freight-rail-2b87d19f:composite:1:515b0963e9e286db
ON,T_HDV_RF_LNG_N,2040,61.13574521676574,$M 2020CAD / bn tonne-km,CIMS service CAPEX times REGEN relative multiplier; Mid; CER Current Measures,T15,5,5,5,5,5,transport-cost-invest-freight-rail-2b87d19f:composite:1:515b0963e9e286db
ON,T_HDV_RF_LNG_N,2045,60.87503841413561,$M 2020CAD / bn tonne-km,CIMS service CAPEX times REGEN relative multiplier; Mid; CER Current Measures,T15,5,5,5,5,5,transport-cost-invest-freight-rail-2b87d19f:composite:1:515b0963e9e286db
ON,T_HDV_RICP_DSL_N,2025,1885.6878005906885,$M 2020CAD / bn passenger-km,CIMS service CAPEX times REGEN relative multiplier; Mid; CER Current Measures,T15,5,5,5,5,5,transport-cost-invest-passenger-rail-7153c4b0:composite:1:37d8b07bf17dc2b2
ON,T_HDV_RICP_DSL_N,2030,1885.6878005906885,$M 2020CAD / bn passenger-km,CIMS service CAPEX times REGEN relative multiplier; Mid; CER Current Measures,T15,5,5,5,5,5,transport-cost-invest-passenger-rail-7153c4b0:composite:1:37d8b07bf17dc2b2
ON,T_HDV_RICP_DSL_N,2035,1885.6878005906885,$M 2020CAD / bn passenger-km,CIMS service CAPEX times REGEN relative multiplier; Mid; CER Current Measures,T15,5,5,5,5,5,transport-cost-invest-passenger-rail-7153c4b0:composite:1:37d8b07bf17dc2b2
ON,T_HDV_RICP_DSL_N,2040,1885.6878005906885,$M 2020CAD / bn passenger-km,CIMS service CAPEX times REGEN relative multiplier; Mid; CER Current Measures,T15,5,5,5,5,5,transport-cost-invest-passenger-rail-7153c4b0:composite:1:37d8b07bf17dc2b2
ON,T_HDV_RICP_DSL_N,2045,1885.6878005906885,$M 2020CAD / bn passenger-km,CIMS service CAPEX times REGEN relative multiplier; Mid; CER Current Measures,T15,5,5,5,5,5,transport-cost-invest-passenger-rail-7153c4b0:composite:1:37d8b07bf17dc2b2
ON,T_HDV_RICP_H2_N,2025,2168.5409706792916,$M 2020CAD / bn passenger-km,CIMS service CAPEX times REGEN relative multiplier; Mid; CER Current Measures,T15,5,5,5,5,5,transport-cost-invest-passenger-rail-2b87d19f:composite:1:5b60ef866184bd6b
ON,T_HDV_RICP_H2_N,2030,2168.5409706792916,$M 2020CAD / bn passenger-km,CIMS service CAPEX times REGEN relative multiplier; Mid; CER Current Measures,T15,5,5,5,5,5,transport-cost-invest-passenger-rail-2b87d19f:composite:1:5b60ef866184bd6b
ON,T_HDV_RICP_H2_N,2035,2168.5409706792916,$M 2020CAD / bn passenger-km,CIMS service CAPEX times REGEN relative multiplier; Mid; CER Current Measures,T15,5,5,5,5,5,transport-cost-invest-passenger-rail-2b87d19f:composite:1:5b60ef866184bd6b
ON,T_HDV_RICP_H2_N,2040,2080.5422066517262,$M 2020CAD / bn passenger-km,CIMS service CAPEX times REGEN relative multiplier; Mid; CER Current Measures,T15,5,5,5,5,5,transport-cost-invest-passenger-rail-2b87d19f:composite:1:5b60ef866184bd6b
ON,T_HDV_RICP_H2_N,2045,1992.5434426241607,$M 2020CAD / bn passenger-km,CIMS service CAPEX times REGEN relative multiplier; Mid; CER Current Measures,T15,5,5,5,5,5,transport-cost-invest-passenger-rail-2b87d19f:composite:1:5b60ef866184bd6b
ON,T_HDV_T_BEV_N,2025,342.1920178229556,$M 2020CAD / k vehicles,NLR manufacturing price (RPE / 1.5); Mid; CER Current Measures,T06,5,5,5,5,5,transport-cost-invest-heavy-trucks-e1dceb92:composite:1:9b25f19b8719c99d
ON,T_HDV_T_BEV_N,2030,253.4413522211666,$M 2020CAD / k vehicles,NLR manufacturing price (RPE / 1.5); Mid; CER Current Measures,T06,5,5,5,5,5,transport-cost-invest-heavy-trucks-e1dceb92:composite:1:9b25f19b8719c99d
ON,T_HDV_T_BEV_N,2035,207.8337567596318,$M 2020CAD / k vehicles,NLR manufacturing price (RPE / 1.5); Mid; CER Current Measures,T06,5,5,5,5,5,transport-cost-invest-heavy-trucks-e1dceb92:composite:1:9b25f19b8719c99d
ON,T_HDV_T_BEV_N,2040,187.41156539654455,$M 2020CAD / k vehicles,NLR manufacturing price (RPE / 1.5); Mid; CER Current Measures,T06,5,5,5,5,5,transport-cost-invest-heavy-trucks-e1dceb92:composite:1:9b25f19b8719c99d
ON,T_HDV_T_BEV_N,2045,166.9893740334574,$M 2020CAD / k vehicles,NLR manufacturing price (RPE / 1.5); Mid; CER Current Measures,T06,5,5,5,5,5,transport-cost-invest-heavy-trucks-e1dceb92:composite:1:9b25f19b8719c99d
ON,T_HDV_T_DSL_HEV_N,2025,121.45863789388825,$M 2020CAD / k vehicles,NLR manufacturing price (RPE / 1.5); Mid; CER Current Measures,T06,5,5,5,5,5,transport-cost-invest-heavy-trucks-e1dceb92:composite:1:9b25f19b8719c99d
ON,T_HDV_T_DSL_HEV_N,2030,120.85418742107773,$M 2020CAD / k vehicles,NLR manufacturing price (RPE / 1.5); Mid; CER Current Measures,T06,5,5,5,5,5,transport-cost-invest-heavy-trucks-e1dceb92:composite:1:9b25f19b8719c99d
ON,T_HDV_T_DSL_HEV_N,2035,120.2184694057514,$M 2020CAD / k vehicles,NLR manufacturing price (RPE / 1.5); Mid; CER Current Measures,T06,5,5,5,5,5,transport-cost-invest-heavy-trucks-e1dceb92:composite:1:9b25f19b8719c99d
ON,T_HDV_T_DSL_HEV_N,2040,120.634534185439,$M 2020CAD / k vehicles,NLR manufacturing price (RPE / 1.5); Mid; CER Current Measures,T06,5,5,5,5,5,transport-cost-invest-heavy-trucks-e1dceb92:composite:1:9b25f19b8719c99d
ON,T_HDV_T_DSL_HEV_N,2045,121.05059896512655,$M 2020CAD / k vehicles,NLR manufacturing price (RPE / 1.5); Mid; CER Current Measures,T06,5,5,5,5,5,transport-cost-invest-heavy-trucks-e1dceb92:composite:1:9b25f19b8719c99d
ON,T_HDV_T_DSL_N,2025,110.99023673741151,$M 2020CAD / k vehicles,NLR manufacturing price (RPE / 1.5); Mid; CER Current Measures,T06,5,5,5,5,5,transport-cost-invest-heavy-trucks-e1dceb92:composite:1:9b25f19b8719c99d
ON,T_HDV_T_DSL_N,2030,111.60487504863862,$M 2020CAD / k vehicles,NLR manufacturing price (RPE / 1.5); Mid; CER Current Measures,T06,5,5,5,5,5,transport-cost-invest-heavy-trucks-e1dceb92:composite:1:9b25f19b8719c99d
ON,T_HDV_T_DSL_N,2035,111.91701102908,$M 2020CAD / k vehicles,NLR manufacturing price (RPE / 1.5); Mid; CER Current Measures,T06,5,5,5,5,5,transport-cost-invest-heavy-trucks-e1dceb92:composite:1:9b25f19b8719c99d
ON,T_HDV_T_DSL_N,2040,112.49613832486133,$M 2020CAD / k vehicles,NLR manufacturing price (RPE / 1.5); Mid; CER Current Measures,T06,5,5,5,5,5,transport-cost-invest-heavy-trucks-e1dceb92:composite:1:9b25f19b8719c99d
ON,T_HDV_T_DSL_N,2045,113.07526562064268,$M 2020CAD / k vehicles,NLR manufacturing price (RPE / 1.5); Mid; CER Current Measures,T06,5,5,5,5,5,transport-cost-invest-heavy-trucks-e1dceb92:composite:1:9b25f19b8719c99d
ON,T_HDV_T_DSL_PHEV_N,2025,321.0624136628804,$M 2020CAD / k vehicles,NLR manufacturing price (RPE / 1.5); Mid; CER Current Measures,T06,5,5,5,5,5,transport-cost-invest-heavy-trucks-e1dceb92:composite:1:9b25f19b8719c99d
ON,T_HDV_T_DSL_PHEV_N,2030,246.3446957446033,$M 2020CAD / k vehicles,NLR manufacturing price (RPE / 1.5); Mid; CER Current Measures,T06,5,5,5,5,5,transport-cost-invest-heavy-trucks-e1dceb92:composite:1:9b25f19b8719c99d
ON,T_HDV_T_DSL_PHEV_N,2035,204.25360863522553,$M 2020CAD / k vehicles,NLR manufacturing price (RPE / 1.5); Mid; CER Current Measures,T06,5,5,5,5,5,transport-cost-invest-heavy-trucks-e1dceb92:composite:1:9b25f19b8719c99d
ON,T_HDV_T_DSL_PHEV_N,2040,186.63469202870021,$M 2020CAD / k vehicles,NLR manufacturing price (RPE / 1.5); Mid; CER Current Measures,T06,5,5,5,5,5,transport-cost-invest-heavy-trucks-e1dceb92:composite:1:9b25f19b8719c99d
ON,T_HDV_T_DSL_PHEV_N,2045,169.01577542217493,$M 2020CAD / k vehicles,NLR manufacturing price (RPE / 1.5); Mid; CER Current Measures,T06,5,5,5,5,5,transport-cost-invest-heavy-trucks-e1dceb92:composite:1:9b25f19b8719c99d
ON,T_HDV_T_FCEV_N,2025,203.507231758629,$M 2020CAD / k vehicles,NLR manufacturing price (RPE / 1.5); Mid; CER Current Measures,T06,5,5,5,5,5,transport-cost-invest-heavy-trucks-e1dceb92:composite:1:9b25f19b8719c99d
ON,T_HDV_T_FCEV_N,2030,145.85405389324183,$M 2020CAD / k vehicles,NLR manufacturing price (RPE / 1.5); Mid; CER Current Measures,T06,5,5,5,5,5,transport-cost-invest-heavy-trucks-e1dceb92:composite:1:9b25f19b8719c99d
ON,T_HDV_T_FCEV_N,2035,131.73048082098802,$M 2020CAD / k vehicles,NLR manufacturing price (RPE / 1.5); Mid; CER Current Measures,T06,5,5,5,5,5,transport-cost-invest-heavy-trucks-e1dceb92:composite:1:9b25f19b8719c99d
ON,T_HDV_T_FCEV_N,2040,128.74292851346672,$M 2020CAD / k vehicles,NLR manufacturing price (RPE / 1.5); Mid; CER Current Measures,T06,5,5,5,5,5,transport-cost-invest-heavy-trucks-e1dceb92:composite:1:9b25f19b8719c99d
ON,T_HDV_T_FCEV_N,2045,125.75537620594547,$M 2020CAD / k vehicles,NLR manufacturing price (RPE / 1.5); Mid; CER Current Measures,T06,5,5,5,5,5,transport-cost-invest-heavy-trucks-e1dceb92:composite:1:9b25f19b8719c99d
ON,T_HDV_T_FCHEV_N,2025,169.79889544505187,$M 2020CAD / k vehicles,NLR manufacturing price (RPE / 1.5); Mid; CER Current Measures,T06,5,5,5,5,5,transport-cost-invest-heavy-trucks-e1dceb92:composite:1:9b25f19b8719c99d
ON,T_HDV_T_FCHEV_N,2030,131.32895787917826,$M 2020CAD / k vehicles,NLR manufacturing price (RPE / 1.5); Mid; CER Current Measures,T06,5,5,5,5,5,transport-cost-invest-heavy-trucks-e1dceb92:composite:1:9b25f19b8719c99d
ON,T_HDV_T_FCHEV_N,2035,118.83734495041895,$M 2020CAD / k vehicles,NLR manufacturing price (RPE / 1.5); Mid; CER Current Measures,T06,5,5,5,5,5,transport-cost-invest-heavy-trucks-e1dceb92:composite:1:9b25f19b8719c99d
ON,T_HDV_T_FCHEV_N,2040,114.73559918836676,$M 2020CAD / k vehicles,NLR manufacturing price (RPE / 1.5); Mid; CER Current Measures,T06,5,5,5,5,5,transport-cost-invest-heavy-trucks-e1dceb92:composite:1:9b25f19b8719c99d
ON,T_HDV_T_FCHEV_N,2045,110.63385342631456,$M 2020CAD / k vehicles,NLR manufacturing price (RPE / 1.5); Mid; CER Current Measures,T06,5,5,5,5,5,transport-cost-invest-heavy-trucks-e1dceb92:composite:1:9b25f19b8719c99d
ON,T_HDV_WTF_HFO_N,2025,159.71497923605244,$M 2020CAD / bn tonne-km,CIMS service CAPEX times REGEN relative multiplier; Mid; CER Current Measures,T15,5,5,5,5,5,transport-cost-invest-freight-marine-7153c4b0:composite:1:6ed78a0e5715890a
ON,T_HDV_WTF_HFO_N,2030,159.71497923605244,$M 2020CAD / bn tonne-km,CIMS service CAPEX times REGEN relative multiplier; Mid; CER Current Measures,T15,5,5,5,5,5,transport-cost-invest-freight-marine-7153c4b0:composite:1:6ed78a0e5715890a
ON,T_HDV_WTF_HFO_N,2035,159.71497923605244,$M 2020CAD / bn tonne-km,CIMS service CAPEX times REGEN relative multiplier; Mid; CER Current Measures,T15,5,5,5,5,5,transport-cost-invest-freight-marine-7153c4b0:composite:1:6ed78a0e5715890a
ON,T_HDV_WTF_HFO_N,2040,159.71497923605244,$M 2020CAD / bn tonne-km,CIMS service CAPEX times REGEN relative multiplier; Mid; CER Current Measures,T15,5,5,5,5,5,transport-cost-invest-freight-marine-7153c4b0:composite:1:6ed78a0e5715890a
ON,T_HDV_WTF_HFO_N,2045,159.71497923605244,$M 2020CAD / bn tonne-km,CIMS service CAPEX times REGEN relative multiplier; Mid; CER Current Measures,T15,5,5,5,5,5,transport-cost-invest-freight-marine-7153c4b0:composite:1:6ed78a0e5715890a
ON,T_HDV_WTF_LNG_N,2025,167.70072819785508,$M 2020CAD / bn tonne-km,CIMS service CAPEX times REGEN relative multiplier; Mid; CER Current Measures,T15,5,5,5,5,5,transport-cost-invest-freight-marine-2b87d19f:composite:1:ad7b13db5806a90b
ON,T_HDV_WTF_LNG_N,2030,167.70072819785508,$M 2020CAD / bn tonne-km,CIMS service CAPEX times REGEN relative multiplier; Mid; CER Current Measures,T15,5,5,5,5,5,transport-cost-invest-freight-marine-2b87d19f:composite:1:ad7b13db5806a90b
ON,T_HDV_WTF_LNG_N,2035,167.70072819785508,$M 2020CAD / bn tonne-km,CIMS service CAPEX times REGEN relative multiplier; Mid; CER Current Measures,T15,5,5,5,5,5,transport-cost-invest-freight-marine-2b87d19f:composite:1:ad7b13db5806a90b
ON,T_HDV_WTF_LNG_N,2040,167.70072819785508,$M 2020CAD / bn tonne-km,CIMS service CAPEX times REGEN relative multiplier; Mid; CER Current Measures,T15,5,5,5,5,5,transport-cost-invest-freight-marine-2b87d19f:composite:1:ad7b13db5806a90b
ON,T_HDV_WTF_LNG_N,2045,167.70072819785508,$M 2020CAD / bn tonne-km,CIMS service CAPEX times REGEN relative multiplier; Mid; CER Current Measures,T15,5,5,5,5,5,transport-cost-invest-freight-marine-2b87d19f:composite:1:ad7b13db5806a90b
ON,T_HDV_WTF_MDO_N,2025,159.71497923605244,$M 2020CAD / bn tonne-km,CIMS service CAPEX times REGEN relative multiplier; Mid; CER Current Measures,T15,5,5,5,5,5,transport-cost-invest-freight-marine-7153c4b0:composite:1:6ed78a0e5715890a
ON,T_HDV_WTF_MDO_N,2030,159.71497923605244,$M 2020CAD / bn tonne-km,CIMS service CAPEX times REGEN relative multiplier; Mid; CER Current Measures,T15,5,5,5,5,5,transport-cost-invest-freight-marine-7153c4b0:composite:1:6ed78a0e5715890a
ON,T_HDV_WTF_MDO_N,2035,159.71497923605244,$M 2020CAD / bn tonne-km,CIMS service CAPEX times REGEN relative multiplier; Mid; CER Current Measures,T15,5,5,5,5,5,transport-cost-invest-freight-marine-7153c4b0:composite:1:6ed78a0e5715890a
ON,T_HDV_WTF_MDO_N,2040,159.71497923605244,$M 2020CAD / bn tonne-km,CIMS service CAPEX times REGEN relative multiplier; Mid; CER Current Measures,T15,5,5,5,5,5,transport-cost-invest-freight-marine-7153c4b0:composite:1:6ed78a0e5715890a
ON,T_HDV_WTF_MDO_N,2045,159.71497923605244,$M 2020CAD / bn tonne-km,CIMS service CAPEX times REGEN relative multiplier; Mid; CER Current Measures,T15,5,5,5,5,5,transport-cost-invest-freight-marine-7153c4b0:composite:1:6ed78a0e5715890a
ON,T_LDV_C_BEV150_N,2025,16.801003190903973,$M 2020CAD / k vehicles,NLR manufacturing price (RPE / 1.5); Mid; CER Current Measures,T06,5,5,5,5,5,transport-cost-invest-cars-17ac5a44:composite:1:6c9511ec7d0fa9a6
ON,T_LDV_C_BEV150_N,2030,15.869353538567474,$M 2020CAD / k vehicles,NLR manufacturing price (RPE / 1.5); Mid; CER Current Measures,T06,5,5,5,5,5,transport-cost-invest-cars-17ac5a44:composite:1:6c9511ec7d0fa9a6
ON,T_LDV_C_BEV150_N,2035,14.83975417546046,$M 2020CAD / k vehicles,NLR manufacturing price (RPE / 1.5); Mid; CER Current Measures,T06,5,5,5,5,5,transport-cost-invest-cars-17ac5a44:composite:1:6c9511ec7d0fa9a6
ON,T_LDV_C_BEV150_N,2040,14.463386506311748,$M 2020CAD / k vehicles,NLR manufacturing price (RPE / 1.5); Mid; CER Current Measures,T06,5,5,5,5,5,transport-cost-invest-cars-17ac5a44:composite:1:6c9511ec7d0fa9a6
ON,T_LDV_C_BEV150_N,2045,14.087018837163033,$M 2020CAD / k vehicles,NLR manufacturing price (RPE / 1.5); Mid; CER Current Measures,T06,5,5,5,5,5,transport-cost-invest-cars-17ac5a44:composite:1:6c9511ec7d0fa9a6
ON,T_LDV_C_BEV200_N,2025,18.450588718181724,$M 2020CAD / k vehicles,NLR manufacturing price (RPE / 1.5); Mid; CER Current Measures,T06,5,5,5,5,5,transport-cost-invest-cars-17ac5a44:composite:1:6c9511ec7d0fa9a6
ON,T_LDV_C_BEV200_N,2030,17.075432556783035,$M 2020CAD / k vehicles,NLR manufacturing price (RPE / 1.5); Mid; CER Current Measures,T06,5,5,5,5,5,transport-cost-invest-cars-17ac5a44:composite:1:6c9511ec7d0fa9a6
ON,T_LDV_C_BEV200_N,2035,16.064052800119892,$M 2020CAD / k vehicles,NLR manufacturing price (RPE / 1.5); Mid; CER Current Measures,T06,5,5,5,5,5,transport-cost-invest-cars-17ac5a44:composite:1:6c9511ec7d0fa9a6
ON,T_LDV_C_BEV200_N,2040,15.570840343740123,$M 2020CAD / k vehicles,NLR manufacturing price (RPE / 1.5); Mid; CER Current Measures,T06,5,5,5,5,5,transport-cost-invest-cars-17ac5a44:composite:1:6c9511ec7d0fa9a6
ON,T_LDV_C_BEV200_N,2045,15.077627887360357,$M 2020CAD / k vehicles,NLR manufacturing price (RPE / 1.5); Mid; CER Current Measures,T06,5,5,5,5,5,transport-cost-invest-cars-17ac5a44:composite:1:6c9511ec7d0fa9a6
ON,T_LDV_C_BEV300_N,2025,21.64471662156811,$M 2020CAD / k vehicles,NLR manufacturing price (RPE / 1.5); Mid; CER Current Measures,T06,5,5,5,5,5,transport-cost-invest-cars-17ac5a44:composite:1:6c9511ec7d0fa9a6
ON,T_LDV_C_BEV300_N,2030,20.127401795353926,$M 2020CAD / k vehicles,NLR manufacturing price (RPE / 1.5); Mid; CER Current Measures,T06,5,5,5,5,5,transport-cost-invest-cars-17ac5a44:composite:1:6c9511ec7d0fa9a6
ON,T_LDV_C_BEV300_N,2035,18.51224924915488,$M 2020CAD / k vehicles,NLR manufacturing price (RPE / 1.5); Mid; CER Current Measures,T06,5,5,5,5,5,transport-cost-invest-cars-17ac5a44:composite:1:6c9511ec7d0fa9a6
ON,T_LDV_C_BEV300_N,2040,17.8051222661988,$M 2020CAD / k vehicles,NLR manufacturing price (RPE / 1.5); Mid; CER Current Measures,T06,5,5,5,5,5,transport-cost-invest-cars-17ac5a44:composite:1:6c9511ec7d0fa9a6
ON,T_LDV_C_BEV300_N,2045,17.097995283242717,$M 2020CAD / k vehicles,NLR manufacturing price (RPE / 1.5); Mid; CER Current Measures,T06,5,5,5,5,5,transport-cost-invest-cars-17ac5a44:composite:1:6c9511ec7d0fa9a6
ON,T_LDV_C_BEV400_N,2025,26.871404576953083,$M 2020CAD / k vehicles,NLR manufacturing price (RPE / 1.5); Mid; CER Current Measures,T06,5,5,5,5,5,transport-cost-invest-cars-17ac5a44:composite:1:6c9511ec7d0fa9a6
ON,T_LDV_C_BEV400_N,2030,23.992811545238926,$M 2020CAD / k vehicles,NLR manufacturing price (RPE / 1.5); Mid; CER Current Measures,T06,5,5,5,5,5,transport-cost-invest-cars-17ac5a44:composite:1:6c9511ec7d0fa9a6
ON,T_LDV_C_BEV400_N,2035,21.55181606660899,$M 2020CAD / k vehicles,NLR manufacturing price (RPE / 1.5); Mid; CER Current Measures,T06,5,5,5,5,5,transport-cost-invest-cars-17ac5a44:composite:1:6c9511ec7d0fa9a6
ON,T_LDV_C_BEV400_N,2040,20.669024477781626,$M 2020CAD / k vehicles,NLR manufacturing price (RPE / 1.5); Mid; CER Current Measures,T06,5,5,5,5,5,transport-cost-invest-cars-17ac5a44:composite:1:6c9511ec7d0fa9a6
ON,T_LDV_C_BEV400_N,2045,19.786232888954267,$M 2020CAD / k vehicles,NLR manufacturing price (RPE / 1.5); Mid; CER Current Measures,T06,5,5,5,5,5,transport-cost-invest-cars-17ac5a44:composite:1:6c9511ec7d0fa9a6
ON,T_LDV_C_CNG_N,2025,23.453108528211796,$M 2020CAD / k vehicles,NLR manufacturing price (RPE / 1.5); Mid; CER Current Measures,T06,5,5,5,5,5,transport-cost-invest-cars-17ac5a44:composite:1:6c9511ec7d0fa9a6
ON,T_LDV_C_CNG_N,2030,23.465204181505534,$M 2020CAD / k vehicles,NLR manufacturing price (RPE / 1.5); Mid; CER Current Measures,T06,5,5,5,5,5,transport-cost-invest-cars-17ac5a44:composite:1:6c9511ec7d0fa9a6
ON,T_LDV_C_CNG_N,2035,23.51720295021423,$M 2020CAD / k vehicles,NLR manufacturing price (RPE / 1.5); Mid; CER Current Measures,T06,5,5,5,5,5,transport-cost-invest-cars-17ac5a44:composite:1:6c9511ec7d0fa9a6
ON,T_LDV_C_CNG_N,2040,23.486199536200548,$M 2020CAD / k vehicles,NLR manufacturing price (RPE / 1.5); Mid; CER Current Measures,T06,5,5,5,5,5,transport-cost-invest-cars-17ac5a44:composite:1:6c9511ec7d0fa9a6
ON,T_LDV_C_CNG_N,2045,23.455196122186884,$M 2020CAD / k vehicles,NLR manufacturing price (RPE / 1.5); Mid; CER Current Measures,T06,5,5,5,5,5,transport-cost-invest-cars-17ac5a44:composite:1:6c9511ec7d0fa9a6
ON,T_LDV_C_DSL_N,2025,21.616273204696757,$M 2020CAD / k vehicles,NLR manufacturing price (RPE / 1.5); Mid; CER Current Measures,T06,5,5,5,5,5,transport-cost-invest-cars-17ac5a44:composite:1:6c9511ec7d0fa9a6
ON,T_LDV_C_DSL_N,2030,21.664120670538832,$M 2020CAD / k vehicles,NLR manufacturing price (RPE / 1.5); Mid; CER Current Measures,T06,5,5,5,5,5,transport-cost-invest-cars-17ac5a44:composite:1:6c9511ec7d0fa9a6
ON,T_LDV_C_DSL_N,2035,21.697015383143423,$M 2020CAD / k vehicles,NLR manufacturing price (RPE / 1.5); Mid; CER Current Measures,T06,5,5,5,5,5,transport-cost-invest-cars-17ac5a44:composite:1:6c9511ec7d0fa9a6
ON,T_LDV_C_DSL_N,2040,21.66589628197499,$M 2020CAD / k vehicles,NLR manufacturing price (RPE / 1.5); Mid; CER Current Measures,T06,5,5,5,5,5,transport-cost-invest-cars-17ac5a44:composite:1:6c9511ec7d0fa9a6
ON,T_LDV_C_DSL_N,2045,21.634777180806548,$M 2020CAD / k vehicles,NLR manufacturing price (RPE / 1.5); Mid; CER Current Measures,T06,5,5,5,5,5,transport-cost-invest-cars-17ac5a44:composite:1:6c9511ec7d0fa9a6
ON,T_LDV_C_FCEV400_N,2025,24.286118891416027,$M 2020CAD / k vehicles,NLR manufacturing price (RPE / 1.5); Mid; CER Current Measures,T06,5,5,5,5,5,transport-cost-invest-cars-17ac5a44:composite:1:6c9511ec7d0fa9a6
ON,T_LDV_C_FCEV400_N,2030,22.43387181478082,$M 2020CAD / k vehicles,NLR manufacturing price (RPE / 1.5); Mid; CER Current Measures,T06,5,5,5,5,5,transport-cost-invest-cars-17ac5a44:composite:1:6c9511ec7d0fa9a6
ON,T_LDV_C_FCEV400_N,2035,20.99196339019948,$M 2020CAD / k vehicles,NLR manufacturing price (RPE / 1.5); Mid; CER Current Measures,T06,5,5,5,5,5,transport-cost-invest-cars-17ac5a44:composite:1:6c9511ec7d0fa9a6
ON,T_LDV_C_FCEV400_N,2040,20.525515721130493,$M 2020CAD / k vehicles,NLR manufacturing price (RPE / 1.5); Mid; CER Current Measures,T06,5,5,5,5,5,transport-cost-invest-cars-17ac5a44:composite:1:6c9511ec7d0fa9a6
ON,T_LDV_C_FCEV400_N,2045,20.059068052061516,$M 2020CAD / k vehicles,NLR manufacturing price (RPE / 1.5); Mid; CER Current Measures,T06,5,5,5,5,5,transport-cost-invest-cars-17ac5a44:composite:1:6c9511ec7d0fa9a6
ON,T_LDV_C_GSL_HEV_N,2025,20.068117018651932,$M 2020CAD / k vehicles,NLR manufacturing price (RPE / 1.5); Mid; CER Current Measures,T06,5,5,5,5,5,transport-cost-invest-cars-17ac5a44:composite:1:6c9511ec7d0fa9a6
ON,T_LDV_C_GSL_HEV_N,2030,19.480143337341726,$M 2020CAD / k vehicles,NLR manufacturing price (RPE / 1.5); Mid; CER Current Measures,T06,5,5,5,5,5,transport-cost-invest-cars-17ac5a44:composite:1:6c9511ec7d0fa9a6
ON,T_LDV_C_GSL_HEV_N,2035,19.11592132553458,$M 2020CAD / k vehicles,NLR manufacturing price (RPE / 1.5); Mid; CER Current Measures,T06,5,5,5,5,5,transport-cost-invest-cars-17ac5a44:composite:1:6c9511ec7d0fa9a6
ON,T_LDV_C_GSL_HEV_N,2040,18.86171930229058,$M 2020CAD / k vehicles,NLR manufacturing price (RPE / 1.5); Mid; CER Current Measures,T06,5,5,5,5,5,transport-cost-invest-cars-17ac5a44:composite:1:6c9511ec7d0fa9a6
ON,T_LDV_C_GSL_HEV_N,2045,18.607517279046583,$M 2020CAD / k vehicles,NLR manufacturing price (RPE / 1.5); Mid; CER Current Measures,T06,5,5,5,5,5,transport-cost-invest-cars-17ac5a44:composite:1:6c9511ec7d0fa9a6
ON,T_LDV_C_GSL_N,2025,18.099727473265236,$M 2020CAD / k vehicles,NLR manufacturing price (RPE / 1.5); Mid; CER Current Measures,T06,5,5,5,5,5,transport-cost-invest-cars-17ac5a44:composite:1:6c9511ec7d0fa9a6
ON,T_LDV_C_GSL_N,2030,18.568779974193454,$M 2020CAD / k vehicles,NLR manufacturing price (RPE / 1.5); Mid; CER Current Measures,T06,5,5,5,5,5,transport-cost-invest-cars-17ac5a44:composite:1:6c9511ec7d0fa9a6
ON,T_LDV_C_GSL_N,2035,19.547500130824435,$M 2020CAD / k vehicles,NLR manufacturing price (RPE / 1.5); Mid; CER Current Measures,T06,5,5,5,5,5,transport-cost-invest-cars-17ac5a44:composite:1:6c9511ec7d0fa9a6
ON,T_LDV_C_GSL_N,2040,19.51661240396554,$M 2020CAD / k vehicles,NLR manufacturing price (RPE / 1.5); Mid; CER Current Measures,T06,5,5,5,5,5,transport-cost-invest-cars-17ac5a44:composite:1:6c9511ec7d0fa9a6
ON,T_LDV_C_GSL_N,2045,19.485724677106628,$M 2020CAD / k vehicles,NLR manufacturing price (RPE / 1.5); Mid; CER Current Measures,T06,5,5,5,5,5,transport-cost-invest-cars-17ac5a44:composite:1:6c9511ec7d0fa9a6
ON,T_LDV_C_GSL_PHEV35_N,2025,21.329665367851863,$M 2020CAD / k vehicles,NLR manufacturing price (RPE / 1.5); Mid; CER Current Measures,T06,5,5,5,5,5,transport-cost-invest-cars-17ac5a44:composite:1:6c9511ec7d0fa9a6
ON,T_LDV_C_GSL_PHEV35_N,2030,20.243582306410154,$M 2020CAD / k vehicles,NLR manufacturing price (RPE / 1.5); Mid; CER Current Measures,T06,5,5,5,5,5,transport-cost-invest-cars-17ac5a44:composite:1:6c9511ec7d0fa9a6
ON,T_LDV_C_GSL_PHEV35_N,2035,19.51060185521329,$M 2020CAD / k vehicles,NLR manufacturing price (RPE / 1.5); Mid; CER Current Measures,T06,5,5,5,5,5,transport-cost-invest-cars-17ac5a44:composite:1:6c9511ec7d0fa9a6
ON,T_LDV_C_GSL_PHEV35_N,2040,19.119066477548746,$M 2020CAD / k vehicles,NLR manufacturing price (RPE / 1.5); Mid; CER Current Measures,T06,5,5,5,5,5,transport-cost-invest-cars-17ac5a44:composite:1:6c9511ec7d0fa9a6
ON,T_LDV_C_GSL_PHEV35_N,2045,18.727531099884192,$M 2020CAD / k vehicles,NLR manufacturing price (RPE / 1.5); Mid; CER Current Measures,T06,5,5,5,5,5,transport-cost-invest-cars-17ac5a44:composite:1:6c9511ec7d0fa9a6
ON,T_LDV_C_GSL_PHEV50_N,2025,22.408614632413034,$M 2020CAD / k vehicles,NLR manufacturing price (RPE / 1.5); Mid; CER Current Measures,T06,5,5,5,5,5,transport-cost-invest-cars-17ac5a44:composite:1:6c9511ec7d0fa9a6
ON,T_LDV_C_GSL_PHEV50_N,2030,21.11719207550682,$M 2020CAD / k vehicles,NLR manufacturing price (RPE / 1.5); Mid; CER Current Measures,T06,5,5,5,5,5,transport-cost-invest-cars-17ac5a44:composite:1:6c9511ec7d0fa9a6
ON,T_LDV_C_GSL_PHEV50_N,2035,20.22391623356339,$M 2020CAD / k vehicles,NLR manufacturing price (RPE / 1.5); Mid; CER Current Measures,T06,5,5,5,5,5,transport-cost-invest-cars-17ac5a44:composite:1:6c9511ec7d0fa9a6
ON,T_LDV_C_GSL_PHEV50_N,2040,19.775126157686778,$M 2020CAD / k vehicles,NLR manufacturing price (RPE / 1.5); Mid; CER Current Measures,T06,5,5,5,5,5,transport-cost-invest-cars-17ac5a44:composite:1:6c9511ec7d0fa9a6
ON,T_LDV_C_GSL_PHEV50_N,2045,19.326336081810155,$M 2020CAD / k vehicles,NLR manufacturing price (RPE / 1.5); Mid; CER Current Measures,T06,5,5,5,5,5,transport-cost-invest-cars-17ac5a44:composite:1:6c9511ec7d0fa9a6
ON,T_LDV_LTF_BEV150_N,2025,23.198054549055403,$M 2020CAD / k vehicles,NLR manufacturing price (RPE / 1.5); Mid; CER Current Measures,T06,5,5,5,5,5,transport-cost-invest-freight-light-trucks-17ac5a44:composite:1:f148ff7e78890547
ON,T_LDV_LTF_BEV150_N,2030,21.74990711330167,$M 2020CAD / k vehicles,NLR manufacturing price (RPE / 1.5); Mid; CER Current Measures,T06,5,5,5,5,5,transport-cost-invest-freight-light-trucks-17ac5a44:composite:1:f148ff7e78890547
ON,T_LDV_LTF_BEV150_N,2035,20.655907447622376,$M 2020CAD / k vehicles,NLR manufacturing price (RPE / 1.5); Mid; CER Current Measures,T06,5,5,5,5,5,transport-cost-invest-freight-light-trucks-17ac5a44:composite:1:f148ff7e78890547
ON,T_LDV_LTF_BEV150_N,2040,20.10871521160944,$M 2020CAD / k vehicles,NLR manufacturing price (RPE / 1.5); Mid; CER Current Measures,T06,5,5,5,5,5,transport-cost-invest-freight-light-trucks-17ac5a44:composite:1:f148ff7e78890547
ON,T_LDV_LTF_BEV150_N,2045,19.56152297559651,$M 2020CAD / k vehicles,NLR manufacturing price (RPE / 1.5); Mid; CER Current Measures,T06,5,5,5,5,5,transport-cost-invest-freight-light-trucks-17ac5a44:composite:1:f148ff7e78890547
ON,T_LDV_LTF_BEV200_N,2025,25.329852285373793,$M 2020CAD / k vehicles,NLR manufacturing price (RPE / 1.5); Mid; CER Current Measures,T06,5,5,5,5,5,transport-cost-invest-freight-light-trucks-17ac5a44:composite:1:f148ff7e78890547
ON,T_LDV_LTF_BEV200_N,2030,23.716184211003593,$M 2020CAD / k vehicles,NLR manufacturing price (RPE / 1.5); Mid; CER Current Measures,T06,5,5,5,5,5,transport-cost-invest-freight-light-trucks-17ac5a44:composite:1:f148ff7e78890547
ON,T_LDV_LTF_BEV200_N,2035,22.236253814604407,$M 2020CAD / k vehicles,NLR manufacturing price (RPE / 1.5); Mid; CER Current Measures,T06,5,5,5,5,5,transport-cost-invest-freight-light-trucks-17ac5a44:composite:1:f148ff7e78890547
ON,T_LDV_LTF_BEV200_N,2040,21.5507721961262,$M 2020CAD / k vehicles,NLR manufacturing price (RPE / 1.5); Mid; CER Current Measures,T06,5,5,5,5,5,transport-cost-invest-freight-light-trucks-17ac5a44:composite:1:f148ff7e78890547
ON,T_LDV_LTF_BEV200_N,2045,20.86529057764799,$M 2020CAD / k vehicles,NLR manufacturing price (RPE / 1.5); Mid; CER Current Measures,T06,5,5,5,5,5,transport-cost-invest-freight-light-trucks-17ac5a44:composite:1:f148ff7e78890547
ON,T_LDV_LTF_BEV300_N,2025,29.844256602098493,$M 2020CAD / k vehicles,NLR manufacturing price (RPE / 1.5); Mid; CER Current Measures,T06,5,5,5,5,5,transport-cost-invest-freight-light-trucks-17ac5a44:composite:1:f148ff7e78890547
ON,T_LDV_LTF_BEV300_N,2030,27.510148965283708,$M 2020CAD / k vehicles,NLR manufacturing price (RPE / 1.5); Mid; CER Current Measures,T06,5,5,5,5,5,transport-cost-invest-freight-light-trucks-17ac5a44:composite:1:f148ff7e78890547
ON,T_LDV_LTF_BEV300_N,2035,25.31530268754287,$M 2020CAD / k vehicles,NLR manufacturing price (RPE / 1.5); Mid; CER Current Measures,T06,5,5,5,5,5,transport-cost-invest-freight-light-trucks-17ac5a44:composite:1:f148ff7e78890547
ON,T_LDV_LTF_BEV300_N,2040,24.427240043847814,$M 2020CAD / k vehicles,NLR manufacturing price (RPE / 1.5); Mid; CER Current Measures,T06,5,5,5,5,5,transport-cost-invest-freight-light-trucks-17ac5a44:composite:1:f148ff7e78890547
ON,T_LDV_LTF_BEV300_N,2045,23.539177400152745,$M 2020CAD / k vehicles,NLR manufacturing price (RPE / 1.5); Mid; CER Current Measures,T06,5,5,5,5,5,transport-cost-invest-freight-light-trucks-17ac5a44:composite:1:f148ff7e78890547
ON,T_LDV_LTF_BEV400_N,2025,36.584254888203446,$M 2020CAD / k vehicles,NLR manufacturing price (RPE / 1.5); Mid; CER Current Measures,T06,5,5,5,5,5,transport-cost-invest-freight-light-trucks-17ac5a44:composite:1:f148ff7e78890547
ON,T_LDV_LTF_BEV400_N,2030,33.037308850618835,$M 2020CAD / k vehicles,NLR manufacturing price (RPE / 1.5); Mid; CER Current Measures,T06,5,5,5,5,5,transport-cost-invest-freight-light-trucks-17ac5a44:composite:1:f148ff7e78890547
ON,T_LDV_LTF_BEV400_N,2035,30.02648837692175,$M 2020CAD / k vehicles,NLR manufacturing price (RPE / 1.5); Mid; CER Current Measures,T06,5,5,5,5,5,transport-cost-invest-freight-light-trucks-17ac5a44:composite:1:f148ff7e78890547
ON,T_LDV_LTF_BEV400_N,2040,28.662275803539924,$M 2020CAD / k vehicles,NLR manufacturing price (RPE / 1.5); Mid; CER Current Measures,T06,5,5,5,5,5,transport-cost-invest-freight-light-trucks-17ac5a44:composite:1:f148ff7e78890547
ON,T_LDV_LTF_BEV400_N,2045,27.298063230158085,$M 2020CAD / k vehicles,NLR manufacturing price (RPE / 1.5); Mid; CER Current Measures,T06,5,5,5,5,5,transport-cost-invest-freight-light-trucks-17ac5a44:composite:1:f148ff7e78890547
ON,T_LDV_LTF_CNG_N,2025,28.202584348161018,$M 2020CAD / k vehicles,NLR manufacturing price (RPE / 1.5); Mid; CER Current Measures,T06,5,5,5,5,5,transport-cost-invest-freight-light-trucks-17ac5a44:composite:1:f148ff7e78890547
ON,T_LDV_LTF_CNG_N,2030,28.221438791034974,$M 2020CAD / k vehicles,NLR manufacturing price (RPE / 1.5); Mid; CER Current Measures,T06,5,5,5,5,5,transport-cost-invest-freight-light-trucks-17ac5a44:composite:1:f148ff7e78890547
ON,T_LDV_LTF_CNG_N,2035,28.26637565972034,$M 2020CAD / k vehicles,NLR manufacturing price (RPE / 1.5); Mid; CER Current Measures,T06,5,5,5,5,5,transport-cost-invest-freight-light-trucks-17ac5a44:composite:1:f148ff7e78890547
ON,T_LDV_LTF_CNG_N,2040,28.23312614804637,$M 2020CAD / k vehicles,NLR manufacturing price (RPE / 1.5); Mid; CER Current Measures,T06,5,5,5,5,5,transport-cost-invest-freight-light-trucks-17ac5a44:composite:1:f148ff7e78890547
ON,T_LDV_LTF_CNG_N,2045,28.199876636372398,$M 2020CAD / k vehicles,NLR manufacturing price (RPE / 1.5); Mid; CER Current Measures,T06,5,5,5,5,5,transport-cost-invest-freight-light-trucks-17ac5a44:composite:1:f148ff7e78890547
ON,T_LDV_LTF_DSL_N,2025,26.260701373316834,$M 2020CAD / k vehicles,NLR manufacturing price (RPE / 1.5); Mid; CER Current Measures,T06,5,5,5,5,5,transport-cost-invest-freight-light-trucks-17ac5a44:composite:1:f148ff7e78890547
ON,T_LDV_LTF_DSL_N,2030,26.31379742465607,$M 2020CAD / k vehicles,NLR manufacturing price (RPE / 1.5); Mid; CER Current Measures,T06,5,5,5,5,5,transport-cost-invest-freight-light-trucks-17ac5a44:composite:1:f148ff7e78890547
ON,T_LDV_LTF_DSL_N,2035,26.340561352654408,$M 2020CAD / k vehicles,NLR manufacturing price (RPE / 1.5); Mid; CER Current Measures,T06,5,5,5,5,5,transport-cost-invest-freight-light-trucks-17ac5a44:composite:1:f148ff7e78890547
ON,T_LDV_LTF_DSL_N,2040,26.306878671431193,$M 2020CAD / k vehicles,NLR manufacturing price (RPE / 1.5); Mid; CER Current Measures,T06,5,5,5,5,5,transport-cost-invest-freight-light-trucks-17ac5a44:composite:1:f148ff7e78890547
ON,T_LDV_LTF_DSL_N,2045,26.27319599020797,$M 2020CAD / k vehicles,NLR manufacturing price (RPE / 1.5); Mid; CER Current Measures,T06,5,5,5,5,5,transport-cost-invest-freight-light-trucks-17ac5a44:composite:1:f148ff7e78890547
ON,T_LDV_LTF_FCEV400_N,2025,32.37677135524399,$M 2020CAD / k vehicles,NLR manufacturing price (RPE / 1.5); Mid; CER Current Measures,T06,5,5,5,5,5,transport-cost-invest-freight-light-trucks-17ac5a44:composite:1:f148ff7e78890547
ON,T_LDV_LTF_FCEV400_N,2030,29.86525331984078,$M 2020CAD / k vehicles,NLR manufacturing price (RPE / 1.5); Mid; CER Current Measures,T06,5,5,5,5,5,transport-cost-invest-freight-light-trucks-17ac5a44:composite:1:f148ff7e78890547
ON,T_LDV_LTF_FCEV400_N,2035,28.008052077232414,$M 2020CAD / k vehicles,NLR manufacturing price (RPE / 1.5); Mid; CER Current Measures,T06,5,5,5,5,5,transport-cost-invest-freight-light-trucks-17ac5a44:composite:1:f148ff7e78890547
ON,T_LDV_LTF_FCEV400_N,2040,27.372639260917623,$M 2020CAD / k vehicles,NLR manufacturing price (RPE / 1.5); Mid; CER Current Measures,T06,5,5,5,5,5,transport-cost-invest-freight-light-trucks-17ac5a44:composite:1:f148ff7e78890547
ON,T_LDV_LTF_FCEV400_N,2045,26.737226444602825,$M 2020CAD / k vehicles,NLR manufacturing price (RPE / 1.5); Mid; CER Current Measures,T06,5,5,5,5,5,transport-cost-invest-freight-light-trucks-17ac5a44:composite:1:f148ff7e78890547
ON,T_LDV_LTF_GSL_HEV_N,2025,25.805974041711135,$M 2020CAD / k vehicles,NLR manufacturing price (RPE / 1.5); Mid; CER Current Measures,T06,5,5,5,5,5,transport-cost-invest-freight-light-trucks-17ac5a44:composite:1:f148ff7e78890547
ON,T_LDV_LTF_GSL_HEV_N,2030,25.013546241990706,$M 2020CAD / k vehicles,NLR manufacturing price (RPE / 1.5); Mid; CER Current Measures,T06,5,5,5,5,5,transport-cost-invest-freight-light-trucks-17ac5a44:composite:1:f148ff7e78890547
ON,T_LDV_LTF_GSL_HEV_N,2035,24.59411463965462,$M 2020CAD / k vehicles,NLR manufacturing price (RPE / 1.5); Mid; CER Current Measures,T06,5,5,5,5,5,transport-cost-invest-freight-light-trucks-17ac5a44:composite:1:f148ff7e78890547
ON,T_LDV_LTF_GSL_HEV_N,2040,24.273660430577024,$M 2020CAD / k vehicles,NLR manufacturing price (RPE / 1.5); Mid; CER Current Measures,T06,5,5,5,5,5,transport-cost-invest-freight-light-trucks-17ac5a44:composite:1:f148ff7e78890547
ON,T_LDV_LTF_GSL_HEV_N,2045,23.953206221499414,$M 2020CAD / k vehicles,NLR manufacturing price (RPE / 1.5); Mid; CER Current Measures,T06,5,5,5,5,5,transport-cost-invest-freight-light-trucks-17ac5a44:composite:1:f148ff7e78890547
ON,T_LDV_LTF_GSL_N,2025,22.976303566477313,$M 2020CAD / k vehicles,NLR manufacturing price (RPE / 1.5); Mid; CER Current Measures,T06,5,5,5,5,5,transport-cost-invest-freight-light-trucks-17ac5a44:composite:1:f148ff7e78890547
ON,T_LDV_LTF_GSL_N,2030,23.391220360599508,$M 2020CAD / k vehicles,NLR manufacturing price (RPE / 1.5); Mid; CER Current Measures,T06,5,5,5,5,5,transport-cost-invest-freight-light-trucks-17ac5a44:composite:1:f148ff7e78890547
ON,T_LDV_LTF_GSL_N,2035,24.53689334920375,$M 2020CAD / k vehicles,NLR manufacturing price (RPE / 1.5); Mid; CER Current Measures,T06,5,5,5,5,5,transport-cost-invest-freight-light-trucks-17ac5a44:composite:1:f148ff7e78890547
ON,T_LDV_LTF_GSL_N,2040,24.50360380796553,$M 2020CAD / k vehicles,NLR manufacturing price (RPE / 1.5); Mid; CER Current Measures,T06,5,5,5,5,5,transport-cost-invest-freight-light-trucks-17ac5a44:composite:1:f148ff7e78890547
ON,T_LDV_LTF_GSL_N,2045,24.470314266727303,$M 2020CAD / k vehicles,NLR manufacturing price (RPE / 1.5); Mid; CER Current Measures,T06,5,5,5,5,5,transport-cost-invest-freight-light-trucks-17ac5a44:composite:1:f148ff7e78890547
ON,T_LDV_LTF_GSL_PHEV35_N,2025,27.446247654117283,$M 2020CAD / k vehicles,NLR manufacturing price (RPE / 1.5); Mid; CER Current Measures,T06,5,5,5,5,5,transport-cost-invest-freight-light-trucks-17ac5a44:composite:1:f148ff7e78890547
ON,T_LDV_LTF_GSL_PHEV35_N,2030,26.021182399839542,$M 2020CAD / k vehicles,NLR manufacturing price (RPE / 1.5); Mid; CER Current Measures,T06,5,5,5,5,5,transport-cost-invest-freight-light-trucks-17ac5a44:composite:1:f148ff7e78890547
ON,T_LDV_LTF_GSL_PHEV35_N,2035,25.060453577776883,$M 2020CAD / k vehicles,NLR manufacturing price (RPE / 1.5); Mid; CER Current Measures,T06,5,5,5,5,5,transport-cost-invest-freight-light-trucks-17ac5a44:composite:1:f148ff7e78890547
ON,T_LDV_LTF_GSL_PHEV35_N,2040,24.565972014341902,$M 2020CAD / k vehicles,NLR manufacturing price (RPE / 1.5); Mid; CER Current Measures,T06,5,5,5,5,5,transport-cost-invest-freight-light-trucks-17ac5a44:composite:1:f148ff7e78890547
ON,T_LDV_LTF_GSL_PHEV35_N,2045,24.071490450906925,$M 2020CAD / k vehicles,NLR manufacturing price (RPE / 1.5); Mid; CER Current Measures,T06,5,5,5,5,5,transport-cost-invest-freight-light-trucks-17ac5a44:composite:1:f148ff7e78890547
ON,T_LDV_LTF_GSL_PHEV50_N,2025,28.913277009282893,$M 2020CAD / k vehicles,NLR manufacturing price (RPE / 1.5); Mid; CER Current Measures,T06,5,5,5,5,5,transport-cost-invest-freight-light-trucks-17ac5a44:composite:1:f148ff7e78890547
ON,T_LDV_LTF_GSL_PHEV50_N,2030,27.21484800643277,$M 2020CAD / k vehicles,NLR manufacturing price (RPE / 1.5); Mid; CER Current Measures,T06,5,5,5,5,5,transport-cost-invest-freight-light-trucks-17ac5a44:composite:1:f148ff7e78890547
ON,T_LDV_LTF_GSL_PHEV50_N,2035,26.025159541718963,$M 2020CAD / k vehicles,NLR manufacturing price (RPE / 1.5); Mid; CER Current Measures,T06,5,5,5,5,5,transport-cost-invest-freight-light-trucks-17ac5a44:composite:1:f148ff7e78890547
ON,T_LDV_LTF_GSL_PHEV50_N,2040,25.451859718379076,$M 2020CAD / k vehicles,NLR manufacturing price (RPE / 1.5); Mid; CER Current Measures,T06,5,5,5,5,5,transport-cost-invest-freight-light-trucks-17ac5a44:composite:1:f148ff7e78890547
ON,T_LDV_LTF_GSL_PHEV50_N,2045,24.878559895039174,$M 2020CAD / k vehicles,NLR manufacturing price (RPE / 1.5); Mid; CER Current Measures,T06,5,5,5,5,5,transport-cost-invest-freight-light-trucks-17ac5a44:composite:1:f148ff7e78890547
ON,T_LDV_LTP_BEV150_N,2025,23.198054549055403,$M 2020CAD / k vehicles,NLR manufacturing price (RPE / 1.5); Mid; CER Current Measures,T06,5,5,5,5,5,transport-cost-invest-passenger-light-trucks-17ac5a44:composite:1:095462aa45c4e45f
ON,T_LDV_LTP_BEV150_N,2030,21.74990711330167,$M 2020CAD / k vehicles,NLR manufacturing price (RPE / 1.5); Mid; CER Current Measures,T06,5,5,5,5,5,transport-cost-invest-passenger-light-trucks-17ac5a44:composite:1:095462aa45c4e45f
ON,T_LDV_LTP_BEV150_N,2035,20.655907447622376,$M 2020CAD / k vehicles,NLR manufacturing price (RPE / 1.5); Mid; CER Current Measures,T06,5,5,5,5,5,transport-cost-invest-passenger-light-trucks-17ac5a44:composite:1:095462aa45c4e45f
ON,T_LDV_LTP_BEV150_N,2040,20.10871521160944,$M 2020CAD / k vehicles,NLR manufacturing price (RPE / 1.5); Mid; CER Current Measures,T06,5,5,5,5,5,transport-cost-invest-passenger-light-trucks-17ac5a44:composite:1:095462aa45c4e45f
ON,T_LDV_LTP_BEV150_N,2045,19.56152297559651,$M 2020CAD / k vehicles,NLR manufacturing price (RPE / 1.5); Mid; CER Current Measures,T06,5,5,5,5,5,transport-cost-invest-passenger-light-trucks-17ac5a44:composite:1:095462aa45c4e45f
ON,T_LDV_LTP_BEV200_N,2025,25.329852285373793,$M 2020CAD / k vehicles,NLR manufacturing price (RPE / 1.5); Mid; CER Current Measures,T06,5,5,5,5,5,transport-cost-invest-passenger-light-trucks-17ac5a44:composite:1:095462aa45c4e45f
ON,T_LDV_LTP_BEV200_N,2030,23.716184211003593,$M 2020CAD / k vehicles,NLR manufacturing price (RPE / 1.5); Mid; CER Current Measures,T06,5,5,5,5,5,transport-cost-invest-passenger-light-trucks-17ac5a44:composite:1:095462aa45c4e45f
ON,T_LDV_LTP_BEV200_N,2035,22.236253814604407,$M 2020CAD / k vehicles,NLR manufacturing price (RPE / 1.5); Mid; CER Current Measures,T06,5,5,5,5,5,transport-cost-invest-passenger-light-trucks-17ac5a44:composite:1:095462aa45c4e45f
ON,T_LDV_LTP_BEV200_N,2040,21.5507721961262,$M 2020CAD / k vehicles,NLR manufacturing price (RPE / 1.5); Mid; CER Current Measures,T06,5,5,5,5,5,transport-cost-invest-passenger-light-trucks-17ac5a44:composite:1:095462aa45c4e45f
ON,T_LDV_LTP_BEV200_N,2045,20.86529057764799,$M 2020CAD / k vehicles,NLR manufacturing price (RPE / 1.5); Mid; CER Current Measures,T06,5,5,5,5,5,transport-cost-invest-passenger-light-trucks-17ac5a44:composite:1:095462aa45c4e45f
ON,T_LDV_LTP_BEV300_N,2025,29.844256602098493,$M 2020CAD / k vehicles,NLR manufacturing price (RPE / 1.5); Mid; CER Current Measures,T06,5,5,5,5,5,transport-cost-invest-passenger-light-trucks-17ac5a44:composite:1:095462aa45c4e45f
ON,T_LDV_LTP_BEV300_N,2030,27.510148965283708,$M 2020CAD / k vehicles,NLR manufacturing price (RPE / 1.5); Mid; CER Current Measures,T06,5,5,5,5,5,transport-cost-invest-passenger-light-trucks-17ac5a44:composite:1:095462aa45c4e45f
ON,T_LDV_LTP_BEV300_N,2035,25.31530268754287,$M 2020CAD / k vehicles,NLR manufacturing price (RPE / 1.5); Mid; CER Current Measures,T06,5,5,5,5,5,transport-cost-invest-passenger-light-trucks-17ac5a44:composite:1:095462aa45c4e45f
ON,T_LDV_LTP_BEV300_N,2040,24.427240043847814,$M 2020CAD / k vehicles,NLR manufacturing price (RPE / 1.5); Mid; CER Current Measures,T06,5,5,5,5,5,transport-cost-invest-passenger-light-trucks-17ac5a44:composite:1:095462aa45c4e45f
ON,T_LDV_LTP_BEV300_N,2045,23.539177400152745,$M 2020CAD / k vehicles,NLR manufacturing price (RPE / 1.5); Mid; CER Current Measures,T06,5,5,5,5,5,transport-cost-invest-passenger-light-trucks-17ac5a44:composite:1:095462aa45c4e45f
ON,T_LDV_LTP_BEV400_N,2025,36.584254888203446,$M 2020CAD / k vehicles,NLR manufacturing price (RPE / 1.5); Mid; CER Current Measures,T06,5,5,5,5,5,transport-cost-invest-passenger-light-trucks-17ac5a44:composite:1:095462aa45c4e45f
ON,T_LDV_LTP_BEV400_N,2030,33.037308850618835,$M 2020CAD / k vehicles,NLR manufacturing price (RPE / 1.5); Mid; CER Current Measures,T06,5,5,5,5,5,transport-cost-invest-passenger-light-trucks-17ac5a44:composite:1:095462aa45c4e45f
ON,T_LDV_LTP_BEV400_N,2035,30.02648837692175,$M 2020CAD / k vehicles,NLR manufacturing price (RPE / 1.5); Mid; CER Current Measures,T06,5,5,5,5,5,transport-cost-invest-passenger-light-trucks-17ac5a44:composite:1:095462aa45c4e45f
ON,T_LDV_LTP_BEV400_N,2040,28.662275803539924,$M 2020CAD / k vehicles,NLR manufacturing price (RPE / 1.5); Mid; CER Current Measures,T06,5,5,5,5,5,transport-cost-invest-passenger-light-trucks-17ac5a44:composite:1:095462aa45c4e45f
ON,T_LDV_LTP_BEV400_N,2045,27.298063230158085,$M 2020CAD / k vehicles,NLR manufacturing price (RPE / 1.5); Mid; CER Current Measures,T06,5,5,5,5,5,transport-cost-invest-passenger-light-trucks-17ac5a44:composite:1:095462aa45c4e45f
ON,T_LDV_LTP_CNG_N,2025,28.202584348161018,$M 2020CAD / k vehicles,NLR manufacturing price (RPE / 1.5); Mid; CER Current Measures,T06,5,5,5,5,5,transport-cost-invest-passenger-light-trucks-17ac5a44:composite:1:095462aa45c4e45f
ON,T_LDV_LTP_CNG_N,2030,28.221438791034974,$M 2020CAD / k vehicles,NLR manufacturing price (RPE / 1.5); Mid; CER Current Measures,T06,5,5,5,5,5,transport-cost-invest-passenger-light-trucks-17ac5a44:composite:1:095462aa45c4e45f
ON,T_LDV_LTP_CNG_N,2035,28.26637565972034,$M 2020CAD / k vehicles,NLR manufacturing price (RPE / 1.5); Mid; CER Current Measures,T06,5,5,5,5,5,transport-cost-invest-passenger-light-trucks-17ac5a44:composite:1:095462aa45c4e45f
ON,T_LDV_LTP_CNG_N,2040,28.23312614804637,$M 2020CAD / k vehicles,NLR manufacturing price (RPE / 1.5); Mid; CER Current Measures,T06,5,5,5,5,5,transport-cost-invest-passenger-light-trucks-17ac5a44:composite:1:095462aa45c4e45f
ON,T_LDV_LTP_CNG_N,2045,28.199876636372398,$M 2020CAD / k vehicles,NLR manufacturing price (RPE / 1.5); Mid; CER Current Measures,T06,5,5,5,5,5,transport-cost-invest-passenger-light-trucks-17ac5a44:composite:1:095462aa45c4e45f
ON,T_LDV_LTP_DSL_N,2025,26.260701373316834,$M 2020CAD / k vehicles,NLR manufacturing price (RPE / 1.5); Mid; CER Current Measures,T06,5,5,5,5,5,transport-cost-invest-passenger-light-trucks-17ac5a44:composite:1:095462aa45c4e45f
ON,T_LDV_LTP_DSL_N,2030,26.31379742465607,$M 2020CAD / k vehicles,NLR manufacturing price (RPE / 1.5); Mid; CER Current Measures,T06,5,5,5,5,5,transport-cost-invest-passenger-light-trucks-17ac5a44:composite:1:095462aa45c4e45f
ON,T_LDV_LTP_DSL_N,2035,26.340561352654408,$M 2020CAD / k vehicles,NLR manufacturing price (RPE / 1.5); Mid; CER Current Measures,T06,5,5,5,5,5,transport-cost-invest-passenger-light-trucks-17ac5a44:composite:1:095462aa45c4e45f
ON,T_LDV_LTP_DSL_N,2040,26.306878671431193,$M 2020CAD / k vehicles,NLR manufacturing price (RPE / 1.5); Mid; CER Current Measures,T06,5,5,5,5,5,transport-cost-invest-passenger-light-trucks-17ac5a44:composite:1:095462aa45c4e45f
ON,T_LDV_LTP_DSL_N,2045,26.27319599020797,$M 2020CAD / k vehicles,NLR manufacturing price (RPE / 1.5); Mid; CER Current Measures,T06,5,5,5,5,5,transport-cost-invest-passenger-light-trucks-17ac5a44:composite:1:095462aa45c4e45f
ON,T_LDV_LTP_FCEV400_N,2025,32.37677135524399,$M 2020CAD / k vehicles,NLR manufacturing price (RPE / 1.5); Mid; CER Current Measures,T06,5,5,5,5,5,transport-cost-invest-passenger-light-trucks-17ac5a44:composite:1:095462aa45c4e45f
ON,T_LDV_LTP_FCEV400_N,2030,29.86525331984078,$M 2020CAD / k vehicles,NLR manufacturing price (RPE / 1.5); Mid; CER Current Measures,T06,5,5,5,5,5,transport-cost-invest-passenger-light-trucks-17ac5a44:composite:1:095462aa45c4e45f
ON,T_LDV_LTP_FCEV400_N,2035,28.008052077232414,$M 2020CAD / k vehicles,NLR manufacturing price (RPE / 1.5); Mid; CER Current Measures,T06,5,5,5,5,5,transport-cost-invest-passenger-light-trucks-17ac5a44:composite:1:095462aa45c4e45f
ON,T_LDV_LTP_FCEV400_N,2040,27.372639260917623,$M 2020CAD / k vehicles,NLR manufacturing price (RPE / 1.5); Mid; CER Current Measures,T06,5,5,5,5,5,transport-cost-invest-passenger-light-trucks-17ac5a44:composite:1:095462aa45c4e45f
ON,T_LDV_LTP_FCEV400_N,2045,26.737226444602825,$M 2020CAD / k vehicles,NLR manufacturing price (RPE / 1.5); Mid; CER Current Measures,T06,5,5,5,5,5,transport-cost-invest-passenger-light-trucks-17ac5a44:composite:1:095462aa45c4e45f
ON,T_LDV_LTP_GSL_HEV_N,2025,25.805974041711135,$M 2020CAD / k vehicles,NLR manufacturing price (RPE / 1.5); Mid; CER Current Measures,T06,5,5,5,5,5,transport-cost-invest-passenger-light-trucks-17ac5a44:composite:1:095462aa45c4e45f
ON,T_LDV_LTP_GSL_HEV_N,2030,25.013546241990706,$M 2020CAD / k vehicles,NLR manufacturing price (RPE / 1.5); Mid; CER Current Measures,T06,5,5,5,5,5,transport-cost-invest-passenger-light-trucks-17ac5a44:composite:1:095462aa45c4e45f
ON,T_LDV_LTP_GSL_HEV_N,2035,24.59411463965462,$M 2020CAD / k vehicles,NLR manufacturing price (RPE / 1.5); Mid; CER Current Measures,T06,5,5,5,5,5,transport-cost-invest-passenger-light-trucks-17ac5a44:composite:1:095462aa45c4e45f
ON,T_LDV_LTP_GSL_HEV_N,2040,24.273660430577024,$M 2020CAD / k vehicles,NLR manufacturing price (RPE / 1.5); Mid; CER Current Measures,T06,5,5,5,5,5,transport-cost-invest-passenger-light-trucks-17ac5a44:composite:1:095462aa45c4e45f
ON,T_LDV_LTP_GSL_HEV_N,2045,23.953206221499414,$M 2020CAD / k vehicles,NLR manufacturing price (RPE / 1.5); Mid; CER Current Measures,T06,5,5,5,5,5,transport-cost-invest-passenger-light-trucks-17ac5a44:composite:1:095462aa45c4e45f
ON,T_LDV_LTP_GSL_N,2025,22.976303566477313,$M 2020CAD / k vehicles,NLR manufacturing price (RPE / 1.5); Mid; CER Current Measures,T06,5,5,5,5,5,transport-cost-invest-passenger-light-trucks-17ac5a44:composite:1:095462aa45c4e45f
ON,T_LDV_LTP_GSL_N,2030,23.391220360599508,$M 2020CAD / k vehicles,NLR manufacturing price (RPE / 1.5); Mid; CER Current Measures,T06,5,5,5,5,5,transport-cost-invest-passenger-light-trucks-17ac5a44:composite:1:095462aa45c4e45f
ON,T_LDV_LTP_GSL_N,2035,24.53689334920375,$M 2020CAD / k vehicles,NLR manufacturing price (RPE / 1.5); Mid; CER Current Measures,T06,5,5,5,5,5,transport-cost-invest-passenger-light-trucks-17ac5a44:composite:1:095462aa45c4e45f
ON,T_LDV_LTP_GSL_N,2040,24.50360380796553,$M 2020CAD / k vehicles,NLR manufacturing price (RPE / 1.5); Mid; CER Current Measures,T06,5,5,5,5,5,transport-cost-invest-passenger-light-trucks-17ac5a44:composite:1:095462aa45c4e45f
ON,T_LDV_LTP_GSL_N,2045,24.470314266727303,$M 2020CAD / k vehicles,NLR manufacturing price (RPE / 1.5); Mid; CER Current Measures,T06,5,5,5,5,5,transport-cost-invest-passenger-light-trucks-17ac5a44:composite:1:095462aa45c4e45f
ON,T_LDV_LTP_GSL_PHEV35_N,2025,27.446247654117283,$M 2020CAD / k vehicles,NLR manufacturing price (RPE / 1.5); Mid; CER Current Measures,T06,5,5,5,5,5,transport-cost-invest-passenger-light-trucks-17ac5a44:composite:1:095462aa45c4e45f
ON,T_LDV_LTP_GSL_PHEV35_N,2030,26.021182399839542,$M 2020CAD / k vehicles,NLR manufacturing price (RPE / 1.5); Mid; CER Current Measures,T06,5,5,5,5,5,transport-cost-invest-passenger-light-trucks-17ac5a44:composite:1:095462aa45c4e45f
ON,T_LDV_LTP_GSL_PHEV35_N,2035,25.060453577776883,$M 2020CAD / k vehicles,NLR manufacturing price (RPE / 1.5); Mid; CER Current Measures,T06,5,5,5,5,5,transport-cost-invest-passenger-light-trucks-17ac5a44:composite:1:095462aa45c4e45f
ON,T_LDV_LTP_GSL_PHEV35_N,2040,24.565972014341902,$M 2020CAD / k vehicles,NLR manufacturing price (RPE / 1.5); Mid; CER Current Measures,T06,5,5,5,5,5,transport-cost-invest-passenger-light-trucks-17ac5a44:composite:1:095462aa45c4e45f
ON,T_LDV_LTP_GSL_PHEV35_N,2045,24.071490450906925,$M 2020CAD / k vehicles,NLR manufacturing price (RPE / 1.5); Mid; CER Current Measures,T06,5,5,5,5,5,transport-cost-invest-passenger-light-trucks-17ac5a44:composite:1:095462aa45c4e45f
ON,T_LDV_LTP_GSL_PHEV50_N,2025,28.913277009282893,$M 2020CAD / k vehicles,NLR manufacturing price (RPE / 1.5); Mid; CER Current Measures,T06,5,5,5,5,5,transport-cost-invest-passenger-light-trucks-17ac5a44:composite:1:095462aa45c4e45f
ON,T_LDV_LTP_GSL_PHEV50_N,2030,27.21484800643277,$M 2020CAD / k vehicles,NLR manufacturing price (RPE / 1.5); Mid; CER Current Measures,T06,5,5,5,5,5,transport-cost-invest-passenger-light-trucks-17ac5a44:composite:1:095462aa45c4e45f
ON,T_LDV_LTP_GSL_PHEV50_N,2035,26.025159541718963,$M 2020CAD / k vehicles,NLR manufacturing price (RPE / 1.5); Mid; CER Current Measures,T06,5,5,5,5,5,transport-cost-invest-passenger-light-trucks-17ac5a44:composite:1:095462aa45c4e45f
ON,T_LDV_LTP_GSL_PHEV50_N,2040,25.451859718379076,$M 2020CAD / k vehicles,NLR manufacturing price (RPE / 1.5); Mid; CER Current Measures,T06,5,5,5,5,5,transport-cost-invest-passenger-light-trucks-17ac5a44:composite:1:095462aa45c4e45f
ON,T_LDV_LTP_GSL_PHEV50_N,2045,24.878559895039174,$M 2020CAD / k vehicles,NLR manufacturing price (RPE / 1.5); Mid; CER Current Measures,T06,5,5,5,5,5,transport-cost-invest-passenger-light-trucks-17ac5a44:composite:1:095462aa45c4e45f
ON,T_LDV_M_BEV_N,2025,13.037007628312024,$M 2020CAD / k vehicles,GCAM motorcycle purchase price; Mid; CER Current Measures,T11,5,5,5,5,5,transport-cost-invest-motorcycles-804abac7:composite:1:e5e1e447784151c9
ON,T_LDV_M_BEV_N,2030,12.923352577093377,$M 2020CAD / k vehicles,GCAM motorcycle purchase price; Mid; CER Current Measures,T11,5,5,5,5,5,transport-cost-invest-motorcycles-804abac7:composite:1:e5e1e447784151c9
ON,T_LDV_M_BEV_N,2035,12.80969752432432,$M 2020CAD / k vehicles,GCAM motorcycle purchase price; Mid; CER Current Measures,T11,5,5,5,5,5,transport-cost-invest-motorcycles-804abac7:composite:1:e5e1e447784151c9
ON,T_LDV_M_BEV_N,2040,12.711200268918915,$M 2020CAD / k vehicles,GCAM motorcycle purchase price; Mid; CER Current Measures,T11,5,5,5,5,5,transport-cost-invest-motorcycles-804abac7:composite:1:e5e1e447784151c9
ON,T_LDV_M_BEV_N,2045,12.612703013513512,$M 2020CAD / k vehicles,GCAM motorcycle purchase price; Mid; CER Current Measures,T11,5,5,5,5,5,transport-cost-invest-motorcycles-804abac7:composite:1:e5e1e447784151c9
ON,T_LDV_M_GSL_N,2025,13.891632432432433,$M 2020CAD / k vehicles,GCAM motorcycle purchase price; Mid; CER Current Measures,T11,5,5,5,5,5,transport-cost-invest-motorcycles-804abac7:composite:1:e5e1e447784151c9
ON,T_LDV_M_GSL_N,2030,13.891632432432433,$M 2020CAD / k vehicles,GCAM motorcycle purchase price; Mid; CER Current Measures,T11,5,5,5,5,5,transport-cost-invest-motorcycles-804abac7:composite:1:e5e1e447784151c9
ON,T_LDV_M_GSL_N,2035,13.891632432432433,$M 2020CAD / k vehicles,GCAM motorcycle purchase price; Mid; CER Current Measures,T11,5,5,5,5,5,transport-cost-invest-motorcycles-804abac7:composite:1:e5e1e447784151c9
ON,T_LDV_M_GSL_N,2040,13.891632432432433,$M 2020CAD / k vehicles,GCAM motorcycle purchase price; Mid; CER Current Measures,T11,5,5,5,5,5,transport-cost-invest-motorcycles-804abac7:composite:1:e5e1e447784151c9
ON,T_LDV_M_GSL_N,2045,13.891632432432433,$M 2020CAD / k vehicles,GCAM motorcycle purchase price; Mid; CER Current Measures,T11,5,5,5,5,5,transport-cost-invest-motorcycles-804abac7:composite:1:e5e1e447784151c9
ON,T_MDV_T_BEV_N,2025,65.33278261541977,$M 2020CAD / k vehicles,NLR manufacturing price (RPE / 1.5); Mid; CER Current Measures,T06,5,5,5,5,5,transport-cost-invest-medium-trucks-e162550e:composite:1:047ed20feabb1ef5
ON,T_MDV_T_BEV_N,2030,53.2834887643728,$M 2020CAD / k vehicles,NLR manufacturing price (RPE / 1.5); Mid; CER Current Measures,T06,5,5,5,5,5,transport-cost-invest-medium-trucks-e162550e:composite:1:047ed20feabb1ef5
ON,T_MDV_T_BEV_N,2035,46.60465239706312,$M 2020CAD / k vehicles,NLR manufacturing price (RPE / 1.5); Mid; CER Current Measures,T06,5,5,5,5,5,transport-cost-invest-medium-trucks-e162550e:composite:1:047ed20feabb1ef5
ON,T_MDV_T_BEV_N,2040,43.733968432748206,$M 2020CAD / k vehicles,NLR manufacturing price (RPE / 1.5); Mid; CER Current Measures,T06,5,5,5,5,5,transport-cost-invest-medium-trucks-e162550e:composite:1:047ed20feabb1ef5
ON,T_MDV_T_BEV_N,2045,40.863284468433285,$M 2020CAD / k vehicles,NLR manufacturing price (RPE / 1.5); Mid; CER Current Measures,T06,5,5,5,5,5,transport-cost-invest-medium-trucks-e162550e:composite:1:047ed20feabb1ef5
ON,T_MDV_T_DSL_HEV_N,2025,45.522868818484284,$M 2020CAD / k vehicles,NLR manufacturing price (RPE / 1.5); Mid; CER Current Measures,T06,5,5,5,5,5,transport-cost-invest-medium-trucks-e162550e:composite:1:047ed20feabb1ef5
ON,T_MDV_T_DSL_HEV_N,2030,45.04705495311201,$M 2020CAD / k vehicles,NLR manufacturing price (RPE / 1.5); Mid; CER Current Measures,T06,5,5,5,5,5,transport-cost-invest-medium-trucks-e162550e:composite:1:047ed20feabb1ef5
ON,T_MDV_T_DSL_HEV_N,2035,44.680283029573516,$M 2020CAD / k vehicles,NLR manufacturing price (RPE / 1.5); Mid; CER Current Measures,T06,5,5,5,5,5,transport-cost-invest-medium-trucks-e162550e:composite:1:047ed20feabb1ef5
ON,T_MDV_T_DSL_HEV_N,2040,44.60846739087874,$M 2020CAD / k vehicles,NLR manufacturing price (RPE / 1.5); Mid; CER Current Measures,T06,5,5,5,5,5,transport-cost-invest-medium-trucks-e162550e:composite:1:047ed20feabb1ef5
ON,T_MDV_T_DSL_HEV_N,2045,44.536651752183964,$M 2020CAD / k vehicles,NLR manufacturing price (RPE / 1.5); Mid; CER Current Measures,T06,5,5,5,5,5,transport-cost-invest-medium-trucks-e162550e:composite:1:047ed20feabb1ef5
ON,T_MDV_T_DSL_N,2025,41.288421469437736,$M 2020CAD / k vehicles,NLR manufacturing price (RPE / 1.5); Mid; CER Current Measures,T06,5,5,5,5,5,transport-cost-invest-medium-trucks-e162550e:composite:1:047ed20feabb1ef5
ON,T_MDV_T_DSL_N,2030,41.414036669880666,$M 2020CAD / k vehicles,NLR manufacturing price (RPE / 1.5); Mid; CER Current Measures,T06,5,5,5,5,5,transport-cost-invest-medium-trucks-e162550e:composite:1:047ed20feabb1ef5
ON,T_MDV_T_DSL_N,2035,41.175672786150855,$M 2020CAD / k vehicles,NLR manufacturing price (RPE / 1.5); Mid; CER Current Measures,T06,5,5,5,5,5,transport-cost-invest-medium-trucks-e162550e:composite:1:047ed20feabb1ef5
ON,T_MDV_T_DSL_N,2040,41.172870913315975,$M 2020CAD / k vehicles,NLR manufacturing price (RPE / 1.5); Mid; CER Current Measures,T06,5,5,5,5,5,transport-cost-invest-medium-trucks-e162550e:composite:1:047ed20feabb1ef5
ON,T_MDV_T_DSL_N,2045,41.170069040481096,$M 2020CAD / k vehicles,NLR manufacturing price (RPE / 1.5); Mid; CER Current Measures,T06,5,5,5,5,5,transport-cost-invest-medium-trucks-e162550e:composite:1:047ed20feabb1ef5
ON,T_MDV_T_DSL_PHEV_N,2025,70.85664509638025,$M 2020CAD / k vehicles,NLR manufacturing price (RPE / 1.5); Mid; CER Current Measures,T06,5,5,5,5,5,transport-cost-invest-medium-trucks-e162550e:composite:1:047ed20feabb1ef5
ON,T_MDV_T_DSL_PHEV_N,2030,60.5666701749238,$M 2020CAD / k vehicles,NLR manufacturing price (RPE / 1.5); Mid; CER Current Measures,T06,5,5,5,5,5,transport-cost-invest-medium-trucks-e162550e:composite:1:047ed20feabb1ef5
ON,T_MDV_T_DSL_PHEV_N,2035,54.22138541394572,$M 2020CAD / k vehicles,NLR manufacturing price (RPE / 1.5); Mid; CER Current Measures,T06,5,5,5,5,5,transport-cost-invest-medium-trucks-e162550e:composite:1:047ed20feabb1ef5
ON,T_MDV_T_DSL_PHEV_N,2040,51.658562719493986,$M 2020CAD / k vehicles,NLR manufacturing price (RPE / 1.5); Mid; CER Current Measures,T06,5,5,5,5,5,transport-cost-invest-medium-trucks-e162550e:composite:1:047ed20feabb1ef5
ON,T_MDV_T_DSL_PHEV_N,2045,49.09574002504226,$M 2020CAD / k vehicles,NLR manufacturing price (RPE / 1.5); Mid; CER Current Measures,T06,5,5,5,5,5,transport-cost-invest-medium-trucks-e162550e:composite:1:047ed20feabb1ef5
ON,T_MDV_T_FCEV_N,2025,65.59106294226915,$M 2020CAD / k vehicles,NLR manufacturing price (RPE / 1.5); Mid; CER Current Measures,T06,5,5,5,5,5,transport-cost-invest-medium-trucks-e162550e:composite:1:047ed20feabb1ef5
ON,T_MDV_T_FCEV_N,2030,49.87519714083219,$M 2020CAD / k vehicles,NLR manufacturing price (RPE / 1.5); Mid; CER Current Measures,T06,5,5,5,5,5,transport-cost-invest-medium-trucks-e162550e:composite:1:047ed20feabb1ef5
ON,T_MDV_T_FCEV_N,2035,45.38437067065345,$M 2020CAD / k vehicles,NLR manufacturing price (RPE / 1.5); Mid; CER Current Measures,T06,5,5,5,5,5,transport-cost-invest-medium-trucks-e162550e:composite:1:047ed20feabb1ef5
ON,T_MDV_T_FCEV_N,2040,44.456235440781114,$M 2020CAD / k vehicles,NLR manufacturing price (RPE / 1.5); Mid; CER Current Measures,T06,5,5,5,5,5,transport-cost-invest-medium-trucks-e162550e:composite:1:047ed20feabb1ef5
ON,T_MDV_T_FCEV_N,2045,43.528100210908775,$M 2020CAD / k vehicles,NLR manufacturing price (RPE / 1.5); Mid; CER Current Measures,T06,5,5,5,5,5,transport-cost-invest-medium-trucks-e162550e:composite:1:047ed20feabb1ef5
ON,T_MDV_T_FCHEV_N,2025,58.93034653160426,$M 2020CAD / k vehicles,NLR manufacturing price (RPE / 1.5); Mid; CER Current Measures,T06,5,5,5,5,5,transport-cost-invest-medium-trucks-e162550e:composite:1:047ed20feabb1ef5
ON,T_MDV_T_FCHEV_N,2030,46.71509367100195,$M 2020CAD / k vehicles,NLR manufacturing price (RPE / 1.5); Mid; CER Current Measures,T06,5,5,5,5,5,transport-cost-invest-medium-trucks-e162550e:composite:1:047ed20feabb1ef5
ON,T_MDV_T_FCHEV_N,2035,42.59235792865135,$M 2020CAD / k vehicles,NLR manufacturing price (RPE / 1.5); Mid; CER Current Measures,T06,5,5,5,5,5,transport-cost-invest-medium-trucks-e162550e:composite:1:047ed20feabb1ef5
ON,T_MDV_T_FCHEV_N,2040,41.43154062821085,$M 2020CAD / k vehicles,NLR manufacturing price (RPE / 1.5); Mid; CER Current Measures,T06,5,5,5,5,5,transport-cost-invest-medium-trucks-e162550e:composite:1:047ed20feabb1ef5
ON,T_MDV_T_FCHEV_N,2045,40.27072332777032,$M 2020CAD / k vehicles,NLR manufacturing price (RPE / 1.5); Mid; CER Current Measures,T06,5,5,5,5,5,transport-cost-invest-medium-trucks-e162550e:composite:1:047ed20feabb1ef5
ON,T_MDV_T_GSL_N,2025,41.288421469437736,$M 2020CAD / k vehicles,NLR manufacturing price (RPE / 1.5); reviewed gasoline->diesel purchase proxy; Mid; CER Current Measures,T06,5,5,5,5,5,transport-cost-invest-medium-trucks-e162550e:composite:1:047ed20feabb1ef5
ON,T_MDV_T_GSL_N,2030,41.414036669880666,$M 2020CAD / k vehicles,NLR manufacturing price (RPE / 1.5); reviewed gasoline->diesel purchase proxy; Mid; CER Current Measures,T06,5,5,5,5,5,transport-cost-invest-medium-trucks-e162550e:composite:1:047ed20feabb1ef5
ON,T_MDV_T_GSL_N,2035,41.175672786150855,$M 2020CAD / k vehicles,NLR manufacturing price (RPE / 1.5); reviewed gasoline->diesel purchase proxy; Mid; CER Current Measures,T06,5,5,5,5,5,transport-cost-invest-medium-trucks-e162550e:composite:1:047ed20feabb1ef5
ON,T_MDV_T_GSL_N,2040,41.172870913315975,$M 2020CAD / k vehicles,NLR manufacturing price (RPE / 1.5); reviewed gasoline->diesel purchase proxy; Mid; CER Current Measures,T06,5,5,5,5,5,transport-cost-invest-medium-trucks-e162550e:composite:1:047ed20feabb1ef5
ON,T_MDV_T_GSL_N,2045,41.170069040481096,$M 2020CAD / k vehicles,NLR manufacturing price (RPE / 1.5); reviewed gasoline->diesel purchase proxy; Mid; CER Current Measures,T06,5,5,5,5,5,transport-cost-invest-medium-trucks-e162550e:composite:1:047ed20feabb1ef5
PEI,T_HDV_AJF_JFL_N,2025,6132.623678803439,$M 2020CAD / bn tonne-km,CIMS aircraft CAPEX normalized by FAA All Aircraft annual service output; Mid; CER Current Measures,T15,5,5,5,5,5,transport-cost-invest-freight-air-e97ac762:composite:1:bd087d6387d7310e
PEI,T_HDV_AJF_JFL_N,2030,6132.623678803439,$M 2020CAD / bn tonne-km,CIMS aircraft CAPEX normalized by FAA All Aircraft annual service output; Mid; CER Current Measures,T15,5,5,5,5,5,transport-cost-invest-freight-air-e97ac762:composite:1:bd087d6387d7310e
PEI,T_HDV_AJF_JFL_N,2035,6132.623678803439,$M 2020CAD / bn tonne-km,CIMS aircraft CAPEX normalized by FAA All Aircraft annual service output; Mid; CER Current Measures,T15,5,5,5,5,5,transport-cost-invest-freight-air-e97ac762:composite:1:bd087d6387d7310e
PEI,T_HDV_AJF_JFL_N,2040,6132.623678803439,$M 2020CAD / bn tonne-km,CIMS aircraft CAPEX normalized by FAA All Aircraft annual service output; Mid; CER Current Measures,T15,5,5,5,5,5,transport-cost-invest-freight-air-e97ac762:composite:1:bd087d6387d7310e
PEI,T_HDV_AJF_JFL_N,2045,6132.623678803439,$M 2020CAD / bn tonne-km,CIMS aircraft CAPEX normalized by FAA All Aircraft annual service output; Mid; CER Current Measures,T15,5,5,5,5,5,transport-cost-invest-freight-air-e97ac762:composite:1:bd087d6387d7310e
PEI,T_HDV_AJF_SPK_N,2025,6132.623678803439,$M 2020CAD / bn tonne-km,CIMS aircraft CAPEX normalized by FAA All Aircraft annual service output; Mid; CER Current Measures,T15,5,5,5,5,5,transport-cost-invest-freight-air-e97ac762:composite:1:bd087d6387d7310e
PEI,T_HDV_AJF_SPK_N,2030,6132.623678803439,$M 2020CAD / bn tonne-km,CIMS aircraft CAPEX normalized by FAA All Aircraft annual service output; Mid; CER Current Measures,T15,5,5,5,5,5,transport-cost-invest-freight-air-e97ac762:composite:1:bd087d6387d7310e
PEI,T_HDV_AJF_SPK_N,2035,6132.623678803439,$M 2020CAD / bn tonne-km,CIMS aircraft CAPEX normalized by FAA All Aircraft annual service output; Mid; CER Current Measures,T15,5,5,5,5,5,transport-cost-invest-freight-air-e97ac762:composite:1:bd087d6387d7310e
PEI,T_HDV_AJF_SPK_N,2040,6132.623678803439,$M 2020CAD / bn tonne-km,CIMS aircraft CAPEX normalized by FAA All Aircraft annual service output; Mid; CER Current Measures,T15,5,5,5,5,5,transport-cost-invest-freight-air-e97ac762:composite:1:bd087d6387d7310e
PEI,T_HDV_AJF_SPK_N,2045,6132.623678803439,$M 2020CAD / bn tonne-km,CIMS aircraft CAPEX normalized by FAA All Aircraft annual service output; Mid; CER Current Measures,T15,5,5,5,5,5,transport-cost-invest-freight-air-e97ac762:composite:1:bd087d6387d7310e
PEI,T_HDV_AJP_JFL_N,2025,1032.1218289023984,$M 2020CAD / bn passenger-km,CIMS aircraft CAPEX normalized by FAA All Aircraft annual service output; Mid; CER Current Measures,T15,5,5,5,5,5,transport-cost-invest-passenger-air-e97ac762:composite:1:ca4132bec8ddc7b3
PEI,T_HDV_AJP_JFL_N,2030,1032.1218289023984,$M 2020CAD / bn passenger-km,CIMS aircraft CAPEX normalized by FAA All Aircraft annual service output; Mid; CER Current Measures,T15,5,5,5,5,5,transport-cost-invest-passenger-air-e97ac762:composite:1:ca4132bec8ddc7b3
PEI,T_HDV_AJP_JFL_N,2035,1032.1218289023984,$M 2020CAD / bn passenger-km,CIMS aircraft CAPEX normalized by FAA All Aircraft annual service output; Mid; CER Current Measures,T15,5,5,5,5,5,transport-cost-invest-passenger-air-e97ac762:composite:1:ca4132bec8ddc7b3
PEI,T_HDV_AJP_JFL_N,2040,1032.1218289023984,$M 2020CAD / bn passenger-km,CIMS aircraft CAPEX normalized by FAA All Aircraft annual service output; Mid; CER Current Measures,T15,5,5,5,5,5,transport-cost-invest-passenger-air-e97ac762:composite:1:ca4132bec8ddc7b3
PEI,T_HDV_AJP_JFL_N,2045,1032.1218289023984,$M 2020CAD / bn passenger-km,CIMS aircraft CAPEX normalized by FAA All Aircraft annual service output; Mid; CER Current Measures,T15,5,5,5,5,5,transport-cost-invest-passenger-air-e97ac762:composite:1:ca4132bec8ddc7b3
PEI,T_HDV_AJP_SPK_N,2025,1032.1218289023984,$M 2020CAD / bn passenger-km,CIMS aircraft CAPEX normalized by FAA All Aircraft annual service output; Mid; CER Current Measures,T15,5,5,5,5,5,transport-cost-invest-passenger-air-e97ac762:composite:1:ca4132bec8ddc7b3
PEI,T_HDV_AJP_SPK_N,2030,1032.1218289023984,$M 2020CAD / bn passenger-km,CIMS aircraft CAPEX normalized by FAA All Aircraft annual service output; Mid; CER Current Measures,T15,5,5,5,5,5,transport-cost-invest-passenger-air-e97ac762:composite:1:ca4132bec8ddc7b3
PEI,T_HDV_AJP_SPK_N,2035,1032.1218289023984,$M 2020CAD / bn passenger-km,CIMS aircraft CAPEX normalized by FAA All Aircraft annual service output; Mid; CER Current Measures,T15,5,5,5,5,5,transport-cost-invest-passenger-air-e97ac762:composite:1:ca4132bec8ddc7b3
PEI,T_HDV_AJP_SPK_N,2040,1032.1218289023984,$M 2020CAD / bn passenger-km,CIMS aircraft CAPEX normalized by FAA All Aircraft annual service output; Mid; CER Current Measures,T15,5,5,5,5,5,transport-cost-invest-passenger-air-e97ac762:composite:1:ca4132bec8ddc7b3
PEI,T_HDV_AJP_SPK_N,2045,1032.1218289023984,$M 2020CAD / bn passenger-km,CIMS aircraft CAPEX normalized by FAA All Aircraft annual service output; Mid; CER Current Measures,T15,5,5,5,5,5,transport-cost-invest-passenger-air-e97ac762:composite:1:ca4132bec8ddc7b3
PEI,T_HDV_BIC_BEV_N,2025,724.9291694090558,$M 2020CAD / k vehicles,REGEN intercity purchase price; Mid; CER Current Measures,T12,5,5,5,5,5,transport-cost-invest-inter-city-buses-8fe13d81:composite:1:a4215f62e54efd1d
PEI,T_HDV_BIC_BEV_N,2030,687.3711076208749,$M 2020CAD / k vehicles,REGEN intercity purchase price; Mid; CER Current Measures,T12,5,5,5,5,5,transport-cost-invest-inter-city-buses-8fe13d81:composite:1:a4215f62e54efd1d
PEI,T_HDV_BIC_BEV_N,2035,649.8130458326937,$M 2020CAD / k vehicles,REGEN intercity purchase price; Mid; CER Current Measures,T12,5,5,5,5,5,transport-cost-invest-inter-city-buses-8fe13d81:composite:1:a4215f62e54efd1d
PEI,T_HDV_BIC_BEV_N,2040,637.7195688948578,$M 2020CAD / k vehicles,REGEN intercity purchase price; Mid; CER Current Measures,T12,5,5,5,5,5,transport-cost-invest-inter-city-buses-8fe13d81:composite:1:a4215f62e54efd1d
PEI,T_HDV_BIC_BEV_N,2045,625.6260919570221,$M 2020CAD / k vehicles,REGEN intercity purchase price; Mid; CER Current Measures,T12,5,5,5,5,5,transport-cost-invest-inter-city-buses-8fe13d81:composite:1:a4215f62e54efd1d
PEI,T_HDV_BIC_DSL_HEV_N,2025,625.0231638861476,$M 2020CAD / k vehicles,REGEN intercity purchase price; Mid; CER Current Measures,T12,5,5,5,5,5,transport-cost-invest-inter-city-buses-0a292860:composite:1:bb531e37aa681bea
PEI,T_HDV_BIC_DSL_HEV_N,2030,631.1135387568029,$M 2020CAD / k vehicles,REGEN intercity purchase price; Mid; CER Current Measures,T12,5,5,5,5,5,transport-cost-invest-inter-city-buses-0a292860:composite:1:bb531e37aa681bea
PEI,T_HDV_BIC_DSL_HEV_N,2035,639.1593250453943,$M 2020CAD / k vehicles,REGEN intercity purchase price; Mid; CER Current Measures,T12,5,5,5,5,5,transport-cost-invest-inter-city-buses-0a292860:composite:1:bb531e37aa681bea
PEI,T_HDV_BIC_DSL_HEV_N,2040,638.5264211730566,$M 2020CAD / k vehicles,REGEN intercity purchase price; Mid; CER Current Measures,T12,5,5,5,5,5,transport-cost-invest-inter-city-buses-0a292860:composite:1:bb531e37aa681bea
PEI,T_HDV_BIC_DSL_HEV_N,2045,637.8945752873842,$M 2020CAD / k vehicles,REGEN intercity purchase price; Mid; CER Current Measures,T12,5,5,5,5,5,transport-cost-invest-inter-city-buses-0a292860:composite:1:bb531e37aa681bea
PEI,T_HDV_BIC_DSL_N,2025,578.3503599462776,$M 2020CAD / k vehicles,REGEN intercity purchase price; Mid; CER Current Measures,T12,5,5,5,5,5,transport-cost-invest-inter-city-buses-8fe13d81:composite:1:a4215f62e54efd1d
PEI,T_HDV_BIC_DSL_N,2030,592.376084435917,$M 2020CAD / k vehicles,REGEN intercity purchase price; Mid; CER Current Measures,T12,5,5,5,5,5,transport-cost-invest-inter-city-buses-8fe13d81:composite:1:a4215f62e54efd1d
PEI,T_HDV_BIC_DSL_N,2035,606.4018089255563,$M 2020CAD / k vehicles,REGEN intercity purchase price; Mid; CER Current Measures,T12,5,5,5,5,5,transport-cost-invest-inter-city-buses-8fe13d81:composite:1:a4215f62e54efd1d
PEI,T_HDV_BIC_DSL_N,2040,606.4018089255563,$M 2020CAD / k vehicles,REGEN intercity purchase price; Mid; CER Current Measures,T12,5,5,5,5,5,transport-cost-invest-inter-city-buses-8fe13d81:composite:1:a4215f62e54efd1d
PEI,T_HDV_BIC_DSL_N,2045,606.4018089255563,$M 2020CAD / k vehicles,REGEN intercity purchase price; Mid; CER Current Measures,T12,5,5,5,5,5,transport-cost-invest-inter-city-buses-8fe13d81:composite:1:a4215f62e54efd1d
PEI,T_HDV_BIC_FCEV_N,2025,726.7192071527243,$M 2020CAD / k vehicles,REGEN intercity purchase price; Mid; CER Current Measures,T12,5,5,5,5,5,transport-cost-invest-inter-city-buses-8fe13d81:composite:1:a4215f62e54efd1d
PEI,T_HDV_BIC_FCEV_N,2030,702.2862077359937,$M 2020CAD / k vehicles,REGEN intercity purchase price; Mid; CER Current Measures,T12,5,5,5,5,5,transport-cost-invest-inter-city-buses-8fe13d81:composite:1:a4215f62e54efd1d
PEI,T_HDV_BIC_FCEV_N,2035,677.8520796699922,$M 2020CAD / k vehicles,REGEN intercity purchase price; Mid; CER Current Measures,T12,5,5,5,5,5,transport-cost-invest-inter-city-buses-8fe13d81:composite:1:a4215f62e54efd1d
PEI,T_HDV_BIC_FCEV_N,2040,660.4821673906367,$M 2020CAD / k vehicles,REGEN intercity purchase price; Mid; CER Current Measures,T12,5,5,5,5,5,transport-cost-invest-inter-city-buses-8fe13d81:composite:1:a4215f62e54efd1d
PEI,T_HDV_BIC_FCEV_N,2045,643.1111264620107,$M 2020CAD / k vehicles,REGEN intercity purchase price; Mid; CER Current Measures,T12,5,5,5,5,5,transport-cost-invest-inter-city-buses-8fe13d81:composite:1:a4215f62e54efd1d
PEI,T_HDV_BIC_GSL_N,2025,578.3503599462776,$M 2020CAD / k vehicles,REGEN intercity purchase price; Mid; CER Current Measures,T12,5,5,5,5,5,transport-cost-invest-inter-city-buses-8fe13d81:composite:1:a4215f62e54efd1d
PEI,T_HDV_BIC_GSL_N,2030,592.376084435917,$M 2020CAD / k vehicles,REGEN intercity purchase price; Mid; CER Current Measures,T12,5,5,5,5,5,transport-cost-invest-inter-city-buses-8fe13d81:composite:1:a4215f62e54efd1d
PEI,T_HDV_BIC_GSL_N,2035,606.4018089255563,$M 2020CAD / k vehicles,REGEN intercity purchase price; Mid; CER Current Measures,T12,5,5,5,5,5,transport-cost-invest-inter-city-buses-8fe13d81:composite:1:a4215f62e54efd1d
PEI,T_HDV_BIC_GSL_N,2040,606.4018089255563,$M 2020CAD / k vehicles,REGEN intercity purchase price; Mid; CER Current Measures,T12,5,5,5,5,5,transport-cost-invest-inter-city-buses-8fe13d81:composite:1:a4215f62e54efd1d
PEI,T_HDV_BIC_GSL_N,2045,606.4018089255563,$M 2020CAD / k vehicles,REGEN intercity purchase price; Mid; CER Current Measures,T12,5,5,5,5,5,transport-cost-invest-inter-city-buses-8fe13d81:composite:1:a4215f62e54efd1d
PEI,T_HDV_BS_BEV_N,2025,84.19758949061635,$M 2020CAD / k vehicles,NLR manufacturing price (RPE / 1.5); Mid; CER Current Measures,T06,5,5,5,5,5,transport-cost-invest-school-buses-db3394b4:composite:1:4cfd8123718eed66
PEI,T_HDV_BS_BEV_N,2030,70.11365479609992,$M 2020CAD / k vehicles,NLR manufacturing price (RPE / 1.5); Mid; CER Current Measures,T06,5,5,5,5,5,transport-cost-invest-school-buses-db3394b4:composite:1:4cfd8123718eed66
PEI,T_HDV_BS_BEV_N,2035,62.61319010234349,$M 2020CAD / k vehicles,NLR manufacturing price (RPE / 1.5); Mid; CER Current Measures,T06,5,5,5,5,5,transport-cost-invest-school-buses-db3394b4:composite:1:4cfd8123718eed66
PEI,T_HDV_BS_BEV_N,2040,59.22776267866287,$M 2020CAD / k vehicles,NLR manufacturing price (RPE / 1.5); Mid; CER Current Measures,T06,5,5,5,5,5,transport-cost-invest-school-buses-db3394b4:composite:1:4cfd8123718eed66
PEI,T_HDV_BS_BEV_N,2045,55.842335254982245,$M 2020CAD / k vehicles,NLR manufacturing price (RPE / 1.5); Mid; CER Current Measures,T06,5,5,5,5,5,transport-cost-invest-school-buses-db3394b4:composite:1:4cfd8123718eed66
PEI,T_HDV_BS_CNG_N,2025,53.16800325295391,$M 2020CAD / k vehicles,NLR manufacturing price (RPE / 1.5); reviewed cng->diesel purchase proxy; Mid; CER Current Measures,T06,5,5,5,5,5,transport-cost-invest-school-buses-db3394b4:composite:1:4cfd8123718eed66
PEI,T_HDV_BS_CNG_N,2030,53.4655312378343,$M 2020CAD / k vehicles,NLR manufacturing price (RPE / 1.5); reviewed cng->diesel purchase proxy; Mid; CER Current Measures,T06,5,5,5,5,5,transport-cost-invest-school-buses-db3394b4:composite:1:4cfd8123718eed66
PEI,T_HDV_BS_CNG_N,2035,53.3714260725808,$M 2020CAD / k vehicles,NLR manufacturing price (RPE / 1.5); reviewed cng->diesel purchase proxy; Mid; CER Current Measures,T06,5,5,5,5,5,transport-cost-invest-school-buses-db3394b4:composite:1:4cfd8123718eed66
PEI,T_HDV_BS_CNG_N,2040,53.437700637583895,$M 2020CAD / k vehicles,NLR manufacturing price (RPE / 1.5); reviewed cng->diesel purchase proxy; Mid; CER Current Measures,T06,5,5,5,5,5,transport-cost-invest-school-buses-db3394b4:composite:1:4cfd8123718eed66
PEI,T_HDV_BS_CNG_N,2045,53.50397520258698,$M 2020CAD / k vehicles,NLR manufacturing price (RPE / 1.5); reviewed cng->diesel purchase proxy; Mid; CER Current Measures,T06,5,5,5,5,5,transport-cost-invest-school-buses-db3394b4:composite:1:4cfd8123718eed66
PEI,T_HDV_BS_DSL_HEV_N,2025,58.50015757889593,$M 2020CAD / k vehicles,NLR manufacturing price (RPE / 1.5); Mid; CER Current Measures,T06,5,5,5,5,5,transport-cost-invest-school-buses-db3394b4:composite:1:4cfd8123718eed66
PEI,T_HDV_BS_DSL_HEV_N,2030,57.81028888624818,$M 2020CAD / k vehicles,NLR manufacturing price (RPE / 1.5); Mid; CER Current Measures,T06,5,5,5,5,5,transport-cost-invest-school-buses-db3394b4:composite:1:4cfd8123718eed66
PEI,T_HDV_BS_DSL_HEV_N,2035,57.49401062408043,$M 2020CAD / k vehicles,NLR manufacturing price (RPE / 1.5); Mid; CER Current Measures,T06,5,5,5,5,5,transport-cost-invest-school-buses-db3394b4:composite:1:4cfd8123718eed66
PEI,T_HDV_BS_DSL_HEV_N,2040,57.405801772439325,$M 2020CAD / k vehicles,NLR manufacturing price (RPE / 1.5); Mid; CER Current Measures,T06,5,5,5,5,5,transport-cost-invest-school-buses-db3394b4:composite:1:4cfd8123718eed66
PEI,T_HDV_BS_DSL_HEV_N,2045,57.31759292079822,$M 2020CAD / k vehicles,NLR manufacturing price (RPE / 1.5); Mid; CER Current Measures,T06,5,5,5,5,5,transport-cost-invest-school-buses-db3394b4:composite:1:4cfd8123718eed66
PEI,T_HDV_BS_DSL_N,2025,53.16800325295391,$M 2020CAD / k vehicles,NLR manufacturing price (RPE / 1.5); Mid; CER Current Measures,T06,5,5,5,5,5,transport-cost-invest-school-buses-db3394b4:composite:1:4cfd8123718eed66
PEI,T_HDV_BS_DSL_N,2030,53.4655312378343,$M 2020CAD / k vehicles,NLR manufacturing price (RPE / 1.5); Mid; CER Current Measures,T06,5,5,5,5,5,transport-cost-invest-school-buses-db3394b4:composite:1:4cfd8123718eed66
PEI,T_HDV_BS_DSL_N,2035,53.3714260725808,$M 2020CAD / k vehicles,NLR manufacturing price (RPE / 1.5); Mid; CER Current Measures,T06,5,5,5,5,5,transport-cost-invest-school-buses-db3394b4:composite:1:4cfd8123718eed66
PEI,T_HDV_BS_DSL_N,2040,53.437700637583895,$M 2020CAD / k vehicles,NLR manufacturing price (RPE / 1.5); Mid; CER Current Measures,T06,5,5,5,5,5,transport-cost-invest-school-buses-db3394b4:composite:1:4cfd8123718eed66
PEI,T_HDV_BS_DSL_N,2045,53.50397520258698,$M 2020CAD / k vehicles,NLR manufacturing price (RPE / 1.5); Mid; CER Current Measures,T06,5,5,5,5,5,transport-cost-invest-school-buses-db3394b4:composite:1:4cfd8123718eed66
PEI,T_HDV_BS_DSL_PHEV_N,2025,87.13041588141115,$M 2020CAD / k vehicles,NLR manufacturing price (RPE / 1.5); Mid; CER Current Measures,T06,5,5,5,5,5,transport-cost-invest-school-buses-db3394b4:composite:1:4cfd8123718eed66
PEI,T_HDV_BS_DSL_PHEV_N,2030,75.5222253464583,$M 2020CAD / k vehicles,NLR manufacturing price (RPE / 1.5); Mid; CER Current Measures,T06,5,5,5,5,5,transport-cost-invest-school-buses-db3394b4:composite:1:4cfd8123718eed66
PEI,T_HDV_BS_DSL_PHEV_N,2035,68.7271956132863,$M 2020CAD / k vehicles,NLR manufacturing price (RPE / 1.5); Mid; CER Current Measures,T06,5,5,5,5,5,transport-cost-invest-school-buses-db3394b4:composite:1:4cfd8123718eed66
PEI,T_HDV_BS_DSL_PHEV_N,2040,65.82679894735955,$M 2020CAD / k vehicles,NLR manufacturing price (RPE / 1.5); Mid; CER Current Measures,T06,5,5,5,5,5,transport-cost-invest-school-buses-db3394b4:composite:1:4cfd8123718eed66
PEI,T_HDV_BS_DSL_PHEV_N,2045,62.926402281432814,$M 2020CAD / k vehicles,NLR manufacturing price (RPE / 1.5); Mid; CER Current Measures,T06,5,5,5,5,5,transport-cost-invest-school-buses-db3394b4:composite:1:4cfd8123718eed66
PEI,T_HDV_BS_FCEV_N,2025,84.25313276484489,$M 2020CAD / k vehicles,NLR manufacturing price (RPE / 1.5); Mid; CER Current Measures,T06,5,5,5,5,5,transport-cost-invest-school-buses-db3394b4:composite:1:4cfd8123718eed66
PEI,T_HDV_BS_FCEV_N,2030,66.34980196477711,$M 2020CAD / k vehicles,NLR manufacturing price (RPE / 1.5); Mid; CER Current Measures,T06,5,5,5,5,5,transport-cost-invest-school-buses-db3394b4:composite:1:4cfd8123718eed66
PEI,T_HDV_BS_FCEV_N,2035,60.95821279762239,$M 2020CAD / k vehicles,NLR manufacturing price (RPE / 1.5); Mid; CER Current Measures,T06,5,5,5,5,5,transport-cost-invest-school-buses-db3394b4:composite:1:4cfd8123718eed66
PEI,T_HDV_BS_FCEV_N,2040,59.87116842004512,$M 2020CAD / k vehicles,NLR manufacturing price (RPE / 1.5); Mid; CER Current Measures,T06,5,5,5,5,5,transport-cost-invest-school-buses-db3394b4:composite:1:4cfd8123718eed66
PEI,T_HDV_BS_FCEV_N,2045,58.78412404246786,$M 2020CAD / k vehicles,NLR manufacturing price (RPE / 1.5); Mid; CER Current Measures,T06,5,5,5,5,5,transport-cost-invest-school-buses-db3394b4:composite:1:4cfd8123718eed66
PEI,T_HDV_BS_FCHEV_N,2025,73.60226770799707,$M 2020CAD / k vehicles,NLR manufacturing price (RPE / 1.5); Mid; CER Current Measures,T06,5,5,5,5,5,transport-cost-invest-school-buses-db3394b4:composite:1:4cfd8123718eed66
PEI,T_HDV_BS_FCHEV_N,2030,61.272368386889674,$M 2020CAD / k vehicles,NLR manufacturing price (RPE / 1.5); Mid; CER Current Measures,T06,5,5,5,5,5,transport-cost-invest-school-buses-db3394b4:composite:1:4cfd8123718eed66
PEI,T_HDV_BS_FCHEV_N,2035,57.07478272624065,$M 2020CAD / k vehicles,NLR manufacturing price (RPE / 1.5); Mid; CER Current Measures,T06,5,5,5,5,5,transport-cost-invest-school-buses-db3394b4:composite:1:4cfd8123718eed66
PEI,T_HDV_BS_FCHEV_N,2040,55.59150607391185,$M 2020CAD / k vehicles,NLR manufacturing price (RPE / 1.5); Mid; CER Current Measures,T06,5,5,5,5,5,transport-cost-invest-school-buses-db3394b4:composite:1:4cfd8123718eed66
PEI,T_HDV_BS_FCHEV_N,2045,54.10822942158307,$M 2020CAD / k vehicles,NLR manufacturing price (RPE / 1.5); Mid; CER Current Measures,T06,5,5,5,5,5,transport-cost-invest-school-buses-db3394b4:composite:1:4cfd8123718eed66
PEI,T_HDV_BS_GSL_N,2025,53.16800325295391,$M 2020CAD / k vehicles,NLR manufacturing price (RPE / 1.5); reviewed gasoline->diesel purchase proxy; Mid; CER Current Measures,T06,5,5,5,5,5,transport-cost-invest-school-buses-db3394b4:composite:1:4cfd8123718eed66
PEI,T_HDV_BS_GSL_N,2030,53.4655312378343,$M 2020CAD / k vehicles,NLR manufacturing price (RPE / 1.5); reviewed gasoline->diesel purchase proxy; Mid; CER Current Measures,T06,5,5,5,5,5,transport-cost-invest-school-buses-db3394b4:composite:1:4cfd8123718eed66
PEI,T_HDV_BS_GSL_N,2035,53.3714260725808,$M 2020CAD / k vehicles,NLR manufacturing price (RPE / 1.5); reviewed gasoline->diesel purchase proxy; Mid; CER Current Measures,T06,5,5,5,5,5,transport-cost-invest-school-buses-db3394b4:composite:1:4cfd8123718eed66
PEI,T_HDV_BS_GSL_N,2040,53.437700637583895,$M 2020CAD / k vehicles,NLR manufacturing price (RPE / 1.5); reviewed gasoline->diesel purchase proxy; Mid; CER Current Measures,T06,5,5,5,5,5,transport-cost-invest-school-buses-db3394b4:composite:1:4cfd8123718eed66
PEI,T_HDV_BS_GSL_N,2045,53.50397520258698,$M 2020CAD / k vehicles,NLR manufacturing price (RPE / 1.5); reviewed gasoline->diesel purchase proxy; Mid; CER Current Measures,T06,5,5,5,5,5,transport-cost-invest-school-buses-db3394b4:composite:1:4cfd8123718eed66
PEI,T_HDV_BT_BEV_N,2025,274.5762303654073,$M 2020CAD / k vehicles,NLR manufacturing price (RPE / 1.5); Mid; CER Current Measures,T06,5,5,5,5,5,transport-cost-invest-urban-transit-db3394b4:composite:1:0cb1db7af1a5e7c6
PEI,T_HDV_BT_BEV_N,2030,238.945043058376,$M 2020CAD / k vehicles,NLR manufacturing price (RPE / 1.5); Mid; CER Current Measures,T06,5,5,5,5,5,transport-cost-invest-urban-transit-db3394b4:composite:1:0cb1db7af1a5e7c6
PEI,T_HDV_BT_BEV_N,2035,223.4573140190256,$M 2020CAD / k vehicles,NLR manufacturing price (RPE / 1.5); Mid; CER Current Measures,T06,5,5,5,5,5,transport-cost-invest-urban-transit-db3394b4:composite:1:0cb1db7af1a5e7c6
PEI,T_HDV_BT_BEV_N,2040,213.91920126710497,$M 2020CAD / k vehicles,NLR manufacturing price (RPE / 1.5); Mid; CER Current Measures,T06,5,5,5,5,5,transport-cost-invest-urban-transit-db3394b4:composite:1:0cb1db7af1a5e7c6
PEI,T_HDV_BT_BEV_N,2045,204.38108851518436,$M 2020CAD / k vehicles,NLR manufacturing price (RPE / 1.5); Mid; CER Current Measures,T06,5,5,5,5,5,transport-cost-invest-urban-transit-db3394b4:composite:1:0cb1db7af1a5e7c6
PEI,T_HDV_BT_CNG_N,2025,168.10437279387037,$M 2020CAD / k vehicles,NLR manufacturing price (RPE / 1.5); reviewed cng->diesel purchase proxy; Mid; CER Current Measures,T06,5,5,5,5,5,transport-cost-invest-urban-transit-db3394b4:composite:1:0cb1db7af1a5e7c6
PEI,T_HDV_BT_CNG_N,2030,168.63008811554965,$M 2020CAD / k vehicles,NLR manufacturing price (RPE / 1.5); reviewed cng->diesel purchase proxy; Mid; CER Current Measures,T06,5,5,5,5,5,transport-cost-invest-urban-transit-db3394b4:composite:1:0cb1db7af1a5e7c6
PEI,T_HDV_BT_CNG_N,2035,168.74400489454072,$M 2020CAD / k vehicles,NLR manufacturing price (RPE / 1.5); reviewed cng->diesel purchase proxy; Mid; CER Current Measures,T06,5,5,5,5,5,transport-cost-invest-urban-transit-db3394b4:composite:1:0cb1db7af1a5e7c6
PEI,T_HDV_BT_CNG_N,2040,168.88528056869325,$M 2020CAD / k vehicles,NLR manufacturing price (RPE / 1.5); reviewed cng->diesel purchase proxy; Mid; CER Current Measures,T06,5,5,5,5,5,transport-cost-invest-urban-transit-db3394b4:composite:1:0cb1db7af1a5e7c6
PEI,T_HDV_BT_CNG_N,2045,169.02655624284563,$M 2020CAD / k vehicles,NLR manufacturing price (RPE / 1.5); reviewed cng->diesel purchase proxy; Mid; CER Current Measures,T06,5,5,5,5,5,transport-cost-invest-urban-transit-db3394b4:composite:1:0cb1db7af1a5e7c6
PEI,T_HDV_BT_DSL_HEV_N,2025,181.6703753006759,$M 2020CAD / k vehicles,NLR manufacturing price (RPE / 1.5); Mid; CER Current Measures,T06,5,5,5,5,5,transport-cost-invest-urban-transit-db3394b4:composite:1:0cb1db7af1a5e7c6
PEI,T_HDV_BT_DSL_HEV_N,2030,179.65737383341144,$M 2020CAD / k vehicles,NLR manufacturing price (RPE / 1.5); Mid; CER Current Measures,T06,5,5,5,5,5,transport-cost-invest-urban-transit-db3394b4:composite:1:0cb1db7af1a5e7c6
PEI,T_HDV_BT_DSL_HEV_N,2035,177.85946988672637,$M 2020CAD / k vehicles,NLR manufacturing price (RPE / 1.5); Mid; CER Current Measures,T06,5,5,5,5,5,transport-cost-invest-urban-transit-db3394b4:composite:1:0cb1db7af1a5e7c6
PEI,T_HDV_BT_DSL_HEV_N,2040,177.83211099156486,$M 2020CAD / k vehicles,NLR manufacturing price (RPE / 1.5); Mid; CER Current Measures,T06,5,5,5,5,5,transport-cost-invest-urban-transit-db3394b4:composite:1:0cb1db7af1a5e7c6
PEI,T_HDV_BT_DSL_HEV_N,2045,177.80475209640355,$M 2020CAD / k vehicles,NLR manufacturing price (RPE / 1.5); Mid; CER Current Measures,T06,5,5,5,5,5,transport-cost-invest-urban-transit-db3394b4:composite:1:0cb1db7af1a5e7c6
PEI,T_HDV_BT_DSL_N,2025,168.10437279387037,$M 2020CAD / k vehicles,NLR manufacturing price (RPE / 1.5); Mid; CER Current Measures,T06,5,5,5,5,5,transport-cost-invest-urban-transit-db3394b4:composite:1:0cb1db7af1a5e7c6
PEI,T_HDV_BT_DSL_N,2030,168.63008811554965,$M 2020CAD / k vehicles,NLR manufacturing price (RPE / 1.5); Mid; CER Current Measures,T06,5,5,5,5,5,transport-cost-invest-urban-transit-db3394b4:composite:1:0cb1db7af1a5e7c6
PEI,T_HDV_BT_DSL_N,2035,168.74400489454072,$M 2020CAD / k vehicles,NLR manufacturing price (RPE / 1.5); Mid; CER Current Measures,T06,5,5,5,5,5,transport-cost-invest-urban-transit-db3394b4:composite:1:0cb1db7af1a5e7c6
PEI,T_HDV_BT_DSL_N,2040,168.88528056869325,$M 2020CAD / k vehicles,NLR manufacturing price (RPE / 1.5); Mid; CER Current Measures,T06,5,5,5,5,5,transport-cost-invest-urban-transit-db3394b4:composite:1:0cb1db7af1a5e7c6
PEI,T_HDV_BT_DSL_N,2045,169.02655624284563,$M 2020CAD / k vehicles,NLR manufacturing price (RPE / 1.5); Mid; CER Current Measures,T06,5,5,5,5,5,transport-cost-invest-urban-transit-db3394b4:composite:1:0cb1db7af1a5e7c6
PEI,T_HDV_BT_DSL_PHEV_N,2025,259.0927466718578,$M 2020CAD / k vehicles,NLR manufacturing price (RPE / 1.5); Mid; CER Current Measures,T06,5,5,5,5,5,transport-cost-invest-urban-transit-db3394b4:composite:1:0cb1db7af1a5e7c6
PEI,T_HDV_BT_DSL_PHEV_N,2030,231.4194600686309,$M 2020CAD / k vehicles,NLR manufacturing price (RPE / 1.5); Mid; CER Current Measures,T06,5,5,5,5,5,transport-cost-invest-urban-transit-db3394b4:composite:1:0cb1db7af1a5e7c6
PEI,T_HDV_BT_DSL_PHEV_N,2035,215.48950750835243,$M 2020CAD / k vehicles,NLR manufacturing price (RPE / 1.5); Mid; CER Current Measures,T06,5,5,5,5,5,transport-cost-invest-urban-transit-db3394b4:composite:1:0cb1db7af1a5e7c6
PEI,T_HDV_BT_DSL_PHEV_N,2040,207.95920746771745,$M 2020CAD / k vehicles,NLR manufacturing price (RPE / 1.5); Mid; CER Current Measures,T06,5,5,5,5,5,transport-cost-invest-urban-transit-db3394b4:composite:1:0cb1db7af1a5e7c6
PEI,T_HDV_BT_DSL_PHEV_N,2045,200.42890742708235,$M 2020CAD / k vehicles,NLR manufacturing price (RPE / 1.5); Mid; CER Current Measures,T06,5,5,5,5,5,transport-cost-invest-urban-transit-db3394b4:composite:1:0cb1db7af1a5e7c6
PEI,T_HDV_BT_FCEV_N,2025,215.50153598812167,$M 2020CAD / k vehicles,NLR manufacturing price (RPE / 1.5); Mid; CER Current Measures,T06,5,5,5,5,5,transport-cost-invest-urban-transit-db3394b4:composite:1:0cb1db7af1a5e7c6
PEI,T_HDV_BT_FCEV_N,2030,191.4891525805455,$M 2020CAD / k vehicles,NLR manufacturing price (RPE / 1.5); Mid; CER Current Measures,T06,5,5,5,5,5,transport-cost-invest-urban-transit-db3394b4:composite:1:0cb1db7af1a5e7c6
PEI,T_HDV_BT_FCEV_N,2035,184.77018529297314,$M 2020CAD / k vehicles,NLR manufacturing price (RPE / 1.5); Mid; CER Current Measures,T06,5,5,5,5,5,transport-cost-invest-urban-transit-db3394b4:composite:1:0cb1db7af1a5e7c6
PEI,T_HDV_BT_FCEV_N,2040,183.30082394076953,$M 2020CAD / k vehicles,NLR manufacturing price (RPE / 1.5); Mid; CER Current Measures,T06,5,5,5,5,5,transport-cost-invest-urban-transit-db3394b4:composite:1:0cb1db7af1a5e7c6
PEI,T_HDV_BT_FCEV_N,2045,181.83146258856593,$M 2020CAD / k vehicles,NLR manufacturing price (RPE / 1.5); Mid; CER Current Measures,T06,5,5,5,5,5,transport-cost-invest-urban-transit-db3394b4:composite:1:0cb1db7af1a5e7c6
PEI,T_HDV_BT_FCHEV_N,2025,199.82064371482988,$M 2020CAD / k vehicles,NLR manufacturing price (RPE / 1.5); Mid; CER Current Measures,T06,5,5,5,5,5,transport-cost-invest-urban-transit-db3394b4:composite:1:0cb1db7af1a5e7c6
PEI,T_HDV_BT_FCHEV_N,2030,183.79870866219838,$M 2020CAD / k vehicles,NLR manufacturing price (RPE / 1.5); Mid; CER Current Measures,T06,5,5,5,5,5,transport-cost-invest-urban-transit-db3394b4:composite:1:0cb1db7af1a5e7c6
PEI,T_HDV_BT_FCHEV_N,2035,177.91395182450466,$M 2020CAD / k vehicles,NLR manufacturing price (RPE / 1.5); Mid; CER Current Measures,T06,5,5,5,5,5,transport-cost-invest-urban-transit-db3394b4:composite:1:0cb1db7af1a5e7c6
PEI,T_HDV_BT_FCHEV_N,2040,175.96227201880893,$M 2020CAD / k vehicles,NLR manufacturing price (RPE / 1.5); Mid; CER Current Measures,T06,5,5,5,5,5,transport-cost-invest-urban-transit-db3394b4:composite:1:0cb1db7af1a5e7c6
PEI,T_HDV_BT_FCHEV_N,2045,174.01059221311317,$M 2020CAD / k vehicles,NLR manufacturing price (RPE / 1.5); Mid; CER Current Measures,T06,5,5,5,5,5,transport-cost-invest-urban-transit-db3394b4:composite:1:0cb1db7af1a5e7c6
PEI,T_HDV_BT_GSL_N,2025,168.10437279387037,$M 2020CAD / k vehicles,NLR manufacturing price (RPE / 1.5); reviewed gasoline->diesel purchase proxy; Mid; CER Current Measures,T06,5,5,5,5,5,transport-cost-invest-urban-transit-db3394b4:composite:1:0cb1db7af1a5e7c6
PEI,T_HDV_BT_GSL_N,2030,168.63008811554965,$M 2020CAD / k vehicles,NLR manufacturing price (RPE / 1.5); reviewed gasoline->diesel purchase proxy; Mid; CER Current Measures,T06,5,5,5,5,5,transport-cost-invest-urban-transit-db3394b4:composite:1:0cb1db7af1a5e7c6
PEI,T_HDV_BT_GSL_N,2035,168.74400489454072,$M 2020CAD / k vehicles,NLR manufacturing price (RPE / 1.5); reviewed gasoline->diesel purchase proxy; Mid; CER Current Measures,T06,5,5,5,5,5,transport-cost-invest-urban-transit-db3394b4:composite:1:0cb1db7af1a5e7c6
PEI,T_HDV_BT_GSL_N,2040,168.88528056869325,$M 2020CAD / k vehicles,NLR manufacturing price (RPE / 1.5); reviewed gasoline->diesel purchase proxy; Mid; CER Current Measures,T06,5,5,5,5,5,transport-cost-invest-urban-transit-db3394b4:composite:1:0cb1db7af1a5e7c6
PEI,T_HDV_BT_GSL_N,2045,169.02655624284563,$M 2020CAD / k vehicles,NLR manufacturing price (RPE / 1.5); reviewed gasoline->diesel purchase proxy; Mid; CER Current Measures,T06,5,5,5,5,5,transport-cost-invest-urban-transit-db3394b4:composite:1:0cb1db7af1a5e7c6
PEI,T_HDV_RF_DSL_N,2025,39.10602039451965,$M 2020CAD / bn tonne-km,CIMS service CAPEX times REGEN relative multiplier; Mid; CER Current Measures,T15,5,5,5,5,5,transport-cost-invest-freight-rail-7153c4b0:composite:1:67df951b6b1f4bd6
PEI,T_HDV_RF_DSL_N,2030,39.10602039451965,$M 2020CAD / bn tonne-km,CIMS service CAPEX times REGEN relative multiplier; Mid; CER Current Measures,T15,5,5,5,5,5,transport-cost-invest-freight-rail-7153c4b0:composite:1:67df951b6b1f4bd6
PEI,T_HDV_RF_DSL_N,2035,39.10602039451965,$M 2020CAD / bn tonne-km,CIMS service CAPEX times REGEN relative multiplier; Mid; CER Current Measures,T15,5,5,5,5,5,transport-cost-invest-freight-rail-7153c4b0:composite:1:67df951b6b1f4bd6
PEI,T_HDV_RF_DSL_N,2040,39.10602039451965,$M 2020CAD / bn tonne-km,CIMS service CAPEX times REGEN relative multiplier; Mid; CER Current Measures,T15,5,5,5,5,5,transport-cost-invest-freight-rail-7153c4b0:composite:1:67df951b6b1f4bd6
PEI,T_HDV_RF_DSL_N,2045,39.10602039451965,$M 2020CAD / bn tonne-km,CIMS service CAPEX times REGEN relative multiplier; Mid; CER Current Measures,T15,5,5,5,5,5,transport-cost-invest-freight-rail-7153c4b0:composite:1:67df951b6b1f4bd6
PEI,T_HDV_RF_H2_N,2025,74.69249895353255,$M 2020CAD / bn tonne-km,CIMS service CAPEX times REGEN relative multiplier; Mid; CER Current Measures,T15,5,5,5,5,5,transport-cost-invest-freight-rail-2b87d19f:composite:1:515b0963e9e286db
PEI,T_HDV_RF_H2_N,2030,74.69249895353255,$M 2020CAD / bn tonne-km,CIMS service CAPEX times REGEN relative multiplier; Mid; CER Current Measures,T15,5,5,5,5,5,transport-cost-invest-freight-rail-2b87d19f:composite:1:515b0963e9e286db
PEI,T_HDV_RF_H2_N,2035,74.69249895353255,$M 2020CAD / bn tonne-km,CIMS service CAPEX times REGEN relative multiplier; Mid; CER Current Measures,T15,5,5,5,5,5,transport-cost-invest-freight-rail-2b87d19f:composite:1:515b0963e9e286db
PEI,T_HDV_RF_H2_N,2040,68.4355356904094,$M 2020CAD / bn tonne-km,CIMS service CAPEX times REGEN relative multiplier; Mid; CER Current Measures,T15,5,5,5,5,5,transport-cost-invest-freight-rail-2b87d19f:composite:1:515b0963e9e286db
PEI,T_HDV_RF_H2_N,2045,62.178572427286255,$M 2020CAD / bn tonne-km,CIMS service CAPEX times REGEN relative multiplier; Mid; CER Current Measures,T15,5,5,5,5,5,transport-cost-invest-freight-rail-2b87d19f:composite:1:515b0963e9e286db
PEI,T_HDV_RF_LNG_N,2025,61.39645201939587,$M 2020CAD / bn tonne-km,CIMS service CAPEX times REGEN relative multiplier; Mid; CER Current Measures,T15,5,5,5,5,5,transport-cost-invest-freight-rail-2b87d19f:composite:1:515b0963e9e286db
PEI,T_HDV_RF_LNG_N,2030,61.39645201939587,$M 2020CAD / bn tonne-km,CIMS service CAPEX times REGEN relative multiplier; Mid; CER Current Measures,T15,5,5,5,5,5,transport-cost-invest-freight-rail-2b87d19f:composite:1:515b0963e9e286db
PEI,T_HDV_RF_LNG_N,2035,61.39645201939587,$M 2020CAD / bn tonne-km,CIMS service CAPEX times REGEN relative multiplier; Mid; CER Current Measures,T15,5,5,5,5,5,transport-cost-invest-freight-rail-2b87d19f:composite:1:515b0963e9e286db
PEI,T_HDV_RF_LNG_N,2040,61.13574521676574,$M 2020CAD / bn tonne-km,CIMS service CAPEX times REGEN relative multiplier; Mid; CER Current Measures,T15,5,5,5,5,5,transport-cost-invest-freight-rail-2b87d19f:composite:1:515b0963e9e286db
PEI,T_HDV_RF_LNG_N,2045,60.87503841413561,$M 2020CAD / bn tonne-km,CIMS service CAPEX times REGEN relative multiplier; Mid; CER Current Measures,T15,5,5,5,5,5,transport-cost-invest-freight-rail-2b87d19f:composite:1:515b0963e9e286db
PEI,T_HDV_RICP_DSL_N,2025,1885.6878005906885,$M 2020CAD / bn passenger-km,CIMS service CAPEX times REGEN relative multiplier; Mid; CER Current Measures,T15,5,5,5,5,5,transport-cost-invest-passenger-rail-7153c4b0:composite:1:37d8b07bf17dc2b2
PEI,T_HDV_RICP_DSL_N,2030,1885.6878005906885,$M 2020CAD / bn passenger-km,CIMS service CAPEX times REGEN relative multiplier; Mid; CER Current Measures,T15,5,5,5,5,5,transport-cost-invest-passenger-rail-7153c4b0:composite:1:37d8b07bf17dc2b2
PEI,T_HDV_RICP_DSL_N,2035,1885.6878005906885,$M 2020CAD / bn passenger-km,CIMS service CAPEX times REGEN relative multiplier; Mid; CER Current Measures,T15,5,5,5,5,5,transport-cost-invest-passenger-rail-7153c4b0:composite:1:37d8b07bf17dc2b2
PEI,T_HDV_RICP_DSL_N,2040,1885.6878005906885,$M 2020CAD / bn passenger-km,CIMS service CAPEX times REGEN relative multiplier; Mid; CER Current Measures,T15,5,5,5,5,5,transport-cost-invest-passenger-rail-7153c4b0:composite:1:37d8b07bf17dc2b2
PEI,T_HDV_RICP_DSL_N,2045,1885.6878005906885,$M 2020CAD / bn passenger-km,CIMS service CAPEX times REGEN relative multiplier; Mid; CER Current Measures,T15,5,5,5,5,5,transport-cost-invest-passenger-rail-7153c4b0:composite:1:37d8b07bf17dc2b2
PEI,T_HDV_RICP_H2_N,2025,2168.5409706792916,$M 2020CAD / bn passenger-km,CIMS service CAPEX times REGEN relative multiplier; Mid; CER Current Measures,T15,5,5,5,5,5,transport-cost-invest-passenger-rail-2b87d19f:composite:1:5b60ef866184bd6b
PEI,T_HDV_RICP_H2_N,2030,2168.5409706792916,$M 2020CAD / bn passenger-km,CIMS service CAPEX times REGEN relative multiplier; Mid; CER Current Measures,T15,5,5,5,5,5,transport-cost-invest-passenger-rail-2b87d19f:composite:1:5b60ef866184bd6b
PEI,T_HDV_RICP_H2_N,2035,2168.5409706792916,$M 2020CAD / bn passenger-km,CIMS service CAPEX times REGEN relative multiplier; Mid; CER Current Measures,T15,5,5,5,5,5,transport-cost-invest-passenger-rail-2b87d19f:composite:1:5b60ef866184bd6b
PEI,T_HDV_RICP_H2_N,2040,2080.5422066517262,$M 2020CAD / bn passenger-km,CIMS service CAPEX times REGEN relative multiplier; Mid; CER Current Measures,T15,5,5,5,5,5,transport-cost-invest-passenger-rail-2b87d19f:composite:1:5b60ef866184bd6b
PEI,T_HDV_RICP_H2_N,2045,1992.5434426241607,$M 2020CAD / bn passenger-km,CIMS service CAPEX times REGEN relative multiplier; Mid; CER Current Measures,T15,5,5,5,5,5,transport-cost-invest-passenger-rail-2b87d19f:composite:1:5b60ef866184bd6b
PEI,T_HDV_T_BEV_N,2025,361.53169193863494,$M 2020CAD / k vehicles,NLR manufacturing price (RPE / 1.5); Mid; CER Current Measures,T06,5,5,5,5,5,transport-cost-invest-heavy-trucks-e1dceb92:composite:1:9b25f19b8719c99d
PEI,T_HDV_T_BEV_N,2030,266.8298826586958,$M 2020CAD / k vehicles,NLR manufacturing price (RPE / 1.5); Mid; CER Current Measures,T06,5,5,5,5,5,transport-cost-invest-heavy-trucks-e1dceb92:composite:1:9b25f19b8719c99d
PEI,T_HDV_T_BEV_N,2035,218.26038049739162,$M 2020CAD / k vehicles,NLR manufacturing price (RPE / 1.5); Mid; CER Current Measures,T06,5,5,5,5,5,transport-cost-invest-heavy-trucks-e1dceb92:composite:1:9b25f19b8719c99d
PEI,T_HDV_T_BEV_N,2040,196.41694934118283,$M 2020CAD / k vehicles,NLR manufacturing price (RPE / 1.5); Mid; CER Current Measures,T06,5,5,5,5,5,transport-cost-invest-heavy-trucks-e1dceb92:composite:1:9b25f19b8719c99d
PEI,T_HDV_T_BEV_N,2045,174.57351818497412,$M 2020CAD / k vehicles,NLR manufacturing price (RPE / 1.5); Mid; CER Current Measures,T06,5,5,5,5,5,transport-cost-invest-heavy-trucks-e1dceb92:composite:1:9b25f19b8719c99d
PEI,T_HDV_T_DSL_HEV_N,2025,123.08792412688196,$M 2020CAD / k vehicles,NLR manufacturing price (RPE / 1.5); Mid; CER Current Measures,T06,5,5,5,5,5,transport-cost-invest-heavy-trucks-e1dceb92:composite:1:9b25f19b8719c99d
PEI,T_HDV_T_DSL_HEV_N,2030,122.58897440699097,$M 2020CAD / k vehicles,NLR manufacturing price (RPE / 1.5); Mid; CER Current Measures,T06,5,5,5,5,5,transport-cost-invest-heavy-trucks-e1dceb92:composite:1:9b25f19b8719c99d
PEI,T_HDV_T_DSL_HEV_N,2035,122.0059577891305,$M 2020CAD / k vehicles,NLR manufacturing price (RPE / 1.5); Mid; CER Current Measures,T06,5,5,5,5,5,transport-cost-invest-heavy-trucks-e1dceb92:composite:1:9b25f19b8719c99d
PEI,T_HDV_T_DSL_HEV_N,2040,122.51900913995995,$M 2020CAD / k vehicles,NLR manufacturing price (RPE / 1.5); Mid; CER Current Measures,T06,5,5,5,5,5,transport-cost-invest-heavy-trucks-e1dceb92:composite:1:9b25f19b8719c99d
PEI,T_HDV_T_DSL_HEV_N,2045,123.03206049078932,$M 2020CAD / k vehicles,NLR manufacturing price (RPE / 1.5); Mid; CER Current Measures,T06,5,5,5,5,5,transport-cost-invest-heavy-trucks-e1dceb92:composite:1:9b25f19b8719c99d
PEI,T_HDV_T_DSL_N,2025,112.4744961693863,$M 2020CAD / k vehicles,NLR manufacturing price (RPE / 1.5); Mid; CER Current Measures,T06,5,5,5,5,5,transport-cost-invest-heavy-trucks-e1dceb92:composite:1:9b25f19b8719c99d
PEI,T_HDV_T_DSL_N,2030,113.2058514231423,$M 2020CAD / k vehicles,NLR manufacturing price (RPE / 1.5); Mid; CER Current Measures,T06,5,5,5,5,5,transport-cost-invest-heavy-trucks-e1dceb92:composite:1:9b25f19b8719c99d
PEI,T_HDV_T_DSL_N,2035,113.64146344727453,$M 2020CAD / k vehicles,NLR manufacturing price (RPE / 1.5); Mid; CER Current Measures,T06,5,5,5,5,5,transport-cost-invest-heavy-trucks-e1dceb92:composite:1:9b25f19b8719c99d
PEI,T_HDV_T_DSL_N,2040,114.30748764144867,$M 2020CAD / k vehicles,NLR manufacturing price (RPE / 1.5); Mid; CER Current Measures,T06,5,5,5,5,5,transport-cost-invest-heavy-trucks-e1dceb92:composite:1:9b25f19b8719c99d
PEI,T_HDV_T_DSL_N,2045,114.97351183562283,$M 2020CAD / k vehicles,NLR manufacturing price (RPE / 1.5); Mid; CER Current Measures,T06,5,5,5,5,5,transport-cost-invest-heavy-trucks-e1dceb92:composite:1:9b25f19b8719c99d
PEI,T_HDV_T_DSL_PHEV_N,2025,337.3758226807699,$M 2020CAD / k vehicles,NLR manufacturing price (RPE / 1.5); Mid; CER Current Measures,T06,5,5,5,5,5,transport-cost-invest-heavy-trucks-e1dceb92:composite:1:9b25f19b8719c99d
PEI,T_HDV_T_DSL_PHEV_N,2030,257.78474384571416,$M 2020CAD / k vehicles,NLR manufacturing price (RPE / 1.5); Mid; CER Current Measures,T06,5,5,5,5,5,transport-cost-invest-heavy-trucks-e1dceb92:composite:1:9b25f19b8719c99d
PEI,T_HDV_T_DSL_PHEV_N,2035,213.0672806344664,$M 2020CAD / k vehicles,NLR manufacturing price (RPE / 1.5); Mid; CER Current Measures,T06,5,5,5,5,5,transport-cost-invest-heavy-trucks-e1dceb92:composite:1:9b25f19b8719c99d
PEI,T_HDV_T_DSL_PHEV_N,2040,194.31124321542654,$M 2020CAD / k vehicles,NLR manufacturing price (RPE / 1.5); Mid; CER Current Measures,T06,5,5,5,5,5,transport-cost-invest-heavy-trucks-e1dceb92:composite:1:9b25f19b8719c99d
PEI,T_HDV_T_DSL_PHEV_N,2045,175.55520579638667,$M 2020CAD / k vehicles,NLR manufacturing price (RPE / 1.5); Mid; CER Current Measures,T06,5,5,5,5,5,transport-cost-invest-heavy-trucks-e1dceb92:composite:1:9b25f19b8719c99d
PEI,T_HDV_T_FCEV_N,2025,208.27665925029373,$M 2020CAD / k vehicles,NLR manufacturing price (RPE / 1.5); Mid; CER Current Measures,T06,5,5,5,5,5,transport-cost-invest-heavy-trucks-e1dceb92:composite:1:9b25f19b8719c99d
PEI,T_HDV_T_FCEV_N,2030,148.96488122404736,$M 2020CAD / k vehicles,NLR manufacturing price (RPE / 1.5); Mid; CER Current Measures,T06,5,5,5,5,5,transport-cost-invest-heavy-trucks-e1dceb92:composite:1:9b25f19b8719c99d
PEI,T_HDV_T_FCEV_N,2035,134.45496184769448,$M 2020CAD / k vehicles,NLR manufacturing price (RPE / 1.5); Mid; CER Current Measures,T06,5,5,5,5,5,transport-cost-invest-heavy-trucks-e1dceb92:composite:1:9b25f19b8719c99d
PEI,T_HDV_T_FCEV_N,2040,131.37798206042746,$M 2020CAD / k vehicles,NLR manufacturing price (RPE / 1.5); Mid; CER Current Measures,T06,5,5,5,5,5,transport-cost-invest-heavy-trucks-e1dceb92:composite:1:9b25f19b8719c99d
PEI,T_HDV_T_FCEV_N,2045,128.30100227316052,$M 2020CAD / k vehicles,NLR manufacturing price (RPE / 1.5); Mid; CER Current Measures,T06,5,5,5,5,5,transport-cost-invest-heavy-trucks-e1dceb92:composite:1:9b25f19b8719c99d
PEI,T_HDV_T_FCHEV_N,2025,173.16091154621384,$M 2020CAD / k vehicles,NLR manufacturing price (RPE / 1.5); Mid; CER Current Measures,T06,5,5,5,5,5,transport-cost-invest-heavy-trucks-e1dceb92:composite:1:9b25f19b8719c99d
PEI,T_HDV_T_FCHEV_N,2030,133.79505022342093,$M 2020CAD / k vehicles,NLR manufacturing price (RPE / 1.5); Mid; CER Current Measures,T06,5,5,5,5,5,transport-cost-invest-heavy-trucks-e1dceb92:composite:1:9b25f19b8719c99d
PEI,T_HDV_T_FCHEV_N,2035,121.0151959153991,$M 2020CAD / k vehicles,NLR manufacturing price (RPE / 1.5); Mid; CER Current Measures,T06,5,5,5,5,5,transport-cost-invest-heavy-trucks-e1dceb92:composite:1:9b25f19b8719c99d
PEI,T_HDV_T_FCHEV_N,2040,116.8078514424395,$M 2020CAD / k vehicles,NLR manufacturing price (RPE / 1.5); Mid; CER Current Measures,T06,5,5,5,5,5,transport-cost-invest-heavy-trucks-e1dceb92:composite:1:9b25f19b8719c99d
PEI,T_HDV_T_FCHEV_N,2045,112.60050696947992,$M 2020CAD / k vehicles,NLR manufacturing price (RPE / 1.5); Mid; CER Current Measures,T06,5,5,5,5,5,transport-cost-invest-heavy-trucks-e1dceb92:composite:1:9b25f19b8719c99d
PEI,T_HDV_WTF_HFO_N,2025,159.71497923605244,$M 2020CAD / bn tonne-km,CIMS service CAPEX times REGEN relative multiplier; Mid; CER Current Measures,T15,5,5,5,5,5,transport-cost-invest-freight-marine-7153c4b0:composite:1:6ed78a0e5715890a
PEI,T_HDV_WTF_HFO_N,2030,159.71497923605244,$M 2020CAD / bn tonne-km,CIMS service CAPEX times REGEN relative multiplier; Mid; CER Current Measures,T15,5,5,5,5,5,transport-cost-invest-freight-marine-7153c4b0:composite:1:6ed78a0e5715890a
PEI,T_HDV_WTF_HFO_N,2035,159.71497923605244,$M 2020CAD / bn tonne-km,CIMS service CAPEX times REGEN relative multiplier; Mid; CER Current Measures,T15,5,5,5,5,5,transport-cost-invest-freight-marine-7153c4b0:composite:1:6ed78a0e5715890a
PEI,T_HDV_WTF_HFO_N,2040,159.71497923605244,$M 2020CAD / bn tonne-km,CIMS service CAPEX times REGEN relative multiplier; Mid; CER Current Measures,T15,5,5,5,5,5,transport-cost-invest-freight-marine-7153c4b0:composite:1:6ed78a0e5715890a
PEI,T_HDV_WTF_HFO_N,2045,159.71497923605244,$M 2020CAD / bn tonne-km,CIMS service CAPEX times REGEN relative multiplier; Mid; CER Current Measures,T15,5,5,5,5,5,transport-cost-invest-freight-marine-7153c4b0:composite:1:6ed78a0e5715890a
PEI,T_HDV_WTF_LNG_N,2025,167.70072819785508,$M 2020CAD / bn tonne-km,CIMS service CAPEX times REGEN relative multiplier; Mid; CER Current Measures,T15,5,5,5,5,5,transport-cost-invest-freight-marine-2b87d19f:composite:1:ad7b13db5806a90b
PEI,T_HDV_WTF_LNG_N,2030,167.70072819785508,$M 2020CAD / bn tonne-km,CIMS service CAPEX times REGEN relative multiplier; Mid; CER Current Measures,T15,5,5,5,5,5,transport-cost-invest-freight-marine-2b87d19f:composite:1:ad7b13db5806a90b
PEI,T_HDV_WTF_LNG_N,2035,167.70072819785508,$M 2020CAD / bn tonne-km,CIMS service CAPEX times REGEN relative multiplier; Mid; CER Current Measures,T15,5,5,5,5,5,transport-cost-invest-freight-marine-2b87d19f:composite:1:ad7b13db5806a90b
PEI,T_HDV_WTF_LNG_N,2040,167.70072819785508,$M 2020CAD / bn tonne-km,CIMS service CAPEX times REGEN relative multiplier; Mid; CER Current Measures,T15,5,5,5,5,5,transport-cost-invest-freight-marine-2b87d19f:composite:1:ad7b13db5806a90b
PEI,T_HDV_WTF_LNG_N,2045,167.70072819785508,$M 2020CAD / bn tonne-km,CIMS service CAPEX times REGEN relative multiplier; Mid; CER Current Measures,T15,5,5,5,5,5,transport-cost-invest-freight-marine-2b87d19f:composite:1:ad7b13db5806a90b
PEI,T_HDV_WTF_MDO_N,2025,159.71497923605244,$M 2020CAD / bn tonne-km,CIMS service CAPEX times REGEN relative multiplier; Mid; CER Current Measures,T15,5,5,5,5,5,transport-cost-invest-freight-marine-7153c4b0:composite:1:6ed78a0e5715890a
PEI,T_HDV_WTF_MDO_N,2030,159.71497923605244,$M 2020CAD / bn tonne-km,CIMS service CAPEX times REGEN relative multiplier; Mid; CER Current Measures,T15,5,5,5,5,5,transport-cost-invest-freight-marine-7153c4b0:composite:1:6ed78a0e5715890a
PEI,T_HDV_WTF_MDO_N,2035,159.71497923605244,$M 2020CAD / bn tonne-km,CIMS service CAPEX times REGEN relative multiplier; Mid; CER Current Measures,T15,5,5,5,5,5,transport-cost-invest-freight-marine-7153c4b0:composite:1:6ed78a0e5715890a
PEI,T_HDV_WTF_MDO_N,2040,159.71497923605244,$M 2020CAD / bn tonne-km,CIMS service CAPEX times REGEN relative multiplier; Mid; CER Current Measures,T15,5,5,5,5,5,transport-cost-invest-freight-marine-7153c4b0:composite:1:6ed78a0e5715890a
PEI,T_HDV_WTF_MDO_N,2045,159.71497923605244,$M 2020CAD / bn tonne-km,CIMS service CAPEX times REGEN relative multiplier; Mid; CER Current Measures,T15,5,5,5,5,5,transport-cost-invest-freight-marine-7153c4b0:composite:1:6ed78a0e5715890a
PEI,T_LDV_C_BEV150_N,2025,16.801003190903973,$M 2020CAD / k vehicles,NLR manufacturing price (RPE / 1.5); Mid; CER Current Measures,T06,5,5,5,5,5,transport-cost-invest-cars-17ac5a44:composite:1:6c9511ec7d0fa9a6
PEI,T_LDV_C_BEV150_N,2030,15.869353538567474,$M 2020CAD / k vehicles,NLR manufacturing price (RPE / 1.5); Mid; CER Current Measures,T06,5,5,5,5,5,transport-cost-invest-cars-17ac5a44:composite:1:6c9511ec7d0fa9a6
PEI,T_LDV_C_BEV150_N,2035,14.83975417546046,$M 2020CAD / k vehicles,NLR manufacturing price (RPE / 1.5); Mid; CER Current Measures,T06,5,5,5,5,5,transport-cost-invest-cars-17ac5a44:composite:1:6c9511ec7d0fa9a6
PEI,T_LDV_C_BEV150_N,2040,14.463386506311748,$M 2020CAD / k vehicles,NLR manufacturing price (RPE / 1.5); Mid; CER Current Measures,T06,5,5,5,5,5,transport-cost-invest-cars-17ac5a44:composite:1:6c9511ec7d0fa9a6
PEI,T_LDV_C_BEV150_N,2045,14.087018837163033,$M 2020CAD / k vehicles,NLR manufacturing price (RPE / 1.5); Mid; CER Current Measures,T06,5,5,5,5,5,transport-cost-invest-cars-17ac5a44:composite:1:6c9511ec7d0fa9a6
PEI,T_LDV_C_BEV200_N,2025,18.450588718181724,$M 2020CAD / k vehicles,NLR manufacturing price (RPE / 1.5); Mid; CER Current Measures,T06,5,5,5,5,5,transport-cost-invest-cars-17ac5a44:composite:1:6c9511ec7d0fa9a6
PEI,T_LDV_C_BEV200_N,2030,17.075432556783035,$M 2020CAD / k vehicles,NLR manufacturing price (RPE / 1.5); Mid; CER Current Measures,T06,5,5,5,5,5,transport-cost-invest-cars-17ac5a44:composite:1:6c9511ec7d0fa9a6
PEI,T_LDV_C_BEV200_N,2035,16.064052800119892,$M 2020CAD / k vehicles,NLR manufacturing price (RPE / 1.5); Mid; CER Current Measures,T06,5,5,5,5,5,transport-cost-invest-cars-17ac5a44:composite:1:6c9511ec7d0fa9a6
PEI,T_LDV_C_BEV200_N,2040,15.570840343740123,$M 2020CAD / k vehicles,NLR manufacturing price (RPE / 1.5); Mid; CER Current Measures,T06,5,5,5,5,5,transport-cost-invest-cars-17ac5a44:composite:1:6c9511ec7d0fa9a6
PEI,T_LDV_C_BEV200_N,2045,15.077627887360357,$M 2020CAD / k vehicles,NLR manufacturing price (RPE / 1.5); Mid; CER Current Measures,T06,5,5,5,5,5,transport-cost-invest-cars-17ac5a44:composite:1:6c9511ec7d0fa9a6
PEI,T_LDV_C_BEV300_N,2025,21.64471662156811,$M 2020CAD / k vehicles,NLR manufacturing price (RPE / 1.5); Mid; CER Current Measures,T06,5,5,5,5,5,transport-cost-invest-cars-17ac5a44:composite:1:6c9511ec7d0fa9a6
PEI,T_LDV_C_BEV300_N,2030,20.127401795353926,$M 2020CAD / k vehicles,NLR manufacturing price (RPE / 1.5); Mid; CER Current Measures,T06,5,5,5,5,5,transport-cost-invest-cars-17ac5a44:composite:1:6c9511ec7d0fa9a6
PEI,T_LDV_C_BEV300_N,2035,18.51224924915488,$M 2020CAD / k vehicles,NLR manufacturing price (RPE / 1.5); Mid; CER Current Measures,T06,5,5,5,5,5,transport-cost-invest-cars-17ac5a44:composite:1:6c9511ec7d0fa9a6
PEI,T_LDV_C_BEV300_N,2040,17.8051222661988,$M 2020CAD / k vehicles,NLR manufacturing price (RPE / 1.5); Mid; CER Current Measures,T06,5,5,5,5,5,transport-cost-invest-cars-17ac5a44:composite:1:6c9511ec7d0fa9a6
PEI,T_LDV_C_BEV300_N,2045,17.097995283242717,$M 2020CAD / k vehicles,NLR manufacturing price (RPE / 1.5); Mid; CER Current Measures,T06,5,5,5,5,5,transport-cost-invest-cars-17ac5a44:composite:1:6c9511ec7d0fa9a6
PEI,T_LDV_C_BEV400_N,2025,26.871404576953083,$M 2020CAD / k vehicles,NLR manufacturing price (RPE / 1.5); Mid; CER Current Measures,T06,5,5,5,5,5,transport-cost-invest-cars-17ac5a44:composite:1:6c9511ec7d0fa9a6
PEI,T_LDV_C_BEV400_N,2030,23.992811545238926,$M 2020CAD / k vehicles,NLR manufacturing price (RPE / 1.5); Mid; CER Current Measures,T06,5,5,5,5,5,transport-cost-invest-cars-17ac5a44:composite:1:6c9511ec7d0fa9a6
PEI,T_LDV_C_BEV400_N,2035,21.55181606660899,$M 2020CAD / k vehicles,NLR manufacturing price (RPE / 1.5); Mid; CER Current Measures,T06,5,5,5,5,5,transport-cost-invest-cars-17ac5a44:composite:1:6c9511ec7d0fa9a6
PEI,T_LDV_C_BEV400_N,2040,20.669024477781626,$M 2020CAD / k vehicles,NLR manufacturing price (RPE / 1.5); Mid; CER Current Measures,T06,5,5,5,5,5,transport-cost-invest-cars-17ac5a44:composite:1:6c9511ec7d0fa9a6
PEI,T_LDV_C_BEV400_N,2045,19.786232888954267,$M 2020CAD / k vehicles,NLR manufacturing price (RPE / 1.5); Mid; CER Current Measures,T06,5,5,5,5,5,transport-cost-invest-cars-17ac5a44:composite:1:6c9511ec7d0fa9a6
PEI,T_LDV_C_CNG_N,2025,23.453108528211796,$M 2020CAD / k vehicles,NLR manufacturing price (RPE / 1.5); Mid; CER Current Measures,T06,5,5,5,5,5,transport-cost-invest-cars-17ac5a44:composite:1:6c9511ec7d0fa9a6
PEI,T_LDV_C_CNG_N,2030,23.465204181505534,$M 2020CAD / k vehicles,NLR manufacturing price (RPE / 1.5); Mid; CER Current Measures,T06,5,5,5,5,5,transport-cost-invest-cars-17ac5a44:composite:1:6c9511ec7d0fa9a6
PEI,T_LDV_C_CNG_N,2035,23.51720295021423,$M 2020CAD / k vehicles,NLR manufacturing price (RPE / 1.5); Mid; CER Current Measures,T06,5,5,5,5,5,transport-cost-invest-cars-17ac5a44:composite:1:6c9511ec7d0fa9a6
PEI,T_LDV_C_CNG_N,2040,23.486199536200548,$M 2020CAD / k vehicles,NLR manufacturing price (RPE / 1.5); Mid; CER Current Measures,T06,5,5,5,5,5,transport-cost-invest-cars-17ac5a44:composite:1:6c9511ec7d0fa9a6
PEI,T_LDV_C_CNG_N,2045,23.455196122186884,$M 2020CAD / k vehicles,NLR manufacturing price (RPE / 1.5); Mid; CER Current Measures,T06,5,5,5,5,5,transport-cost-invest-cars-17ac5a44:composite:1:6c9511ec7d0fa9a6
PEI,T_LDV_C_DSL_N,2025,21.616273204696757,$M 2020CAD / k vehicles,NLR manufacturing price (RPE / 1.5); Mid; CER Current Measures,T06,5,5,5,5,5,transport-cost-invest-cars-17ac5a44:composite:1:6c9511ec7d0fa9a6
PEI,T_LDV_C_DSL_N,2030,21.664120670538832,$M 2020CAD / k vehicles,NLR manufacturing price (RPE / 1.5); Mid; CER Current Measures,T06,5,5,5,5,5,transport-cost-invest-cars-17ac5a44:composite:1:6c9511ec7d0fa9a6
PEI,T_LDV_C_DSL_N,2035,21.697015383143423,$M 2020CAD / k vehicles,NLR manufacturing price (RPE / 1.5); Mid; CER Current Measures,T06,5,5,5,5,5,transport-cost-invest-cars-17ac5a44:composite:1:6c9511ec7d0fa9a6
PEI,T_LDV_C_DSL_N,2040,21.66589628197499,$M 2020CAD / k vehicles,NLR manufacturing price (RPE / 1.5); Mid; CER Current Measures,T06,5,5,5,5,5,transport-cost-invest-cars-17ac5a44:composite:1:6c9511ec7d0fa9a6
PEI,T_LDV_C_DSL_N,2045,21.634777180806548,$M 2020CAD / k vehicles,NLR manufacturing price (RPE / 1.5); Mid; CER Current Measures,T06,5,5,5,5,5,transport-cost-invest-cars-17ac5a44:composite:1:6c9511ec7d0fa9a6
PEI,T_LDV_C_FCEV400_N,2025,24.286118891416027,$M 2020CAD / k vehicles,NLR manufacturing price (RPE / 1.5); Mid; CER Current Measures,T06,5,5,5,5,5,transport-cost-invest-cars-17ac5a44:composite:1:6c9511ec7d0fa9a6
PEI,T_LDV_C_FCEV400_N,2030,22.43387181478082,$M 2020CAD / k vehicles,NLR manufacturing price (RPE / 1.5); Mid; CER Current Measures,T06,5,5,5,5,5,transport-cost-invest-cars-17ac5a44:composite:1:6c9511ec7d0fa9a6
PEI,T_LDV_C_FCEV400_N,2035,20.99196339019948,$M 2020CAD / k vehicles,NLR manufacturing price (RPE / 1.5); Mid; CER Current Measures,T06,5,5,5,5,5,transport-cost-invest-cars-17ac5a44:composite:1:6c9511ec7d0fa9a6
PEI,T_LDV_C_FCEV400_N,2040,20.525515721130493,$M 2020CAD / k vehicles,NLR manufacturing price (RPE / 1.5); Mid; CER Current Measures,T06,5,5,5,5,5,transport-cost-invest-cars-17ac5a44:composite:1:6c9511ec7d0fa9a6
PEI,T_LDV_C_FCEV400_N,2045,20.059068052061516,$M 2020CAD / k vehicles,NLR manufacturing price (RPE / 1.5); Mid; CER Current Measures,T06,5,5,5,5,5,transport-cost-invest-cars-17ac5a44:composite:1:6c9511ec7d0fa9a6
PEI,T_LDV_C_GSL_HEV_N,2025,20.068117018651932,$M 2020CAD / k vehicles,NLR manufacturing price (RPE / 1.5); Mid; CER Current Measures,T06,5,5,5,5,5,transport-cost-invest-cars-17ac5a44:composite:1:6c9511ec7d0fa9a6
PEI,T_LDV_C_GSL_HEV_N,2030,19.480143337341726,$M 2020CAD / k vehicles,NLR manufacturing price (RPE / 1.5); Mid; CER Current Measures,T06,5,5,5,5,5,transport-cost-invest-cars-17ac5a44:composite:1:6c9511ec7d0fa9a6
PEI,T_LDV_C_GSL_HEV_N,2035,19.11592132553458,$M 2020CAD / k vehicles,NLR manufacturing price (RPE / 1.5); Mid; CER Current Measures,T06,5,5,5,5,5,transport-cost-invest-cars-17ac5a44:composite:1:6c9511ec7d0fa9a6
PEI,T_LDV_C_GSL_HEV_N,2040,18.86171930229058,$M 2020CAD / k vehicles,NLR manufacturing price (RPE / 1.5); Mid; CER Current Measures,T06,5,5,5,5,5,transport-cost-invest-cars-17ac5a44:composite:1:6c9511ec7d0fa9a6
PEI,T_LDV_C_GSL_HEV_N,2045,18.607517279046583,$M 2020CAD / k vehicles,NLR manufacturing price (RPE / 1.5); Mid; CER Current Measures,T06,5,5,5,5,5,transport-cost-invest-cars-17ac5a44:composite:1:6c9511ec7d0fa9a6
PEI,T_LDV_C_GSL_N,2025,18.099727473265236,$M 2020CAD / k vehicles,NLR manufacturing price (RPE / 1.5); Mid; CER Current Measures,T06,5,5,5,5,5,transport-cost-invest-cars-17ac5a44:composite:1:6c9511ec7d0fa9a6
PEI,T_LDV_C_GSL_N,2030,18.568779974193454,$M 2020CAD / k vehicles,NLR manufacturing price (RPE / 1.5); Mid; CER Current Measures,T06,5,5,5,5,5,transport-cost-invest-cars-17ac5a44:composite:1:6c9511ec7d0fa9a6
PEI,T_LDV_C_GSL_N,2035,19.547500130824435,$M 2020CAD / k vehicles,NLR manufacturing price (RPE / 1.5); Mid; CER Current Measures,T06,5,5,5,5,5,transport-cost-invest-cars-17ac5a44:composite:1:6c9511ec7d0fa9a6
PEI,T_LDV_C_GSL_N,2040,19.51661240396554,$M 2020CAD / k vehicles,NLR manufacturing price (RPE / 1.5); Mid; CER Current Measures,T06,5,5,5,5,5,transport-cost-invest-cars-17ac5a44:composite:1:6c9511ec7d0fa9a6
PEI,T_LDV_C_GSL_N,2045,19.485724677106628,$M 2020CAD / k vehicles,NLR manufacturing price (RPE / 1.5); Mid; CER Current Measures,T06,5,5,5,5,5,transport-cost-invest-cars-17ac5a44:composite:1:6c9511ec7d0fa9a6
PEI,T_LDV_C_GSL_PHEV35_N,2025,21.329665367851863,$M 2020CAD / k vehicles,NLR manufacturing price (RPE / 1.5); Mid; CER Current Measures,T06,5,5,5,5,5,transport-cost-invest-cars-17ac5a44:composite:1:6c9511ec7d0fa9a6
PEI,T_LDV_C_GSL_PHEV35_N,2030,20.243582306410154,$M 2020CAD / k vehicles,NLR manufacturing price (RPE / 1.5); Mid; CER Current Measures,T06,5,5,5,5,5,transport-cost-invest-cars-17ac5a44:composite:1:6c9511ec7d0fa9a6
PEI,T_LDV_C_GSL_PHEV35_N,2035,19.51060185521329,$M 2020CAD / k vehicles,NLR manufacturing price (RPE / 1.5); Mid; CER Current Measures,T06,5,5,5,5,5,transport-cost-invest-cars-17ac5a44:composite:1:6c9511ec7d0fa9a6
PEI,T_LDV_C_GSL_PHEV35_N,2040,19.119066477548746,$M 2020CAD / k vehicles,NLR manufacturing price (RPE / 1.5); Mid; CER Current Measures,T06,5,5,5,5,5,transport-cost-invest-cars-17ac5a44:composite:1:6c9511ec7d0fa9a6
PEI,T_LDV_C_GSL_PHEV35_N,2045,18.727531099884192,$M 2020CAD / k vehicles,NLR manufacturing price (RPE / 1.5); Mid; CER Current Measures,T06,5,5,5,5,5,transport-cost-invest-cars-17ac5a44:composite:1:6c9511ec7d0fa9a6
PEI,T_LDV_C_GSL_PHEV50_N,2025,22.408614632413034,$M 2020CAD / k vehicles,NLR manufacturing price (RPE / 1.5); Mid; CER Current Measures,T06,5,5,5,5,5,transport-cost-invest-cars-17ac5a44:composite:1:6c9511ec7d0fa9a6
PEI,T_LDV_C_GSL_PHEV50_N,2030,21.11719207550682,$M 2020CAD / k vehicles,NLR manufacturing price (RPE / 1.5); Mid; CER Current Measures,T06,5,5,5,5,5,transport-cost-invest-cars-17ac5a44:composite:1:6c9511ec7d0fa9a6
PEI,T_LDV_C_GSL_PHEV50_N,2035,20.22391623356339,$M 2020CAD / k vehicles,NLR manufacturing price (RPE / 1.5); Mid; CER Current Measures,T06,5,5,5,5,5,transport-cost-invest-cars-17ac5a44:composite:1:6c9511ec7d0fa9a6
PEI,T_LDV_C_GSL_PHEV50_N,2040,19.775126157686778,$M 2020CAD / k vehicles,NLR manufacturing price (RPE / 1.5); Mid; CER Current Measures,T06,5,5,5,5,5,transport-cost-invest-cars-17ac5a44:composite:1:6c9511ec7d0fa9a6
PEI,T_LDV_C_GSL_PHEV50_N,2045,19.326336081810155,$M 2020CAD / k vehicles,NLR manufacturing price (RPE / 1.5); Mid; CER Current Measures,T06,5,5,5,5,5,transport-cost-invest-cars-17ac5a44:composite:1:6c9511ec7d0fa9a6
PEI,T_LDV_LTF_BEV150_N,2025,23.198054549055403,$M 2020CAD / k vehicles,NLR manufacturing price (RPE / 1.5); Mid; CER Current Measures,T06,5,5,5,5,5,transport-cost-invest-freight-light-trucks-17ac5a44:composite:1:f148ff7e78890547
PEI,T_LDV_LTF_BEV150_N,2030,21.74990711330167,$M 2020CAD / k vehicles,NLR manufacturing price (RPE / 1.5); Mid; CER Current Measures,T06,5,5,5,5,5,transport-cost-invest-freight-light-trucks-17ac5a44:composite:1:f148ff7e78890547
PEI,T_LDV_LTF_BEV150_N,2035,20.655907447622376,$M 2020CAD / k vehicles,NLR manufacturing price (RPE / 1.5); Mid; CER Current Measures,T06,5,5,5,5,5,transport-cost-invest-freight-light-trucks-17ac5a44:composite:1:f148ff7e78890547
PEI,T_LDV_LTF_BEV150_N,2040,20.10871521160944,$M 2020CAD / k vehicles,NLR manufacturing price (RPE / 1.5); Mid; CER Current Measures,T06,5,5,5,5,5,transport-cost-invest-freight-light-trucks-17ac5a44:composite:1:f148ff7e78890547
PEI,T_LDV_LTF_BEV150_N,2045,19.56152297559651,$M 2020CAD / k vehicles,NLR manufacturing price (RPE / 1.5); Mid; CER Current Measures,T06,5,5,5,5,5,transport-cost-invest-freight-light-trucks-17ac5a44:composite:1:f148ff7e78890547
PEI,T_LDV_LTF_BEV200_N,2025,25.329852285373793,$M 2020CAD / k vehicles,NLR manufacturing price (RPE / 1.5); Mid; CER Current Measures,T06,5,5,5,5,5,transport-cost-invest-freight-light-trucks-17ac5a44:composite:1:f148ff7e78890547
PEI,T_LDV_LTF_BEV200_N,2030,23.716184211003593,$M 2020CAD / k vehicles,NLR manufacturing price (RPE / 1.5); Mid; CER Current Measures,T06,5,5,5,5,5,transport-cost-invest-freight-light-trucks-17ac5a44:composite:1:f148ff7e78890547
PEI,T_LDV_LTF_BEV200_N,2035,22.236253814604407,$M 2020CAD / k vehicles,NLR manufacturing price (RPE / 1.5); Mid; CER Current Measures,T06,5,5,5,5,5,transport-cost-invest-freight-light-trucks-17ac5a44:composite:1:f148ff7e78890547
PEI,T_LDV_LTF_BEV200_N,2040,21.5507721961262,$M 2020CAD / k vehicles,NLR manufacturing price (RPE / 1.5); Mid; CER Current Measures,T06,5,5,5,5,5,transport-cost-invest-freight-light-trucks-17ac5a44:composite:1:f148ff7e78890547
PEI,T_LDV_LTF_BEV200_N,2045,20.86529057764799,$M 2020CAD / k vehicles,NLR manufacturing price (RPE / 1.5); Mid; CER Current Measures,T06,5,5,5,5,5,transport-cost-invest-freight-light-trucks-17ac5a44:composite:1:f148ff7e78890547
PEI,T_LDV_LTF_BEV300_N,2025,29.844256602098493,$M 2020CAD / k vehicles,NLR manufacturing price (RPE / 1.5); Mid; CER Current Measures,T06,5,5,5,5,5,transport-cost-invest-freight-light-trucks-17ac5a44:composite:1:f148ff7e78890547
PEI,T_LDV_LTF_BEV300_N,2030,27.510148965283708,$M 2020CAD / k vehicles,NLR manufacturing price (RPE / 1.5); Mid; CER Current Measures,T06,5,5,5,5,5,transport-cost-invest-freight-light-trucks-17ac5a44:composite:1:f148ff7e78890547
PEI,T_LDV_LTF_BEV300_N,2035,25.31530268754287,$M 2020CAD / k vehicles,NLR manufacturing price (RPE / 1.5); Mid; CER Current Measures,T06,5,5,5,5,5,transport-cost-invest-freight-light-trucks-17ac5a44:composite:1:f148ff7e78890547
PEI,T_LDV_LTF_BEV300_N,2040,24.427240043847814,$M 2020CAD / k vehicles,NLR manufacturing price (RPE / 1.5); Mid; CER Current Measures,T06,5,5,5,5,5,transport-cost-invest-freight-light-trucks-17ac5a44:composite:1:f148ff7e78890547
PEI,T_LDV_LTF_BEV300_N,2045,23.539177400152745,$M 2020CAD / k vehicles,NLR manufacturing price (RPE / 1.5); Mid; CER Current Measures,T06,5,5,5,5,5,transport-cost-invest-freight-light-trucks-17ac5a44:composite:1:f148ff7e78890547
PEI,T_LDV_LTF_BEV400_N,2025,36.584254888203446,$M 2020CAD / k vehicles,NLR manufacturing price (RPE / 1.5); Mid; CER Current Measures,T06,5,5,5,5,5,transport-cost-invest-freight-light-trucks-17ac5a44:composite:1:f148ff7e78890547
PEI,T_LDV_LTF_BEV400_N,2030,33.037308850618835,$M 2020CAD / k vehicles,NLR manufacturing price (RPE / 1.5); Mid; CER Current Measures,T06,5,5,5,5,5,transport-cost-invest-freight-light-trucks-17ac5a44:composite:1:f148ff7e78890547
PEI,T_LDV_LTF_BEV400_N,2035,30.02648837692175,$M 2020CAD / k vehicles,NLR manufacturing price (RPE / 1.5); Mid; CER Current Measures,T06,5,5,5,5,5,transport-cost-invest-freight-light-trucks-17ac5a44:composite:1:f148ff7e78890547
PEI,T_LDV_LTF_BEV400_N,2040,28.662275803539924,$M 2020CAD / k vehicles,NLR manufacturing price (RPE / 1.5); Mid; CER Current Measures,T06,5,5,5,5,5,transport-cost-invest-freight-light-trucks-17ac5a44:composite:1:f148ff7e78890547
PEI,T_LDV_LTF_BEV400_N,2045,27.298063230158085,$M 2020CAD / k vehicles,NLR manufacturing price (RPE / 1.5); Mid; CER Current Measures,T06,5,5,5,5,5,transport-cost-invest-freight-light-trucks-17ac5a44:composite:1:f148ff7e78890547
PEI,T_LDV_LTF_CNG_N,2025,28.202584348161018,$M 2020CAD / k vehicles,NLR manufacturing price (RPE / 1.5); Mid; CER Current Measures,T06,5,5,5,5,5,transport-cost-invest-freight-light-trucks-17ac5a44:composite:1:f148ff7e78890547
PEI,T_LDV_LTF_CNG_N,2030,28.221438791034974,$M 2020CAD / k vehicles,NLR manufacturing price (RPE / 1.5); Mid; CER Current Measures,T06,5,5,5,5,5,transport-cost-invest-freight-light-trucks-17ac5a44:composite:1:f148ff7e78890547
PEI,T_LDV_LTF_CNG_N,2035,28.26637565972034,$M 2020CAD / k vehicles,NLR manufacturing price (RPE / 1.5); Mid; CER Current Measures,T06,5,5,5,5,5,transport-cost-invest-freight-light-trucks-17ac5a44:composite:1:f148ff7e78890547
PEI,T_LDV_LTF_CNG_N,2040,28.23312614804637,$M 2020CAD / k vehicles,NLR manufacturing price (RPE / 1.5); Mid; CER Current Measures,T06,5,5,5,5,5,transport-cost-invest-freight-light-trucks-17ac5a44:composite:1:f148ff7e78890547
PEI,T_LDV_LTF_CNG_N,2045,28.199876636372398,$M 2020CAD / k vehicles,NLR manufacturing price (RPE / 1.5); Mid; CER Current Measures,T06,5,5,5,5,5,transport-cost-invest-freight-light-trucks-17ac5a44:composite:1:f148ff7e78890547
PEI,T_LDV_LTF_DSL_N,2025,26.260701373316834,$M 2020CAD / k vehicles,NLR manufacturing price (RPE / 1.5); Mid; CER Current Measures,T06,5,5,5,5,5,transport-cost-invest-freight-light-trucks-17ac5a44:composite:1:f148ff7e78890547
PEI,T_LDV_LTF_DSL_N,2030,26.31379742465607,$M 2020CAD / k vehicles,NLR manufacturing price (RPE / 1.5); Mid; CER Current Measures,T06,5,5,5,5,5,transport-cost-invest-freight-light-trucks-17ac5a44:composite:1:f148ff7e78890547
PEI,T_LDV_LTF_DSL_N,2035,26.340561352654408,$M 2020CAD / k vehicles,NLR manufacturing price (RPE / 1.5); Mid; CER Current Measures,T06,5,5,5,5,5,transport-cost-invest-freight-light-trucks-17ac5a44:composite:1:f148ff7e78890547
PEI,T_LDV_LTF_DSL_N,2040,26.306878671431193,$M 2020CAD / k vehicles,NLR manufacturing price (RPE / 1.5); Mid; CER Current Measures,T06,5,5,5,5,5,transport-cost-invest-freight-light-trucks-17ac5a44:composite:1:f148ff7e78890547
PEI,T_LDV_LTF_DSL_N,2045,26.27319599020797,$M 2020CAD / k vehicles,NLR manufacturing price (RPE / 1.5); Mid; CER Current Measures,T06,5,5,5,5,5,transport-cost-invest-freight-light-trucks-17ac5a44:composite:1:f148ff7e78890547
PEI,T_LDV_LTF_FCEV400_N,2025,32.37677135524399,$M 2020CAD / k vehicles,NLR manufacturing price (RPE / 1.5); Mid; CER Current Measures,T06,5,5,5,5,5,transport-cost-invest-freight-light-trucks-17ac5a44:composite:1:f148ff7e78890547
PEI,T_LDV_LTF_FCEV400_N,2030,29.86525331984078,$M 2020CAD / k vehicles,NLR manufacturing price (RPE / 1.5); Mid; CER Current Measures,T06,5,5,5,5,5,transport-cost-invest-freight-light-trucks-17ac5a44:composite:1:f148ff7e78890547
PEI,T_LDV_LTF_FCEV400_N,2035,28.008052077232414,$M 2020CAD / k vehicles,NLR manufacturing price (RPE / 1.5); Mid; CER Current Measures,T06,5,5,5,5,5,transport-cost-invest-freight-light-trucks-17ac5a44:composite:1:f148ff7e78890547
PEI,T_LDV_LTF_FCEV400_N,2040,27.372639260917623,$M 2020CAD / k vehicles,NLR manufacturing price (RPE / 1.5); Mid; CER Current Measures,T06,5,5,5,5,5,transport-cost-invest-freight-light-trucks-17ac5a44:composite:1:f148ff7e78890547
PEI,T_LDV_LTF_FCEV400_N,2045,26.737226444602825,$M 2020CAD / k vehicles,NLR manufacturing price (RPE / 1.5); Mid; CER Current Measures,T06,5,5,5,5,5,transport-cost-invest-freight-light-trucks-17ac5a44:composite:1:f148ff7e78890547
PEI,T_LDV_LTF_GSL_HEV_N,2025,25.805974041711135,$M 2020CAD / k vehicles,NLR manufacturing price (RPE / 1.5); Mid; CER Current Measures,T06,5,5,5,5,5,transport-cost-invest-freight-light-trucks-17ac5a44:composite:1:f148ff7e78890547
PEI,T_LDV_LTF_GSL_HEV_N,2030,25.013546241990706,$M 2020CAD / k vehicles,NLR manufacturing price (RPE / 1.5); Mid; CER Current Measures,T06,5,5,5,5,5,transport-cost-invest-freight-light-trucks-17ac5a44:composite:1:f148ff7e78890547
PEI,T_LDV_LTF_GSL_HEV_N,2035,24.59411463965462,$M 2020CAD / k vehicles,NLR manufacturing price (RPE / 1.5); Mid; CER Current Measures,T06,5,5,5,5,5,transport-cost-invest-freight-light-trucks-17ac5a44:composite:1:f148ff7e78890547
PEI,T_LDV_LTF_GSL_HEV_N,2040,24.273660430577024,$M 2020CAD / k vehicles,NLR manufacturing price (RPE / 1.5); Mid; CER Current Measures,T06,5,5,5,5,5,transport-cost-invest-freight-light-trucks-17ac5a44:composite:1:f148ff7e78890547
PEI,T_LDV_LTF_GSL_HEV_N,2045,23.953206221499414,$M 2020CAD / k vehicles,NLR manufacturing price (RPE / 1.5); Mid; CER Current Measures,T06,5,5,5,5,5,transport-cost-invest-freight-light-trucks-17ac5a44:composite:1:f148ff7e78890547
PEI,T_LDV_LTF_GSL_N,2025,22.976303566477313,$M 2020CAD / k vehicles,NLR manufacturing price (RPE / 1.5); Mid; CER Current Measures,T06,5,5,5,5,5,transport-cost-invest-freight-light-trucks-17ac5a44:composite:1:f148ff7e78890547
PEI,T_LDV_LTF_GSL_N,2030,23.391220360599508,$M 2020CAD / k vehicles,NLR manufacturing price (RPE / 1.5); Mid; CER Current Measures,T06,5,5,5,5,5,transport-cost-invest-freight-light-trucks-17ac5a44:composite:1:f148ff7e78890547
PEI,T_LDV_LTF_GSL_N,2035,24.53689334920375,$M 2020CAD / k vehicles,NLR manufacturing price (RPE / 1.5); Mid; CER Current Measures,T06,5,5,5,5,5,transport-cost-invest-freight-light-trucks-17ac5a44:composite:1:f148ff7e78890547
PEI,T_LDV_LTF_GSL_N,2040,24.50360380796553,$M 2020CAD / k vehicles,NLR manufacturing price (RPE / 1.5); Mid; CER Current Measures,T06,5,5,5,5,5,transport-cost-invest-freight-light-trucks-17ac5a44:composite:1:f148ff7e78890547
PEI,T_LDV_LTF_GSL_N,2045,24.470314266727303,$M 2020CAD / k vehicles,NLR manufacturing price (RPE / 1.5); Mid; CER Current Measures,T06,5,5,5,5,5,transport-cost-invest-freight-light-trucks-17ac5a44:composite:1:f148ff7e78890547
PEI,T_LDV_LTF_GSL_PHEV35_N,2025,27.446247654117283,$M 2020CAD / k vehicles,NLR manufacturing price (RPE / 1.5); Mid; CER Current Measures,T06,5,5,5,5,5,transport-cost-invest-freight-light-trucks-17ac5a44:composite:1:f148ff7e78890547
PEI,T_LDV_LTF_GSL_PHEV35_N,2030,26.021182399839542,$M 2020CAD / k vehicles,NLR manufacturing price (RPE / 1.5); Mid; CER Current Measures,T06,5,5,5,5,5,transport-cost-invest-freight-light-trucks-17ac5a44:composite:1:f148ff7e78890547
PEI,T_LDV_LTF_GSL_PHEV35_N,2035,25.060453577776883,$M 2020CAD / k vehicles,NLR manufacturing price (RPE / 1.5); Mid; CER Current Measures,T06,5,5,5,5,5,transport-cost-invest-freight-light-trucks-17ac5a44:composite:1:f148ff7e78890547
PEI,T_LDV_LTF_GSL_PHEV35_N,2040,24.565972014341902,$M 2020CAD / k vehicles,NLR manufacturing price (RPE / 1.5); Mid; CER Current Measures,T06,5,5,5,5,5,transport-cost-invest-freight-light-trucks-17ac5a44:composite:1:f148ff7e78890547
PEI,T_LDV_LTF_GSL_PHEV35_N,2045,24.071490450906925,$M 2020CAD / k vehicles,NLR manufacturing price (RPE / 1.5); Mid; CER Current Measures,T06,5,5,5,5,5,transport-cost-invest-freight-light-trucks-17ac5a44:composite:1:f148ff7e78890547
PEI,T_LDV_LTF_GSL_PHEV50_N,2025,28.913277009282893,$M 2020CAD / k vehicles,NLR manufacturing price (RPE / 1.5); Mid; CER Current Measures,T06,5,5,5,5,5,transport-cost-invest-freight-light-trucks-17ac5a44:composite:1:f148ff7e78890547
PEI,T_LDV_LTF_GSL_PHEV50_N,2030,27.21484800643277,$M 2020CAD / k vehicles,NLR manufacturing price (RPE / 1.5); Mid; CER Current Measures,T06,5,5,5,5,5,transport-cost-invest-freight-light-trucks-17ac5a44:composite:1:f148ff7e78890547
PEI,T_LDV_LTF_GSL_PHEV50_N,2035,26.025159541718963,$M 2020CAD / k vehicles,NLR manufacturing price (RPE / 1.5); Mid; CER Current Measures,T06,5,5,5,5,5,transport-cost-invest-freight-light-trucks-17ac5a44:composite:1:f148ff7e78890547
PEI,T_LDV_LTF_GSL_PHEV50_N,2040,25.451859718379076,$M 2020CAD / k vehicles,NLR manufacturing price (RPE / 1.5); Mid; CER Current Measures,T06,5,5,5,5,5,transport-cost-invest-freight-light-trucks-17ac5a44:composite:1:f148ff7e78890547
PEI,T_LDV_LTF_GSL_PHEV50_N,2045,24.878559895039174,$M 2020CAD / k vehicles,NLR manufacturing price (RPE / 1.5); Mid; CER Current Measures,T06,5,5,5,5,5,transport-cost-invest-freight-light-trucks-17ac5a44:composite:1:f148ff7e78890547
PEI,T_LDV_LTP_BEV150_N,2025,23.198054549055403,$M 2020CAD / k vehicles,NLR manufacturing price (RPE / 1.5); Mid; CER Current Measures,T06,5,5,5,5,5,transport-cost-invest-passenger-light-trucks-17ac5a44:composite:1:095462aa45c4e45f
PEI,T_LDV_LTP_BEV150_N,2030,21.74990711330167,$M 2020CAD / k vehicles,NLR manufacturing price (RPE / 1.5); Mid; CER Current Measures,T06,5,5,5,5,5,transport-cost-invest-passenger-light-trucks-17ac5a44:composite:1:095462aa45c4e45f
PEI,T_LDV_LTP_BEV150_N,2035,20.655907447622376,$M 2020CAD / k vehicles,NLR manufacturing price (RPE / 1.5); Mid; CER Current Measures,T06,5,5,5,5,5,transport-cost-invest-passenger-light-trucks-17ac5a44:composite:1:095462aa45c4e45f
PEI,T_LDV_LTP_BEV150_N,2040,20.10871521160944,$M 2020CAD / k vehicles,NLR manufacturing price (RPE / 1.5); Mid; CER Current Measures,T06,5,5,5,5,5,transport-cost-invest-passenger-light-trucks-17ac5a44:composite:1:095462aa45c4e45f
PEI,T_LDV_LTP_BEV150_N,2045,19.56152297559651,$M 2020CAD / k vehicles,NLR manufacturing price (RPE / 1.5); Mid; CER Current Measures,T06,5,5,5,5,5,transport-cost-invest-passenger-light-trucks-17ac5a44:composite:1:095462aa45c4e45f
PEI,T_LDV_LTP_BEV200_N,2025,25.329852285373793,$M 2020CAD / k vehicles,NLR manufacturing price (RPE / 1.5); Mid; CER Current Measures,T06,5,5,5,5,5,transport-cost-invest-passenger-light-trucks-17ac5a44:composite:1:095462aa45c4e45f
PEI,T_LDV_LTP_BEV200_N,2030,23.716184211003593,$M 2020CAD / k vehicles,NLR manufacturing price (RPE / 1.5); Mid; CER Current Measures,T06,5,5,5,5,5,transport-cost-invest-passenger-light-trucks-17ac5a44:composite:1:095462aa45c4e45f
PEI,T_LDV_LTP_BEV200_N,2035,22.236253814604407,$M 2020CAD / k vehicles,NLR manufacturing price (RPE / 1.5); Mid; CER Current Measures,T06,5,5,5,5,5,transport-cost-invest-passenger-light-trucks-17ac5a44:composite:1:095462aa45c4e45f
PEI,T_LDV_LTP_BEV200_N,2040,21.5507721961262,$M 2020CAD / k vehicles,NLR manufacturing price (RPE / 1.5); Mid; CER Current Measures,T06,5,5,5,5,5,transport-cost-invest-passenger-light-trucks-17ac5a44:composite:1:095462aa45c4e45f
PEI,T_LDV_LTP_BEV200_N,2045,20.86529057764799,$M 2020CAD / k vehicles,NLR manufacturing price (RPE / 1.5); Mid; CER Current Measures,T06,5,5,5,5,5,transport-cost-invest-passenger-light-trucks-17ac5a44:composite:1:095462aa45c4e45f
PEI,T_LDV_LTP_BEV300_N,2025,29.844256602098493,$M 2020CAD / k vehicles,NLR manufacturing price (RPE / 1.5); Mid; CER Current Measures,T06,5,5,5,5,5,transport-cost-invest-passenger-light-trucks-17ac5a44:composite:1:095462aa45c4e45f
PEI,T_LDV_LTP_BEV300_N,2030,27.510148965283708,$M 2020CAD / k vehicles,NLR manufacturing price (RPE / 1.5); Mid; CER Current Measures,T06,5,5,5,5,5,transport-cost-invest-passenger-light-trucks-17ac5a44:composite:1:095462aa45c4e45f
PEI,T_LDV_LTP_BEV300_N,2035,25.31530268754287,$M 2020CAD / k vehicles,NLR manufacturing price (RPE / 1.5); Mid; CER Current Measures,T06,5,5,5,5,5,transport-cost-invest-passenger-light-trucks-17ac5a44:composite:1:095462aa45c4e45f
PEI,T_LDV_LTP_BEV300_N,2040,24.427240043847814,$M 2020CAD / k vehicles,NLR manufacturing price (RPE / 1.5); Mid; CER Current Measures,T06,5,5,5,5,5,transport-cost-invest-passenger-light-trucks-17ac5a44:composite:1:095462aa45c4e45f
PEI,T_LDV_LTP_BEV300_N,2045,23.539177400152745,$M 2020CAD / k vehicles,NLR manufacturing price (RPE / 1.5); Mid; CER Current Measures,T06,5,5,5,5,5,transport-cost-invest-passenger-light-trucks-17ac5a44:composite:1:095462aa45c4e45f
PEI,T_LDV_LTP_BEV400_N,2025,36.584254888203446,$M 2020CAD / k vehicles,NLR manufacturing price (RPE / 1.5); Mid; CER Current Measures,T06,5,5,5,5,5,transport-cost-invest-passenger-light-trucks-17ac5a44:composite:1:095462aa45c4e45f
PEI,T_LDV_LTP_BEV400_N,2030,33.037308850618835,$M 2020CAD / k vehicles,NLR manufacturing price (RPE / 1.5); Mid; CER Current Measures,T06,5,5,5,5,5,transport-cost-invest-passenger-light-trucks-17ac5a44:composite:1:095462aa45c4e45f
PEI,T_LDV_LTP_BEV400_N,2035,30.02648837692175,$M 2020CAD / k vehicles,NLR manufacturing price (RPE / 1.5); Mid; CER Current Measures,T06,5,5,5,5,5,transport-cost-invest-passenger-light-trucks-17ac5a44:composite:1:095462aa45c4e45f
PEI,T_LDV_LTP_BEV400_N,2040,28.662275803539924,$M 2020CAD / k vehicles,NLR manufacturing price (RPE / 1.5); Mid; CER Current Measures,T06,5,5,5,5,5,transport-cost-invest-passenger-light-trucks-17ac5a44:composite:1:095462aa45c4e45f
PEI,T_LDV_LTP_BEV400_N,2045,27.298063230158085,$M 2020CAD / k vehicles,NLR manufacturing price (RPE / 1.5); Mid; CER Current Measures,T06,5,5,5,5,5,transport-cost-invest-passenger-light-trucks-17ac5a44:composite:1:095462aa45c4e45f
PEI,T_LDV_LTP_CNG_N,2025,28.202584348161018,$M 2020CAD / k vehicles,NLR manufacturing price (RPE / 1.5); Mid; CER Current Measures,T06,5,5,5,5,5,transport-cost-invest-passenger-light-trucks-17ac5a44:composite:1:095462aa45c4e45f
PEI,T_LDV_LTP_CNG_N,2030,28.221438791034974,$M 2020CAD / k vehicles,NLR manufacturing price (RPE / 1.5); Mid; CER Current Measures,T06,5,5,5,5,5,transport-cost-invest-passenger-light-trucks-17ac5a44:composite:1:095462aa45c4e45f
PEI,T_LDV_LTP_CNG_N,2035,28.26637565972034,$M 2020CAD / k vehicles,NLR manufacturing price (RPE / 1.5); Mid; CER Current Measures,T06,5,5,5,5,5,transport-cost-invest-passenger-light-trucks-17ac5a44:composite:1:095462aa45c4e45f
PEI,T_LDV_LTP_CNG_N,2040,28.23312614804637,$M 2020CAD / k vehicles,NLR manufacturing price (RPE / 1.5); Mid; CER Current Measures,T06,5,5,5,5,5,transport-cost-invest-passenger-light-trucks-17ac5a44:composite:1:095462aa45c4e45f
PEI,T_LDV_LTP_CNG_N,2045,28.199876636372398,$M 2020CAD / k vehicles,NLR manufacturing price (RPE / 1.5); Mid; CER Current Measures,T06,5,5,5,5,5,transport-cost-invest-passenger-light-trucks-17ac5a44:composite:1:095462aa45c4e45f
PEI,T_LDV_LTP_DSL_N,2025,26.260701373316834,$M 2020CAD / k vehicles,NLR manufacturing price (RPE / 1.5); Mid; CER Current Measures,T06,5,5,5,5,5,transport-cost-invest-passenger-light-trucks-17ac5a44:composite:1:095462aa45c4e45f
PEI,T_LDV_LTP_DSL_N,2030,26.31379742465607,$M 2020CAD / k vehicles,NLR manufacturing price (RPE / 1.5); Mid; CER Current Measures,T06,5,5,5,5,5,transport-cost-invest-passenger-light-trucks-17ac5a44:composite:1:095462aa45c4e45f
PEI,T_LDV_LTP_DSL_N,2035,26.340561352654408,$M 2020CAD / k vehicles,NLR manufacturing price (RPE / 1.5); Mid; CER Current Measures,T06,5,5,5,5,5,transport-cost-invest-passenger-light-trucks-17ac5a44:composite:1:095462aa45c4e45f
PEI,T_LDV_LTP_DSL_N,2040,26.306878671431193,$M 2020CAD / k vehicles,NLR manufacturing price (RPE / 1.5); Mid; CER Current Measures,T06,5,5,5,5,5,transport-cost-invest-passenger-light-trucks-17ac5a44:composite:1:095462aa45c4e45f
PEI,T_LDV_LTP_DSL_N,2045,26.27319599020797,$M 2020CAD / k vehicles,NLR manufacturing price (RPE / 1.5); Mid; CER Current Measures,T06,5,5,5,5,5,transport-cost-invest-passenger-light-trucks-17ac5a44:composite:1:095462aa45c4e45f
PEI,T_LDV_LTP_FCEV400_N,2025,32.37677135524399,$M 2020CAD / k vehicles,NLR manufacturing price (RPE / 1.5); Mid; CER Current Measures,T06,5,5,5,5,5,transport-cost-invest-passenger-light-trucks-17ac5a44:composite:1:095462aa45c4e45f
PEI,T_LDV_LTP_FCEV400_N,2030,29.86525331984078,$M 2020CAD / k vehicles,NLR manufacturing price (RPE / 1.5); Mid; CER Current Measures,T06,5,5,5,5,5,transport-cost-invest-passenger-light-trucks-17ac5a44:composite:1:095462aa45c4e45f
PEI,T_LDV_LTP_FCEV400_N,2035,28.008052077232414,$M 2020CAD / k vehicles,NLR manufacturing price (RPE / 1.5); Mid; CER Current Measures,T06,5,5,5,5,5,transport-cost-invest-passenger-light-trucks-17ac5a44:composite:1:095462aa45c4e45f
PEI,T_LDV_LTP_FCEV400_N,2040,27.372639260917623,$M 2020CAD / k vehicles,NLR manufacturing price (RPE / 1.5); Mid; CER Current Measures,T06,5,5,5,5,5,transport-cost-invest-passenger-light-trucks-17ac5a44:composite:1:095462aa45c4e45f
PEI,T_LDV_LTP_FCEV400_N,2045,26.737226444602825,$M 2020CAD / k vehicles,NLR manufacturing price (RPE / 1.5); Mid; CER Current Measures,T06,5,5,5,5,5,transport-cost-invest-passenger-light-trucks-17ac5a44:composite:1:095462aa45c4e45f
PEI,T_LDV_LTP_GSL_HEV_N,2025,25.805974041711135,$M 2020CAD / k vehicles,NLR manufacturing price (RPE / 1.5); Mid; CER Current Measures,T06,5,5,5,5,5,transport-cost-invest-passenger-light-trucks-17ac5a44:composite:1:095462aa45c4e45f
PEI,T_LDV_LTP_GSL_HEV_N,2030,25.013546241990706,$M 2020CAD / k vehicles,NLR manufacturing price (RPE / 1.5); Mid; CER Current Measures,T06,5,5,5,5,5,transport-cost-invest-passenger-light-trucks-17ac5a44:composite:1:095462aa45c4e45f
PEI,T_LDV_LTP_GSL_HEV_N,2035,24.59411463965462,$M 2020CAD / k vehicles,NLR manufacturing price (RPE / 1.5); Mid; CER Current Measures,T06,5,5,5,5,5,transport-cost-invest-passenger-light-trucks-17ac5a44:composite:1:095462aa45c4e45f
PEI,T_LDV_LTP_GSL_HEV_N,2040,24.273660430577024,$M 2020CAD / k vehicles,NLR manufacturing price (RPE / 1.5); Mid; CER Current Measures,T06,5,5,5,5,5,transport-cost-invest-passenger-light-trucks-17ac5a44:composite:1:095462aa45c4e45f
PEI,T_LDV_LTP_GSL_HEV_N,2045,23.953206221499414,$M 2020CAD / k vehicles,NLR manufacturing price (RPE / 1.5); Mid; CER Current Measures,T06,5,5,5,5,5,transport-cost-invest-passenger-light-trucks-17ac5a44:composite:1:095462aa45c4e45f
PEI,T_LDV_LTP_GSL_N,2025,22.976303566477313,$M 2020CAD / k vehicles,NLR manufacturing price (RPE / 1.5); Mid; CER Current Measures,T06,5,5,5,5,5,transport-cost-invest-passenger-light-trucks-17ac5a44:composite:1:095462aa45c4e45f
PEI,T_LDV_LTP_GSL_N,2030,23.391220360599508,$M 2020CAD / k vehicles,NLR manufacturing price (RPE / 1.5); Mid; CER Current Measures,T06,5,5,5,5,5,transport-cost-invest-passenger-light-trucks-17ac5a44:composite:1:095462aa45c4e45f
PEI,T_LDV_LTP_GSL_N,2035,24.53689334920375,$M 2020CAD / k vehicles,NLR manufacturing price (RPE / 1.5); Mid; CER Current Measures,T06,5,5,5,5,5,transport-cost-invest-passenger-light-trucks-17ac5a44:composite:1:095462aa45c4e45f
PEI,T_LDV_LTP_GSL_N,2040,24.50360380796553,$M 2020CAD / k vehicles,NLR manufacturing price (RPE / 1.5); Mid; CER Current Measures,T06,5,5,5,5,5,transport-cost-invest-passenger-light-trucks-17ac5a44:composite:1:095462aa45c4e45f
PEI,T_LDV_LTP_GSL_N,2045,24.470314266727303,$M 2020CAD / k vehicles,NLR manufacturing price (RPE / 1.5); Mid; CER Current Measures,T06,5,5,5,5,5,transport-cost-invest-passenger-light-trucks-17ac5a44:composite:1:095462aa45c4e45f
PEI,T_LDV_LTP_GSL_PHEV35_N,2025,27.446247654117283,$M 2020CAD / k vehicles,NLR manufacturing price (RPE / 1.5); Mid; CER Current Measures,T06,5,5,5,5,5,transport-cost-invest-passenger-light-trucks-17ac5a44:composite:1:095462aa45c4e45f
PEI,T_LDV_LTP_GSL_PHEV35_N,2030,26.021182399839542,$M 2020CAD / k vehicles,NLR manufacturing price (RPE / 1.5); Mid; CER Current Measures,T06,5,5,5,5,5,transport-cost-invest-passenger-light-trucks-17ac5a44:composite:1:095462aa45c4e45f
PEI,T_LDV_LTP_GSL_PHEV35_N,2035,25.060453577776883,$M 2020CAD / k vehicles,NLR manufacturing price (RPE / 1.5); Mid; CER Current Measures,T06,5,5,5,5,5,transport-cost-invest-passenger-light-trucks-17ac5a44:composite:1:095462aa45c4e45f
PEI,T_LDV_LTP_GSL_PHEV35_N,2040,24.565972014341902,$M 2020CAD / k vehicles,NLR manufacturing price (RPE / 1.5); Mid; CER Current Measures,T06,5,5,5,5,5,transport-cost-invest-passenger-light-trucks-17ac5a44:composite:1:095462aa45c4e45f
PEI,T_LDV_LTP_GSL_PHEV35_N,2045,24.071490450906925,$M 2020CAD / k vehicles,NLR manufacturing price (RPE / 1.5); Mid; CER Current Measures,T06,5,5,5,5,5,transport-cost-invest-passenger-light-trucks-17ac5a44:composite:1:095462aa45c4e45f
PEI,T_LDV_LTP_GSL_PHEV50_N,2025,28.913277009282893,$M 2020CAD / k vehicles,NLR manufacturing price (RPE / 1.5); Mid; CER Current Measures,T06,5,5,5,5,5,transport-cost-invest-passenger-light-trucks-17ac5a44:composite:1:095462aa45c4e45f
PEI,T_LDV_LTP_GSL_PHEV50_N,2030,27.21484800643277,$M 2020CAD / k vehicles,NLR manufacturing price (RPE / 1.5); Mid; CER Current Measures,T06,5,5,5,5,5,transport-cost-invest-passenger-light-trucks-17ac5a44:composite:1:095462aa45c4e45f
PEI,T_LDV_LTP_GSL_PHEV50_N,2035,26.025159541718963,$M 2020CAD / k vehicles,NLR manufacturing price (RPE / 1.5); Mid; CER Current Measures,T06,5,5,5,5,5,transport-cost-invest-passenger-light-trucks-17ac5a44:composite:1:095462aa45c4e45f
PEI,T_LDV_LTP_GSL_PHEV50_N,2040,25.451859718379076,$M 2020CAD / k vehicles,NLR manufacturing price (RPE / 1.5); Mid; CER Current Measures,T06,5,5,5,5,5,transport-cost-invest-passenger-light-trucks-17ac5a44:composite:1:095462aa45c4e45f
PEI,T_LDV_LTP_GSL_PHEV50_N,2045,24.878559895039174,$M 2020CAD / k vehicles,NLR manufacturing price (RPE / 1.5); Mid; CER Current Measures,T06,5,5,5,5,5,transport-cost-invest-passenger-light-trucks-17ac5a44:composite:1:095462aa45c4e45f
PEI,T_LDV_M_BEV_N,2025,13.037007628312024,$M 2020CAD / k vehicles,GCAM motorcycle purchase price; Mid; CER Current Measures,T11,5,5,5,5,5,transport-cost-invest-motorcycles-804abac7:composite:1:e5e1e447784151c9
PEI,T_LDV_M_BEV_N,2030,12.923352577093377,$M 2020CAD / k vehicles,GCAM motorcycle purchase price; Mid; CER Current Measures,T11,5,5,5,5,5,transport-cost-invest-motorcycles-804abac7:composite:1:e5e1e447784151c9
PEI,T_LDV_M_BEV_N,2035,12.80969752432432,$M 2020CAD / k vehicles,GCAM motorcycle purchase price; Mid; CER Current Measures,T11,5,5,5,5,5,transport-cost-invest-motorcycles-804abac7:composite:1:e5e1e447784151c9
PEI,T_LDV_M_BEV_N,2040,12.711200268918915,$M 2020CAD / k vehicles,GCAM motorcycle purchase price; Mid; CER Current Measures,T11,5,5,5,5,5,transport-cost-invest-motorcycles-804abac7:composite:1:e5e1e447784151c9
PEI,T_LDV_M_BEV_N,2045,12.612703013513512,$M 2020CAD / k vehicles,GCAM motorcycle purchase price; Mid; CER Current Measures,T11,5,5,5,5,5,transport-cost-invest-motorcycles-804abac7:composite:1:e5e1e447784151c9
PEI,T_LDV_M_GSL_N,2025,13.891632432432433,$M 2020CAD / k vehicles,GCAM motorcycle purchase price; Mid; CER Current Measures,T11,5,5,5,5,5,transport-cost-invest-motorcycles-804abac7:composite:1:e5e1e447784151c9
PEI,T_LDV_M_GSL_N,2030,13.891632432432433,$M 2020CAD / k vehicles,GCAM motorcycle purchase price; Mid; CER Current Measures,T11,5,5,5,5,5,transport-cost-invest-motorcycles-804abac7:composite:1:e5e1e447784151c9
PEI,T_LDV_M_GSL_N,2035,13.891632432432433,$M 2020CAD / k vehicles,GCAM motorcycle purchase price; Mid; CER Current Measures,T11,5,5,5,5,5,transport-cost-invest-motorcycles-804abac7:composite:1:e5e1e447784151c9
PEI,T_LDV_M_GSL_N,2040,13.891632432432433,$M 2020CAD / k vehicles,GCAM motorcycle purchase price; Mid; CER Current Measures,T11,5,5,5,5,5,transport-cost-invest-motorcycles-804abac7:composite:1:e5e1e447784151c9
PEI,T_LDV_M_GSL_N,2045,13.891632432432433,$M 2020CAD / k vehicles,GCAM motorcycle purchase price; Mid; CER Current Measures,T11,5,5,5,5,5,transport-cost-invest-motorcycles-804abac7:composite:1:e5e1e447784151c9
PEI,T_MDV_T_BEV_N,2025,65.33278261541977,$M 2020CAD / k vehicles,NLR manufacturing price (RPE / 1.5); Mid; CER Current Measures,T06,5,5,5,5,5,transport-cost-invest-medium-trucks-e162550e:composite:1:047ed20feabb1ef5
PEI,T_MDV_T_BEV_N,2030,53.2834887643728,$M 2020CAD / k vehicles,NLR manufacturing price (RPE / 1.5); Mid; CER Current Measures,T06,5,5,5,5,5,transport-cost-invest-medium-trucks-e162550e:composite:1:047ed20feabb1ef5
PEI,T_MDV_T_BEV_N,2035,46.60465239706312,$M 2020CAD / k vehicles,NLR manufacturing price (RPE / 1.5); Mid; CER Current Measures,T06,5,5,5,5,5,transport-cost-invest-medium-trucks-e162550e:composite:1:047ed20feabb1ef5
PEI,T_MDV_T_BEV_N,2040,43.733968432748206,$M 2020CAD / k vehicles,NLR manufacturing price (RPE / 1.5); Mid; CER Current Measures,T06,5,5,5,5,5,transport-cost-invest-medium-trucks-e162550e:composite:1:047ed20feabb1ef5
PEI,T_MDV_T_BEV_N,2045,40.863284468433285,$M 2020CAD / k vehicles,NLR manufacturing price (RPE / 1.5); Mid; CER Current Measures,T06,5,5,5,5,5,transport-cost-invest-medium-trucks-e162550e:composite:1:047ed20feabb1ef5
PEI,T_MDV_T_DSL_HEV_N,2025,45.522868818484284,$M 2020CAD / k vehicles,NLR manufacturing price (RPE / 1.5); Mid; CER Current Measures,T06,5,5,5,5,5,transport-cost-invest-medium-trucks-e162550e:composite:1:047ed20feabb1ef5
PEI,T_MDV_T_DSL_HEV_N,2030,45.04705495311201,$M 2020CAD / k vehicles,NLR manufacturing price (RPE / 1.5); Mid; CER Current Measures,T06,5,5,5,5,5,transport-cost-invest-medium-trucks-e162550e:composite:1:047ed20feabb1ef5
PEI,T_MDV_T_DSL_HEV_N,2035,44.680283029573516,$M 2020CAD / k vehicles,NLR manufacturing price (RPE / 1.5); Mid; CER Current Measures,T06,5,5,5,5,5,transport-cost-invest-medium-trucks-e162550e:composite:1:047ed20feabb1ef5
PEI,T_MDV_T_DSL_HEV_N,2040,44.60846739087874,$M 2020CAD / k vehicles,NLR manufacturing price (RPE / 1.5); Mid; CER Current Measures,T06,5,5,5,5,5,transport-cost-invest-medium-trucks-e162550e:composite:1:047ed20feabb1ef5
PEI,T_MDV_T_DSL_HEV_N,2045,44.536651752183964,$M 2020CAD / k vehicles,NLR manufacturing price (RPE / 1.5); Mid; CER Current Measures,T06,5,5,5,5,5,transport-cost-invest-medium-trucks-e162550e:composite:1:047ed20feabb1ef5
PEI,T_MDV_T_DSL_N,2025,41.288421469437736,$M 2020CAD / k vehicles,NLR manufacturing price (RPE / 1.5); Mid; CER Current Measures,T06,5,5,5,5,5,transport-cost-invest-medium-trucks-e162550e:composite:1:047ed20feabb1ef5
PEI,T_MDV_T_DSL_N,2030,41.414036669880666,$M 2020CAD / k vehicles,NLR manufacturing price (RPE / 1.5); Mid; CER Current Measures,T06,5,5,5,5,5,transport-cost-invest-medium-trucks-e162550e:composite:1:047ed20feabb1ef5
PEI,T_MDV_T_DSL_N,2035,41.175672786150855,$M 2020CAD / k vehicles,NLR manufacturing price (RPE / 1.5); Mid; CER Current Measures,T06,5,5,5,5,5,transport-cost-invest-medium-trucks-e162550e:composite:1:047ed20feabb1ef5
PEI,T_MDV_T_DSL_N,2040,41.172870913315975,$M 2020CAD / k vehicles,NLR manufacturing price (RPE / 1.5); Mid; CER Current Measures,T06,5,5,5,5,5,transport-cost-invest-medium-trucks-e162550e:composite:1:047ed20feabb1ef5
PEI,T_MDV_T_DSL_N,2045,41.170069040481096,$M 2020CAD / k vehicles,NLR manufacturing price (RPE / 1.5); Mid; CER Current Measures,T06,5,5,5,5,5,transport-cost-invest-medium-trucks-e162550e:composite:1:047ed20feabb1ef5
PEI,T_MDV_T_DSL_PHEV_N,2025,70.85664509638025,$M 2020CAD / k vehicles,NLR manufacturing price (RPE / 1.5); Mid; CER Current Measures,T06,5,5,5,5,5,transport-cost-invest-medium-trucks-e162550e:composite:1:047ed20feabb1ef5
PEI,T_MDV_T_DSL_PHEV_N,2030,60.5666701749238,$M 2020CAD / k vehicles,NLR manufacturing price (RPE / 1.5); Mid; CER Current Measures,T06,5,5,5,5,5,transport-cost-invest-medium-trucks-e162550e:composite:1:047ed20feabb1ef5
PEI,T_MDV_T_DSL_PHEV_N,2035,54.22138541394572,$M 2020CAD / k vehicles,NLR manufacturing price (RPE / 1.5); Mid; CER Current Measures,T06,5,5,5,5,5,transport-cost-invest-medium-trucks-e162550e:composite:1:047ed20feabb1ef5
PEI,T_MDV_T_DSL_PHEV_N,2040,51.658562719493986,$M 2020CAD / k vehicles,NLR manufacturing price (RPE / 1.5); Mid; CER Current Measures,T06,5,5,5,5,5,transport-cost-invest-medium-trucks-e162550e:composite:1:047ed20feabb1ef5
PEI,T_MDV_T_DSL_PHEV_N,2045,49.09574002504226,$M 2020CAD / k vehicles,NLR manufacturing price (RPE / 1.5); Mid; CER Current Measures,T06,5,5,5,5,5,transport-cost-invest-medium-trucks-e162550e:composite:1:047ed20feabb1ef5
PEI,T_MDV_T_FCEV_N,2025,65.59106294226915,$M 2020CAD / k vehicles,NLR manufacturing price (RPE / 1.5); Mid; CER Current Measures,T06,5,5,5,5,5,transport-cost-invest-medium-trucks-e162550e:composite:1:047ed20feabb1ef5
PEI,T_MDV_T_FCEV_N,2030,49.87519714083219,$M 2020CAD / k vehicles,NLR manufacturing price (RPE / 1.5); Mid; CER Current Measures,T06,5,5,5,5,5,transport-cost-invest-medium-trucks-e162550e:composite:1:047ed20feabb1ef5
PEI,T_MDV_T_FCEV_N,2035,45.38437067065345,$M 2020CAD / k vehicles,NLR manufacturing price (RPE / 1.5); Mid; CER Current Measures,T06,5,5,5,5,5,transport-cost-invest-medium-trucks-e162550e:composite:1:047ed20feabb1ef5
PEI,T_MDV_T_FCEV_N,2040,44.456235440781114,$M 2020CAD / k vehicles,NLR manufacturing price (RPE / 1.5); Mid; CER Current Measures,T06,5,5,5,5,5,transport-cost-invest-medium-trucks-e162550e:composite:1:047ed20feabb1ef5
PEI,T_MDV_T_FCEV_N,2045,43.528100210908775,$M 2020CAD / k vehicles,NLR manufacturing price (RPE / 1.5); Mid; CER Current Measures,T06,5,5,5,5,5,transport-cost-invest-medium-trucks-e162550e:composite:1:047ed20feabb1ef5
PEI,T_MDV_T_FCHEV_N,2025,58.93034653160426,$M 2020CAD / k vehicles,NLR manufacturing price (RPE / 1.5); Mid; CER Current Measures,T06,5,5,5,5,5,transport-cost-invest-medium-trucks-e162550e:composite:1:047ed20feabb1ef5
PEI,T_MDV_T_FCHEV_N,2030,46.71509367100195,$M 2020CAD / k vehicles,NLR manufacturing price (RPE / 1.5); Mid; CER Current Measures,T06,5,5,5,5,5,transport-cost-invest-medium-trucks-e162550e:composite:1:047ed20feabb1ef5
PEI,T_MDV_T_FCHEV_N,2035,42.59235792865135,$M 2020CAD / k vehicles,NLR manufacturing price (RPE / 1.5); Mid; CER Current Measures,T06,5,5,5,5,5,transport-cost-invest-medium-trucks-e162550e:composite:1:047ed20feabb1ef5
PEI,T_MDV_T_FCHEV_N,2040,41.43154062821085,$M 2020CAD / k vehicles,NLR manufacturing price (RPE / 1.5); Mid; CER Current Measures,T06,5,5,5,5,5,transport-cost-invest-medium-trucks-e162550e:composite:1:047ed20feabb1ef5
PEI,T_MDV_T_FCHEV_N,2045,40.27072332777032,$M 2020CAD / k vehicles,NLR manufacturing price (RPE / 1.5); Mid; CER Current Measures,T06,5,5,5,5,5,transport-cost-invest-medium-trucks-e162550e:composite:1:047ed20feabb1ef5
PEI,T_MDV_T_GSL_N,2025,41.288421469437736,$M 2020CAD / k vehicles,NLR manufacturing price (RPE / 1.5); reviewed gasoline->diesel purchase proxy; Mid; CER Current Measures,T06,5,5,5,5,5,transport-cost-invest-medium-trucks-e162550e:composite:1:047ed20feabb1ef5
PEI,T_MDV_T_GSL_N,2030,41.414036669880666,$M 2020CAD / k vehicles,NLR manufacturing price (RPE / 1.5); reviewed gasoline->diesel purchase proxy; Mid; CER Current Measures,T06,5,5,5,5,5,transport-cost-invest-medium-trucks-e162550e:composite:1:047ed20feabb1ef5
PEI,T_MDV_T_GSL_N,2035,41.175672786150855,$M 2020CAD / k vehicles,NLR manufacturing price (RPE / 1.5); reviewed gasoline->diesel purchase proxy; Mid; CER Current Measures,T06,5,5,5,5,5,transport-cost-invest-medium-trucks-e162550e:composite:1:047ed20feabb1ef5
PEI,T_MDV_T_GSL_N,2040,41.172870913315975,$M 2020CAD / k vehicles,NLR manufacturing price (RPE / 1.5); reviewed gasoline->diesel purchase proxy; Mid; CER Current Measures,T06,5,5,5,5,5,transport-cost-invest-medium-trucks-e162550e:composite:1:047ed20feabb1ef5
PEI,T_MDV_T_GSL_N,2045,41.170069040481096,$M 2020CAD / k vehicles,NLR manufacturing price (RPE / 1.5); reviewed gasoline->diesel purchase proxy; Mid; CER Current Measures,T06,5,5,5,5,5,transport-cost-invest-medium-trucks-e162550e:composite:1:047ed20feabb1ef5
QC,T_HDV_AJF_JFL_N,2025,6132.623678803439,$M 2020CAD / bn tonne-km,CIMS aircraft CAPEX normalized by FAA All Aircraft annual service output; Mid; CER Current Measures,T15,5,5,5,5,5,transport-cost-invest-freight-air-e97ac762:composite:1:bd087d6387d7310e
QC,T_HDV_AJF_JFL_N,2030,6132.623678803439,$M 2020CAD / bn tonne-km,CIMS aircraft CAPEX normalized by FAA All Aircraft annual service output; Mid; CER Current Measures,T15,5,5,5,5,5,transport-cost-invest-freight-air-e97ac762:composite:1:bd087d6387d7310e
QC,T_HDV_AJF_JFL_N,2035,6132.623678803439,$M 2020CAD / bn tonne-km,CIMS aircraft CAPEX normalized by FAA All Aircraft annual service output; Mid; CER Current Measures,T15,5,5,5,5,5,transport-cost-invest-freight-air-e97ac762:composite:1:bd087d6387d7310e
QC,T_HDV_AJF_JFL_N,2040,6132.623678803439,$M 2020CAD / bn tonne-km,CIMS aircraft CAPEX normalized by FAA All Aircraft annual service output; Mid; CER Current Measures,T15,5,5,5,5,5,transport-cost-invest-freight-air-e97ac762:composite:1:bd087d6387d7310e
QC,T_HDV_AJF_JFL_N,2045,6132.623678803439,$M 2020CAD / bn tonne-km,CIMS aircraft CAPEX normalized by FAA All Aircraft annual service output; Mid; CER Current Measures,T15,5,5,5,5,5,transport-cost-invest-freight-air-e97ac762:composite:1:bd087d6387d7310e
QC,T_HDV_AJF_SPK_N,2025,6132.623678803439,$M 2020CAD / bn tonne-km,CIMS aircraft CAPEX normalized by FAA All Aircraft annual service output; Mid; CER Current Measures,T15,5,5,5,5,5,transport-cost-invest-freight-air-e97ac762:composite:1:bd087d6387d7310e
QC,T_HDV_AJF_SPK_N,2030,6132.623678803439,$M 2020CAD / bn tonne-km,CIMS aircraft CAPEX normalized by FAA All Aircraft annual service output; Mid; CER Current Measures,T15,5,5,5,5,5,transport-cost-invest-freight-air-e97ac762:composite:1:bd087d6387d7310e
QC,T_HDV_AJF_SPK_N,2035,6132.623678803439,$M 2020CAD / bn tonne-km,CIMS aircraft CAPEX normalized by FAA All Aircraft annual service output; Mid; CER Current Measures,T15,5,5,5,5,5,transport-cost-invest-freight-air-e97ac762:composite:1:bd087d6387d7310e
QC,T_HDV_AJF_SPK_N,2040,6132.623678803439,$M 2020CAD / bn tonne-km,CIMS aircraft CAPEX normalized by FAA All Aircraft annual service output; Mid; CER Current Measures,T15,5,5,5,5,5,transport-cost-invest-freight-air-e97ac762:composite:1:bd087d6387d7310e
QC,T_HDV_AJF_SPK_N,2045,6132.623678803439,$M 2020CAD / bn tonne-km,CIMS aircraft CAPEX normalized by FAA All Aircraft annual service output; Mid; CER Current Measures,T15,5,5,5,5,5,transport-cost-invest-freight-air-e97ac762:composite:1:bd087d6387d7310e
QC,T_HDV_AJP_JFL_N,2025,1032.1218289023984,$M 2020CAD / bn passenger-km,CIMS aircraft CAPEX normalized by FAA All Aircraft annual service output; Mid; CER Current Measures,T15,5,5,5,5,5,transport-cost-invest-passenger-air-e97ac762:composite:1:ca4132bec8ddc7b3
QC,T_HDV_AJP_JFL_N,2030,1032.1218289023984,$M 2020CAD / bn passenger-km,CIMS aircraft CAPEX normalized by FAA All Aircraft annual service output; Mid; CER Current Measures,T15,5,5,5,5,5,transport-cost-invest-passenger-air-e97ac762:composite:1:ca4132bec8ddc7b3
QC,T_HDV_AJP_JFL_N,2035,1032.1218289023984,$M 2020CAD / bn passenger-km,CIMS aircraft CAPEX normalized by FAA All Aircraft annual service output; Mid; CER Current Measures,T15,5,5,5,5,5,transport-cost-invest-passenger-air-e97ac762:composite:1:ca4132bec8ddc7b3
QC,T_HDV_AJP_JFL_N,2040,1032.1218289023984,$M 2020CAD / bn passenger-km,CIMS aircraft CAPEX normalized by FAA All Aircraft annual service output; Mid; CER Current Measures,T15,5,5,5,5,5,transport-cost-invest-passenger-air-e97ac762:composite:1:ca4132bec8ddc7b3
QC,T_HDV_AJP_JFL_N,2045,1032.1218289023984,$M 2020CAD / bn passenger-km,CIMS aircraft CAPEX normalized by FAA All Aircraft annual service output; Mid; CER Current Measures,T15,5,5,5,5,5,transport-cost-invest-passenger-air-e97ac762:composite:1:ca4132bec8ddc7b3
QC,T_HDV_AJP_SPK_N,2025,1032.1218289023984,$M 2020CAD / bn passenger-km,CIMS aircraft CAPEX normalized by FAA All Aircraft annual service output; Mid; CER Current Measures,T15,5,5,5,5,5,transport-cost-invest-passenger-air-e97ac762:composite:1:ca4132bec8ddc7b3
QC,T_HDV_AJP_SPK_N,2030,1032.1218289023984,$M 2020CAD / bn passenger-km,CIMS aircraft CAPEX normalized by FAA All Aircraft annual service output; Mid; CER Current Measures,T15,5,5,5,5,5,transport-cost-invest-passenger-air-e97ac762:composite:1:ca4132bec8ddc7b3
QC,T_HDV_AJP_SPK_N,2035,1032.1218289023984,$M 2020CAD / bn passenger-km,CIMS aircraft CAPEX normalized by FAA All Aircraft annual service output; Mid; CER Current Measures,T15,5,5,5,5,5,transport-cost-invest-passenger-air-e97ac762:composite:1:ca4132bec8ddc7b3
QC,T_HDV_AJP_SPK_N,2040,1032.1218289023984,$M 2020CAD / bn passenger-km,CIMS aircraft CAPEX normalized by FAA All Aircraft annual service output; Mid; CER Current Measures,T15,5,5,5,5,5,transport-cost-invest-passenger-air-e97ac762:composite:1:ca4132bec8ddc7b3
QC,T_HDV_AJP_SPK_N,2045,1032.1218289023984,$M 2020CAD / bn passenger-km,CIMS aircraft CAPEX normalized by FAA All Aircraft annual service output; Mid; CER Current Measures,T15,5,5,5,5,5,transport-cost-invest-passenger-air-e97ac762:composite:1:ca4132bec8ddc7b3
QC,T_HDV_BIC_BEV_N,2025,724.9291694090558,$M 2020CAD / k vehicles,REGEN intercity purchase price; Mid; CER Current Measures,T12,5,5,5,5,5,transport-cost-invest-inter-city-buses-8fe13d81:composite:1:a4215f62e54efd1d
QC,T_HDV_BIC_BEV_N,2030,687.3711076208749,$M 2020CAD / k vehicles,REGEN intercity purchase price; Mid; CER Current Measures,T12,5,5,5,5,5,transport-cost-invest-inter-city-buses-8fe13d81:composite:1:a4215f62e54efd1d
QC,T_HDV_BIC_BEV_N,2035,649.8130458326937,$M 2020CAD / k vehicles,REGEN intercity purchase price; Mid; CER Current Measures,T12,5,5,5,5,5,transport-cost-invest-inter-city-buses-8fe13d81:composite:1:a4215f62e54efd1d
QC,T_HDV_BIC_BEV_N,2040,637.7195688948578,$M 2020CAD / k vehicles,REGEN intercity purchase price; Mid; CER Current Measures,T12,5,5,5,5,5,transport-cost-invest-inter-city-buses-8fe13d81:composite:1:a4215f62e54efd1d
QC,T_HDV_BIC_BEV_N,2045,625.6260919570221,$M 2020CAD / k vehicles,REGEN intercity purchase price; Mid; CER Current Measures,T12,5,5,5,5,5,transport-cost-invest-inter-city-buses-8fe13d81:composite:1:a4215f62e54efd1d
QC,T_HDV_BIC_DSL_HEV_N,2025,625.0231638861476,$M 2020CAD / k vehicles,REGEN intercity purchase price; Mid; CER Current Measures,T12,5,5,5,5,5,transport-cost-invest-inter-city-buses-0a292860:composite:1:bb531e37aa681bea
QC,T_HDV_BIC_DSL_HEV_N,2030,631.1135387568029,$M 2020CAD / k vehicles,REGEN intercity purchase price; Mid; CER Current Measures,T12,5,5,5,5,5,transport-cost-invest-inter-city-buses-0a292860:composite:1:bb531e37aa681bea
QC,T_HDV_BIC_DSL_HEV_N,2035,639.1593250453943,$M 2020CAD / k vehicles,REGEN intercity purchase price; Mid; CER Current Measures,T12,5,5,5,5,5,transport-cost-invest-inter-city-buses-0a292860:composite:1:bb531e37aa681bea
QC,T_HDV_BIC_DSL_HEV_N,2040,638.5264211730566,$M 2020CAD / k vehicles,REGEN intercity purchase price; Mid; CER Current Measures,T12,5,5,5,5,5,transport-cost-invest-inter-city-buses-0a292860:composite:1:bb531e37aa681bea
QC,T_HDV_BIC_DSL_HEV_N,2045,637.8945752873842,$M 2020CAD / k vehicles,REGEN intercity purchase price; Mid; CER Current Measures,T12,5,5,5,5,5,transport-cost-invest-inter-city-buses-0a292860:composite:1:bb531e37aa681bea
QC,T_HDV_BIC_DSL_N,2025,578.3503599462776,$M 2020CAD / k vehicles,REGEN intercity purchase price; Mid; CER Current Measures,T12,5,5,5,5,5,transport-cost-invest-inter-city-buses-8fe13d81:composite:1:a4215f62e54efd1d
QC,T_HDV_BIC_DSL_N,2030,592.376084435917,$M 2020CAD / k vehicles,REGEN intercity purchase price; Mid; CER Current Measures,T12,5,5,5,5,5,transport-cost-invest-inter-city-buses-8fe13d81:composite:1:a4215f62e54efd1d
QC,T_HDV_BIC_DSL_N,2035,606.4018089255563,$M 2020CAD / k vehicles,REGEN intercity purchase price; Mid; CER Current Measures,T12,5,5,5,5,5,transport-cost-invest-inter-city-buses-8fe13d81:composite:1:a4215f62e54efd1d
QC,T_HDV_BIC_DSL_N,2040,606.4018089255563,$M 2020CAD / k vehicles,REGEN intercity purchase price; Mid; CER Current Measures,T12,5,5,5,5,5,transport-cost-invest-inter-city-buses-8fe13d81:composite:1:a4215f62e54efd1d
QC,T_HDV_BIC_DSL_N,2045,606.4018089255563,$M 2020CAD / k vehicles,REGEN intercity purchase price; Mid; CER Current Measures,T12,5,5,5,5,5,transport-cost-invest-inter-city-buses-8fe13d81:composite:1:a4215f62e54efd1d
QC,T_HDV_BIC_FCEV_N,2025,726.7192071527243,$M 2020CAD / k vehicles,REGEN intercity purchase price; Mid; CER Current Measures,T12,5,5,5,5,5,transport-cost-invest-inter-city-buses-8fe13d81:composite:1:a4215f62e54efd1d
QC,T_HDV_BIC_FCEV_N,2030,702.2862077359937,$M 2020CAD / k vehicles,REGEN intercity purchase price; Mid; CER Current Measures,T12,5,5,5,5,5,transport-cost-invest-inter-city-buses-8fe13d81:composite:1:a4215f62e54efd1d
QC,T_HDV_BIC_FCEV_N,2035,677.8520796699922,$M 2020CAD / k vehicles,REGEN intercity purchase price; Mid; CER Current Measures,T12,5,5,5,5,5,transport-cost-invest-inter-city-buses-8fe13d81:composite:1:a4215f62e54efd1d
QC,T_HDV_BIC_FCEV_N,2040,660.4821673906367,$M 2020CAD / k vehicles,REGEN intercity purchase price; Mid; CER Current Measures,T12,5,5,5,5,5,transport-cost-invest-inter-city-buses-8fe13d81:composite:1:a4215f62e54efd1d
QC,T_HDV_BIC_FCEV_N,2045,643.1111264620107,$M 2020CAD / k vehicles,REGEN intercity purchase price; Mid; CER Current Measures,T12,5,5,5,5,5,transport-cost-invest-inter-city-buses-8fe13d81:composite:1:a4215f62e54efd1d
QC,T_HDV_BIC_GSL_N,2025,578.3503599462776,$M 2020CAD / k vehicles,REGEN intercity purchase price; Mid; CER Current Measures,T12,5,5,5,5,5,transport-cost-invest-inter-city-buses-8fe13d81:composite:1:a4215f62e54efd1d
QC,T_HDV_BIC_GSL_N,2030,592.376084435917,$M 2020CAD / k vehicles,REGEN intercity purchase price; Mid; CER Current Measures,T12,5,5,5,5,5,transport-cost-invest-inter-city-buses-8fe13d81:composite:1:a4215f62e54efd1d
QC,T_HDV_BIC_GSL_N,2035,606.4018089255563,$M 2020CAD / k vehicles,REGEN intercity purchase price; Mid; CER Current Measures,T12,5,5,5,5,5,transport-cost-invest-inter-city-buses-8fe13d81:composite:1:a4215f62e54efd1d
QC,T_HDV_BIC_GSL_N,2040,606.4018089255563,$M 2020CAD / k vehicles,REGEN intercity purchase price; Mid; CER Current Measures,T12,5,5,5,5,5,transport-cost-invest-inter-city-buses-8fe13d81:composite:1:a4215f62e54efd1d
QC,T_HDV_BIC_GSL_N,2045,606.4018089255563,$M 2020CAD / k vehicles,REGEN intercity purchase price; Mid; CER Current Measures,T12,5,5,5,5,5,transport-cost-invest-inter-city-buses-8fe13d81:composite:1:a4215f62e54efd1d
QC,T_HDV_BS_BEV_N,2025,84.19758949061635,$M 2020CAD / k vehicles,NLR manufacturing price (RPE / 1.5); Mid; CER Current Measures,T06,5,5,5,5,5,transport-cost-invest-school-buses-db3394b4:composite:1:4cfd8123718eed66
QC,T_HDV_BS_BEV_N,2030,70.11365479609992,$M 2020CAD / k vehicles,NLR manufacturing price (RPE / 1.5); Mid; CER Current Measures,T06,5,5,5,5,5,transport-cost-invest-school-buses-db3394b4:composite:1:4cfd8123718eed66
QC,T_HDV_BS_BEV_N,2035,62.61319010234349,$M 2020CAD / k vehicles,NLR manufacturing price (RPE / 1.5); Mid; CER Current Measures,T06,5,5,5,5,5,transport-cost-invest-school-buses-db3394b4:composite:1:4cfd8123718eed66
QC,T_HDV_BS_BEV_N,2040,59.22776267866287,$M 2020CAD / k vehicles,NLR manufacturing price (RPE / 1.5); Mid; CER Current Measures,T06,5,5,5,5,5,transport-cost-invest-school-buses-db3394b4:composite:1:4cfd8123718eed66
QC,T_HDV_BS_BEV_N,2045,55.842335254982245,$M 2020CAD / k vehicles,NLR manufacturing price (RPE / 1.5); Mid; CER Current Measures,T06,5,5,5,5,5,transport-cost-invest-school-buses-db3394b4:composite:1:4cfd8123718eed66
QC,T_HDV_BS_CNG_N,2025,53.16800325295391,$M 2020CAD / k vehicles,NLR manufacturing price (RPE / 1.5); reviewed cng->diesel purchase proxy; Mid; CER Current Measures,T06,5,5,5,5,5,transport-cost-invest-school-buses-db3394b4:composite:1:4cfd8123718eed66
QC,T_HDV_BS_CNG_N,2030,53.4655312378343,$M 2020CAD / k vehicles,NLR manufacturing price (RPE / 1.5); reviewed cng->diesel purchase proxy; Mid; CER Current Measures,T06,5,5,5,5,5,transport-cost-invest-school-buses-db3394b4:composite:1:4cfd8123718eed66
QC,T_HDV_BS_CNG_N,2035,53.3714260725808,$M 2020CAD / k vehicles,NLR manufacturing price (RPE / 1.5); reviewed cng->diesel purchase proxy; Mid; CER Current Measures,T06,5,5,5,5,5,transport-cost-invest-school-buses-db3394b4:composite:1:4cfd8123718eed66
QC,T_HDV_BS_CNG_N,2040,53.437700637583895,$M 2020CAD / k vehicles,NLR manufacturing price (RPE / 1.5); reviewed cng->diesel purchase proxy; Mid; CER Current Measures,T06,5,5,5,5,5,transport-cost-invest-school-buses-db3394b4:composite:1:4cfd8123718eed66
QC,T_HDV_BS_CNG_N,2045,53.50397520258698,$M 2020CAD / k vehicles,NLR manufacturing price (RPE / 1.5); reviewed cng->diesel purchase proxy; Mid; CER Current Measures,T06,5,5,5,5,5,transport-cost-invest-school-buses-db3394b4:composite:1:4cfd8123718eed66
QC,T_HDV_BS_DSL_HEV_N,2025,58.50015757889593,$M 2020CAD / k vehicles,NLR manufacturing price (RPE / 1.5); Mid; CER Current Measures,T06,5,5,5,5,5,transport-cost-invest-school-buses-db3394b4:composite:1:4cfd8123718eed66
QC,T_HDV_BS_DSL_HEV_N,2030,57.81028888624818,$M 2020CAD / k vehicles,NLR manufacturing price (RPE / 1.5); Mid; CER Current Measures,T06,5,5,5,5,5,transport-cost-invest-school-buses-db3394b4:composite:1:4cfd8123718eed66
QC,T_HDV_BS_DSL_HEV_N,2035,57.49401062408043,$M 2020CAD / k vehicles,NLR manufacturing price (RPE / 1.5); Mid; CER Current Measures,T06,5,5,5,5,5,transport-cost-invest-school-buses-db3394b4:composite:1:4cfd8123718eed66
QC,T_HDV_BS_DSL_HEV_N,2040,57.405801772439325,$M 2020CAD / k vehicles,NLR manufacturing price (RPE / 1.5); Mid; CER Current Measures,T06,5,5,5,5,5,transport-cost-invest-school-buses-db3394b4:composite:1:4cfd8123718eed66
QC,T_HDV_BS_DSL_HEV_N,2045,57.31759292079822,$M 2020CAD / k vehicles,NLR manufacturing price (RPE / 1.5); Mid; CER Current Measures,T06,5,5,5,5,5,transport-cost-invest-school-buses-db3394b4:composite:1:4cfd8123718eed66
QC,T_HDV_BS_DSL_N,2025,53.16800325295391,$M 2020CAD / k vehicles,NLR manufacturing price (RPE / 1.5); Mid; CER Current Measures,T06,5,5,5,5,5,transport-cost-invest-school-buses-db3394b4:composite:1:4cfd8123718eed66
QC,T_HDV_BS_DSL_N,2030,53.4655312378343,$M 2020CAD / k vehicles,NLR manufacturing price (RPE / 1.5); Mid; CER Current Measures,T06,5,5,5,5,5,transport-cost-invest-school-buses-db3394b4:composite:1:4cfd8123718eed66
QC,T_HDV_BS_DSL_N,2035,53.3714260725808,$M 2020CAD / k vehicles,NLR manufacturing price (RPE / 1.5); Mid; CER Current Measures,T06,5,5,5,5,5,transport-cost-invest-school-buses-db3394b4:composite:1:4cfd8123718eed66
QC,T_HDV_BS_DSL_N,2040,53.437700637583895,$M 2020CAD / k vehicles,NLR manufacturing price (RPE / 1.5); Mid; CER Current Measures,T06,5,5,5,5,5,transport-cost-invest-school-buses-db3394b4:composite:1:4cfd8123718eed66
QC,T_HDV_BS_DSL_N,2045,53.50397520258698,$M 2020CAD / k vehicles,NLR manufacturing price (RPE / 1.5); Mid; CER Current Measures,T06,5,5,5,5,5,transport-cost-invest-school-buses-db3394b4:composite:1:4cfd8123718eed66
QC,T_HDV_BS_DSL_PHEV_N,2025,87.13041588141115,$M 2020CAD / k vehicles,NLR manufacturing price (RPE / 1.5); Mid; CER Current Measures,T06,5,5,5,5,5,transport-cost-invest-school-buses-db3394b4:composite:1:4cfd8123718eed66
QC,T_HDV_BS_DSL_PHEV_N,2030,75.5222253464583,$M 2020CAD / k vehicles,NLR manufacturing price (RPE / 1.5); Mid; CER Current Measures,T06,5,5,5,5,5,transport-cost-invest-school-buses-db3394b4:composite:1:4cfd8123718eed66
QC,T_HDV_BS_DSL_PHEV_N,2035,68.7271956132863,$M 2020CAD / k vehicles,NLR manufacturing price (RPE / 1.5); Mid; CER Current Measures,T06,5,5,5,5,5,transport-cost-invest-school-buses-db3394b4:composite:1:4cfd8123718eed66
QC,T_HDV_BS_DSL_PHEV_N,2040,65.82679894735955,$M 2020CAD / k vehicles,NLR manufacturing price (RPE / 1.5); Mid; CER Current Measures,T06,5,5,5,5,5,transport-cost-invest-school-buses-db3394b4:composite:1:4cfd8123718eed66
QC,T_HDV_BS_DSL_PHEV_N,2045,62.926402281432814,$M 2020CAD / k vehicles,NLR manufacturing price (RPE / 1.5); Mid; CER Current Measures,T06,5,5,5,5,5,transport-cost-invest-school-buses-db3394b4:composite:1:4cfd8123718eed66
QC,T_HDV_BS_FCEV_N,2025,84.25313276484489,$M 2020CAD / k vehicles,NLR manufacturing price (RPE / 1.5); Mid; CER Current Measures,T06,5,5,5,5,5,transport-cost-invest-school-buses-db3394b4:composite:1:4cfd8123718eed66
QC,T_HDV_BS_FCEV_N,2030,66.34980196477711,$M 2020CAD / k vehicles,NLR manufacturing price (RPE / 1.5); Mid; CER Current Measures,T06,5,5,5,5,5,transport-cost-invest-school-buses-db3394b4:composite:1:4cfd8123718eed66
QC,T_HDV_BS_FCEV_N,2035,60.95821279762239,$M 2020CAD / k vehicles,NLR manufacturing price (RPE / 1.5); Mid; CER Current Measures,T06,5,5,5,5,5,transport-cost-invest-school-buses-db3394b4:composite:1:4cfd8123718eed66
QC,T_HDV_BS_FCEV_N,2040,59.87116842004512,$M 2020CAD / k vehicles,NLR manufacturing price (RPE / 1.5); Mid; CER Current Measures,T06,5,5,5,5,5,transport-cost-invest-school-buses-db3394b4:composite:1:4cfd8123718eed66
QC,T_HDV_BS_FCEV_N,2045,58.78412404246786,$M 2020CAD / k vehicles,NLR manufacturing price (RPE / 1.5); Mid; CER Current Measures,T06,5,5,5,5,5,transport-cost-invest-school-buses-db3394b4:composite:1:4cfd8123718eed66
QC,T_HDV_BS_FCHEV_N,2025,73.60226770799707,$M 2020CAD / k vehicles,NLR manufacturing price (RPE / 1.5); Mid; CER Current Measures,T06,5,5,5,5,5,transport-cost-invest-school-buses-db3394b4:composite:1:4cfd8123718eed66
QC,T_HDV_BS_FCHEV_N,2030,61.272368386889674,$M 2020CAD / k vehicles,NLR manufacturing price (RPE / 1.5); Mid; CER Current Measures,T06,5,5,5,5,5,transport-cost-invest-school-buses-db3394b4:composite:1:4cfd8123718eed66
QC,T_HDV_BS_FCHEV_N,2035,57.07478272624065,$M 2020CAD / k vehicles,NLR manufacturing price (RPE / 1.5); Mid; CER Current Measures,T06,5,5,5,5,5,transport-cost-invest-school-buses-db3394b4:composite:1:4cfd8123718eed66
QC,T_HDV_BS_FCHEV_N,2040,55.59150607391185,$M 2020CAD / k vehicles,NLR manufacturing price (RPE / 1.5); Mid; CER Current Measures,T06,5,5,5,5,5,transport-cost-invest-school-buses-db3394b4:composite:1:4cfd8123718eed66
QC,T_HDV_BS_FCHEV_N,2045,54.10822942158307,$M 2020CAD / k vehicles,NLR manufacturing price (RPE / 1.5); Mid; CER Current Measures,T06,5,5,5,5,5,transport-cost-invest-school-buses-db3394b4:composite:1:4cfd8123718eed66
QC,T_HDV_BS_GSL_N,2025,53.16800325295391,$M 2020CAD / k vehicles,NLR manufacturing price (RPE / 1.5); reviewed gasoline->diesel purchase proxy; Mid; CER Current Measures,T06,5,5,5,5,5,transport-cost-invest-school-buses-db3394b4:composite:1:4cfd8123718eed66
QC,T_HDV_BS_GSL_N,2030,53.4655312378343,$M 2020CAD / k vehicles,NLR manufacturing price (RPE / 1.5); reviewed gasoline->diesel purchase proxy; Mid; CER Current Measures,T06,5,5,5,5,5,transport-cost-invest-school-buses-db3394b4:composite:1:4cfd8123718eed66
QC,T_HDV_BS_GSL_N,2035,53.3714260725808,$M 2020CAD / k vehicles,NLR manufacturing price (RPE / 1.5); reviewed gasoline->diesel purchase proxy; Mid; CER Current Measures,T06,5,5,5,5,5,transport-cost-invest-school-buses-db3394b4:composite:1:4cfd8123718eed66
QC,T_HDV_BS_GSL_N,2040,53.437700637583895,$M 2020CAD / k vehicles,NLR manufacturing price (RPE / 1.5); reviewed gasoline->diesel purchase proxy; Mid; CER Current Measures,T06,5,5,5,5,5,transport-cost-invest-school-buses-db3394b4:composite:1:4cfd8123718eed66
QC,T_HDV_BS_GSL_N,2045,53.50397520258698,$M 2020CAD / k vehicles,NLR manufacturing price (RPE / 1.5); reviewed gasoline->diesel purchase proxy; Mid; CER Current Measures,T06,5,5,5,5,5,transport-cost-invest-school-buses-db3394b4:composite:1:4cfd8123718eed66
QC,T_HDV_BT_BEV_N,2025,274.5762303654073,$M 2020CAD / k vehicles,NLR manufacturing price (RPE / 1.5); Mid; CER Current Measures,T06,5,5,5,5,5,transport-cost-invest-urban-transit-db3394b4:composite:1:0cb1db7af1a5e7c6
QC,T_HDV_BT_BEV_N,2030,238.945043058376,$M 2020CAD / k vehicles,NLR manufacturing price (RPE / 1.5); Mid; CER Current Measures,T06,5,5,5,5,5,transport-cost-invest-urban-transit-db3394b4:composite:1:0cb1db7af1a5e7c6
QC,T_HDV_BT_BEV_N,2035,223.4573140190256,$M 2020CAD / k vehicles,NLR manufacturing price (RPE / 1.5); Mid; CER Current Measures,T06,5,5,5,5,5,transport-cost-invest-urban-transit-db3394b4:composite:1:0cb1db7af1a5e7c6
QC,T_HDV_BT_BEV_N,2040,213.91920126710497,$M 2020CAD / k vehicles,NLR manufacturing price (RPE / 1.5); Mid; CER Current Measures,T06,5,5,5,5,5,transport-cost-invest-urban-transit-db3394b4:composite:1:0cb1db7af1a5e7c6
QC,T_HDV_BT_BEV_N,2045,204.38108851518436,$M 2020CAD / k vehicles,NLR manufacturing price (RPE / 1.5); Mid; CER Current Measures,T06,5,5,5,5,5,transport-cost-invest-urban-transit-db3394b4:composite:1:0cb1db7af1a5e7c6
QC,T_HDV_BT_CNG_N,2025,168.10437279387037,$M 2020CAD / k vehicles,NLR manufacturing price (RPE / 1.5); reviewed cng->diesel purchase proxy; Mid; CER Current Measures,T06,5,5,5,5,5,transport-cost-invest-urban-transit-db3394b4:composite:1:0cb1db7af1a5e7c6
QC,T_HDV_BT_CNG_N,2030,168.63008811554965,$M 2020CAD / k vehicles,NLR manufacturing price (RPE / 1.5); reviewed cng->diesel purchase proxy; Mid; CER Current Measures,T06,5,5,5,5,5,transport-cost-invest-urban-transit-db3394b4:composite:1:0cb1db7af1a5e7c6
QC,T_HDV_BT_CNG_N,2035,168.74400489454072,$M 2020CAD / k vehicles,NLR manufacturing price (RPE / 1.5); reviewed cng->diesel purchase proxy; Mid; CER Current Measures,T06,5,5,5,5,5,transport-cost-invest-urban-transit-db3394b4:composite:1:0cb1db7af1a5e7c6
QC,T_HDV_BT_CNG_N,2040,168.88528056869325,$M 2020CAD / k vehicles,NLR manufacturing price (RPE / 1.5); reviewed cng->diesel purchase proxy; Mid; CER Current Measures,T06,5,5,5,5,5,transport-cost-invest-urban-transit-db3394b4:composite:1:0cb1db7af1a5e7c6
QC,T_HDV_BT_CNG_N,2045,169.02655624284563,$M 2020CAD / k vehicles,NLR manufacturing price (RPE / 1.5); reviewed cng->diesel purchase proxy; Mid; CER Current Measures,T06,5,5,5,5,5,transport-cost-invest-urban-transit-db3394b4:composite:1:0cb1db7af1a5e7c6
QC,T_HDV_BT_DSL_HEV_N,2025,181.6703753006759,$M 2020CAD / k vehicles,NLR manufacturing price (RPE / 1.5); Mid; CER Current Measures,T06,5,5,5,5,5,transport-cost-invest-urban-transit-db3394b4:composite:1:0cb1db7af1a5e7c6
QC,T_HDV_BT_DSL_HEV_N,2030,179.65737383341144,$M 2020CAD / k vehicles,NLR manufacturing price (RPE / 1.5); Mid; CER Current Measures,T06,5,5,5,5,5,transport-cost-invest-urban-transit-db3394b4:composite:1:0cb1db7af1a5e7c6
QC,T_HDV_BT_DSL_HEV_N,2035,177.85946988672637,$M 2020CAD / k vehicles,NLR manufacturing price (RPE / 1.5); Mid; CER Current Measures,T06,5,5,5,5,5,transport-cost-invest-urban-transit-db3394b4:composite:1:0cb1db7af1a5e7c6
QC,T_HDV_BT_DSL_HEV_N,2040,177.83211099156486,$M 2020CAD / k vehicles,NLR manufacturing price (RPE / 1.5); Mid; CER Current Measures,T06,5,5,5,5,5,transport-cost-invest-urban-transit-db3394b4:composite:1:0cb1db7af1a5e7c6
QC,T_HDV_BT_DSL_HEV_N,2045,177.80475209640355,$M 2020CAD / k vehicles,NLR manufacturing price (RPE / 1.5); Mid; CER Current Measures,T06,5,5,5,5,5,transport-cost-invest-urban-transit-db3394b4:composite:1:0cb1db7af1a5e7c6
QC,T_HDV_BT_DSL_N,2025,168.10437279387037,$M 2020CAD / k vehicles,NLR manufacturing price (RPE / 1.5); Mid; CER Current Measures,T06,5,5,5,5,5,transport-cost-invest-urban-transit-db3394b4:composite:1:0cb1db7af1a5e7c6
QC,T_HDV_BT_DSL_N,2030,168.63008811554965,$M 2020CAD / k vehicles,NLR manufacturing price (RPE / 1.5); Mid; CER Current Measures,T06,5,5,5,5,5,transport-cost-invest-urban-transit-db3394b4:composite:1:0cb1db7af1a5e7c6
QC,T_HDV_BT_DSL_N,2035,168.74400489454072,$M 2020CAD / k vehicles,NLR manufacturing price (RPE / 1.5); Mid; CER Current Measures,T06,5,5,5,5,5,transport-cost-invest-urban-transit-db3394b4:composite:1:0cb1db7af1a5e7c6
QC,T_HDV_BT_DSL_N,2040,168.88528056869325,$M 2020CAD / k vehicles,NLR manufacturing price (RPE / 1.5); Mid; CER Current Measures,T06,5,5,5,5,5,transport-cost-invest-urban-transit-db3394b4:composite:1:0cb1db7af1a5e7c6
QC,T_HDV_BT_DSL_N,2045,169.02655624284563,$M 2020CAD / k vehicles,NLR manufacturing price (RPE / 1.5); Mid; CER Current Measures,T06,5,5,5,5,5,transport-cost-invest-urban-transit-db3394b4:composite:1:0cb1db7af1a5e7c6
QC,T_HDV_BT_DSL_PHEV_N,2025,259.0927466718578,$M 2020CAD / k vehicles,NLR manufacturing price (RPE / 1.5); Mid; CER Current Measures,T06,5,5,5,5,5,transport-cost-invest-urban-transit-db3394b4:composite:1:0cb1db7af1a5e7c6
QC,T_HDV_BT_DSL_PHEV_N,2030,231.4194600686309,$M 2020CAD / k vehicles,NLR manufacturing price (RPE / 1.5); Mid; CER Current Measures,T06,5,5,5,5,5,transport-cost-invest-urban-transit-db3394b4:composite:1:0cb1db7af1a5e7c6
QC,T_HDV_BT_DSL_PHEV_N,2035,215.48950750835243,$M 2020CAD / k vehicles,NLR manufacturing price (RPE / 1.5); Mid; CER Current Measures,T06,5,5,5,5,5,transport-cost-invest-urban-transit-db3394b4:composite:1:0cb1db7af1a5e7c6
QC,T_HDV_BT_DSL_PHEV_N,2040,207.95920746771745,$M 2020CAD / k vehicles,NLR manufacturing price (RPE / 1.5); Mid; CER Current Measures,T06,5,5,5,5,5,transport-cost-invest-urban-transit-db3394b4:composite:1:0cb1db7af1a5e7c6
QC,T_HDV_BT_DSL_PHEV_N,2045,200.42890742708235,$M 2020CAD / k vehicles,NLR manufacturing price (RPE / 1.5); Mid; CER Current Measures,T06,5,5,5,5,5,transport-cost-invest-urban-transit-db3394b4:composite:1:0cb1db7af1a5e7c6
QC,T_HDV_BT_FCEV_N,2025,215.50153598812167,$M 2020CAD / k vehicles,NLR manufacturing price (RPE / 1.5); Mid; CER Current Measures,T06,5,5,5,5,5,transport-cost-invest-urban-transit-db3394b4:composite:1:0cb1db7af1a5e7c6
QC,T_HDV_BT_FCEV_N,2030,191.4891525805455,$M 2020CAD / k vehicles,NLR manufacturing price (RPE / 1.5); Mid; CER Current Measures,T06,5,5,5,5,5,transport-cost-invest-urban-transit-db3394b4:composite:1:0cb1db7af1a5e7c6
QC,T_HDV_BT_FCEV_N,2035,184.77018529297314,$M 2020CAD / k vehicles,NLR manufacturing price (RPE / 1.5); Mid; CER Current Measures,T06,5,5,5,5,5,transport-cost-invest-urban-transit-db3394b4:composite:1:0cb1db7af1a5e7c6
QC,T_HDV_BT_FCEV_N,2040,183.30082394076953,$M 2020CAD / k vehicles,NLR manufacturing price (RPE / 1.5); Mid; CER Current Measures,T06,5,5,5,5,5,transport-cost-invest-urban-transit-db3394b4:composite:1:0cb1db7af1a5e7c6
QC,T_HDV_BT_FCEV_N,2045,181.83146258856593,$M 2020CAD / k vehicles,NLR manufacturing price (RPE / 1.5); Mid; CER Current Measures,T06,5,5,5,5,5,transport-cost-invest-urban-transit-db3394b4:composite:1:0cb1db7af1a5e7c6
QC,T_HDV_BT_FCHEV_N,2025,199.82064371482988,$M 2020CAD / k vehicles,NLR manufacturing price (RPE / 1.5); Mid; CER Current Measures,T06,5,5,5,5,5,transport-cost-invest-urban-transit-db3394b4:composite:1:0cb1db7af1a5e7c6
QC,T_HDV_BT_FCHEV_N,2030,183.79870866219838,$M 2020CAD / k vehicles,NLR manufacturing price (RPE / 1.5); Mid; CER Current Measures,T06,5,5,5,5,5,transport-cost-invest-urban-transit-db3394b4:composite:1:0cb1db7af1a5e7c6
QC,T_HDV_BT_FCHEV_N,2035,177.91395182450466,$M 2020CAD / k vehicles,NLR manufacturing price (RPE / 1.5); Mid; CER Current Measures,T06,5,5,5,5,5,transport-cost-invest-urban-transit-db3394b4:composite:1:0cb1db7af1a5e7c6
QC,T_HDV_BT_FCHEV_N,2040,175.96227201880893,$M 2020CAD / k vehicles,NLR manufacturing price (RPE / 1.5); Mid; CER Current Measures,T06,5,5,5,5,5,transport-cost-invest-urban-transit-db3394b4:composite:1:0cb1db7af1a5e7c6
QC,T_HDV_BT_FCHEV_N,2045,174.01059221311317,$M 2020CAD / k vehicles,NLR manufacturing price (RPE / 1.5); Mid; CER Current Measures,T06,5,5,5,5,5,transport-cost-invest-urban-transit-db3394b4:composite:1:0cb1db7af1a5e7c6
QC,T_HDV_BT_GSL_N,2025,168.10437279387037,$M 2020CAD / k vehicles,NLR manufacturing price (RPE / 1.5); reviewed gasoline->diesel purchase proxy; Mid; CER Current Measures,T06,5,5,5,5,5,transport-cost-invest-urban-transit-db3394b4:composite:1:0cb1db7af1a5e7c6
QC,T_HDV_BT_GSL_N,2030,168.63008811554965,$M 2020CAD / k vehicles,NLR manufacturing price (RPE / 1.5); reviewed gasoline->diesel purchase proxy; Mid; CER Current Measures,T06,5,5,5,5,5,transport-cost-invest-urban-transit-db3394b4:composite:1:0cb1db7af1a5e7c6
QC,T_HDV_BT_GSL_N,2035,168.74400489454072,$M 2020CAD / k vehicles,NLR manufacturing price (RPE / 1.5); reviewed gasoline->diesel purchase proxy; Mid; CER Current Measures,T06,5,5,5,5,5,transport-cost-invest-urban-transit-db3394b4:composite:1:0cb1db7af1a5e7c6
QC,T_HDV_BT_GSL_N,2040,168.88528056869325,$M 2020CAD / k vehicles,NLR manufacturing price (RPE / 1.5); reviewed gasoline->diesel purchase proxy; Mid; CER Current Measures,T06,5,5,5,5,5,transport-cost-invest-urban-transit-db3394b4:composite:1:0cb1db7af1a5e7c6
QC,T_HDV_BT_GSL_N,2045,169.02655624284563,$M 2020CAD / k vehicles,NLR manufacturing price (RPE / 1.5); reviewed gasoline->diesel purchase proxy; Mid; CER Current Measures,T06,5,5,5,5,5,transport-cost-invest-urban-transit-db3394b4:composite:1:0cb1db7af1a5e7c6
QC,T_HDV_RF_DSL_N,2025,39.10602039451965,$M 2020CAD / bn tonne-km,CIMS service CAPEX times REGEN relative multiplier; Mid; CER Current Measures,T15,5,5,5,5,5,transport-cost-invest-freight-rail-7153c4b0:composite:1:67df951b6b1f4bd6
QC,T_HDV_RF_DSL_N,2030,39.10602039451965,$M 2020CAD / bn tonne-km,CIMS service CAPEX times REGEN relative multiplier; Mid; CER Current Measures,T15,5,5,5,5,5,transport-cost-invest-freight-rail-7153c4b0:composite:1:67df951b6b1f4bd6
QC,T_HDV_RF_DSL_N,2035,39.10602039451965,$M 2020CAD / bn tonne-km,CIMS service CAPEX times REGEN relative multiplier; Mid; CER Current Measures,T15,5,5,5,5,5,transport-cost-invest-freight-rail-7153c4b0:composite:1:67df951b6b1f4bd6
QC,T_HDV_RF_DSL_N,2040,39.10602039451965,$M 2020CAD / bn tonne-km,CIMS service CAPEX times REGEN relative multiplier; Mid; CER Current Measures,T15,5,5,5,5,5,transport-cost-invest-freight-rail-7153c4b0:composite:1:67df951b6b1f4bd6
QC,T_HDV_RF_DSL_N,2045,39.10602039451965,$M 2020CAD / bn tonne-km,CIMS service CAPEX times REGEN relative multiplier; Mid; CER Current Measures,T15,5,5,5,5,5,transport-cost-invest-freight-rail-7153c4b0:composite:1:67df951b6b1f4bd6
QC,T_HDV_RF_H2_N,2025,74.69249895353255,$M 2020CAD / bn tonne-km,CIMS service CAPEX times REGEN relative multiplier; Mid; CER Current Measures,T15,5,5,5,5,5,transport-cost-invest-freight-rail-2b87d19f:composite:1:515b0963e9e286db
QC,T_HDV_RF_H2_N,2030,74.69249895353255,$M 2020CAD / bn tonne-km,CIMS service CAPEX times REGEN relative multiplier; Mid; CER Current Measures,T15,5,5,5,5,5,transport-cost-invest-freight-rail-2b87d19f:composite:1:515b0963e9e286db
QC,T_HDV_RF_H2_N,2035,74.69249895353255,$M 2020CAD / bn tonne-km,CIMS service CAPEX times REGEN relative multiplier; Mid; CER Current Measures,T15,5,5,5,5,5,transport-cost-invest-freight-rail-2b87d19f:composite:1:515b0963e9e286db
QC,T_HDV_RF_H2_N,2040,68.4355356904094,$M 2020CAD / bn tonne-km,CIMS service CAPEX times REGEN relative multiplier; Mid; CER Current Measures,T15,5,5,5,5,5,transport-cost-invest-freight-rail-2b87d19f:composite:1:515b0963e9e286db
QC,T_HDV_RF_H2_N,2045,62.178572427286255,$M 2020CAD / bn tonne-km,CIMS service CAPEX times REGEN relative multiplier; Mid; CER Current Measures,T15,5,5,5,5,5,transport-cost-invest-freight-rail-2b87d19f:composite:1:515b0963e9e286db
QC,T_HDV_RF_LNG_N,2025,61.39645201939587,$M 2020CAD / bn tonne-km,CIMS service CAPEX times REGEN relative multiplier; Mid; CER Current Measures,T15,5,5,5,5,5,transport-cost-invest-freight-rail-2b87d19f:composite:1:515b0963e9e286db
QC,T_HDV_RF_LNG_N,2030,61.39645201939587,$M 2020CAD / bn tonne-km,CIMS service CAPEX times REGEN relative multiplier; Mid; CER Current Measures,T15,5,5,5,5,5,transport-cost-invest-freight-rail-2b87d19f:composite:1:515b0963e9e286db
QC,T_HDV_RF_LNG_N,2035,61.39645201939587,$M 2020CAD / bn tonne-km,CIMS service CAPEX times REGEN relative multiplier; Mid; CER Current Measures,T15,5,5,5,5,5,transport-cost-invest-freight-rail-2b87d19f:composite:1:515b0963e9e286db
QC,T_HDV_RF_LNG_N,2040,61.13574521676574,$M 2020CAD / bn tonne-km,CIMS service CAPEX times REGEN relative multiplier; Mid; CER Current Measures,T15,5,5,5,5,5,transport-cost-invest-freight-rail-2b87d19f:composite:1:515b0963e9e286db
QC,T_HDV_RF_LNG_N,2045,60.87503841413561,$M 2020CAD / bn tonne-km,CIMS service CAPEX times REGEN relative multiplier; Mid; CER Current Measures,T15,5,5,5,5,5,transport-cost-invest-freight-rail-2b87d19f:composite:1:515b0963e9e286db
QC,T_HDV_RICP_DSL_N,2025,1885.6878005906885,$M 2020CAD / bn passenger-km,CIMS service CAPEX times REGEN relative multiplier; Mid; CER Current Measures,T15,5,5,5,5,5,transport-cost-invest-passenger-rail-7153c4b0:composite:1:37d8b07bf17dc2b2
QC,T_HDV_RICP_DSL_N,2030,1885.6878005906885,$M 2020CAD / bn passenger-km,CIMS service CAPEX times REGEN relative multiplier; Mid; CER Current Measures,T15,5,5,5,5,5,transport-cost-invest-passenger-rail-7153c4b0:composite:1:37d8b07bf17dc2b2
QC,T_HDV_RICP_DSL_N,2035,1885.6878005906885,$M 2020CAD / bn passenger-km,CIMS service CAPEX times REGEN relative multiplier; Mid; CER Current Measures,T15,5,5,5,5,5,transport-cost-invest-passenger-rail-7153c4b0:composite:1:37d8b07bf17dc2b2
QC,T_HDV_RICP_DSL_N,2040,1885.6878005906885,$M 2020CAD / bn passenger-km,CIMS service CAPEX times REGEN relative multiplier; Mid; CER Current Measures,T15,5,5,5,5,5,transport-cost-invest-passenger-rail-7153c4b0:composite:1:37d8b07bf17dc2b2
QC,T_HDV_RICP_DSL_N,2045,1885.6878005906885,$M 2020CAD / bn passenger-km,CIMS service CAPEX times REGEN relative multiplier; Mid; CER Current Measures,T15,5,5,5,5,5,transport-cost-invest-passenger-rail-7153c4b0:composite:1:37d8b07bf17dc2b2
QC,T_HDV_RICP_H2_N,2025,2168.5409706792916,$M 2020CAD / bn passenger-km,CIMS service CAPEX times REGEN relative multiplier; Mid; CER Current Measures,T15,5,5,5,5,5,transport-cost-invest-passenger-rail-2b87d19f:composite:1:5b60ef866184bd6b
QC,T_HDV_RICP_H2_N,2030,2168.5409706792916,$M 2020CAD / bn passenger-km,CIMS service CAPEX times REGEN relative multiplier; Mid; CER Current Measures,T15,5,5,5,5,5,transport-cost-invest-passenger-rail-2b87d19f:composite:1:5b60ef866184bd6b
QC,T_HDV_RICP_H2_N,2035,2168.5409706792916,$M 2020CAD / bn passenger-km,CIMS service CAPEX times REGEN relative multiplier; Mid; CER Current Measures,T15,5,5,5,5,5,transport-cost-invest-passenger-rail-2b87d19f:composite:1:5b60ef866184bd6b
QC,T_HDV_RICP_H2_N,2040,2080.5422066517262,$M 2020CAD / bn passenger-km,CIMS service CAPEX times REGEN relative multiplier; Mid; CER Current Measures,T15,5,5,5,5,5,transport-cost-invest-passenger-rail-2b87d19f:composite:1:5b60ef866184bd6b
QC,T_HDV_RICP_H2_N,2045,1992.5434426241607,$M 2020CAD / bn passenger-km,CIMS service CAPEX times REGEN relative multiplier; Mid; CER Current Measures,T15,5,5,5,5,5,transport-cost-invest-passenger-rail-2b87d19f:composite:1:5b60ef866184bd6b
QC,T_HDV_T_BEV_N,2025,319.9170676552791,$M 2020CAD / k vehicles,NLR manufacturing price (RPE / 1.5); Mid; CER Current Measures,T06,5,5,5,5,5,transport-cost-invest-heavy-trucks-e1dceb92:composite:1:9b25f19b8719c99d
QC,T_HDV_T_BEV_N,2030,238.02077964426894,$M 2020CAD / k vehicles,NLR manufacturing price (RPE / 1.5); Mid; CER Current Measures,T06,5,5,5,5,5,transport-cost-invest-heavy-trucks-e1dceb92:composite:1:9b25f19b8719c99d
QC,T_HDV_T_BEV_N,2035,195.82463381441013,$M 2020CAD / k vehicles,NLR manufacturing price (RPE / 1.5); Mid; CER Current Measures,T06,5,5,5,5,5,transport-cost-invest-heavy-trucks-e1dceb92:composite:1:9b25f19b8719c99d
QC,T_HDV_T_BEV_N,2040,177.03939069454262,$M 2020CAD / k vehicles,NLR manufacturing price (RPE / 1.5); Mid; CER Current Measures,T06,5,5,5,5,5,transport-cost-invest-heavy-trucks-e1dceb92:composite:1:9b25f19b8719c99d
QC,T_HDV_T_BEV_N,2045,158.25414757467507,$M 2020CAD / k vehicles,NLR manufacturing price (RPE / 1.5); Mid; CER Current Measures,T06,5,5,5,5,5,transport-cost-invest-heavy-trucks-e1dceb92:composite:1:9b25f19b8719c99d
QC,T_HDV_T_DSL_HEV_N,2025,119.58206699451655,$M 2020CAD / k vehicles,NLR manufacturing price (RPE / 1.5); Mid; CER Current Measures,T06,5,5,5,5,5,transport-cost-invest-heavy-trucks-e1dceb92:composite:1:9b25f19b8719c99d
QC,T_HDV_T_DSL_HEV_N,2030,118.85610340830618,$M 2020CAD / k vehicles,NLR manufacturing price (RPE / 1.5); Mid; CER Current Measures,T06,5,5,5,5,5,transport-cost-invest-heavy-trucks-e1dceb92:composite:1:9b25f19b8719c99d
QC,T_HDV_T_DSL_HEV_N,2035,118.15968524905308,$M 2020CAD / k vehicles,NLR manufacturing price (RPE / 1.5); Mid; CER Current Measures,T06,5,5,5,5,5,transport-cost-invest-heavy-trucks-e1dceb92:composite:1:9b25f19b8719c99d
QC,T_HDV_T_DSL_HEV_N,2040,118.46404333574283,$M 2020CAD / k vehicles,NLR manufacturing price (RPE / 1.5); Mid; CER Current Measures,T06,5,5,5,5,5,transport-cost-invest-heavy-trucks-e1dceb92:composite:1:9b25f19b8719c99d
QC,T_HDV_T_DSL_HEV_N,2045,118.76840142243256,$M 2020CAD / k vehicles,NLR manufacturing price (RPE / 1.5); Mid; CER Current Measures,T06,5,5,5,5,5,transport-cost-invest-heavy-trucks-e1dceb92:composite:1:9b25f19b8719c99d
QC,T_HDV_T_DSL_N,2025,109.28070405938475,$M 2020CAD / k vehicles,NLR manufacturing price (RPE / 1.5); Mid; CER Current Measures,T06,5,5,5,5,5,transport-cost-invest-heavy-trucks-e1dceb92:composite:1:9b25f19b8719c99d
QC,T_HDV_T_DSL_N,2030,109.76091073215696,$M 2020CAD / k vehicles,NLR manufacturing price (RPE / 1.5); Mid; CER Current Measures,T06,5,5,5,5,5,transport-cost-invest-heavy-trucks-e1dceb92:composite:1:9b25f19b8719c99d
QC,T_HDV_T_DSL_N,2035,109.9308301114465,$M 2020CAD / k vehicles,NLR manufacturing price (RPE / 1.5); Mid; CER Current Measures,T06,5,5,5,5,5,transport-cost-invest-heavy-trucks-e1dceb92:composite:1:9b25f19b8719c99d
QC,T_HDV_T_DSL_N,2040,110.40987174550223,$M 2020CAD / k vehicles,NLR manufacturing price (RPE / 1.5); Mid; CER Current Measures,T06,5,5,5,5,5,transport-cost-invest-heavy-trucks-e1dceb92:composite:1:9b25f19b8719c99d
QC,T_HDV_T_DSL_N,2045,110.88891337955795,$M 2020CAD / k vehicles,NLR manufacturing price (RPE / 1.5); Mid; CER Current Measures,T06,5,5,5,5,5,transport-cost-invest-heavy-trucks-e1dceb92:composite:1:9b25f19b8719c99d
QC,T_HDV_T_DSL_PHEV_N,2025,302.27303951082024,$M 2020CAD / k vehicles,NLR manufacturing price (RPE / 1.5); Mid; CER Current Measures,T06,5,5,5,5,5,transport-cost-invest-heavy-trucks-e1dceb92:composite:1:9b25f19b8719c99d
QC,T_HDV_T_DSL_PHEV_N,2030,233.16833610980112,$M 2020CAD / k vehicles,NLR manufacturing price (RPE / 1.5); Mid; CER Current Measures,T06,5,5,5,5,5,transport-cost-invest-heavy-trucks-e1dceb92:composite:1:9b25f19b8719c99d
QC,T_HDV_T_DSL_PHEV_N,2035,194.1022429295247,$M 2020CAD / k vehicles,NLR manufacturing price (RPE / 1.5); Mid; CER Current Measures,T06,5,5,5,5,5,transport-cost-invest-heavy-trucks-e1dceb92:composite:1:9b25f19b8719c99d
QC,T_HDV_T_DSL_PHEV_N,2040,177.79303347121106,$M 2020CAD / k vehicles,NLR manufacturing price (RPE / 1.5); Mid; CER Current Measures,T06,5,5,5,5,5,transport-cost-invest-heavy-trucks-e1dceb92:composite:1:9b25f19b8719c99d
QC,T_HDV_T_DSL_PHEV_N,2045,161.48382401289754,$M 2020CAD / k vehicles,NLR manufacturing price (RPE / 1.5); Mid; CER Current Measures,T06,5,5,5,5,5,transport-cost-invest-heavy-trucks-e1dceb92:composite:1:9b25f19b8719c99d
QC,T_HDV_T_FCEV_N,2025,198.01392514602966,$M 2020CAD / k vehicles,NLR manufacturing price (RPE / 1.5); Mid; CER Current Measures,T06,5,5,5,5,5,transport-cost-invest-heavy-trucks-e1dceb92:composite:1:9b25f19b8719c99d
QC,T_HDV_T_FCEV_N,2030,142.27108122475414,$M 2020CAD / k vehicles,NLR manufacturing price (RPE / 1.5); Mid; CER Current Measures,T06,5,5,5,5,5,transport-cost-invest-heavy-trucks-e1dceb92:composite:1:9b25f19b8719c99d
QC,T_HDV_T_FCEV_N,2035,128.59249210723482,$M 2020CAD / k vehicles,NLR manufacturing price (RPE / 1.5); Mid; CER Current Measures,T06,5,5,5,5,5,transport-cost-invest-heavy-trucks-e1dceb92:composite:1:9b25f19b8719c99d
QC,T_HDV_T_FCEV_N,2040,125.70794012138603,$M 2020CAD / k vehicles,NLR manufacturing price (RPE / 1.5); Mid; CER Current Measures,T06,5,5,5,5,5,transport-cost-invest-heavy-trucks-e1dceb92:composite:1:9b25f19b8719c99d
QC,T_HDV_T_FCEV_N,2045,122.82338813553729,$M 2020CAD / k vehicles,NLR manufacturing price (RPE / 1.5); Mid; CER Current Measures,T06,5,5,5,5,5,transport-cost-invest-heavy-trucks-e1dceb92:composite:1:9b25f19b8719c99d
QC,T_HDV_T_FCHEV_N,2025,165.92660986938154,$M 2020CAD / k vehicles,NLR manufacturing price (RPE / 1.5); Mid; CER Current Measures,T06,5,5,5,5,5,transport-cost-invest-heavy-trucks-e1dceb92:composite:1:9b25f19b8719c99d
QC,T_HDV_T_FCHEV_N,2030,128.488574750263,$M 2020CAD / k vehicles,NLR manufacturing price (RPE / 1.5); Mid; CER Current Measures,T06,5,5,5,5,5,transport-cost-invest-heavy-trucks-e1dceb92:composite:1:9b25f19b8719c99d
QC,T_HDV_T_FCHEV_N,2035,116.32895099158648,$M 2020CAD / k vehicles,NLR manufacturing price (RPE / 1.5); Mid; CER Current Measures,T06,5,5,5,5,5,transport-cost-invest-heavy-trucks-e1dceb92:composite:1:9b25f19b8719c99d
QC,T_HDV_T_FCHEV_N,2040,112.34883116848046,$M 2020CAD / k vehicles,NLR manufacturing price (RPE / 1.5); Mid; CER Current Measures,T06,5,5,5,5,5,transport-cost-invest-heavy-trucks-e1dceb92:composite:1:9b25f19b8719c99d
QC,T_HDV_T_FCHEV_N,2045,108.36871134537448,$M 2020CAD / k vehicles,NLR manufacturing price (RPE / 1.5); Mid; CER Current Measures,T06,5,5,5,5,5,transport-cost-invest-heavy-trucks-e1dceb92:composite:1:9b25f19b8719c99d
QC,T_HDV_WTF_HFO_N,2025,159.71497923605244,$M 2020CAD / bn tonne-km,CIMS service CAPEX times REGEN relative multiplier; Mid; CER Current Measures,T15,5,5,5,5,5,transport-cost-invest-freight-marine-7153c4b0:composite:1:6ed78a0e5715890a
QC,T_HDV_WTF_HFO_N,2030,159.71497923605244,$M 2020CAD / bn tonne-km,CIMS service CAPEX times REGEN relative multiplier; Mid; CER Current Measures,T15,5,5,5,5,5,transport-cost-invest-freight-marine-7153c4b0:composite:1:6ed78a0e5715890a
QC,T_HDV_WTF_HFO_N,2035,159.71497923605244,$M 2020CAD / bn tonne-km,CIMS service CAPEX times REGEN relative multiplier; Mid; CER Current Measures,T15,5,5,5,5,5,transport-cost-invest-freight-marine-7153c4b0:composite:1:6ed78a0e5715890a
QC,T_HDV_WTF_HFO_N,2040,159.71497923605244,$M 2020CAD / bn tonne-km,CIMS service CAPEX times REGEN relative multiplier; Mid; CER Current Measures,T15,5,5,5,5,5,transport-cost-invest-freight-marine-7153c4b0:composite:1:6ed78a0e5715890a
QC,T_HDV_WTF_HFO_N,2045,159.71497923605244,$M 2020CAD / bn tonne-km,CIMS service CAPEX times REGEN relative multiplier; Mid; CER Current Measures,T15,5,5,5,5,5,transport-cost-invest-freight-marine-7153c4b0:composite:1:6ed78a0e5715890a
QC,T_HDV_WTF_LNG_N,2025,167.70072819785508,$M 2020CAD / bn tonne-km,CIMS service CAPEX times REGEN relative multiplier; Mid; CER Current Measures,T15,5,5,5,5,5,transport-cost-invest-freight-marine-2b87d19f:composite:1:ad7b13db5806a90b
QC,T_HDV_WTF_LNG_N,2030,167.70072819785508,$M 2020CAD / bn tonne-km,CIMS service CAPEX times REGEN relative multiplier; Mid; CER Current Measures,T15,5,5,5,5,5,transport-cost-invest-freight-marine-2b87d19f:composite:1:ad7b13db5806a90b
QC,T_HDV_WTF_LNG_N,2035,167.70072819785508,$M 2020CAD / bn tonne-km,CIMS service CAPEX times REGEN relative multiplier; Mid; CER Current Measures,T15,5,5,5,5,5,transport-cost-invest-freight-marine-2b87d19f:composite:1:ad7b13db5806a90b
QC,T_HDV_WTF_LNG_N,2040,167.70072819785508,$M 2020CAD / bn tonne-km,CIMS service CAPEX times REGEN relative multiplier; Mid; CER Current Measures,T15,5,5,5,5,5,transport-cost-invest-freight-marine-2b87d19f:composite:1:ad7b13db5806a90b
QC,T_HDV_WTF_LNG_N,2045,167.70072819785508,$M 2020CAD / bn tonne-km,CIMS service CAPEX times REGEN relative multiplier; Mid; CER Current Measures,T15,5,5,5,5,5,transport-cost-invest-freight-marine-2b87d19f:composite:1:ad7b13db5806a90b
QC,T_HDV_WTF_MDO_N,2025,159.71497923605244,$M 2020CAD / bn tonne-km,CIMS service CAPEX times REGEN relative multiplier; Mid; CER Current Measures,T15,5,5,5,5,5,transport-cost-invest-freight-marine-7153c4b0:composite:1:6ed78a0e5715890a
QC,T_HDV_WTF_MDO_N,2030,159.71497923605244,$M 2020CAD / bn tonne-km,CIMS service CAPEX times REGEN relative multiplier; Mid; CER Current Measures,T15,5,5,5,5,5,transport-cost-invest-freight-marine-7153c4b0:composite:1:6ed78a0e5715890a
QC,T_HDV_WTF_MDO_N,2035,159.71497923605244,$M 2020CAD / bn tonne-km,CIMS service CAPEX times REGEN relative multiplier; Mid; CER Current Measures,T15,5,5,5,5,5,transport-cost-invest-freight-marine-7153c4b0:composite:1:6ed78a0e5715890a
QC,T_HDV_WTF_MDO_N,2040,159.71497923605244,$M 2020CAD / bn tonne-km,CIMS service CAPEX times REGEN relative multiplier; Mid; CER Current Measures,T15,5,5,5,5,5,transport-cost-invest-freight-marine-7153c4b0:composite:1:6ed78a0e5715890a
QC,T_HDV_WTF_MDO_N,2045,159.71497923605244,$M 2020CAD / bn tonne-km,CIMS service CAPEX times REGEN relative multiplier; Mid; CER Current Measures,T15,5,5,5,5,5,transport-cost-invest-freight-marine-7153c4b0:composite:1:6ed78a0e5715890a
QC,T_LDV_C_BEV150_N,2025,16.801003190903973,$M 2020CAD / k vehicles,NLR manufacturing price (RPE / 1.5); Mid; CER Current Measures,T06,5,5,5,5,5,transport-cost-invest-cars-17ac5a44:composite:1:6c9511ec7d0fa9a6
QC,T_LDV_C_BEV150_N,2030,15.869353538567474,$M 2020CAD / k vehicles,NLR manufacturing price (RPE / 1.5); Mid; CER Current Measures,T06,5,5,5,5,5,transport-cost-invest-cars-17ac5a44:composite:1:6c9511ec7d0fa9a6
QC,T_LDV_C_BEV150_N,2035,14.83975417546046,$M 2020CAD / k vehicles,NLR manufacturing price (RPE / 1.5); Mid; CER Current Measures,T06,5,5,5,5,5,transport-cost-invest-cars-17ac5a44:composite:1:6c9511ec7d0fa9a6
QC,T_LDV_C_BEV150_N,2040,14.463386506311748,$M 2020CAD / k vehicles,NLR manufacturing price (RPE / 1.5); Mid; CER Current Measures,T06,5,5,5,5,5,transport-cost-invest-cars-17ac5a44:composite:1:6c9511ec7d0fa9a6
QC,T_LDV_C_BEV150_N,2045,14.087018837163033,$M 2020CAD / k vehicles,NLR manufacturing price (RPE / 1.5); Mid; CER Current Measures,T06,5,5,5,5,5,transport-cost-invest-cars-17ac5a44:composite:1:6c9511ec7d0fa9a6
QC,T_LDV_C_BEV200_N,2025,18.450588718181724,$M 2020CAD / k vehicles,NLR manufacturing price (RPE / 1.5); Mid; CER Current Measures,T06,5,5,5,5,5,transport-cost-invest-cars-17ac5a44:composite:1:6c9511ec7d0fa9a6
QC,T_LDV_C_BEV200_N,2030,17.075432556783035,$M 2020CAD / k vehicles,NLR manufacturing price (RPE / 1.5); Mid; CER Current Measures,T06,5,5,5,5,5,transport-cost-invest-cars-17ac5a44:composite:1:6c9511ec7d0fa9a6
QC,T_LDV_C_BEV200_N,2035,16.064052800119892,$M 2020CAD / k vehicles,NLR manufacturing price (RPE / 1.5); Mid; CER Current Measures,T06,5,5,5,5,5,transport-cost-invest-cars-17ac5a44:composite:1:6c9511ec7d0fa9a6
QC,T_LDV_C_BEV200_N,2040,15.570840343740123,$M 2020CAD / k vehicles,NLR manufacturing price (RPE / 1.5); Mid; CER Current Measures,T06,5,5,5,5,5,transport-cost-invest-cars-17ac5a44:composite:1:6c9511ec7d0fa9a6
QC,T_LDV_C_BEV200_N,2045,15.077627887360357,$M 2020CAD / k vehicles,NLR manufacturing price (RPE / 1.5); Mid; CER Current Measures,T06,5,5,5,5,5,transport-cost-invest-cars-17ac5a44:composite:1:6c9511ec7d0fa9a6
QC,T_LDV_C_BEV300_N,2025,21.64471662156811,$M 2020CAD / k vehicles,NLR manufacturing price (RPE / 1.5); Mid; CER Current Measures,T06,5,5,5,5,5,transport-cost-invest-cars-17ac5a44:composite:1:6c9511ec7d0fa9a6
QC,T_LDV_C_BEV300_N,2030,20.127401795353926,$M 2020CAD / k vehicles,NLR manufacturing price (RPE / 1.5); Mid; CER Current Measures,T06,5,5,5,5,5,transport-cost-invest-cars-17ac5a44:composite:1:6c9511ec7d0fa9a6
QC,T_LDV_C_BEV300_N,2035,18.51224924915488,$M 2020CAD / k vehicles,NLR manufacturing price (RPE / 1.5); Mid; CER Current Measures,T06,5,5,5,5,5,transport-cost-invest-cars-17ac5a44:composite:1:6c9511ec7d0fa9a6
QC,T_LDV_C_BEV300_N,2040,17.8051222661988,$M 2020CAD / k vehicles,NLR manufacturing price (RPE / 1.5); Mid; CER Current Measures,T06,5,5,5,5,5,transport-cost-invest-cars-17ac5a44:composite:1:6c9511ec7d0fa9a6
QC,T_LDV_C_BEV300_N,2045,17.097995283242717,$M 2020CAD / k vehicles,NLR manufacturing price (RPE / 1.5); Mid; CER Current Measures,T06,5,5,5,5,5,transport-cost-invest-cars-17ac5a44:composite:1:6c9511ec7d0fa9a6
QC,T_LDV_C_BEV400_N,2025,26.871404576953083,$M 2020CAD / k vehicles,NLR manufacturing price (RPE / 1.5); Mid; CER Current Measures,T06,5,5,5,5,5,transport-cost-invest-cars-17ac5a44:composite:1:6c9511ec7d0fa9a6
QC,T_LDV_C_BEV400_N,2030,23.992811545238926,$M 2020CAD / k vehicles,NLR manufacturing price (RPE / 1.5); Mid; CER Current Measures,T06,5,5,5,5,5,transport-cost-invest-cars-17ac5a44:composite:1:6c9511ec7d0fa9a6
QC,T_LDV_C_BEV400_N,2035,21.55181606660899,$M 2020CAD / k vehicles,NLR manufacturing price (RPE / 1.5); Mid; CER Current Measures,T06,5,5,5,5,5,transport-cost-invest-cars-17ac5a44:composite:1:6c9511ec7d0fa9a6
QC,T_LDV_C_BEV400_N,2040,20.669024477781626,$M 2020CAD / k vehicles,NLR manufacturing price (RPE / 1.5); Mid; CER Current Measures,T06,5,5,5,5,5,transport-cost-invest-cars-17ac5a44:composite:1:6c9511ec7d0fa9a6
QC,T_LDV_C_BEV400_N,2045,19.786232888954267,$M 2020CAD / k vehicles,NLR manufacturing price (RPE / 1.5); Mid; CER Current Measures,T06,5,5,5,5,5,transport-cost-invest-cars-17ac5a44:composite:1:6c9511ec7d0fa9a6
QC,T_LDV_C_CNG_N,2025,23.453108528211796,$M 2020CAD / k vehicles,NLR manufacturing price (RPE / 1.5); Mid; CER Current Measures,T06,5,5,5,5,5,transport-cost-invest-cars-17ac5a44:composite:1:6c9511ec7d0fa9a6
QC,T_LDV_C_CNG_N,2030,23.465204181505534,$M 2020CAD / k vehicles,NLR manufacturing price (RPE / 1.5); Mid; CER Current Measures,T06,5,5,5,5,5,transport-cost-invest-cars-17ac5a44:composite:1:6c9511ec7d0fa9a6
QC,T_LDV_C_CNG_N,2035,23.51720295021423,$M 2020CAD / k vehicles,NLR manufacturing price (RPE / 1.5); Mid; CER Current Measures,T06,5,5,5,5,5,transport-cost-invest-cars-17ac5a44:composite:1:6c9511ec7d0fa9a6
QC,T_LDV_C_CNG_N,2040,23.486199536200548,$M 2020CAD / k vehicles,NLR manufacturing price (RPE / 1.5); Mid; CER Current Measures,T06,5,5,5,5,5,transport-cost-invest-cars-17ac5a44:composite:1:6c9511ec7d0fa9a6
QC,T_LDV_C_CNG_N,2045,23.455196122186884,$M 2020CAD / k vehicles,NLR manufacturing price (RPE / 1.5); Mid; CER Current Measures,T06,5,5,5,5,5,transport-cost-invest-cars-17ac5a44:composite:1:6c9511ec7d0fa9a6
QC,T_LDV_C_DSL_N,2025,21.616273204696757,$M 2020CAD / k vehicles,NLR manufacturing price (RPE / 1.5); Mid; CER Current Measures,T06,5,5,5,5,5,transport-cost-invest-cars-17ac5a44:composite:1:6c9511ec7d0fa9a6
QC,T_LDV_C_DSL_N,2030,21.664120670538832,$M 2020CAD / k vehicles,NLR manufacturing price (RPE / 1.5); Mid; CER Current Measures,T06,5,5,5,5,5,transport-cost-invest-cars-17ac5a44:composite:1:6c9511ec7d0fa9a6
QC,T_LDV_C_DSL_N,2035,21.697015383143423,$M 2020CAD / k vehicles,NLR manufacturing price (RPE / 1.5); Mid; CER Current Measures,T06,5,5,5,5,5,transport-cost-invest-cars-17ac5a44:composite:1:6c9511ec7d0fa9a6
QC,T_LDV_C_DSL_N,2040,21.66589628197499,$M 2020CAD / k vehicles,NLR manufacturing price (RPE / 1.5); Mid; CER Current Measures,T06,5,5,5,5,5,transport-cost-invest-cars-17ac5a44:composite:1:6c9511ec7d0fa9a6
QC,T_LDV_C_DSL_N,2045,21.634777180806548,$M 2020CAD / k vehicles,NLR manufacturing price (RPE / 1.5); Mid; CER Current Measures,T06,5,5,5,5,5,transport-cost-invest-cars-17ac5a44:composite:1:6c9511ec7d0fa9a6
QC,T_LDV_C_FCEV400_N,2025,24.286118891416027,$M 2020CAD / k vehicles,NLR manufacturing price (RPE / 1.5); Mid; CER Current Measures,T06,5,5,5,5,5,transport-cost-invest-cars-17ac5a44:composite:1:6c9511ec7d0fa9a6
QC,T_LDV_C_FCEV400_N,2030,22.43387181478082,$M 2020CAD / k vehicles,NLR manufacturing price (RPE / 1.5); Mid; CER Current Measures,T06,5,5,5,5,5,transport-cost-invest-cars-17ac5a44:composite:1:6c9511ec7d0fa9a6
QC,T_LDV_C_FCEV400_N,2035,20.99196339019948,$M 2020CAD / k vehicles,NLR manufacturing price (RPE / 1.5); Mid; CER Current Measures,T06,5,5,5,5,5,transport-cost-invest-cars-17ac5a44:composite:1:6c9511ec7d0fa9a6
QC,T_LDV_C_FCEV400_N,2040,20.525515721130493,$M 2020CAD / k vehicles,NLR manufacturing price (RPE / 1.5); Mid; CER Current Measures,T06,5,5,5,5,5,transport-cost-invest-cars-17ac5a44:composite:1:6c9511ec7d0fa9a6
QC,T_LDV_C_FCEV400_N,2045,20.059068052061516,$M 2020CAD / k vehicles,NLR manufacturing price (RPE / 1.5); Mid; CER Current Measures,T06,5,5,5,5,5,transport-cost-invest-cars-17ac5a44:composite:1:6c9511ec7d0fa9a6
QC,T_LDV_C_GSL_HEV_N,2025,20.068117018651932,$M 2020CAD / k vehicles,NLR manufacturing price (RPE / 1.5); Mid; CER Current Measures,T06,5,5,5,5,5,transport-cost-invest-cars-17ac5a44:composite:1:6c9511ec7d0fa9a6
QC,T_LDV_C_GSL_HEV_N,2030,19.480143337341726,$M 2020CAD / k vehicles,NLR manufacturing price (RPE / 1.5); Mid; CER Current Measures,T06,5,5,5,5,5,transport-cost-invest-cars-17ac5a44:composite:1:6c9511ec7d0fa9a6
QC,T_LDV_C_GSL_HEV_N,2035,19.11592132553458,$M 2020CAD / k vehicles,NLR manufacturing price (RPE / 1.5); Mid; CER Current Measures,T06,5,5,5,5,5,transport-cost-invest-cars-17ac5a44:composite:1:6c9511ec7d0fa9a6
QC,T_LDV_C_GSL_HEV_N,2040,18.86171930229058,$M 2020CAD / k vehicles,NLR manufacturing price (RPE / 1.5); Mid; CER Current Measures,T06,5,5,5,5,5,transport-cost-invest-cars-17ac5a44:composite:1:6c9511ec7d0fa9a6
QC,T_LDV_C_GSL_HEV_N,2045,18.607517279046583,$M 2020CAD / k vehicles,NLR manufacturing price (RPE / 1.5); Mid; CER Current Measures,T06,5,5,5,5,5,transport-cost-invest-cars-17ac5a44:composite:1:6c9511ec7d0fa9a6
QC,T_LDV_C_GSL_N,2025,18.099727473265236,$M 2020CAD / k vehicles,NLR manufacturing price (RPE / 1.5); Mid; CER Current Measures,T06,5,5,5,5,5,transport-cost-invest-cars-17ac5a44:composite:1:6c9511ec7d0fa9a6
QC,T_LDV_C_GSL_N,2030,18.568779974193454,$M 2020CAD / k vehicles,NLR manufacturing price (RPE / 1.5); Mid; CER Current Measures,T06,5,5,5,5,5,transport-cost-invest-cars-17ac5a44:composite:1:6c9511ec7d0fa9a6
QC,T_LDV_C_GSL_N,2035,19.547500130824435,$M 2020CAD / k vehicles,NLR manufacturing price (RPE / 1.5); Mid; CER Current Measures,T06,5,5,5,5,5,transport-cost-invest-cars-17ac5a44:composite:1:6c9511ec7d0fa9a6
QC,T_LDV_C_GSL_N,2040,19.51661240396554,$M 2020CAD / k vehicles,NLR manufacturing price (RPE / 1.5); Mid; CER Current Measures,T06,5,5,5,5,5,transport-cost-invest-cars-17ac5a44:composite:1:6c9511ec7d0fa9a6
QC,T_LDV_C_GSL_N,2045,19.485724677106628,$M 2020CAD / k vehicles,NLR manufacturing price (RPE / 1.5); Mid; CER Current Measures,T06,5,5,5,5,5,transport-cost-invest-cars-17ac5a44:composite:1:6c9511ec7d0fa9a6
QC,T_LDV_C_GSL_PHEV35_N,2025,21.329665367851863,$M 2020CAD / k vehicles,NLR manufacturing price (RPE / 1.5); Mid; CER Current Measures,T06,5,5,5,5,5,transport-cost-invest-cars-17ac5a44:composite:1:6c9511ec7d0fa9a6
QC,T_LDV_C_GSL_PHEV35_N,2030,20.243582306410154,$M 2020CAD / k vehicles,NLR manufacturing price (RPE / 1.5); Mid; CER Current Measures,T06,5,5,5,5,5,transport-cost-invest-cars-17ac5a44:composite:1:6c9511ec7d0fa9a6
QC,T_LDV_C_GSL_PHEV35_N,2035,19.51060185521329,$M 2020CAD / k vehicles,NLR manufacturing price (RPE / 1.5); Mid; CER Current Measures,T06,5,5,5,5,5,transport-cost-invest-cars-17ac5a44:composite:1:6c9511ec7d0fa9a6
QC,T_LDV_C_GSL_PHEV35_N,2040,19.119066477548746,$M 2020CAD / k vehicles,NLR manufacturing price (RPE / 1.5); Mid; CER Current Measures,T06,5,5,5,5,5,transport-cost-invest-cars-17ac5a44:composite:1:6c9511ec7d0fa9a6
QC,T_LDV_C_GSL_PHEV35_N,2045,18.727531099884192,$M 2020CAD / k vehicles,NLR manufacturing price (RPE / 1.5); Mid; CER Current Measures,T06,5,5,5,5,5,transport-cost-invest-cars-17ac5a44:composite:1:6c9511ec7d0fa9a6
QC,T_LDV_C_GSL_PHEV50_N,2025,22.408614632413034,$M 2020CAD / k vehicles,NLR manufacturing price (RPE / 1.5); Mid; CER Current Measures,T06,5,5,5,5,5,transport-cost-invest-cars-17ac5a44:composite:1:6c9511ec7d0fa9a6
QC,T_LDV_C_GSL_PHEV50_N,2030,21.11719207550682,$M 2020CAD / k vehicles,NLR manufacturing price (RPE / 1.5); Mid; CER Current Measures,T06,5,5,5,5,5,transport-cost-invest-cars-17ac5a44:composite:1:6c9511ec7d0fa9a6
QC,T_LDV_C_GSL_PHEV50_N,2035,20.22391623356339,$M 2020CAD / k vehicles,NLR manufacturing price (RPE / 1.5); Mid; CER Current Measures,T06,5,5,5,5,5,transport-cost-invest-cars-17ac5a44:composite:1:6c9511ec7d0fa9a6
QC,T_LDV_C_GSL_PHEV50_N,2040,19.775126157686778,$M 2020CAD / k vehicles,NLR manufacturing price (RPE / 1.5); Mid; CER Current Measures,T06,5,5,5,5,5,transport-cost-invest-cars-17ac5a44:composite:1:6c9511ec7d0fa9a6
QC,T_LDV_C_GSL_PHEV50_N,2045,19.326336081810155,$M 2020CAD / k vehicles,NLR manufacturing price (RPE / 1.5); Mid; CER Current Measures,T06,5,5,5,5,5,transport-cost-invest-cars-17ac5a44:composite:1:6c9511ec7d0fa9a6
QC,T_LDV_LTF_BEV150_N,2025,23.198054549055403,$M 2020CAD / k vehicles,NLR manufacturing price (RPE / 1.5); Mid; CER Current Measures,T06,5,5,5,5,5,transport-cost-invest-freight-light-trucks-17ac5a44:composite:1:f148ff7e78890547
QC,T_LDV_LTF_BEV150_N,2030,21.74990711330167,$M 2020CAD / k vehicles,NLR manufacturing price (RPE / 1.5); Mid; CER Current Measures,T06,5,5,5,5,5,transport-cost-invest-freight-light-trucks-17ac5a44:composite:1:f148ff7e78890547
QC,T_LDV_LTF_BEV150_N,2035,20.655907447622376,$M 2020CAD / k vehicles,NLR manufacturing price (RPE / 1.5); Mid; CER Current Measures,T06,5,5,5,5,5,transport-cost-invest-freight-light-trucks-17ac5a44:composite:1:f148ff7e78890547
QC,T_LDV_LTF_BEV150_N,2040,20.10871521160944,$M 2020CAD / k vehicles,NLR manufacturing price (RPE / 1.5); Mid; CER Current Measures,T06,5,5,5,5,5,transport-cost-invest-freight-light-trucks-17ac5a44:composite:1:f148ff7e78890547
QC,T_LDV_LTF_BEV150_N,2045,19.56152297559651,$M 2020CAD / k vehicles,NLR manufacturing price (RPE / 1.5); Mid; CER Current Measures,T06,5,5,5,5,5,transport-cost-invest-freight-light-trucks-17ac5a44:composite:1:f148ff7e78890547
QC,T_LDV_LTF_BEV200_N,2025,25.329852285373793,$M 2020CAD / k vehicles,NLR manufacturing price (RPE / 1.5); Mid; CER Current Measures,T06,5,5,5,5,5,transport-cost-invest-freight-light-trucks-17ac5a44:composite:1:f148ff7e78890547
QC,T_LDV_LTF_BEV200_N,2030,23.716184211003593,$M 2020CAD / k vehicles,NLR manufacturing price (RPE / 1.5); Mid; CER Current Measures,T06,5,5,5,5,5,transport-cost-invest-freight-light-trucks-17ac5a44:composite:1:f148ff7e78890547
QC,T_LDV_LTF_BEV200_N,2035,22.236253814604407,$M 2020CAD / k vehicles,NLR manufacturing price (RPE / 1.5); Mid; CER Current Measures,T06,5,5,5,5,5,transport-cost-invest-freight-light-trucks-17ac5a44:composite:1:f148ff7e78890547
QC,T_LDV_LTF_BEV200_N,2040,21.5507721961262,$M 2020CAD / k vehicles,NLR manufacturing price (RPE / 1.5); Mid; CER Current Measures,T06,5,5,5,5,5,transport-cost-invest-freight-light-trucks-17ac5a44:composite:1:f148ff7e78890547
QC,T_LDV_LTF_BEV200_N,2045,20.86529057764799,$M 2020CAD / k vehicles,NLR manufacturing price (RPE / 1.5); Mid; CER Current Measures,T06,5,5,5,5,5,transport-cost-invest-freight-light-trucks-17ac5a44:composite:1:f148ff7e78890547
QC,T_LDV_LTF_BEV300_N,2025,29.844256602098493,$M 2020CAD / k vehicles,NLR manufacturing price (RPE / 1.5); Mid; CER Current Measures,T06,5,5,5,5,5,transport-cost-invest-freight-light-trucks-17ac5a44:composite:1:f148ff7e78890547
QC,T_LDV_LTF_BEV300_N,2030,27.510148965283708,$M 2020CAD / k vehicles,NLR manufacturing price (RPE / 1.5); Mid; CER Current Measures,T06,5,5,5,5,5,transport-cost-invest-freight-light-trucks-17ac5a44:composite:1:f148ff7e78890547
QC,T_LDV_LTF_BEV300_N,2035,25.31530268754287,$M 2020CAD / k vehicles,NLR manufacturing price (RPE / 1.5); Mid; CER Current Measures,T06,5,5,5,5,5,transport-cost-invest-freight-light-trucks-17ac5a44:composite:1:f148ff7e78890547
QC,T_LDV_LTF_BEV300_N,2040,24.427240043847814,$M 2020CAD / k vehicles,NLR manufacturing price (RPE / 1.5); Mid; CER Current Measures,T06,5,5,5,5,5,transport-cost-invest-freight-light-trucks-17ac5a44:composite:1:f148ff7e78890547
QC,T_LDV_LTF_BEV300_N,2045,23.539177400152745,$M 2020CAD / k vehicles,NLR manufacturing price (RPE / 1.5); Mid; CER Current Measures,T06,5,5,5,5,5,transport-cost-invest-freight-light-trucks-17ac5a44:composite:1:f148ff7e78890547
QC,T_LDV_LTF_BEV400_N,2025,36.584254888203446,$M 2020CAD / k vehicles,NLR manufacturing price (RPE / 1.5); Mid; CER Current Measures,T06,5,5,5,5,5,transport-cost-invest-freight-light-trucks-17ac5a44:composite:1:f148ff7e78890547
QC,T_LDV_LTF_BEV400_N,2030,33.037308850618835,$M 2020CAD / k vehicles,NLR manufacturing price (RPE / 1.5); Mid; CER Current Measures,T06,5,5,5,5,5,transport-cost-invest-freight-light-trucks-17ac5a44:composite:1:f148ff7e78890547
QC,T_LDV_LTF_BEV400_N,2035,30.02648837692175,$M 2020CAD / k vehicles,NLR manufacturing price (RPE / 1.5); Mid; CER Current Measures,T06,5,5,5,5,5,transport-cost-invest-freight-light-trucks-17ac5a44:composite:1:f148ff7e78890547
QC,T_LDV_LTF_BEV400_N,2040,28.662275803539924,$M 2020CAD / k vehicles,NLR manufacturing price (RPE / 1.5); Mid; CER Current Measures,T06,5,5,5,5,5,transport-cost-invest-freight-light-trucks-17ac5a44:composite:1:f148ff7e78890547
QC,T_LDV_LTF_BEV400_N,2045,27.298063230158085,$M 2020CAD / k vehicles,NLR manufacturing price (RPE / 1.5); Mid; CER Current Measures,T06,5,5,5,5,5,transport-cost-invest-freight-light-trucks-17ac5a44:composite:1:f148ff7e78890547
QC,T_LDV_LTF_CNG_N,2025,28.202584348161018,$M 2020CAD / k vehicles,NLR manufacturing price (RPE / 1.5); Mid; CER Current Measures,T06,5,5,5,5,5,transport-cost-invest-freight-light-trucks-17ac5a44:composite:1:f148ff7e78890547
QC,T_LDV_LTF_CNG_N,2030,28.221438791034974,$M 2020CAD / k vehicles,NLR manufacturing price (RPE / 1.5); Mid; CER Current Measures,T06,5,5,5,5,5,transport-cost-invest-freight-light-trucks-17ac5a44:composite:1:f148ff7e78890547
QC,T_LDV_LTF_CNG_N,2035,28.26637565972034,$M 2020CAD / k vehicles,NLR manufacturing price (RPE / 1.5); Mid; CER Current Measures,T06,5,5,5,5,5,transport-cost-invest-freight-light-trucks-17ac5a44:composite:1:f148ff7e78890547
QC,T_LDV_LTF_CNG_N,2040,28.23312614804637,$M 2020CAD / k vehicles,NLR manufacturing price (RPE / 1.5); Mid; CER Current Measures,T06,5,5,5,5,5,transport-cost-invest-freight-light-trucks-17ac5a44:composite:1:f148ff7e78890547
QC,T_LDV_LTF_CNG_N,2045,28.199876636372398,$M 2020CAD / k vehicles,NLR manufacturing price (RPE / 1.5); Mid; CER Current Measures,T06,5,5,5,5,5,transport-cost-invest-freight-light-trucks-17ac5a44:composite:1:f148ff7e78890547
QC,T_LDV_LTF_DSL_N,2025,26.260701373316834,$M 2020CAD / k vehicles,NLR manufacturing price (RPE / 1.5); Mid; CER Current Measures,T06,5,5,5,5,5,transport-cost-invest-freight-light-trucks-17ac5a44:composite:1:f148ff7e78890547
QC,T_LDV_LTF_DSL_N,2030,26.31379742465607,$M 2020CAD / k vehicles,NLR manufacturing price (RPE / 1.5); Mid; CER Current Measures,T06,5,5,5,5,5,transport-cost-invest-freight-light-trucks-17ac5a44:composite:1:f148ff7e78890547
QC,T_LDV_LTF_DSL_N,2035,26.340561352654408,$M 2020CAD / k vehicles,NLR manufacturing price (RPE / 1.5); Mid; CER Current Measures,T06,5,5,5,5,5,transport-cost-invest-freight-light-trucks-17ac5a44:composite:1:f148ff7e78890547
QC,T_LDV_LTF_DSL_N,2040,26.306878671431193,$M 2020CAD / k vehicles,NLR manufacturing price (RPE / 1.5); Mid; CER Current Measures,T06,5,5,5,5,5,transport-cost-invest-freight-light-trucks-17ac5a44:composite:1:f148ff7e78890547
QC,T_LDV_LTF_DSL_N,2045,26.27319599020797,$M 2020CAD / k vehicles,NLR manufacturing price (RPE / 1.5); Mid; CER Current Measures,T06,5,5,5,5,5,transport-cost-invest-freight-light-trucks-17ac5a44:composite:1:f148ff7e78890547
QC,T_LDV_LTF_FCEV400_N,2025,32.37677135524399,$M 2020CAD / k vehicles,NLR manufacturing price (RPE / 1.5); Mid; CER Current Measures,T06,5,5,5,5,5,transport-cost-invest-freight-light-trucks-17ac5a44:composite:1:f148ff7e78890547
QC,T_LDV_LTF_FCEV400_N,2030,29.86525331984078,$M 2020CAD / k vehicles,NLR manufacturing price (RPE / 1.5); Mid; CER Current Measures,T06,5,5,5,5,5,transport-cost-invest-freight-light-trucks-17ac5a44:composite:1:f148ff7e78890547
QC,T_LDV_LTF_FCEV400_N,2035,28.008052077232414,$M 2020CAD / k vehicles,NLR manufacturing price (RPE / 1.5); Mid; CER Current Measures,T06,5,5,5,5,5,transport-cost-invest-freight-light-trucks-17ac5a44:composite:1:f148ff7e78890547
QC,T_LDV_LTF_FCEV400_N,2040,27.372639260917623,$M 2020CAD / k vehicles,NLR manufacturing price (RPE / 1.5); Mid; CER Current Measures,T06,5,5,5,5,5,transport-cost-invest-freight-light-trucks-17ac5a44:composite:1:f148ff7e78890547
QC,T_LDV_LTF_FCEV400_N,2045,26.737226444602825,$M 2020CAD / k vehicles,NLR manufacturing price (RPE / 1.5); Mid; CER Current Measures,T06,5,5,5,5,5,transport-cost-invest-freight-light-trucks-17ac5a44:composite:1:f148ff7e78890547
QC,T_LDV_LTF_GSL_HEV_N,2025,25.805974041711135,$M 2020CAD / k vehicles,NLR manufacturing price (RPE / 1.5); Mid; CER Current Measures,T06,5,5,5,5,5,transport-cost-invest-freight-light-trucks-17ac5a44:composite:1:f148ff7e78890547
QC,T_LDV_LTF_GSL_HEV_N,2030,25.013546241990706,$M 2020CAD / k vehicles,NLR manufacturing price (RPE / 1.5); Mid; CER Current Measures,T06,5,5,5,5,5,transport-cost-invest-freight-light-trucks-17ac5a44:composite:1:f148ff7e78890547
QC,T_LDV_LTF_GSL_HEV_N,2035,24.59411463965462,$M 2020CAD / k vehicles,NLR manufacturing price (RPE / 1.5); Mid; CER Current Measures,T06,5,5,5,5,5,transport-cost-invest-freight-light-trucks-17ac5a44:composite:1:f148ff7e78890547
QC,T_LDV_LTF_GSL_HEV_N,2040,24.273660430577024,$M 2020CAD / k vehicles,NLR manufacturing price (RPE / 1.5); Mid; CER Current Measures,T06,5,5,5,5,5,transport-cost-invest-freight-light-trucks-17ac5a44:composite:1:f148ff7e78890547
QC,T_LDV_LTF_GSL_HEV_N,2045,23.953206221499414,$M 2020CAD / k vehicles,NLR manufacturing price (RPE / 1.5); Mid; CER Current Measures,T06,5,5,5,5,5,transport-cost-invest-freight-light-trucks-17ac5a44:composite:1:f148ff7e78890547
QC,T_LDV_LTF_GSL_N,2025,22.976303566477313,$M 2020CAD / k vehicles,NLR manufacturing price (RPE / 1.5); Mid; CER Current Measures,T06,5,5,5,5,5,transport-cost-invest-freight-light-trucks-17ac5a44:composite:1:f148ff7e78890547
QC,T_LDV_LTF_GSL_N,2030,23.391220360599508,$M 2020CAD / k vehicles,NLR manufacturing price (RPE / 1.5); Mid; CER Current Measures,T06,5,5,5,5,5,transport-cost-invest-freight-light-trucks-17ac5a44:composite:1:f148ff7e78890547
QC,T_LDV_LTF_GSL_N,2035,24.53689334920375,$M 2020CAD / k vehicles,NLR manufacturing price (RPE / 1.5); Mid; CER Current Measures,T06,5,5,5,5,5,transport-cost-invest-freight-light-trucks-17ac5a44:composite:1:f148ff7e78890547
QC,T_LDV_LTF_GSL_N,2040,24.50360380796553,$M 2020CAD / k vehicles,NLR manufacturing price (RPE / 1.5); Mid; CER Current Measures,T06,5,5,5,5,5,transport-cost-invest-freight-light-trucks-17ac5a44:composite:1:f148ff7e78890547
QC,T_LDV_LTF_GSL_N,2045,24.470314266727303,$M 2020CAD / k vehicles,NLR manufacturing price (RPE / 1.5); Mid; CER Current Measures,T06,5,5,5,5,5,transport-cost-invest-freight-light-trucks-17ac5a44:composite:1:f148ff7e78890547
QC,T_LDV_LTF_GSL_PHEV35_N,2025,27.446247654117283,$M 2020CAD / k vehicles,NLR manufacturing price (RPE / 1.5); Mid; CER Current Measures,T06,5,5,5,5,5,transport-cost-invest-freight-light-trucks-17ac5a44:composite:1:f148ff7e78890547
QC,T_LDV_LTF_GSL_PHEV35_N,2030,26.021182399839542,$M 2020CAD / k vehicles,NLR manufacturing price (RPE / 1.5); Mid; CER Current Measures,T06,5,5,5,5,5,transport-cost-invest-freight-light-trucks-17ac5a44:composite:1:f148ff7e78890547
QC,T_LDV_LTF_GSL_PHEV35_N,2035,25.060453577776883,$M 2020CAD / k vehicles,NLR manufacturing price (RPE / 1.5); Mid; CER Current Measures,T06,5,5,5,5,5,transport-cost-invest-freight-light-trucks-17ac5a44:composite:1:f148ff7e78890547
QC,T_LDV_LTF_GSL_PHEV35_N,2040,24.565972014341902,$M 2020CAD / k vehicles,NLR manufacturing price (RPE / 1.5); Mid; CER Current Measures,T06,5,5,5,5,5,transport-cost-invest-freight-light-trucks-17ac5a44:composite:1:f148ff7e78890547
QC,T_LDV_LTF_GSL_PHEV35_N,2045,24.071490450906925,$M 2020CAD / k vehicles,NLR manufacturing price (RPE / 1.5); Mid; CER Current Measures,T06,5,5,5,5,5,transport-cost-invest-freight-light-trucks-17ac5a44:composite:1:f148ff7e78890547
QC,T_LDV_LTF_GSL_PHEV50_N,2025,28.913277009282893,$M 2020CAD / k vehicles,NLR manufacturing price (RPE / 1.5); Mid; CER Current Measures,T06,5,5,5,5,5,transport-cost-invest-freight-light-trucks-17ac5a44:composite:1:f148ff7e78890547
QC,T_LDV_LTF_GSL_PHEV50_N,2030,27.21484800643277,$M 2020CAD / k vehicles,NLR manufacturing price (RPE / 1.5); Mid; CER Current Measures,T06,5,5,5,5,5,transport-cost-invest-freight-light-trucks-17ac5a44:composite:1:f148ff7e78890547
QC,T_LDV_LTF_GSL_PHEV50_N,2035,26.025159541718963,$M 2020CAD / k vehicles,NLR manufacturing price (RPE / 1.5); Mid; CER Current Measures,T06,5,5,5,5,5,transport-cost-invest-freight-light-trucks-17ac5a44:composite:1:f148ff7e78890547
QC,T_LDV_LTF_GSL_PHEV50_N,2040,25.451859718379076,$M 2020CAD / k vehicles,NLR manufacturing price (RPE / 1.5); Mid; CER Current Measures,T06,5,5,5,5,5,transport-cost-invest-freight-light-trucks-17ac5a44:composite:1:f148ff7e78890547
QC,T_LDV_LTF_GSL_PHEV50_N,2045,24.878559895039174,$M 2020CAD / k vehicles,NLR manufacturing price (RPE / 1.5); Mid; CER Current Measures,T06,5,5,5,5,5,transport-cost-invest-freight-light-trucks-17ac5a44:composite:1:f148ff7e78890547
QC,T_LDV_LTP_BEV150_N,2025,23.198054549055403,$M 2020CAD / k vehicles,NLR manufacturing price (RPE / 1.5); Mid; CER Current Measures,T06,5,5,5,5,5,transport-cost-invest-passenger-light-trucks-17ac5a44:composite:1:095462aa45c4e45f
QC,T_LDV_LTP_BEV150_N,2030,21.74990711330167,$M 2020CAD / k vehicles,NLR manufacturing price (RPE / 1.5); Mid; CER Current Measures,T06,5,5,5,5,5,transport-cost-invest-passenger-light-trucks-17ac5a44:composite:1:095462aa45c4e45f
QC,T_LDV_LTP_BEV150_N,2035,20.655907447622376,$M 2020CAD / k vehicles,NLR manufacturing price (RPE / 1.5); Mid; CER Current Measures,T06,5,5,5,5,5,transport-cost-invest-passenger-light-trucks-17ac5a44:composite:1:095462aa45c4e45f
QC,T_LDV_LTP_BEV150_N,2040,20.10871521160944,$M 2020CAD / k vehicles,NLR manufacturing price (RPE / 1.5); Mid; CER Current Measures,T06,5,5,5,5,5,transport-cost-invest-passenger-light-trucks-17ac5a44:composite:1:095462aa45c4e45f
QC,T_LDV_LTP_BEV150_N,2045,19.56152297559651,$M 2020CAD / k vehicles,NLR manufacturing price (RPE / 1.5); Mid; CER Current Measures,T06,5,5,5,5,5,transport-cost-invest-passenger-light-trucks-17ac5a44:composite:1:095462aa45c4e45f
QC,T_LDV_LTP_BEV200_N,2025,25.329852285373793,$M 2020CAD / k vehicles,NLR manufacturing price (RPE / 1.5); Mid; CER Current Measures,T06,5,5,5,5,5,transport-cost-invest-passenger-light-trucks-17ac5a44:composite:1:095462aa45c4e45f
QC,T_LDV_LTP_BEV200_N,2030,23.716184211003593,$M 2020CAD / k vehicles,NLR manufacturing price (RPE / 1.5); Mid; CER Current Measures,T06,5,5,5,5,5,transport-cost-invest-passenger-light-trucks-17ac5a44:composite:1:095462aa45c4e45f
QC,T_LDV_LTP_BEV200_N,2035,22.236253814604407,$M 2020CAD / k vehicles,NLR manufacturing price (RPE / 1.5); Mid; CER Current Measures,T06,5,5,5,5,5,transport-cost-invest-passenger-light-trucks-17ac5a44:composite:1:095462aa45c4e45f
QC,T_LDV_LTP_BEV200_N,2040,21.5507721961262,$M 2020CAD / k vehicles,NLR manufacturing price (RPE / 1.5); Mid; CER Current Measures,T06,5,5,5,5,5,transport-cost-invest-passenger-light-trucks-17ac5a44:composite:1:095462aa45c4e45f
QC,T_LDV_LTP_BEV200_N,2045,20.86529057764799,$M 2020CAD / k vehicles,NLR manufacturing price (RPE / 1.5); Mid; CER Current Measures,T06,5,5,5,5,5,transport-cost-invest-passenger-light-trucks-17ac5a44:composite:1:095462aa45c4e45f
QC,T_LDV_LTP_BEV300_N,2025,29.844256602098493,$M 2020CAD / k vehicles,NLR manufacturing price (RPE / 1.5); Mid; CER Current Measures,T06,5,5,5,5,5,transport-cost-invest-passenger-light-trucks-17ac5a44:composite:1:095462aa45c4e45f
QC,T_LDV_LTP_BEV300_N,2030,27.510148965283708,$M 2020CAD / k vehicles,NLR manufacturing price (RPE / 1.5); Mid; CER Current Measures,T06,5,5,5,5,5,transport-cost-invest-passenger-light-trucks-17ac5a44:composite:1:095462aa45c4e45f
QC,T_LDV_LTP_BEV300_N,2035,25.31530268754287,$M 2020CAD / k vehicles,NLR manufacturing price (RPE / 1.5); Mid; CER Current Measures,T06,5,5,5,5,5,transport-cost-invest-passenger-light-trucks-17ac5a44:composite:1:095462aa45c4e45f
QC,T_LDV_LTP_BEV300_N,2040,24.427240043847814,$M 2020CAD / k vehicles,NLR manufacturing price (RPE / 1.5); Mid; CER Current Measures,T06,5,5,5,5,5,transport-cost-invest-passenger-light-trucks-17ac5a44:composite:1:095462aa45c4e45f
QC,T_LDV_LTP_BEV300_N,2045,23.539177400152745,$M 2020CAD / k vehicles,NLR manufacturing price (RPE / 1.5); Mid; CER Current Measures,T06,5,5,5,5,5,transport-cost-invest-passenger-light-trucks-17ac5a44:composite:1:095462aa45c4e45f
QC,T_LDV_LTP_BEV400_N,2025,36.584254888203446,$M 2020CAD / k vehicles,NLR manufacturing price (RPE / 1.5); Mid; CER Current Measures,T06,5,5,5,5,5,transport-cost-invest-passenger-light-trucks-17ac5a44:composite:1:095462aa45c4e45f
QC,T_LDV_LTP_BEV400_N,2030,33.037308850618835,$M 2020CAD / k vehicles,NLR manufacturing price (RPE / 1.5); Mid; CER Current Measures,T06,5,5,5,5,5,transport-cost-invest-passenger-light-trucks-17ac5a44:composite:1:095462aa45c4e45f
QC,T_LDV_LTP_BEV400_N,2035,30.02648837692175,$M 2020CAD / k vehicles,NLR manufacturing price (RPE / 1.5); Mid; CER Current Measures,T06,5,5,5,5,5,transport-cost-invest-passenger-light-trucks-17ac5a44:composite:1:095462aa45c4e45f
QC,T_LDV_LTP_BEV400_N,2040,28.662275803539924,$M 2020CAD / k vehicles,NLR manufacturing price (RPE / 1.5); Mid; CER Current Measures,T06,5,5,5,5,5,transport-cost-invest-passenger-light-trucks-17ac5a44:composite:1:095462aa45c4e45f
QC,T_LDV_LTP_BEV400_N,2045,27.298063230158085,$M 2020CAD / k vehicles,NLR manufacturing price (RPE / 1.5); Mid; CER Current Measures,T06,5,5,5,5,5,transport-cost-invest-passenger-light-trucks-17ac5a44:composite:1:095462aa45c4e45f
QC,T_LDV_LTP_CNG_N,2025,28.202584348161018,$M 2020CAD / k vehicles,NLR manufacturing price (RPE / 1.5); Mid; CER Current Measures,T06,5,5,5,5,5,transport-cost-invest-passenger-light-trucks-17ac5a44:composite:1:095462aa45c4e45f
QC,T_LDV_LTP_CNG_N,2030,28.221438791034974,$M 2020CAD / k vehicles,NLR manufacturing price (RPE / 1.5); Mid; CER Current Measures,T06,5,5,5,5,5,transport-cost-invest-passenger-light-trucks-17ac5a44:composite:1:095462aa45c4e45f
QC,T_LDV_LTP_CNG_N,2035,28.26637565972034,$M 2020CAD / k vehicles,NLR manufacturing price (RPE / 1.5); Mid; CER Current Measures,T06,5,5,5,5,5,transport-cost-invest-passenger-light-trucks-17ac5a44:composite:1:095462aa45c4e45f
QC,T_LDV_LTP_CNG_N,2040,28.23312614804637,$M 2020CAD / k vehicles,NLR manufacturing price (RPE / 1.5); Mid; CER Current Measures,T06,5,5,5,5,5,transport-cost-invest-passenger-light-trucks-17ac5a44:composite:1:095462aa45c4e45f
QC,T_LDV_LTP_CNG_N,2045,28.199876636372398,$M 2020CAD / k vehicles,NLR manufacturing price (RPE / 1.5); Mid; CER Current Measures,T06,5,5,5,5,5,transport-cost-invest-passenger-light-trucks-17ac5a44:composite:1:095462aa45c4e45f
QC,T_LDV_LTP_DSL_N,2025,26.260701373316834,$M 2020CAD / k vehicles,NLR manufacturing price (RPE / 1.5); Mid; CER Current Measures,T06,5,5,5,5,5,transport-cost-invest-passenger-light-trucks-17ac5a44:composite:1:095462aa45c4e45f
QC,T_LDV_LTP_DSL_N,2030,26.31379742465607,$M 2020CAD / k vehicles,NLR manufacturing price (RPE / 1.5); Mid; CER Current Measures,T06,5,5,5,5,5,transport-cost-invest-passenger-light-trucks-17ac5a44:composite:1:095462aa45c4e45f
QC,T_LDV_LTP_DSL_N,2035,26.340561352654408,$M 2020CAD / k vehicles,NLR manufacturing price (RPE / 1.5); Mid; CER Current Measures,T06,5,5,5,5,5,transport-cost-invest-passenger-light-trucks-17ac5a44:composite:1:095462aa45c4e45f
QC,T_LDV_LTP_DSL_N,2040,26.306878671431193,$M 2020CAD / k vehicles,NLR manufacturing price (RPE / 1.5); Mid; CER Current Measures,T06,5,5,5,5,5,transport-cost-invest-passenger-light-trucks-17ac5a44:composite:1:095462aa45c4e45f
QC,T_LDV_LTP_DSL_N,2045,26.27319599020797,$M 2020CAD / k vehicles,NLR manufacturing price (RPE / 1.5); Mid; CER Current Measures,T06,5,5,5,5,5,transport-cost-invest-passenger-light-trucks-17ac5a44:composite:1:095462aa45c4e45f
QC,T_LDV_LTP_FCEV400_N,2025,32.37677135524399,$M 2020CAD / k vehicles,NLR manufacturing price (RPE / 1.5); Mid; CER Current Measures,T06,5,5,5,5,5,transport-cost-invest-passenger-light-trucks-17ac5a44:composite:1:095462aa45c4e45f
QC,T_LDV_LTP_FCEV400_N,2030,29.86525331984078,$M 2020CAD / k vehicles,NLR manufacturing price (RPE / 1.5); Mid; CER Current Measures,T06,5,5,5,5,5,transport-cost-invest-passenger-light-trucks-17ac5a44:composite:1:095462aa45c4e45f
QC,T_LDV_LTP_FCEV400_N,2035,28.008052077232414,$M 2020CAD / k vehicles,NLR manufacturing price (RPE / 1.5); Mid; CER Current Measures,T06,5,5,5,5,5,transport-cost-invest-passenger-light-trucks-17ac5a44:composite:1:095462aa45c4e45f
QC,T_LDV_LTP_FCEV400_N,2040,27.372639260917623,$M 2020CAD / k vehicles,NLR manufacturing price (RPE / 1.5); Mid; CER Current Measures,T06,5,5,5,5,5,transport-cost-invest-passenger-light-trucks-17ac5a44:composite:1:095462aa45c4e45f
QC,T_LDV_LTP_FCEV400_N,2045,26.737226444602825,$M 2020CAD / k vehicles,NLR manufacturing price (RPE / 1.5); Mid; CER Current Measures,T06,5,5,5,5,5,transport-cost-invest-passenger-light-trucks-17ac5a44:composite:1:095462aa45c4e45f
QC,T_LDV_LTP_GSL_HEV_N,2025,25.805974041711135,$M 2020CAD / k vehicles,NLR manufacturing price (RPE / 1.5); Mid; CER Current Measures,T06,5,5,5,5,5,transport-cost-invest-passenger-light-trucks-17ac5a44:composite:1:095462aa45c4e45f
QC,T_LDV_LTP_GSL_HEV_N,2030,25.013546241990706,$M 2020CAD / k vehicles,NLR manufacturing price (RPE / 1.5); Mid; CER Current Measures,T06,5,5,5,5,5,transport-cost-invest-passenger-light-trucks-17ac5a44:composite:1:095462aa45c4e45f
QC,T_LDV_LTP_GSL_HEV_N,2035,24.59411463965462,$M 2020CAD / k vehicles,NLR manufacturing price (RPE / 1.5); Mid; CER Current Measures,T06,5,5,5,5,5,transport-cost-invest-passenger-light-trucks-17ac5a44:composite:1:095462aa45c4e45f
QC,T_LDV_LTP_GSL_HEV_N,2040,24.273660430577024,$M 2020CAD / k vehicles,NLR manufacturing price (RPE / 1.5); Mid; CER Current Measures,T06,5,5,5,5,5,transport-cost-invest-passenger-light-trucks-17ac5a44:composite:1:095462aa45c4e45f
QC,T_LDV_LTP_GSL_HEV_N,2045,23.953206221499414,$M 2020CAD / k vehicles,NLR manufacturing price (RPE / 1.5); Mid; CER Current Measures,T06,5,5,5,5,5,transport-cost-invest-passenger-light-trucks-17ac5a44:composite:1:095462aa45c4e45f
QC,T_LDV_LTP_GSL_N,2025,22.976303566477313,$M 2020CAD / k vehicles,NLR manufacturing price (RPE / 1.5); Mid; CER Current Measures,T06,5,5,5,5,5,transport-cost-invest-passenger-light-trucks-17ac5a44:composite:1:095462aa45c4e45f
QC,T_LDV_LTP_GSL_N,2030,23.391220360599508,$M 2020CAD / k vehicles,NLR manufacturing price (RPE / 1.5); Mid; CER Current Measures,T06,5,5,5,5,5,transport-cost-invest-passenger-light-trucks-17ac5a44:composite:1:095462aa45c4e45f
QC,T_LDV_LTP_GSL_N,2035,24.53689334920375,$M 2020CAD / k vehicles,NLR manufacturing price (RPE / 1.5); Mid; CER Current Measures,T06,5,5,5,5,5,transport-cost-invest-passenger-light-trucks-17ac5a44:composite:1:095462aa45c4e45f
QC,T_LDV_LTP_GSL_N,2040,24.50360380796553,$M 2020CAD / k vehicles,NLR manufacturing price (RPE / 1.5); Mid; CER Current Measures,T06,5,5,5,5,5,transport-cost-invest-passenger-light-trucks-17ac5a44:composite:1:095462aa45c4e45f
QC,T_LDV_LTP_GSL_N,2045,24.470314266727303,$M 2020CAD / k vehicles,NLR manufacturing price (RPE / 1.5); Mid; CER Current Measures,T06,5,5,5,5,5,transport-cost-invest-passenger-light-trucks-17ac5a44:composite:1:095462aa45c4e45f
QC,T_LDV_LTP_GSL_PHEV35_N,2025,27.446247654117283,$M 2020CAD / k vehicles,NLR manufacturing price (RPE / 1.5); Mid; CER Current Measures,T06,5,5,5,5,5,transport-cost-invest-passenger-light-trucks-17ac5a44:composite:1:095462aa45c4e45f
QC,T_LDV_LTP_GSL_PHEV35_N,2030,26.021182399839542,$M 2020CAD / k vehicles,NLR manufacturing price (RPE / 1.5); Mid; CER Current Measures,T06,5,5,5,5,5,transport-cost-invest-passenger-light-trucks-17ac5a44:composite:1:095462aa45c4e45f
QC,T_LDV_LTP_GSL_PHEV35_N,2035,25.060453577776883,$M 2020CAD / k vehicles,NLR manufacturing price (RPE / 1.5); Mid; CER Current Measures,T06,5,5,5,5,5,transport-cost-invest-passenger-light-trucks-17ac5a44:composite:1:095462aa45c4e45f
QC,T_LDV_LTP_GSL_PHEV35_N,2040,24.565972014341902,$M 2020CAD / k vehicles,NLR manufacturing price (RPE / 1.5); Mid; CER Current Measures,T06,5,5,5,5,5,transport-cost-invest-passenger-light-trucks-17ac5a44:composite:1:095462aa45c4e45f
QC,T_LDV_LTP_GSL_PHEV35_N,2045,24.071490450906925,$M 2020CAD / k vehicles,NLR manufacturing price (RPE / 1.5); Mid; CER Current Measures,T06,5,5,5,5,5,transport-cost-invest-passenger-light-trucks-17ac5a44:composite:1:095462aa45c4e45f
QC,T_LDV_LTP_GSL_PHEV50_N,2025,28.913277009282893,$M 2020CAD / k vehicles,NLR manufacturing price (RPE / 1.5); Mid; CER Current Measures,T06,5,5,5,5,5,transport-cost-invest-passenger-light-trucks-17ac5a44:composite:1:095462aa45c4e45f
QC,T_LDV_LTP_GSL_PHEV50_N,2030,27.21484800643277,$M 2020CAD / k vehicles,NLR manufacturing price (RPE / 1.5); Mid; CER Current Measures,T06,5,5,5,5,5,transport-cost-invest-passenger-light-trucks-17ac5a44:composite:1:095462aa45c4e45f
QC,T_LDV_LTP_GSL_PHEV50_N,2035,26.025159541718963,$M 2020CAD / k vehicles,NLR manufacturing price (RPE / 1.5); Mid; CER Current Measures,T06,5,5,5,5,5,transport-cost-invest-passenger-light-trucks-17ac5a44:composite:1:095462aa45c4e45f
QC,T_LDV_LTP_GSL_PHEV50_N,2040,25.451859718379076,$M 2020CAD / k vehicles,NLR manufacturing price (RPE / 1.5); Mid; CER Current Measures,T06,5,5,5,5,5,transport-cost-invest-passenger-light-trucks-17ac5a44:composite:1:095462aa45c4e45f
QC,T_LDV_LTP_GSL_PHEV50_N,2045,24.878559895039174,$M 2020CAD / k vehicles,NLR manufacturing price (RPE / 1.5); Mid; CER Current Measures,T06,5,5,5,5,5,transport-cost-invest-passenger-light-trucks-17ac5a44:composite:1:095462aa45c4e45f
QC,T_LDV_M_BEV_N,2025,13.037007628312024,$M 2020CAD / k vehicles,GCAM motorcycle purchase price; Mid; CER Current Measures,T11,5,5,5,5,5,transport-cost-invest-motorcycles-804abac7:composite:1:e5e1e447784151c9
QC,T_LDV_M_BEV_N,2030,12.923352577093377,$M 2020CAD / k vehicles,GCAM motorcycle purchase price; Mid; CER Current Measures,T11,5,5,5,5,5,transport-cost-invest-motorcycles-804abac7:composite:1:e5e1e447784151c9
QC,T_LDV_M_BEV_N,2035,12.80969752432432,$M 2020CAD / k vehicles,GCAM motorcycle purchase price; Mid; CER Current Measures,T11,5,5,5,5,5,transport-cost-invest-motorcycles-804abac7:composite:1:e5e1e447784151c9
QC,T_LDV_M_BEV_N,2040,12.711200268918915,$M 2020CAD / k vehicles,GCAM motorcycle purchase price; Mid; CER Current Measures,T11,5,5,5,5,5,transport-cost-invest-motorcycles-804abac7:composite:1:e5e1e447784151c9
QC,T_LDV_M_BEV_N,2045,12.612703013513512,$M 2020CAD / k vehicles,GCAM motorcycle purchase price; Mid; CER Current Measures,T11,5,5,5,5,5,transport-cost-invest-motorcycles-804abac7:composite:1:e5e1e447784151c9
QC,T_LDV_M_GSL_N,2025,13.891632432432433,$M 2020CAD / k vehicles,GCAM motorcycle purchase price; Mid; CER Current Measures,T11,5,5,5,5,5,transport-cost-invest-motorcycles-804abac7:composite:1:e5e1e447784151c9
QC,T_LDV_M_GSL_N,2030,13.891632432432433,$M 2020CAD / k vehicles,GCAM motorcycle purchase price; Mid; CER Current Measures,T11,5,5,5,5,5,transport-cost-invest-motorcycles-804abac7:composite:1:e5e1e447784151c9
QC,T_LDV_M_GSL_N,2035,13.891632432432433,$M 2020CAD / k vehicles,GCAM motorcycle purchase price; Mid; CER Current Measures,T11,5,5,5,5,5,transport-cost-invest-motorcycles-804abac7:composite:1:e5e1e447784151c9
QC,T_LDV_M_GSL_N,2040,13.891632432432433,$M 2020CAD / k vehicles,GCAM motorcycle purchase price; Mid; CER Current Measures,T11,5,5,5,5,5,transport-cost-invest-motorcycles-804abac7:composite:1:e5e1e447784151c9
QC,T_LDV_M_GSL_N,2045,13.891632432432433,$M 2020CAD / k vehicles,GCAM motorcycle purchase price; Mid; CER Current Measures,T11,5,5,5,5,5,transport-cost-invest-motorcycles-804abac7:composite:1:e5e1e447784151c9
QC,T_MDV_T_BEV_N,2025,65.33278261541977,$M 2020CAD / k vehicles,NLR manufacturing price (RPE / 1.5); Mid; CER Current Measures,T06,5,5,5,5,5,transport-cost-invest-medium-trucks-e162550e:composite:1:047ed20feabb1ef5
QC,T_MDV_T_BEV_N,2030,53.2834887643728,$M 2020CAD / k vehicles,NLR manufacturing price (RPE / 1.5); Mid; CER Current Measures,T06,5,5,5,5,5,transport-cost-invest-medium-trucks-e162550e:composite:1:047ed20feabb1ef5
QC,T_MDV_T_BEV_N,2035,46.60465239706312,$M 2020CAD / k vehicles,NLR manufacturing price (RPE / 1.5); Mid; CER Current Measures,T06,5,5,5,5,5,transport-cost-invest-medium-trucks-e162550e:composite:1:047ed20feabb1ef5
QC,T_MDV_T_BEV_N,2040,43.733968432748206,$M 2020CAD / k vehicles,NLR manufacturing price (RPE / 1.5); Mid; CER Current Measures,T06,5,5,5,5,5,transport-cost-invest-medium-trucks-e162550e:composite:1:047ed20feabb1ef5
QC,T_MDV_T_BEV_N,2045,40.863284468433285,$M 2020CAD / k vehicles,NLR manufacturing price (RPE / 1.5); Mid; CER Current Measures,T06,5,5,5,5,5,transport-cost-invest-medium-trucks-e162550e:composite:1:047ed20feabb1ef5
QC,T_MDV_T_DSL_HEV_N,2025,45.522868818484284,$M 2020CAD / k vehicles,NLR manufacturing price (RPE / 1.5); Mid; CER Current Measures,T06,5,5,5,5,5,transport-cost-invest-medium-trucks-e162550e:composite:1:047ed20feabb1ef5
QC,T_MDV_T_DSL_HEV_N,2030,45.04705495311201,$M 2020CAD / k vehicles,NLR manufacturing price (RPE / 1.5); Mid; CER Current Measures,T06,5,5,5,5,5,transport-cost-invest-medium-trucks-e162550e:composite:1:047ed20feabb1ef5
QC,T_MDV_T_DSL_HEV_N,2035,44.680283029573516,$M 2020CAD / k vehicles,NLR manufacturing price (RPE / 1.5); Mid; CER Current Measures,T06,5,5,5,5,5,transport-cost-invest-medium-trucks-e162550e:composite:1:047ed20feabb1ef5
QC,T_MDV_T_DSL_HEV_N,2040,44.60846739087874,$M 2020CAD / k vehicles,NLR manufacturing price (RPE / 1.5); Mid; CER Current Measures,T06,5,5,5,5,5,transport-cost-invest-medium-trucks-e162550e:composite:1:047ed20feabb1ef5
QC,T_MDV_T_DSL_HEV_N,2045,44.536651752183964,$M 2020CAD / k vehicles,NLR manufacturing price (RPE / 1.5); Mid; CER Current Measures,T06,5,5,5,5,5,transport-cost-invest-medium-trucks-e162550e:composite:1:047ed20feabb1ef5
QC,T_MDV_T_DSL_N,2025,41.288421469437736,$M 2020CAD / k vehicles,NLR manufacturing price (RPE / 1.5); Mid; CER Current Measures,T06,5,5,5,5,5,transport-cost-invest-medium-trucks-e162550e:composite:1:047ed20feabb1ef5
QC,T_MDV_T_DSL_N,2030,41.414036669880666,$M 2020CAD / k vehicles,NLR manufacturing price (RPE / 1.5); Mid; CER Current Measures,T06,5,5,5,5,5,transport-cost-invest-medium-trucks-e162550e:composite:1:047ed20feabb1ef5
QC,T_MDV_T_DSL_N,2035,41.175672786150855,$M 2020CAD / k vehicles,NLR manufacturing price (RPE / 1.5); Mid; CER Current Measures,T06,5,5,5,5,5,transport-cost-invest-medium-trucks-e162550e:composite:1:047ed20feabb1ef5
QC,T_MDV_T_DSL_N,2040,41.172870913315975,$M 2020CAD / k vehicles,NLR manufacturing price (RPE / 1.5); Mid; CER Current Measures,T06,5,5,5,5,5,transport-cost-invest-medium-trucks-e162550e:composite:1:047ed20feabb1ef5
QC,T_MDV_T_DSL_N,2045,41.170069040481096,$M 2020CAD / k vehicles,NLR manufacturing price (RPE / 1.5); Mid; CER Current Measures,T06,5,5,5,5,5,transport-cost-invest-medium-trucks-e162550e:composite:1:047ed20feabb1ef5
QC,T_MDV_T_DSL_PHEV_N,2025,70.85664509638025,$M 2020CAD / k vehicles,NLR manufacturing price (RPE / 1.5); Mid; CER Current Measures,T06,5,5,5,5,5,transport-cost-invest-medium-trucks-e162550e:composite:1:047ed20feabb1ef5
QC,T_MDV_T_DSL_PHEV_N,2030,60.5666701749238,$M 2020CAD / k vehicles,NLR manufacturing price (RPE / 1.5); Mid; CER Current Measures,T06,5,5,5,5,5,transport-cost-invest-medium-trucks-e162550e:composite:1:047ed20feabb1ef5
QC,T_MDV_T_DSL_PHEV_N,2035,54.22138541394572,$M 2020CAD / k vehicles,NLR manufacturing price (RPE / 1.5); Mid; CER Current Measures,T06,5,5,5,5,5,transport-cost-invest-medium-trucks-e162550e:composite:1:047ed20feabb1ef5
QC,T_MDV_T_DSL_PHEV_N,2040,51.658562719493986,$M 2020CAD / k vehicles,NLR manufacturing price (RPE / 1.5); Mid; CER Current Measures,T06,5,5,5,5,5,transport-cost-invest-medium-trucks-e162550e:composite:1:047ed20feabb1ef5
QC,T_MDV_T_DSL_PHEV_N,2045,49.09574002504226,$M 2020CAD / k vehicles,NLR manufacturing price (RPE / 1.5); Mid; CER Current Measures,T06,5,5,5,5,5,transport-cost-invest-medium-trucks-e162550e:composite:1:047ed20feabb1ef5
QC,T_MDV_T_FCEV_N,2025,65.59106294226915,$M 2020CAD / k vehicles,NLR manufacturing price (RPE / 1.5); Mid; CER Current Measures,T06,5,5,5,5,5,transport-cost-invest-medium-trucks-e162550e:composite:1:047ed20feabb1ef5
QC,T_MDV_T_FCEV_N,2030,49.87519714083219,$M 2020CAD / k vehicles,NLR manufacturing price (RPE / 1.5); Mid; CER Current Measures,T06,5,5,5,5,5,transport-cost-invest-medium-trucks-e162550e:composite:1:047ed20feabb1ef5
QC,T_MDV_T_FCEV_N,2035,45.38437067065345,$M 2020CAD / k vehicles,NLR manufacturing price (RPE / 1.5); Mid; CER Current Measures,T06,5,5,5,5,5,transport-cost-invest-medium-trucks-e162550e:composite:1:047ed20feabb1ef5
QC,T_MDV_T_FCEV_N,2040,44.456235440781114,$M 2020CAD / k vehicles,NLR manufacturing price (RPE / 1.5); Mid; CER Current Measures,T06,5,5,5,5,5,transport-cost-invest-medium-trucks-e162550e:composite:1:047ed20feabb1ef5
QC,T_MDV_T_FCEV_N,2045,43.528100210908775,$M 2020CAD / k vehicles,NLR manufacturing price (RPE / 1.5); Mid; CER Current Measures,T06,5,5,5,5,5,transport-cost-invest-medium-trucks-e162550e:composite:1:047ed20feabb1ef5
QC,T_MDV_T_FCHEV_N,2025,58.93034653160426,$M 2020CAD / k vehicles,NLR manufacturing price (RPE / 1.5); Mid; CER Current Measures,T06,5,5,5,5,5,transport-cost-invest-medium-trucks-e162550e:composite:1:047ed20feabb1ef5
QC,T_MDV_T_FCHEV_N,2030,46.71509367100195,$M 2020CAD / k vehicles,NLR manufacturing price (RPE / 1.5); Mid; CER Current Measures,T06,5,5,5,5,5,transport-cost-invest-medium-trucks-e162550e:composite:1:047ed20feabb1ef5
QC,T_MDV_T_FCHEV_N,2035,42.59235792865135,$M 2020CAD / k vehicles,NLR manufacturing price (RPE / 1.5); Mid; CER Current Measures,T06,5,5,5,5,5,transport-cost-invest-medium-trucks-e162550e:composite:1:047ed20feabb1ef5
QC,T_MDV_T_FCHEV_N,2040,41.43154062821085,$M 2020CAD / k vehicles,NLR manufacturing price (RPE / 1.5); Mid; CER Current Measures,T06,5,5,5,5,5,transport-cost-invest-medium-trucks-e162550e:composite:1:047ed20feabb1ef5
QC,T_MDV_T_FCHEV_N,2045,40.27072332777032,$M 2020CAD / k vehicles,NLR manufacturing price (RPE / 1.5); Mid; CER Current Measures,T06,5,5,5,5,5,transport-cost-invest-medium-trucks-e162550e:composite:1:047ed20feabb1ef5
QC,T_MDV_T_GSL_N,2025,41.288421469437736,$M 2020CAD / k vehicles,NLR manufacturing price (RPE / 1.5); reviewed gasoline->diesel purchase proxy; Mid; CER Current Measures,T06,5,5,5,5,5,transport-cost-invest-medium-trucks-e162550e:composite:1:047ed20feabb1ef5
QC,T_MDV_T_GSL_N,2030,41.414036669880666,$M 2020CAD / k vehicles,NLR manufacturing price (RPE / 1.5); reviewed gasoline->diesel purchase proxy; Mid; CER Current Measures,T06,5,5,5,5,5,transport-cost-invest-medium-trucks-e162550e:composite:1:047ed20feabb1ef5
QC,T_MDV_T_GSL_N,2035,41.175672786150855,$M 2020CAD / k vehicles,NLR manufacturing price (RPE / 1.5); reviewed gasoline->diesel purchase proxy; Mid; CER Current Measures,T06,5,5,5,5,5,transport-cost-invest-medium-trucks-e162550e:composite:1:047ed20feabb1ef5
QC,T_MDV_T_GSL_N,2040,41.172870913315975,$M 2020CAD / k vehicles,NLR manufacturing price (RPE / 1.5); reviewed gasoline->diesel purchase proxy; Mid; CER Current Measures,T06,5,5,5,5,5,transport-cost-invest-medium-trucks-e162550e:composite:1:047ed20feabb1ef5
QC,T_MDV_T_GSL_N,2045,41.170069040481096,$M 2020CAD / k vehicles,NLR manufacturing price (RPE / 1.5); reviewed gasoline->diesel purchase proxy; Mid; CER Current Measures,T06,5,5,5,5,5,transport-cost-invest-medium-trucks-e162550e:composite:1:047ed20feabb1ef5
SK,T_HDV_AJF_JFL_N,2025,6132.623678803439,$M 2020CAD / bn tonne-km,CIMS aircraft CAPEX normalized by FAA All Aircraft annual service output; Mid; CER Current Measures,T15,5,5,5,5,5,transport-cost-invest-freight-air-e97ac762:composite:1:bd087d6387d7310e
SK,T_HDV_AJF_JFL_N,2030,6132.623678803439,$M 2020CAD / bn tonne-km,CIMS aircraft CAPEX normalized by FAA All Aircraft annual service output; Mid; CER Current Measures,T15,5,5,5,5,5,transport-cost-invest-freight-air-e97ac762:composite:1:bd087d6387d7310e
SK,T_HDV_AJF_JFL_N,2035,6132.623678803439,$M 2020CAD / bn tonne-km,CIMS aircraft CAPEX normalized by FAA All Aircraft annual service output; Mid; CER Current Measures,T15,5,5,5,5,5,transport-cost-invest-freight-air-e97ac762:composite:1:bd087d6387d7310e
SK,T_HDV_AJF_JFL_N,2040,6132.623678803439,$M 2020CAD / bn tonne-km,CIMS aircraft CAPEX normalized by FAA All Aircraft annual service output; Mid; CER Current Measures,T15,5,5,5,5,5,transport-cost-invest-freight-air-e97ac762:composite:1:bd087d6387d7310e
SK,T_HDV_AJF_JFL_N,2045,6132.623678803439,$M 2020CAD / bn tonne-km,CIMS aircraft CAPEX normalized by FAA All Aircraft annual service output; Mid; CER Current Measures,T15,5,5,5,5,5,transport-cost-invest-freight-air-e97ac762:composite:1:bd087d6387d7310e
SK,T_HDV_AJF_SPK_N,2025,6132.623678803439,$M 2020CAD / bn tonne-km,CIMS aircraft CAPEX normalized by FAA All Aircraft annual service output; Mid; CER Current Measures,T15,5,5,5,5,5,transport-cost-invest-freight-air-e97ac762:composite:1:bd087d6387d7310e
SK,T_HDV_AJF_SPK_N,2030,6132.623678803439,$M 2020CAD / bn tonne-km,CIMS aircraft CAPEX normalized by FAA All Aircraft annual service output; Mid; CER Current Measures,T15,5,5,5,5,5,transport-cost-invest-freight-air-e97ac762:composite:1:bd087d6387d7310e
SK,T_HDV_AJF_SPK_N,2035,6132.623678803439,$M 2020CAD / bn tonne-km,CIMS aircraft CAPEX normalized by FAA All Aircraft annual service output; Mid; CER Current Measures,T15,5,5,5,5,5,transport-cost-invest-freight-air-e97ac762:composite:1:bd087d6387d7310e
SK,T_HDV_AJF_SPK_N,2040,6132.623678803439,$M 2020CAD / bn tonne-km,CIMS aircraft CAPEX normalized by FAA All Aircraft annual service output; Mid; CER Current Measures,T15,5,5,5,5,5,transport-cost-invest-freight-air-e97ac762:composite:1:bd087d6387d7310e
SK,T_HDV_AJF_SPK_N,2045,6132.623678803439,$M 2020CAD / bn tonne-km,CIMS aircraft CAPEX normalized by FAA All Aircraft annual service output; Mid; CER Current Measures,T15,5,5,5,5,5,transport-cost-invest-freight-air-e97ac762:composite:1:bd087d6387d7310e
SK,T_HDV_AJP_JFL_N,2025,1032.1218289023984,$M 2020CAD / bn passenger-km,CIMS aircraft CAPEX normalized by FAA All Aircraft annual service output; Mid; CER Current Measures,T15,5,5,5,5,5,transport-cost-invest-passenger-air-e97ac762:composite:1:ca4132bec8ddc7b3
SK,T_HDV_AJP_JFL_N,2030,1032.1218289023984,$M 2020CAD / bn passenger-km,CIMS aircraft CAPEX normalized by FAA All Aircraft annual service output; Mid; CER Current Measures,T15,5,5,5,5,5,transport-cost-invest-passenger-air-e97ac762:composite:1:ca4132bec8ddc7b3
SK,T_HDV_AJP_JFL_N,2035,1032.1218289023984,$M 2020CAD / bn passenger-km,CIMS aircraft CAPEX normalized by FAA All Aircraft annual service output; Mid; CER Current Measures,T15,5,5,5,5,5,transport-cost-invest-passenger-air-e97ac762:composite:1:ca4132bec8ddc7b3
SK,T_HDV_AJP_JFL_N,2040,1032.1218289023984,$M 2020CAD / bn passenger-km,CIMS aircraft CAPEX normalized by FAA All Aircraft annual service output; Mid; CER Current Measures,T15,5,5,5,5,5,transport-cost-invest-passenger-air-e97ac762:composite:1:ca4132bec8ddc7b3
SK,T_HDV_AJP_JFL_N,2045,1032.1218289023984,$M 2020CAD / bn passenger-km,CIMS aircraft CAPEX normalized by FAA All Aircraft annual service output; Mid; CER Current Measures,T15,5,5,5,5,5,transport-cost-invest-passenger-air-e97ac762:composite:1:ca4132bec8ddc7b3
SK,T_HDV_AJP_SPK_N,2025,1032.1218289023984,$M 2020CAD / bn passenger-km,CIMS aircraft CAPEX normalized by FAA All Aircraft annual service output; Mid; CER Current Measures,T15,5,5,5,5,5,transport-cost-invest-passenger-air-e97ac762:composite:1:ca4132bec8ddc7b3
SK,T_HDV_AJP_SPK_N,2030,1032.1218289023984,$M 2020CAD / bn passenger-km,CIMS aircraft CAPEX normalized by FAA All Aircraft annual service output; Mid; CER Current Measures,T15,5,5,5,5,5,transport-cost-invest-passenger-air-e97ac762:composite:1:ca4132bec8ddc7b3
SK,T_HDV_AJP_SPK_N,2035,1032.1218289023984,$M 2020CAD / bn passenger-km,CIMS aircraft CAPEX normalized by FAA All Aircraft annual service output; Mid; CER Current Measures,T15,5,5,5,5,5,transport-cost-invest-passenger-air-e97ac762:composite:1:ca4132bec8ddc7b3
SK,T_HDV_AJP_SPK_N,2040,1032.1218289023984,$M 2020CAD / bn passenger-km,CIMS aircraft CAPEX normalized by FAA All Aircraft annual service output; Mid; CER Current Measures,T15,5,5,5,5,5,transport-cost-invest-passenger-air-e97ac762:composite:1:ca4132bec8ddc7b3
SK,T_HDV_AJP_SPK_N,2045,1032.1218289023984,$M 2020CAD / bn passenger-km,CIMS aircraft CAPEX normalized by FAA All Aircraft annual service output; Mid; CER Current Measures,T15,5,5,5,5,5,transport-cost-invest-passenger-air-e97ac762:composite:1:ca4132bec8ddc7b3
SK,T_HDV_BIC_BEV_N,2025,724.9291694090558,$M 2020CAD / k vehicles,REGEN intercity purchase price; Mid; CER Current Measures,T12,5,5,5,5,5,transport-cost-invest-inter-city-buses-8fe13d81:composite:1:a4215f62e54efd1d
SK,T_HDV_BIC_BEV_N,2030,687.3711076208749,$M 2020CAD / k vehicles,REGEN intercity purchase price; Mid; CER Current Measures,T12,5,5,5,5,5,transport-cost-invest-inter-city-buses-8fe13d81:composite:1:a4215f62e54efd1d
SK,T_HDV_BIC_BEV_N,2035,649.8130458326937,$M 2020CAD / k vehicles,REGEN intercity purchase price; Mid; CER Current Measures,T12,5,5,5,5,5,transport-cost-invest-inter-city-buses-8fe13d81:composite:1:a4215f62e54efd1d
SK,T_HDV_BIC_BEV_N,2040,637.7195688948578,$M 2020CAD / k vehicles,REGEN intercity purchase price; Mid; CER Current Measures,T12,5,5,5,5,5,transport-cost-invest-inter-city-buses-8fe13d81:composite:1:a4215f62e54efd1d
SK,T_HDV_BIC_BEV_N,2045,625.6260919570221,$M 2020CAD / k vehicles,REGEN intercity purchase price; Mid; CER Current Measures,T12,5,5,5,5,5,transport-cost-invest-inter-city-buses-8fe13d81:composite:1:a4215f62e54efd1d
SK,T_HDV_BIC_DSL_HEV_N,2025,625.0231638861476,$M 2020CAD / k vehicles,REGEN intercity purchase price; Mid; CER Current Measures,T12,5,5,5,5,5,transport-cost-invest-inter-city-buses-0a292860:composite:1:bb531e37aa681bea
SK,T_HDV_BIC_DSL_HEV_N,2030,631.1135387568029,$M 2020CAD / k vehicles,REGEN intercity purchase price; Mid; CER Current Measures,T12,5,5,5,5,5,transport-cost-invest-inter-city-buses-0a292860:composite:1:bb531e37aa681bea
SK,T_HDV_BIC_DSL_HEV_N,2035,639.1593250453943,$M 2020CAD / k vehicles,REGEN intercity purchase price; Mid; CER Current Measures,T12,5,5,5,5,5,transport-cost-invest-inter-city-buses-0a292860:composite:1:bb531e37aa681bea
SK,T_HDV_BIC_DSL_HEV_N,2040,638.5264211730566,$M 2020CAD / k vehicles,REGEN intercity purchase price; Mid; CER Current Measures,T12,5,5,5,5,5,transport-cost-invest-inter-city-buses-0a292860:composite:1:bb531e37aa681bea
SK,T_HDV_BIC_DSL_HEV_N,2045,637.8945752873842,$M 2020CAD / k vehicles,REGEN intercity purchase price; Mid; CER Current Measures,T12,5,5,5,5,5,transport-cost-invest-inter-city-buses-0a292860:composite:1:bb531e37aa681bea
SK,T_HDV_BIC_DSL_N,2025,578.3503599462776,$M 2020CAD / k vehicles,REGEN intercity purchase price; Mid; CER Current Measures,T12,5,5,5,5,5,transport-cost-invest-inter-city-buses-8fe13d81:composite:1:a4215f62e54efd1d
SK,T_HDV_BIC_DSL_N,2030,592.376084435917,$M 2020CAD / k vehicles,REGEN intercity purchase price; Mid; CER Current Measures,T12,5,5,5,5,5,transport-cost-invest-inter-city-buses-8fe13d81:composite:1:a4215f62e54efd1d
SK,T_HDV_BIC_DSL_N,2035,606.4018089255563,$M 2020CAD / k vehicles,REGEN intercity purchase price; Mid; CER Current Measures,T12,5,5,5,5,5,transport-cost-invest-inter-city-buses-8fe13d81:composite:1:a4215f62e54efd1d
SK,T_HDV_BIC_DSL_N,2040,606.4018089255563,$M 2020CAD / k vehicles,REGEN intercity purchase price; Mid; CER Current Measures,T12,5,5,5,5,5,transport-cost-invest-inter-city-buses-8fe13d81:composite:1:a4215f62e54efd1d
SK,T_HDV_BIC_DSL_N,2045,606.4018089255563,$M 2020CAD / k vehicles,REGEN intercity purchase price; Mid; CER Current Measures,T12,5,5,5,5,5,transport-cost-invest-inter-city-buses-8fe13d81:composite:1:a4215f62e54efd1d
SK,T_HDV_BIC_FCEV_N,2025,726.7192071527243,$M 2020CAD / k vehicles,REGEN intercity purchase price; Mid; CER Current Measures,T12,5,5,5,5,5,transport-cost-invest-inter-city-buses-8fe13d81:composite:1:a4215f62e54efd1d
SK,T_HDV_BIC_FCEV_N,2030,702.2862077359937,$M 2020CAD / k vehicles,REGEN intercity purchase price; Mid; CER Current Measures,T12,5,5,5,5,5,transport-cost-invest-inter-city-buses-8fe13d81:composite:1:a4215f62e54efd1d
SK,T_HDV_BIC_FCEV_N,2035,677.8520796699922,$M 2020CAD / k vehicles,REGEN intercity purchase price; Mid; CER Current Measures,T12,5,5,5,5,5,transport-cost-invest-inter-city-buses-8fe13d81:composite:1:a4215f62e54efd1d
SK,T_HDV_BIC_FCEV_N,2040,660.4821673906367,$M 2020CAD / k vehicles,REGEN intercity purchase price; Mid; CER Current Measures,T12,5,5,5,5,5,transport-cost-invest-inter-city-buses-8fe13d81:composite:1:a4215f62e54efd1d
SK,T_HDV_BIC_FCEV_N,2045,643.1111264620107,$M 2020CAD / k vehicles,REGEN intercity purchase price; Mid; CER Current Measures,T12,5,5,5,5,5,transport-cost-invest-inter-city-buses-8fe13d81:composite:1:a4215f62e54efd1d
SK,T_HDV_BIC_GSL_N,2025,578.3503599462776,$M 2020CAD / k vehicles,REGEN intercity purchase price; Mid; CER Current Measures,T12,5,5,5,5,5,transport-cost-invest-inter-city-buses-8fe13d81:composite:1:a4215f62e54efd1d
SK,T_HDV_BIC_GSL_N,2030,592.376084435917,$M 2020CAD / k vehicles,REGEN intercity purchase price; Mid; CER Current Measures,T12,5,5,5,5,5,transport-cost-invest-inter-city-buses-8fe13d81:composite:1:a4215f62e54efd1d
SK,T_HDV_BIC_GSL_N,2035,606.4018089255563,$M 2020CAD / k vehicles,REGEN intercity purchase price; Mid; CER Current Measures,T12,5,5,5,5,5,transport-cost-invest-inter-city-buses-8fe13d81:composite:1:a4215f62e54efd1d
SK,T_HDV_BIC_GSL_N,2040,606.4018089255563,$M 2020CAD / k vehicles,REGEN intercity purchase price; Mid; CER Current Measures,T12,5,5,5,5,5,transport-cost-invest-inter-city-buses-8fe13d81:composite:1:a4215f62e54efd1d
SK,T_HDV_BIC_GSL_N,2045,606.4018089255563,$M 2020CAD / k vehicles,REGEN intercity purchase price; Mid; CER Current Measures,T12,5,5,5,5,5,transport-cost-invest-inter-city-buses-8fe13d81:composite:1:a4215f62e54efd1d
SK,T_HDV_BS_BEV_N,2025,84.19758949061635,$M 2020CAD / k vehicles,NLR manufacturing price (RPE / 1.5); Mid; CER Current Measures,T06,5,5,5,5,5,transport-cost-invest-school-buses-db3394b4:composite:1:4cfd8123718eed66
SK,T_HDV_BS_BEV_N,2030,70.11365479609992,$M 2020CAD / k vehicles,NLR manufacturing price (RPE / 1.5); Mid; CER Current Measures,T06,5,5,5,5,5,transport-cost-invest-school-buses-db3394b4:composite:1:4cfd8123718eed66
SK,T_HDV_BS_BEV_N,2035,62.61319010234349,$M 2020CAD / k vehicles,NLR manufacturing price (RPE / 1.5); Mid; CER Current Measures,T06,5,5,5,5,5,transport-cost-invest-school-buses-db3394b4:composite:1:4cfd8123718eed66
SK,T_HDV_BS_BEV_N,2040,59.22776267866287,$M 2020CAD / k vehicles,NLR manufacturing price (RPE / 1.5); Mid; CER Current Measures,T06,5,5,5,5,5,transport-cost-invest-school-buses-db3394b4:composite:1:4cfd8123718eed66
SK,T_HDV_BS_BEV_N,2045,55.842335254982245,$M 2020CAD / k vehicles,NLR manufacturing price (RPE / 1.5); Mid; CER Current Measures,T06,5,5,5,5,5,transport-cost-invest-school-buses-db3394b4:composite:1:4cfd8123718eed66
SK,T_HDV_BS_CNG_N,2025,53.16800325295391,$M 2020CAD / k vehicles,NLR manufacturing price (RPE / 1.5); reviewed cng->diesel purchase proxy; Mid; CER Current Measures,T06,5,5,5,5,5,transport-cost-invest-school-buses-db3394b4:composite:1:4cfd8123718eed66
SK,T_HDV_BS_CNG_N,2030,53.4655312378343,$M 2020CAD / k vehicles,NLR manufacturing price (RPE / 1.5); reviewed cng->diesel purchase proxy; Mid; CER Current Measures,T06,5,5,5,5,5,transport-cost-invest-school-buses-db3394b4:composite:1:4cfd8123718eed66
SK,T_HDV_BS_CNG_N,2035,53.3714260725808,$M 2020CAD / k vehicles,NLR manufacturing price (RPE / 1.5); reviewed cng->diesel purchase proxy; Mid; CER Current Measures,T06,5,5,5,5,5,transport-cost-invest-school-buses-db3394b4:composite:1:4cfd8123718eed66
SK,T_HDV_BS_CNG_N,2040,53.437700637583895,$M 2020CAD / k vehicles,NLR manufacturing price (RPE / 1.5); reviewed cng->diesel purchase proxy; Mid; CER Current Measures,T06,5,5,5,5,5,transport-cost-invest-school-buses-db3394b4:composite:1:4cfd8123718eed66
SK,T_HDV_BS_CNG_N,2045,53.50397520258698,$M 2020CAD / k vehicles,NLR manufacturing price (RPE / 1.5); reviewed cng->diesel purchase proxy; Mid; CER Current Measures,T06,5,5,5,5,5,transport-cost-invest-school-buses-db3394b4:composite:1:4cfd8123718eed66
SK,T_HDV_BS_DSL_HEV_N,2025,58.50015757889593,$M 2020CAD / k vehicles,NLR manufacturing price (RPE / 1.5); Mid; CER Current Measures,T06,5,5,5,5,5,transport-cost-invest-school-buses-db3394b4:composite:1:4cfd8123718eed66
SK,T_HDV_BS_DSL_HEV_N,2030,57.81028888624818,$M 2020CAD / k vehicles,NLR manufacturing price (RPE / 1.5); Mid; CER Current Measures,T06,5,5,5,5,5,transport-cost-invest-school-buses-db3394b4:composite:1:4cfd8123718eed66
SK,T_HDV_BS_DSL_HEV_N,2035,57.49401062408043,$M 2020CAD / k vehicles,NLR manufacturing price (RPE / 1.5); Mid; CER Current Measures,T06,5,5,5,5,5,transport-cost-invest-school-buses-db3394b4:composite:1:4cfd8123718eed66
SK,T_HDV_BS_DSL_HEV_N,2040,57.405801772439325,$M 2020CAD / k vehicles,NLR manufacturing price (RPE / 1.5); Mid; CER Current Measures,T06,5,5,5,5,5,transport-cost-invest-school-buses-db3394b4:composite:1:4cfd8123718eed66
SK,T_HDV_BS_DSL_HEV_N,2045,57.31759292079822,$M 2020CAD / k vehicles,NLR manufacturing price (RPE / 1.5); Mid; CER Current Measures,T06,5,5,5,5,5,transport-cost-invest-school-buses-db3394b4:composite:1:4cfd8123718eed66
SK,T_HDV_BS_DSL_N,2025,53.16800325295391,$M 2020CAD / k vehicles,NLR manufacturing price (RPE / 1.5); Mid; CER Current Measures,T06,5,5,5,5,5,transport-cost-invest-school-buses-db3394b4:composite:1:4cfd8123718eed66
SK,T_HDV_BS_DSL_N,2030,53.4655312378343,$M 2020CAD / k vehicles,NLR manufacturing price (RPE / 1.5); Mid; CER Current Measures,T06,5,5,5,5,5,transport-cost-invest-school-buses-db3394b4:composite:1:4cfd8123718eed66
SK,T_HDV_BS_DSL_N,2035,53.3714260725808,$M 2020CAD / k vehicles,NLR manufacturing price (RPE / 1.5); Mid; CER Current Measures,T06,5,5,5,5,5,transport-cost-invest-school-buses-db3394b4:composite:1:4cfd8123718eed66
SK,T_HDV_BS_DSL_N,2040,53.437700637583895,$M 2020CAD / k vehicles,NLR manufacturing price (RPE / 1.5); Mid; CER Current Measures,T06,5,5,5,5,5,transport-cost-invest-school-buses-db3394b4:composite:1:4cfd8123718eed66
SK,T_HDV_BS_DSL_N,2045,53.50397520258698,$M 2020CAD / k vehicles,NLR manufacturing price (RPE / 1.5); Mid; CER Current Measures,T06,5,5,5,5,5,transport-cost-invest-school-buses-db3394b4:composite:1:4cfd8123718eed66
SK,T_HDV_BS_DSL_PHEV_N,2025,87.13041588141115,$M 2020CAD / k vehicles,NLR manufacturing price (RPE / 1.5); Mid; CER Current Measures,T06,5,5,5,5,5,transport-cost-invest-school-buses-db3394b4:composite:1:4cfd8123718eed66
SK,T_HDV_BS_DSL_PHEV_N,2030,75.5222253464583,$M 2020CAD / k vehicles,NLR manufacturing price (RPE / 1.5); Mid; CER Current Measures,T06,5,5,5,5,5,transport-cost-invest-school-buses-db3394b4:composite:1:4cfd8123718eed66
SK,T_HDV_BS_DSL_PHEV_N,2035,68.7271956132863,$M 2020CAD / k vehicles,NLR manufacturing price (RPE / 1.5); Mid; CER Current Measures,T06,5,5,5,5,5,transport-cost-invest-school-buses-db3394b4:composite:1:4cfd8123718eed66
SK,T_HDV_BS_DSL_PHEV_N,2040,65.82679894735955,$M 2020CAD / k vehicles,NLR manufacturing price (RPE / 1.5); Mid; CER Current Measures,T06,5,5,5,5,5,transport-cost-invest-school-buses-db3394b4:composite:1:4cfd8123718eed66
SK,T_HDV_BS_DSL_PHEV_N,2045,62.926402281432814,$M 2020CAD / k vehicles,NLR manufacturing price (RPE / 1.5); Mid; CER Current Measures,T06,5,5,5,5,5,transport-cost-invest-school-buses-db3394b4:composite:1:4cfd8123718eed66
SK,T_HDV_BS_FCEV_N,2025,84.25313276484489,$M 2020CAD / k vehicles,NLR manufacturing price (RPE / 1.5); Mid; CER Current Measures,T06,5,5,5,5,5,transport-cost-invest-school-buses-db3394b4:composite:1:4cfd8123718eed66
SK,T_HDV_BS_FCEV_N,2030,66.34980196477711,$M 2020CAD / k vehicles,NLR manufacturing price (RPE / 1.5); Mid; CER Current Measures,T06,5,5,5,5,5,transport-cost-invest-school-buses-db3394b4:composite:1:4cfd8123718eed66
SK,T_HDV_BS_FCEV_N,2035,60.95821279762239,$M 2020CAD / k vehicles,NLR manufacturing price (RPE / 1.5); Mid; CER Current Measures,T06,5,5,5,5,5,transport-cost-invest-school-buses-db3394b4:composite:1:4cfd8123718eed66
SK,T_HDV_BS_FCEV_N,2040,59.87116842004512,$M 2020CAD / k vehicles,NLR manufacturing price (RPE / 1.5); Mid; CER Current Measures,T06,5,5,5,5,5,transport-cost-invest-school-buses-db3394b4:composite:1:4cfd8123718eed66
SK,T_HDV_BS_FCEV_N,2045,58.78412404246786,$M 2020CAD / k vehicles,NLR manufacturing price (RPE / 1.5); Mid; CER Current Measures,T06,5,5,5,5,5,transport-cost-invest-school-buses-db3394b4:composite:1:4cfd8123718eed66
SK,T_HDV_BS_FCHEV_N,2025,73.60226770799707,$M 2020CAD / k vehicles,NLR manufacturing price (RPE / 1.5); Mid; CER Current Measures,T06,5,5,5,5,5,transport-cost-invest-school-buses-db3394b4:composite:1:4cfd8123718eed66
SK,T_HDV_BS_FCHEV_N,2030,61.272368386889674,$M 2020CAD / k vehicles,NLR manufacturing price (RPE / 1.5); Mid; CER Current Measures,T06,5,5,5,5,5,transport-cost-invest-school-buses-db3394b4:composite:1:4cfd8123718eed66
SK,T_HDV_BS_FCHEV_N,2035,57.07478272624065,$M 2020CAD / k vehicles,NLR manufacturing price (RPE / 1.5); Mid; CER Current Measures,T06,5,5,5,5,5,transport-cost-invest-school-buses-db3394b4:composite:1:4cfd8123718eed66
SK,T_HDV_BS_FCHEV_N,2040,55.59150607391185,$M 2020CAD / k vehicles,NLR manufacturing price (RPE / 1.5); Mid; CER Current Measures,T06,5,5,5,5,5,transport-cost-invest-school-buses-db3394b4:composite:1:4cfd8123718eed66
SK,T_HDV_BS_FCHEV_N,2045,54.10822942158307,$M 2020CAD / k vehicles,NLR manufacturing price (RPE / 1.5); Mid; CER Current Measures,T06,5,5,5,5,5,transport-cost-invest-school-buses-db3394b4:composite:1:4cfd8123718eed66
SK,T_HDV_BS_GSL_N,2025,53.16800325295391,$M 2020CAD / k vehicles,NLR manufacturing price (RPE / 1.5); reviewed gasoline->diesel purchase proxy; Mid; CER Current Measures,T06,5,5,5,5,5,transport-cost-invest-school-buses-db3394b4:composite:1:4cfd8123718eed66
SK,T_HDV_BS_GSL_N,2030,53.4655312378343,$M 2020CAD / k vehicles,NLR manufacturing price (RPE / 1.5); reviewed gasoline->diesel purchase proxy; Mid; CER Current Measures,T06,5,5,5,5,5,transport-cost-invest-school-buses-db3394b4:composite:1:4cfd8123718eed66
SK,T_HDV_BS_GSL_N,2035,53.3714260725808,$M 2020CAD / k vehicles,NLR manufacturing price (RPE / 1.5); reviewed gasoline->diesel purchase proxy; Mid; CER Current Measures,T06,5,5,5,5,5,transport-cost-invest-school-buses-db3394b4:composite:1:4cfd8123718eed66
SK,T_HDV_BS_GSL_N,2040,53.437700637583895,$M 2020CAD / k vehicles,NLR manufacturing price (RPE / 1.5); reviewed gasoline->diesel purchase proxy; Mid; CER Current Measures,T06,5,5,5,5,5,transport-cost-invest-school-buses-db3394b4:composite:1:4cfd8123718eed66
SK,T_HDV_BS_GSL_N,2045,53.50397520258698,$M 2020CAD / k vehicles,NLR manufacturing price (RPE / 1.5); reviewed gasoline->diesel purchase proxy; Mid; CER Current Measures,T06,5,5,5,5,5,transport-cost-invest-school-buses-db3394b4:composite:1:4cfd8123718eed66
SK,T_HDV_BT_BEV_N,2025,274.5762303654073,$M 2020CAD / k vehicles,NLR manufacturing price (RPE / 1.5); Mid; CER Current Measures,T06,5,5,5,5,5,transport-cost-invest-urban-transit-db3394b4:composite:1:0cb1db7af1a5e7c6
SK,T_HDV_BT_BEV_N,2030,238.945043058376,$M 2020CAD / k vehicles,NLR manufacturing price (RPE / 1.5); Mid; CER Current Measures,T06,5,5,5,5,5,transport-cost-invest-urban-transit-db3394b4:composite:1:0cb1db7af1a5e7c6
SK,T_HDV_BT_BEV_N,2035,223.4573140190256,$M 2020CAD / k vehicles,NLR manufacturing price (RPE / 1.5); Mid; CER Current Measures,T06,5,5,5,5,5,transport-cost-invest-urban-transit-db3394b4:composite:1:0cb1db7af1a5e7c6
SK,T_HDV_BT_BEV_N,2040,213.91920126710497,$M 2020CAD / k vehicles,NLR manufacturing price (RPE / 1.5); Mid; CER Current Measures,T06,5,5,5,5,5,transport-cost-invest-urban-transit-db3394b4:composite:1:0cb1db7af1a5e7c6
SK,T_HDV_BT_BEV_N,2045,204.38108851518436,$M 2020CAD / k vehicles,NLR manufacturing price (RPE / 1.5); Mid; CER Current Measures,T06,5,5,5,5,5,transport-cost-invest-urban-transit-db3394b4:composite:1:0cb1db7af1a5e7c6
SK,T_HDV_BT_CNG_N,2025,168.10437279387037,$M 2020CAD / k vehicles,NLR manufacturing price (RPE / 1.5); reviewed cng->diesel purchase proxy; Mid; CER Current Measures,T06,5,5,5,5,5,transport-cost-invest-urban-transit-db3394b4:composite:1:0cb1db7af1a5e7c6
SK,T_HDV_BT_CNG_N,2030,168.63008811554965,$M 2020CAD / k vehicles,NLR manufacturing price (RPE / 1.5); reviewed cng->diesel purchase proxy; Mid; CER Current Measures,T06,5,5,5,5,5,transport-cost-invest-urban-transit-db3394b4:composite:1:0cb1db7af1a5e7c6
SK,T_HDV_BT_CNG_N,2035,168.74400489454072,$M 2020CAD / k vehicles,NLR manufacturing price (RPE / 1.5); reviewed cng->diesel purchase proxy; Mid; CER Current Measures,T06,5,5,5,5,5,transport-cost-invest-urban-transit-db3394b4:composite:1:0cb1db7af1a5e7c6
SK,T_HDV_BT_CNG_N,2040,168.88528056869325,$M 2020CAD / k vehicles,NLR manufacturing price (RPE / 1.5); reviewed cng->diesel purchase proxy; Mid; CER Current Measures,T06,5,5,5,5,5,transport-cost-invest-urban-transit-db3394b4:composite:1:0cb1db7af1a5e7c6
SK,T_HDV_BT_CNG_N,2045,169.02655624284563,$M 2020CAD / k vehicles,NLR manufacturing price (RPE / 1.5); reviewed cng->diesel purchase proxy; Mid; CER Current Measures,T06,5,5,5,5,5,transport-cost-invest-urban-transit-db3394b4:composite:1:0cb1db7af1a5e7c6
SK,T_HDV_BT_DSL_HEV_N,2025,181.6703753006759,$M 2020CAD / k vehicles,NLR manufacturing price (RPE / 1.5); Mid; CER Current Measures,T06,5,5,5,5,5,transport-cost-invest-urban-transit-db3394b4:composite:1:0cb1db7af1a5e7c6
SK,T_HDV_BT_DSL_HEV_N,2030,179.65737383341144,$M 2020CAD / k vehicles,NLR manufacturing price (RPE / 1.5); Mid; CER Current Measures,T06,5,5,5,5,5,transport-cost-invest-urban-transit-db3394b4:composite:1:0cb1db7af1a5e7c6
SK,T_HDV_BT_DSL_HEV_N,2035,177.85946988672637,$M 2020CAD / k vehicles,NLR manufacturing price (RPE / 1.5); Mid; CER Current Measures,T06,5,5,5,5,5,transport-cost-invest-urban-transit-db3394b4:composite:1:0cb1db7af1a5e7c6
SK,T_HDV_BT_DSL_HEV_N,2040,177.83211099156486,$M 2020CAD / k vehicles,NLR manufacturing price (RPE / 1.5); Mid; CER Current Measures,T06,5,5,5,5,5,transport-cost-invest-urban-transit-db3394b4:composite:1:0cb1db7af1a5e7c6
SK,T_HDV_BT_DSL_HEV_N,2045,177.80475209640355,$M 2020CAD / k vehicles,NLR manufacturing price (RPE / 1.5); Mid; CER Current Measures,T06,5,5,5,5,5,transport-cost-invest-urban-transit-db3394b4:composite:1:0cb1db7af1a5e7c6
SK,T_HDV_BT_DSL_N,2025,168.10437279387037,$M 2020CAD / k vehicles,NLR manufacturing price (RPE / 1.5); Mid; CER Current Measures,T06,5,5,5,5,5,transport-cost-invest-urban-transit-db3394b4:composite:1:0cb1db7af1a5e7c6
SK,T_HDV_BT_DSL_N,2030,168.63008811554965,$M 2020CAD / k vehicles,NLR manufacturing price (RPE / 1.5); Mid; CER Current Measures,T06,5,5,5,5,5,transport-cost-invest-urban-transit-db3394b4:composite:1:0cb1db7af1a5e7c6
SK,T_HDV_BT_DSL_N,2035,168.74400489454072,$M 2020CAD / k vehicles,NLR manufacturing price (RPE / 1.5); Mid; CER Current Measures,T06,5,5,5,5,5,transport-cost-invest-urban-transit-db3394b4:composite:1:0cb1db7af1a5e7c6
SK,T_HDV_BT_DSL_N,2040,168.88528056869325,$M 2020CAD / k vehicles,NLR manufacturing price (RPE / 1.5); Mid; CER Current Measures,T06,5,5,5,5,5,transport-cost-invest-urban-transit-db3394b4:composite:1:0cb1db7af1a5e7c6
SK,T_HDV_BT_DSL_N,2045,169.02655624284563,$M 2020CAD / k vehicles,NLR manufacturing price (RPE / 1.5); Mid; CER Current Measures,T06,5,5,5,5,5,transport-cost-invest-urban-transit-db3394b4:composite:1:0cb1db7af1a5e7c6
SK,T_HDV_BT_DSL_PHEV_N,2025,259.0927466718578,$M 2020CAD / k vehicles,NLR manufacturing price (RPE / 1.5); Mid; CER Current Measures,T06,5,5,5,5,5,transport-cost-invest-urban-transit-db3394b4:composite:1:0cb1db7af1a5e7c6
SK,T_HDV_BT_DSL_PHEV_N,2030,231.4194600686309,$M 2020CAD / k vehicles,NLR manufacturing price (RPE / 1.5); Mid; CER Current Measures,T06,5,5,5,5,5,transport-cost-invest-urban-transit-db3394b4:composite:1:0cb1db7af1a5e7c6
SK,T_HDV_BT_DSL_PHEV_N,2035,215.48950750835243,$M 2020CAD / k vehicles,NLR manufacturing price (RPE / 1.5); Mid; CER Current Measures,T06,5,5,5,5,5,transport-cost-invest-urban-transit-db3394b4:composite:1:0cb1db7af1a5e7c6
SK,T_HDV_BT_DSL_PHEV_N,2040,207.95920746771745,$M 2020CAD / k vehicles,NLR manufacturing price (RPE / 1.5); Mid; CER Current Measures,T06,5,5,5,5,5,transport-cost-invest-urban-transit-db3394b4:composite:1:0cb1db7af1a5e7c6
SK,T_HDV_BT_DSL_PHEV_N,2045,200.42890742708235,$M 2020CAD / k vehicles,NLR manufacturing price (RPE / 1.5); Mid; CER Current Measures,T06,5,5,5,5,5,transport-cost-invest-urban-transit-db3394b4:composite:1:0cb1db7af1a5e7c6
SK,T_HDV_BT_FCEV_N,2025,215.50153598812167,$M 2020CAD / k vehicles,NLR manufacturing price (RPE / 1.5); Mid; CER Current Measures,T06,5,5,5,5,5,transport-cost-invest-urban-transit-db3394b4:composite:1:0cb1db7af1a5e7c6
SK,T_HDV_BT_FCEV_N,2030,191.4891525805455,$M 2020CAD / k vehicles,NLR manufacturing price (RPE / 1.5); Mid; CER Current Measures,T06,5,5,5,5,5,transport-cost-invest-urban-transit-db3394b4:composite:1:0cb1db7af1a5e7c6
SK,T_HDV_BT_FCEV_N,2035,184.77018529297314,$M 2020CAD / k vehicles,NLR manufacturing price (RPE / 1.5); Mid; CER Current Measures,T06,5,5,5,5,5,transport-cost-invest-urban-transit-db3394b4:composite:1:0cb1db7af1a5e7c6
SK,T_HDV_BT_FCEV_N,2040,183.30082394076953,$M 2020CAD / k vehicles,NLR manufacturing price (RPE / 1.5); Mid; CER Current Measures,T06,5,5,5,5,5,transport-cost-invest-urban-transit-db3394b4:composite:1:0cb1db7af1a5e7c6
SK,T_HDV_BT_FCEV_N,2045,181.83146258856593,$M 2020CAD / k vehicles,NLR manufacturing price (RPE / 1.5); Mid; CER Current Measures,T06,5,5,5,5,5,transport-cost-invest-urban-transit-db3394b4:composite:1:0cb1db7af1a5e7c6
SK,T_HDV_BT_FCHEV_N,2025,199.82064371482988,$M 2020CAD / k vehicles,NLR manufacturing price (RPE / 1.5); Mid; CER Current Measures,T06,5,5,5,5,5,transport-cost-invest-urban-transit-db3394b4:composite:1:0cb1db7af1a5e7c6
SK,T_HDV_BT_FCHEV_N,2030,183.79870866219838,$M 2020CAD / k vehicles,NLR manufacturing price (RPE / 1.5); Mid; CER Current Measures,T06,5,5,5,5,5,transport-cost-invest-urban-transit-db3394b4:composite:1:0cb1db7af1a5e7c6
SK,T_HDV_BT_FCHEV_N,2035,177.91395182450466,$M 2020CAD / k vehicles,NLR manufacturing price (RPE / 1.5); Mid; CER Current Measures,T06,5,5,5,5,5,transport-cost-invest-urban-transit-db3394b4:composite:1:0cb1db7af1a5e7c6
SK,T_HDV_BT_FCHEV_N,2040,175.96227201880893,$M 2020CAD / k vehicles,NLR manufacturing price (RPE / 1.5); Mid; CER Current Measures,T06,5,5,5,5,5,transport-cost-invest-urban-transit-db3394b4:composite:1:0cb1db7af1a5e7c6
SK,T_HDV_BT_FCHEV_N,2045,174.01059221311317,$M 2020CAD / k vehicles,NLR manufacturing price (RPE / 1.5); Mid; CER Current Measures,T06,5,5,5,5,5,transport-cost-invest-urban-transit-db3394b4:composite:1:0cb1db7af1a5e7c6
SK,T_HDV_BT_GSL_N,2025,168.10437279387037,$M 2020CAD / k vehicles,NLR manufacturing price (RPE / 1.5); reviewed gasoline->diesel purchase proxy; Mid; CER Current Measures,T06,5,5,5,5,5,transport-cost-invest-urban-transit-db3394b4:composite:1:0cb1db7af1a5e7c6
SK,T_HDV_BT_GSL_N,2030,168.63008811554965,$M 2020CAD / k vehicles,NLR manufacturing price (RPE / 1.5); reviewed gasoline->diesel purchase proxy; Mid; CER Current Measures,T06,5,5,5,5,5,transport-cost-invest-urban-transit-db3394b4:composite:1:0cb1db7af1a5e7c6
SK,T_HDV_BT_GSL_N,2035,168.74400489454072,$M 2020CAD / k vehicles,NLR manufacturing price (RPE / 1.5); reviewed gasoline->diesel purchase proxy; Mid; CER Current Measures,T06,5,5,5,5,5,transport-cost-invest-urban-transit-db3394b4:composite:1:0cb1db7af1a5e7c6
SK,T_HDV_BT_GSL_N,2040,168.88528056869325,$M 2020CAD / k vehicles,NLR manufacturing price (RPE / 1.5); reviewed gasoline->diesel purchase proxy; Mid; CER Current Measures,T06,5,5,5,5,5,transport-cost-invest-urban-transit-db3394b4:composite:1:0cb1db7af1a5e7c6
SK,T_HDV_BT_GSL_N,2045,169.02655624284563,$M 2020CAD / k vehicles,NLR manufacturing price (RPE / 1.5); reviewed gasoline->diesel purchase proxy; Mid; CER Current Measures,T06,5,5,5,5,5,transport-cost-invest-urban-transit-db3394b4:composite:1:0cb1db7af1a5e7c6
SK,T_HDV_RF_DSL_N,2025,39.10602039451965,$M 2020CAD / bn tonne-km,CIMS service CAPEX times REGEN relative multiplier; Mid; CER Current Measures,T15,5,5,5,5,5,transport-cost-invest-freight-rail-7153c4b0:composite:1:67df951b6b1f4bd6
SK,T_HDV_RF_DSL_N,2030,39.10602039451965,$M 2020CAD / bn tonne-km,CIMS service CAPEX times REGEN relative multiplier; Mid; CER Current Measures,T15,5,5,5,5,5,transport-cost-invest-freight-rail-7153c4b0:composite:1:67df951b6b1f4bd6
SK,T_HDV_RF_DSL_N,2035,39.10602039451965,$M 2020CAD / bn tonne-km,CIMS service CAPEX times REGEN relative multiplier; Mid; CER Current Measures,T15,5,5,5,5,5,transport-cost-invest-freight-rail-7153c4b0:composite:1:67df951b6b1f4bd6
SK,T_HDV_RF_DSL_N,2040,39.10602039451965,$M 2020CAD / bn tonne-km,CIMS service CAPEX times REGEN relative multiplier; Mid; CER Current Measures,T15,5,5,5,5,5,transport-cost-invest-freight-rail-7153c4b0:composite:1:67df951b6b1f4bd6
SK,T_HDV_RF_DSL_N,2045,39.10602039451965,$M 2020CAD / bn tonne-km,CIMS service CAPEX times REGEN relative multiplier; Mid; CER Current Measures,T15,5,5,5,5,5,transport-cost-invest-freight-rail-7153c4b0:composite:1:67df951b6b1f4bd6
SK,T_HDV_RF_H2_N,2025,74.69249895353255,$M 2020CAD / bn tonne-km,CIMS service CAPEX times REGEN relative multiplier; Mid; CER Current Measures,T15,5,5,5,5,5,transport-cost-invest-freight-rail-2b87d19f:composite:1:515b0963e9e286db
SK,T_HDV_RF_H2_N,2030,74.69249895353255,$M 2020CAD / bn tonne-km,CIMS service CAPEX times REGEN relative multiplier; Mid; CER Current Measures,T15,5,5,5,5,5,transport-cost-invest-freight-rail-2b87d19f:composite:1:515b0963e9e286db
SK,T_HDV_RF_H2_N,2035,74.69249895353255,$M 2020CAD / bn tonne-km,CIMS service CAPEX times REGEN relative multiplier; Mid; CER Current Measures,T15,5,5,5,5,5,transport-cost-invest-freight-rail-2b87d19f:composite:1:515b0963e9e286db
SK,T_HDV_RF_H2_N,2040,68.4355356904094,$M 2020CAD / bn tonne-km,CIMS service CAPEX times REGEN relative multiplier; Mid; CER Current Measures,T15,5,5,5,5,5,transport-cost-invest-freight-rail-2b87d19f:composite:1:515b0963e9e286db
SK,T_HDV_RF_H2_N,2045,62.178572427286255,$M 2020CAD / bn tonne-km,CIMS service CAPEX times REGEN relative multiplier; Mid; CER Current Measures,T15,5,5,5,5,5,transport-cost-invest-freight-rail-2b87d19f:composite:1:515b0963e9e286db
SK,T_HDV_RF_LNG_N,2025,61.39645201939587,$M 2020CAD / bn tonne-km,CIMS service CAPEX times REGEN relative multiplier; Mid; CER Current Measures,T15,5,5,5,5,5,transport-cost-invest-freight-rail-2b87d19f:composite:1:515b0963e9e286db
SK,T_HDV_RF_LNG_N,2030,61.39645201939587,$M 2020CAD / bn tonne-km,CIMS service CAPEX times REGEN relative multiplier; Mid; CER Current Measures,T15,5,5,5,5,5,transport-cost-invest-freight-rail-2b87d19f:composite:1:515b0963e9e286db
SK,T_HDV_RF_LNG_N,2035,61.39645201939587,$M 2020CAD / bn tonne-km,CIMS service CAPEX times REGEN relative multiplier; Mid; CER Current Measures,T15,5,5,5,5,5,transport-cost-invest-freight-rail-2b87d19f:composite:1:515b0963e9e286db
SK,T_HDV_RF_LNG_N,2040,61.13574521676574,$M 2020CAD / bn tonne-km,CIMS service CAPEX times REGEN relative multiplier; Mid; CER Current Measures,T15,5,5,5,5,5,transport-cost-invest-freight-rail-2b87d19f:composite:1:515b0963e9e286db
SK,T_HDV_RF_LNG_N,2045,60.87503841413561,$M 2020CAD / bn tonne-km,CIMS service CAPEX times REGEN relative multiplier; Mid; CER Current Measures,T15,5,5,5,5,5,transport-cost-invest-freight-rail-2b87d19f:composite:1:515b0963e9e286db
SK,T_HDV_RICP_DSL_N,2025,1885.6878005906885,$M 2020CAD / bn passenger-km,CIMS service CAPEX times REGEN relative multiplier; Mid; CER Current Measures,T15,5,5,5,5,5,transport-cost-invest-passenger-rail-7153c4b0:composite:1:37d8b07bf17dc2b2
SK,T_HDV_RICP_DSL_N,2030,1885.6878005906885,$M 2020CAD / bn passenger-km,CIMS service CAPEX times REGEN relative multiplier; Mid; CER Current Measures,T15,5,5,5,5,5,transport-cost-invest-passenger-rail-7153c4b0:composite:1:37d8b07bf17dc2b2
SK,T_HDV_RICP_DSL_N,2035,1885.6878005906885,$M 2020CAD / bn passenger-km,CIMS service CAPEX times REGEN relative multiplier; Mid; CER Current Measures,T15,5,5,5,5,5,transport-cost-invest-passenger-rail-7153c4b0:composite:1:37d8b07bf17dc2b2
SK,T_HDV_RICP_DSL_N,2040,1885.6878005906885,$M 2020CAD / bn passenger-km,CIMS service CAPEX times REGEN relative multiplier; Mid; CER Current Measures,T15,5,5,5,5,5,transport-cost-invest-passenger-rail-7153c4b0:composite:1:37d8b07bf17dc2b2
SK,T_HDV_RICP_DSL_N,2045,1885.6878005906885,$M 2020CAD / bn passenger-km,CIMS service CAPEX times REGEN relative multiplier; Mid; CER Current Measures,T15,5,5,5,5,5,transport-cost-invest-passenger-rail-7153c4b0:composite:1:37d8b07bf17dc2b2
SK,T_HDV_RICP_H2_N,2025,2168.5409706792916,$M 2020CAD / bn passenger-km,CIMS service CAPEX times REGEN relative multiplier; Mid; CER Current Measures,T15,5,5,5,5,5,transport-cost-invest-passenger-rail-2b87d19f:composite:1:5b60ef866184bd6b
SK,T_HDV_RICP_H2_N,2030,2168.5409706792916,$M 2020CAD / bn passenger-km,CIMS service CAPEX times REGEN relative multiplier; Mid; CER Current Measures,T15,5,5,5,5,5,transport-cost-invest-passenger-rail-2b87d19f:composite:1:5b60ef866184bd6b
SK,T_HDV_RICP_H2_N,2035,2168.5409706792916,$M 2020CAD / bn passenger-km,CIMS service CAPEX times REGEN relative multiplier; Mid; CER Current Measures,T15,5,5,5,5,5,transport-cost-invest-passenger-rail-2b87d19f:composite:1:5b60ef866184bd6b
SK,T_HDV_RICP_H2_N,2040,2080.5422066517262,$M 2020CAD / bn passenger-km,CIMS service CAPEX times REGEN relative multiplier; Mid; CER Current Measures,T15,5,5,5,5,5,transport-cost-invest-passenger-rail-2b87d19f:composite:1:5b60ef866184bd6b
SK,T_HDV_RICP_H2_N,2045,1992.5434426241607,$M 2020CAD / bn passenger-km,CIMS service CAPEX times REGEN relative multiplier; Mid; CER Current Measures,T15,5,5,5,5,5,transport-cost-invest-passenger-rail-2b87d19f:composite:1:5b60ef866184bd6b
SK,T_HDV_T_BEV_N,2025,315.05760772022916,$M 2020CAD / k vehicles,NLR manufacturing price (RPE / 1.5); Mid; CER Current Measures,T06,5,5,5,5,5,transport-cost-invest-heavy-trucks-e1dceb92:composite:1:9b25f19b8719c99d
SK,T_HDV_T_BEV_N,2030,234.65665743304604,$M 2020CAD / k vehicles,NLR manufacturing price (RPE / 1.5); Mid; CER Current Measures,T06,5,5,5,5,5,transport-cost-invest-heavy-trucks-e1dceb92:composite:1:9b25f19b8719c99d
SK,T_HDV_T_BEV_N,2035,193.204746839665,$M 2020CAD / k vehicles,NLR manufacturing price (RPE / 1.5); Mid; CER Current Measures,T06,5,5,5,5,5,transport-cost-invest-heavy-trucks-e1dceb92:composite:1:9b25f19b8719c99d
SK,T_HDV_T_BEV_N,2040,174.7766171743191,$M 2020CAD / k vehicles,NLR manufacturing price (RPE / 1.5); Mid; CER Current Measures,T06,5,5,5,5,5,transport-cost-invest-heavy-trucks-e1dceb92:composite:1:9b25f19b8719c99d
SK,T_HDV_T_BEV_N,2045,156.3484875089732,$M 2020CAD / k vehicles,NLR manufacturing price (RPE / 1.5); Mid; CER Current Measures,T06,5,5,5,5,5,transport-cost-invest-heavy-trucks-e1dceb92:composite:1:9b25f19b8719c99d
SK,T_HDV_T_DSL_HEV_N,2025,119.17267792598297,$M 2020CAD / k vehicles,NLR manufacturing price (RPE / 1.5); Mid; CER Current Measures,T06,5,5,5,5,5,transport-cost-invest-heavy-trucks-e1dceb92:composite:1:9b25f19b8719c99d
SK,T_HDV_T_DSL_HEV_N,2030,118.42020527458028,$M 2020CAD / k vehicles,NLR manufacturing price (RPE / 1.5); Mid; CER Current Measures,T06,5,5,5,5,5,transport-cost-invest-heavy-trucks-e1dceb92:composite:1:9b25f19b8719c99d
SK,T_HDV_T_DSL_HEV_N,2035,117.71054488963227,$M 2020CAD / k vehicles,NLR manufacturing price (RPE / 1.5); Mid; CER Current Measures,T06,5,5,5,5,5,transport-cost-invest-heavy-trucks-e1dceb92:composite:1:9b25f19b8719c99d
SK,T_HDV_T_DSL_HEV_N,2040,117.99053326078898,$M 2020CAD / k vehicles,NLR manufacturing price (RPE / 1.5); Mid; CER Current Measures,T06,5,5,5,5,5,transport-cost-invest-heavy-trucks-e1dceb92:composite:1:9b25f19b8719c99d
SK,T_HDV_T_DSL_HEV_N,2045,118.27052163194561,$M 2020CAD / k vehicles,NLR manufacturing price (RPE / 1.5); Mid; CER Current Measures,T06,5,5,5,5,5,transport-cost-invest-heavy-trucks-e1dceb92:composite:1:9b25f19b8719c99d
SK,T_HDV_T_DSL_N,2025,108.90775572531466,$M 2020CAD / k vehicles,NLR manufacturing price (RPE / 1.5); Mid; CER Current Measures,T06,5,5,5,5,5,transport-cost-invest-heavy-trucks-e1dceb92:composite:1:9b25f19b8719c99d
SK,T_HDV_T_DSL_N,2030,109.35863505251896,$M 2020CAD / k vehicles,NLR manufacturing price (RPE / 1.5); Mid; CER Current Measures,T06,5,5,5,5,5,transport-cost-invest-heavy-trucks-e1dceb92:composite:1:9b25f19b8719c99d
SK,T_HDV_T_DSL_N,2035,109.49752873387455,$M 2020CAD / k vehicles,NLR manufacturing price (RPE / 1.5); Mid; CER Current Measures,T06,5,5,5,5,5,transport-cost-invest-heavy-trucks-e1dceb92:composite:1:9b25f19b8719c99d
SK,T_HDV_T_DSL_N,2040,109.95473587404511,$M 2020CAD / k vehicles,NLR manufacturing price (RPE / 1.5); Mid; CER Current Measures,T06,5,5,5,5,5,transport-cost-invest-heavy-trucks-e1dceb92:composite:1:9b25f19b8719c99d
SK,T_HDV_T_DSL_N,2045,110.4119430142157,$M 2020CAD / k vehicles,NLR manufacturing price (RPE / 1.5); Mid; CER Current Measures,T06,5,5,5,5,5,transport-cost-invest-heavy-trucks-e1dceb92:composite:1:9b25f19b8719c99d
SK,T_HDV_T_DSL_PHEV_N,2025,298.17398608042936,$M 2020CAD / k vehicles,NLR manufacturing price (RPE / 1.5); Mid; CER Current Measures,T06,5,5,5,5,5,transport-cost-invest-heavy-trucks-e1dceb92:composite:1:9b25f19b8719c99d
SK,T_HDV_T_DSL_PHEV_N,2030,230.29380704225483,$M 2020CAD / k vehicles,NLR manufacturing price (RPE / 1.5); Mid; CER Current Measures,T06,5,5,5,5,5,transport-cost-invest-heavy-trucks-e1dceb92:composite:1:9b25f19b8719c99d
SK,T_HDV_T_DSL_PHEV_N,2035,191.88764067176177,$M 2020CAD / k vehicles,NLR manufacturing price (RPE / 1.5); Mid; CER Current Measures,T06,5,5,5,5,5,transport-cost-invest-heavy-trucks-e1dceb92:composite:1:9b25f19b8719c99d
SK,T_HDV_T_DSL_PHEV_N,2040,175.86415438523866,$M 2020CAD / k vehicles,NLR manufacturing price (RPE / 1.5); Mid; CER Current Measures,T06,5,5,5,5,5,transport-cost-invest-heavy-trucks-e1dceb92:composite:1:9b25f19b8719c99d
SK,T_HDV_T_DSL_PHEV_N,2045,159.84066809871555,$M 2020CAD / k vehicles,NLR manufacturing price (RPE / 1.5); Mid; CER Current Measures,T06,5,5,5,5,5,transport-cost-invest-heavy-trucks-e1dceb92:composite:1:9b25f19b8719c99d
SK,T_HDV_T_FCEV_N,2025,196.81551602753888,$M 2020CAD / k vehicles,NLR manufacturing price (RPE / 1.5); Mid; CER Current Measures,T06,5,5,5,5,5,transport-cost-invest-heavy-trucks-e1dceb92:composite:1:9b25f19b8719c99d
SK,T_HDV_T_FCEV_N,2030,141.4894268551672,$M 2020CAD / k vehicles,NLR manufacturing price (RPE / 1.5); Mid; CER Current Measures,T06,5,5,5,5,5,transport-cost-invest-heavy-trucks-e1dceb92:composite:1:9b25f19b8719c99d
SK,T_HDV_T_FCEV_N,2035,127.9079145743409,$M 2020CAD / k vehicles,NLR manufacturing price (RPE / 1.5); Mid; CER Current Measures,T06,5,5,5,5,5,transport-cost-invest-heavy-trucks-e1dceb92:composite:1:9b25f19b8719c99d
SK,T_HDV_T_FCEV_N,2040,125.04583293893945,$M 2020CAD / k vehicles,NLR manufacturing price (RPE / 1.5); Mid; CER Current Measures,T06,5,5,5,5,5,transport-cost-invest-heavy-trucks-e1dceb92:composite:1:9b25f19b8719c99d
SK,T_HDV_T_FCEV_N,2045,122.18375130353805,$M 2020CAD / k vehicles,NLR manufacturing price (RPE / 1.5); Mid; CER Current Measures,T06,5,5,5,5,5,transport-cost-invest-heavy-trucks-e1dceb92:composite:1:9b25f19b8719c99d
SK,T_HDV_T_FCHEV_N,2025,165.08183955697265,$M 2020CAD / k vehicles,NLR manufacturing price (RPE / 1.5); Mid; CER Current Measures,T06,5,5,5,5,5,transport-cost-invest-heavy-trucks-e1dceb92:composite:1:9b25f19b8719c99d
SK,T_HDV_T_FCHEV_N,2030,127.86892227466804,$M 2020CAD / k vehicles,NLR manufacturing price (RPE / 1.5); Mid; CER Current Measures,T06,5,5,5,5,5,transport-cost-invest-heavy-trucks-e1dceb92:composite:1:9b25f19b8719c99d
SK,T_HDV_T_FCHEV_N,2035,115.78172462957393,$M 2020CAD / k vehicles,NLR manufacturing price (RPE / 1.5); Mid; CER Current Measures,T06,5,5,5,5,5,transport-cost-invest-heavy-trucks-e1dceb92:composite:1:9b25f19b8719c99d
SK,T_HDV_T_FCHEV_N,2040,111.82813848546265,$M 2020CAD / k vehicles,NLR manufacturing price (RPE / 1.5); Mid; CER Current Measures,T06,5,5,5,5,5,transport-cost-invest-heavy-trucks-e1dceb92:composite:1:9b25f19b8719c99d
SK,T_HDV_T_FCHEV_N,2045,107.87455234135136,$M 2020CAD / k vehicles,NLR manufacturing price (RPE / 1.5); Mid; CER Current Measures,T06,5,5,5,5,5,transport-cost-invest-heavy-trucks-e1dceb92:composite:1:9b25f19b8719c99d
SK,T_HDV_WTF_HFO_N,2025,159.71497923605244,$M 2020CAD / bn tonne-km,CIMS service CAPEX times REGEN relative multiplier; Mid; CER Current Measures,T15,5,5,5,5,5,transport-cost-invest-freight-marine-7153c4b0:composite:1:6ed78a0e5715890a
SK,T_HDV_WTF_HFO_N,2030,159.71497923605244,$M 2020CAD / bn tonne-km,CIMS service CAPEX times REGEN relative multiplier; Mid; CER Current Measures,T15,5,5,5,5,5,transport-cost-invest-freight-marine-7153c4b0:composite:1:6ed78a0e5715890a
SK,T_HDV_WTF_HFO_N,2035,159.71497923605244,$M 2020CAD / bn tonne-km,CIMS service CAPEX times REGEN relative multiplier; Mid; CER Current Measures,T15,5,5,5,5,5,transport-cost-invest-freight-marine-7153c4b0:composite:1:6ed78a0e5715890a
SK,T_HDV_WTF_HFO_N,2040,159.71497923605244,$M 2020CAD / bn tonne-km,CIMS service CAPEX times REGEN relative multiplier; Mid; CER Current Measures,T15,5,5,5,5,5,transport-cost-invest-freight-marine-7153c4b0:composite:1:6ed78a0e5715890a
SK,T_HDV_WTF_HFO_N,2045,159.71497923605244,$M 2020CAD / bn tonne-km,CIMS service CAPEX times REGEN relative multiplier; Mid; CER Current Measures,T15,5,5,5,5,5,transport-cost-invest-freight-marine-7153c4b0:composite:1:6ed78a0e5715890a
SK,T_HDV_WTF_LNG_N,2025,167.70072819785508,$M 2020CAD / bn tonne-km,CIMS service CAPEX times REGEN relative multiplier; Mid; CER Current Measures,T15,5,5,5,5,5,transport-cost-invest-freight-marine-2b87d19f:composite:1:ad7b13db5806a90b
SK,T_HDV_WTF_LNG_N,2030,167.70072819785508,$M 2020CAD / bn tonne-km,CIMS service CAPEX times REGEN relative multiplier; Mid; CER Current Measures,T15,5,5,5,5,5,transport-cost-invest-freight-marine-2b87d19f:composite:1:ad7b13db5806a90b
SK,T_HDV_WTF_LNG_N,2035,167.70072819785508,$M 2020CAD / bn tonne-km,CIMS service CAPEX times REGEN relative multiplier; Mid; CER Current Measures,T15,5,5,5,5,5,transport-cost-invest-freight-marine-2b87d19f:composite:1:ad7b13db5806a90b
SK,T_HDV_WTF_LNG_N,2040,167.70072819785508,$M 2020CAD / bn tonne-km,CIMS service CAPEX times REGEN relative multiplier; Mid; CER Current Measures,T15,5,5,5,5,5,transport-cost-invest-freight-marine-2b87d19f:composite:1:ad7b13db5806a90b
SK,T_HDV_WTF_LNG_N,2045,167.70072819785508,$M 2020CAD / bn tonne-km,CIMS service CAPEX times REGEN relative multiplier; Mid; CER Current Measures,T15,5,5,5,5,5,transport-cost-invest-freight-marine-2b87d19f:composite:1:ad7b13db5806a90b
SK,T_HDV_WTF_MDO_N,2025,159.71497923605244,$M 2020CAD / bn tonne-km,CIMS service CAPEX times REGEN relative multiplier; Mid; CER Current Measures,T15,5,5,5,5,5,transport-cost-invest-freight-marine-7153c4b0:composite:1:6ed78a0e5715890a
SK,T_HDV_WTF_MDO_N,2030,159.71497923605244,$M 2020CAD / bn tonne-km,CIMS service CAPEX times REGEN relative multiplier; Mid; CER Current Measures,T15,5,5,5,5,5,transport-cost-invest-freight-marine-7153c4b0:composite:1:6ed78a0e5715890a
SK,T_HDV_WTF_MDO_N,2035,159.71497923605244,$M 2020CAD / bn tonne-km,CIMS service CAPEX times REGEN relative multiplier; Mid; CER Current Measures,T15,5,5,5,5,5,transport-cost-invest-freight-marine-7153c4b0:composite:1:6ed78a0e5715890a
SK,T_HDV_WTF_MDO_N,2040,159.71497923605244,$M 2020CAD / bn tonne-km,CIMS service CAPEX times REGEN relative multiplier; Mid; CER Current Measures,T15,5,5,5,5,5,transport-cost-invest-freight-marine-7153c4b0:composite:1:6ed78a0e5715890a
SK,T_HDV_WTF_MDO_N,2045,159.71497923605244,$M 2020CAD / bn tonne-km,CIMS service CAPEX times REGEN relative multiplier; Mid; CER Current Measures,T15,5,5,5,5,5,transport-cost-invest-freight-marine-7153c4b0:composite:1:6ed78a0e5715890a
SK,T_LDV_C_BEV150_N,2025,16.801003190903973,$M 2020CAD / k vehicles,NLR manufacturing price (RPE / 1.5); Mid; CER Current Measures,T06,5,5,5,5,5,transport-cost-invest-cars-17ac5a44:composite:1:6c9511ec7d0fa9a6
SK,T_LDV_C_BEV150_N,2030,15.869353538567474,$M 2020CAD / k vehicles,NLR manufacturing price (RPE / 1.5); Mid; CER Current Measures,T06,5,5,5,5,5,transport-cost-invest-cars-17ac5a44:composite:1:6c9511ec7d0fa9a6
SK,T_LDV_C_BEV150_N,2035,14.83975417546046,$M 2020CAD / k vehicles,NLR manufacturing price (RPE / 1.5); Mid; CER Current Measures,T06,5,5,5,5,5,transport-cost-invest-cars-17ac5a44:composite:1:6c9511ec7d0fa9a6
SK,T_LDV_C_BEV150_N,2040,14.463386506311748,$M 2020CAD / k vehicles,NLR manufacturing price (RPE / 1.5); Mid; CER Current Measures,T06,5,5,5,5,5,transport-cost-invest-cars-17ac5a44:composite:1:6c9511ec7d0fa9a6
SK,T_LDV_C_BEV150_N,2045,14.087018837163033,$M 2020CAD / k vehicles,NLR manufacturing price (RPE / 1.5); Mid; CER Current Measures,T06,5,5,5,5,5,transport-cost-invest-cars-17ac5a44:composite:1:6c9511ec7d0fa9a6
SK,T_LDV_C_BEV200_N,2025,18.450588718181724,$M 2020CAD / k vehicles,NLR manufacturing price (RPE / 1.5); Mid; CER Current Measures,T06,5,5,5,5,5,transport-cost-invest-cars-17ac5a44:composite:1:6c9511ec7d0fa9a6
SK,T_LDV_C_BEV200_N,2030,17.075432556783035,$M 2020CAD / k vehicles,NLR manufacturing price (RPE / 1.5); Mid; CER Current Measures,T06,5,5,5,5,5,transport-cost-invest-cars-17ac5a44:composite:1:6c9511ec7d0fa9a6
SK,T_LDV_C_BEV200_N,2035,16.064052800119892,$M 2020CAD / k vehicles,NLR manufacturing price (RPE / 1.5); Mid; CER Current Measures,T06,5,5,5,5,5,transport-cost-invest-cars-17ac5a44:composite:1:6c9511ec7d0fa9a6
SK,T_LDV_C_BEV200_N,2040,15.570840343740123,$M 2020CAD / k vehicles,NLR manufacturing price (RPE / 1.5); Mid; CER Current Measures,T06,5,5,5,5,5,transport-cost-invest-cars-17ac5a44:composite:1:6c9511ec7d0fa9a6
SK,T_LDV_C_BEV200_N,2045,15.077627887360357,$M 2020CAD / k vehicles,NLR manufacturing price (RPE / 1.5); Mid; CER Current Measures,T06,5,5,5,5,5,transport-cost-invest-cars-17ac5a44:composite:1:6c9511ec7d0fa9a6
SK,T_LDV_C_BEV300_N,2025,21.64471662156811,$M 2020CAD / k vehicles,NLR manufacturing price (RPE / 1.5); Mid; CER Current Measures,T06,5,5,5,5,5,transport-cost-invest-cars-17ac5a44:composite:1:6c9511ec7d0fa9a6
SK,T_LDV_C_BEV300_N,2030,20.127401795353926,$M 2020CAD / k vehicles,NLR manufacturing price (RPE / 1.5); Mid; CER Current Measures,T06,5,5,5,5,5,transport-cost-invest-cars-17ac5a44:composite:1:6c9511ec7d0fa9a6
SK,T_LDV_C_BEV300_N,2035,18.51224924915488,$M 2020CAD / k vehicles,NLR manufacturing price (RPE / 1.5); Mid; CER Current Measures,T06,5,5,5,5,5,transport-cost-invest-cars-17ac5a44:composite:1:6c9511ec7d0fa9a6
SK,T_LDV_C_BEV300_N,2040,17.8051222661988,$M 2020CAD / k vehicles,NLR manufacturing price (RPE / 1.5); Mid; CER Current Measures,T06,5,5,5,5,5,transport-cost-invest-cars-17ac5a44:composite:1:6c9511ec7d0fa9a6
SK,T_LDV_C_BEV300_N,2045,17.097995283242717,$M 2020CAD / k vehicles,NLR manufacturing price (RPE / 1.5); Mid; CER Current Measures,T06,5,5,5,5,5,transport-cost-invest-cars-17ac5a44:composite:1:6c9511ec7d0fa9a6
SK,T_LDV_C_BEV400_N,2025,26.871404576953083,$M 2020CAD / k vehicles,NLR manufacturing price (RPE / 1.5); Mid; CER Current Measures,T06,5,5,5,5,5,transport-cost-invest-cars-17ac5a44:composite:1:6c9511ec7d0fa9a6
SK,T_LDV_C_BEV400_N,2030,23.992811545238926,$M 2020CAD / k vehicles,NLR manufacturing price (RPE / 1.5); Mid; CER Current Measures,T06,5,5,5,5,5,transport-cost-invest-cars-17ac5a44:composite:1:6c9511ec7d0fa9a6
SK,T_LDV_C_BEV400_N,2035,21.55181606660899,$M 2020CAD / k vehicles,NLR manufacturing price (RPE / 1.5); Mid; CER Current Measures,T06,5,5,5,5,5,transport-cost-invest-cars-17ac5a44:composite:1:6c9511ec7d0fa9a6
SK,T_LDV_C_BEV400_N,2040,20.669024477781626,$M 2020CAD / k vehicles,NLR manufacturing price (RPE / 1.5); Mid; CER Current Measures,T06,5,5,5,5,5,transport-cost-invest-cars-17ac5a44:composite:1:6c9511ec7d0fa9a6
SK,T_LDV_C_BEV400_N,2045,19.786232888954267,$M 2020CAD / k vehicles,NLR manufacturing price (RPE / 1.5); Mid; CER Current Measures,T06,5,5,5,5,5,transport-cost-invest-cars-17ac5a44:composite:1:6c9511ec7d0fa9a6
SK,T_LDV_C_CNG_N,2025,23.453108528211796,$M 2020CAD / k vehicles,NLR manufacturing price (RPE / 1.5); Mid; CER Current Measures,T06,5,5,5,5,5,transport-cost-invest-cars-17ac5a44:composite:1:6c9511ec7d0fa9a6
SK,T_LDV_C_CNG_N,2030,23.465204181505534,$M 2020CAD / k vehicles,NLR manufacturing price (RPE / 1.5); Mid; CER Current Measures,T06,5,5,5,5,5,transport-cost-invest-cars-17ac5a44:composite:1:6c9511ec7d0fa9a6
SK,T_LDV_C_CNG_N,2035,23.51720295021423,$M 2020CAD / k vehicles,NLR manufacturing price (RPE / 1.5); Mid; CER Current Measures,T06,5,5,5,5,5,transport-cost-invest-cars-17ac5a44:composite:1:6c9511ec7d0fa9a6
SK,T_LDV_C_CNG_N,2040,23.486199536200548,$M 2020CAD / k vehicles,NLR manufacturing price (RPE / 1.5); Mid; CER Current Measures,T06,5,5,5,5,5,transport-cost-invest-cars-17ac5a44:composite:1:6c9511ec7d0fa9a6
SK,T_LDV_C_CNG_N,2045,23.455196122186884,$M 2020CAD / k vehicles,NLR manufacturing price (RPE / 1.5); Mid; CER Current Measures,T06,5,5,5,5,5,transport-cost-invest-cars-17ac5a44:composite:1:6c9511ec7d0fa9a6
SK,T_LDV_C_DSL_N,2025,21.616273204696757,$M 2020CAD / k vehicles,NLR manufacturing price (RPE / 1.5); Mid; CER Current Measures,T06,5,5,5,5,5,transport-cost-invest-cars-17ac5a44:composite:1:6c9511ec7d0fa9a6
SK,T_LDV_C_DSL_N,2030,21.664120670538832,$M 2020CAD / k vehicles,NLR manufacturing price (RPE / 1.5); Mid; CER Current Measures,T06,5,5,5,5,5,transport-cost-invest-cars-17ac5a44:composite:1:6c9511ec7d0fa9a6
SK,T_LDV_C_DSL_N,2035,21.697015383143423,$M 2020CAD / k vehicles,NLR manufacturing price (RPE / 1.5); Mid; CER Current Measures,T06,5,5,5,5,5,transport-cost-invest-cars-17ac5a44:composite:1:6c9511ec7d0fa9a6
SK,T_LDV_C_DSL_N,2040,21.66589628197499,$M 2020CAD / k vehicles,NLR manufacturing price (RPE / 1.5); Mid; CER Current Measures,T06,5,5,5,5,5,transport-cost-invest-cars-17ac5a44:composite:1:6c9511ec7d0fa9a6
SK,T_LDV_C_DSL_N,2045,21.634777180806548,$M 2020CAD / k vehicles,NLR manufacturing price (RPE / 1.5); Mid; CER Current Measures,T06,5,5,5,5,5,transport-cost-invest-cars-17ac5a44:composite:1:6c9511ec7d0fa9a6
SK,T_LDV_C_FCEV400_N,2025,24.286118891416027,$M 2020CAD / k vehicles,NLR manufacturing price (RPE / 1.5); Mid; CER Current Measures,T06,5,5,5,5,5,transport-cost-invest-cars-17ac5a44:composite:1:6c9511ec7d0fa9a6
SK,T_LDV_C_FCEV400_N,2030,22.43387181478082,$M 2020CAD / k vehicles,NLR manufacturing price (RPE / 1.5); Mid; CER Current Measures,T06,5,5,5,5,5,transport-cost-invest-cars-17ac5a44:composite:1:6c9511ec7d0fa9a6
SK,T_LDV_C_FCEV400_N,2035,20.99196339019948,$M 2020CAD / k vehicles,NLR manufacturing price (RPE / 1.5); Mid; CER Current Measures,T06,5,5,5,5,5,transport-cost-invest-cars-17ac5a44:composite:1:6c9511ec7d0fa9a6
SK,T_LDV_C_FCEV400_N,2040,20.525515721130493,$M 2020CAD / k vehicles,NLR manufacturing price (RPE / 1.5); Mid; CER Current Measures,T06,5,5,5,5,5,transport-cost-invest-cars-17ac5a44:composite:1:6c9511ec7d0fa9a6
SK,T_LDV_C_FCEV400_N,2045,20.059068052061516,$M 2020CAD / k vehicles,NLR manufacturing price (RPE / 1.5); Mid; CER Current Measures,T06,5,5,5,5,5,transport-cost-invest-cars-17ac5a44:composite:1:6c9511ec7d0fa9a6
SK,T_LDV_C_GSL_HEV_N,2025,20.068117018651932,$M 2020CAD / k vehicles,NLR manufacturing price (RPE / 1.5); Mid; CER Current Measures,T06,5,5,5,5,5,transport-cost-invest-cars-17ac5a44:composite:1:6c9511ec7d0fa9a6
SK,T_LDV_C_GSL_HEV_N,2030,19.480143337341726,$M 2020CAD / k vehicles,NLR manufacturing price (RPE / 1.5); Mid; CER Current Measures,T06,5,5,5,5,5,transport-cost-invest-cars-17ac5a44:composite:1:6c9511ec7d0fa9a6
SK,T_LDV_C_GSL_HEV_N,2035,19.11592132553458,$M 2020CAD / k vehicles,NLR manufacturing price (RPE / 1.5); Mid; CER Current Measures,T06,5,5,5,5,5,transport-cost-invest-cars-17ac5a44:composite:1:6c9511ec7d0fa9a6
SK,T_LDV_C_GSL_HEV_N,2040,18.86171930229058,$M 2020CAD / k vehicles,NLR manufacturing price (RPE / 1.5); Mid; CER Current Measures,T06,5,5,5,5,5,transport-cost-invest-cars-17ac5a44:composite:1:6c9511ec7d0fa9a6
SK,T_LDV_C_GSL_HEV_N,2045,18.607517279046583,$M 2020CAD / k vehicles,NLR manufacturing price (RPE / 1.5); Mid; CER Current Measures,T06,5,5,5,5,5,transport-cost-invest-cars-17ac5a44:composite:1:6c9511ec7d0fa9a6
SK,T_LDV_C_GSL_N,2025,18.099727473265236,$M 2020CAD / k vehicles,NLR manufacturing price (RPE / 1.5); Mid; CER Current Measures,T06,5,5,5,5,5,transport-cost-invest-cars-17ac5a44:composite:1:6c9511ec7d0fa9a6
SK,T_LDV_C_GSL_N,2030,18.568779974193454,$M 2020CAD / k vehicles,NLR manufacturing price (RPE / 1.5); Mid; CER Current Measures,T06,5,5,5,5,5,transport-cost-invest-cars-17ac5a44:composite:1:6c9511ec7d0fa9a6
SK,T_LDV_C_GSL_N,2035,19.547500130824435,$M 2020CAD / k vehicles,NLR manufacturing price (RPE / 1.5); Mid; CER Current Measures,T06,5,5,5,5,5,transport-cost-invest-cars-17ac5a44:composite:1:6c9511ec7d0fa9a6
SK,T_LDV_C_GSL_N,2040,19.51661240396554,$M 2020CAD / k vehicles,NLR manufacturing price (RPE / 1.5); Mid; CER Current Measures,T06,5,5,5,5,5,transport-cost-invest-cars-17ac5a44:composite:1:6c9511ec7d0fa9a6
SK,T_LDV_C_GSL_N,2045,19.485724677106628,$M 2020CAD / k vehicles,NLR manufacturing price (RPE / 1.5); Mid; CER Current Measures,T06,5,5,5,5,5,transport-cost-invest-cars-17ac5a44:composite:1:6c9511ec7d0fa9a6
SK,T_LDV_C_GSL_PHEV35_N,2025,21.329665367851863,$M 2020CAD / k vehicles,NLR manufacturing price (RPE / 1.5); Mid; CER Current Measures,T06,5,5,5,5,5,transport-cost-invest-cars-17ac5a44:composite:1:6c9511ec7d0fa9a6
SK,T_LDV_C_GSL_PHEV35_N,2030,20.243582306410154,$M 2020CAD / k vehicles,NLR manufacturing price (RPE / 1.5); Mid; CER Current Measures,T06,5,5,5,5,5,transport-cost-invest-cars-17ac5a44:composite:1:6c9511ec7d0fa9a6
SK,T_LDV_C_GSL_PHEV35_N,2035,19.51060185521329,$M 2020CAD / k vehicles,NLR manufacturing price (RPE / 1.5); Mid; CER Current Measures,T06,5,5,5,5,5,transport-cost-invest-cars-17ac5a44:composite:1:6c9511ec7d0fa9a6
SK,T_LDV_C_GSL_PHEV35_N,2040,19.119066477548746,$M 2020CAD / k vehicles,NLR manufacturing price (RPE / 1.5); Mid; CER Current Measures,T06,5,5,5,5,5,transport-cost-invest-cars-17ac5a44:composite:1:6c9511ec7d0fa9a6
SK,T_LDV_C_GSL_PHEV35_N,2045,18.727531099884192,$M 2020CAD / k vehicles,NLR manufacturing price (RPE / 1.5); Mid; CER Current Measures,T06,5,5,5,5,5,transport-cost-invest-cars-17ac5a44:composite:1:6c9511ec7d0fa9a6
SK,T_LDV_C_GSL_PHEV50_N,2025,22.408614632413034,$M 2020CAD / k vehicles,NLR manufacturing price (RPE / 1.5); Mid; CER Current Measures,T06,5,5,5,5,5,transport-cost-invest-cars-17ac5a44:composite:1:6c9511ec7d0fa9a6
SK,T_LDV_C_GSL_PHEV50_N,2030,21.11719207550682,$M 2020CAD / k vehicles,NLR manufacturing price (RPE / 1.5); Mid; CER Current Measures,T06,5,5,5,5,5,transport-cost-invest-cars-17ac5a44:composite:1:6c9511ec7d0fa9a6
SK,T_LDV_C_GSL_PHEV50_N,2035,20.22391623356339,$M 2020CAD / k vehicles,NLR manufacturing price (RPE / 1.5); Mid; CER Current Measures,T06,5,5,5,5,5,transport-cost-invest-cars-17ac5a44:composite:1:6c9511ec7d0fa9a6
SK,T_LDV_C_GSL_PHEV50_N,2040,19.775126157686778,$M 2020CAD / k vehicles,NLR manufacturing price (RPE / 1.5); Mid; CER Current Measures,T06,5,5,5,5,5,transport-cost-invest-cars-17ac5a44:composite:1:6c9511ec7d0fa9a6
SK,T_LDV_C_GSL_PHEV50_N,2045,19.326336081810155,$M 2020CAD / k vehicles,NLR manufacturing price (RPE / 1.5); Mid; CER Current Measures,T06,5,5,5,5,5,transport-cost-invest-cars-17ac5a44:composite:1:6c9511ec7d0fa9a6
SK,T_LDV_LTF_BEV150_N,2025,23.198054549055403,$M 2020CAD / k vehicles,NLR manufacturing price (RPE / 1.5); Mid; CER Current Measures,T06,5,5,5,5,5,transport-cost-invest-freight-light-trucks-17ac5a44:composite:1:f148ff7e78890547
SK,T_LDV_LTF_BEV150_N,2030,21.74990711330167,$M 2020CAD / k vehicles,NLR manufacturing price (RPE / 1.5); Mid; CER Current Measures,T06,5,5,5,5,5,transport-cost-invest-freight-light-trucks-17ac5a44:composite:1:f148ff7e78890547
SK,T_LDV_LTF_BEV150_N,2035,20.655907447622376,$M 2020CAD / k vehicles,NLR manufacturing price (RPE / 1.5); Mid; CER Current Measures,T06,5,5,5,5,5,transport-cost-invest-freight-light-trucks-17ac5a44:composite:1:f148ff7e78890547
SK,T_LDV_LTF_BEV150_N,2040,20.10871521160944,$M 2020CAD / k vehicles,NLR manufacturing price (RPE / 1.5); Mid; CER Current Measures,T06,5,5,5,5,5,transport-cost-invest-freight-light-trucks-17ac5a44:composite:1:f148ff7e78890547
SK,T_LDV_LTF_BEV150_N,2045,19.56152297559651,$M 2020CAD / k vehicles,NLR manufacturing price (RPE / 1.5); Mid; CER Current Measures,T06,5,5,5,5,5,transport-cost-invest-freight-light-trucks-17ac5a44:composite:1:f148ff7e78890547
SK,T_LDV_LTF_BEV200_N,2025,25.329852285373793,$M 2020CAD / k vehicles,NLR manufacturing price (RPE / 1.5); Mid; CER Current Measures,T06,5,5,5,5,5,transport-cost-invest-freight-light-trucks-17ac5a44:composite:1:f148ff7e78890547
SK,T_LDV_LTF_BEV200_N,2030,23.716184211003593,$M 2020CAD / k vehicles,NLR manufacturing price (RPE / 1.5); Mid; CER Current Measures,T06,5,5,5,5,5,transport-cost-invest-freight-light-trucks-17ac5a44:composite:1:f148ff7e78890547
SK,T_LDV_LTF_BEV200_N,2035,22.236253814604407,$M 2020CAD / k vehicles,NLR manufacturing price (RPE / 1.5); Mid; CER Current Measures,T06,5,5,5,5,5,transport-cost-invest-freight-light-trucks-17ac5a44:composite:1:f148ff7e78890547
SK,T_LDV_LTF_BEV200_N,2040,21.5507721961262,$M 2020CAD / k vehicles,NLR manufacturing price (RPE / 1.5); Mid; CER Current Measures,T06,5,5,5,5,5,transport-cost-invest-freight-light-trucks-17ac5a44:composite:1:f148ff7e78890547
SK,T_LDV_LTF_BEV200_N,2045,20.86529057764799,$M 2020CAD / k vehicles,NLR manufacturing price (RPE / 1.5); Mid; CER Current Measures,T06,5,5,5,5,5,transport-cost-invest-freight-light-trucks-17ac5a44:composite:1:f148ff7e78890547
SK,T_LDV_LTF_BEV300_N,2025,29.844256602098493,$M 2020CAD / k vehicles,NLR manufacturing price (RPE / 1.5); Mid; CER Current Measures,T06,5,5,5,5,5,transport-cost-invest-freight-light-trucks-17ac5a44:composite:1:f148ff7e78890547
SK,T_LDV_LTF_BEV300_N,2030,27.510148965283708,$M 2020CAD / k vehicles,NLR manufacturing price (RPE / 1.5); Mid; CER Current Measures,T06,5,5,5,5,5,transport-cost-invest-freight-light-trucks-17ac5a44:composite:1:f148ff7e78890547
SK,T_LDV_LTF_BEV300_N,2035,25.31530268754287,$M 2020CAD / k vehicles,NLR manufacturing price (RPE / 1.5); Mid; CER Current Measures,T06,5,5,5,5,5,transport-cost-invest-freight-light-trucks-17ac5a44:composite:1:f148ff7e78890547
SK,T_LDV_LTF_BEV300_N,2040,24.427240043847814,$M 2020CAD / k vehicles,NLR manufacturing price (RPE / 1.5); Mid; CER Current Measures,T06,5,5,5,5,5,transport-cost-invest-freight-light-trucks-17ac5a44:composite:1:f148ff7e78890547
SK,T_LDV_LTF_BEV300_N,2045,23.539177400152745,$M 2020CAD / k vehicles,NLR manufacturing price (RPE / 1.5); Mid; CER Current Measures,T06,5,5,5,5,5,transport-cost-invest-freight-light-trucks-17ac5a44:composite:1:f148ff7e78890547
SK,T_LDV_LTF_BEV400_N,2025,36.584254888203446,$M 2020CAD / k vehicles,NLR manufacturing price (RPE / 1.5); Mid; CER Current Measures,T06,5,5,5,5,5,transport-cost-invest-freight-light-trucks-17ac5a44:composite:1:f148ff7e78890547
SK,T_LDV_LTF_BEV400_N,2030,33.037308850618835,$M 2020CAD / k vehicles,NLR manufacturing price (RPE / 1.5); Mid; CER Current Measures,T06,5,5,5,5,5,transport-cost-invest-freight-light-trucks-17ac5a44:composite:1:f148ff7e78890547
SK,T_LDV_LTF_BEV400_N,2035,30.02648837692175,$M 2020CAD / k vehicles,NLR manufacturing price (RPE / 1.5); Mid; CER Current Measures,T06,5,5,5,5,5,transport-cost-invest-freight-light-trucks-17ac5a44:composite:1:f148ff7e78890547
SK,T_LDV_LTF_BEV400_N,2040,28.662275803539924,$M 2020CAD / k vehicles,NLR manufacturing price (RPE / 1.5); Mid; CER Current Measures,T06,5,5,5,5,5,transport-cost-invest-freight-light-trucks-17ac5a44:composite:1:f148ff7e78890547
SK,T_LDV_LTF_BEV400_N,2045,27.298063230158085,$M 2020CAD / k vehicles,NLR manufacturing price (RPE / 1.5); Mid; CER Current Measures,T06,5,5,5,5,5,transport-cost-invest-freight-light-trucks-17ac5a44:composite:1:f148ff7e78890547
SK,T_LDV_LTF_CNG_N,2025,28.202584348161018,$M 2020CAD / k vehicles,NLR manufacturing price (RPE / 1.5); Mid; CER Current Measures,T06,5,5,5,5,5,transport-cost-invest-freight-light-trucks-17ac5a44:composite:1:f148ff7e78890547
SK,T_LDV_LTF_CNG_N,2030,28.221438791034974,$M 2020CAD / k vehicles,NLR manufacturing price (RPE / 1.5); Mid; CER Current Measures,T06,5,5,5,5,5,transport-cost-invest-freight-light-trucks-17ac5a44:composite:1:f148ff7e78890547
SK,T_LDV_LTF_CNG_N,2035,28.26637565972034,$M 2020CAD / k vehicles,NLR manufacturing price (RPE / 1.5); Mid; CER Current Measures,T06,5,5,5,5,5,transport-cost-invest-freight-light-trucks-17ac5a44:composite:1:f148ff7e78890547
SK,T_LDV_LTF_CNG_N,2040,28.23312614804637,$M 2020CAD / k vehicles,NLR manufacturing price (RPE / 1.5); Mid; CER Current Measures,T06,5,5,5,5,5,transport-cost-invest-freight-light-trucks-17ac5a44:composite:1:f148ff7e78890547
SK,T_LDV_LTF_CNG_N,2045,28.199876636372398,$M 2020CAD / k vehicles,NLR manufacturing price (RPE / 1.5); Mid; CER Current Measures,T06,5,5,5,5,5,transport-cost-invest-freight-light-trucks-17ac5a44:composite:1:f148ff7e78890547
SK,T_LDV_LTF_DSL_N,2025,26.260701373316834,$M 2020CAD / k vehicles,NLR manufacturing price (RPE / 1.5); Mid; CER Current Measures,T06,5,5,5,5,5,transport-cost-invest-freight-light-trucks-17ac5a44:composite:1:f148ff7e78890547
SK,T_LDV_LTF_DSL_N,2030,26.31379742465607,$M 2020CAD / k vehicles,NLR manufacturing price (RPE / 1.5); Mid; CER Current Measures,T06,5,5,5,5,5,transport-cost-invest-freight-light-trucks-17ac5a44:composite:1:f148ff7e78890547
SK,T_LDV_LTF_DSL_N,2035,26.340561352654408,$M 2020CAD / k vehicles,NLR manufacturing price (RPE / 1.5); Mid; CER Current Measures,T06,5,5,5,5,5,transport-cost-invest-freight-light-trucks-17ac5a44:composite:1:f148ff7e78890547
SK,T_LDV_LTF_DSL_N,2040,26.306878671431193,$M 2020CAD / k vehicles,NLR manufacturing price (RPE / 1.5); Mid; CER Current Measures,T06,5,5,5,5,5,transport-cost-invest-freight-light-trucks-17ac5a44:composite:1:f148ff7e78890547
SK,T_LDV_LTF_DSL_N,2045,26.27319599020797,$M 2020CAD / k vehicles,NLR manufacturing price (RPE / 1.5); Mid; CER Current Measures,T06,5,5,5,5,5,transport-cost-invest-freight-light-trucks-17ac5a44:composite:1:f148ff7e78890547
SK,T_LDV_LTF_FCEV400_N,2025,32.37677135524399,$M 2020CAD / k vehicles,NLR manufacturing price (RPE / 1.5); Mid; CER Current Measures,T06,5,5,5,5,5,transport-cost-invest-freight-light-trucks-17ac5a44:composite:1:f148ff7e78890547
SK,T_LDV_LTF_FCEV400_N,2030,29.86525331984078,$M 2020CAD / k vehicles,NLR manufacturing price (RPE / 1.5); Mid; CER Current Measures,T06,5,5,5,5,5,transport-cost-invest-freight-light-trucks-17ac5a44:composite:1:f148ff7e78890547
SK,T_LDV_LTF_FCEV400_N,2035,28.008052077232414,$M 2020CAD / k vehicles,NLR manufacturing price (RPE / 1.5); Mid; CER Current Measures,T06,5,5,5,5,5,transport-cost-invest-freight-light-trucks-17ac5a44:composite:1:f148ff7e78890547
SK,T_LDV_LTF_FCEV400_N,2040,27.372639260917623,$M 2020CAD / k vehicles,NLR manufacturing price (RPE / 1.5); Mid; CER Current Measures,T06,5,5,5,5,5,transport-cost-invest-freight-light-trucks-17ac5a44:composite:1:f148ff7e78890547
SK,T_LDV_LTF_FCEV400_N,2045,26.737226444602825,$M 2020CAD / k vehicles,NLR manufacturing price (RPE / 1.5); Mid; CER Current Measures,T06,5,5,5,5,5,transport-cost-invest-freight-light-trucks-17ac5a44:composite:1:f148ff7e78890547
SK,T_LDV_LTF_GSL_HEV_N,2025,25.805974041711135,$M 2020CAD / k vehicles,NLR manufacturing price (RPE / 1.5); Mid; CER Current Measures,T06,5,5,5,5,5,transport-cost-invest-freight-light-trucks-17ac5a44:composite:1:f148ff7e78890547
SK,T_LDV_LTF_GSL_HEV_N,2030,25.013546241990706,$M 2020CAD / k vehicles,NLR manufacturing price (RPE / 1.5); Mid; CER Current Measures,T06,5,5,5,5,5,transport-cost-invest-freight-light-trucks-17ac5a44:composite:1:f148ff7e78890547
SK,T_LDV_LTF_GSL_HEV_N,2035,24.59411463965462,$M 2020CAD / k vehicles,NLR manufacturing price (RPE / 1.5); Mid; CER Current Measures,T06,5,5,5,5,5,transport-cost-invest-freight-light-trucks-17ac5a44:composite:1:f148ff7e78890547
SK,T_LDV_LTF_GSL_HEV_N,2040,24.273660430577024,$M 2020CAD / k vehicles,NLR manufacturing price (RPE / 1.5); Mid; CER Current Measures,T06,5,5,5,5,5,transport-cost-invest-freight-light-trucks-17ac5a44:composite:1:f148ff7e78890547
SK,T_LDV_LTF_GSL_HEV_N,2045,23.953206221499414,$M 2020CAD / k vehicles,NLR manufacturing price (RPE / 1.5); Mid; CER Current Measures,T06,5,5,5,5,5,transport-cost-invest-freight-light-trucks-17ac5a44:composite:1:f148ff7e78890547
SK,T_LDV_LTF_GSL_N,2025,22.976303566477313,$M 2020CAD / k vehicles,NLR manufacturing price (RPE / 1.5); Mid; CER Current Measures,T06,5,5,5,5,5,transport-cost-invest-freight-light-trucks-17ac5a44:composite:1:f148ff7e78890547
SK,T_LDV_LTF_GSL_N,2030,23.391220360599508,$M 2020CAD / k vehicles,NLR manufacturing price (RPE / 1.5); Mid; CER Current Measures,T06,5,5,5,5,5,transport-cost-invest-freight-light-trucks-17ac5a44:composite:1:f148ff7e78890547
SK,T_LDV_LTF_GSL_N,2035,24.53689334920375,$M 2020CAD / k vehicles,NLR manufacturing price (RPE / 1.5); Mid; CER Current Measures,T06,5,5,5,5,5,transport-cost-invest-freight-light-trucks-17ac5a44:composite:1:f148ff7e78890547
SK,T_LDV_LTF_GSL_N,2040,24.50360380796553,$M 2020CAD / k vehicles,NLR manufacturing price (RPE / 1.5); Mid; CER Current Measures,T06,5,5,5,5,5,transport-cost-invest-freight-light-trucks-17ac5a44:composite:1:f148ff7e78890547
SK,T_LDV_LTF_GSL_N,2045,24.470314266727303,$M 2020CAD / k vehicles,NLR manufacturing price (RPE / 1.5); Mid; CER Current Measures,T06,5,5,5,5,5,transport-cost-invest-freight-light-trucks-17ac5a44:composite:1:f148ff7e78890547
SK,T_LDV_LTF_GSL_PHEV35_N,2025,27.446247654117283,$M 2020CAD / k vehicles,NLR manufacturing price (RPE / 1.5); Mid; CER Current Measures,T06,5,5,5,5,5,transport-cost-invest-freight-light-trucks-17ac5a44:composite:1:f148ff7e78890547
SK,T_LDV_LTF_GSL_PHEV35_N,2030,26.021182399839542,$M 2020CAD / k vehicles,NLR manufacturing price (RPE / 1.5); Mid; CER Current Measures,T06,5,5,5,5,5,transport-cost-invest-freight-light-trucks-17ac5a44:composite:1:f148ff7e78890547
SK,T_LDV_LTF_GSL_PHEV35_N,2035,25.060453577776883,$M 2020CAD / k vehicles,NLR manufacturing price (RPE / 1.5); Mid; CER Current Measures,T06,5,5,5,5,5,transport-cost-invest-freight-light-trucks-17ac5a44:composite:1:f148ff7e78890547
SK,T_LDV_LTF_GSL_PHEV35_N,2040,24.565972014341902,$M 2020CAD / k vehicles,NLR manufacturing price (RPE / 1.5); Mid; CER Current Measures,T06,5,5,5,5,5,transport-cost-invest-freight-light-trucks-17ac5a44:composite:1:f148ff7e78890547
SK,T_LDV_LTF_GSL_PHEV35_N,2045,24.071490450906925,$M 2020CAD / k vehicles,NLR manufacturing price (RPE / 1.5); Mid; CER Current Measures,T06,5,5,5,5,5,transport-cost-invest-freight-light-trucks-17ac5a44:composite:1:f148ff7e78890547
SK,T_LDV_LTF_GSL_PHEV50_N,2025,28.913277009282893,$M 2020CAD / k vehicles,NLR manufacturing price (RPE / 1.5); Mid; CER Current Measures,T06,5,5,5,5,5,transport-cost-invest-freight-light-trucks-17ac5a44:composite:1:f148ff7e78890547
SK,T_LDV_LTF_GSL_PHEV50_N,2030,27.21484800643277,$M 2020CAD / k vehicles,NLR manufacturing price (RPE / 1.5); Mid; CER Current Measures,T06,5,5,5,5,5,transport-cost-invest-freight-light-trucks-17ac5a44:composite:1:f148ff7e78890547
SK,T_LDV_LTF_GSL_PHEV50_N,2035,26.025159541718963,$M 2020CAD / k vehicles,NLR manufacturing price (RPE / 1.5); Mid; CER Current Measures,T06,5,5,5,5,5,transport-cost-invest-freight-light-trucks-17ac5a44:composite:1:f148ff7e78890547
SK,T_LDV_LTF_GSL_PHEV50_N,2040,25.451859718379076,$M 2020CAD / k vehicles,NLR manufacturing price (RPE / 1.5); Mid; CER Current Measures,T06,5,5,5,5,5,transport-cost-invest-freight-light-trucks-17ac5a44:composite:1:f148ff7e78890547
SK,T_LDV_LTF_GSL_PHEV50_N,2045,24.878559895039174,$M 2020CAD / k vehicles,NLR manufacturing price (RPE / 1.5); Mid; CER Current Measures,T06,5,5,5,5,5,transport-cost-invest-freight-light-trucks-17ac5a44:composite:1:f148ff7e78890547
SK,T_LDV_LTP_BEV150_N,2025,23.198054549055403,$M 2020CAD / k vehicles,NLR manufacturing price (RPE / 1.5); Mid; CER Current Measures,T06,5,5,5,5,5,transport-cost-invest-passenger-light-trucks-17ac5a44:composite:1:095462aa45c4e45f
SK,T_LDV_LTP_BEV150_N,2030,21.74990711330167,$M 2020CAD / k vehicles,NLR manufacturing price (RPE / 1.5); Mid; CER Current Measures,T06,5,5,5,5,5,transport-cost-invest-passenger-light-trucks-17ac5a44:composite:1:095462aa45c4e45f
SK,T_LDV_LTP_BEV150_N,2035,20.655907447622376,$M 2020CAD / k vehicles,NLR manufacturing price (RPE / 1.5); Mid; CER Current Measures,T06,5,5,5,5,5,transport-cost-invest-passenger-light-trucks-17ac5a44:composite:1:095462aa45c4e45f
SK,T_LDV_LTP_BEV150_N,2040,20.10871521160944,$M 2020CAD / k vehicles,NLR manufacturing price (RPE / 1.5); Mid; CER Current Measures,T06,5,5,5,5,5,transport-cost-invest-passenger-light-trucks-17ac5a44:composite:1:095462aa45c4e45f
SK,T_LDV_LTP_BEV150_N,2045,19.56152297559651,$M 2020CAD / k vehicles,NLR manufacturing price (RPE / 1.5); Mid; CER Current Measures,T06,5,5,5,5,5,transport-cost-invest-passenger-light-trucks-17ac5a44:composite:1:095462aa45c4e45f
SK,T_LDV_LTP_BEV200_N,2025,25.329852285373793,$M 2020CAD / k vehicles,NLR manufacturing price (RPE / 1.5); Mid; CER Current Measures,T06,5,5,5,5,5,transport-cost-invest-passenger-light-trucks-17ac5a44:composite:1:095462aa45c4e45f
SK,T_LDV_LTP_BEV200_N,2030,23.716184211003593,$M 2020CAD / k vehicles,NLR manufacturing price (RPE / 1.5); Mid; CER Current Measures,T06,5,5,5,5,5,transport-cost-invest-passenger-light-trucks-17ac5a44:composite:1:095462aa45c4e45f
SK,T_LDV_LTP_BEV200_N,2035,22.236253814604407,$M 2020CAD / k vehicles,NLR manufacturing price (RPE / 1.5); Mid; CER Current Measures,T06,5,5,5,5,5,transport-cost-invest-passenger-light-trucks-17ac5a44:composite:1:095462aa45c4e45f
SK,T_LDV_LTP_BEV200_N,2040,21.5507721961262,$M 2020CAD / k vehicles,NLR manufacturing price (RPE / 1.5); Mid; CER Current Measures,T06,5,5,5,5,5,transport-cost-invest-passenger-light-trucks-17ac5a44:composite:1:095462aa45c4e45f
SK,T_LDV_LTP_BEV200_N,2045,20.86529057764799,$M 2020CAD / k vehicles,NLR manufacturing price (RPE / 1.5); Mid; CER Current Measures,T06,5,5,5,5,5,transport-cost-invest-passenger-light-trucks-17ac5a44:composite:1:095462aa45c4e45f
SK,T_LDV_LTP_BEV300_N,2025,29.844256602098493,$M 2020CAD / k vehicles,NLR manufacturing price (RPE / 1.5); Mid; CER Current Measures,T06,5,5,5,5,5,transport-cost-invest-passenger-light-trucks-17ac5a44:composite:1:095462aa45c4e45f
SK,T_LDV_LTP_BEV300_N,2030,27.510148965283708,$M 2020CAD / k vehicles,NLR manufacturing price (RPE / 1.5); Mid; CER Current Measures,T06,5,5,5,5,5,transport-cost-invest-passenger-light-trucks-17ac5a44:composite:1:095462aa45c4e45f
SK,T_LDV_LTP_BEV300_N,2035,25.31530268754287,$M 2020CAD / k vehicles,NLR manufacturing price (RPE / 1.5); Mid; CER Current Measures,T06,5,5,5,5,5,transport-cost-invest-passenger-light-trucks-17ac5a44:composite:1:095462aa45c4e45f
SK,T_LDV_LTP_BEV300_N,2040,24.427240043847814,$M 2020CAD / k vehicles,NLR manufacturing price (RPE / 1.5); Mid; CER Current Measures,T06,5,5,5,5,5,transport-cost-invest-passenger-light-trucks-17ac5a44:composite:1:095462aa45c4e45f
SK,T_LDV_LTP_BEV300_N,2045,23.539177400152745,$M 2020CAD / k vehicles,NLR manufacturing price (RPE / 1.5); Mid; CER Current Measures,T06,5,5,5,5,5,transport-cost-invest-passenger-light-trucks-17ac5a44:composite:1:095462aa45c4e45f
SK,T_LDV_LTP_BEV400_N,2025,36.584254888203446,$M 2020CAD / k vehicles,NLR manufacturing price (RPE / 1.5); Mid; CER Current Measures,T06,5,5,5,5,5,transport-cost-invest-passenger-light-trucks-17ac5a44:composite:1:095462aa45c4e45f
SK,T_LDV_LTP_BEV400_N,2030,33.037308850618835,$M 2020CAD / k vehicles,NLR manufacturing price (RPE / 1.5); Mid; CER Current Measures,T06,5,5,5,5,5,transport-cost-invest-passenger-light-trucks-17ac5a44:composite:1:095462aa45c4e45f
SK,T_LDV_LTP_BEV400_N,2035,30.02648837692175,$M 2020CAD / k vehicles,NLR manufacturing price (RPE / 1.5); Mid; CER Current Measures,T06,5,5,5,5,5,transport-cost-invest-passenger-light-trucks-17ac5a44:composite:1:095462aa45c4e45f
SK,T_LDV_LTP_BEV400_N,2040,28.662275803539924,$M 2020CAD / k vehicles,NLR manufacturing price (RPE / 1.5); Mid; CER Current Measures,T06,5,5,5,5,5,transport-cost-invest-passenger-light-trucks-17ac5a44:composite:1:095462aa45c4e45f
SK,T_LDV_LTP_BEV400_N,2045,27.298063230158085,$M 2020CAD / k vehicles,NLR manufacturing price (RPE / 1.5); Mid; CER Current Measures,T06,5,5,5,5,5,transport-cost-invest-passenger-light-trucks-17ac5a44:composite:1:095462aa45c4e45f
SK,T_LDV_LTP_CNG_N,2025,28.202584348161018,$M 2020CAD / k vehicles,NLR manufacturing price (RPE / 1.5); Mid; CER Current Measures,T06,5,5,5,5,5,transport-cost-invest-passenger-light-trucks-17ac5a44:composite:1:095462aa45c4e45f
SK,T_LDV_LTP_CNG_N,2030,28.221438791034974,$M 2020CAD / k vehicles,NLR manufacturing price (RPE / 1.5); Mid; CER Current Measures,T06,5,5,5,5,5,transport-cost-invest-passenger-light-trucks-17ac5a44:composite:1:095462aa45c4e45f
SK,T_LDV_LTP_CNG_N,2035,28.26637565972034,$M 2020CAD / k vehicles,NLR manufacturing price (RPE / 1.5); Mid; CER Current Measures,T06,5,5,5,5,5,transport-cost-invest-passenger-light-trucks-17ac5a44:composite:1:095462aa45c4e45f
SK,T_LDV_LTP_CNG_N,2040,28.23312614804637,$M 2020CAD / k vehicles,NLR manufacturing price (RPE / 1.5); Mid; CER Current Measures,T06,5,5,5,5,5,transport-cost-invest-passenger-light-trucks-17ac5a44:composite:1:095462aa45c4e45f
SK,T_LDV_LTP_CNG_N,2045,28.199876636372398,$M 2020CAD / k vehicles,NLR manufacturing price (RPE / 1.5); Mid; CER Current Measures,T06,5,5,5,5,5,transport-cost-invest-passenger-light-trucks-17ac5a44:composite:1:095462aa45c4e45f
SK,T_LDV_LTP_DSL_N,2025,26.260701373316834,$M 2020CAD / k vehicles,NLR manufacturing price (RPE / 1.5); Mid; CER Current Measures,T06,5,5,5,5,5,transport-cost-invest-passenger-light-trucks-17ac5a44:composite:1:095462aa45c4e45f
SK,T_LDV_LTP_DSL_N,2030,26.31379742465607,$M 2020CAD / k vehicles,NLR manufacturing price (RPE / 1.5); Mid; CER Current Measures,T06,5,5,5,5,5,transport-cost-invest-passenger-light-trucks-17ac5a44:composite:1:095462aa45c4e45f
SK,T_LDV_LTP_DSL_N,2035,26.340561352654408,$M 2020CAD / k vehicles,NLR manufacturing price (RPE / 1.5); Mid; CER Current Measures,T06,5,5,5,5,5,transport-cost-invest-passenger-light-trucks-17ac5a44:composite:1:095462aa45c4e45f
SK,T_LDV_LTP_DSL_N,2040,26.306878671431193,$M 2020CAD / k vehicles,NLR manufacturing price (RPE / 1.5); Mid; CER Current Measures,T06,5,5,5,5,5,transport-cost-invest-passenger-light-trucks-17ac5a44:composite:1:095462aa45c4e45f
SK,T_LDV_LTP_DSL_N,2045,26.27319599020797,$M 2020CAD / k vehicles,NLR manufacturing price (RPE / 1.5); Mid; CER Current Measures,T06,5,5,5,5,5,transport-cost-invest-passenger-light-trucks-17ac5a44:composite:1:095462aa45c4e45f
SK,T_LDV_LTP_FCEV400_N,2025,32.37677135524399,$M 2020CAD / k vehicles,NLR manufacturing price (RPE / 1.5); Mid; CER Current Measures,T06,5,5,5,5,5,transport-cost-invest-passenger-light-trucks-17ac5a44:composite:1:095462aa45c4e45f
SK,T_LDV_LTP_FCEV400_N,2030,29.86525331984078,$M 2020CAD / k vehicles,NLR manufacturing price (RPE / 1.5); Mid; CER Current Measures,T06,5,5,5,5,5,transport-cost-invest-passenger-light-trucks-17ac5a44:composite:1:095462aa45c4e45f
SK,T_LDV_LTP_FCEV400_N,2035,28.008052077232414,$M 2020CAD / k vehicles,NLR manufacturing price (RPE / 1.5); Mid; CER Current Measures,T06,5,5,5,5,5,transport-cost-invest-passenger-light-trucks-17ac5a44:composite:1:095462aa45c4e45f
SK,T_LDV_LTP_FCEV400_N,2040,27.372639260917623,$M 2020CAD / k vehicles,NLR manufacturing price (RPE / 1.5); Mid; CER Current Measures,T06,5,5,5,5,5,transport-cost-invest-passenger-light-trucks-17ac5a44:composite:1:095462aa45c4e45f
SK,T_LDV_LTP_FCEV400_N,2045,26.737226444602825,$M 2020CAD / k vehicles,NLR manufacturing price (RPE / 1.5); Mid; CER Current Measures,T06,5,5,5,5,5,transport-cost-invest-passenger-light-trucks-17ac5a44:composite:1:095462aa45c4e45f
SK,T_LDV_LTP_GSL_HEV_N,2025,25.805974041711135,$M 2020CAD / k vehicles,NLR manufacturing price (RPE / 1.5); Mid; CER Current Measures,T06,5,5,5,5,5,transport-cost-invest-passenger-light-trucks-17ac5a44:composite:1:095462aa45c4e45f
SK,T_LDV_LTP_GSL_HEV_N,2030,25.013546241990706,$M 2020CAD / k vehicles,NLR manufacturing price (RPE / 1.5); Mid; CER Current Measures,T06,5,5,5,5,5,transport-cost-invest-passenger-light-trucks-17ac5a44:composite:1:095462aa45c4e45f
SK,T_LDV_LTP_GSL_HEV_N,2035,24.59411463965462,$M 2020CAD / k vehicles,NLR manufacturing price (RPE / 1.5); Mid; CER Current Measures,T06,5,5,5,5,5,transport-cost-invest-passenger-light-trucks-17ac5a44:composite:1:095462aa45c4e45f
SK,T_LDV_LTP_GSL_HEV_N,2040,24.273660430577024,$M 2020CAD / k vehicles,NLR manufacturing price (RPE / 1.5); Mid; CER Current Measures,T06,5,5,5,5,5,transport-cost-invest-passenger-light-trucks-17ac5a44:composite:1:095462aa45c4e45f
SK,T_LDV_LTP_GSL_HEV_N,2045,23.953206221499414,$M 2020CAD / k vehicles,NLR manufacturing price (RPE / 1.5); Mid; CER Current Measures,T06,5,5,5,5,5,transport-cost-invest-passenger-light-trucks-17ac5a44:composite:1:095462aa45c4e45f
SK,T_LDV_LTP_GSL_N,2025,22.976303566477313,$M 2020CAD / k vehicles,NLR manufacturing price (RPE / 1.5); Mid; CER Current Measures,T06,5,5,5,5,5,transport-cost-invest-passenger-light-trucks-17ac5a44:composite:1:095462aa45c4e45f
SK,T_LDV_LTP_GSL_N,2030,23.391220360599508,$M 2020CAD / k vehicles,NLR manufacturing price (RPE / 1.5); Mid; CER Current Measures,T06,5,5,5,5,5,transport-cost-invest-passenger-light-trucks-17ac5a44:composite:1:095462aa45c4e45f
SK,T_LDV_LTP_GSL_N,2035,24.53689334920375,$M 2020CAD / k vehicles,NLR manufacturing price (RPE / 1.5); Mid; CER Current Measures,T06,5,5,5,5,5,transport-cost-invest-passenger-light-trucks-17ac5a44:composite:1:095462aa45c4e45f
SK,T_LDV_LTP_GSL_N,2040,24.50360380796553,$M 2020CAD / k vehicles,NLR manufacturing price (RPE / 1.5); Mid; CER Current Measures,T06,5,5,5,5,5,transport-cost-invest-passenger-light-trucks-17ac5a44:composite:1:095462aa45c4e45f
SK,T_LDV_LTP_GSL_N,2045,24.470314266727303,$M 2020CAD / k vehicles,NLR manufacturing price (RPE / 1.5); Mid; CER Current Measures,T06,5,5,5,5,5,transport-cost-invest-passenger-light-trucks-17ac5a44:composite:1:095462aa45c4e45f
SK,T_LDV_LTP_GSL_PHEV35_N,2025,27.446247654117283,$M 2020CAD / k vehicles,NLR manufacturing price (RPE / 1.5); Mid; CER Current Measures,T06,5,5,5,5,5,transport-cost-invest-passenger-light-trucks-17ac5a44:composite:1:095462aa45c4e45f
SK,T_LDV_LTP_GSL_PHEV35_N,2030,26.021182399839542,$M 2020CAD / k vehicles,NLR manufacturing price (RPE / 1.5); Mid; CER Current Measures,T06,5,5,5,5,5,transport-cost-invest-passenger-light-trucks-17ac5a44:composite:1:095462aa45c4e45f
SK,T_LDV_LTP_GSL_PHEV35_N,2035,25.060453577776883,$M 2020CAD / k vehicles,NLR manufacturing price (RPE / 1.5); Mid; CER Current Measures,T06,5,5,5,5,5,transport-cost-invest-passenger-light-trucks-17ac5a44:composite:1:095462aa45c4e45f
SK,T_LDV_LTP_GSL_PHEV35_N,2040,24.565972014341902,$M 2020CAD / k vehicles,NLR manufacturing price (RPE / 1.5); Mid; CER Current Measures,T06,5,5,5,5,5,transport-cost-invest-passenger-light-trucks-17ac5a44:composite:1:095462aa45c4e45f
SK,T_LDV_LTP_GSL_PHEV35_N,2045,24.071490450906925,$M 2020CAD / k vehicles,NLR manufacturing price (RPE / 1.5); Mid; CER Current Measures,T06,5,5,5,5,5,transport-cost-invest-passenger-light-trucks-17ac5a44:composite:1:095462aa45c4e45f
SK,T_LDV_LTP_GSL_PHEV50_N,2025,28.913277009282893,$M 2020CAD / k vehicles,NLR manufacturing price (RPE / 1.5); Mid; CER Current Measures,T06,5,5,5,5,5,transport-cost-invest-passenger-light-trucks-17ac5a44:composite:1:095462aa45c4e45f
SK,T_LDV_LTP_GSL_PHEV50_N,2030,27.21484800643277,$M 2020CAD / k vehicles,NLR manufacturing price (RPE / 1.5); Mid; CER Current Measures,T06,5,5,5,5,5,transport-cost-invest-passenger-light-trucks-17ac5a44:composite:1:095462aa45c4e45f
SK,T_LDV_LTP_GSL_PHEV50_N,2035,26.025159541718963,$M 2020CAD / k vehicles,NLR manufacturing price (RPE / 1.5); Mid; CER Current Measures,T06,5,5,5,5,5,transport-cost-invest-passenger-light-trucks-17ac5a44:composite:1:095462aa45c4e45f
SK,T_LDV_LTP_GSL_PHEV50_N,2040,25.451859718379076,$M 2020CAD / k vehicles,NLR manufacturing price (RPE / 1.5); Mid; CER Current Measures,T06,5,5,5,5,5,transport-cost-invest-passenger-light-trucks-17ac5a44:composite:1:095462aa45c4e45f
SK,T_LDV_LTP_GSL_PHEV50_N,2045,24.878559895039174,$M 2020CAD / k vehicles,NLR manufacturing price (RPE / 1.5); Mid; CER Current Measures,T06,5,5,5,5,5,transport-cost-invest-passenger-light-trucks-17ac5a44:composite:1:095462aa45c4e45f
SK,T_LDV_M_BEV_N,2025,13.037007628312024,$M 2020CAD / k vehicles,GCAM motorcycle purchase price; Mid; CER Current Measures,T11,5,5,5,5,5,transport-cost-invest-motorcycles-804abac7:composite:1:e5e1e447784151c9
SK,T_LDV_M_BEV_N,2030,12.923352577093377,$M 2020CAD / k vehicles,GCAM motorcycle purchase price; Mid; CER Current Measures,T11,5,5,5,5,5,transport-cost-invest-motorcycles-804abac7:composite:1:e5e1e447784151c9
SK,T_LDV_M_BEV_N,2035,12.80969752432432,$M 2020CAD / k vehicles,GCAM motorcycle purchase price; Mid; CER Current Measures,T11,5,5,5,5,5,transport-cost-invest-motorcycles-804abac7:composite:1:e5e1e447784151c9
SK,T_LDV_M_BEV_N,2040,12.711200268918915,$M 2020CAD / k vehicles,GCAM motorcycle purchase price; Mid; CER Current Measures,T11,5,5,5,5,5,transport-cost-invest-motorcycles-804abac7:composite:1:e5e1e447784151c9
SK,T_LDV_M_BEV_N,2045,12.612703013513512,$M 2020CAD / k vehicles,GCAM motorcycle purchase price; Mid; CER Current Measures,T11,5,5,5,5,5,transport-cost-invest-motorcycles-804abac7:composite:1:e5e1e447784151c9
SK,T_LDV_M_GSL_N,2025,13.891632432432433,$M 2020CAD / k vehicles,GCAM motorcycle purchase price; Mid; CER Current Measures,T11,5,5,5,5,5,transport-cost-invest-motorcycles-804abac7:composite:1:e5e1e447784151c9
SK,T_LDV_M_GSL_N,2030,13.891632432432433,$M 2020CAD / k vehicles,GCAM motorcycle purchase price; Mid; CER Current Measures,T11,5,5,5,5,5,transport-cost-invest-motorcycles-804abac7:composite:1:e5e1e447784151c9
SK,T_LDV_M_GSL_N,2035,13.891632432432433,$M 2020CAD / k vehicles,GCAM motorcycle purchase price; Mid; CER Current Measures,T11,5,5,5,5,5,transport-cost-invest-motorcycles-804abac7:composite:1:e5e1e447784151c9
SK,T_LDV_M_GSL_N,2040,13.891632432432433,$M 2020CAD / k vehicles,GCAM motorcycle purchase price; Mid; CER Current Measures,T11,5,5,5,5,5,transport-cost-invest-motorcycles-804abac7:composite:1:e5e1e447784151c9
SK,T_LDV_M_GSL_N,2045,13.891632432432433,$M 2020CAD / k vehicles,GCAM motorcycle purchase price; Mid; CER Current Measures,T11,5,5,5,5,5,transport-cost-invest-motorcycles-804abac7:composite:1:e5e1e447784151c9
SK,T_MDV_T_BEV_N,2025,65.33278261541977,$M 2020CAD / k vehicles,NLR manufacturing price (RPE / 1.5); Mid; CER Current Measures,T06,5,5,5,5,5,transport-cost-invest-medium-trucks-e162550e:composite:1:047ed20feabb1ef5
SK,T_MDV_T_BEV_N,2030,53.2834887643728,$M 2020CAD / k vehicles,NLR manufacturing price (RPE / 1.5); Mid; CER Current Measures,T06,5,5,5,5,5,transport-cost-invest-medium-trucks-e162550e:composite:1:047ed20feabb1ef5
SK,T_MDV_T_BEV_N,2035,46.60465239706312,$M 2020CAD / k vehicles,NLR manufacturing price (RPE / 1.5); Mid; CER Current Measures,T06,5,5,5,5,5,transport-cost-invest-medium-trucks-e162550e:composite:1:047ed20feabb1ef5
SK,T_MDV_T_BEV_N,2040,43.733968432748206,$M 2020CAD / k vehicles,NLR manufacturing price (RPE / 1.5); Mid; CER Current Measures,T06,5,5,5,5,5,transport-cost-invest-medium-trucks-e162550e:composite:1:047ed20feabb1ef5
SK,T_MDV_T_BEV_N,2045,40.863284468433285,$M 2020CAD / k vehicles,NLR manufacturing price (RPE / 1.5); Mid; CER Current Measures,T06,5,5,5,5,5,transport-cost-invest-medium-trucks-e162550e:composite:1:047ed20feabb1ef5
SK,T_MDV_T_DSL_HEV_N,2025,45.522868818484284,$M 2020CAD / k vehicles,NLR manufacturing price (RPE / 1.5); Mid; CER Current Measures,T06,5,5,5,5,5,transport-cost-invest-medium-trucks-e162550e:composite:1:047ed20feabb1ef5
SK,T_MDV_T_DSL_HEV_N,2030,45.04705495311201,$M 2020CAD / k vehicles,NLR manufacturing price (RPE / 1.5); Mid; CER Current Measures,T06,5,5,5,5,5,transport-cost-invest-medium-trucks-e162550e:composite:1:047ed20feabb1ef5
SK,T_MDV_T_DSL_HEV_N,2035,44.680283029573516,$M 2020CAD / k vehicles,NLR manufacturing price (RPE / 1.5); Mid; CER Current Measures,T06,5,5,5,5,5,transport-cost-invest-medium-trucks-e162550e:composite:1:047ed20feabb1ef5
SK,T_MDV_T_DSL_HEV_N,2040,44.60846739087874,$M 2020CAD / k vehicles,NLR manufacturing price (RPE / 1.5); Mid; CER Current Measures,T06,5,5,5,5,5,transport-cost-invest-medium-trucks-e162550e:composite:1:047ed20feabb1ef5
SK,T_MDV_T_DSL_HEV_N,2045,44.536651752183964,$M 2020CAD / k vehicles,NLR manufacturing price (RPE / 1.5); Mid; CER Current Measures,T06,5,5,5,5,5,transport-cost-invest-medium-trucks-e162550e:composite:1:047ed20feabb1ef5
SK,T_MDV_T_DSL_N,2025,41.288421469437736,$M 2020CAD / k vehicles,NLR manufacturing price (RPE / 1.5); Mid; CER Current Measures,T06,5,5,5,5,5,transport-cost-invest-medium-trucks-e162550e:composite:1:047ed20feabb1ef5
SK,T_MDV_T_DSL_N,2030,41.414036669880666,$M 2020CAD / k vehicles,NLR manufacturing price (RPE / 1.5); Mid; CER Current Measures,T06,5,5,5,5,5,transport-cost-invest-medium-trucks-e162550e:composite:1:047ed20feabb1ef5
SK,T_MDV_T_DSL_N,2035,41.175672786150855,$M 2020CAD / k vehicles,NLR manufacturing price (RPE / 1.5); Mid; CER Current Measures,T06,5,5,5,5,5,transport-cost-invest-medium-trucks-e162550e:composite:1:047ed20feabb1ef5
SK,T_MDV_T_DSL_N,2040,41.172870913315975,$M 2020CAD / k vehicles,NLR manufacturing price (RPE / 1.5); Mid; CER Current Measures,T06,5,5,5,5,5,transport-cost-invest-medium-trucks-e162550e:composite:1:047ed20feabb1ef5
SK,T_MDV_T_DSL_N,2045,41.170069040481096,$M 2020CAD / k vehicles,NLR manufacturing price (RPE / 1.5); Mid; CER Current Measures,T06,5,5,5,5,5,transport-cost-invest-medium-trucks-e162550e:composite:1:047ed20feabb1ef5
SK,T_MDV_T_DSL_PHEV_N,2025,70.85664509638025,$M 2020CAD / k vehicles,NLR manufacturing price (RPE / 1.5); Mid; CER Current Measures,T06,5,5,5,5,5,transport-cost-invest-medium-trucks-e162550e:composite:1:047ed20feabb1ef5
SK,T_MDV_T_DSL_PHEV_N,2030,60.5666701749238,$M 2020CAD / k vehicles,NLR manufacturing price (RPE / 1.5); Mid; CER Current Measures,T06,5,5,5,5,5,transport-cost-invest-medium-trucks-e162550e:composite:1:047ed20feabb1ef5
SK,T_MDV_T_DSL_PHEV_N,2035,54.22138541394572,$M 2020CAD / k vehicles,NLR manufacturing price (RPE / 1.5); Mid; CER Current Measures,T06,5,5,5,5,5,transport-cost-invest-medium-trucks-e162550e:composite:1:047ed20feabb1ef5
SK,T_MDV_T_DSL_PHEV_N,2040,51.658562719493986,$M 2020CAD / k vehicles,NLR manufacturing price (RPE / 1.5); Mid; CER Current Measures,T06,5,5,5,5,5,transport-cost-invest-medium-trucks-e162550e:composite:1:047ed20feabb1ef5
SK,T_MDV_T_DSL_PHEV_N,2045,49.09574002504226,$M 2020CAD / k vehicles,NLR manufacturing price (RPE / 1.5); Mid; CER Current Measures,T06,5,5,5,5,5,transport-cost-invest-medium-trucks-e162550e:composite:1:047ed20feabb1ef5
SK,T_MDV_T_FCEV_N,2025,65.59106294226915,$M 2020CAD / k vehicles,NLR manufacturing price (RPE / 1.5); Mid; CER Current Measures,T06,5,5,5,5,5,transport-cost-invest-medium-trucks-e162550e:composite:1:047ed20feabb1ef5
SK,T_MDV_T_FCEV_N,2030,49.87519714083219,$M 2020CAD / k vehicles,NLR manufacturing price (RPE / 1.5); Mid; CER Current Measures,T06,5,5,5,5,5,transport-cost-invest-medium-trucks-e162550e:composite:1:047ed20feabb1ef5
SK,T_MDV_T_FCEV_N,2035,45.38437067065345,$M 2020CAD / k vehicles,NLR manufacturing price (RPE / 1.5); Mid; CER Current Measures,T06,5,5,5,5,5,transport-cost-invest-medium-trucks-e162550e:composite:1:047ed20feabb1ef5
SK,T_MDV_T_FCEV_N,2040,44.456235440781114,$M 2020CAD / k vehicles,NLR manufacturing price (RPE / 1.5); Mid; CER Current Measures,T06,5,5,5,5,5,transport-cost-invest-medium-trucks-e162550e:composite:1:047ed20feabb1ef5
SK,T_MDV_T_FCEV_N,2045,43.528100210908775,$M 2020CAD / k vehicles,NLR manufacturing price (RPE / 1.5); Mid; CER Current Measures,T06,5,5,5,5,5,transport-cost-invest-medium-trucks-e162550e:composite:1:047ed20feabb1ef5
SK,T_MDV_T_FCHEV_N,2025,58.93034653160426,$M 2020CAD / k vehicles,NLR manufacturing price (RPE / 1.5); Mid; CER Current Measures,T06,5,5,5,5,5,transport-cost-invest-medium-trucks-e162550e:composite:1:047ed20feabb1ef5
SK,T_MDV_T_FCHEV_N,2030,46.71509367100195,$M 2020CAD / k vehicles,NLR manufacturing price (RPE / 1.5); Mid; CER Current Measures,T06,5,5,5,5,5,transport-cost-invest-medium-trucks-e162550e:composite:1:047ed20feabb1ef5
SK,T_MDV_T_FCHEV_N,2035,42.59235792865135,$M 2020CAD / k vehicles,NLR manufacturing price (RPE / 1.5); Mid; CER Current Measures,T06,5,5,5,5,5,transport-cost-invest-medium-trucks-e162550e:composite:1:047ed20feabb1ef5
SK,T_MDV_T_FCHEV_N,2040,41.43154062821085,$M 2020CAD / k vehicles,NLR manufacturing price (RPE / 1.5); Mid; CER Current Measures,T06,5,5,5,5,5,transport-cost-invest-medium-trucks-e162550e:composite:1:047ed20feabb1ef5
SK,T_MDV_T_FCHEV_N,2045,40.27072332777032,$M 2020CAD / k vehicles,NLR manufacturing price (RPE / 1.5); Mid; CER Current Measures,T06,5,5,5,5,5,transport-cost-invest-medium-trucks-e162550e:composite:1:047ed20feabb1ef5
SK,T_MDV_T_GSL_N,2025,41.288421469437736,$M 2020CAD / k vehicles,NLR manufacturing price (RPE / 1.5); reviewed gasoline->diesel purchase proxy; Mid; CER Current Measures,T06,5,5,5,5,5,transport-cost-invest-medium-trucks-e162550e:composite:1:047ed20feabb1ef5
SK,T_MDV_T_GSL_N,2030,41.414036669880666,$M 2020CAD / k vehicles,NLR manufacturing price (RPE / 1.5); reviewed gasoline->diesel purchase proxy; Mid; CER Current Measures,T06,5,5,5,5,5,transport-cost-invest-medium-trucks-e162550e:composite:1:047ed20feabb1ef5
SK,T_MDV_T_GSL_N,2035,41.175672786150855,$M 2020CAD / k vehicles,NLR manufacturing price (RPE / 1.5); reviewed gasoline->diesel purchase proxy; Mid; CER Current Measures,T06,5,5,5,5,5,transport-cost-invest-medium-trucks-e162550e:composite:1:047ed20feabb1ef5
SK,T_MDV_T_GSL_N,2040,41.172870913315975,$M 2020CAD / k vehicles,NLR manufacturing price (RPE / 1.5); reviewed gasoline->diesel purchase proxy; Mid; CER Current Measures,T06,5,5,5,5,5,transport-cost-invest-medium-trucks-e162550e:composite:1:047ed20feabb1ef5
SK,T_MDV_T_GSL_N,2045,41.170069040481096,$M 2020CAD / k vehicles,NLR manufacturing price (RPE / 1.5); reviewed gasoline->diesel purchase proxy; Mid; CER Current Measures,T06,5,5,5,5,5,transport-cost-invest-medium-trucks-e162550e:composite:1:047ed20feabb1ef5
